en_lu_id,frame_id,lemma_ar,pos_ar,root,wazn,definition_ar,status_en,note,src_batch
2,5,سَبَّبَ,فعل,سبب,فَعَّلَ,أَحْدَثَ السَّبَب تأثيراً,MAPPED,,01
3,5,السَّبَب,اسم جامد,سبب,فَعَل,ما يُحدِث أثراً أو تغييراً,MAPPED,,01
4,5,صَنَعَ,فعل,صنع,فَعَلَ,أَحْدَثَ شيئاً بقصد,MAPPED,,01
4,5,فَعَلَ,فعل,فعل,فَعَلَ,أَتَى بفعل ما,MAPPED,,01
8591,5,قَادَ,فعل,قود,فَعَلَ,أَدَّى إلى حدوث أمر ما,MAPPED,,01
10844,5,السَّبَب,اسم جامد,سبب,فَعَل,ما يُعلِّل أمراً ما,MAPPED,,01
10916,5,أَرْسَلَ,فعل,رسل,أَفْعَلَ,جَعَلَ شيئاً في حالة معيّنة,MAPPED,,01
11493,5,أَحْدَثَ,فعل,حدث,أَفْعَلَ,جَعَلَ شيئاً يحدُث,MAPPED,,01
11495,5,أَسْرَعَ,فعل,سرع,أَفْعَلَ,جَعَلَ حدثاً يقع فجأة,MAPPED,,01
11716,5,مُسَبِّب,صفة مشبهة,سبب,مُفَعِّل,ما يَكون سبباً,MAPPED,,01
11720,5,جَعَلَ,فعل,جعل,فَعَلَ,صَيَّرَ شيئاً بحالة ما,MAPPED,,01
12012,5,أَتَى,فعل,اتي,أَفْعَلَ,جَعَلَ في حالة معيّنة,MAPPED,,01
12013,5,سَبَّبَ,فعل,سبب,فَعَّلَ,أَدَّى إلى حدوث أمر,MAPPED,,01
12014,5,حَفَّزَ,فعل,حفز,فَعَّلَ,حَمَلَ على فعل ما,MAPPED,,01
12015,5,أَحْدَثَ,فعل,حدث,أَفْعَلَ,سَبَّبَ ضَرَراً عادة,MAPPED,,01
13387,5,وَضَعَ,فعل,وضع,فَعَلَ,جَعَلَ في حالة معيّنة,MAPPED,,01
13417,5,لِأَنَّ,حرف,,,حَرْفُ تعليل يُفيدُ السَّبَب,MAPPED,,01
13419,5,لِأَنَّ,حرف,,,حَرْفُ تعليل,MAPPED,,01
13420,5,بِسَبَب,تركيب,,,حَرْفُ جَرٍّ يُفيدُ التَّعليل,MAPPED,,01
14030,5,رَفَعَ,فعل,رفع,فَعَلَ,جَعَلَ مسموعاً أو ملحوظاً,MAPPED,,01
14329,5,أَسْفَرَ,فعل,سفر,أَفْعَلَ,أَدَّى إلى نتيجة معيّنة,MAPPED,,01
14369,5,عَنَى,فعل,عني,فَعَلَ,كَانَ له تأثير أو نتيجة,MAPPED,,01
14552,5,النَّتيجَة,اسم جامد,نتج,فِعْلَة,ما يترتّب على حدث ما,MAPPED,,01
14847,5,تَرَكَ,فعل,ترك,فَعَلَ,جَعَلَ بحالة معيّنة,MAPPED,,01
14984,5,لِأَنَّ,حرف,,,حَرْفُ تعليل,MAPPED,,01
15046,5,أَدَّى,فعل,ادي,أَفْعَلَ,لِأَجل وُجود سَبَب,MAPPED,,01
15112,5,أَجْبَرَ,فعل,جبر,أَفْعَلَ,حَمَلَ على فعل بالقَهْر,MAPPED,,01
15233,5,سَبَّبَ,فعل,سبب,فَعَّلَ,أَحْدَثَ أو أَنْتَجَ شيئاً,MAPPED,,01
15329,5,حَتَّى,حرف,,,حَرْفٌ يُفيدُ التَّسَبُّب والتّأثير,MAPPED,,01
16910,5,بِسَبَب,تركيب,,,بِفَضْل سَبَب معيّن,MAPPED,,01
16940,5,مَسْؤول,اسم فاعل,سءل,مَفْعول,مَن يتحمّل المَسْؤولية,MAPPED,,01
17002,5,النَّتيجَة,اسم جامد,نتج,فِعْلَة,ما يترتّب على أمر ما,MAPPED,,01
17003,5,النَّاتِج,اسم فاعل,نتج,فَاعِل,ما حَصَلَ نتيجة حدث,MAPPED,,01
17004,5,النَّاتِج,اسم فاعل,نتج,فَاعِل,ما نَتَجَ عن حدث سابق,MAPPED,,01
17005,5,النَّاتِج,اسم فاعل,نتج,فَاعِل,ما نَتَجَ بشكل غير مباشر,MAPPED,,01
17006,5,النَّاتِج,اسم فاعل,نتج,فَاعِل,ما نَتَجَ عن حدث سابق,MAPPED,,01
17071,5,يَملي,فعل,ملي,يَفْعَل,يَتَحَكَّمُ في أمر ما,MAPPED,,01
18486,5,حَفَّزَ,فعل,حفز,فَعَّلَ,وَفَّرَ حَافِزاً لفعل,MAPPED,,01
18487,5,أَثَّرَ,فعل,اثر,أَفْعَلَ,غَيَّرَ الرَّأي أو الفِعْل,MAPPED,,01
18706,5,الإِرْث,اسم جامد,ورث,فِعْل,ما يَبْقَى كنتيجة استعارة,MAPPED,,01
18706,5,الآثَار,اسم جامد,اثر,أَفْعَال,النَّتَائِج المتبقّية,MAPPED,,01
5,6,تَوَاصَلَ,فعل,وصل,تَفَاعَلَ,نَقَلَ الرسالة لآخر,MAPPED,,01
4630,6,الكَلام,اسم جامد,كلم,فَعَال,قُدْرَةُ النطق والتحدّث,MAPPED,,01
10151,6,أَشَارَ,فعل,شير,أَفْعَلَ,أَظْهَرَ أو أَبَانَ عن شيء,MAPPED,,01
10152,6,أَشَارَ,فعل,شير,أَفْعَلَ,أَعْطَى إشَارَة لآخر,MAPPED,,01
13211,6,التَّوَاصُل,مصدر,وصل,تَفَاعُل,فِعْلُ نقل الرسالة,MAPPED,,01
13212,6,الرسالة,اسم جامد,رسل,فِعْلَة,ما يُنقَلُ من معلومات,MAPPED,,01
13270,6,الاتصال,مصدر,اتص,افْتِعَال,التواصل أو الصلة,MAPPED,,01
13272,6,كَلِمَة سِرّ,تركيب,,,كلمة تحفظ السِّرّ,MAPPED,,01
13326,6,كَلِمَة السِّرّ,تركيب,,,عبارة سريّة للدخول,MAPPED,,01
13698,6,نَقَلَ,فعل,نقل,فَعَلَ,أَوْصَلَ فكرة أو شعوراً,MAPPED,,01
15315,6,قَالَ,فعل,قول,فَعَلَ,نَقَلَ الرسالة لسانياً,MAPPED,,01
17374,6,شَارَكَ,فعل,شرك,فَاعَلَ,نَقَلَ معلومة لآخر,MAPPED,,01
6,7,تَحَرَّكَ,فعل,حرك,تَفَعَّلَ,انتقل من مكان إلى آخر,MAPPED,,01
4345,7,ذَهَبَ,فعل,ذهب,فَعَلَ,انتقل من مكان إلى آخر,MAPPED,,01
6164,7,انْجَرَفَ,فعل,جرف,انْفَعَلَ,حُمِلَ ببطء بتيّار,MAPPED,,01
6166,7,انْزَلَقَ,فعل,زلق,انْفَعَلَ,تَحَرَّكَ بسلاسة وهدوء,MAPPED,,01
6168,7,هَبَّتْ,فعل,هبب,فَعَّلَ,حُمِلَتْ بالريح,MAPPED,,01
6261,7,طَافَ,فعل,طيف,فَاعَ,عَامَ فوق السائل أو الهواء,MAPPED,,01
6262,7,انْزَلَقَ,فعل,زلق,انْفَعَلَ,تَحَرَّكَ بسهولة بدون جهد,MAPPED,,01
6263,7,تَدَحْرَجَ,فعل,درج,تَفَعْلَلَ,دَارَ حول محور,MAPPED,,01
6265,7,حَلَّقَ,فعل,حلق,فَعَّلَ,طَارَ عالياً,MAPPED,,01
6268,7,طَارَ,فعل,طير,فَاعَ,انطلق سريعاً في الهواء,MAPPED,,01
10922,7,انْزَلَقَ,فعل,زلق,انْفَعَلَ,انْجَرَفَ على سطح أملس,MAPPED,,01
12971,7,انْحَرَفَ,فعل,حرف,انْفَعَلَ,حَادَ عن المسار المستقيم,MAPPED,,01
12972,7,تَلَوَّى,فعل,لوي,تَفَعَّلَ,تَحَرَّكَ بحركة متعرجة,MAPPED,,01
12973,7,اِنْعَطَفَ,فعل,عطف,انْفَعَلَ,سَار بمسار متعرّج,MAPPED,,01
12974,7,تَمَوَّجَ,فعل,موج,تَفَعَّلَ,تَحَرَّكَ بحركة موجية,MAPPED,,01
12975,7,تَعَرَّجَ,فعل,عرج,تَفَعَّلَ,تَحَرَّكَ جنباً إلى جنب,MAPPED,,01
12976,7,التَّفَّ,فعل,لفف,افْتَعَلَ,سَار بمسار ملتويّ,MAPPED,,01
12977,7,تَعَرَّجَ,فعل,عرج,تَفَعَّلَ,تَقَدَّمَ بحركة متناوبة,MAPPED,,01
12980,7,دَارَ,فعل,دور,فَاعَ,تَحَرَّكَ بشكل دائري,MAPPED,,01
12981,7,التَّفَّ,فعل,لفف,افْتَعَلَ,سَار بمسار حلزوني,MAPPED,,01
12991,7,تَأَرْجَحَ,فعل,رجح,تَفَعْلَلَ,تَحَرَّكَ بسرعة بتغيير اتجاه,MAPPED,,01
15450,7,سَافَرَ,فعل,سفر,فَاعَلَ,انتقل من مكان لآخر,MAPPED,,01
17500,7,جَاءَ,فعل,جيء,فَاعَ,اقْتَرَبَ من المتكلم,MAPPED,,01
8,11,النُّسْخَة,اسم جامد,نسخ,فِعْلَة,نسخة مطابقة لأصل,MAPPED,,01
9,11,النُّسْخَة,اسم جامد,نسخ,فِعْلَة,شيء مصنوع مطابقاً لآخر,MAPPED,,01
10,11,نَسَخَ,فعل,نسخ,فَعَلَ,صَنَعَ نسخة من شيء,MAPPED,,01
11,11,النُّسْخَة,اسم جامد,نسخ,فِعْلَة,واحد من نسختين متطابقتين,MAPPED,,01
12,11,ضَاعَفَ,فعل,ضعف,فَاعَلَ,صَنَعَ نسخة مطابقة,MAPPED,,01
13,11,الصورة الضوئية,تركيب,,,نسخة بطريقة ضوئية,MAPPED,,01
14,11,صَوَّرَ ضوئياً,تركيب,,,صَنَعَ نسخة ضوئية,MAPPED,,01
15,11,كَرَّرَ,فعل,كرر,فَعَّلَ,كَرَّرَ أو نَسَخَ مرة أخرى,MAPPED,,01
16,11,كَرَّرَ,فعل,كرر,فَعَّلَ,صَنَعَ نسخة مطابقة,MAPPED,,01
17,11,أَعَادَ الإِنْتَاج,تركيب,,,أَنْتَجَ نسخة من الأصل,MAPPED,,01
5816,11,النُّسْخَة,اسم جامد,نسخ,فِعْلَة,نسخة مطابقة دقيقة,MAPPED,,01
5817,11,المضاعفة,مصدر,ضعف,افْتِعَال,فِعْلُ صَنْعِ نسخة,MAPPED,,01
14101,11,طَبَعَ,فعل,طبع,فَعَلَ,أَنْتَجَ نسخة بآلة,MAPPED,,01
17430,11,اِسْتَنْسَخَ,فعل,نسخ,اسْتَفْعَلَ,أَنْتَجَ نسخة مطابقة,MAPPED,,01
21,12,زَيَّفَ,فعل,زيف,فَعَّلَ,حَاكَى بقصد الخداع,MAPPED,,01
25,12,تَظَاهَرَ,فعل,ظهر,تَفَاعَلَ,حَاكَى شيئاً بقصد الإِيهَام,MAPPED,,01
28,12,تَظَاهَرَ,فعل,ظهر,تَفَاعَلَ,أَظْهَرَ تأثيراً مزيفاً,MAPPED,,01
4444,12,تَمَثَّلَ,فعل,مثل,تَفَعَّلَ,قَدَّمَ تمثيلاً مزيفاً,MAPPED,,01
13014,12,تَظَاهَرَ,فعل,ظهر,تَفَاعَلَ,ادَّعَى امتلاك صِفَة,MAPPED,,01
13020,12,تَظَاهَرَ,فعل,ظهر,تَفَاعَلَ,أَظْهَرَ ما ليس حقيقياً,MAPPED,,01
13021,12,حَاكَى,فعل,حكي,فَاعَلَ,أَظْهَرَ تشابهاً مزيفاً,MAPPED,,01
38,13,اِتَّحَدَ,فعل,حود,افْتَعَلَ,اجْتَمَعَ مع آخر لتكوين كل,MAPPED,,01
39,13,جَمَعَ,فعل,جمع,فَعَلَ,أَجْمَعَ أشياء معاً,MAPPED,,01
40,13,رَبَطَ,فعل,ربط,فَعَلَ,صَهَرَ أجزاء لتكوين واحد,MAPPED,,01
41,13,وَصَلَ,فعل,وصل,فَعَلَ,رَبَطَ شيئين معاً,MAPPED,,01
42,13,امْتَزَجَ,فعل,مزج,افْتَعَلَ,أَدْمَجَ أشياء في واحد,MAPPED,,01
43,13,وَحَّدَ,فعل,وحد,فَعَّلَ,جَعَلَ متحدة أو متساوية,MAPPED,,01
44,13,اِتَّحَدَ,فعل,حود,افْتَعَلَ,اجْتَمَعَ لتكوين كل,MAPPED,,01
4832,13,امْتَزَجَ,فعل,مزج,افْتَعَلَ,امْتَزَجَ شيء بآخر,MAPPED,,01
4833,13,خَلَطَ,فعل,خلط,فَعَلَ,خَلَطَ شيئاً بآخر,MAPPED,,01
4834,13,امْتَزَجَ,فعل,مزج,افْتَعَلَ,اختلط الأشياء معاً,MAPPED,,01
4835,13,امْتَزَجَ,فعل,مزج,افْتَعَلَ,اختلط بشكل متبادل,MAPPED,,01
5308,13,خَلَطَ,فعل,خلط,فَعَلَ,جَمَعَ أشياء في واحد,MAPPED,,01
9289,13,جَمَعَ,فعل,جمع,فَعَلَ,وَضَعَ في كتلة واحدة,MAPPED,,01
12060,13,جَمَعَ,فعل,جمع,فَعَلَ,اجْتَمَعَ بأشياء,MAPPED,,01
12061,13,اِتَّحَدَ,فعل,حود,افْتَعَلَ,اجْتَمَعَ معاً,MAPPED,,01
12062,13,خَلَطَ,فعل,خلط,فَعَلَ,امْزَجَ مكونات معاً,MAPPED,,01
12063,13,دَمَجَ,فعل,دمج,فَعَلَ,جَمَعَ في واحد,MAPPED,,01
12064,13,دَعَّمَ,فعل,دعم,فَعَّلَ,جَعَلَ أقوى بالاجتماع,MAPPED,,01
12065,13,ذَابَ,فعل,ذوب,فَاعَ,ذَوَّبَ معادن معاً,MAPPED,,01
12080,13,خَلَطَ,فعل,خلط,فَعَلَ,خَلَطَ بشيء آخر,MAPPED,,01
12081,13,خَلَطَ,فعل,خلط,فَعَلَ,خَلَطَ بطريقة مربكة,MAPPED,,01
12082,13,زَوَّجَ,فعل,زوج,فَعَّلَ,جَمَعَ شيئين في زوج,MAPPED,,01
12083,13,جَمَعَ,فعل,جمع,فَعَلَ,ضَمَّ أشياء معاً,MAPPED,,01
16438,13,دَمَجَ,فعل,دمج,فَعَلَ,أَضَافَ بلطف إلى آخر,MAPPED,,01
17098,13,الاندماج,مصدر,دمج,افْتِعَال,فِعْلُ دَمْجِ كائنين,MAPPED,,01
17099,13,التَّوليفة,مصدر,وليف,افْتِعَال,نتيجة الجمع أو الدمج,MAPPED,,01
56,15,قَسَّمَ,فعل,قسم,فَعَّلَ,قَطَعَ إلى نصفين,MAPPED,,01
57,15,قَسَّمَ,فعل,قسم,فَعَّلَ,فَصَلَ إلى أجزاء,MAPPED,,01
58,15,فَصَلَ,فعل,فصل,فَعَلَ,انفصل أو افترق,MAPPED,,01
59,15,قَسَّمَ,فعل,قسم,فَعَّلَ,فَصَلَ إلى أقسام,MAPPED,,01
60,15,قَسَّمَ,فعل,قسم,فَعَّلَ,قَسَّمَ إلى أقسام,MAPPED,,01
61,15,قَسَّمَ,فعل,قسم,فَعَّلَ,فَصَلَ إلى أجزاء,MAPPED,,01
62,15,عَزَلَ,فعل,عزل,فَعَلَ,فَصَلَ عن الآخرين,MAPPED,,01
63,15,فَصَلَ,فعل,فصل,فَعَلَ,قَسَّمَ إلى أجزاء,MAPPED,,01
64,15,انْقَسَمَ,فعل,قسم,انْفَعَلَ,قَسَّمَ إلى أجزاء,MAPPED,,01
13640,15,القِسْمَة,مصدر,قسم,فِعْلَة,فِعْلُ التَّقْسِيم,MAPPED,,01
15617,15,قَطَعَ,فعل,قطع,فَعَلَ,فَصَلَ بالقطع,MAPPED,,01
109,17,قَبَضَ,فعل,قبض,فَعَلَ,أَمْسَكَ بقوة باليد,MAPPED,,01
110,17,خَدَشَ,فعل,خدش,فَعَلَ,حَاوَلَ تحريك بالمخالب,MAPPED,,01
111,17,قَبَضَ,فعل,قبض,فَعَلَ,أَمْسَكَ وأَحْكَمَ,MAPPED,,01
112,17,لَمَسَ,فعل,لمس,فَعَلَ,لَمَسَ بالأصابع,MAPPED,,01
113,17,قَبَضَ,فعل,قبض,فَعَلَ,أَمْسَكَ فجأة وبقوة,MAPPED,,01
114,17,قَبَضَ,فعل,قبض,فَعَلَ,أَمْسَكَ بقوة,MAPPED,,01
115,17,أَمْسَكَ,فعل,امسك,أَفْعَلَ,أَحْكَمَ الإِمْسَاك,MAPPED,,01
116,17,عَجَنَ,فعل,عجن,فَعَلَ,عَامَلَ باليد,MAPPED,,01
117,17,دَلَّكَ,فعل,دلك,فَعَّلَ,فَرَكَ للتخفيف,MAPPED,,01
118,17,نَشَرَ,فعل,نشر,فَعَلَ,قَرَصَ أو عَصَرَ,MAPPED,,01
119,17,دَفَعَ,فعل,دفع,فَعَلَ,لَكَمَ بلطف,MAPPED,,01
120,17,خَدَشَ,فعل,خدش,فَعَلَ,لَمَسَ أو حَكَّ,MAPPED,,01
121,17,قَرَصَ,فعل,قرص,فَعَلَ,عَصَرَ باليد,MAPPED,,01
122,17,جَذَبَ,فعل,جذب,فَعَلَ,شَدَّ نحو الذات,MAPPED,,01
123,17,دَفَعَ,فعل,دفع,فَعَلَ,شَدَّ بعيداً عن الذات,MAPPED,,01
124,17,أَمْسَكَ,فعل,امسك,أَفْعَلَ,قَبَضَ بسرعة وقوة,MAPPED,,01
125,17,عَصَرَ,فعل,عصر,فَعَلَ,ضَغَطَ من جميع الجوانب,MAPPED,,01
126,17,جَذَبَ,فعل,جذب,فَعَلَ,شَدَّ بقوة فجأة,MAPPED,,01
127,17,لَفَّ,فعل,لفف,فَعَّلَ,فَتَلَ بحركة صغيرة,MAPPED,,01
128,17,عَصَرَ,فعل,عصر,فَعَلَ,لَوَى بقوة,MAPPED,,01
129,17,جَذَبَ,فعل,جذب,فَعَلَ,شَدَّ بقوة وفجأة,MAPPED,,01
4881,17,عَبِثَ,فعل,عبث,فَعِلَ,تَحَرَّكَ باليد بشكل عشوائي,MAPPED,,01
4882,17,لَمَسَ,فعل,لمس,فَعَلَ,بَحَثَ بحركات عشوائية,MAPPED,,01
8189,17,الضربة,اسم جامد,ضرب,فَعْلَة,حركة اليد برفق,MAPPED,,01
8190,17,فَرَكَ,فعل,فرك,فَعَلَ,طَبَّقَ ضغطاً متكرراً,MAPPED,,01
9197,17,قَبَضَ,فعل,قبض,فَعَلَ,أَمْسَكَ بقوة,MAPPED,,01
10910,17,السَّحْبَة,مصدر,سحب,فَعْلَة,فِعْلُ شَدِّ شيء,MAPPED,,01
11002,17,لَحِسَ,فعل,لحس,فَعِلَ,مَرَّ اللِّسَان عليه,MAPPED,,01
11003,17,لَمَسَ,فعل,لمس,فَعَلَ,أَتَى بجسم بتلامس,MAPPED,,01
11004,17,قَبَّلَ,فعل,قبل,فَعَّلَ,لَمَسَ بالشفاه,MAPPED,,01
11005,17,لَاطَفَ,فعل,لطف,فَاعَلَ,لَمَسَ برفق وحب,MAPPED,,01
11006,17,المُلاطفة,مصدر,لطف,افْتِعَال,لَمْسَة حانية,MAPPED,,01
11010,17,مَسَحَ,فعل,مسح,فَعَلَ,مَرَّ اليد برفق,MAPPED,,01
12787,17,عَبِثَ,فعل,عبث,فَعِلَ,أَجْرَى تلاعباً,MAPPED,,01
15043,17,أَمْسَكَ,فعل,امسك,أَفْعَلَ,أَحْكَمَ الإِمْسَاك,MAPPED,,01
15086,17,دَغْدَغَ,فعل,دغدغ,فَعْلَلَ,لَمَسَ بطريقة تُضحك,MAPPED,,01
15647,17,أَمْسَكَ,فعل,امسك,أَفْعَلَ,حَمَلَ البضاعة,MAPPED,,01
17684,17,القُبْلَة,اسم جامد,قبل,فِعْلَة,لَمْسَة بالشفاه,MAPPED,,01
18202,17,طَعَنَ,فعل,طعن,فَعَلَ,لَمَسَ بقوة بشيء رفيع,MAPPED,,01
130,18,انْحَنَى,فعل,حني,انْفَعَلَ,تَوَضَّعَ في وضع منحني,MAPPED,,01
131,18,قَفَزَ,فعل,قفز,فَعَلَ,انْخَفَضَ بثني الركبتين,MAPPED,,01
132,18,انْحَنَى,فعل,حني,انْفَعَلَ,انْثَنَى الكتفان,MAPPED,,01
133,18,التَّفَّ,فعل,لفف,افْتَعَلَ,حَنَى الجسد في مساحة صغيرة,MAPPED,,01
134,18,سَجَدَ,فعل,سجد,فَعَلَ,وضع الركبة على الأرض,MAPPED,,01
135,18,انْحَنَى,فعل,حني,انْفَعَلَ,اتَّخَذَ وضعاً مائلاً,MAPPED,,01
136,18,اسْتَلْقَى,فعل,لقي,افْتَعَلَ,اسْتَرْخَى بشكل أفقي,MAPPED,,01
137,18,جَلَسَ,فعل,جلس,فَعَلَ,اتَّخَذَ وضع الجلوس,MAPPED,,01
138,18,انْحَنَى,فعل,حني,انْفَعَلَ,وقف أو جلس بكسل,MAPPED,,01
139,18,تَمَدَّدَ,فعل,مدد,تَفَعَّلَ,مَدَّ الأطراف عشوائياً,MAPPED,,01
140,18,اِسْتَقْعَدَ,فعل,قعد,افْتَعَلَ,جَلَسَ منخفضاً,MAPPED,,01
141,18,وَقَفَ,فعل,وقف,فَعَلَ,اتَّخَذَ وضع الوقوف,MAPPED,,01
142,18,انْحَنَى,فعل,حني,انْفَعَلَ,ثَنَى الجسد للأمام,MAPPED,,01
5362,18,مُنْحَنٍ,اسم فاعل,حني,مُفْعَل,له انحناء حاد,MAPPED,,01
5363,18,قَاعِد,اسم فاعل,قعد,فَاعِل,في وضع انخفاض,MAPPED,,01
5364,18,مُلْتَفّ,اسم فاعل,لفف,مُفْتَعِل,أطرافه مطويّة,MAPPED,,01
5365,18,مُنْحَنٍ,اسم فاعل,حني,مُفْعَل,الظهر والكتفان منحنيان,MAPPED,,01
9420,18,مُتَمَدِّد,اسم فاعل,مدد,مُتَفَعِّل,الأطراف مبسوطة,MAPPED,,01
9421,18,مُنْحَنٍ,اسم فاعل,حني,مُفْعَل,في وضع كسل,MAPPED,,01
9422,18,جَالِس,اسم فاعل,جلس,فَاعِل,في وضع الجلوس,MAPPED,,01
10356,18,الوضعية,اسم جامد,وضع,فَعْلَة,وضع الجسم المعيّن,MAPPED,,01
10357,18,الموقف,اسم جامد,وقف,فِعْل,طريقة الوقوف المعيّنة,MAPPED,,01
10871,18,الوضعية,اسم جامد,وضع,فَعْلَة,كيف يوضع شيء ما,MAPPED,,01
16554,18,انْكَمَشَ,فعل,كمش,انْفَعَلَ,تَقَوَّسَ للحماية,MAPPED,,01
17149,18,انْكَمَشَ,فعل,كمش,انْفَعَلَ,تَقَلَّصَ الجسد,MAPPED,,01
147,19,وَاعٍ,صفة مشبهة,وعي,فَاعِل,لديه معرفة بشيء,MAPPED,,01
148,19,الوعي,مصدر,وعي,فِعْل,القدرة على الإِدْراك,MAPPED,,01
150,19,آمَنَ,فعل,امن,فَعَلَ,أَيْقَنَ بصحة أمر,MAPPED,,01
151,19,فَهِمَ,فعل,فهم,فَعِلَ,عَقَلَ معنى أمر ما,MAPPED,,01
152,19,الفَهْم,مصدر,فهم,فِعْل,القدرة على العقل,MAPPED,,01
153,19,تَصَوَّرَ,فعل,صور,تَفَعَّلَ,ابْتَكَرَ في الذهن,MAPPED,,01
154,19,التَّصَوُّر,مصدر,صور,تَفَعُّل,كيف يُدْرَكُ شيء ما,MAPPED,,01
155,19,مُدْرِك,اسم فاعل,درك,مُفْعِل,لديه وعي بشيء,MAPPED,,01
156,19,الحَدْس,مصدر,حدس,فَعْل,شعور بناءً على حدس,MAPPED,,01
157,19,تَخَيَّلَ,فعل,خيل,تَفَعَّلَ,شَكَّلَ صورة عقلية,MAPPED,,01
160,19,عَرَفَ,فعل,عرف,فَعَلَ,أَدْرَكَ بالملاحظة,MAPPED,,01
161,19,المعرفة,مصدر,عرف,افْتِعَال,الإِلْمَام بالحقائق,MAPPED,,01
162,19,عَالِم,صفة مشبهة,علم,فَاعِل,مُطَّلِع وعارف,MAPPED,,01
163,19,افْتَرَضَ,فعل,فرض,افْتَعَلَ,افْتَرَضَ بدون إثبات,MAPPED,,01
164,19,الافْتِراض,مصدر,فرض,افْتِعَال,ظَنّ بدون إثبات,MAPPED,,01
165,19,ظَنَّ,فعل,ظنن,فَعَّلَ,اعْتَقَدَ رأياً ما,MAPPED,,01
166,19,الافْتِراض,مصدر,فرض,افْتِعَال,فَرْضِيَّة أو توقع,MAPPED,,01
167,19,اِشْتَبَهَ,فعل,شبه,افْتَعَلَ,ظَنَّ احتمالية أمر,MAPPED,,01
168,19,الريبة,اسم جامد,ريب,فِعْلَة,ظَنّ بأمر ما,MAPPED,,01
169,19,فَكَّرَ,فعل,فكر,فَعَّلَ,تَبِعَ اعْتِقَاداً ما,MAPPED,,01
170,19,الفِكْر,مصدر,فكر,فِعْل,العملية العقلية أو النتيجة,MAPPED,,01
171,19,فَهِمَ,فعل,فهم,فَعِلَ,أَدْرَكَ السَّبَب والمعنى,MAPPED,,01
172,19,الفَهْم,مصدر,فهم,فِعْل,القدرة على العقل,MAPPED,,01
10862,19,الجَهْل,مصدر,جهل,فِعْل,عدم المعرفة,MAPPED,,01
11315,19,الوعي,مصدر,وعي,فِعْل,الإِدْراك الذاتي,MAPPED,,01
12691,19,مُدْرِك,اسم فاعل,درك,مُفْعِل,تَماماً واعٍ,MAPPED,,01
13765,19,مَجْهول,اسم مفعول,جهل,مَفْعول,غير معروف أو مألوف,MAPPED,,01
17321,19,الفِكْرَة,اسم جامد,فكر,فِعْلَة,خاطر لسبيل عمل,MAPPED,,01
173,20,اكْتَشَفَ,فعل,كشف,اِفْتَعَلَ,عَثَرَ الْمُدْرِكُ عَلَىٰ حَقِيقَة,MAPPED,,02
174,20,اكْتِشاف,مصدر,كشف,اِفْتِعال,عَمَليَّةُ الْعُثورِ عَلَىٰ شَيْء,MAPPED,,02
175,20,وَجَدَ,فعل,وجد,فَعَلَ,أَدْرَكَ الْمُدْرِكُ وُجودَ شَيْء,MAPPED,,02
176,20,لاحَظَ,فعل,لحظ,فَاعَلَ,انْتَبَهَ الشَّخْصُ إِلَىٰ شَيْء,MAPPED,,02
177,20,لاحَظَ,فعل,لحظ,فَاعَلَ,شَعَرَ الْمُدْرِكُ بِحُضورِ ظَاهِرَة,MAPPED,,02
178,20,عَرَفَ,فعل,عرف,فَعَلَ,أَدْرَكَ الْمُدْرِكُ كِيَانًا سَبَقَتْ مَعْرِفَتُهُ بِهِ,MAPPED,,02
179,20,أَدْرَكَ,فعل,درك,أَفْعَلَ,شَعَرَ الشَّخْصُ بِحَقِيقَة,MAPPED,,02
4070,20,رَمَقَ,فعل,رمق,فَعَلَ,رَأَىٰ الْمُدْرِكُ شَيْئًا بِصُعوبَة,MAPPED,,02
4071,20,رَأَىٰ,فعل,رأي,فَعَلَ,لاحَظَ الْمُدْرِكُ كِيَانًا,MAPPED,,02
4072,20,شَخَصَ,فعل,خصص,فَعَلَ,رَأَىٰ الشَّخْصُ شَيْئًا بِنَظَر,MAPPED,,02
4073,20,تَمَيَّزَ,فعل,ميز,تَفَعَّلَ,فَهِمَ الْمُدْرِكُ ظَاهِرَةً بِوَضوح,MAPPED,,02
7465,20,عَيَّنَ,فعل,عين,فَعَّلَ,حَدَّدَ الشَّخْصُ مَكانَ شَيْء,MAPPED,,02
8191,20,لاحَظَ,فعل,لحظ,فَاعَلَ,انْتَبَهَ الْمُدْرِكُ إِلَىٰ شَيْء,MAPPED,,02
9871,20,اسْتَكْشَفَ,فعل,كشف,اسْتَفْعَلَ,بَحَثَ الشَّخْصُ بِغَرَضِ رُؤْيَة,MAPPED,,02
11931,20,صَادَفَ,فعل,صدف,فَاعَلَ,الْتَقَىٰ الْمُدْرِكُ بِشَيْءٍ بِالصُّدْفَة,MAPPED,,02
11933,20,الْتَقَىٰ,فعل,لقي,فَاعَلَ,وَجَدَ الْمُدْرِكُ شَيْئًا بِالْمُصادفَة,MAPPED,,02
11934,20,عَثَرَ,فعل,عثر,فَعَلَ,أَدْرَكَ الْمُدْرِكُ ظَاهِرَةً جَدِيدَة,MAPPED,,02
11935,20,الْتَقَىٰ,فعل,لقي,فَاعَلَ,صَادَفَ الشَّخْصُ كِيَانًا,MAPPED,,02
11936,20,اكْتَشَفَ,فعل,كشف,اِفْتَعَلَ,حَدَّدَ وُجودَ ظَاهِرَة,MAPPED,,02
11937,20,الْتَقَىٰ,فعل,لقي,فَاعَلَ,قَابَلَ الْمُدْرِكُ ظَاهِرَةً بِشَكْلٍ غَيْرِ مُتَوَقَّع,MAPPED,,02
11939,20,وَقَعَ,فعل,وقع,فَعَلَ,صَادَفَتْ عَيْنا الْمُدْرِكِ ظَاهِرَة,MAPPED,,02
11940,20,صَادَفَ,فعل,صدف,فَاعَلَ,عَثَرَ الشَّخْصُ عَلَىٰ شَيْءٍ,MAPPED,,02
11941,20,عَلِمَ,فعل,علم,فَعِلَ,اِتَّصَلَتْ بِالْمُدْرِكِ مَعْلومَة,MAPPED,,02
11942,20,لاحَظَ,فعل,لحظ,فَاعَلَ,رَقِبَ الْمُدْرِكُ ظَاهِرَةً بِانْتِباه,MAPPED,,02
11943,20,شَعَرَ,فعل,شعر,فَعَلَ,أَصْبَحَ الْمُدْرِكُ وَاعِيًا بِشَيْء,MAPPED,,02
11949,20,اكْتَشَفَ,فعل,كشف,اِفْتَعَلَ,تَعَرَّفَ الشَّخْصُ عَلَىٰ حَقِيقَة,MAPPED,,02
15350,20,شَعَرَ,فعل,شعر,فَعَلَ,مَيَّزَ الْمُدْرِكُ شَيْئًا بِإِحْدَىٰ حَوَاسّ,MAPPED,,02
16642,20,وَجَدَ,فعل,وجد,فَعَلَ,اِكْتَشَفَ الشَّخْصُ نَفْسَهُ فِي حالَة,MAPPED,,02
180,21,تَصْنِيف,مصدر,صنف,تَفْعِيل,عَمَليَّةُ وَضْعِ الشَّيْءِ فِي صِنْف,MAPPED,,02
181,21,صَنَّفَ,فعل,صنف,فَعَّلَ,وَضَعَ الْمُدْرِكُ الْعُنْصُرَ فِي صِنْف,MAPPED,,02
184,21,صَنَّفَ,فعل,صنف,فَعَّلَ,اعْتَبَرَ الشَّخْصُ الشَّيْءَ مِنْ صِنْف,MAPPED,,02
185,21,تَصْنِيف,مصدر,صنف,تَفْعِيل,الصِّنْفُ الَّذِي يُنْتَمِي إِلَيْهِ الشَّيْء,MAPPED,,02
186,21,صَنَّفَ,فعل,صنف,فَعَّلَ,نَسَبَ الْمُدْرِكُ الشَّيْءَ إِلَىٰ صِنْف,MAPPED,,02
187,21,فَسَّرَ,فعل,فسر,فَعَّلَ,فَهِمَ الشَّخْصُ الشَّيْءَ بِطَرِيقَة,MAPPED,,02
194,21,فَسَّرَ,فعل,فسر,فَعَّلَ,أَعْطَىٰ الْمُدْرِكُ الشَّيْءَ مَعْنًىٰ,MAPPED,,02
195,21,تَفْسِير,مصدر,فسر,تَفْعِيل,الْمَعْنَىٰ الَّذِي أُعْطِيَ لِلشَّيْء,MAPPED,,02
196,21,اعْتَبَرَ,فعل,عبر,اِفْتَعَلَ,نَظَرَ الْمُدْرِكُ إِلَىٰ الشَّيْءِ,MAPPED,,02
200,21,اعْتَبَرَ,فعل,عبر,اِفْتَعَلَ,نَظَرَ الْمُدْرِكُ إِلَىٰ الشَّيْءِ,MAPPED,,02
204,21,فَسَّرَ,فعل,فسر,فَعَّلَ,فَهِمَ الشَّخْصُ مَعْنًىٰ مُحَدَّدًا,MAPPED,,02
8201,21,اعْتَبَرَ,فعل,عبر,اِفْتَعَلَ,حَسَبَ الشَّخْصُ الشَّيْءَ مُمْتَلِكًا,MAPPED,,02
8202,21,صَنَّفَ,فعل,صنف,فَعَّلَ,وَضَعَ الشَّخْصُ الشَّيْءَ فِي فِئَة,MAPPED,,02
8203,21,حَشَرَ,فعل,حشر,فَعَلَ,حَدَّدَ الشَّخْصُ مَكانَ الشَّيْء,MAPPED,,02
8601,21,قَالَبَ,فعل,قالب,فَاعَلَ,نَظَرَ الْمُدْرِكُ إِلَىٰ الشَّيْء,MAPPED,,02
8602,21,قَالَبَ,فعل,قالب,فَاعَلَ,اعْتَبَرَ الشَّخْصُ الشَّيْءَ مُطَابِقًا,MAPPED,,02
8980,21,فَهِمَ,فعل,فهم,فَعِلَ,فَسَّرَ الْمُدْرِكُ الشَّيْءَ بِطَرِيقَة,MAPPED,,02
8992,21,تَصَوَّرَ,فعل,صور,تَفَعَّلَ,صَنَّفَ الشَّخْصُ الشَّيْءَ عَقْلِيًّا,MAPPED,,02
10819,21,اعْتَبَرَ,فعل,عبر,اِفْتَعَلَ,حَكَمَ الْمُدْرِكُ عَلَىٰ الشَّيْء,MAPPED,,02
11114,21,عَرَّفَ,فعل,عرف,فَعَّلَ,مَيَّزَ الشَّخْصُ خَصائِصَ الشَّيْء,MAPPED,,02
11759,21,نَظَرَ,فعل,نظر,فَعَلَ,اعْتَبَرَ الْمُدْرِكُ الشَّيْءَ,MAPPED,,02
12010,21,أَصْبَحَ,فعل,صبح,أَفْعَلَ,أَعْلَنَ الشَّخْصُ انْتِماءَ الشَّيْء,MAPPED,,02
12011,21,اعْتَبَرَ,فعل,عبر,اِفْتَعَلَ,رَأَىٰ الْمُدْرِكُ الشَّيْءَ,MAPPED,,02
13516,21,صَنَّفَ,فعل,صنف,فَعَّلَ,أَدْرَكَ الشَّخْصُ الشَّيْءَ,MAPPED,,02
13643,21,اعْتَبَرَ,فعل,عبر,اِفْتَعَلَ,حَكَمَ الْمُدْرِكُ عَلَىٰ الشَّيْء,MAPPED,,02
15671,21,صَنَّفَ,فعل,صنف,فَعَّلَ,اعْتَبَرَ الشَّخْصُ الشَّيْءَ عُضْوًا,MAPPED,,02
15711,21,فَسَّرَ,فعل,فسر,فَعَّلَ,فَهِمَ الْمُدْرِكُ الشَّيْءَ,MAPPED,,02
16925,21,صِنْف,اسم جامد,صنف,فِعْل,التَّصْنِيفاتُ الَّتِي تَشْتَرِكُ,MAPPED,,02
205,22,تَفَكَّرَ,فعل,فكر,تَفَعَّلَ,فَكَّرَ الشَّخْصُ بِحُزْن,MAPPED,,02
206,22,تَدَبَّرَ,فعل,دبر,تَفَعَّلَ,أَخَذَ الْمُدْرِكُ فِي الْحِسابِ,MAPPED,,02
207,22,تَدَبُّر,مصدر,دبر,تَفَعُّل,التَّفْكِيرُ الْعَمِيقُ فِي شَيْء,MAPPED,,02
208,22,تَأَمَّلَ,فعل,أمل,تَفَعَّلَ,فَكَّرَ الشَّخْصُ بِعُمْق,MAPPED,,02
209,22,تَأَمُّل,مصدر,أمل,تَفَعُّل,التَّفْكِيرُ العَمِيقُ فِي الشَّيْء,MAPPED,,02
210,22,تَرَوَّىٰ,فعل,روي,تَفَعَّلَ,فَكَّرَ الْمُدْرِكُ بِعِنايَة,MAPPED,,02
211,22,تَرَوِّي,مصدر,روي,تَفَعُّل,التَّفْكِيرُ الطَّوِيلُ الْعَمِيق,MAPPED,,02
212,22,أَطالَ,فعل,طول,أَفْعَلَ,تَحَدَّثَ الشَّخْصُ بِتَفْصِيل,MAPPED,,02
213,22,تَأَمَّلَ,فعل,أمل,تَفَعَّلَ,فَكَّرَ الشَّخْصُ بِهُدوء,MAPPED,,02
214,22,تَأَمُّل,مصدر,أمل,تَفَعُّل,مُحادثَةٌ تُعَبِّرُ عَنْ تَأَمُّل,MAPPED,,02
215,22,رَاجَعَ,فعل,راجع,فَاعَلَ,فَكَّرَ الْمُدْرِكُ طَوِيلاً,MAPPED,,02
216,22,انْشَغَلَ,فعل,شغل,اِنْفَعَلَ,اِنْغَمَسَ الشَّخْصُ فِي التَّفْكِير,MAPPED,,02
217,22,تَفَكَّرَ,فعل,فكر,تَفَعَّلَ,فَكَّرَ الْمُدْرِكُ بِعِنايَة,MAPPED,,02
218,22,تَفَكَّرَ,فعل,فكر,تَفَعَّلَ,فَكَّرَ الشَّخْصُ بِعُمْق,MAPPED,,02
219,22,تَفَكُّر,مصدر,فكر,تَفَعُّل,التَّفْكِيرُ الْعَمِيقُ أَوْ الِاعْتِبارُ,MAPPED,,02
220,22,تَفَكَّرَ,فعل,فكر,تَفَعَّلَ,فَكَّرَ الْمُدْرِكُ عَمِيقًا,MAPPED,,02
10866,22,تَسَاءَلَ,فعل,سءل,تَفاعَلَ,حاولَ الشَّخْصُ فَهْمَ شَيْء,MAPPED,,02
10867,22,فَكَّرَ,فعل,فكر,فَعَّلَ,وَجَّهَ الْمُدْرِكُ عَقْلَهُ نَحْوَ شَيْء,MAPPED,,02
11142,22,فَكَّرَ,فعل,فكر,فَعَّلَ,مَنَحَ الشَّخْصُ عِنايَة,MAPPED,,02
11144,22,فِكْرَة,اسم جامد,فكر,فِعْلَة,الرَّأْيُ أَوْ الْمَبْدَأُ الَّذِي يَنْشَأُ عَنِ التَّفْكِير,MAPPED,,02
221,23,تَحَقَّقَ,فعل,حقق,تَفَعَّلَ,تَوَصَّلَ الشَّخْصُ إِلَىٰ مَعْرِفَة,MAPPED,,02
222,23,خَلَصَ,فعل,خلص,فَعَلَ,تَوَصَّلَ الْمُدْرِكُ إِلَىٰ حُكْم,MAPPED,,02
223,23,نتِيجَة,اسم جامد,نتج,فِعْلَة,الْحُكْمُ الَّذِي تَوَصَّلَ إِلَيْهِ,MAPPED,,02
224,23,اسْتَنْتَجَ,فعل,نتج,اسْتَفْعَلَ,توَصَّلَ الشَّخْصُ إِلَىٰ حَقِيقَة,MAPPED,,02
225,23,اسْتِنْتاج,مصدر,نتج,اسْتِفْعال,النَّتِيجَةُ الَّتِي اسْتُنْتِجَتْ,MAPPED,,02
226,23,تَخْمِين,مصدر,خمن,تَفْعِيل,التَّقْدِيرُ بِدونِ حُجَّة,MAPPED,,02
227,23,خَمَّنَ,فعل,خمن,فَعَّلَ,قَدَّرَ الْمُدْرِكُ بِدونِ مَعْلومَات,MAPPED,,02
228,23,اسْتَدَلَّ,فعل,دلل,اسْتَفْعَلَ,اسْتَنْتَجَ الشَّخْصُ مِنْ دَلائِل,MAPPED,,02
229,23,اسْتِدلال,مصدر,دلل,اسْتِفْعال,النَّتِيجَةُ الَّتِي اسْتُدِلَّ عَلَيْها,MAPPED,,02
230,23,عَلِمَ,فعل,علم,فَعِلَ,اِكْتَسَبَ الشَّخْصُ مَعْرِفَة,MAPPED,,02
231,23,إِدْراك,مصدر,درك,إِفْعال,الْفَهْمُ الشَّامِلُ لِشَيْء,MAPPED,,02
232,23,أَدْرَكَ,فعل,درك,أَفْعَلَ,فَهِمَ الشَّخْصُ تَمامًا,MAPPED,,02
233,23,افْتَرَضَ,فعل,فرض,اِفْتَعَلَ,حَزَرَ الْمُدْرِكُ بِدونِ دَليل,MAPPED,,02
9731,23,اسْتَنْتَجَ,فعل,نتج,اسْتَفْعَلَ,تَوَصَّلَ الشَّخْصُ إِلَىٰ فَهْم,MAPPED,,02
9732,23,تَحَقَّقَ,فعل,حقق,تَفَعَّلَ,تَوَصَّلَ الْمُدْرِكُ إِلَىٰ حَقِيقَة,MAPPED,,02
12313,23,حَلَّ,فعل,حلل,فَعَّلَ,فَهِمَ الشَّخْصُ الشَّيْءَ الْغَامِضَ,MAPPED,,02
12314,23,اسْتَنْتَجَ,فعل,نتج,اسْتَفْعَلَ,حَسَبَ الشَّخْصُ الْحَقِيقَة,MAPPED,,02
12688,23,تَحَقَّقَ,فعل,حقق,تَفَعَّلَ,تَأَكَّدَ الشَّخْصُ مِنْ شَيْء,MAPPED,,02
13780,23,افْتَرَضَ,فعل,فرض,اِفْتَعَلَ,كَوَّنَ الشَّخْصُ نَظَرِيَّة,MAPPED,,02
16258,23,بَادَرَ,فعل,بدر,فَاعَلَ,جاءَتْ لِلْمُدْرِكِ فِكْرَة,MAPPED,,02
17285,23,اسْتَنْتَجَ,فعل,نتج,اسْتَفْعَلَ,فَهِمَ الشَّخْصُ مِنَ السِّياقِ,MAPPED,,02
234,24,مَيَّزَ,فعل,ميز,فَعَّلَ,وَجَدَ الْمُدْرِكُ الْفُرُوقَ,MAPPED,,02
235,24,مَيَّزَ,فعل,ميز,فَعَّلَ,أَدْرَكَ الشَّخْصُ التَّمْيِيزَ,MAPPED,,02
236,24,تَمْيِيز,مصدر,ميز,تَفْعِيل,الْفَهْمُ الْعَمِيقُ لِلْفُرُوقِ,MAPPED,,02
237,24,مَيَّزَ,فعل,ميز,فَعَّلَ,أَظْهَرَ الْمُدْرِكُ الْفَرْقَ,MAPPED,,02
238,24,فَرَزَ,فعل,فرز,فَعَلَ,انْتَقَىٰ الشَّخْصُ مِنْ مَجْموعَة,MAPPED,,02
13462,24,مَيَّزَ,فعل,ميز,فَعَّلَ,أَدْرَكَ الشَّخْصُ الْفَرْقَ,MAPPED,,02
14532,24,مَيَّزَ,فعل,ميز,فَعَّلَ,فَصَلَ الْمُدْرِكُ بَيْنَ شَيْئَيْن,MAPPED,,02
15395,24,عَرَفَ,فعل,عرف,فَعَلَ,مَيَّزَ الشَّخْصُ بَيْنَ شَيْئَيْن,MAPPED,,02
15860,24,مَيَّزَ,فعل,ميز,فَعَّلَ,فَرَّقَ الشَّخْصُ بَيْنَ شَيْئَيْن,MAPPED,,02
15971,24,مُمَيَّز,صفة مشبهة,ميز,مُفَعَّل,يُمْكِنُ فَصْلُهُ عَنْ غَيْرِهِ,MAPPED,,02
240,25,حُجَّة,اسم جامد,حجج,فُعْلَة,مَجْموعَةُ أَسْبابٍ لِتَدْعِيم شَيْء,MAPPED,,02
241,25,شَهِدَ,فعل,شهد,فَعِلَ,قَدَّمَ الشَّخْصُ دَلِيلاً,MAPPED,,02
242,25,أَكَّدَ,فعل,أكد,أَفْعَلَ,أَثْبَتَ الشَّخْصُ صِحَّةَ شَيْء,MAPPED,,02
243,25,أَيَّدَ,فعل,أيد,أَفْعَلَ,دَعَّمَ الشَّخْصُ ادْعاءً,MAPPED,,02
244,25,أَظْهَرَ,فعل,ظهر,أَفْعَلَ,بَيَّنَ الشَّخْصُ وُجودَ شَيْء,MAPPED,,02
245,25,دَلَّ,فعل,دلل,فَعَّلَ,كانَ إِشارَةً عَلَىٰ شَيْء,MAPPED,,02
246,25,كَشَفَ,فعل,كشف,فَعَلَ,أَظْهَرَ الشَّخْصُ وُجودَ شَيْء,MAPPED,,02
247,25,أَثْبَتَ,فعل,ثبت,أَفْعَلَ,بَرْهَنَ الشَّخْصُ عَلَىٰ حَقِيقَة,MAPPED,,02
248,25,كَشَفَ,فعل,كشف,فَعَلَ,أَظْهَرَ الشَّخْصُ شَيْئًا مَخْفِيًّا,MAPPED,,02
249,25,أَثْبَتَ,فعل,ثبت,أَفْعَلَ,كانَ دَلِيلاً عَلَىٰ شَيْء,MAPPED,,02
250,25,دَعَّمَ,فعل,دعم,فَعَّلَ,قَدَّمَ الشَّخْصُ دَلِيلاً,MAPPED,,02
251,25,شَهِدَ,فعل,شهد,فَعِلَ,كانَ بِمَثابَةِ إِثْباتٍ,MAPPED,,02
252,25,حَقَّقَ,فعل,حقق,فَعَّلَ,أَثْبَتَ الشَّخْصُ صِحَّةَ شَيْء,MAPPED,,02
7799,25,نَفَىٰ,فعل,نفي,فَعَلَ,أَثْبَتَ كِذْبَ شَيْء,MAPPED,,02
7800,25,نَاقَضَ,فعل,نقض,فَاعَلَ,أَثْبَتَ عَكْسَ تَصْرِيح,MAPPED,,02
8340,25,احْتَجَّ,فعل,حجج,اِفْتَعَلَ,كانَ دَلِيلاً عَلَىٰ نتِيجَة,MAPPED,,02
8690,25,دَلَّ,فعل,دلل,فَعَّلَ,أَشارَ الشَّيْءُ إِلَىٰ حَقِيقَة,MAPPED,,02
10843,25,دَليل,اسم جامد,دلل,فَعِيل,مَعْلومَاتٌ تُشِيرُ إِلَىٰ حَقِيقَة,MAPPED,,02
10878,25,,حرف,,,يُشِيرُ إِلَىٰ مَصْدَرِ الدَّليل,MAPPED,,02
11414,25,أَشارَ,فعل,شير,أَفْعَلَ,أَوْحَىٰ الشَّخْصُ بِشَيْء,MAPPED,,02
11448,25,دَلَّ,فعل,دلل,فَعَّلَ,أَشارَ الشَّيْءُ إِلَىٰ وُجودِ شَيْء,MAPPED,,02
11449,25,اسْتَتْبَعَ,فعل,تبع,اسْتَفْعَلَ,أَدَّىٰ الشَّيْءُ إِلَىٰ نتِيجَة,MAPPED,,02
11738,25,دَليل,اسم جامد,دلل,فَعِيل,شَهادَةٌ عَلَىٰ صِحَّةِ ادْعاءٍ,MAPPED,,02
12782,25,مَثَّلَ,فعل,مثل,فَعَّلَ,كانَ مِثالاً عَلَىٰ شَيْء,MAPPED,,02
13329,25,أَشارَ,فعل,شير,أَفْعَلَ,دَلَّ الشَّيْءُ عَلَىٰ نتِيجَة,MAPPED,,02
13551,25,مَصْداقِيَّة,اسم جامد,صدق,فَعْلاليَّة,قابِلِيَّةُ التَّصْدِيق,MAPPED,,02
14741,25,أَيَّدَ,فعل,أيد,أَفْعَلَ,دَعَّمَ الشَّخْصُ ادْعاءً بِدَليل,MAPPED,,02
15307,25,دَلَّ,فعل,دلل,فَعَّلَ,كانَ إِثْباتًا عَلَىٰ نتِيجَة,MAPPED,,02
16870,25,استَبْعَدَ,فعل,بعد,اسْتَفْعَلَ,رَفَضَ الشَّخْصُ إِمْكانِيَّة,MAPPED,,02
16961,25,عَرْض,اسم جامد,عرض,فَعْل,الإِظْهارُ الوَاضِحُ لِحَقِيقَة,MAPPED,,02
17683,25,أَيْقَنَ,فعل,يقن,أَفْعَلَ,أَثْبَتَ الشَّخْصُ لِآخَرَ,MAPPED,,02
253,26,توَقَّعَ,فعل,وقع,تَفَعَّلَ,رَأَىٰ الشَّخْصُ احْتِمالاً,MAPPED,,02
254,26,انْتَظَرَ,فعل,نظر,اِنْفَعَلَ,انْتَظَرَ الشَّخْصُ حُدوثَ شَيْء,MAPPED,,02
255,26,توَقَّعَ,فعل,وقع,تَفَعَّلَ,رَأَىٰ الْمُدْرِكُ احْتِمالاً,MAPPED,,02
256,26,توَقَّعَ,فعل,وقع,تَفَعَّلَ,أَدْرَكَ الشَّخْصُ مُقَدَّمًا,MAPPED,,02
257,26,تَنَبَّأَ,فعل,نبأ,تَفَعَّلَ,أَخْبَرَ الشَّخْصُ عَنْ حَدَث,MAPPED,,02
3585,26,مُتَوَقَّع,صفة مشبهة,وقع,مُتَفَعَّل,يُمْكِنُ توَقُّعُهُ,MAPPED,,02
3586,26,غَيْرُ مُتَوَقَّع,صفة مشبهة,وقع,فَعِيل,لا يُمْكِنُ توَقُّعُهُ,MAPPED,,02
3587,26,غَيْرُ مُتَوَقَّع,صفة مشبهة,وقع,فَعِيل,لا يُمْكِنُ تَنَبُّؤٌ بِهِ,MAPPED,,02
3588,26,مُتَوَقَّع,صفة مشبهة,وقع,مُتَفَعَّل,يُمْكِنُ توَقُّعُهُ,MAPPED,,02
13081,26,توَقُّع,مصدر,وقع,تَفَعُّل,اعْتِقادُ الْمُدْرِكِ بِحُدوثِ شَيْء,MAPPED,,02
13082,26,تَنَبُّؤ,مصدر,نبأ,تَفَعُّل,فِكْرَةٌ مُحَدَّدَةٌ عَمَّا سيَحْدُث,MAPPED,,02
13083,26,إِحْساس,اسم جامد,حس,إِفْعال,شُعورٌ قَوِيٌّ بِاقْتِرابِ شَيْء,MAPPED,,02
13928,26,مُفاجِئ,صفة مشبهة,فجج,مُفَاعِل,لَيْسَ متَوَقَّعًا,MAPPED,,02
16597,26,انْتَظَرَ,فعل,نظر,اِنْفَعَلَ,توَقَّعَ الشَّخْصُ حُدوثَ شَيْء,MAPPED,,02
260,27,تَصَوَّرَ,فعل,صور,تَفَعَّلَ,ابْتَدَعَ الشَّخْصُ فِكْرَة,MAPPED,,02
261,27,ابْتَكَرَ,فعل,بكر,اِفْتَعَلَ,أَنْشَأَ الشَّخْصُ قِصَّة,MAPPED,,02
262,27,ابْتِكار,مصدر,بكر,اِفْتِعال,نَتِيجَةُ إِنْشاءِ قِصَّة,MAPPED,,02
263,27,حِيلَة,اسم جامد,حيل,فِعْلَة,عَمَلِيَّةُ التَّخْطِيطِ بِمَهارَة,MAPPED,,02
264,27,ابْتَكَرَ,فعل,بكر,اِفْتَعَلَ,خَطَّطَ الشَّخْصُ بِمَهارَة,MAPPED,,02
265,27,ابْتَكَرَ,فعل,بكر,اِفْتَعَلَ,اخْتَرَعَ الشَّخْصُ عُذْرًا,MAPPED,,02
267,27,صَمَّمَ,فعل,صمم,فَعَّلَ,ابْتَكَرَ الشَّخْصُ خُطَّة,MAPPED,,02
268,27,وَضَعَ,فعل,وضع,فَعَلَ,ابْتَكَرَ الشَّخْصُ آلِيَّة,MAPPED,,02
269,27,صِيغَ,فعل,صيغ,فُعِلَ,أَنْشَأَ الشَّخْصُ بِمَنْهَجِيَّة,MAPPED,,02
270,27,ابْتَكَرَ,فعل,بكر,اِفْتَعَلَ,تَآمَرَ الشَّخْصُ عَلَىٰ خُطَّة,MAPPED,,02
271,27,ارْتَجَلَ,فعل,رجل,اِفْتَعَلَ,أَنْشَأَ الشَّخْصُ مِمَّا يَتَوَفَّر,MAPPED,,02
272,27,اخْتَرَعَ,فعل,خرع,اِفْتَعَلَ,أَنْشَأَ الشَّخْصُ شَيْئًا جَدِيدًا,MAPPED,,02
273,27,اخْتِراع,مصدر,خرع,اِفْتِعال,الْكِيَانُ الَّذِي نَتَجَ عَنِ الْاخْتِراعِ,MAPPED,,02
5186,27,ابْتَكَرَ,فعل,بكر,اِفْتَعَلَ,أَنْشَأَ الشَّخْصُ فِكْرَة,MAPPED,,02
5187,27,ابْتَكَرَ,فعل,بكر,اِفْتَعَلَ,توَصَّلَ الشَّخْصُ إِلَىٰ فِكْرَة,MAPPED,,02
11721,27,تَصْمِيم,مصدر,صمم,تَفْعِيل,الْخُطَّةُ أَوْ الرَّسْمُ قَبْلَ الْبِناءِ,MAPPED,,02
13080,27,اخْتِراع,مصدر,خرع,اِفْتِعال,الْكِيَانُ الَّذِي نَتَجَ عَنِ الْاخْتِراعِ,MAPPED,,02
17281,27,توَصَّلَ,فعل,وصل,تَفَعَّلَ,توَصَّلَ الشَّخْصُ إِلَىٰ فِكْرَة,MAPPED,,02
459,32,غَليظ,صفة مشبهة,غلظ,فَاعِل,غَيْرُ مُتَحَفِّظ فِي الْكَلام,MAPPED,,02
460,32,صَرِيح,صفة مشبهة,صرح,فَاعِل,صادِقٌ وَمُبَاشِرٌ,MAPPED,,02
461,32,خَجول,صفة مشبهة,خجل,فَاعُول,مُتَحَفِّظٌ عَنْ كِشْفِ التَّفاصِيل,MAPPED,,02
462,32,مُتَحَفِّظ,صفة مشبهة,حفظ,مُتَفَاعِل,حَذِرٌ فِي التَّعْبِيرِ,MAPPED,,02
463,32,واضِح,صفة مشبهة,وضح,فَاعِل,صَرِيحٌ وَمُفَصَّلٌ تَمامًا,MAPPED,,02
464,32,مُستَعِدّ,صفة مشبهة,عدد,مُسْتَفْعِل,مُستَعِدٌّ لِلْإِفْصاحِ,MAPPED,,02
465,32,مُبَاشِر,صفة مشبهة,بشر,مُفاعِل,مُصَرِّحٌ وَحَادّ الْكَلامِ,MAPPED,,02
466,32,صَرِيح,صفة مشبهة,صرح,فَاعِل,صادِقٌ وَصَرِيح,MAPPED,,02
467,32,أَمِين,صفة مشبهة,أمن,فَاعِل,بَرِيءٌ مِنْ الْخِداعِ,MAPPED,,02
468,32,مَكْشوف,صفة مشبهة,كشف,مَفْعول,صَرِيحٌ وَمُتَحَدِّثٌ,MAPPED,,02
469,32,صَرِيح,صفة مشبهة,صرح,فَاعِل,مُصَرِّحٌ بِالْآراءِ,MAPPED,,02
470,32,كَتوم,صفة مشبهة,كتم,فَاعُول,مُيَّالٌ لِكِتْمانِ الشُّعورِ,MAPPED,,02
471,32,صادِق,صفة مشبهة,صدق,فَاعِل,نابِعٌ مِنْ مَشاعِرِ حَقِيقِيَّة,MAPPED,,02
472,32,مُبَاشِر,صفة مشبهة,بشر,مُفاعِل,صادِقٌ وَمَكْشوف,MAPPED,,02
473,32,صادِق,صفة مشبهة,صدق,فَاعِل,يُخْبِرُ الْحَقّ,MAPPED,,02
5810,32,غَيْرُ صادِق,صفة مشبهة,صدق,فَاعِل,لَيْسَ صَادِقًا أَوْ صَرِيحًا,MAPPED,,02
5811,32,مُتَهَرِّب,صفة مشبهة,هرب,مُتَفَاعِل,يَتَجَنَّبُ الْالْتِزامَ,MAPPED,,02
5812,32,حَذِر,صفة مشبهة,حذر,فَاعِل,حَرِيصٌ وَحَذِر,MAPPED,,02
5813,32,صِدْق,اسم جامد,صدق,فِعْل,الصِّفَةُ الَّتِي تَتَمَتَّعُ بِالصِّدْق,MAPPED,,02
5814,32,بَرِيء,صفة مشبهة,بريء,فَاعِل,بَسِيطٌ وَغَيْرُ مُخَادِع,MAPPED,,02
5815,32,غِلاظَة,اسم جامد,غلظ,فِعالَة,الصِّفَةُ الَّتِي تَتَمَتَّعُ بِالْغِلاظَة,MAPPED,,02
7651,32,صَراحَة,اسم جامد,صرح,فَعالَة,الصِّفَةُ الَّتِي تَتَمَتَّعُ بِالصَّراحَة,MAPPED,,02
11745,32,مُبَاشَرَة,اسم جامد,بشر,مُفاعَلَة,الصِّفَةُ الَّتِي تَتَمَتَّعُ بِالْمُبَاشَرَة,MAPPED,,02
11748,32,صَرِيح,صفة مشبهة,صرح,فَاعِل,لَيْسَ غامِضًا,MAPPED,,02
15575,32,جادّ,صفة مشبهة,جدد,فَاعِل,صادِقٌ وَجِدِّيّ,MAPPED,,02
15576,32,جِدِّيَّة,اسم جامد,جدد,فِعْلِيَّة,الصِّفَةُ الَّتِي تَتَمَتَّعُ بِالْجِدِّيَّة,MAPPED,,02
15577,32,غَيْرُ أَمِين,صفة مشبهة,أمن,فَاعِل,لَيْسَ صادِقًا أَوْ موثوقًا,MAPPED,,02
15578,32,ملتَوٍ,صفة مشبهة,لوي,فَاعِل,غَيْرُ مُبَاشِر وَغامِض,MAPPED,,02
17054,32,صادِق,صفة مشبهة,صدق,فَاعِل,صَرِيحٌ وَمُبَاشِر,MAPPED,,02
474,33,وافَقَ,فعل,وفق,فَاعَلَ,وافَقَ الشَّخْصُ عَلَىٰ خُطَّة,MAPPED,,02
475,33,عَهْد,اسم جامد,عهد,فَعْل,اتِّفاقٌ مُقَدَّسٌ,MAPPED,,02
476,33,تَعاهَدَ,فعل,عهد,تَفاعَلَ,اتَّفَقَ الشَّخْصُ بِعَهْد,MAPPED,,02
477,33,يَمِين,اسم جامد,يمن,فَاعِل,تَعْهُدٌ مُقَدَّسٌ,MAPPED,,02
478,33,تَعَهُّد,مصدر,عهد,تَفَعُّل,وَعْدٌ مُسْتَقِرّ,MAPPED,,02
479,33,تَعَهَّدَ,فعل,عهد,تَفَعَّلَ,وَعَدَ الشَّخْصُ بِشَيْء,MAPPED,,02
480,33,وَعْد,اسم جامد,وعد,فَعْل,تَأْكِيدٌ بِفِعْلِ شَيْء,MAPPED,,02
481,33,وَعَدَ,فعل,وعد,فَعَلَ,تَعَهَّدَ الشَّخْصُ بِفِعْلِ شَيْء,MAPPED,,02
482,33,أَقْسَمَ,فعل,قسم,أَفْعَلَ,حَلَفَ الشَّخْصُ عَلَىٰ شَيْء,MAPPED,,02
483,33,تَهْدِيد,مصدر,هدد,تَفْعِيل,إِعْلانٌ عَنْ نِيَّةِ إِلْحاقِ ضَرَر,MAPPED,,02
484,33,هَدَّدَ,فعل,هدد,فَعَّلَ,أَعْلَنَ الشَّخْصُ نِيَّةَ الْإِضْرار,MAPPED,,02
485,33,تَعَهَّدَ,فعل,عهد,تَفَعَّلَ,ضَمِنَ الشَّخْصُ بِشَكْلٍ رَسْمِيّ,MAPPED,,02
486,33,تَعَهُّد,مصدر,عهد,تَفَعُّل,وَعْدٌ رَسْمِيٌّ,MAPPED,,02
487,33,تَطَوَّعَ,فعل,طوع,تَفَعَّلَ,عَرَضَ الشَّخْصُ خِدْمَتَهُ,MAPPED,,02
488,33,نَذْر,اسم جامد,نذر,فَعْل,وَعْدٌ مُقَدَّسٌ,MAPPED,,02
10650,33,التَزَمَ,فعل,زمم,اِلْتَفَعَلَ,وَعَدَ الشَّخْصُ نَفْسَهُ,MAPPED,,02
10651,33,التِزام,مصدر,زمم,اِلْتِفْعال,وَعْدٌ أَوْ تَعَهُّد,MAPPED,,02
12692,33,نَذَرَ,فعل,نذر,فَعَلَ,تَعَهَّدَ الشَّخْصُ بِعَهْد,MAPPED,,02
499,34,تَشاوَرَ,فعل,شور,تَفاعَلَ,تَحَدَّثَ الشَّخْصانِ مَعًا,MAPPED,,02
502,34,نِقاش,اسم جامد,نقش,فِعال,نِقاشٌ رَسْمِيٌّ,MAPPED,,02
503,34,نَاقَشَ,فعل,نقش,فَاعَلَ,تَحاوَرَ الشَّخْصانِ حَوْلَ مَوْضوع,MAPPED,,02
504,34,حِوار,اسم جامد,حور,فِعال,نِقاشٌ يَهْدِفُ إِلَىٰ فَهْم,MAPPED,,02
506,34,ناقَشَ,فعل,نقش,فَاعَلَ,تَحَدَّثَ الشَّخْصانِ بِالتَّفْصِيلِ,MAPPED,,02
507,34,نِقاش,اسم جامد,نقش,فِعال,تَبادُلُ الْآراءِ,MAPPED,,02
509,34,حِوار,اسم جامد,حور,فِعال,حَدِيثٌ قَصِيرٌ,MAPPED,,02
514,34,اجْتِماع,مصدر,جمع,اِفْتِعال,نِقاشٌ بَيْنَ أَشْخاصٍ,MAPPED,,02
4007,34,مُؤتَمِر,اسم فاعل,أتمر,مُفْتَعِل,اجْتِماعٌ رَسْمِيٌّ,MAPPED,,02
4008,34,تَفاوَضَ,فعل,فوض,تَفاعَلَ,عَقَدَ الشَّخْصانِ مُفاوَضات,MAPPED,,02
4009,34,مُفاوَضات,مصدر,فوض,مُفاعَلَة,اجْتِماعٌ بَيْنَ جانِبَيْن,MAPPED,,02
4012,34,مُحاوِر,اسم فاعل,حور,مُفاعِل,شَخْصٌ يُشارِكُ فِي الْحِوار,MAPPED,,02
4016,34,مُناقِش,اسم فاعل,نقش,مُفاعِل,شَخْصٌ يُشارِكُ فِي النِّقاشِ,MAPPED,,02
10648,34,تَفاوُض,مصدر,فوض,تَفاعُل,نِقاشٌ لِتَحْقِيقِ اتِّفاق,MAPPED,,02
10649,34,تَفاوَضَ,فعل,فوض,تَفاعَلَ,حاوَلَ الشَّخْصانِ التَّوَصُّلَ,MAPPED,,02
11454,34,حِوار,اسم جامد,حور,فِعال,نِقاشاتٌ رَسْمِيَّة,MAPPED,,02
14253,34,استِشارَة,مصدر,شور,اسْتِفْعالَة,نِقاشٌ يَسْعَىٰ لِلنَّصِيحَة,MAPPED,,02
14628,34,تَحَدَّثَ,فعل,حدث,تَفَعَّلَ,نَاقَشَ الشَّخْصانِ,MAPPED,,02
17353,34,ناقَشَ,فعل,نقش,فَاعَلَ,تَحَدَّثَ الشَّخْصانِ بِالتَّفْصِيلِ,MAPPED,,02
523,35,صاغَ,فعل,صوغ,فَعَلَ,عبّر عن فكرة بأسلوب معيّن,MAPPED,,03
525,35,تعبير,اسم جامد,عبر,تَفْعِيل,الفعل أو المحصول الذي يعبّر عن شيء,MAPPED,,03
527,35,صيغة,اسم جامد,صيغ,فَعْلَة,الطريقة التي يتم التعبير بها عن شيء,MAPPED,,03
528,35,صاغَ,فعل,صوغ,فَعَلَ,عبّر عن فكرة بأسلوب محدّد,MAPPED,,03
529,35,صاغَ,فعل,صوغ,فَعَلَ,أعاد صياغة الكلام في شكل معيّن,MAPPED,,03
530,35,أعرب,فعل,عرب,أَفْعَلَ,عبّر عن فكرة بطريقة محددة,MAPPED,,03
532,35,صَاغَ,فعل,صوغ,فَعَلَ,اختار كلمات معينة للتعبير عن فكرة,MAPPED,,03
533,35,صيغة,اسم جامد,صيغ,فَعْلَة,طريقة التعبير اللفظي عن الفكرة,MAPPED,,03
7429,35,صياغة,اسم جامد,صيغ,فِيَاعَة,كيفية تنسيق وصياغة النص,MAPPED,,03
10421,35,أساء الصياغة,تركيب,,,عبّر عن الفكرة بكلمات غير صحيحة,MAPPED,,03
11169,35,عَبّرَ,فعل,عبر,فَعَّلَ,أوصل المشاعر أو الرسالة بأسلوب محدّد,MAPPED,,03
13000,35,صاغَ,فعل,صوغ,فَعَلَ,نظّم وقدّم شيئاً بصيغة أو أسلوب معيّن,MAPPED,,03
534,36,أومأ,فعل,ومأ,أَفْعَلَ,أشار برأسه أو يده ليطلب من شخص الاقتراب,MAPPED,,03
535,36,لوّح,فعل,لوح,فَعَّلَ,حرّك الذراعين بحماس للتعبير أو التأكيد,MAPPED,,03
536,36,أشار,فعل,شور,أَفْعَلَ,حرّك الجسد للتواصل غير اللفظي,MAPPED,,03
537,36,أومأ,فعل,ومأ,أَفْعَلَ,وجّه شخصاً بإشارة أو حركة,MAPPED,,03
538,36,أومأ برأسه,تركيب,,,حرّك الرأس لأعلى وأسفل للتعبير أو التفاهم,MAPPED,,03
539,36,أشار,فعل,شور,أَفْعَلَ,أوضح شيئاً عن طريق الإشارة أو الحركة,MAPPED,,03
540,36,لوّح,فعل,لوح,فَعَّلَ,حرّك اليد من جانب إلى آخر في التحية أو الإشارة,MAPPED,,03
10886,36,إشارة,اسم جامد,شور,فِعَالَة,حركة جسدية تنقل معلومة أو أمراً,MAPPED,,03
541,37,سَمِعَ,فعل,سمع,فَعِلَ,اطّلع على معلومة أو استقبلها,MAPPED,,03
543,37,اطّلع,فعل,طلع,اِفْتَعَلَ,عرف شيئاً من خلال الكتابة المكتوبة,MAPPED,,03
544,38,ثرثرَ,فعل,ثرث,فَعْلَلَ,تحدّث بسرعة وبغباء أو بانفعال,MAPPED,,03
545,38,تنمّرَ,فعل,نمر,تَفَعَّلَ,تحدّث بصوت عالٍ وعدواني بدون تأثير,MAPPED,,03
546,38,رتّلَ,فعل,رتل,فَعَّلَ,كرّر الكلام بنغمة موسيقية,MAPPED,,03
547,38,ثرثرَ,فعل,ثرث,فَعْلَلَ,تحدّث بسرعة عن أمور تافهة,MAPPED,,03
548,38,تمطّقَ,فعل,مطق,تَفَعَّلَ,تحدّث ببطء مع إطالة الأصوات,MAPPED,,03
549,38,التفتَ,فعل,لفت,اِفْتَعَلَ,تحدّث بسرعة وبعدم وضوح,MAPPED,,03
550,38,هَذّرَ,فعل,هذر,فَعَّلَ,تحدّث بسرعة وبدون وضوح من الخوف,MAPPED,,03
551,38,ثرثرَ,فعل,ثرث,فَعْلَلَ,تحدّث بسرعة وبانفعال ولكن بدون معنى,MAPPED,,03
552,38,ألثغَ,فعل,لثغ,أَفْعَلَ,تحدّث مع نطق الحروف بشكل غير صحيح,MAPPED,,03
553,38,نطقَ,فعل,نطق,فَعَلَ,قالَ شيئاً بطريقة صنعية أو متكلفة,MAPPED,,03
554,38,همسَ,فعل,همس,فَعَلَ,تحدّث بصوت غير واضح وخافت,MAPPED,,03
555,38,نمّ,فعل,نمم,فَعَّلَ,قالَ شيئاً بصوت بالكاد مسموع,MAPPED,,03
556,38,ثرثرَ,فعل,ثرث,فَعْلَلَ,تحدّث مع الغير بشكل عابر,MAPPED,,03
557,38,ثرثرَ,فعل,ثرث,فَعْلَلَ,تحدّث بكثرة بطريقة سخيفة,MAPPED,,03
558,38,هاجمَ,فعل,هجم,فَعَلَ,تحدّث بطول وشدة وانفعال,MAPPED,,03
559,38,هَذّرَ,فعل,هذر,فَعَّلَ,تحدّث بجنون أو بدون انسجام,MAPPED,,03
560,38,صرخَ,فعل,صرخ,فَعَلَ,تحدّث أو ناداً بصوت عالٍ جداً,MAPPED,,03
561,38,تبسّمَ,فعل,بسم,تَفَعَّلَ,تحدّث بابتسامة سخيفة وخجولة,MAPPED,,03
562,38,غنّىْ,فعل,غنو,فَعَّلَ,أصدرَ أصواتاً موسيقية بالصوت مع كلمات,MAPPED,,03
563,38,لحنَ,فعل,لحن,فَعَلَ,تحدّث بطريقة غير واضحة,MAPPED,,03
564,38,تعتعَ,فعل,عتع,تَفَعَّلَ,تحدّث مع توقفات عصبية بغير إرادة,MAPPED,,03
565,38,تعتعَ,فعل,عتع,تَفَعَّلَ,تحدّث مع تكرار الأصوات بغير إرادة,MAPPED,,03
566,38,همسَ,فعل,همس,فَعَلَ,تحدّث بهمس خافت جداً,MAPPED,,03
17599,38,ثرثرَ,فعل,ثرث,فَعْلَلَ,تحدّث بطريقة حمقاء أو مفرطة,MAPPED,,03
627,40,استجوبَ,فعل,جوب,اِسْتَفْعَلَ,سأل بشدة وإصرار,MAPPED,,03
628,40,سألَ,فعل,سءل,فَعَلَ,استفسرَ عن شيء,MAPPED,,03
629,40,استفسار,اسم جامد,سءل,اِسْتِفْعَال,السؤال أو مجموعة أسئلة,MAPPED,,03
630,40,استجوبَ,فعل,جوب,اِسْتَفْعَلَ,سأل بشكل قوي ورسمي,MAPPED,,03
631,40,استجواب,اسم جامد,جوب,اِسْتِفْعَال,فعل السؤال المكثّف والرسمي,MAPPED,,03
632,40,استفهام,اسم جامد,فهم,اِسْتِفْعَال,السؤال خاصة من يعبّر عن شك,MAPPED,,03
633,40,سألَ,فعل,سءل,فَعَلَ,طرح سؤالاً أو استفسر,MAPPED,,03
634,40,سؤال,اسم جامد,سءل,فُعَال,جملة صيغت لاستخراج معلومة,MAPPED,,03
635,40,سألَ,فعل,سءل,فَعَلَ,طرح أسئلة على شخص,MAPPED,,03
636,40,استجواب,اسم جامد,جوب,اِسْتِفْعَال,فعل السؤال والاستفسار,MAPPED,,03
637,40,اختبرَ,فعل,خبر,اِفْتَعَلَ,أجرى اختباراً على معارف شخص,MAPPED,,03
8421,40,سألَ,فعل,سءل,فَعَلَ,قالَ شيئاً للحصول على إجابة أو معلومة,MAPPED,,03
638,41,ناداه,فعل,نود,فَعَلَ,قدّمَ طلباً جادّاً أو مؤثراً,MAPPED,,03
639,41,سألَ,فعل,سءل,فَعَلَ,طلبَ الفعل أو العطاء,MAPPED,,03
640,41,توسّلَ,فعل,وسل,تَفَعَّلَ,طلبَ بجدية أو تذلّل,MAPPED,,03
641,41,استرحمَ,فعل,رحم,اِسْتَفْعَلَ,طلبَ بإلحاح وحماس,MAPPED,,03
642,41,أمرٌ,اسم جامد,أمر,فُعْل,الأمر الاستبدادي الحاتم,MAPPED,,03
643,41,أمرَ,فعل,أمر,فَعَلَ,أصدرَ أمراً قاطعاً,MAPPED,,03
644,41,طلبٌ,اسم جامد,طلب,فُعْل,الطلب الإلحاحي والمصرّ,MAPPED,,03
645,41,طالبَ,فعل,طلب,فَعَلَ,طلبَ بحزم أو وقاحة,MAPPED,,03
646,41,تضرّعَ,فعل,ضرع,تَفَعَّلَ,طلبَ بجدية أو قلق,MAPPED,,03
647,41,تضرّع,اسم جامد,ضرع,تَفَعُّل,الطلب بجدية,MAPPED,,03
648,41,استرحمَ,فعل,رحم,اِسْتَفْعَلَ,توسّلَ بجدية أو يأس,MAPPED,,03
649,41,أمرٌ,اسم جامد,أمر,فُعْل,الأمر أو التوجيه الحاتم,MAPPED,,03
650,41,أمرَ,فعل,أمر,فَعَلَ,أصدرَ أمراً حاتماً,MAPPED,,03
651,41,عريضة,اسم جامد,عرض,فَعِيلَة,الالتماس أو الطلب الموقّع,MAPPED,,03
652,41,التماس,اسم جامد,لمس,اِفْتِعَال,الطلب بانفعال وإلحاح,MAPPED,,03
653,41,توسّلَ,فعل,وسل,تَفَعَّلَ,قدّمَ استرحاماً عاطفياً,MAPPED,,03
654,41,طلب,اسم جامد,طلب,فُعْل,طلب هادئ أو رسمي,MAPPED,,03
655,41,طلبَ,فعل,طلب,فَعَلَ,طلبَ بأدب أو رسمية,MAPPED,,03
657,41,استدعىْ,فعل,دعو,اِسْتَفْعَىْ,طلبَ حضور شخص بسلطة,MAPPED,,03
658,41,أمرَ,فعل,أمر,فَعَلَ,أصدرَ توجيهاً لشخص,MAPPED,,03
659,41,حثّ,فعل,حثث,فَعَّلَ,شجّعَ أو استرحمَ بجدية,MAPPED,,03
10219,41,استدعاء,اسم جامد,دعو,اِسْتِفْعَاء,الالهام أو الطلب الرسمي,MAPPED,,03
11045,41,دعاه,فعل,دعو,فَعَاه,طلبَ بأدب من شخص,MAPPED,,03
14693,41,دعوة,اسم جامد,دعو,فَعْوَة,الطلب الرسمي نسبياً,MAPPED,,03
17184,41,أمرَ,فعل,أمر,فَعَلَ,طلبَ من شخص القيام بفعل,MAPPED,,03
17288,41,دعوة,اسم جامد,دعو,فَعْوَة,الطلب الرسمي من حضور حدث,MAPPED,,03
660,42,جواب,اسم جامد,جوب,فِعَال,ما يُقال أو يُكتب ردّاً على سؤال,MAPPED,,03
661,42,أجابَ,فعل,جوب,أَفْعَلَ,ردّ على سؤال,MAPPED,,03
662,42,ردّ سريع,تركيب,,,جواب فوري ذكي على انتقاد,MAPPED,,03
663,42,ردّ,فعل,ردد,فَعَّلَ,تحدّثَ أو تصرّفَ اعتراضاً,MAPPED,,03
664,42,ردّ,فعل,ردد,فَعَّلَ,قالَ ردّاً على كلام,MAPPED,,03
665,42,ردّ ذكي,تركيب,,,جواب حاد أو فطن,MAPPED,,03
666,42,ردّ,اسم جامد,ردد,فَعْل,كلام أو كتابة ترد على تحدّث,MAPPED,,03
667,42,ردّ,فعل,ردد,فَعَّلَ,قالَ أو كتبَ جواباً,MAPPED,,03
668,42,ردّ,فعل,ردد,فَعَّلَ,قالَ شيئاً جواباً أو ردّاً,MAPPED,,03
669,42,ردّ,اسم جامد,ردد,فَعْل,ردّ على تحدّث أو فعل,MAPPED,,03
670,42,ردّ حاد,تركيب,,,جواب حاد أو غاضب أو ذكي,MAPPED,,03
671,42,ردّ,فعل,ردد,فَعَّلَ,قالَ جواباً حادّاً أو غاضباً,MAPPED,,03
672,42,ردّ فطن,تركيب,,,جواب ذكي وسريع,MAPPED,,03
13269,42,ردّ,فعل,ردد,فَعَّلَ,قالَ في الردّ,MAPPED,,03
13323,42,ردّ فعل,تركيب,,,ردّ لفظي على موقف,MAPPED,,03
17434,42,أقرّ,فعل,قرر,أَفْعَلَ,ردّ على التواصل دون معلومات إضافية,MAPPED,,03
759,44,متحمّس,صفة مشبهة,حمس,مُتَفَعِّل,يعبّر بحماس غير متحفّظ,MAPPED,,03
760,44,سطحي,صفة مشبهة,سطح,فَعِيل,بليغ لكن غير أمين وسطحي,MAPPED,,03
761,44,موجز,صفة مشبهة,وجز,فَعِيل,يستخدم كلمات قليلة,MAPPED,,03
762,44,ثرثار,صفة مشبهة,ثرث,فَعّال,يميل إلى الحديث الكثير,MAPPED,,03
763,44,صامت,صفة مشبهة,صمت,فَاعِل,لا يكشف أفكاره بسهولة,MAPPED,,03
764,44,صامت,صفة مشبهة,صمت,فَاعِل,لا يميل إلى الكلام الكثير,MAPPED,,03
765,44,ثرثار,صفة مشبهة,ثرث,فَعّال,يحب أو يميل للحديث,MAPPED,,03
5220,44,ودّي,صفة مشبهة,ودد,فَعِيل,يحب الحوار الودي,MAPPED,,03
5221,44,فم كبير,تركيب,,,شخص عديم الحذر أو مختال بالكلام,MAPPED,,03
5222,44,فظّ,صفة مشبهة,فظظ,فَعّ,غير مهذّب أو بدون تدرّج,MAPPED,,03
5223,44,غليظ,صفة مشبهة,غلظ,فَعِيل,بحشمة أو بغلظة,MAPPED,,03
5224,44,متواصل,اسم فاعل,وصل,مُفَاعِل,متساهل وودّي وناطق,MAPPED,,03
5225,44,ثرثار,صفة مشبهة,ثرث,فَعّال,مفرط الثرثرة والسطحية,MAPPED,,03
5226,44,متحمّس,صفة مشبهة,حمس,مُتَفَعِّل,يتحدّث بحماس وبغزارة,MAPPED,,03
5227,44,متحمّس جداً,صفة مشبهة,حمس,فَاعِل,مفرط التحمّس والعاطفة,MAPPED,,03
5228,44,صامت,صفة مشبهة,صمت,فَاعِل,يبقى صامتاً لعدم الكشف,MAPPED,,03
5229,44,مفوّه,صفة مشبهة,فوه,مُفَوَّه,يتحدّث بتدفّق وبطلاقة,MAPPED,,03
5230,44,موجز,صفة مشبهة,وجز,فَعِيل,قليل الكلام وحاد,MAPPED,,03
5231,44,منطوٍ,صفة مشبهة,نطو,فَاعِل,غير مستعدّ للحديث,MAPPED,,03
5232,44,ثرثرة,اسم جامد,ثرث,فَعْلَلَة,كثرة الحديث والثرثرة,MAPPED,,03
5233,44,كثير الثرثرة,تركيب,,,شخص يتحدّث كثيراً بلا حذر,MAPPED,,03
5234,44,ثرثار,صفة مشبهة,ثرث,فَعّال,شخص يثرثر كثيراً,MAPPED,,03
5235,44,انطواء,اسم جامد,نطو,اِفْتِعَال,عدم الكشف عن الأفكار بسهولة,MAPPED,,03
5236,44,محتفظ,صفة مشبهة,حفظ,مُفَاعَل,بطيء في الكشف عن الآراء,MAPPED,,03
6935,44,صامت,صفة مشبهة,صمت,فَاعِل,متحفّظ أو قليل الكلام,MAPPED,,03
10842,44,صامت,صفة مشبهة,صمت,فَاعِل,يمتنع عن الكلام,MAPPED,,03
15391,44,هادئ,صفة مشبهة,هدو,فَاعِل,يميل للصمت والهدوء,MAPPED,,03
766,45,قَلِقَ,فعل,قلق,فَعِلَ,يقلق باستمرار ويظهر انزعاجاً,MAPPED,,03
767,45,ركبَ,فعل,ركب,فَعَلَ,يبالي بقلق مفرط,MAPPED,,03
768,45,قَلِقَ,فعل,قلق,فَعِلَ,يشعر أو يسبّب قلقاً على صعوبات,MAPPED,,03
5340,45,فقدَ النوم,تركيب,,,قلقَ إلى درجة عدم النوم,MAPPED,,03
7260,45,تألّمَ,فعل,ألم,تَفَعَّلَ,عانى قلقاً عقلياً شديداً,MAPPED,,03
10180,45,اهتمّ,فعل,هتم,اِفْتَعَلَ,اشغلَ بالتفكير المستمرّ,MAPPED,,03
10382,45,هوس,اسم جامد,هوس,فُعْل,الاشتغال المستمرّ المزعج,MAPPED,,03
891,49,غَلىَ,فعل,غلو,فَعِلَ,يثار أو يشتعل من انفعال,MAPPED,,03
892,49,احترقَ,فعل,حرق,اِفْتَعَلَ,يتملّكه رغبة أو انفعال,MAPPED,,03
893,49,استاء,فعل,ساء,اِسْتَفْعَلَ,يزعجه قيد أو إزعاج,MAPPED,,03
894,49,غَضِبَ,فعل,غضب,فَعِلَ,يشعر بغضب شديد,MAPPED,,03
895,49,غَلىَ,فعل,غلو,فَعِلَ,يفيض بغضب لكن مكبوت,MAPPED,,03
896,49,تَرنّحَ,فعل,رنح,تَفَعَّلَ,في حالة غضب مكبوت,MAPPED,,03
897,49,احترقَ,فعل,حرق,اِفْتَعَلَ,يعبّر عن شعور شديد مكبوت,MAPPED,,03
898,49,قَلىَ,فعل,قلو,فَعِلَ,بقيَ قلقاً أو منزعجاً,MAPPED,,03
899,50,خفّفَ,فعل,خفف,فَعَّلَ,جعل الألم أو الصعوبة أقلّ حدة,MAPPED,,03
900,50,علاج,اسم جامد,علج,فِعَال,مادة أو علاج يشفي,MAPPED,,03
901,50,شفىَ,فعل,شفو,فَعِلَ,أنهىَ مرضاً بعلاج,MAPPED,,03
902,50,شفىَ,فعل,شفو,فَعِلَ,جعل سليماً أو معافىً,MAPPED,,03
903,50,أعادَ,فعل,عود,أَفْعَلَ,استرجعَ الصحة بالعلاج,MAPPED,,03
904,50,إعادة تأهيل,تركيب,,,عملية إعادة الصحة أو الحياة الطبيعية,MAPPED,,03
905,50,عالجَ,فعل,علج,فَعَلَ,قدّم عناية طبية,MAPPED,,03
906,50,معالجة,اسم جامد,علج,مُفَاعَلَة,العناية الطبية,MAPPED,,03
4019,50,شافي,اسم فاعل,شفو,فَاعِل,قابل للشفاء,MAPPED,,03
4020,50,عسر الشفاء,تركيب,,,غير قابل للشفاء,MAPPED,,03
4021,50,معالج,اسم فاعل,علج,مُفَاعِل,شخص يشفي,MAPPED,,03
4022,50,علاجي,صفة مشبهة,علج,فِعَالِي,قادر على الشفاء,MAPPED,,03
4023,50,علاج,اسم جامد,علج,فِعَال,دواء أو علاج,MAPPED,,03
4024,50,تخفيف,اسم جامد,خفف,تَفْعِيل,جعل الحالة أكثر تحمّلاً,MAPPED,,03
4025,50,علاج,اسم جامد,علج,فِعَال,دواء أو علاج,MAPPED,,03
4034,50,تأهيلي,صفة مشبهة,أهل,فِعَالِي,له وظيفة الاستشفاء,MAPPED,,03
4035,50,خفّفَ,فعل,خفف,فَعَّلَ,جعل أقلّ حدة أو خطورة,MAPPED,,03
4036,50,سكّنَ,فعل,سكن,فَعَّلَ,خفّفَ أعراض المرض,MAPPED,,03
4037,50,تسكين,اسم جامد,سكن,تَفْعِيل,تخفيف آثار المرض,MAPPED,,03
4038,50,مسكّن,اسم فاعل,سكن,مُفَعِّل,علاج مسكّن,MAPPED,,03
4039,50,مسكّن,صفة مشبهة,سكن,مُفَعِّل,يخفّف الألم بدون شفاء,MAPPED,,03
4040,50,علاج,اسم جامد,علج,فِعَال,معالجة للتخفيف أو الشفاء,MAPPED,,03
4041,50,علاجي,صفة مشبهة,علج,فِعَالِي,له تأثير إيجابي,MAPPED,,03
4042,50,معالج,اسم جامد,علج,مُفَاعِل,متخصّص بعلاج معيّن,MAPPED,,03
7849,50,أحيىَ,فعل,حيو,أَفْعَىْ,جعل نشطاً أو حيويّاً مجدداً,MAPPED,,03
14873,50,عالجَ,فعل,علج,فَعَلَ,شفىَ بعلاج,MAPPED,,03
15101,50,مرّض,فعل,رض,فَعَّلَ,عمل كممرّضة وبعناية,MAPPED,,03
907,51,تعافىَ,فعل,عاف,تَفَاعَلَ,تحسّنَ تدريجياً من مرض,MAPPED,,03
908,51,نقاهة,اسم جامد,قوه,فِعَالَة,الحالة أثناء التعافي,MAPPED,,03
909,51,شفىَ,فعل,شفو,فَعِلَ,صار سليماً أو معافىً,MAPPED,,03
910,51,تعافىَ,فعل,عاف,تَفَاعَلَ,عادَ للحالة الطبيعية,MAPPED,,03
911,51,تعافي,اسم جامد,عاف,تَفَعُّل,عملية العودة للصحة,MAPPED,,03
912,51,تعافىَ,فعل,عاف,تَفَاعَلَ,تحسّنَ من إنهاك,MAPPED,,03
913,51,تعافي,اسم جامد,عاف,تَفَعُّل,حالة التعافي,MAPPED,,03
10007,51,تحسّنَ,فعل,حسن,تَفَعَّلَ,أصبحَ أفضل,MAPPED,,03
17535,51,تحسّنَ,فعل,حسن,تَفَعَّلَ,أصبحَ أقلّ حدة,MAPPED,,03
914,52,حسّاس,صفة مشبهة,حسس,فَاعِل,متعلّق بحساسية,MAPPED,,03
915,52,حساسية,اسم جامد,حسس,فَعَالِيَّة,رد فعل مناعي ضارّ,MAPPED,,03
916,52,حسّاس,صفة مشبهة,حسس,فَاعِل,سريع التأثّر بالتغييرات,MAPPED,,03
917,52,حساسية,اسم جامد,حسس,فَعَالِيَّة,الحالة حسّاس,MAPPED,,03
918,52,عرضة,صفة مشبهة,عرض,فَعْلَة,قابل للتأثّر أو الضرر,MAPPED,,03
919,52,استعداد,اسم جامد,عدد,اِسْتِفْعَال,احتمال التأثّر الضرر,MAPPED,,03
922,53,موت,اسم جامد,موت,فُعْل,فعل أو حقيقة الموت,MAPPED,,03
923,53,وفاة,اسم جامد,وفو,فِعَالَة,موت الشخص,MAPPED,,03
924,53,مَاتَ,فعل,موت,فَعَلَ,توقّفَ عن الحياة,MAPPED,,03
933,53,هَلَكَ,فعل,هلك,فَعَلَ,مَاتَ خاصة بأعداد كبيرة,MAPPED,,03
2079,53,قاتل,اسم فاعل,قتل,فَاعِل,شخص يقتل,MAPPED,,03
2097,53,مَاتَ,فعل,موت,فَعَلَ,توقّفَ عن الحياة (عاميّ),MAPPED,,03
2098,53,تُوُفِّيَ,فعل,وفو,فُعِّلَ,مَاتَ (أرشايّ),MAPPED,,03
2099,53,جُوّعَ,فعل,جوع,فُعِّلَ,عانى أو مَاتَ من الجوع,MAPPED,,03
2230,53,جوع,اسم جامد,جوع,فُعْل,الموت من الجوع,MAPPED,,03
3990,53,انقضىَ,فعل,قضو,اِنْفَعَلَ,مَاتَ الشخص,MAPPED,,03
4049,53,وافىَ,فعل,وفو,فَاعَلَ,تُوُفِّيَ,MAPPED,,03
5307,53,مَاتَ,فعل,موت,فَعَلَ,توقّفَ عن الحياة (عاميّ),MAPPED,,03
6933,53,غَرِقَ,فعل,غرق,فَعِلَ,مَاتَ من الغرق,MAPPED,,03
8649,53,مَاتَ,فعل,موت,فَعَلَ,توقّفَ عن الحياة,MAPPED,,03
8916,53,اختنقَ,فعل,خنق,اِفْتَعَلَ,مَاتَ من نقص الأكسجين,MAPPED,,03
9089,53,اختنقَ,فعل,خنق,اِفْتَعَلَ,مَاتَ من نقص الهواء,MAPPED,,03
9127,53,اختناق,اسم جامد,خنق,اِفْتِعَال,الموت من نقص الهواء,MAPPED,,03
14966,53,وفيات,اسم جامد,وفو,فَعِيَات,موت الشخص أو الكائن,MAPPED,,03
17334,53,نهاية,اسم جامد,نهو,فِعَالَة,الموت,MAPPED,,03
18820,53,فانٍ,صفة مشبهة,فني,فَاعِل,مقدّرٌ أن يموت,MAPPED,,03
937,54,اقتراب,اسم جامد,قرب,اِفْتِعَال,فعل الاقتراب,MAPPED,,03
938,54,اقتربَ,فعل,قرب,اِفْتَعَلَ,تحرّكَ نحو بقرب,MAPPED,,03
939,54,وصول,اسم جامد,وصل,فُعُول,فعل الوصول,MAPPED,,03
940,54,وَصَلَ,فعل,وصل,فَعَلَ,وصلَ المقصد,MAPPED,,03
941,54,جَاءَ,فعل,جيء,فَاعَ,تحرّكَ نحو مكان,MAPPED,,03
942,54,دَخَلَ,فعل,دخل,فَعَلَ,دَخَلَ مكاناً,MAPPED,,03
943,54,دخول,اسم جامد,دخل,فُعُول,فعل الدخول,MAPPED,,03
944,54,عودة,اسم جامد,عود,فُعْلَة,فعل العودة,MAPPED,,03
945,54,عَادَ,فعل,عود,فَعَلَ,عَادَ إلى مكان,MAPPED,,03
946,54,زيارة,اسم جامد,زور,فِيَاعَة,فعل الزيارة,MAPPED,,03
947,54,زَارَ,فعل,زور,فَاعَ,ذهبَ لرؤية شخص,MAPPED,,03
4883,54,وَصَلَ,فعل,وصل,فَعَلَ,بلغَ المقصد,MAPPED,,03
4884,54,وَصَلَ,فعل,وصل,فَعَلَ,تمكّنَ من الوصول لمكان,MAPPED,,03
4885,54,وَصَلَ,فعل,وصل,فَعَلَ,وصلَ أو اقتربَ,MAPPED,,03
11062,54,وَصَلَ,فعل,وصل,فَعَلَ,تمكّنَ من الوصول,MAPPED,,03
12883,54,هبطَ,فعل,هبط,فَعَلَ,نزلَ على مكان,MAPPED,,03
12963,54,تجاوزَ,فعل,جوز,تَفَاعَلَ,وصلَ إلى قمة,MAPPED,,03
13510,54,دخول,اسم جامد,دخل,فُعُول,فعل الدخول أو الالتحاق,MAPPED,,03
14271,54,هجرة,اسم جامد,هجر,فِعْلَة,وصول أعداد كبيرة,MAPPED,,03
16383,54,وَصَلَ,فعل,وصل,فَعَلَ,وصلَ إلى مقصد,MAPPED,,03
16415,54,ظهرَ,فعل,ظهر,فَعَلَ,وصلَ فجأة,MAPPED,,03
16602,54,وَصَلَ,فعل,وصل,فَعَلَ,بلغَ المقصد أو الهدف,MAPPED,,03
948,55,رَمَى,فعل,رمي,فَعَلَ,إطلاق الشيء بقوة من اليد عبر الهواء,MAPPED,,04
949,55,قَذَفَ,فعل,قذف,فَعَلَ,رمي الشيء بقوة عظيمة كأنه برنقة,MAPPED,,04
950,55,رَمَى,فعل,رمي,فَعَلَ,إطلاق الشيء بطريقة غير مبالية,MAPPED,,04
951,55,جَرَّ,فعل,جرر,فَعَّلَ,سحب شيء بقوة وخشونة,MAPPED,,04
952,55,رَمَى,فعل,رمي,فَعَلَ,إطلاق الشيء بقوة عظيمة,MAPPED,,04
954,55,قَذَفَ,فعل,قذف,فَعَلَ,رمي الشيء بقوة عظيمة,MAPPED,,04
955,55,دَفَعَ,فعل,دفع,فَعَلَ,دفع شيء برفق تدريجي,MAPPED,,04
956,55,رَمَى,فعل,رمي,فَعَلَ,إطلاق الشيء برقة وعنف,MAPPED,,04
957,55,ضَغَطَ,فعل,ضغط,فَعَلَ,الضغط على شيء لتحريكه,MAPPED,,04
958,55,دَفَعَ,فعل,دفع,فَعَلَ,الضغط على شيء لتحريكه بعيداً,MAPPED,,04
959,55,دَفَعَ,فعل,دفع,فَعَلَ,دفع شيء بقوة وخشونة,MAPPED,,04
960,55,رَمَى,فعل,رمي,فَعَلَ,إطلاق الشيء بسرعة عبر الهواء,MAPPED,,04
961,55,دَفَعَ,فعل,دفع,فَعَلَ,الضغط المفاجئ العنيف,MAPPED,,04
962,55,رَمَى,فعل,رمي,فَعَلَ,إطلاق الشيء برفقة خفيفة,MAPPED,,04
963,55,سَحَبَ,فعل,سحب,فَعَلَ,جذب شيء بقوة وفجأة,MAPPED,,04
964,55,سَحَبَ,فعل,سحب,فَعَلَ,سحب شيء بقوة وفجأة,MAPPED,,04
10904,55,جَرَّ,فعل,جرر,فَعَّلَ,سحب شيء على السطح,MAPPED,,04
10905,55,سَحَبَ,فعل,سحب,فَعَلَ,جذب شيء في اتجاه معين,MAPPED,,04
11008,55,حَرَّكَ,فعل,حرك,فَعَّلَ,تحريك شيء بخفة,MAPPED,,04
11009,55,زَحْلَقَ,فعل,زحلق,فَعْلَلَ,تمرير شيء على سطح بنعومة,MAPPED,,04
11121,55,سَحَبَ,فعل,سحب,فَعَلَ,جذب شيء نحو الذات,MAPPED,,04
12055,55,قَادَ,فعل,قود,فَعَلَ,دفع شيء بقوة في اتجاه معين,MAPPED,,04
12056,55,حَرَّكَ,فعل,حرك,فَعَّلَ,إحداث حركة في شيء,MAPPED,,04
12057,55,أَجْبَرَ,فعل,جبر,أَفْعَلَ,إجبار شيء على الانتقال بالقوة,MAPPED,,04
12058,55,سَحَبَ,فعل,سحب,فَعَلَ,جذب شيء ثقيل بجهد,MAPPED,,04
14418,55,جَذَبَ,فعل,جذب,فَعَلَ,جذب شيء بقوة الجاذبية,MAPPED,,04
15048,55,ضَرَبَ,فعل,ضرب,فَعَلَ,ضرب شيء فجأة لتحريكه,MAPPED,,04
15050,55,رَكَلَ,فعل,ركل,فَعَلَ,ضرب الكرة برجل كاللعبة,MAPPED,,04
15053,55,دَحْرَجَ,فعل,درج,فَعْلَلَ,تدوير شيء على محوره,MAPPED,,04
15083,55,سَحَبَ,فعل,سحب,فَعَلَ,جذب شيء بسرعة وقوة,MAPPED,,04
15089,55,دَفَعَ,فعل,دفع,فَعَلَ,إحداث حركة بالقوة,MAPPED,,04
15094,55,قَذَفَ,فعل,قذف,فَعَلَ,رمي شيء بقوة,MAPPED,,04
15120,55,أَدْخَلَ,فعل,دخل,أَفْعَلَ,إدخال جسم حاد في شيء,MAPPED,,04
16133,55,نَقَلَ,فعل,نقل,فَعَلَ,نقل شيء من مكان إلى آخر,MAPPED,,04
16382,55,ضَرَبَ,فعل,ضرب,فَعَلَ,ضرب الشيء فيتحرك,MAPPED,,04
17187,55,رَمَى,فعل,رمي,فَعَلَ,رمي شيء بقوة عظيمة,MAPPED,,04
17646,55,أَسْقَطَ,فعل,سقط,أَفْعَلَ,ترك الشيء يسقط للأسفل,MAPPED,,04
17676,55,حَرَّكَ,فعل,حرك,فَعَّلَ,تحريك شيء بالمجرفة,MAPPED,,04
18533,55,دَفَعَ,فعل,دفع,فَعَلَ,دفع شيء قدماً,MAPPED,,04
18534,55,جَذَبَ,فعل,جذب,فَعَلَ,جذب شيء بقوة ولوي,MAPPED,,04
18535,55,جَذَبَ,فعل,جذب,فَعَلَ,جذب شيء بقوة ولوي,MAPPED,,04
18566,55,رَفَعَ,فعل,رفع,فَعَلَ,رفع شيء نحو الأعلى,MAPPED,,04
965,56,رَافَقَ,فعل,رفق,فَاعَلَ,الذهاب مع شخص إلى مكان,MAPPED,,04
966,56,طَارَدَ,فعل,طرد,فَاعَلَ,متابعة شخص لإمساكه,MAPPED,,04
967,56,قَادَ,فعل,قود,فَعَلَ,توجيه شخص إلى مكان,MAPPED,,04
968,56,رَافَقَ,فعل,رفق,فَاعَلَ,مرافقة شخص كحارس,MAPPED,,04
970,56,تَابَعَ,فعل,تبع,فَاعَلَ,المسير خلف شخص,MAPPED,,04
971,56,أَرْشَدَ,فعل,رشد,أَفْعَلَ,الدلالة على الطريق,MAPPED,,04
972,56,طَارَدَ,فعل,طرد,فَاعَلَ,المضايقة المستمرة بالملاحقة,MAPPED,,04
973,56,قَادَ,فعل,قود,فَعَلَ,توجيه شخص بالمسير,MAPPED,,04
974,56,طَالَبَ,فعل,طلب,فَاعَلَ,المتابعة للإمساك أو الهجوم,MAPPED,,04
975,56,تَابَعَ,فعل,تبع,فَاعَلَ,المراقبة السرية,MAPPED,,04
976,56,قَادَ,فعل,قود,فَعَلَ,التوجيه إلى مكان ما,MAPPED,,04
977,56,تَابَعَ,فعل,تبع,فَاعَلَ,المتابعة السرية لشخص,MAPPED,,04
978,56,تَتَبَّعَ,فعل,تبع,تَفَعَّلَ,متابعة المسار,MAPPED,,04
979,56,تَابَعَ,فعل,تبع,فَاعَلَ,متابعة الأثر,MAPPED,,04
4124,56,مُطَارَدَة,مصدر,طرد,مُفَاعَلَة,فعل متابعة شخص,MAPPED,,04
4125,56,مُطَارِد,اسم فاعل,طرد,مُفَاعِل,من يطارد,MAPPED,,04
4126,56,أَرْشَدَ,فعل,رشد,أَفْعَلَ,الدلالة على المسار,MAPPED,,04
6442,56,طَالَبَ,فعل,طلب,فَاعَلَ,المتابعة الحذرة,MAPPED,,04
7659,56,رَافَقَ,فعل,رفق,فَاعَلَ,المرافقة بدون دعوة,MAPPED,,04
10617,56,رَافَقَ,فعل,رفق,فَاعَلَ,المرافقة على الأقدام,MAPPED,,04
14365,56,مَقُودٌ,صفة مشبهة,قود,مَفْعُول,من يُقاد بواسطة آخر,MAPPED,,04
15138,56,تَابَعَ,فعل,تبع,فَاعَلَ,المتابعة المستمرة المؤلمة,MAPPED,,04
15139,56,تَابَعَ,فعل,تبع,فَاعَلَ,المتابعة المستمرة للخطوات,MAPPED,,04
15235,56,أَرْشَدَ,فعل,رشد,أَفْعَلَ,الدلالة على الطريق,MAPPED,,04
17673,56,قَادَ,فعل,قود,فَعَلَ,بدء المسير إلى مكان,MAPPED,,04
980,57,رَحَلَ,فعل,رحل,فَعَلَ,مغادرة المكان بسرعة وسرية,MAPPED,,04
983,57,غَادَرَ,فعل,غدر,فَاعَلَ,ترك المكان للسفر,MAPPED,,04
984,57,مُغَادَرَة,مصدر,غدر,مُفَاعَلَة,فعل ترك المكان,MAPPED,,04
987,57,اخْتَفَى,فعل,خفي,اِفْتَعَلَ,عدم الظهور بعد الآن,MAPPED,,04
988,57,اخْتِفَاء,مصدر,خفي,اِفْتِعَال,فعل عدم الظهور,MAPPED,,04
991,57,هُرُوب,اسم جامد,هرب,فُعُول,فعل الفرار,MAPPED,,04
992,57,هَرَبَ,فعل,هرب,فَعَلَ,الفرار من مكان,MAPPED,,04
998,57,تَوَارَى,فعل,وري,تَفَاعَلَ,الاختفاء بسرعة وكمال,MAPPED,,04
999,57,اخْتَفَى,فعل,خفي,اِفْتَعَلَ,عدم الظهور تماماً,MAPPED,,04
4030,57,هَرَبَ,فعل,هرب,فَعَلَ,المغادرة السريعة,MAPPED,,04
4031,57,خَرَجَ,فعل,خرج,فَعَلَ,الخروج من المكان,MAPPED,,04
8622,57,تَرَكَ,فعل,ترك,فَعَلَ,المغادرة والابتعاد,MAPPED,,04
9104,57,خَرَجَ,فعل,خرج,فَعَلَ,الظهور من مكان مخفي,MAPPED,,04
10125,57,خُرُوج,اسم جامد,خرج,فُعُول,فعل مغادرة المكان,MAPPED,,04
11762,57,هِجْرَة,اسم جامد,هجر,فِعْلَة,مغادرة جماعية,MAPPED,,04
1002,58,فَرَّغَ,فعل,فرغ,فَعَّلَ,تفريغ المكان من العوائق,MAPPED,,04
1003,58,فَرَّغَ,فعل,فرغ,فَعَّلَ,استنزاف السائل من الإناء,MAPPED,,04
1004,58,فَرَّغَ,فعل,فرغ,فَعَّلَ,إفراغ المحتويات من الحاوية,MAPPED,,04
1005,58,طَهَّرَ,فعل,طهر,فَعَّلَ,تنقية من الشوائب,MAPPED,,04
1006,58,تَجَرَّدَ,فعل,جرد,تَفَعَّلَ,إزالة الملحقات,MAPPED,,04
2477,58,عَزَلَ,فعل,عزل,فَعَلَ,حرمان من الملكية,MAPPED,,04
2478,58,تَخَلَّصَ,فعل,خلص,تَفَعَّلَ,تحرير من الأشياء الضارة,MAPPED,,04
2479,58,اسْتَخْرَجَ,فعل,خرج,اِسْتَفْعَلَ,استخراج الأحشاء,MAPPED,,04
2480,58,سَلَخَ,فعل,سلخ,فَعَلَ,إزالة الجلد,MAPPED,,04
2481,58,لَبَّ,فعل,لبب,فَعَّلَ,إزالة النواة,MAPPED,,04
2482,58,قَشَّرَ,فعل,قشر,فَعَّلَ,إزالة الغلاف الخارجي,MAPPED,,04
2483,58,أَفْرَغَ,فعل,فرغ,أَفْعَلَ,استخراج الأحشاء,MAPPED,,04
2485,58,نَزَعَ,فعل,نزع,فَعَلَ,إزالة العظام,MAPPED,,04
2593,58,أَزَالَ,فعل,زيل,أَفْعَلَ,إزالة الخلل البرمجي,MAPPED,,04
2594,58,أَزَالَ,فعل,زيل,أَفْعَلَ,إزالة الغابات,MAPPED,,04
2595,58,أَزَالَ,فعل,زيل,أَفْعَلَ,إزالة الدهون,MAPPED,,04
2596,58,أَزَالَ,فعل,زيل,أَفْعَلَ,إزالة الترسبات,MAPPED,,04
2597,58,أَخَذَ,فعل,اخذ,فَعَلَ,أخذ الجلد من العدو,MAPPED,,04
2658,58,ذَابَ,فعل,ذوب,فَاعَلَ,إزالة الجليد المتراكم,MAPPED,,04
3871,58,نَظَّفَ,فعل,نظف,فَعَّلَ,تنظيف من القمل,MAPPED,,04
4088,58,أَفْرَغَ,فعل,فرغ,أَفْعَلَ,استخراج الأحشاء,MAPPED,,04
4089,58,عَرَّى,فعل,عري,فَعَّلَ,تعرية من الملابس,MAPPED,,04
4149,58,فَرَّغَ,فعل,فرغ,فَعَّلَ,إزالة الحمل,MAPPED,,04
4151,58,فَرَّغَ,فعل,فرغ,فَعَّلَ,فعل تفريغ المحتويات,MAPPED,,04
4152,58,طَهَّرَ,فعل,طهر,فَعَّلَ,تنقية النص من المحتوى,MAPPED,,04
6267,58,فَرَّغَ,فعل,فرغ,فَعَّلَ,تفريغ الحاوية أو المساحة,MAPPED,,04
9471,58,أَخْلَى,فعل,خلي,أَفْعَلَ,إخلاء المبنى من الأشخاص,MAPPED,,04
13108,58,نَزَعَ,فعل,نزع,فَعَلَ,إزالة العظام,MAPPED,,04
13110,58,أَزَالَ,فعل,زيل,أَفْعَلَ,إزالة الوريد,MAPPED,,04
13111,58,نَزَعَ,فعل,نزع,فَعَلَ,سلب السلاح,MAPPED,,04
13112,58,نَزْع,اسم جامد,نزع,فَعْل,فعل نزع السلاح,MAPPED,,04
13213,58,طَهَّرَ,فعل,طهر,فَعَّلَ,إزالة المواد الضارة,MAPPED,,04
13214,58,تَطْهِير,مصدر,طهر,تَفْعِيل,فعل إزالة السموم,MAPPED,,04
13652,58,,,,,لا يوجد مقابل عربي مناسب,NO_ARABIC_EQUIVALENT,تحتاج مراجعة,04
14827,58,نَوَى,فعل,نوي,فَعَلَ,إزالة النواة من الفاكهة,MAPPED,,04
14828,58,قَشَّرَ,فعل,قشر,فَعَّلَ,إزالة البذور,MAPPED,,04
14829,58,نَزَعَ,فعل,نزع,فَعَلَ,إزالة النوى من الفاكهة,MAPPED,,04
14830,58,نَزَعَ,فعل,نزع,فَعَلَ,إزالة الساق,MAPPED,,04
15631,58,فَرَّغَ,فعل,فرغ,فَعَّلَ,تنظيف بتمرير السائل,MAPPED,,04
15633,58,حَذَفَ,فعل,حذف,فَعَلَ,الحذف التام للآثار,MAPPED,,04
15780,58,أَزَالَ,فعل,زيل,أَفْعَلَ,إزالة الأعشاب الضارة,MAPPED,,04
1017,60,طَقَّ,فعل,طقق,فَعَّلَ,الحركة بصوت حاد,MAPPED,,04
1018,60,طَنَّ,فعل,طنن,فَعَّلَ,الحركة بصوت طنين,MAPPED,,04
1019,60,تَمَّ,فعل,تمم,فَعَّلَ,الحركة بصوت انفجاري,MAPPED,,04
1020,60,طَقَّ,فعل,طقق,فَعَّلَ,الحركة بصوت طقة,MAPPED,,04
1021,60,رَنَّ,فعل,رنن,فَعَّلَ,الحركة بصوت معادني عالٍ,MAPPED,,04
1022,60,طَقَّ,فعل,طقق,فَعَّلَ,الحركة بصوت طقة معادنية,MAPPED,,04
1023,60,خَطَّ,فعل,خطط,فَعَّلَ,الحركة بصوت خرخشة,MAPPED,,04
1024,60,طَقَّ,فعل,طقق,فَعَّلَ,الحركة بصوت طفيف حاد,MAPPED,,04
1025,60,طَقَّ,فعل,طقق,فَعَّلَ,الحركة بصوت طقة معادنية خفيفة,MAPPED,,04
1026,60,خَطَّ,فعل,خطط,فَعَّلَ,الحركة بصوت ثقيل,MAPPED,,04
1027,60,طَقَّ,فعل,طقق,فَعَّلَ,الحركة بصوت طقة ثقيلة,MAPPED,,04
1028,60,خَشّ,فعل,خشش,فَعَّلَ,الحركة بأصوات خاشة,MAPPED,,04
1029,60,دَوَّ,فعل,دوو,فَعَّلَ,الحركة بصوت تحطم,MAPPED,,04
1030,60,صَرَّ,فعل,صرر,فَعَّلَ,الحركة بصوت حاد مؤلم,MAPPED,,04
1031,60,حَطّ,فعل,حطط,فَعَّلَ,الحركة بصوت طحن,MAPPED,,04
1032,60,فَزّ,فعل,فزز,فَعَّلَ,الحركة بصوت فرقعة,MAPPED,,04
1033,60,غَرْغَرَ,فعل,غرغر,فَعْلَلَ,الحركة بصوت غرغرة,MAPPED,,04
1034,60,عَوَى,فعل,عوي,فَعَلَ,الحركة بصوت عويل,MAPPED,,04
1035,60,خَطّ,فعل,خطط,فَعَّلَ,الجري بصوت طقات خفيفة,MAPPED,,04
1036,60,طَقَّ,فعل,طقق,فَعَّلَ,الحركة بصوت رنين عالٍ,MAPPED,,04
1037,60,خَرّ,فعل,خرر,فَعَّلَ,الحركة بصوت خرخرة,MAPPED,,04
1038,60,طَقَّ,فعل,طقق,فَعَّلَ,الحركة بصوت انفجاري متقطع,MAPPED,,04
1039,60,صَرَخَ,فعل,صرخ,فَعَلَ,الحركة بصوت رعد,MAPPED,,04
1040,60,دَوّ,فعل,دوو,فَعَّلَ,الحركة بصوت رعدي,MAPPED,,04
1041,60,خَشّ,فعل,خشش,فَعَّلَ,الحركة بصوت خشخشة,MAPPED,,04
1042,60,صَرَخَ,فعل,صرخ,فَعَلَ,الحركة بصوت صراخ حاد,MAPPED,,04
1043,60,رَشّ,فعل,رشش,فَعَّلَ,الضربة أو الحركة في الماء,MAPPED,,04
1044,60,خَطّ,فعل,خطط,فَعَّلَ,الحركة بأصوات متفجرة,MAPPED,,04
1045,60,خَشّ,فعل,خشش,فَعَّلَ,الحركة بصوت فرقعة,MAPPED,,04
1046,60,خَفّ,فعل,خفف,فَعَّلَ,الحركة بصوت هسهسة,MAPPED,,04
1047,60,دَقّ,فعل,دقق,فَعَّلَ,الحركة بصوت مملّ,MAPPED,,04
1048,60,دَقّ,فعل,دقق,فَعَّلَ,الحركة بصوت قوي ثقيل,MAPPED,,04
1049,60,دَوّ,فعل,دوو,فَعَّلَ,الحركة بصوت رعدي قوي,MAPPED,,04
1050,60,خَطّ,فعل,خطط,فَعَّلَ,الحركة بصوت صفير غير منتظم,MAPPED,,04
1051,60,أَنّ,فعل,انن,أَفْعَلَ,الحركة بصوت عالٍ متصل,MAPPED,,04
1052,60,خَفّ,فعل,خفف,فَعَّلَ,الحركة بصوت هسهسة,MAPPED,,04
1053,60,طَارَ,فعل,طير,فَاعَلَ,الحركة السريعة,MAPPED,,04
9505,60,صَفّ,فعل,صفف,فَعَّلَ,الحركة بصوت صفير,MAPPED,,04
1054,61,اتّجَهَ,فعل,جهة,اِفْتَعَلَ,الحركة بزاوية,MAPPED,,04
1055,61,اتّجَهَ,فعل,جهة,اِفْتَعَلَ,انحراف المسار في اتجاه,MAPPED,,04
1056,61,عَبّ,فعل,عبب,فَعَّلَ,التنقل عبر مكان ذهاباً وإياباً,MAPPED,,04
1057,61,عَبّ,فعل,عبب,فَعَّلَ,الانتقال إلى الجانب الآخر,MAPPED,,04
1058,61,نَزَلَ,فعل,نزل,فَعَلَ,الحركة نحو الأسفل كمسار,MAPPED,,04
1059,61,انْحَدَرَ,فعل,حدر,اِنْفَعَلَ,الميل نحو الأسفل,MAPPED,,04
1060,61,هَبَطَ,فعل,هبط,فَعَلَ,السقوط الرأسي,MAPPED,,04
1061,61,زَحَفَ,فعل,زحف,فَعَلَ,الحركة على الحافة الخارجية,MAPPED,,04
1062,61,ظَهَرَ,فعل,ظهر,فَعَلَ,الظهور التدريجي المرئي,MAPPED,,04
1063,61,خَرَجَ,فعل,خرج,فَعَلَ,الخروج من المكان,MAPPED,,04
1064,61,رَحَلَ,فعل,رحل,فَعَلَ,المسار البعيد عن المكان,MAPPED,,04
1065,61,تَعَرّجَ,فعل,عرج,تَفَعَّلَ,اتباع مسار متعرج,MAPPED,,04
1068,61,وَصَلَ,فعل,وصل,فَعَلَ,التمدد إلى الوجهة,MAPPED,,04
1069,61,ارْتَفَعَ,فعل,رفع,اِفْتَعَلَ,الميل نحو الأعلى,MAPPED,,04
1070,61,أَحَاطَ,فعل,حيط,أَفْعَلَ,المسير حول حافة شيء,MAPPED,,04
1071,61,انْحَدَرَ,فعل,حدر,اِنْفَعَلَ,الميل في اتجاه معين,MAPPED,,04
1072,61,التَوَى,فعل,لوي,اِفْتَعَلَ,التواء المسار,MAPPED,,04
1073,61,اِنْحَرَفَ,فعل,حرف,اِنْفَعَلَ,الانحراف المفاجئ,MAPPED,,04
1074,61,اِنْحَرَفَ,فعل,حرف,اِنْفَعَلَ,تغيير الاتجاه المفاجئ,MAPPED,,04
1075,61,عَبّ,فعل,عبب,فَعَّلَ,الحركة ذهاباً وإياباً,MAPPED,,04
1076,61,اِنْحَرَفَ,فعل,حرف,اِنْفَعَلَ,تغيير الاتجاه فجأة,MAPPED,,04
1077,61,انْسَاجَ,فعل,سوج,اِنْفَعَلَ,التحرك من جانب لآخر,MAPPED,,04
1078,61,التَوَى,فعل,لوي,اِفْتَعَلَ,المسار الملتوي,MAPPED,,04
1079,61,تَعَرّجَ,فعل,عرج,تَفَعَّلَ,المسار المتعرج,MAPPED,,04
5034,61,تَمَوّجَ,فعل,موج,تَفَعَّلَ,المسار الموجي الناعم,MAPPED,,04
5036,61,التِوَاء,اسم جامد,لوي,اِفْتِعَال,حركة ملتوية,MAPPED,,04
5037,61,التِوَاء,اسم جامد,لوي,اِفْتِعَال,حركة ملتوية,MAPPED,,04
5038,61,ملتَوٍ,صفة مشبهة,لوي,مَفْتُول,متعرج ملتوٍ,MAPPED,,04
5040,61,ملتَوٍ,صفة مشبهة,لوي,مَفْتُول,متعرج ملتوٍ,MAPPED,,04
5050,61,ارْتَقَى,فعل,رقي,اِفْتَعَلَ,الصعود للأعلى,MAPPED,,04
5051,61,صُعُود,اسم جامد,صعد,فُعُول,مسار منحدر للأعلى,MAPPED,,04
5052,61,اِنْحَرَفَ,فعل,حرف,اِنْفَعَلَ,الانحراف عن الخط المستقيم,MAPPED,,04
5053,61,نُزُول,اسم جامد,نزل,فُعُول,مسار منحدر للأسفل,MAPPED,,04
5054,61,غَاصَ,فعل,غيص,فَاعَلَ,الهبوط الحاد للأسفل,MAPPED,,04
5055,61,ظُهُور,اسم جامد,ظهر,فُعُول,فعل الظهور التدريجي,MAPPED,,04
5727,61,بَلَغَ,فعل,بلغ,فَعَلَ,الانتهاء في القمة,MAPPED,,04
8397,61,الْتَفّ,فعل,لفف,اِفْتَعَلَ,المرور حول شيء,MAPPED,,04
9285,61,دَخَلَ,فعل,دخل,فَعَلَ,دخول الطريق الماء إلى منطقة,MAPPED,,04
10920,61,عَبّ,فعل,عبب,فَعَّلَ,المسير بجانب شيء,MAPPED,,04
11971,61,خَاضَ,فعل,خوض,فَاعَلَ,العبور في مكان ضحل,MAPPED,,04
13087,61,التَوَى,فعل,لوي,اِفْتَعَلَ,المسار الملتوي,MAPPED,,04
17740,61,مَرّ,فعل,مرر,فَعَّلَ,المرور دون توقف,MAPPED,,04
1265,65,طَارَ,فعل,طير,فَاعَلَ,الحركة بواسطة منطاد,MAPPED,,04
1266,65,رَكِبَ,فعل,ركب,فَعِلَ,الركوب على دراجة,MAPPED,,04
1267,65,قَادَ,فعل,قود,فَعَلَ,قيادة الدراجة الهوائية,MAPPED,,04
1268,65,أَبْحَرَ,فعل,بحر,أَفْعَلَ,السفر بالقارب,MAPPED,,04
1269,65,جَذّ,فعل,جذذ,فَعَّلَ,السفر في الكانو,MAPPED,,04
1270,65,رَحَلَ,فعل,رحل,فَعَلَ,السفر في صف من المركبات,MAPPED,,04
1273,65,رَكِبَ,فعل,ركب,فَعِلَ,قيادة الدراجة,MAPPED,,04
1278,65,قَادَ,فعل,قود,فَعَلَ,السفر بالسيارة,MAPPED,,04
1279,65,جَذّ,فعل,جذذ,فَعَّلَ,دفع القارب بالمجداف,MAPPED,,04
1280,65,نَزَلَ,فعل,نزل,فَعَلَ,الهبوط بالمظلة,MAPPED,,04
1281,65,دَاسَ,فعل,دوس,فَاعَلَ,تحريك الدراجة بالدواسات,MAPPED,,04
1282,65,رَكِبَ,فعل,ركب,فَعِلَ,السفر بالزورق,MAPPED,,04
1283,65,رَكِبَ,فعل,ركب,فَعِلَ,السفر على الرافعة,MAPPED,,04
1285,65,جَذّ,فعل,جذذ,فَعَّلَ,دفع القارب بالمجاديف,MAPPED,,04
1287,65,انْزَلَقَ,فعل,زلق,اِنْفَعَلَ,الحركة على الجليد,MAPPED,,04
1288,65,رَكِبَ,فعل,ركب,فَعِلَ,الركوب على الزحاف,MAPPED,,04
1289,65,أَبْحَرَ,فعل,بحر,أَفْعَلَ,السفر ضد الرياح,MAPPED,,04
1290,65,تَحَرَّكَ,فعل,حرك,تَفَعَّلَ,حركة الطائرة ببطء على الأرض,MAPPED,,04
1291,65,رَكِبَ,فعل,ركب,فَعِلَ,الركوب على الزحاف,MAPPED,,04
8858,65,قَادَ,فعل,قود,فَعَلَ,التحكم بسلاسة بالمركبة,MAPPED,,04
8863,65,قَادَ,فعل,قود,فَعَلَ,التحكم بالسيارة والاتجاه,MAPPED,,04
8880,65,رَكِبَ,فعل,ركب,فَعِلَ,الركوب والتحكم بالحيوان,MAPPED,,04
8882,65,أَبْحَرَ,فعل,بحر,أَفْعَلَ,التحكم بحركة المركب المائي,MAPPED,,04
9740,65,طَارَ,فعل,طير,فَاعَلَ,التحكم برحلة الطائرة,MAPPED,,04
1292,66,حَضَرَ,فعل,حضر,فَعَلَ,وجّه انتباهه بقصد نحو شيء لإدراكه حسياً,MAPPED,,05
1294,66,تَنَصَّتَ,فعل,نصت,تَفَعَّلَ,استرق السمع إلى حديث دون علم المتحدثين,MAPPED,,05
1295,66,لَمَسَ,فعل,لمس,فَعَلَ,أدرك شيئاً باللمس للفحص أو البحث,MAPPED,,05
1296,66,نَظَرَة,اسم جامد,نظر,فَعَلَة,إطلاق البصر المركّز والمتواصل على شيء,MAPPED,,05
1297,66,حَدَقَ,فعل,حدق,فَعَلَ,نظر نظراً متواصلاً وشديداً بقصد,MAPPED,,05
1298,66,لَمْحَة,اسم جامد,لمح,فَعْلَة,نظرة سريعة أو عجلى,MAPPED,,05
1299,66,لَمَحَ,فعل,لمح,فَعَلَ,نظر نظرة سريعة أو مستعجلة,MAPPED,,05
1300,66,سَمِعَ,فعل,سمع,فَعِلَ,أدرك صوتاً بقصد أو اهتمام,MAPPED,,05
1301,66,نَظَر,اسم جامد,نظر,فَعَل,فعل توجيه البصر في اتجاه معيّن,MAPPED,,05
1302,66,نَظَرَ,فعل,نظر,فَعَلَ,وجّه بصره بقصد في اتجاه معيّن,MAPPED,,05
1303,66,مُلاحَظَة,مصدر,لاحظ,مُفَاعَلَة,فعل الرقابة الدقيقة والمتابعة المركّزة,MAPPED,,05
1305,66,جَسَّ,فعل,جسس,فَعَّلَ,فحص عضواً من الجسم باللمس لأغراض طبية,MAPPED,,05
1306,66,نَظْرَة,اسم جامد,نظر,فَعْلَة,نظر سريع أو خاطف أو مختلس,MAPPED,,05
1307,66,اطَّلَعَ,فعل,طلع,اِفْتَعَلَ,نظر بسرعة أو التفاتاً خاطفاً,MAPPED,,05
1308,66,نَظَرَ خِلْسَة,تركيب,,,نظر سريعاً وخاطفاً بدون إظهار,MAPPED,,05
1309,66,تَفَحَّصَ,فعل,فحص,تَفَعَّلَ,نظر بجهد أو انتباه عميق,MAPPED,,05
1310,66,تَذَوَّقَ,فعل,ذوق,تَفَعَّلَ,استمتع بطعم الطعام والشراب الطيب بقصد,MAPPED,,05
1311,66,شَمَّ,فعل,شمم,فَعَّلَ,أدرك رائحة الشيء بنية معرفة رائحته,MAPPED,,05
1312,66,شَمٌّ,اسم جامد,شمم,فَعْل,سحب الهواء من الأنف للشم بقصد,MAPPED,,05
1313,66,شَمَّ,فعل,شمم,فَعَّلَ,استنشق شيئاً بقصد لإدراك رائحته,MAPPED,,05
1314,66,تَجَسَّسَ,فعل,جسس,تَفَعَّلَ,راقب بقصد وسرية دون علم الآخرين,MAPPED,,05
1315,66,حَدْقَة,اسم جامد,حدق,فَعْلَة,نظرة شديدة ثابتة بعيون مفتوحة كبيرة,MAPPED,,05
1316,66,حَدَقَ,فعل,حدق,فَعَلَ,نظر نظراً ثابتاً وشديداً بعيون واسعة,MAPPED,,05
1317,66,طَعْم,اسم جامد,طعم,فَعْل,الإحساس الذي يعطيه الطعام في الفم,MAPPED,,05
1318,66,ذَاقَ,فعل,ذوق,فَعَلَ,أدرك طعم الطعام بالفم لتمييزه,MAPPED,,05
1319,66,شَاهَدَ,فعل,شهد,فَاعَلَ,نظر بانتباه لفحص شيء أو مراقبته,MAPPED,,05
1320,66,رَاقَبَ,فعل,رقب,فَاعَلَ,نظر بانتباه واستمرار لمراقبة شيء,MAPPED,,05
8089,66,أَغْمَضَ,فعل,غمض,أَفْعَلَ,نظر بعيون منغمضة جزئياً,MAPPED,,05
8707,66,أَعْجِبَ,فعل,عجب,أَفْعَلَ,نظر بلذة واستحسان,MAPPED,,05
10188,66,رَمَقَ,فعل,رمق,فَعَلَ,نظر بانتباه وتمعّن,MAPPED,,05
13235,66,فَغَرَ,فعل,فغر,فَعَلَ,فتح الفم وحدّق بدهشة أو تعجب,MAPPED,,05
13236,66,حَدَّقَ,فعل,حدق,فَعَّلَ,حدّق بحماقة أو بلاهة وبصراحة,MAPPED,,05
13237,66,جَحَظَ,فعل,جحظ,فَعَلَ,فتح العيون جداً بدهشة أو عجب,MAPPED,,05
1321,67,بَدَا,فعل,بدو,فَعَلَ,أعطى انطباعاً أوليّاً معيّناً,MAPPED,,05
1322,67,بَدَا,فعل,بدو,فَعَلَ,أعطى مظهراً أو انطباعاً معيّناً,MAPPED,,05
1323,67,بَدَا,فعل,بدو,فَعَلَ,أعطى مظهراً أو انطباعاً محدّداً,MAPPED,,05
1324,67,نَتَنَ,فعل,نتن,فَعَلَ,أطلق رائحة سيئة شديدة,MAPPED,,05
1325,67,بَدَا,فعل,بدو,فَعَلَ,أعطى انطباعاً محدّداً,MAPPED,,05
1326,67,نَتِنَ,فعل,نتن,فَعِلَ,أطلق رائحة كريهة أو قوية,MAPPED,,05
1327,67,بَدَا,فعل,بدو,فَعَلَ,أعطى انطباعاً معيّناً عند السماع,MAPPED,,05
1328,67,نَتِنَ,فعل,نتن,فَعِلَ,أطلق رائحة كريهة جداً,MAPPED,,05
1329,67,طَعِمَ,فعل,طعم,فَعِلَ,أعطى طعماً محدّداً معيّناً,MAPPED,,05
1330,68,آلَمَ,فعل,ألم,أَفْعَلَ,شعر بألم مستمرّ في الجسم,MAPPED,,05
1331,68,حَرِقَ,فعل,حرق,فَعِلَ,شعر بألم كما لو من حرق,MAPPED,,05
1332,68,آلَمَ,فعل,ألم,أَفْعَلَ,شعر عضو من الجسم بألم,MAPPED,,05
1333,68,حَكَّ,فعل,حكك,فَعَّلَ,شعر برغبة في الحك من إحساس مزعج,MAPPED,,05
1334,68,وَخَزَ,فعل,وخز,فَعَلَ,شعر بإحساس وخز أو طعن في الجلد,MAPPED,,05
1335,68,وَجَعَ,فعل,وجع,فَعَلَ,شعر بألم حادّ ولاذع,MAPPED,,05
1336,68,لَسَعَ,فعل,لسع,فَعَلَ,أحسّ بألم حادّ كاللسع,MAPPED,,05
1337,68,دَغْدَغَ,فعل,دغدغ,فَعْلَلَ,شعر بإحساس الدغدغة والضحك,MAPPED,,05
1338,68,خَفِقَ,فعل,خفق,فَعِلَ,شعر بإحساس طنين أو اهتزاز خفيف,MAPPED,,05
10118,68,أَسَاءَ,فعل,سوء,أَفْعَلَ,أصاب بمرض أو ألم جسدي,MAPPED,,05
11118,68,قِشْعَرِيرَة,اسم جامد,قشعر,فِعْلِيرَة,انتصاب الشعر في الجسم من برد أو خوف,MAPPED,,05
11560,68,أَلَمَ,فعل,ألم,أَفْعَلَ,سبّب ألماً جسديّاً أو عقليّاً,MAPPED,,05
11561,68,أَلَم,اسم جامد,ألم,أَفْعَل,إحساس غير سار قوي من مرض أو ألم,MAPPED,,05
15047,68,خَفِقَ,فعل,خفق,فَعِلَ,شعر بخفقان أو اهتزاز,MAPPED,,05
15056,68,دَارَ,فعل,دور,فَاعَلَ,شعر بدوار أو دوران الرأس,MAPPED,,05
15554,68,أَوْجَعَ,فعل,وجع,أَفْعَلَ,سبّب ألماً شديداً في عضو ما,MAPPED,,05
16906,68,عَدَم ارْتِيَاح,تركيب,,,حالة من الضيق والألم الجسدي,MAPPED,,05
17567,68,تَسَحَّجَ,فعل,سحج,تَفَعَّلَ,احتكّ الجلد حتى أصبح موجوعاً,MAPPED,,05
1530,70,رَصَدَ,فعل,رصد,فَعَلَ,أدرك شيئاً غير ملموس أو بالكاد يُرى,MAPPED,,05
1531,70,شَعَرَ,فعل,شعر,فَعَلَ,أدرك حدثاً من خلال إحساس جسدي,MAPPED,,05
1532,70,سَمِعَ,فعل,سمع,فَعِلَ,أدرك صوتاً بالأذن دون قصد,MAPPED,,05
1533,70,أَدْرَكَ,فعل,درك,أَفْعَلَ,أصبح واعياً أو مدركاً لشيء ما,MAPPED,,05
1534,70,إِدْرَاك,مصدر,درك,إِفْعَال,عملية الوعي والإدراك عبر الحواس,MAPPED,,05
1535,70,رَأَى,فعل,رأي,فَعَلَ,أدرك شيئاً بالعين دون قصد,MAPPED,,05
1536,70,شَعَرَ,فعل,شعر,فَعَلَ,أدرك أو انتبه لشيء بطريقة غامضة,MAPPED,,05
1537,70,شَمَّ,فعل,شمم,فَعَّلَ,أدرك أو كتشف رائحة بدون قصد,MAPPED,,05
1538,70,ذَاقَ,فعل,ذوق,فَعَلَ,أدرك أو اختبر طعماً ما,MAPPED,,05
9100,70,سَمِعَ خِلْسَة,تركيب,,,سمع حديثاً دون قصد أو بالصدفة,MAPPED,,05
10123,70,خِبْرَة,اسم جامد,خبر,فِعْلَة,حدث أو حالة تترك انطباعاً عميقاً,MAPPED,,05
14553,70,شَهِدَ,فعل,شهد,فَعِلَ,رأى حدثاً يقع أمامه كشاهد,MAPPED,,05
16899,70,اِخْتَبَرَ,فعل,خبر,اِفْتَعَلَ,مرّ بتجربة أو حدث ما,MAPPED,,05
1539,71,رَائِحَة عَطِرَة,تركيب,,,رائحة لطيفة وممتعة,MAPPED,,05
1540,71,رَائِحَة عَطِرَة,تركيب,,,رائحة ممتعة مميزة للنبيذ والعطور,MAPPED,,05
1541,71,إِحْسَاس,مصدر,حسس,إِفْعَال,الإحساس الذي يعطيه الجسم عند اللمس,MAPPED,,05
1542,71,شُعُور,اسم جامد,شعر,فُعُول,حالة عاطفية أو انفعالية,MAPPED,,05
1543,71,طَعْم,اسم جامد,طعم,فَعْل,الطعم المميز للطعام أو الشراب,MAPPED,,05
1544,71,رَائِحَة عَطِرَة,تركيب,,,رائحة طيبة وسارة,MAPPED,,05
1545,71,بُخُور,اسم جامد,بخر,فُعُول,مادة تُحرّق لرائحتها الطيبة,MAPPED,,05
1546,71,ضَجِيج,اسم جامد,ضجج,فَعِيل,صوت مرتفع وغير سار,MAPPED,,05
1547,71,رَائِحَة,اسم جامد,رايح,فَاعِلَة,رائحة مميزة تُدرك بالشم,MAPPED,,05
1548,71,إِدْرَاك,مصدر,درك,إِفْعَال,المقدرة على الإدراك عبر الحواس,MAPPED,,05
1549,71,رَائِحَة عَطِرَة,تركيب,,,رائحة لطيفة وسارة,MAPPED,,05
1550,71,رَائِحَة كَرِيهَة,تركيب,,,رائحة سيئة وغير محتملة,MAPPED,,05
1551,71,طَعْم,اسم جامد,طعم,فَعْل,الطعم المميز أو الرائحة أو الرائحة الخاصة,MAPPED,,05
1552,71,رَائِحَة طَيِّبَة,تركيب,,,رائحة عطرة مميزة وممتعة,MAPPED,,05
1553,71,إِحْسَاس,مصدر,حسس,إِفْعَال,الشعور الجسدي أو الإحساس الناتج عن شيء,MAPPED,,05
1554,71,شُعُور,اسم جامد,شعر,فُعُول,الوعي أو الشعور بشيء ما,MAPPED,,05
1555,71,رُؤْيَة,اسم جامد,رأي,فُعْلَة,فعل الرؤية أو المقدرة على الرؤية,MAPPED,,05
1556,71,رَائِحَة,اسم جامد,رايح,فَاعِلَة,الرائحة المتصاعدة من جسم ما,MAPPED,,05
1557,71,صَوْت,اسم جامد,صوت,فَعْل,الذبذبات التي تُسمع بالأذن,MAPPED,,05
1558,71,رَائِحَة كَرِيهَة,تركيب,,,رائحة سيئة وقوية جداً,MAPPED,,05
1559,71,طَعْم,اسم جامد,طعم,فَعْل,الإحساس الذي يعطيه الطعام في الفم,MAPPED,,05
1561,71,نَفْحَة,اسم جامد,نفح,فَعْلَة,رائحة خفيفة تُشم للحظات قصيرة,MAPPED,,05
10189,71,مَشْهَد,اسم جامد,شهد,مَفْعَل,صورة بصرية معقدة توحي بحالة أو موقف,MAPPED,,05
15717,71,صُورَة,اسم جامد,صور,فُعْلَة,ما يستحضره العقل من صور بصرية,MAPPED,,05
1743,81,سابِق,صفة مشبهة,سبق,فاعِل,ما جاء قبل في الترتيب الزمني,MAPPED,,06
1744,81,متأخِّر,صفة مشبهة,أخر,مُفَعَّل,من جاء متأخراً عن الموعد,MAPPED,,06
1747,81,مبكِّر,اسم فاعل,بكر,مُفَعِّل,من حدث قبل الموعد المتوقع,MAPPED,,06
1748,81,تابَعَ,فعل,تبع,فَعَلَ,حدث يأتي بعد حدث آخر,MAPPED,,06
1749,81,تالٍ,اسم فاعل,تلو,فاعِل,ما يأتي بعد في الترتيب,MAPPED,,06
1750,81,متأخِّر,صفة مشبهة,أخر,مُفَعَّل,ما جاء بعد الموعد المقرر,MAPPED,,06
1751,81,متأخِّر عن الموعد,تركيب,,,حدث تجاوز موعده المحدد,MAPPED,,06
1753,81,تقدَّمَ,فعل,قدم,تَفَعَّلَ,شيء يأتي قبل آخر زمناً,MAPPED,,06
1754,81,سابِق,صفة مشبهة,سبق,فاعِل,ما حدث قبل في الترتيب,MAPPED,,06
1755,81,سَبَقَ,فعل,سبق,فَعَلَ,وجود الشيء قبل زمن آخر,MAPPED,,06
1756,81,مبكِّر جداً,تركيب,,,حدث قبل الوقت الملائم كثيراً,MAPPED,,06
1757,81,سابِق,صفة مشبهة,سبق,فاعِل,ما وقع قبل في الزمن,MAPPED,,06
1758,81,سابِق,صفة مشبهة,سبق,فاعِل,موجود قبل في الترتيب,MAPPED,,06
1759,81,دقيق الموعد,تركيب,,,من يفعل في وقته المحدد,MAPPED,,06
1760,81,لاحِق,اسم فاعل,لحق,فاعِل,ما يأتي بعد في الزمن,MAPPED,,06
1761,81,متأخِّر,صفة مشبهة,أخر,مُفَعَّل,من تأخر عن الوقت,MAPPED,,06
10427,81,تابَعَ على الفور,تركيب,,,حدث يتبع آخر فوراً,MAPPED,,06
11630,81,مبكِّراً,ظرف,,,قبل الموعد المخطط المتوقع,MAPPED,,06
11631,81,متأخِّراً,ظرف,,,بعد الموعد المخطط المتوقع,MAPPED,,06
11640,81,لاحِقاً,ظرف,,,في وقت قريب من الآن,MAPPED,,06
11746,81,بعدَ,حرف,,,يدل على معقبية الحدث لآخر,MAPPED,,06
11799,81,أسبَقُ,صفة,سبق,أَفْعَل,من يحدث قبل وقت آخر,MAPPED,,06
11807,81,أسبَقُ للضرورة,تركيب,,,ما يحدث قريباً لأهمية,MAPPED,,06
12311,81,لاحِقاً,ظرف,,,في وقت بعد الآن مباشرة,MAPPED,,06
12549,81,سابِق,صفة مشبهة,سبق,فاعِل,ما كان موجوداً سابقاً,MAPPED,,06
13228,81,مع,ظرف,,,حدث مع آخر في نفس الوقت,MAPPED,,06
13298,81,متزامِن,اسم فاعل,زمن,مُتَفاعِل,ما يحدث في نفس الوقت,MAPPED,,06
13300,81,بينما,حرف,,,يدل على التزامن الزمني,MAPPED,,06
13771,81,حديث,صفة مشبهة,حدث,فَعِيل,ما حدث قريباً من الآن,MAPPED,,06
13865,81,أخير,صفة,أخر,أَفْعَل,الأكثر حداثة في الزمن,MAPPED,,06
13868,81,ماضٍ,صفة مشبهة,مضى,فاعِل,ما مضى زمانه ولم يعد,MAPPED,,06
14220,81,في الموعد,تركيب,,,في الوقت المحدد بدقة,MAPPED,,06
14222,81,بدقة الموعد,تركيب,,,بالالتزام بالوقت المقرر,MAPPED,,06
14223,81,دقة الموعد,مصدر,دقق,فَعْلَة,الالتزام بالوقت المقرر,MAPPED,,06
14603,81,القادِم,اسم فاعل,قدم,فاعِل,ما سيأتي بعد الحاضر,MAPPED,,06
14794,81,الأحدَث,صفة,حدث,أَفْعَل,الأكثر قرباً من الآن,MAPPED,,06
16412,81,في الليل,تركيب,,,في الساعات الأخيرة من اليوم,MAPPED,,06
17320,81,قادِم,اسم فاعل,قدم,فاعِل,ما سيحدث في المستقبل,MAPPED,,06
17325,81,حَدَثَ بعدُ,تركيب,,,حدث يقع بعد آخر,MAPPED,,06
2894,82,سِعْر,اسم جامد,سعر,فِعْل,مقدار المال مقابل السلعة,MAPPED,,06
2899,82,بِضاعَة,اسم جامد,بضع,فِعالَة,الأشياء المعروضة للبيع,MAPPED,,06
11145,82,تِجارَة,اسم جامد,جور,فِعالَة,نشاط البيع والشراء,MAPPED,,06
11783,82,مُهَرِّب,اسم فاعل,هرب,مُفَعِّل,من يتاجر بالبضائع المحرمة,MAPPED,,06
14394,82,عَرْض,مصدر,عرض,فَعْل,مجموع البائعين في المعاملات,MAPPED,,06
16140,82,بِضاعَة,اسم جامد,بضع,فِعالَة,مخزون البائع من السلع,MAPPED,,06
1772,83,مُحتَمَل,اسم فاعل,حمل,مُفْتَعِل,السعر الذي يطيقه الشخص,MAPPED,,06
1773,83,رخيص,صفة مشبهة,رخص,فَعِيل,قليل الثمن والقيمة,MAPPED,,06
1774,83,غالٍ,اسم فاعل,غلو,فاعِل,عالي الثمن والقيمة,MAPPED,,06
1775,83,مُفْرِط,اسم فاعل,فرط,مُفْعِل,السعر المرتفع جداً بلا معقول,MAPPED,,06
1776,83,غالٍ,اسم فاعل,غلو,فاعِل,عالي الثمن والسعر,MAPPED,,06
1777,83,مَجّاني,صفة,جون,مَفْعال,بلا ثمن ولا قيمة مالية,MAPPED,,06
1778,83,رخيص,صفة مشبهة,رخص,فَعِيل,قليل القيمة المالية,MAPPED,,06
1779,83,رخيص الثمن,تركيب,,,بسعر منخفض نسبياً,MAPPED,,06
1780,83,منخفِض السعر,تركيب,,,بأقل من السعر المعتاد,MAPPED,,06
1781,83,مُبالَغ فيه,اسم مفعول,بالغ,مُفاعَل,السعر المرتفع بلا حق,MAPPED,,06
1782,83,غالٍ,اسم فاعل,غلو,فاعِل,غالي الثمن بشكل غير عادي,MAPPED,,06
9190,83,كلَّفَ,فعل,كلف,فَعَّلَ,الثمن المطلوب لشراء الشيء,MAPPED,,06
9191,83,كُلْفَة,مصدر,كلف,فُعْلَة,مقدار المال المصروف,MAPPED,,06
9192,83,نَفَقَة,مصدر,نفق,فَعْلَة,التكاليف والمصروفات المالية,MAPPED,,06
9193,83,احْتِمال الثمن,تركيب,,,القدرة على تحمل ثمن,MAPPED,,06
17380,83,كلَّفَ,فعل,كلف,فَعَّلَ,ما يطلب من شخص من المال,MAPPED,,06
1783,84,قاسٍ,صفة مشبهة,قسو,فاعِل,خالٍ من الترف والنعيم,MAPPED,,06
1784,84,مُقْتَصِد,اسم فاعل,قصد,مُفْتَعِل,من ينفق المال بحكمة,MAPPED,,06
1785,84,مُسْرِف,اسم فاعل,سرف,مُفْعِل,من ينفق بلا حساب,MAPPED,,06
1786,84,وَفِر,اسم فاعل,وفر,فاعِل,من لا ينفق إلا الضروري,MAPPED,,06
1790,84,بخيل,صفة مشبهة,بخل,فَعِيل,من يكره إنفاق المال,MAPPED,,06
1791,84,محتاطٌ,اسم فاعل,حوط,مُفْتَعِل,من يقلل من الإنفاق,MAPPED,,06
1793,84,حَكيم,صفة مشبهة,حكم,فَعِيل,من يدير أمواله بحكمة,MAPPED,,06
4184,84,قَسْوَة,مصدر,قسو,فَعْلَة,الخلو من الراحة والرفاهية,MAPPED,,06
4187,84,مُوَفِّر,اسم فاعل,وفر,مُفَعِّل,من يحرص على عدم الإسراف,MAPPED,,06
4190,84,مُسْرِف,اسم فاعل,سرف,مُفْعِل,من ينفق بالتبذير,MAPPED,,06
4191,84,حِكْمَة الإنفاق,تركيب,,,عدم الإسراف والحكمة في المال,MAPPED,,06
4192,84,بَدَّدَ,فعل,بدد,فَعَّلَ,إهدار المال بلا حكمة,MAPPED,,06
4193,84,إسبارطي,صفة,,,قاسٍ في الحياة دخيل,MAPPED,,06
4194,84,مُسْرِف,اسم فاعل,سرف,مُفْعِل,من ينفق بلا حساب,MAPPED,,06
4195,84,إسراف,مصدر,سرف,إفْعال,الإنفاق بلا حساب والتبذير,MAPPED,,06
4196,84,تَوَفُّر,مصدر,وفر,تَفَعُّل,الاقتصاد في الإنفاق,MAPPED,,06
5337,84,بُخْل,مصدر,بخل,فُعْل,عدم الرغبة في إنفاق المال,MAPPED,,06
5338,84,أَهْدَرَ,فعل,هدر,أَفْعَلَ,إهدار المورد بلا فائدة,MAPPED,,06
5339,84,تَصَرَّفَ بحكمة,تركيب,,,استخدام المورد بحنكة,MAPPED,,06
9173,84,مُسْرِف,اسم فاعل,سرف,مُفْعِل,من ينفق بلا احتياط,MAPPED,,06
10381,84,تَقَتَّرَ,فعل,قتر,تَفَعَّلَ,كان شديد الاقتصاد,MAPPED,,06
15942,84,اِقْتِصاد,مصدر,قصد,اِفْتِعال,الحكمة في استخدام المال,MAPPED,,06
1794,85,غَنِي,صفة مشبهة,غنو,فَعِل,من يملك الكثير من المال,MAPPED,,06
1795,85,مُفْلِس,اسم فاعل,فلس,مُفْعِل,من نفد ماله تماماً,MAPPED,,06
1796,85,فَقير,صفة مشبهة,فقر,فَعِيل,من لا يملك مالاً كافياً,MAPPED,,06
1797,85,مِسْكين,صفة مشبهة,سكن,فِعِّيل,من يفتقد ضروريات الحياة,MAPPED,,06
1798,85,فَقير,صفة مشبهة,فقر,فَعِيل,من لا يملك المال الكافي,MAPPED,,06
1799,85,مُمَتَّع,اسم فاعل,متع,مُفَعَّل,من يتمتع بالثروة,MAPPED,,06
1800,85,مُزْدَهِر,اسم فاعل,زهر,مُفْتَعِل,من يملك الثروة والنجاح,MAPPED,,06
1801,85,غَنِي,صفة مشبهة,غنو,فَعِل,من يملك الثروة الكثيرة,MAPPED,,06
1802,85,مَحْرُوم,اسم مفعول,حرم,مَفْعُول,من لم يتمتع بحقوقه,MAPPED,,06
1803,85,غَنِي,صفة مشبهة,غنو,فَعِل,من يملك الثروة الكثيرة,MAPPED,,06
1804,85,مُيَسَّر,اسم مفعول,يسر,مُفَعَّل,من يتمتع بحالة مالية جيدة,MAPPED,,06
10302,85,فَقْر,مصدر,فقر,فَعْل,حالة عدم امتلاك المال,MAPPED,,06
13786,85,مُفْقَّر,اسم مفعول,فقر,مُفَعَّل,من أصبح فقيراً جداً,MAPPED,,06
1805,87,حَثَّ,فعل,حثث,فَعَّلَ,طلب إقناع الآخر بقوة,MAPPED,,06
1809,87,أَنْذَرَ,فعل,نذر,أَفْعَلَ,تحذير الآخر بحزم,MAPPED,,06
1810,87,نَصَحَ,فعل,نصح,فَعَلَ,تقديم مسار عمل مقترح,MAPPED,,06
1812,87,سأَلَ بتضرع,تركيب,,,طلب بتذلل وتوسل,MAPPED,,06
1813,87,تَمَلَّقَ,فعل,ملق,تَفَعَّلَ,إقناع بالمجاملة المستمرة,MAPPED,,06
1818,87,حَثَّ بقوة,تركيب,,,تشجيع قوي على عمل,MAPPED,,06
1820,87,ضَغَطَ,فعل,ضغط,فَعَلَ,محاولة إجبار على الفعل,MAPPED,,06
1821,87,أَقْنَعَ,فعل,قنع,أَفْعَلَ,جعل الآخر يقتنع,MAPPED,,06
10117,87,ضَغَطَ بقوة,تركيب,,,بذل جهد قوي للإقناع,MAPPED,,06
11455,87,ضَغْط,مصدر,ضغط,فَعْل,استخدام الإرغام,MAPPED,,06
13116,87,لَوَّح,فعل,لوح,فَعَّلَ,محاولة التأثير على القرار,MAPPED,,06
13475,87,دَافَعَ عن,فعل,دفع,فاعَلَ,دعم فكرة بقوة,MAPPED,,06
16340,87,اقْتَرَحَ,فعل,قرح,اِفْتَعَلَ,عرض فكرة للتفكير فيها,MAPPED,,06
16934,87,أَوْصَى,فعل,وصى,أَفْعَى,اقتراح مسار عمل,MAPPED,,06
18450,87,اقْتِراح,مصدر,قرح,اِفْتِعال,عرض فكرة للنظر فيها,MAPPED,,06
18519,87,فَرَضَ,فعل,فرض,فَعَلَ,الأمر الحتمي لفعل شيء,MAPPED,,06
2500,88,حَدَثَ,فعل,حدث,فَعَلَ,تحقق واقعة أو حدث,MAPPED,,06
15115,88,أَثَّرَ سلباً,تركيب,,,حدث بتأثير سيء,MAPPED,,06
16366,88,شَهِدَ,فعل,شهد,فَعِلَ,تجربة وقوع حدث ما,MAPPED,,06
16385,88,ضَرَبَ بقوة,تركيب,,,حدث مفاجئ بتأثير سيء,MAPPED,,06
17475,88,أَصابَ,فعل,صوب,أَفْعَلَ,حدث بتأثير سيء,MAPPED,,06
18704,88,عانَى,فعل,عون,فاعَلَ,تحمل الشخص لأذى,MAPPED,,06
1859,89,أَقْنَعَ,فعل,قنع,أَفْعَلَ,جعل الآخر يصدق,MAPPED,,06
1860,89,ثَنَى عن,فعل,ثنو,فَعَلَ,إثناء عن الفعل,MAPPED,,06
1861,89,حَرَّكَ,فعل,حرك,فَعَّلَ,إعطاء دافع لفعل,MAPPED,,06
1862,89,أَقْنَعَ,فعل,قنع,أَفْعَلَ,إثابة على الفعل,MAPPED,,06
1863,89,أَثَّرَ على,تركيب,,,تغيير رأي الآخر,MAPPED,,06
18493,89,حَرَّضَ,فعل,حرض,فَعَّلَ,تشجيع السلوك السيء,MAPPED,,06
1864,90,حَرَّضَ,فعل,حرض,فَعَّلَ,تحفيز بالكلام على عمل,MAPPED,,06
1865,90,دَفَعَ,فعل,دفع,فَعَلَ,إنجاح إقناع الآخر,MAPPED,,06
1866,90,أَثَّرَ,فعل,أثر,أَفْعَلَ,وجود تأثير على الآخر,MAPPED,,06
1868,90,دَفَعَ بهم,تركيب,,,حمل الآخر على الفعل,MAPPED,,06
1869,90,تَكَلَّمَ عن,تركيب,,,إقناع بوجهة نظر بالحديث,MAPPED,,06
1895,92,خَدَعَ,فعل,خدع,فَعَلَ,تضليل الآخر عن الحقيقة,MAPPED,,06
1896,92,احْتالَ,فعل,حول,اِفْتَعَلَ,الحصول على المال بخداع,MAPPED,,06
1897,92,نَصَبَ الفخ,تركيب,,,خداع الآخر للقيام بفعل,MAPPED,,06
1898,92,ألحّ,فعل,لحح,فَعَّلَ,الإلحاح المزعج على الآخر,MAPPED,,06
1899,92,خَادَعَ,فعل,خدع,فاعَلَ,غش الآخر بالماكرة,MAPPED,,06
1951,92,تَمَلَّقَ,فعل,ملق,تَفَعَّلَ,الإفراط في المدح,MAPPED,,06
1952,92,أَغْرَى,فعل,غرو,أَفْعَى,إغراء الآخر بفعل شيء,MAPPED,,06
1953,92,غَشَّ,فعل,غش,فَعَّلَ,التصرف بعدم أمانة,MAPPED,,06
1955,92,تَحَكَّمَ,فعل,حكم,تَفَعَّلَ,السيطرة على الآخر بمكر,MAPPED,,06
1956,92,أَتْعَبَ,فعل,تعب,أَفْعَلَ,إزعاج الآخر بالتكرار,MAPPED,,06
1957,92,تَوَعَّدَ,فعل,وعد,تَفَعَّلَ,التهديد للسيطرة,MAPPED,,06
1958,92,تَمَلَّقَ,فعل,ملق,تَفَعَّلَ,إقناع بالمجاملة,MAPPED,,06
1959,92,تَنَمَّرَ على,تركيب,,,الإرهاب والتخويف,MAPPED,,06
13105,92,خَدَعَ,فعل,خدع,فَعَلَ,تضليل أو سخرية,MAPPED,,06
13106,92,خَدَعَ,فعل,خدع,فَعَلَ,جعل يصدق الكذب,MAPPED,,06
18509,92,الْتَحَمَ بقوة,تركيب,,,الإرغام على الفعل,MAPPED,,06
1960,94,سَرَقَ,فعل,سرق,فَعَلَ,أخذ ملك الآخر بدون حق,MAPPED,,06
1961,94,اخْتَلَسَ,فعل,خلس,اِفْتَعَلَ,السرقة بخيانة الثقة,MAPPED,,06
1962,94,اخْتَلَسَ,فعل,خلس,اِفْتَعَلَ,سرقة خاطفة صغيرة,MAPPED,,06
1963,94,سَرَقَ بسرعة,تركيب,,,سرقة أشياء صغيرة,MAPPED,,06
1964,94,نَهَبَ,فعل,نهب,فَعَلَ,سرقة مستمرة صغيرة,MAPPED,,06
1965,94,سَرَقَ,فعل,سرق,فَعَلَ,سرقة بسهولة,MAPPED,,06
1966,94,حَمَلَ بلا إذن,تركيب,,,السرقة غير القانونية,MAPPED,,06
1967,94,قَرَصَ,فعل,قرص,فَعَلَ,السرقة غير الرسمية,MAPPED,,06
1968,94,سَرَقَ,فعل,سرق,فَعَلَ,الاشتغال بالسرقة,MAPPED,,06
1969,94,لِصّ,اسم جامد,لصص,فِعْل,من يقوم بالسرقة,MAPPED,,06
1970,94,نَشَّال,اسم جامد,نشل,فَعَّال,من يسرق من الجيوب,MAPPED,,06
1972,94,خاطِف محافظ,تركيب,,,من يسرق المحافظ,MAPPED,,06
1973,94,سارِق صغير,تركيب,,,من يسرق أشياء بسيطة,MAPPED,,06
1974,94,خاطِف,اسم فاعل,خطف,فاعِل,من يسرق أو يخطف,MAPPED,,06
1975,94,سِرْقَة,مصدر,سرق,فِعْلَة,فعل أخذ ملك الآخر,MAPPED,,06
1976,94,سِرْقَة,مصدر,سرق,فِعْلَة,ممارسة السرقة,MAPPED,,06
1977,94,اخْتِلاس,مصدر,خلس,اِفْتِعال,سرقة مستمرة صغيرة,MAPPED,,06
1978,94,خَفيف اليَد,تركيب,,,ماهر بالسرقة الصغيرة,MAPPED,,06
1979,94,سارِق,اسم فاعل,سرق,فاعِل,ماهر في السرقة,MAPPED,,06
2060,94,خَطَفَ,فعل,خطف,فَعَلَ,سرقة أو خطف بسرعة,MAPPED,,06
2061,94,سَرَقَ بسرعة,تركيب,,,سرقة بسرعة,MAPPED,,06
2062,94,أَساءَ الاستعمال,تركيب,,,سرقة من المال الموكول,MAPPED,,06
2063,94,سَرَقَ بخيانة,تركيب,,,أخذ بخيانة الثقة,MAPPED,,06
2064,94,سَرَقَ من متجر,تركيب,,,سرقة من المتاجر,MAPPED,,06
2065,94,سارِق متجر,تركيب,,,من يسرق من المحلات,MAPPED,,06
2066,94,سرقة من متجر,تركيب,,,سرقة من المحلات,MAPPED,,06
2067,94,,,,,,NO_ARABIC_EQUIVALENT,pending,06
2068,94,اخْتِلاس صغير,تركيب,,,سرقة مستمرة صغيرة,MAPPED,,06
2069,94,مَسْروق,اسم مفعول,سرق,مَفْعُول,ما تم أخذه بالسرقة,MAPPED,,06
2070,94,اخْتِلاس أموال,تركيب,,,سرقة من الأموال الموكولة,MAPPED,,06
2071,94,مُخْتَلِس,اسم فاعل,خلس,مُفْتَعِل,من يسرق الأموال,MAPPED,,06
2072,94,اخْتِلاس عام,تركيب,,,سرقة من الأموال الحكومية,MAPPED,,06
2073,94,اخْتِلاس,مصدر,خلس,اِفْتِعال,أخذ بعدم أمانة,MAPPED,,06
2074,94,سِرْقَة الأملاك,تركيب,,,سرقة من الممتلكات,MAPPED,,06
2075,94,خَطْفَة,مصدر,خطف,فَعْلَة,فعل السرقة الخاطفة,MAPPED,,06
2076,94,سِرْقَة,مصدر,سرق,فِعْلَة,فعل السرقة ذاته,MAPPED,,06
5610,94,سَرَقَ من الجيب,تركيب,,,سرقة من الجيوب,MAPPED,,06
8423,94,سَرْقَة كبيرة,تركيب,,,نهب أو سرقة ضخمة,MAPPED,,06
15116,94,سَرَقَ بسرعة,تركيب,,,سرقة بسرعة,MAPPED,,06
15615,94,أَخَذَ سراً,تركيب,,,سرقة بلطف,MAPPED,,06
15634,94,أَمْسَكَ,فعل,مسك,فَعَلَ,السرقة عامية,MAPPED,,06
15635,94,سَرَقَ الماشية,تركيب,,,سرقة الماشية,MAPPED,,06
17255,94,أَخَذَ بدون إذن,تركيب,,,أخذ ملك دون حق,MAPPED,,06
17262,94,اخْتِلاس,مصدر,خلس,اِفْتِعال,فعل أخذ بدون حق,MAPPED,,06
18481,94,هَرَبَ بـ,تركيب,,,سرقة والهروب بها,MAPPED,,06
18482,94,اهْتَرَبَ بـ,فعل,هرب,اِفْتَعَلَ,السرقة والفرار,MAPPED,,06
1980,95,عالٍ,صفة مشبهة,علو,فاعِل,كبير الكمية أو القيمة,MAPPED,,06
1981,95,منخفِض,صفة مشبهة,نخفض,مُفْعَل,دون المتوسط في الكمية,MAPPED,,06
1982,95,غَنِي,صفة مشبهة,غنو,فَعِل,يحتوي على كمية كبيرة,MAPPED,,06
1983,95,ناقِص,اسم فاعل,نقص,فاعِل,غير كافٍ أو ناقص,MAPPED,,06
1984,95,خالٍ من,تركيب,,,عديم أو غير موجود,MAPPED,,06
1985,95,متقدِّم,اسم فاعل,قدم,مُتَقَدِّم,معقد وليس بسيط,MAPPED,,06
14032,95,متوسِّط,اسم فاعل,وسط,مُتَوَسِّط,بين الطرفين,MAPPED,,06
16251,95,سيِّئ في,تركيب,,,كمية قليلة من شيء,MAPPED,,06
18382,95,عالٍ جداً,تركيب,,,كمية عالية جداً,MAPPED,,06
18664,95,معتدِل,صفة مشبهة,اعتدل,مُفْتَعِل,في الموضع المتوسط,MAPPED,,06
1987,96,زادَ,فعل,زيد,فَعَلَ,جعل الكمية أكبر,MAPPED,,06
1989,96,قَلَّلَ,فعل,قلل,فَعَّلَ,جعل الكمية أصغر,MAPPED,,06
1990,96,خَفَّفَ,فعل,خفف,فَعَّلَ,تقليل الكمية أو الحدة,MAPPED,,06
1991,96,تقليل,مصدر,قلل,تَفْعِيل,فعل تقليل الكمية,MAPPED,,06
1992,96,خَفَّضَ,فعل,خفض,فَعَّلَ,تقليل المقدار أو المستوى,MAPPED,,06
1995,96,رفَعَ,فعل,رفع,فَعَلَ,زيادة المستوى أو الدرجة,MAPPED,,06
9502,96,انتفَخَ,فعل,نفخ,اِنْفَعَلَ,زيادة القيمة,MAPPED,,06
9503,96,نُمُوّ,مصدر,نمو,فُعُول,تحرك للأعلى على المقياس,MAPPED,,06
10119,96,قَلَّلَ,فعل,قلل,فَعَّلَ,تصغير الكمية,MAPPED,,06
10820,96,قَطَعَ,فعل,قطع,فَعَلَ,تقليل الكمية,MAPPED,,06
10821,96,تقطيع,مصدر,قطع,تَفْعِيل,تقليل الكمية,MAPPED,,06
11116,96,حَرَّكَ,فعل,حرك,فَعَّلَ,تغيير الموضع على المقياس,MAPPED,,06
12580,96,قَصَّرَ,فعل,قصر,فَعَّلَ,تقليل الحد أو النطاق,MAPPED,,06
12773,96,خَفَّضَ السعر,تركيب,,,تقليل سعر المنتج,MAPPED,,06
12774,96,زادَ المستوى,تركيب,,,زيادة السرعة أو الشدة,MAPPED,,06
13327,96,دَفَعَ,فعل,دفع,فَعَلَ,إرغام على تغيير الموضع,MAPPED,,06
13328,96,دَفْعَة,مصدر,دفع,فَعْلَة,تغيير الموضع بقوة,MAPPED,,06
13372,96,عزَّزَ,فعل,عزز,فَعَّلَ,زيادة النشاط,MAPPED,,06
13373,96,حَسَّنَ,فعل,حسن,فَعَّلَ,زيادة الجودة,MAPPED,,06
15656,96,أَضافَ,فعل,ضيف,أَفْعَلَ,إضافة قيمة أو صفة,MAPPED,,06
16855,96,تطوّر,مصدر,طور,تَفَعُّل,عملية النمو والتطور,MAPPED,,06
17351,96,أَدارَ بقوة,تركيب,,,زيادة الشدة,MAPPED,,06
17381,96,قَلَّلَ بشدة,تركيب,,,تقليل كبير الحد,MAPPED,,06
17561,96,خَفَّضَ,فعل,خفض,فَعَّلَ,جعل أقل,MAPPED,,06
17562,96,ضاعَفَ,فعل,ضعف,فاعَلَ,جعل الكمية ضعف السابق,MAPPED,,06
18567,96,رَفَعَ,فعل,رفع,فَعَلَ,زيادة المستوى,MAPPED,,06
7348,98,أَقْنَعَ,فعل,قنع,أَفْعَلَ,جعل المدرِك يصدق شيئاً,MAPPED,,06
13415,98,حَرَّكَ إلى النتيجة,تركيب,,,جعل يصل إلى استنتاج,MAPPED,,06
1999,99,سَطَا,فعل,سطو,فَعَلَ,أخذ الشيء بالقوة أو التهديد,MAPPED,,07
2000,99,لِص,اسم جامد,لصص,فِعْل,شخص يسطو على الآخرين,MAPPED,,07
2000,99,سارِق,اسم فاعل,سرق,فاعِل,من يأخذ المال بدون إذن,MAPPED,,07
2001,99,اِعْتَدَى,فعل,عدي,اِفْتَعَلَ,هاجم وأخذ المال من شخص,MAPPED,,07
2002,99,سَطْو,مصدر,سطو,فَعْل,أخذ المال أو البضاعة بالقوة,MAPPED,,07
2002,99,سِرقَة,مصدر,سرق,فِعْلَة,الاستيلاء على شيء لا يملكه الشخص,MAPPED,,07
2003,99,مُعْتَدٍ,اسم فاعل,عدي,مُفْتَعِل,شخص يهاجم ويسطو على الآخرين,MAPPED,,07
2004,99,اِعْتِداء,مصدر,عدي,اِفْتِعال,فعل الاعتداء والسطو على الآخرين,MAPPED,,07
2005,99,سَطْو,مصدر,سطو,فَعْل,أخذ المال بالتهديد والقوة,MAPPED,,07
2006,99,حِصار,مصدر,حصر,فِعال,إيقاف الشخص بالقوة والاستيلاء على ماله,MAPPED,,07
11570,99,حاصَرَ,فعل,حصر,فاعَلَ,وقف شخص بالقوة بهدف سلبه,MAPPED,,07
12742,99,سَطَا,فعل,سطو,فَعَلَ,أخذ كل ما يملكه الشخص بالقوة,MAPPED,,07
12772,99,سَطَا,فعل,سطو,فَعَلَ,أخذ المال بالتهديد والقوة,MAPPED,,07
15122,99,نَهَبَ,فعل,نهب,فَعَلَ,سرق كل الأشياء الثمينة من مكان,MAPPED,,07
15122,99,أفرَغَ,فعل,فرغ,أَفْعَلَ,أخذ كل الأشياء القيّمة من موقع,MAPPED,,07
15670,99,سَطَا,فعل,سطو,فَعَلَ,أخذ الشيء بالقوة,MAPPED,,07
2175,105,تَوَهَّجَ,فعل,وهج,تَفَعَّلَ,أرسل نورا ثابتا بدون لهب,MAPPED,,07
3234,105,بَرَقَ,فعل,برق,فَعَلَ,لمع بسبب رطوبة على السطح,MAPPED,,07
3235,105,لَمَعَ,فعل,لمع,فَعَلَ,أرسل نورا ضعيفا متذبذبا,MAPPED,,07
3236,105,رَمَقَ,فعل,رمق,فَعَلَ,أشع بنور يتغير من مشرق إلى خافت,MAPPED,,07
3236,105,ومَضَ,فعل,ومض,فَعَلَ,بريق متقطع يتغير,MAPPED,,07
3237,105,رَقَّ,فعل,رقق,فَعَّلَ,أرسل نورا ناعما مرتجفا,MAPPED,,07
3238,105,برَقَ,فعل,برق,فَعَلَ,أرسل وميض قصير من النور,MAPPED,,07
3245,105,بَرَقَ,فعل,برق,فَعَلَ,أشع بنور حاد وقصير,MAPPED,,07
3245,105,لمَعَ,فعل,لمع,فَعَلَ,أرسل وميضا مفاجئا,MAPPED,,07
3246,105,تَأَلَّقَ,فعل,ألق,تَفَعَّلَ,أشع بنور براق مع ومضات,MAPPED,,07
3246,105,برَقَ,فعل,برق,فَعَلَ,أرسل ومضات من النور,MAPPED,,07
3249,105,تَلَأَلَأَ,فعل,ألأ,تَفَاعَلَ,أشع بنور مشرق,MAPPED,,07
3250,105,تَلَأَلَأَ,فعل,ألأ,تَفَاعَلَ,أرسل نورا لامعا مرتعشا,MAPPED,,07
3250,105,براقَ,فعل,برق,فاعَلَ,أشع بنور براق ومتقطع,MAPPED,,07
3251,105,أَشْرَقَ,فعل,شرق,أَفْعَلَ,أضاء بنور مشرق,MAPPED,,07
3251,105,لمَعَ,فعل,لمع,فَعَلَ,أرسل نورا ساطعا,MAPPED,,07
3252,105,رَفْرَفَ,فعل,رفف,فَعْفَعَ,انعكس النور بشكل متقطع,MAPPED,,07
3252,105,تَرَقْرَقَ,فعل,رقق,تَفَعْلَقَ,أرسل نورا متذبذبا,MAPPED,,07
3253,105,برَقَ,فعل,برق,فَعَلَ,انعكس النور مع برقان شديد,MAPPED,,07
3254,105,اشْتَعَلَ,فعل,علع,اِفْتَعَلَ,أضاء وكأنه بنار,MAPPED,,07
3254,105,ألَهَبَ,فعل,لهب,أَفْعَلَ,أشع كالنار,MAPPED,,07
3255,105,برَقَ,فعل,برق,فَعَلَ,أرسل ومضات من النور المتقطع,MAPPED,,07
3256,105,اشْتَعَلَ,فعل,علع,اِفْتَعَلَ,أشع فجأة كالنار,MAPPED,,07
3257,105,وَمِيض,اسم جامد,ومض,فَعِيل,وميض قصير من النور,MAPPED,,07
3258,105,بَريق,اسم جامد,برق,فَعِيل,نور مشرق ضعيف,MAPPED,,07
3259,105,نور ضعيف,تركيب,,,نور خافت متذبذب,MAPPED,,07
3260,105,تَرَقْرُق,مصدر,رقق,تَفَعْلُل,انعكاس النور المتقطع,MAPPED,,07
3261,105,تَوَهُّج,مصدر,وهج,تَفَعُّل,برقان ومضات,MAPPED,,07
3262,105,وَمِيض,اسم جامد,ومض,فَعِيل,وميض من النور,MAPPED,,07
3263,105,بَريق,اسم جامد,برق,فَعِيل,نور لامع ومتقطع,MAPPED,,07
3264,105,نور ساطع,تركيب,,,نور ساطع يضيء شيئا,MAPPED,,07
3265,105,وَمِيض,اسم جامد,ومض,فَعِيل,برقان متغير بين الشروق والخفوت,MAPPED,,07
3266,105,لمّاع,صفة مشبهة,لمع,فَعَّال,يصدر وميضا حادا ومفاجئا,MAPPED,,07
3267,105,مُتَلَأْلِئ,اسم فاعل,ألأ,مُتَفَاعِل,يشع بنور مشرق,MAPPED,,07
3268,105,بَرَّاق,صفة مشبهة,برق,فَعَّال,يعكس نورا لامعا متقطعا,MAPPED,,07
3269,105,وَمِيض,اسم جامد,ومض,فَعِيل,وميض حاد ومفاجئ,MAPPED,,07
3270,105,لمّاع,صفة مشبهة,لمع,فَعَّال,يعكس نورا براقا,MAPPED,,07
3271,105,مُشِعّ,اسم فاعل,شعع,مُفْعِل,يعكس النور بوضوح,MAPPED,,07
3272,105,نور ساطع,تركيب,,,نور ساطع يضيء الأشياء,MAPPED,,07
3273,105,بَريق ناعم,تركيب,,,بريق ناعم على السطح,MAPPED,,07
3274,105,بَريق,اسم جامد,برق,فَعِيل,برقان ناعم وناعم,MAPPED,,07
3275,105,مُتَوَهِّج,اسم فاعل,وهج,مُتَفَعِّل,يشع بنور ناعم مرتعش,MAPPED,,07
3276,105,مُشِعّ,اسم فاعل,شعع,مُفْعِل,يشع بنور براق جدا,MAPPED,,07
3277,105,توَهُّج,مصدر,وهج,تَفَعُّل,نور ناعم مرتعش,MAPPED,,07
3278,105,إشْعاع,مصدر,شعع,إِفْعال,نور براق جدا,MAPPED,,07
3279,105,مُشِعّ,اسم فاعل,شعع,مُفْعِل,يصدر نورا كثيرا,MAPPED,,07
3280,105,لمّاع,صفة مشبهة,لمع,فَعَّال,براق وساطع جدا,MAPPED,,07
3281,105,براق,صفة مشبهة,برق,فاعِل,ناعم وعاكس للنور,MAPPED,,07
3282,105,براق,صفة مشبهة,برق,فاعِل,يعكس النور لأنه ناعم ومصقول,MAPPED,,07
3283,105,برَقَ,فعل,برق,فَعَلَ,أرسل نورا براقا,MAPPED,,07
3284,105,بَريق,اسم جامد,برق,فَعِيل,نور براق,MAPPED,,07
14248,105,نور,اسم جامد,نور,فُعول,العامل الطبيعي الذي يحفز البصر,MAPPED,,07
17686,105,أَضاءَ,فعل,ضيء,أَفْعَلَ,جعل النور ينعكس من شيء,MAPPED,,07
17687,105,أَضاءَ,فعل,ضيء,أَفْعَلَ,جعل المكان مضاء بإضافة نور,MAPPED,,07
2178,106,أداة,اسم جامد,أدي,فاعِلة,جهاز يستخدم لتحقيق وظيفة معينة,MAPPED,,07
2181,106,أداة,اسم جامد,أدي,فاعِلة,جهاز أو أداة لغرض معين,MAPPED,,07
2181,106,آلة,اسم جامد,آلي,فاعِلة,معدة تستخدم لغرض معين,MAPPED,,07
2182,106,جِهاز,اسم جامد,جهز,فِعال,معدات لغرض أو نشاط معين,MAPPED,,07
2183,106,جِهاز,اسم جامد,جهز,فِعال,شيء مخترع أو مكيّف لغرض معين,MAPPED,,07
2184,106,أداة,اسم جامد,أدي,فاعِلة,أداة أو إناء للاستخدام المنزلي,MAPPED,,07
2205,106,أداة,اسم جامد,أدي,فاعِلة,جهاز أو أداة للعمل الدقيق,MAPPED,,07
2206,106,معدات,اسم جامد,عدد,مَفاعِل,الأشياء المطلوبة لغرض معين,MAPPED,,07
2207,106,أداة صغيرة,تركيب,,,جهاز صغير أو أداة ميكانيكية,MAPPED,,07
2208,106,جِهاز,اسم جامد,جهز,فِعال,جهاز مصمم لتحقيق مهمة معينة,MAPPED,,07
2209,106,آلة غريبة,تركيب,,,آلة أو جهاز غريب أو معقد,MAPPED,,07
10127,106,آلة,اسم جامد,آلي,فاعِلة,جهاز يستخدم قوة ميكانيكية مع أجزاء متعددة,MAPPED,,07
10310,106,ميكانيكي,اسم منسوب,ميك,فِعالي,متعلق بالآلات والآليات,MAPPED,,07
10701,106,طاردة مركزية,تركيب,,,آلة بحاوية دوّارة سريعة,MAPPED,,07
11612,106,تِقنية,اسم جامد,قني,فِعالة,آلات ومعدات بناء على العلم,MAPPED,,07
11690,106,نِظام,اسم جامد,نظم,فِعال,آلة معقدة تعمل أجزاؤها معا,MAPPED,,07
12213,106,معدات,اسم جامد,عدد,مَفاعِل,معدات أو أجهزة,MAPPED,,07
12686,106,نواة,اسم جامد,نوي,فُعالة,الجزء المركزي من المفاعل النووي,MAPPED,,07
15961,106,شغّال,صفة مشبهة,شغل,فَعَّال,آلة تقرأ وتشفّر معلومات رقمية,MAPPED,,07
16286,106,موقد,اسم جامد,وقد,مَفْعَل,فرن مطبخ للطهي,MAPPED,,07
16418,106,ميزان,اسم جامد,زين,فِعال,جهاز لتحديد استقامة السطح,MAPPED,,07
2185,107,اختِبار,مصدر,خبر,اِفْتِعال,فحص قصير للكفاءة,MAPPED,,07
2186,107,اِمْتِحان,مصدر,متح,اِفْتِعال,اختبار رسمي للمعرفة,MAPPED,,07
2186,107,فَحْص,مصدر,فحص,فَعْل,اختبار للمهارة أو المعرفة,MAPPED,,07
2203,107,تَقْويم,مصدر,قيم,تَفْعِيل,تحديد مستوى المهارات,MAPPED,,07
2210,107,اِمْتَحَنَ,فعل,متح,اِفْتَعَلَ,اختبر المعرفة أو الكفاءة,MAPPED,,07
2211,107,اِمْتِحان,مصدر,متح,اِفْتِعال,اختبار رسمي للمعرفة والكفاءة,MAPPED,,07
2187,108,طَويل,صفة مشبهة,طول,فَعِيل,المسافة من قاعدة الشيء إلى أعلاه,MAPPED,,07
2188,108,عالٍ,صفة مشبهة,علو,فاعِل,قياس رأسي من خط أساس,MAPPED,,07
2189,108,عَريض,صفة مشبهة,عرض,فَعِيل,عرض أكبر من المتوسط,MAPPED,,07
2190,108,عَريض,صفة مشبهة,عرض,فَعِيل,ذو عرض محدد,MAPPED,,07
2191,108,غَليظ,صفة مشبهة,غلظ,فَعِيل,قياس سمك الشيء,MAPPED,,07
2192,108,عَميق,صفة مشبهة,عمق,فَعِيل,المسافة من الأعلى إلى الأسفل,MAPPED,,07
2193,108,طَويل,صفة مشبهة,طول,فَعِيل,في الطول,MAPPED,,07
2195,108,عَرْض,مصدر,عرض,فَعْل,المسافة من جانب إلى جانب,MAPPED,,07
2196,108,عُمْق,مصدر,عمق,فُعْل,المسافة من الأعلى إلى الأسفل,MAPPED,,07
2197,108,طول,اسم جامد,طول,فُعول,قياس الطول من طرف إلى آخر,MAPPED,,07
2198,108,عَرْض,مصدر,عرض,فَعْل,قياس العرض من جانب إلى آخر,MAPPED,,07
2199,108,ارتِفاع,مصدر,رفع,اِفْتِعال,قياس الارتفاع من القاعدة إلى الأعلى,MAPPED,,07
2201,108,وَزَنَ,فعل,وزن,فَعَلَ,له وزن معين,MAPPED,,07
2202,108,قاسَ,فعل,قيس,فاعَلَ,له حجم أو عرض محدد,MAPPED,,07
2204,108,وَزْن,مصدر,وزن,فَعْل,الكتلة النسبية للجسم,MAPPED,,07
2236,108,مِساحة,مصدر,سيح,فِعالة,قياس السطح,MAPPED,,07
5475,108,مُحِيط,اسم فاعل,حيط,مُفْعِل,الحد المحيط بالدائرة,MAPPED,,07
5476,108,حَوْل,ظرف,حول,فَعْل,يدل على قياس محيط أو محيط,MAPPED,,07
15535,108,شُغْل,مصدر,شغل,فُعْل,بذل القوة بمقاومة,MAPPED,,07
15784,108,عَبْر,ظرف,عبر,فَعْل,يدل على قياس الطول من جانب إلى آخر,MAPPED,,07
16420,108,مُسْتَوى,اسم فاعل,ستوي,مُفْتَعَل,ارتفاع غير محدد,MAPPED,,07
2213,110,أقاَمَ,فعل,قيم,أَفْعَلَ,يسكن سكنا دائما في مكان معين,MAPPED,,07
2214,110,ساكِن,اسم فاعل,سكن,فاعِل,شخص يعيش في مكان بشكل دائم,MAPPED,,07
2215,110,سَكَنَ,فعل,سكن,فَعَلَ,يعيش في مكان,MAPPED,,07
2216,110,بِتَ,فعل,بيت,فِعْل,ينام في منزل شخص آخر,MAPPED,,07
2217,110,نَزَلَ,فعل,نزل,فَعَلَ,يستأجر مسكنا في منزل آخر,MAPPED,,07
2218,110,سَكَنَ,فعل,سكن,فَعَلَ,يعيش في أو يشغل مكانا,MAPPED,,07
2219,110,ساكِن,اسم فاعل,سكن,فاعِل,شخص أو حيوان يعيش في مكان,MAPPED,,07
2220,110,سَكَنَ,فعل,سكن,فَعَلَ,يجعل منزله في مكان معين,MAPPED,,07
2221,110,خَيَّمَ,فعل,خيم,فَعَّلَ,ينام في خيمة أو مقطورة,MAPPED,,07
2222,110,اِسْتَقرَّ,فعل,قرر,اِسْتَفْعَلَ,يشغل مبنى دون إذن,MAPPED,,07
2353,110,مُعَسْكَر,اسم مكان,عسك,مُفَعْكَل,مكان به مساكن مؤقتة,MAPPED,,07
2354,110,في المعسكر,تركيب,,,في معسكر في موقع,MAPPED,,07
2363,110,رَفِيق غُرْفَة,تركيب,,,شخص يشارك الغرفة أو الغرف,MAPPED,,07
2364,110,مُسْتَقْرِّ غَيْر قانونِي,تركيب,,,شخص يشغل الملك دون إذن,MAPPED,,07
2365,110,سَكَنَ,فعل,سكن,فَعَلَ,يسكن كمالك أو مستأجر,MAPPED,,07
2366,110,ساكِن,اسم فاعل,سكن,فاعِل,شخص يعيش في موقع معين,MAPPED,,07
2368,110,معسكِر,اسم فاعل,عسك,مُفَعْكِل,شخص يقضي عطلة في معسكر,MAPPED,,07
2369,110,ساكِن,اسم فاعل,سكن,فاعِل,شخص يشغل مكانا معينا في وقت محدد,MAPPED,,07
2372,110,شارَكَ السُّكنى,تركيب,,,يشارك السكن في كلية أو معهد,MAPPED,,07
2416,110,سَكَنَ مَعَ,تركيب,,,يبقى أو يسكن مع شخص آخر,MAPPED,,07
14241,110,خَيَّمَ,فعل,خيم,فَعَّلَ,ينام في معسكر بدون مأوى,MAPPED,,07
14242,110,مُعَسْكَر مؤقت,تركيب,,,معسكر مؤقت بدون خيم,MAPPED,,07
17307,110,مُسْتَأْجِر,اسم فاعل,أجر,مُسْتَفْعِل,شخص يعيش في عقار مستأجر,MAPPED,,07
2243,111,طالِب,اسم فاعل,طلب,فاعِل,شخص يتلقى التعليم من شخص آخر,MAPPED,,07
2244,111,تِلْميذ,اسم جامد,لمذ,فِعْلِيل,شخص يتلقى التعليم من معلم,MAPPED,,07
2247,111,مُعَلِّم,اسم فاعل,علم,مُفَعِّل,شخص يعلم في مؤسسة تعليمية,MAPPED,,07
2253,111,أسْتاذ,اسم جامد,ستذ,فِعْلال,أكاديمي جامعي بأعلى رتبة,MAPPED,,07
2273,111,مُعَلِّم خاصّ,تركيب,,,معلم يعلم طالبا واحدا أو مجموعة صغيرة,MAPPED,,07
2283,111,مُحاضِر,اسم فاعل,حضر,مُفاعِل,شخص يلقي محاضرات في التعليم العالي,MAPPED,,07
2292,111,طالِب خاصّ,تركيب,,,طالب أو تلميذ يدرس مع معلم خاص,MAPPED,,07
2294,111,مُعَلِّم ذَكَر,تركيب,,,معلم ذكر في مدرسة,MAPPED,,07
2295,111,مُعَلِّمَة,اسم فاعل,علم,مُفَعِّلة,معلمة في مدرسة,MAPPED,,07
2296,111,مُعَلِّم,اسم فاعل,علم,مُفَعِّل,شخص يعلم في مدرسة,MAPPED,,07
2297,111,دَرَسَ,فعل,درس,فَعَلَ,اكتسب معرفة في موضوع,MAPPED,,07
2299,111,عَلَّمَ,فعل,علم,فَعَّلَ,يعمل معلما لطالب أو مجموعة,MAPPED,,07
10144,111,دَرَّبَ,فعل,درب,فَعَّلَ,يعلم أو يدرب كمدرب,MAPPED,,07
10145,111,رَبَّى,فعل,ربي,فَعَّلَ,يدرب أو يعطي معلومات في موضوع,MAPPED,,07
10147,111,تَعَلَّمَ,فعل,علم,تَفَعَّلَ,اكتسب معرفة أو مهارة,MAPPED,,07
10148,111,دَرَّبَ,فعل,درب,فَعَّلَ,يدرب في مهارة معينة,MAPPED,,07
10149,111,دَرَّبَ,فعل,درب,فَعَّلَ,يعلم مهارة معينة بالممارسة,MAPPED,,07
10312,111,تَدْريب,مصدر,درب,تَفْعِيل,تعليم مهارة معينة,MAPPED,,07
10556,111,أرْشَدَ,فعل,رشد,أَفْعَلَ,يعلم,MAPPED,,07
10740,111,عَلَّمَ,فعل,علم,فَعَّلَ,ينقل معرفة إلى طالب,MAPPED,,07
10830,111,تَعْليم,مصدر,علم,تَفْعِيل,تعليم,MAPPED,,07
10841,111,تَعْليم,مصدر,علم,تَفْعِيل,عملية التعليم أو التعلم,MAPPED,,07
10889,111,أتْقَنَ,فعل,قن,أَفْعَلَ,اكتسب معرفة أو مهارة كاملة,MAPPED,,07
12622,111,تَعْليمي,اسم منسوب,علم,فَعْلِي,متعلق بعملية التعليم,MAPPED,,07
14364,111,خَرِّيج,اسم فاعل,خرج,فاعِل,شخص حصل على درجة أكاديمية,MAPPED,,07
14761,111,تِلْميذ,اسم جامد,لمذ,فِعْلِيل,طالب خبير,MAPPED,,07
15063,111,حَفِظَ,فعل,حفظ,فَعِلَ,يدرس بشكل مكثف,MAPPED,,07
2277,114,مُؤكَّد,اسم فاعل,أكد,مُفَعَّل,يمكن الاعتماد عليه بقوة,MAPPED,,07
2278,114,مُحْتَمَل,اسم فاعل,حتم,مُفْتَعَل,قد يحدث أو يكون صحيحا,MAPPED,,07
2279,114,اِحْتِمال,مصدر,حتم,اِفْتِعال,احتمالية وقوع حدث,MAPPED,,07
2280,114,يَقِين,اسم جامد,يقن,فَعِيل,خاصية الحدث المحتوم,MAPPED,,07
2281,114,مُمْكِن,اسم فاعل,مكن,مُفْعِل,قادر على الوجود أو الحدوث,MAPPED,,07
2282,114,إمْكانية,مصدر,مكن,إِفْعالية,احتمالية الوجود أو الحدوث,MAPPED,,07
2284,114,فُرْصة,اسم جامد,فرص,فُعْلة,احتمالية حدوث شيء ما,MAPPED,,07
2286,114,مُحْتَمَل,اسم فاعل,حتم,مُفْتَعَل,محتمل الحدوث أو الصحة,MAPPED,,07
2287,114,غَيْر مُحْتَمَل,تركيب,,,ليس محتمل الحدوث,MAPPED,,07
2288,114,مُسْتَحيل,اسم فاعل,حيل,مُسْتَفْعَل,غير قادر على الوجود أو الحدوث,MAPPED,,07
2289,114,عَدَم اِحْتِمال,تركيب,,,مدى عدم احتمالية الحدوث,MAPPED,,07
2290,114,عُرْضة,صفة مشبهة,عرض,فُعْلة,محتمل التعرض لشيء ما,MAPPED,,07
2293,114,مُؤكَّد,اسم فاعل,أكد,مُفَعَّل,مؤكد الحصول على شيء ما,MAPPED,,07
2300,114,اِحْتِمالية,مصدر,حتم,اِفْتِعالية,مدى احتمالية حدوث شيء,MAPPED,,07
2304,114,رُبَّما,ظرف,ربب,فُعَّا,ربما,MAPPED,,07
2659,114,يَمِيل,فعل,ميل,فَعِلَ,محتمل الحدوث,MAPPED,,07
3286,114,مُقَدَّر,اسم فاعل,قدر,مُفَعَّل,محتوم الفعل أو الحصول,MAPPED,,07
6505,114,قد,حرف,,,يعبر عن الإمكانية,MAPPED,,07
6506,114,قد,حرف,,,يعبر عن الإمكانية,MAPPED,,07
10854,114,غالِبا,ظرف,غلب,فاعِلا,بشكل محتمل تقريبا,MAPPED,,07
11701,114,غالِبا,ظرف,غلب,فاعِلا,بشكل محتمل,MAPPED,,07
13145,114,بِالتأكيد,تركيب,,,بدون شك,MAPPED,,07
13670,114,مُضْمون,اسم فاعل,ضمن,مُفْعول,محتوم الحدوث,MAPPED,,07
14403,114,يَسْتَطيع,فعل,ستع,يَفْتَعِل,يدل على أن شيء محتمل عادة,MAPPED,,07
15390,114,طَويل,صفة مشبهة,طول,فَعِيل,احتمالية أكبر من 10:1,MAPPED,,07
15433,114,مُحْمي,اسم فاعل,حمي,مُفْعَل,محمي من التوقف أو التغيير,MAPPED,,07
15902,114,مُحْتَمَل,اسم فاعل,حتم,مُفْتَعَل,محتمل التعرض لشيء معين,MAPPED,,07
17306,114,بِالتأكيد,تركيب,,,بدون شك,MAPPED,,07
17312,114,بدون شك,تركيب,,,بدون شعور بعدم اليقين,MAPPED,,07
17390,114,لابد أن,تركيب,,,يدل على ثقة عالية من المتحدث,MAPPED,,07
17410,114,سوف,ظرف,,,يشير إلى حالة شرطية أو فعل,MAPPED,,07
2298,115,حَلَّ,فعل,حلل,فَعَّلَ,حدث (خاصة شيء سيء),MAPPED,,07
2302,115,كارِثَة,اسم جامد,كرث,فاعِلة,حادث مفاجئ أو كارثة طبيعية,MAPPED,,07
2305,115,حَلَّ,فعل,حلل,فَعَّلَ,حدث؛ خاصة مع الويل,MAPPED,,07
2306,115,عانى,فعل,عني,فاعَلَ,تعرض لشيء سيء,MAPPED,,07
2308,115,كارِثَة,اسم جامد,كرث,فاعِلة,حدث سبب ضررا عظيما,MAPPED,,07
2313,115,حادِثة,اسم فاعل,حدث,فاعِلة,حادثة سوء الحظ,MAPPED,,07
2316,115,حادِثة سوء,تركيب,,,حدث سيء الحظ,MAPPED,,07
2318,115,مِحْنَة,اسم جامد,محن,فِعْلة,حدث غير محظوظ,MAPPED,,07
2324,115,تَراجيديا,اسم جامد,تجد,فاعِليا,حدث سبب معاناة وتدمير,MAPPED,,07
2328,115,مُصيبة,اسم فاعل,صيب,مُفْعَلة,حدث سبب ضررا عظيما,MAPPED,,07
2335,115,كارِثَة عظيمة,تركيب,,,دمار أو كارثة عظيمة,MAPPED,,07
2347,115,نِهاية,اسم جامد,نهي,فِعالة,حدث يسبب تدمير شامل,MAPPED,,07
2348,115,مُؤْسِف,اسم فاعل,أسف,مُفْعِل,له تأثير سلبي عميق,MAPPED,,07
2349,115,كارِثي,اسم منسوب,كرث,فاعِلي,يشكل كارثة,MAPPED,,07
13350,115,حادِثة,اسم فاعل,حدث,فاعِلة,حدث مزعج أو خطير,MAPPED,,07
13725,115,ضَحِيَّة,اسم جامد,ضحي,فاعِلة,شخص مضروب أو قتيل,MAPPED,,07
14524,115,أزْمة,اسم جامد,زمن,فُعْلة,موقف صعب أو خطير,MAPPED,,07
14621,115,كارِثَة,اسم جامد,كرث,فاعِلة,كارثة,MAPPED,,07
15008,115,كارِثي,اسم منسوب,كرث,فاعِلي,متعلق بالكارثة,MAPPED,,07
17621,115,حادِثة,اسم فاعل,حدث,فاعِلة,حدث غير متوقع سيء,MAPPED,,07
18492,115,ضَحِيَّة,اسم جامد,ضحي,فاعِلة,شخص مضروب أو مقتول,MAPPED,,07
2301,116,مِحاوَلة,مصدر,حول,فِعالة,فعل المحاولة,MAPPED,,07
2303,116,حاوَلَ,فعل,حول,فاعَلَ,بذل جهد لتحقيق أو إكمال شيء,MAPPED,,07
2452,116,سَعى,فعل,سعي,فَعَلَ,يسعى بجد لفعل أو تحقيق شيء,MAPPED,,07
2453,116,جُهْد,اسم جامد,جهد,فُعْل,فعل السعي؛ مشروع,MAPPED,,07
2465,116,حاوَلَ,فعل,حول,فاعَلَ,بذل جهد أو محاولة لفعل شيء,MAPPED,,07
2920,116,مِحاوَلة,مصدر,حول,فِعالة,جهد لتحقيق شيء؛ محاولة,MAPPED,,07
10187,116,جُهْد,اسم جامد,جهد,فُعْل,محاولة قوية أو مصممة,MAPPED,,07
10531,116,مِحاوَلة,مصدر,حول,فِعالة,محاولة أو اختبار,MAPPED,,07
11713,116,حاوَلَ,فعل,حول,فاعَلَ,يحاول,MAPPED,,07
13507,116,مِحاوَلة,مصدر,حول,فِعالة,محاولة للفعل,MAPPED,,07
13508,116,مِحاوَلة,مصدر,حول,فِعالة,محاولة لفعل شيء,MAPPED,,07
13777,116,بَحْث طَويل,تركيب,,,بحث طويل أو شاق,MAPPED,,07
16770,116,جُهْد قَوِي,تركيب,,,جهد قوي لتحقيق هدف,MAPPED,,07
2331,117,تمسَّكَ,فعل,تمسك,تَفَعَّلَ,الاعتقاد بشيء والتمسّك به واتّباع أصوله وقواعده,MAPPED,,08
2332,117,امتثلَ,فعل,متثل,اِفْتَعَلَ,تنفيذ الأوامر والقواعد المعيارية بطاعة,MAPPED,,08
2333,117,راعَى,فعل,روي,فَاعَلَ,الالتزام بالقواعد والشروط والتعهدات,MAPPED,,08
2333,117,حافظَ,فعل,حفظ,فَاعَلَ,الحفاظ على الالتزام بالقواعد والأصول,MAPPED,,08
2334,117,تمسُّك,مصدر,تمسك,تَفَعُّل,الاعتقاد بشيء والالتزام باتّباعه,MAPPED,,08
2336,117,امتثال,مصدر,متثل,اِفْتِعَال,تنفيذ الأوامر والقواعد بطاعة والالتزام بها,MAPPED,,08
2337,117,اتّبعَ,فعل,تبع,اِفْتَعَلَ,السير في طريق الغير والعمل برأيه وأوامره,MAPPED,,08
2338,117,مراعاة,مصدر,روي,مُفَاعَلَة,الحرص على تطبيق القواعد والأحكام الدينية والقانونية,MAPPED,,08
2339,117,خرقَ,فعل,خرق,فَعَلَ,عدم التزام شخص بالقانون أو القواعد المعيارية,MAPPED,,08
2339,117,انتهكَ,فعل,نهك,اِفْتَعَلَ,التعدي على القواعد والاتفاقيات بتجاوزها,MAPPED,,08
2340,117,انتهكَ,فعل,نهك,اِفْتَعَلَ,عدم الامتثال للقواعد الرسمية والاتفاقيات,MAPPED,,08
2341,117,خالفَ,فعل,خلف,فَاعَلَ,مخالفة الأوامر والقوانين وعدم الالتزام بها,MAPPED,,08
2342,117,خرقَ,فعل,خرق,فَعَلَ,كسر العقد أو الاتفاق أو القانون عمداً,MAPPED,,08
2342,117,نقضَ,فعل,نقض,فَعَلَ,فسخ الاتفاق أو الوعد أو المعاهدة,MAPPED,,08
2343,117,انتهاك,مصدر,نهك,اِفْتِعَال,عمل يتنافى مع القواعد والاتفاقيات,MAPPED,,08
2344,117,مخالفة,مصدر,خلف,مُفَاعَلَة,عدم الالتزام بأحكام القانون أو المعاهدة,MAPPED,,08
2345,117,خرق,اسم جامد,خرق,فَعْل,كسر الاتفاق أو الالتزام بالقواعد,MAPPED,,08
2345,117,نقض,اسم جامد,نقض,فَعْل,فسخ المعاهدة أو الاتفاق,MAPPED,,08
2346,117,استهزأَ,فعل,هزأ,اِسْتَفْعَلَ,الاستخفاف بالقواعس والقوانين وعدم احترامها,MAPPED,,08
2358,118,ملكَ,فعل,ملك,فَعَلَ,كون شيء ملكاً لشخص خاص به,MAPPED,,08
2378,118,امتلكَ,فعل,ملك,اِفْتَعَلَ,حيازة شيء والسيطرة عليه,MAPPED,,08
2378,118,حازَ,فعل,حوز,فَاعَلَ,الاستيلاء على شيء والاحتفاظ به,MAPPED,,08
2417,118,افتقرَ,فعل,فقر,اِفْتَعَلَ,عدم امتلاك شيء ضروري أو مهم,MAPPED,,08
2418,118,امتلكَ,فعل,ملك,اِفْتَعَلَ,كون شيء ملكاً خاصاً يتمتع به الشخص,MAPPED,,08
2419,118,ملك,اسم جامد,ملك,فَعْل,شيء مملوك ومحوز من قبل شخص,MAPPED,,08
2420,117,توافقَ,فعل,وفق,تَفَاعَلَ,التوافق مع القواعد والمعايير والقوانين المطلوبة,MAPPED,,08
2423,118,ملكية,اسم جامد,ملك,فِعَالَة,حالة امتلاك شخص لشيء معين,MAPPED,,08
2424,120,,,,,استحضار المتهم أمام المحكمة للرد على الاتهامات,NO_ARABIC_EQUIVALENT,,08
2425,120,محاكمة,اسم جامد,حكم,فِعَالَة,استدعاء المتهم أمام القاضي للإجابة عن الاتهامات,MAPPED,,08
2426,121,حدّدَ,فعل,حدد,فَعَّلَ,تحديد مبلغ مالي كضمان للإفراج عن المتهم,MAPPED,,08
2427,121,عيّنَ,فعل,عين,فَعَّلَ,تحديد مبلغ الكفالة المطلوب دفعه,MAPPED,,08
2428,121,,,,,إصدار قرار قضائي بشأن الكفالة أو الحبس,NO_ARABIC_EQUIVALENT,,08
2429,121,كفالة,اسم جامد,كفل,فِعَالَة,مبلغ مالي يدفع لضمان حضور المتهم المحكمة,MAPPED,,08
2430,121,رهن,اسم جامد,رهن,فَعْل,مبلغ مالي يدفع ضماناً لالتزام المتهم بالحضور,MAPPED,,08
2431,118,مالك,اسم فاعل,ملك,فَاعِل,الشخص الذي يملك شيئاً معيناً,MAPPED,,08
2432,118,حائز,اسم فاعل,حوز,فَاعِل,من يحوز على شيء ويتمتع به,MAPPED,,08
2436,118,فاقد,اسم فاعل,فقد,فَاعِل,ما ينقصه شيء ضروري أو مهم,MAPPED,,08
2437,118,افتقار,مصدر,فقر,اِفْتِعَال,عدم وجود شيء ضروري ومهم,MAPPED,,08
2439,118,ناقص,صفة مشبهة,نقص,فَاعِل,ما يخلو من شيء ضروري أو معتاد,MAPPED,,08
2446,118,رغبة,اسم جامد,رغب,فِعَالَة,الحاجة والرغبة في امتلاك شيء معين,MAPPED,,08
2450,118,رغبَ,فعل,رغب,فَعَلَ,الاشتياق والحاجة إلى امتلاك أو فعل شيء,MAPPED,,08
2456,122,اختطفَ,فعل,خطف,اِفْتَعَلَ,أخذ شخص بالقوة واحتجازه قسراً للحصول على فدية,MAPPED,,08
2457,122,خطفَ,فعل,خطف,فَعَلَ,أخذ شخص بعيداً بالقوة أو الخداع بطريقة غير قانونية,MAPPED,,08
2458,122,اسطحَ,فعل,سطح,اِفْتَعَلَ,إجبار شخص على الانضمام لطاقم سفينة بالقوة,MAPPED,,08
2459,122,,,,,الاستيلاء على شخص أو شيء بسرعة وفجأة,NO_ARABIC_EQUIVALENT,,08
2460,122,خطفَ,فعل,خطف,فَعَلَ,سرقة أو اختطاف شيء بأخذه بسرعة مفاجئة,MAPPED,,08
2461,122,اختطاف,مصدر,خطف,اِفْتِعَال,أخذ شخص قسراً وعلى غير إرادته للحصول على فدية,MAPPED,,08
2462,122,خطف,اسم جامد,خطف,فَعْل,أخذ شخص بعيداً بالقوة أو الخداع بطريقة غير قانونية,MAPPED,,08
2464,117,أطاعَ,فعل,طوع,أَفْعَلَ,الانقياد والطاعة للأوامر والقواعس المفروضة,MAPPED,,08
2466,122,خاطف,اسم فاعل,خطف,فَاعِل,الشخص الذي يقوم باختطاف الآخرين للحصول على فدية,MAPPED,,08
2467,122,خاطف,اسم فاعل,خطف,فَاعِل,من يأخذ شخصاً بالقوة أو الخداع بطريقة غير قانونية,MAPPED,,08
2468,122,خاطف,اسم فاعل,خطف,فَاعِل,من يسرق أو يخطف بأخذ الشيء بسرعة,MAPPED,,08
2469,122,مخطوف,اسم مفعول,خطف,مُفْعُول,الشخص الذي تم اختطافه واحتجازه قسراً,MAPPED,,08
2470,122,مخطوف,اسم مفعول,خطف,مُفْعُول,من تم أخذه بعيداً بالقوة أو الخداع,MAPPED,,08
2471,123,قرصنَ,فعل,قرصن,فَعَلَ,الاستيلاء غير القانوني على طائرة أو سفينة أثناء الحركة,MAPPED,,08
2472,123,قرصنة,مصدر,قرصن,فِعْلَة,الاستيلاء غير القانوني على وسيلة نقل أثناء الرحلة,MAPPED,,08
2473,123,قرصان,اسم جامد,قرصن,فِعْلان,من يستولي على وسيلة نقل غير قانونياً,MAPPED,,08
2474,123,,,,,سرقة سيارة بعد إخراج السائق منها بالقوة,NO_ARABIC_EQUIVALENT,,08
2475,123,مقرصن,اسم مفعول,قرصن,مُفَعَّل,وسيلة النقل التي تم الاستيلاء عليها غير قانونياً,MAPPED,,08
2476,123,قرصنة,مصدر,قرصن,فِعْلَة,الاعتداء على السفن والاستيلاء على ممتلكاتها,MAPPED,,08
2492,118,انتمى,فعل,نمي,اِفْتَعَلَ,كون شيء ملكاً وحقاً خاصاً لشخص,MAPPED,,08
2494,118,متعلقات,اسم جامد,علق,مِفْعَالات,الأشياء الشخصية الصغيرة التي يملكها شخص,MAPPED,,08
2495,118,أصول,اسم جامد,صول,فُعُول,الممتلكات والأموال التي تملكها شركة أو فرد,MAPPED,,08
2498,118,ملك,اسم جامد,ملك,فَعْل,شيء أو أشياء مملوكة لشخص معين,MAPPED,,08
2521,125,حفلة,اسم جامد,حفل,فِعْلَة,تجمع اجتماعي يشمل الطعام والشراب والترفيه,MAPPED,,08
2555,128,نوع,اسم جامد,نوع,فَعْل,فئة من الأشياء تشترك في صفات معينة,MAPPED,,08
2556,128,فئة,اسم جامد,فئو,فِعْلَة,مجموعة من الأشياء تشترك في خاصية واحدة,MAPPED,,08
2557,128,صنف,اسم جامد,صنف,فَعْل,نوع من الأشياء ذات خصائص متشابهة,MAPPED,,08
2558,127,اغتصبَ,فعل,غصب,اِفْتَعَلَ,إجبار شخص على الجماع دون رضاه أو إرادته,MAPPED,,08
2559,128,ضرب,اسم جامد,ضرب,فَعْل,فئة من الأشياء تشترك في صفة واحدة,MAPPED,,08
2560,128,تنويعة,اسم جامد,نوع,تَفْعيلَة,شيء يختلف قليلاً عن آخرين من نفس النوع,MAPPED,,08
2561,128,سلالة,اسم جامد,سلل,فِعَالَة,تنويعة مميزة من حيوان أو نبات,MAPPED,,08
2562,128,سلالة,اسم جامد,سلل,فِعَالَة,نوع مميز من الحيوان أو النبات ضمن نوع واحد,MAPPED,,08
2563,128,نمط,اسم جامد,نمط,فَعْل,نوع من الأشياء عادة بقيمة سلبية,MAPPED,,08
2565,128,,دخيل,,,خط محدد من البضائع يحمل علامة تجارية,NO_ARABIC_EQUIVALENT,دخيل,08
2566,128,عرق,اسم جامد,عرق,فَعْل,فرقة من البشر لها خصائص جسدية مميزة,MAPPED,,08
2600,126,خصلة,اسم جامد,خصل,فِعْلَة,حزمة من شعر الرأس تتجمع معاً,MAPPED,,08
2601,126,ظفيرة,اسم جامد,ظفر,فِعيلَة,خصلة طويلة من شعر المرأة المصفوفة,MAPPED,,08
2602,129,اتهمَ,فعل,تهم,اِفْتَعَلَ,الإعلان الرسمي بأن شخصاً مرتكب جريمة,MAPPED,,08
2603,130,دفعَ,فعل,دفع,فَعَلَ,تقديم حجة قانونية للرد على الاتهام,MAPPED,,08
2604,126,,,,,شعر يتخذ شكل حلزوني أو ملتف,NO_ARABIC_EQUIVALENT,,08
2605,126,تجعّدَ,فعل,جعد,تَفَعَّلَ,تشكيل الشعر في حلزونات أو موجات,MAPPED,,08
2607,126,أشقر,صفة,شقر,أَفْعَل,ما يكون لونه فاتحاً أو أصفر فاتحاً,MAPPED,,08
2609,126,شقراء,صفة,شقر,فِعْلاء,ذات شعر فاتح اللون أو أصفر فاتح,MAPPED,,08
2610,126,,,,,خصلة شعر مضفورة تتدلى من الرأس,NO_ARABIC_EQUIVALENT,,08
2615,126,مجعد,اسم فاعل,جعد,مُفَعَّل,ما يتخذ شعره شكلاً حلزونياً طبيعياً,MAPPED,,08
2616,126,,,,,تسريحة يتم سحب الشعر فيها للخلف وتربطها,NO_ARABIC_EQUIVALENT,,08
2617,126,ضفيرة,اسم جامد,ضفر,فِعيلَة,شعر مضفور من خيوط متشابكة,MAPPED,,08
2619,126,ضفيرة,اسم جامد,ضفر,فِعيلَة,خصلة شعر مضفورة من عدة خيوط,MAPPED,,08
2620,127,اغتصاب,مصدر,غصب,اِفْتِعَال,جريمة إجبار شخص على الجماع قسراً,MAPPED,,08
2621,127,مغتصب,اسم فاعل,غصب,مُفْتَعِل,الرجل الذي يرتكب جريمة الاغتصاب,MAPPED,,08
2623,126,مضفور,اسم مفعول,ضفر,مُفْعُول,الشعر الذي تم ضفره في خيوط,MAPPED,,08
2624,126,,,,,حزمة شعر مربوطة على قمة الرأس,NO_ARABIC_EQUIVALENT,,08
2628,126,موجي,صفة,موج,فُعَّالِي,ما يتخذ شعره شكل موجات,MAPPED,,08
2629,126,,,,,انحناءات خفيفة وطبيعية في الشعر,NO_ARABIC_EQUIVALENT,,08
2630,126,تسريحة,اسم جامد,سرح,فِعيلَة,طريقة تمشيط وتنسيق الشعر,MAPPED,,08
2631,126,ذهبي,صفة,ذهب,فِعَّالِي,لون الشعر الذي يشبه لون الذهب,MAPPED,,08
2632,131,توهجَ,فعل,وهج,تَفَعَّلَ,إصدار ضوء هادئ ومستمر من المصدر,MAPPED,,08
2636,126,كتاني,صفة,كتن,فِعَّالِي,لون فاتح مثل لون الكتان,MAPPED,,08
2637,126,مصفف,اسم مفعول,صفف,مُفَعَّل,شعر تمت تسريحته بطريقة معينة,MAPPED,,08
2638,126,,,,,طريقة قص وتنسيق الشعر,NO_ARABIC_EQUIVALENT,,08
2639,126,,,,,الطريقة التي يتم بها قص الشعر,NO_ARABIC_EQUIVALENT,,08
2640,126,قصة,اسم جامد,قصص,فِعْلَة,نمط قص الشعر وتشكيله,MAPPED,,08
2642,126,مقصوص,اسم مفعول,قصص,مَفْعُول,الشعر الذي تمت معالجته بالقص,MAPPED,,08
2645,128,,,,,نوع من المنتج مميز بماركة معينة,NO_ARABIC_EQUIVALENT,,08
2650,126,,,,,شعر تم قصه قطع قصيرة جداً,NO_ARABIC_EQUIVALENT,,08
2651,132,عينة,اسم جامد,عين,فِعْلَة,مثال يمثل نوعاً أو فئة معينة من الأشياء,MAPPED,,08
2653,132,مثال,اسم جامد,متل,مِفْعَال,شيء يمثل نوعه أو يوضح قاعدة عامة,MAPPED,,08
2654,132,حالة,اسم جامد,حول,فِعَالَة,مثال محدد من حالة معينة أو ظاهرة,MAPPED,,08
2655,133,بدأَ,فعل,بدء,فَعَلَ,الشروع في عملية أو حدث معين,MAPPED,,08
2656,133,بدأَ,فعل,بدء,فَعَلَ,الشروع في تنفيذ فعل أو نشاط,MAPPED,,08
2668,135,تذكّرَ,فعل,ذكر,تَفَعَّلَ,استدعاء حدث أو شخص من الماضي إلى الذاكرة,MAPPED,,08
2670,135,ذاكرة,اسم جامد,ذكر,فِعَالَة,القدرة على تذكر الأحداث والأشياء من الماضي,MAPPED,,08
2671,135,استحضرَ,فعل,حضر,اِسْتَفْعَلَ,إحضار صورة من الماضي إلى الذهن,MAPPED,,08
2674,135,احتفظَ,فعل,حفظ,اِحْتَفَظَ,الحفاظ على ذكرى أو معلومة في الذاكرة,MAPPED,,08
2714,127,مغتصب,اسم مفعول,غصب,مُفْتَعَل,الشخص الذي تعرض للاغتصاب,MAPPED,,08
2720,133,شرعَ,فعل,شرع,فَعَلَ,الانطلاق والشروع في عملية ما,MAPPED,,08
2730,117,متوافق,اسم فاعل,وفق,مُتَفَاعِل,ما ينطبق على القواعد والمعايير المطلوبة,MAPPED,,08
3047,138,,,,,الجريمة المتعمدة بإشعال النار في الممتلكات,NO_ARABIC_EQUIVALENT,,08
3048,138,,,,,الشخص الذي يشعل النار عمداً في الممتلكات,NO_ARABIC_EQUIVALENT,,08
3151,125,وليمة,اسم جامد,ولم,فُعيلَة,وجبة طعام فخمة ورسمية تقدم لعدد كبير من الناس,MAPPED,,08
3152,125,,,,,حفل كبير مليء بالمرح والحماس,NO_ARABIC_EQUIVALENT,,08
3153,125,احتفال,اسم جامد,حفل,اِفْتِعَال,حفل اجتماعي بسيط أو احتفاء بمناسبة,MAPPED,,08
3154,125,احتفالية,اسم جامد,حفل,اِفْتِعَالِية,حدث اجتماعي يكرم مناسبة خاصة,MAPPED,,08
3157,125,,,,,لقاء غير رسمي ينظمه أعضاء نادٍ أو جماعة,NO_ARABIC_EQUIVALENT,,08
3158,125,,,,,تجمع اجتماعي غير رسمي بين أفراد,NO_ARABIC_EQUIVALENT,,08
3240,125,نزهة,اسم جامد,نزه,فِعْلَة,وجبة طعام في الهواء الطلق أو حفل في الطبيعة,MAPPED,,08
3241,125,معرض,اسم جامد,عرض,مِفْعَال,تجمع عام يضم أكشاك وألعاب للترفيه,MAPPED,,08
3242,125,استقبال,مصدر,قبل,اِسْتِفْعَال,حفل رسمي يقام لاستقبال شخص أو الاحتفاء بمناسبة,MAPPED,,08
3247,125,رقصة,اسم جامد,رقص,فِعْلَة,تجمع اجتماعي يرقص فيه الحاضرون,MAPPED,,08
3248,125,مهرجان,اسم جامد,هرج,مِفْعَال,احتفالية كبيرة تضم عروضاً فنية وثقافية متنوعة,MAPPED,,08
3382,125,وليمة,اسم جامد,ولم,فُعيلَة,وجبة طعام كبيرة تقام احتفاءً بمناسبة,MAPPED,,08
3384,125,,,,,وجبة مسائية فخمة تقام تكريماً لشخص أو حدث,NO_ARABIC_EQUIVALENT,,08
3385,125,,,,,تجمع اجتماعي يأكل فيه الضيوف العشاء معاً,NO_ARABIC_EQUIVALENT,,08
3386,125,حفلة,اسم جامد,حفل,فِعْلَة,حفل أو تجمع اجتماعي صاخب,MAPPED,,08
3387,125,,,,,حفل رسمي وفخم يشمل عروضاً فنية,NO_ARABIC_EQUIVALENT,,08
3390,125,احتفالية,اسم جامد,حفل,اِفْتِعَالِية,احتفاء بمناسبة يشمل المرح والبهجة,MAPPED,,08
3391,125,,,,,حفل صاخب يتضمن الرقص والشراب,NO_ARABIC_EQUIVALENT,,08
3392,125,سهرة,اسم جامد,سهر,فُعيلَة,حفل اجتماعي في المساء,MAPPED,,08
3393,125,,,,,وجبة خارجية يتم شي اللحم والسمك فيها,NO_ARABIC_EQUIVALENT,,08
3394,125,,,,,حفل رسمي فخم للرقص والترفيه,NO_ARABIC_EQUIVALENT,,08
3647,129,اتهام,مصدر,تهم,اِفْتِعَال,الاتهام الرسمي الموجه لشخص في محاكمة,MAPPED,,08
4408,133,انفجرَ,فعل,فجر,اِنْفَعَلَ,حدث مفاجئ وسريع ينطلق بشكل متفجر,MAPPED,,08
4414,133,انفجار,مصدر,فجر,اِنْفِعَال,حدث انطلاق مفاجئ وقوي,MAPPED,,08
4805,123,قرصنَ,فعل,قرصن,فَعَلَ,الاعتداء على السفينة والاستيلاء على محتوياتها,MAPPED,,08
5300,118,ملكية,اسم جامد,ملك,فِعَالَة,حالة امتلاك الشخص لشيء مملوك له,MAPPED,,08
5301,118,حيازة,مصدر,حوز,فِيَالَة,السيطرة والاحتفاظ بالأموال والممتلكات الثمينة,MAPPED,,08
6915,132,حالة,اسم جامد,حول,فِعَالَة,مثال أو حالة محددة من الحالات,MAPPED,,08
7347,127,,,,,إجبار شخص على الجماع بالقوة دون موافقته,NO_ARABIC_EQUIVALENT,,08
7718,128,شكل,اسم جامد,شكل,فَعْل,نوع أو تنويعة من الشيء,MAPPED,,08
7820,128,درجة,اسم جامد,درج,فِعْلَة,قيمة محددة ونوع فرعي من اللون,MAPPED,,08
7941,129,,,,,توجيه اتهام رسمي بارتكاب جريمة خطيرة,NO_ARABIC_EQUIVALENT,,08
7942,129,,,,,الاتهام الرسمي بارتكاب جريمة خطيرة,NO_ARABIC_EQUIVALENT,,08
7943,129,اتهمَ,فعل,تهم,اِفْتَعَلَ,نسب الذنب أو الجريمة لشخص معين,MAPPED,,08
8621,118,متعلقات,اسم جامد,علق,مِفْعَالات,الأشياء الشخصية والممتلكات الفردية,MAPPED,,08
8973,130,دفع,اسم جامد,دفع,فَعْل,البيان الرسمي للمتهم بالتعهد بالذنب أو البراءة,MAPPED,,08
9210,131,ومضَ,فعل,وما,فَعَلَ,إصدار ضوء متقطع ومتغير من الإضاءة,MAPPED,,08
9212,131,تلألأَ,فعل,ألأ,تَفَاعَلَ,إرسال براق من الضوء بشكل مفاجئ مكرر,MAPPED,,08
9215,131,أشعَّ,فعل,شعع,أَفْعَلَ,إطلاق نور ساطع وقوي من الجسم,MAPPED,,08
9217,131,لمعَ,فعل,لمع,فَعَلَ,إصدار ضوء ناعم ورقيق ومتغير باستمرار,MAPPED,,08
9240,131,لمعَ,فعل,لمع,فَعَلَ,إطلاق نور ساطع من مصدر الإضاءة,MAPPED,,08
10121,128,نسخة,اسم جامد,نسخ,فِعْلَة,شكل محدد من شيء يختلف عن شكل آخر,MAPPED,,08
10227,125,اجتماع,اسم جامد,جمع,اِفْتِعَال,تجمع اجتماعي لأفراد بغرض التشاور,MAPPED,,08
10491,117,تجاوزَ,فعل,جوز,تَفَاعَلَ,تخطي الحدود المرسومة بالقواعس الدينية والقانونية,MAPPED,,08
10492,117,تجاوز,مصدر,جوز,تَفَاعُل,تخطي حدود الأخلاق والقوانين المرعية,MAPPED,,08
11073,118,حازَ,فعل,حوز,فَاعَلَ,امتلاك واحتفاظ بشيء معين,MAPPED,,08
11188,126,شعر,اسم جامد,شعر,فَعْل,مجموع الشعرات التي تغطي الرأس,MAPPED,,08
11297,123,,,,,سرقة سيارة من صاحبها أثناء قيادته لها,NO_ARABIC_EQUIVALENT,,08
11423,117,,,,,الشخص الذي لا يمتثل للقوانين ولا يخضع لسلطتها,NO_ARABIC_EQUIVALENT,,08
12167,117,مخالف,اسم فاعل,خلف,مُفَاعِل,ما يتناقض مع المعايير والقواعس المتوقعة,MAPPED,,08
12689,117,توافق,مصدر,وفق,تَفَاعُل,الانسجام والالتزام بالقواعس والأعراف الموضوعة,MAPPED,,08
12693,117,وفّى,فعل,وفي,فَعَّلَ,إتمام الالتزام والعهد بكل أمانة,MAPPED,,08
12694,117,احترمَ,فعل,حرم,اِفْتَعَلَ,تنفيذ الالتزام والعهد باحترام وتقدير,MAPPED,,08
12695,117,التزمَ,فعل,زمم,اِفْتَعَلَ,الالتزام الثابت بالقواعس والأحكام,MAPPED,,08
12695,117,امتثلَ,فعل,متثل,اِفْتَعَلَ,الخضوع والطاعة للقواعس والأوامر,MAPPED,,08
12696,117,طائع,اسم فاعل,طوع,فَاعِل,من يمتثل للأوامر والقواعس بانقياد,MAPPED,,08
12697,117,متدين,اسم فاعل,دين,مُتَفَعِّل,من يحافظ على احترام أحكام الشريعة والدين,MAPPED,,08
12698,117,,,,,الانقياد والالتزام بأعراف المجتمع والقواعس المتفق عليها,NO_ARABIC_EQUIVALENT,,08
12776,117,تحايلَ,فعل,حيل,تَفَاعَلَ,خرق الاتفاق بطريقة غير مباشرة مع إخفاء الانتهاك,MAPPED,,08
13321,117,,,,,عدم الالتزام بالقواعس والأوامر الموضوعة,NO_ARABIC_EQUIVALENT,,08
13983,118,امتلكَ,فعل,ملك,اِفْتَعَلَ,حيازة أو امتلاك شيء معين,MAPPED,,08
14632,117,توافق,اسم جامد,وفق,فَعَال,حالة الالتزام بالقواعس والمتطلبات المعيارية,MAPPED,,08
14652,117,عصى,فعل,عصي,فَعَلَ,عدم الالتزام بأوامر السلطة أو القواعس المعيارية,MAPPED,,08
16080,126,فرقة,اسم جامد,فرق,فِعْلَة,خط الفصل بين الشعر عند الجبين,MAPPED,,08
16211,131,أضاءَ,فعل,ضوء,أَفْعَلَ,تنور جسم بسبب مصدر الضوء,MAPPED,,08
16791,125,حفل,اسم جامد,حفل,فِعْل,تجمع احتفالي بمناسبة معينة,MAPPED,,08
16823,117,تجاوزَ,فعل,جوز,تَفَاعَلَ,تخطي القواعس بقصد الوصول لغاية محددة,MAPPED,,08
17032,125,,,,,حدث اجتماعي يهدف لجمع أموال لقضية معينة,NO_ARABIC_EQUIVALENT,,08
4344,139,أَعْطَىٰ,فعل,عطي,أَفْعَلَ,نَقَلَ المِلْكَ مِنْ شَخْصٍ إِلَىٰ آخَرَ,MAPPED,,09
5344,139,تَبَرَّعَ,فعل,برع,تَفَعَّلَ,وَهَبَ المَالَ أَوْ الْمِلْكَ لِجِهَةٍ خَيْرِيَّة,MAPPED,,09
5345,139,تَبَرُّع,مصدر,برع,تَفَعُّل,هِبَة الْمَالِ أَوْ الْمِلْكِ لِلْخَيْرِ,MAPPED,,09
5346,139,مُتَبَرِّع,اسم فاعل,برع,مُفَعِّل,مَنْ يُعْطِي مَالًا أَوْ مِلْكًا,MAPPED,,09
5347,139,فَرَضَ,فعل,فرض,فَعَلَ,أَلْزَمَ بِشَيْءٍ غَيْرِ مَرْغُوبٍ,MAPPED,,09
5348,139,وَقَفَ,فعل,وقف,فَعَلَ,خَصَّصَ مَالًا أَوْ عَقَارًا لِمَقْصَدٍ خَيْرِيّ,MAPPED,,09
5353,139,تَخَلَّصَ,فعل,خلص,تَفَعَّلَ,أَعْطَىٰ شَيْئًا رَدِيئًا كَبَدِيل,MAPPED,,09
5361,139,وَزَّعَ,فعل,وزع,فَعَّلَ,قَسَّمَ وَأَعْطَىٰ لِعَدَدٍ كَبِيرٍ,MAPPED,,09
5369,139,سَلَّمَ,فعل,سلم,فَعَّلَ,نَقَلَ إِلَىٰ آخَرَ بِالْيَدِ,MAPPED,,09
5370,139,وَزَّعَ,فعل,وزع,فَعَّلَ,قَسَّمَ عَلَىٰ مَجْمُوعَة,MAPPED,,09
5371,139,أَهْدَىٰ,فعل,هدي,أَفْعَلَ,قَدَّمَ كَهَدِيَّة,MAPPED,,09
5372,139,هَدِيَّة,اسم جامد,هدي,فَعِيلَة,شَيْءٌ يُقَدَّمُ لِآخَرَ بِطِيبَةِ نَفْسٍ,MAPPED,,09
5374,139,وَزَّعَ,فعل,وزع,فَعَّلَ,قَسَّمَ عَلَىٰ مَجْمُوعَة,MAPPED,,09
7214,139,أَوْصَىٰ,فعل,وصي,أَفْعَلَ,تَرَكَ الْمِلْكَ لِشَخْصٍ بِوَصِيَّة,MAPPED,,09
8033,139,سَقَىٰ,فعل,سقي,فَعَلَ,قَدَّمَ طَعَامًا أَوْ شَرَابًا,MAPPED,,09
8905,139,نَاوَلَ,فعل,نول,فَاعَلَ,أَعْطَىٰ بِالْيَدِ مُبَاشَرَة,MAPPED,,09
9138,139,سَلَّمَ,فعل,سلم,فَعَّلَ,نَقَلَ إِلَىٰ جِهَةٍ رَسْمِيَّة,MAPPED,,09
12046,139,ساهَمَ,فعل,سهم,فَاعَلَ,شَارَكَ بِمَالٍ أَوْ جُهْدٍ,MAPPED,,09
12047,139,مُساهَمَة,مصدر,سهم,مُفَاعَلَة,مَا يُشَارَكُ بِهِ فِي عَمَلٍ,MAPPED,,09
14695,139,صَدَقَة,اسم جامد,صدق,فَعَلَة,عَطِيَّةٌ لِمُحْتَاجٍ أَوْ جِهَةٍ خَيْرِيَّة,MAPPED,,09
15057,139,تَطَوَّعَ,فعل,طوع,تَفَعَّلَ,قَدَّمَ خِدْمَةً أَوْ مَالًا بِاخْتِيَار,MAPPED,,09
15059,139,أَوْصَىٰ,فعل,وصي,أَفْعَلَ,تَرَكَ الْمِلْكَ بِوَصِيَّة,MAPPED,,09
15099,139,تَرَكَ,فعل,ترك,فَعَلَ,خَلَّفَ مِلْكًا لِلْوَرَثَة,MAPPED,,09
15102,139,أَسْبَغَ,فعل,سبغ,أَفْعَلَ,أَعْطَىٰ قَبْلَ الْأَوَانِ,MAPPED,,09
18516,139,مَنَحَ,فعل,منح,فَعَلَ,أَعْطَىٰ حَقًّا أَوْ مِلْكًا,MAPPED,,09
18517,139,وَصِيَّة,اسم جامد,وصي,فَعِيلَة,مَا يُتْرَكُ بِالْوَصِيَّة,MAPPED,,09
2784,140,جُزْء,اسم جامد,جزء,فُعْل,قِطْعَةٌ مِنْ كُلٍّ,MAPPED,,09
2785,140,شَظِيَّة,اسم جامد,شظي,فَعِيلَة,قِطْعَةٌ مَكْسُورَة,MAPPED,,09
5882,140,نِصْف,اسم جامد,نصف,فِعْل,أَحَدُ الْجُزْأَيْنِ الْمُتَسَاوِيَيْنِ,MAPPED,,09
5883,140,قِطْعَة,اسم جامد,قطع,فِعْلَة,جُزْءٌ مِنْ كُلٍّ مُقَسَّم,MAPPED,,09
5903,140,قِسْم,اسم جامد,قسم,فِعْل,جُزْءٌ مُمَيَّزٌ مِنْ كُلٍّ,MAPPED,,09
10303,140,ثُمُن,اسم جامد,ثمن,فُعُل,وَاحِدٌ مِنْ ثَمَانِيَةِ أَجْزَاء,MAPPED,,09
10304,140,خُمُس,اسم جامد,خمس,فُعُل,وَاحِدٌ مِنْ خَمْسَةِ أَجْزَاء,MAPPED,,09
10305,140,جُزْءٌ مِنْ مِائَة,تركيب,,,وَاحِدٌ مِنْ مِائَةِ جُزْء,MAPPED,,09
10306,140,ثُلُث,اسم جامد,ثلث,فُعُل,وَاحِدٌ مِنْ ثَلَاثَةِ أَجْزَاء,MAPPED,,09
10307,140,رُبُع,اسم جامد,ربع,فُعُل,وَاحِدٌ مِنْ أَرْبَعَةِ أَجْزَاء,MAPPED,,09
10308,140,عُشْر,اسم جامد,عشر,فُعْل,وَاحِدٌ مِنْ عَشَرَةِ أَجْزَاء,MAPPED,,09
12653,140,حِصَّة,اسم جامد,حصص,فِعَّة,جُزْءٌ أَوْ حَظٌّ مِنْ شَيْءٍ,MAPPED,,09
16853,140,تَطَوُّر,مصدر,طور,تَفَعُّل,جُزْءٌ مِنَ الْمُوسِيقَىٰ حَيْثُ تَتْجَسَّدُ الْمَوْضِيعَات,MAPPED,,09
2745,141,مُتَأَكِّد,اسم فاعل,أكد,مُتَفَعِّل,عَلَىٰ يَقِينٍ تَامٍّ مِنْ شَيْءٍ,MAPPED,,09
2746,141,غَيْرُ مُتَأَكِّد,تركيب,,,لَيْسَ عَلَىٰ يَقِينٍ مِنْ أَمْرٍ,MAPPED,,09
2747,141,وَاثِق,صفة مشبهة,وثق,فَاعِل,مُطْمَئِنٌّ إِلَىٰ صِحَّةِ أَمْرٍ,MAPPED,,09
2748,141,مُتَيَقِّن,اسم فاعل,يقن,مُتَفَعِّل,عَلَىٰ عِلْمٍ أَكِيدٍ بِأَمْرٍ,MAPPED,,09
2749,141,ثِقَة,اسم جامد,ثقة,فِعَة,الاطْمِئْنَانُ إِلَىٰ صِحَّةِ أَمْرٍ,MAPPED,,09
2750,141,مُقْتَنِع,اسم فاعل,قنع,مُفْتَعِل,عَلَىٰ إِقْنَاعٍ تَامٍّ بِأَمْرٍ,MAPPED,,09
2751,141,مُؤَكَّد,اسم مفعول,أكد,مُفَعَّل,بِلَا شَكٍّ؛ مَقْطُوعٌ,MAPPED,,09
2752,141,مُتَرَدِّد,اسم فاعل,ردد,مُتَفَعِّل,غَيْرُ وَاثِقٍ فِي أَمْرٍ,MAPPED,,09
2753,141,يَقِين,اسم جامد,يقن,فَعِيل,الْعِلْمُ الْأَكِيدُ بِصِحَّةِ أَمْرٍ,MAPPED,,09
2754,141,شَكَّ,فعل,شكك,فَعَّلَ,عَدَمُ الْيَقِينِ بِصِحَّةِ أَمْرٍ,MAPPED,,09
2755,141,مَشْكُوك,اسم مفعول,شكك,مَفْعُول,غَيْرُ مُتَأَكِّدٍ,MAPPED,,09
2756,141,صَدَّقَ,فعل,صدق,فَعَّلَ,ظَنَّ أَوْ تَيَقَّنَ مِنْ أَمْرٍ,MAPPED,,09
2757,141,شَكّ,اسم جامد,شكك,فَعْل,عَدَمُ الْيَقِينِ بِأَمْرٍ,MAPPED,,09
3285,141,غَيْرُ وَاثِق,تركيب,,,لَا يَثِقُ فِي أَمْرٍ,MAPPED,,09
3401,141,شَكّ,اسم جامد,شكك,فَعْل,عَدَمُ الْيَقِينِ مِنْ أَمْرٍ,MAPPED,,09
12113,141,اعْتَقَدَ,فعل,عقد,افْتَعَلَ,كَانَ عَلَىٰ اعْتِقَادٍ رَاسِخٍ,MAPPED,,09
14303,141,مُتَشَكِّك,اسم فاعل,شكك,مُتَفَعِّل,يَتَرَدَّدُ فِي الْحُكْمِ,MAPPED,,09
14304,141,تَشَكُّك,مصدر,شكك,تَفَعُّل,الْقِسْطُ مِنَ الْحُكْمِ وَالشَّكِّ,MAPPED,,09
14305,141,مُتَشَكِّك,اسم فاعل,شكك,مُتَفَعِّل,مَنْ يَتَرَدَّدُ فِي الْحُكْمِ,MAPPED,,09
15553,141,عَلِمَ,فعل,علم,فَعِلَ,كَانَ عَلَىٰ عِلْمٍ أَكِيدٍ,MAPPED,,09
2758,142,قِصَاصَة,اسم جامد,قصص,فِعَالَة,قِطْعَةٌ صَغِيرَةٌ متبقية,MAPPED,,09
2759,142,شَظِيَّة,اسم جامد,شظي,فَعِيلَة,شَرِيحَةٌ رَقِيقَةٌ مِنْ شَيْءٍ,MAPPED,,09
2761,142,خِيط,اسم جامد,خيط,فِيعَل,شَيْءٌ جِدًّا صَغِيرٌ,MAPPED,,09
2762,142,مَقْطَع,اسم جامد,قطع,مَفْعَل,جُزْءٌ صَغِيرٌ مِنْ نَصٍّ,MAPPED,,09
2763,142,كُتْلَة,اسم جامد,كتل,فُعْلَة,قِطْعَةٌ كَبِيرَةٌ وَثَقِيلَة,MAPPED,,09
2764,142,قِطْعَة,اسم جامد,قطع,فِعْلَة,قِطْعَةٌ كَثِيفَةٌ صَلْبَة,MAPPED,,09
2765,142,مِقْدَار,اسم جامد,قدر,مِفْعَال,كَمِيَّةٌ صَغِيرَةٌ جِدًّا,MAPPED,,09
2769,142,فُتَات,اسم جامد,فتت,فُعَال,قِطْعَةٌ صَغِيرَةٌ مُتَكَسِّرَة,MAPPED,,09
2770,142,شَظِيَّة,اسم جامد,شظي,فَعِيلَة,قِطْعَةٌ حَادَّةٌ مِنْ مَادَّة مَكْسُورَة,MAPPED,,09
2771,142,لُقْمَة,اسم جامد,لقم,فُعْلَة,قِطْعَةٌ صَغِيرَةٌ مِنَ الطَّعَام,MAPPED,,09
2786,142,قِطْعَة,اسم جامد,قطع,فِعْلَة,جُزْءٌ مِنْ كُلٍّ مُنْفَصِل,MAPPED,,09
5835,142,شَرِيحَة,اسم جامد,شرح,فَعِيلَة,قِطْعَةٌ رَقِيقَةٌ مِنَ الطَّعَامِ,MAPPED,,09
5868,142,كُتْلَة,اسم جامد,كتل,فُعْلَة,قِطْعَةٌ غَيْرُ مُنْتَظِمَة,MAPPED,,09
5869,142,رِقَاقَة,اسم جامد,رقق,فِعَالَة,قِطْعَةٌ رَقِيقَةٌ جِدًّا,MAPPED,,09
5904,142,شَظِيَّة,اسم جامد,شظي,فَعِيلَة,قِطْعَةٌ مَكْسُورَة,MAPPED,,09
5999,142,كُتْلَة,اسم جامد,كتل,فُعْلَة,تَجَمُّعٌ مَا دِّي,MAPPED,,09
6014,142,كُتْلَة,اسم جامد,كتل,فُعْلَة,قِطْعَةٌ صَلْبَة,MAPPED,,09
16599,142,رَقْقَة,اسم جامد,رقق,فَعْلَة,لَوْحَةٌ سِيليكونِيَّة,MAPPED,,09
2772,143,أَعْلَىٰ,صفة مشبهة,علو,أَفْعَلَ,الْجُزْءُ الْأَعْلَىٰ,MAPPED,,09
2773,143,أَسْفَل,صفة مشبهة,سفل,أَفْعَلَ,الْجُزْءُ الْأَسْفَلُ,MAPPED,,09
2774,143,أَمَام,ظرف,أمم,فَعَال,الْجَانِبُ الْمُقَابِلُ,MAPPED,,09
2775,143,خَلْف,ظرف,خلف,فَعْل,الْجَانِبُ الْخَلْفِيُّ,MAPPED,,09
2776,143,جَانِب,اسم جامد,جنب,فَاعِل,جُزْءٌ مِنَ الْيَمِينِ أَوِ الْيَسَار,MAPPED,,09
2778,143,سُفْلَىٰ,صفة مشبهة,سفل,فُعْلَىٰ,السَّطْحُ الْأَسْفَلُ,MAPPED,,09
5728,143,بَطْن,اسم جامد,بطن,فَعْل,الْجُزْءُ الضَّعِيفُ,MAPPED,,09
5729,143,قِمَّة,اسم جامد,قمم,فِعَّة,أَعْلَىٰ نُقْطَةٍ,MAPPED,,09
5730,143,خَلْفِيّ,اسم منسوب,خلف,فَعْلِيّ,الْمُتَجِّهُ لِلْخَلْفِ,MAPPED,,09
5731,143,عُلْوِيّ,اسم منسوب,علو,فُعْوِيّ,الْمُتَجِّهُ لِلْأَعْلَىٰ,MAPPED,,09
5732,143,سُفْلِيّ,اسم منسوب,سفل,فُعْلِيّ,الْمُتَجِّهُ لِلْأَسْفَلِ,MAPPED,,09
5733,143,قِمَّة,اسم جامد,قمم,فِعَّة,أَعْلَىٰ نُقْطَةٍ,MAPPED,,09
5734,143,أَسَاس,اسم جامد,أسس,فِعَال,الْقَاعِدَةُ السُّفْلَىٰ,MAPPED,,09
5735,143,رَأْس,اسم جامد,رأس,فَعْل,الطَّرَفُ الْمُدَبَّب,MAPPED,,09
5736,143,خَلْف,ظرف,خلف,فَعْل,الْجَانِبُ الْخَلْفِيُّ,MAPPED,,09
5737,143,قَدَم,اسم جامد,قدم,فَعَل,وحدة قياس طول,MAPPED,,09
5738,143,سَطْح,اسم جامد,سطح,فَعْل,السَّطْحُ الظَّاهِر,MAPPED,,09
5739,143,خَلْفِيّ,اسم منسوب,خلف,فَعْلِيّ,فِي الْجُزْءِ الْخَلْفِيّ,MAPPED,,09
5740,143,خَلْفِيّ,اسم منسوب,خلف,فَعْلِيّ,فِي الْجَانِبِ الْخَلْفِيّ,MAPPED,,09
5742,143,قَلْب,اسم جامد,قلب,فَعْل,الْجُزْءُ الْمَرْكَزِيُّ,MAPPED,,09
5745,143,يَسَار,اسم جامد,يسر,فَعَال,الْجَانِبُ الْأَيْسَر,MAPPED,,09
5746,143,أَيْسَر,صفة مشبهة,يسر,أَفْعَل,عَلَىٰ جَانِبِ الْيَسَار,MAPPED,,09
5747,143,أَيْمَن,صفة مشبهة,يمن,أَفْعَل,عَلَىٰ جَانِبِ الْيَمِين,MAPPED,,09
5748,143,يَمِين,اسم جامد,يمن,فَعِيل,الْجَانِبُ الْأَيْمَن,MAPPED,,09
5819,143,قِمَّة,اسم جامد,قمم,فِعَّة,أَعْلَىٰ نُقْطَةٍ,MAPPED,,09
5820,143,قِمَّة,اسم جامد,قمم,فِعَّة,أَعْلَىٰ نُقْطَةٍ,MAPPED,,09
5821,143,شَرْقِيّ,اسم منسوب,شرق,فَعْلِيّ,نَحْوَ الشَّرْقِ,MAPPED,,09
5822,143,غَرْبِيّ,اسم منسوب,غرب,فَعْلِيّ,نَحْوَ الْغَرْبِ,MAPPED,,09
5823,143,شَمَالِيّ,اسم منسوب,شمل,فَعَالِيّ,نَحْوَ الشَّمَالِ,MAPPED,,09
5824,143,جَنُوبِيّ,اسم منسوب,جنب,فَعُولِيّ,نَحْوَ الْجَنُوبِ,MAPPED,,09
5871,143,جَنُوبِيّ,اسم منسوب,جنب,فَعُولِيّ,فِي الْجَنُوبِ,MAPPED,,09
5872,143,شَمَالِيّ,اسم منسوب,شمل,فَعَالِيّ,فِي الشَّمَالِ,MAPPED,,09
5873,143,أَقْصَىٰ شَمَال,تركيب,,,فِي أَبْعَدِ شَمَالٍ,MAPPED,,09
5874,143,أَقْصَىٰ جَنُوب,تركيب,,,فِي أَبْعَدِ جَنُوبٍ,MAPPED,,09
5875,143,شَرْقِيّ,اسم منسوب,شرق,فَعْلِيّ,فِي الشَّرْقِ,MAPPED,,09
5876,143,أَقْصَىٰ شَرْق,تركيب,,,فِي أَبْعَدِ شَرْقٍ,MAPPED,,09
5877,143,غَرْبِيّ,اسم منسوب,غرب,فَعْلِيّ,فِي الْغَرْبِ,MAPPED,,09
5878,143,أَقْصَىٰ غَرْب,تركيب,,,فِي أَبْعَدِ غَرْبٍ,MAPPED,,09
6077,143,شِمَال,اسم جامد,شمل,فِعَال,الْجِهَةُ الشَّمَالِيَّة,MAPPED,,09
6078,143,جَنُوب,اسم جامد,جنب,فَعُول,الْجِهَةُ الْجَنُوبِيَّة,MAPPED,,09
6079,143,غَرْب,اسم جامد,غرب,فَعْل,الْجِهَةُ الْغَرْبِيَّة,MAPPED,,09
6080,143,شَرْق,اسم جامد,شرق,فَعْل,الْجِهَةُ الشَّرْقِيَّة,MAPPED,,09
14363,143,شَمَالُ غَرْب,تركيب,,,الْجِهَةُ الشَّمَالِيَّة الْغَرْبِيَّة,MAPPED,,09
14393,143,شَمَالُ جَنُوب,تركيب,,,الْمِحْوَرُ بَيْنَ الشَّمَالِ وَالْجَنُوبِ,MAPPED,,09
17256,143,أَمَامِيّ,اسم منسوب,أمم,فَعَالِيّ,فِي الْجَانِبِ الْأَمَامِيّ,MAPPED,,09
2788,144,تَوَقَّفَ,فعل,وقف,تَفَعَّلَ,أَنْهَىٰ عَمَلًا,MAPPED,,09
2789,144,تَوَقَّفَ,فعل,وقف,تَفَعَّلَ,تَرَكَ عَمَلًا,MAPPED,,09
2791,144,أَقْلَعَ,فعل,قلع,أَفْعَلَ,تَرَكَ الاسْتِمْرَار,MAPPED,,09
2792,144,تَرَكَ,فعل,ترك,فَعَلَ,أَنْهَىٰ عَمَلًا,MAPPED,,09
2793,144,تَوَقَّفَ,فعل,وقف,تَفَعَّلَ,أَنْهَىٰ حَدَثًا,MAPPED,,09
2794,144,توقُّف,مصدر,وقف,تَفَعُّل,حَالَةُ إِنْهَاءِ حَدَثٍ,MAPPED,,09
2795,144,توقُّف,مصدر,وقف,تَفَعُّل,عَمَلِيَّةُ إِنْهَاءِ نَشَاطٍ,MAPPED,,09
14507,144,توقُّف,مصدر,وقف,تَفَعُّل,إِيقافُ حَرَكَةٍ,MAPPED,,09
16135,144,إِطْفَاء,مصدر,طفأ,إِفْعَال,إِيقافُ نِظَامٍ,MAPPED,,09
16389,144,أَنْهَىٰ,فعل,نهي,أَفْعَلَ,أَنْهَىٰ عَمَلِيَّةً قَبْلَ أَوَانِهَا,MAPPED,,09
18331,144,أَطْفَأَ,فعل,طفأ,أَفْعَلَ,أَوْقَفَ نِظَامًا,MAPPED,,09
2799,145,اسْتَمَرَّ,فعل,سمر,افْتَعَلَ,ظَلَّ فِي الاسْتِمْرَارِ,MAPPED,,09
2802,145,مُسْتَمِرّ,اسم فاعل,سمر,مُفْتَعِل,لَازَالَ جَارِيًا,MAPPED,,09
4092,145,اسْتَمَرَّ,فعل,سمر,افْتَعَلَ,ظَلَّ مُسْتَمِرًّا,MAPPED,,09
4094,145,اسْتَطَالَ,فعل,طول,افْتَعَلَ,اسْتَمَرَّ أَطْوَلَ مِمَّا هُوَ مَطْلُوب,MAPPED,,09
4095,145,اسْتَمَرَّ,فعل,سمر,افْتَعَلَ,اسْتَمَرَّ مُسْتَمِرًّا,MAPPED,,09
4098,145,اسْتِمْرَار,مصدر,سمر,افْتِعَال,حَالَةُ الاسْتِمْرَارِ المُسْتَمِرّ,MAPPED,,09
11693,145,تَابَعَ,فعل,تبع,فَاعَلَ,اسْتَمَرَّ فِي الْعَمَلِ,MAPPED,,09
14024,145,جَارٍ,اسم فاعل,جري,فَاعِل,فِي طَرِيقِ التَّنْفِيذِ,MAPPED,,09
17648,145,عَلَىٰ,حرف,,,حُرْفُ جَرٍّ يَدُلُّ عَلَىٰ الاسْتِمْرَارِ,MAPPED,,09
4447,146,بَدَأَ,فعل,بدأ,فَعَلَ,بَدَأَ نَشَاطًا,MAPPED,,09
4448,146,بَدَأَ,فعل,بدأ,فَعَلَ,بَدَأَ عَمَلًا,MAPPED,,09
4449,146,تَسَلَّمَ,فعل,سلم,تَفَعَّلَ,شَرَعَ فِي وَظِيفَةٍ,MAPPED,,09
4450,146,مُبْتَدِئ,اسم فاعل,بدأ,مُفْتَعِل,مَنْ يَبْدَأُ نَشَاطًا,MAPPED,,09
4451,146,مُبْتَدِئ,اسم فاعل,بدأ,مُفْتَعِل,شَخْصٌ جَدِيدٌ فِي فَنٍّ,MAPPED,,09
9272,146,انْخَرَطَ,فعل,خرط,افْتَعَلَ,بَدَأَ الاشْتِغَالَ,MAPPED,,09
12881,146,شَرَعَ,فعل,شرع,فَعَلَ,بَدَأَ نَشَاطًا بِقُوَّة,MAPPED,,09
13233,146,بَدَّأَ,فعل,بدأ,فَعَّلَ,أَطْلَقَ عَمَلِيَّة,MAPPED,,09
13283,146,بَدَأَ,فعل,بدأ,فَعَلَ,بَدَأَ عَمَلًا,MAPPED,,09
15098,146,شَرَعَ,فعل,شرع,فَعَلَ,بَدَأَ بِحَماس,MAPPED,,09
16261,146,بَدَأَ,فعل,بدأ,فَعَلَ,بَدَأَ فَجْأَةً,MAPPED,,09
16542,146,فَتَحَ,فعل,فتح,فَعَلَ,بَدَأَ هُجُومًا,MAPPED,,09
17845,146,شَرَعَ,فعل,شرع,فَعَلَ,بَدَأَ عَمَلًا بِجِدٍّ,MAPPED,,09
17846,146,بَدَأَ,فعل,بدأ,فَعَلَ,شَرَعَ فِي المرحلة الأولى,MAPPED,,09
2804,147,كِيلُو,اسم جامد,,,وحدة قياس كتلة = ألف غرام (دخيل),MAPPED,,09
2805,147,كِيلُوغْرَام,اسم جامد,,,وحدة قياس الكتلة = ألف غرام (دخيل),MAPPED,,09
2806,147,غْرَام,اسم جامد,,,وحدة قياس كتلة (دخيل),MAPPED,,09
2807,147,طُن,اسم جامد,,,وحدة قياس الوزن الثقيل (دخيل),MAPPED,,09
2808,147,رِطْل,اسم جامد,رطل,فِعْل,وحدة قياس الوزن,MAPPED,,09
2810,147,أُونْصَة,اسم جامد,,,وحدة قياس الوزن (دخيل),MAPPED,,09
2811,147,مِيلِيغْرَام,اسم جامد,,,جزء من ألف غرام (دخيل),MAPPED,,09
12406,147,طُنّ مِتْرِيّ,تركيب,,,ألف كيلوغرام (دخيل),MAPPED,,09
4434,148,اسْتأْنَفَ,فعل,أنف,افْتَعَلَ,عَاوَدَ عَمَلًا بَعْدَ انْقِطَاع,MAPPED,,09
17586,148,أَعَادَ,فعل,عود,أَفْعَلَ,بَدَأَ مَرَّةً أُخْرَىٰ,MAPPED,,09
2812,154,إِنْش,اسم جامد,,,وحدة قياس طول (دخيل),MAPPED,,09
2813,154,مِيل,اسم جامد,,,وحدة قياس مسافة (دخيل),MAPPED,,09
2814,154,يَارْدَة,اسم جامد,,,وحدة قياس طول (دخيل),MAPPED,,09
2815,154,قَدَم,اسم جامد,قدم,فَعَل,وحدة قياس طول,MAPPED,,09
2816,154,مِتْر,اسم جامد,,,وحدة قياس الطول الأساسية (دخيل),MAPPED,,09
2817,154,كِيلُومِتْر,اسم جامد,,,ألف متر (دخيل),MAPPED,,09
2818,154,سَنْتِيمِتْر,اسم جامد,,,جزء من مئة متر (دخيل),MAPPED,,09
2819,154,مِيلِيمِتْر,اسم جامد,,,جزء من ألف متر (دخيل),MAPPED,,09
13486,154,فَرْلُونْغ,اسم جامد,,,وحدة قياس مسافة (دخيل),MAPPED,,09
13487,154,سَنَة ضَوْئِيَّة,تركيب,,,وحدة قياس مسافة كونية,MAPPED,,09
14502,154,كُتْلَة مَدِينَة,تركيب,,,طول شارع واحد,MAPPED,,09
2820,155,بِنْت,اسم جامد,,,وحدة قياس حجم (دخيل),MAPPED,,09
2821,155,كُوب,اسم جامد,,,وحدة قياس حجم (دخيل),MAPPED,,09
2822,155,زُجَاجَة,اسم جامد,زجج,فُعَالَة,وعاء للسوائل,MAPPED,,09
2823,155,بُوشِل,اسم جامد,,,وحدة قياس حجم (دخيل),MAPPED,,09
2824,155,صُندُوق,اسم جامد,صندق,فُعْلُول,وعاء مستطيل الشكل,MAPPED,,09
2825,155,كُوب,اسم جامد,,,وعاء زجاجي (دخيل),MAPPED,,09
2826,155,جَالُون,اسم جامد,,,وحدة قياس حجم (دخيل),MAPPED,,09
2827,155,بِرْمِيل,اسم جامد,,,وعاء كبير (دخيل),MAPPED,,09
2828,155,عِلْبَة,اسم جامد,علب,فِعْلَة,وعاء من الكرتون,MAPPED,,09
2829,155,وِعَاء,اسم جامد,وعي,فِعَال,إناء عميق مستدير,MAPPED,,09
2832,155,مِلْعَقَة شَاي,تركيب,,,حجم ملعقة الشاي,MAPPED,,09
2833,155,إِبْرِيق,اسم جامد,برق,إِفْعِيل,وعاء للسوائل,MAPPED,,09
2834,155,مِلْعَقَة,اسم جامد,لعق,فِعْلَة,حجم الملعقة,MAPPED,,09
2835,155,مِلْعَقَة طَعَام,تركيب,,,حجم ملعقة الطعام,MAPPED,,09
2836,155,كِيس,اسم جامد,كيس,فِيعَل,حجم الكيس المرن,MAPPED,,09
2837,155,كْوَرْت,اسم جامد,,,وحدة قياس حجم (دخيل),MAPPED,,09
2838,155,مِلْءُ مِلْعَقَة,تركيب,,,حجم ملء الملعقة,MAPPED,,09
2839,155,مِلْءُ مِلْعَقَةِ شَاي,تركيب,,,حجم ملء ملعقة الشاي,MAPPED,,09
2840,155,مِلْءُ كِيس,تركيب,,,حجم ملء الكيس,MAPPED,,09
2841,155,مِلْءُ صُندُوق,تركيب,,,حجم ملء الصندوق,MAPPED,,09
2842,155,مِلْءُ دَلْو,تركيب,,,حجم ملء الدلو,MAPPED,,09
2843,155,مِلْءُ خَزَّان,تركيب,,,حجم ملء الخزان,MAPPED,,09
2844,155,مِلْءُ جِوَال,تركيب,,,حجم ملء الجوال,MAPPED,,09
2877,155,عِلْبَة,اسم جامد,علب,فِعْلَة,حجم الرزمة,MAPPED,,09
3147,155,إِنَاء,اسم جامد,نوع,إِفَاء,حجم الكوب الكبير,MAPPED,,09
3340,155,مِعْيَار,اسم جامد,معر,فِعْيَال,حجم المعيار,MAPPED,,09
3341,155,مِلْءُ مِعْيَار,تركيب,,,حجم ملء المعيار,MAPPED,,09
3421,155,طَبَق,اسم جامد,طبق,فَعَل,حجم ما على الطبق,MAPPED,,09
3422,155,صِينِيَة,اسم جامد,صين,فِيعِلَة,حجم ما على الصينية,MAPPED,,09
3424,155,مِلْءُ حَافِلَة,تركيب,,,حجم ملء الحافلة,MAPPED,,09
3425,155,مِلْءُ طَائِرَة,تركيب,,,حجم ملء الطائرة,MAPPED,,09
3426,155,مِلْءُ شَاحِنَة,تركيب,,,حجم ملء الشاحنة,MAPPED,,09
3427,155,مِلْءُ سَيَّارَة,تركيب,,,حجم ملء السيارة,MAPPED,,09
3428,155,مِلْءُ غُرْفَة,تركيب,,,حجم ملء الغرفة,MAPPED,,09
3434,155,مِلْءُ قِطَار,تركيب,,,حجم ملء القطار,MAPPED,,09
3664,155,مِلْءُ قَارِب,تركيب,,,حجم ملء القارب,MAPPED,,09
6989,155,لِتْر,اسم جامد,,,وحدة قياس حجم (دخيل),MAPPED,,09
7204,155,عِلْبَة,اسم جامد,علب,فِعْلَة,حجم العلبة,MAPPED,,09
18681,155,صُندُوق,اسم جامد,صندق,فُعْلُول,حجم الصندوق الواحد,MAPPED,,09
2857,156,هِكْتَار,اسم جامد,,,وحدة قياس مساحة (دخيل),MAPPED,,09
2858,156,فَدَّان,اسم جامد,فدن,فَعَّال,وحدة قياس مساحة أرض,MAPPED,,09
2860,157,نَحِيل,صفة مشبهة,نحل,فَعِيل,نحيل الجسم طويل,MAPPED,,10
2863,157,ممتلئ,اسم مفعول,ملأ,مُفْتَعَل,ممتلئ الجسم دائري,MAPPED,,10
2865,157,رَخْو,صفة مشبهة,رخو,فَعْل,رخو اللحم غير مشدود,MAPPED,,10
2921,157,سَمِين,صفة مشبهة,سمن,فَعِيل,سمين الجسم كثير الشحم,MAPPED,,10
2922,157,بَدِين,صفة مشبهة,بدن,فَعِيل,بدين الجسم سمين,MAPPED,,10
2923,157,وَقور,صفة مشبهة,وقر,فَعول,وقور كبير الجسم,MAPPED,,10
2924,157,رَشِيق,صفة مشبهة,رشق,فَعِيل,رشيق ممشوق القوام,MAPPED,,10
2928,157,قَصِير,صفة مشبهة,قصر,فَعِيل,قصير القامة قوي,MAPPED,,10
2929,157,غَلِيظ,صفة مشبهة,غلظ,فَعِيل,غليظ قصير ممتلئ,MAPPED,,10
2930,157,أَسِير,صفة مشبهة,سير,فَعِيل,أسير هزيل معذب,MAPPED,,10
2931,157,نَحِيل,صفة مشبهة,نحل,فَعِيل,نحيل رقيق غير جذاب,MAPPED,,10
2932,157,عَضِل,صفة مشبهة,عضل,فَعِل,عضل قوي البنية,MAPPED,,10
2934,157,قَصِير,صفة مشبهة,قصر,فَعِيل,قصير القامة من,MAPPED,,10
3038,157,عَضِل,صفة مشبهة,عضل,فَعِل,عضل قوي غليظ,MAPPED,,10
3040,157,بَطِين,صفة مشبهة,بطن,فَعِيل,بطين ممتلئ الكرش,MAPPED,,10
3049,157,سَمِين,صفة مشبهة,سمن,فَعِيل,سمين كثير اللحم,MAPPED,,10
3050,157,رَقِيق,صفة مشبهة,رقق,فَعِيل,رقيق الجسم قليل,MAPPED,,10
3051,157,طَوِيل,صفة مشبهة,طول,فَعِيل,طويل رقيق ممشوق,MAPPED,,10
3052,157,رَشِيق,صفة مشبهة,رشق,فَعِيل,رشيق جميل,MAPPED,,10
3053,157,نَحِيل,صفة مشبهة,نحل,فَعِيل,نحيل رقيق أنيق,MAPPED,,10
3054,157,ضَئِيل,صفة مشبهة,ضيل,فَعِيل,ضئيل صغير ضعيف,MAPPED,,10
3058,157,نَحِيل,صفة مشبهة,نحل,فَعِيل,نحيل عظمي غير,MAPPED,,10
3061,157,ممتلئ,اسم مفعول,ملأ,مُفْتَعَل,ممتلئ ثقيل,MAPPED,,10
3063,157,غَلِيظ,صفة مشبهة,غلظ,فَعِيل,غليظ ممتلئ قوي,MAPPED,,10
3065,157,غَلِيظ,صفة مشبهة,غلظ,فَعِيل,غليظ قصير ممتلئ,MAPPED,,10
3148,157,طَوِيل,صفة مشبهة,طول,فَعِيل,طويل أطول من,MAPPED,,10
3149,157,عَضِل,صفة مشبهة,عضل,فَعِل,عضل مفتول قوي,MAPPED,,10
3150,157,رَقِيق,صفة مشبهة,رقق,فَعِيل,رقيق صحي,MAPPED,,10
3589,157,نَحِيل,صفة مشبهة,نحل,فَعِيل,نحيل عظمي بارز,MAPPED,,10
3590,157,عَظْمِيّ,اسم منسوب,عظم,فَعْلِيّ,عظمي رقيق,MAPPED,,10
3591,157,طَوِيل,صفة مشبهة,طول,فَعِيل,طويل رشيق,MAPPED,,10
3592,157,قَصِير,صفة مشبهة,قصر,فَعِيل,قصير عريض مربع,MAPPED,,10
3593,157,غَلِيظ,صفة مشبهة,غلظ,فَعِيل,غليظ قوي متماسك,MAPPED,,10
3594,157,مَرِن,صفة مشبهة,مرن,فَعِل,مرن رقيق أنيق,MAPPED,,10
3595,157,ممتلئ,اسم مفعول,ملأ,مُفْتَعَل,ممتلئ الجسم قليلاً,MAPPED,,10
3596,157,ممتلئ,اسم مفعول,ملأ,مُفْتَعَل,ممتلئ دائري,MAPPED,,10
3597,157,رَقِيق,صفة مشبهة,رقق,فَعِيل,رقيق قوي مرن,MAPPED,,10
3598,157,ثَقِيل,صفة مشبهة,ثقل,فَعِيل,ثقيل قوي كبير,MAPPED,,10
9819,157,متوسط,اسم فاعل,وسط,مُتَفَعِّل,متوسط الحجم,MAPPED,,10
10490,157,عَرِيض,صفة مشبهة,عرض,فَعِيل,عريض الهيكل,MAPPED,,10
18670,157,ذَكَر,اسم جامد,ذكر,فَعَل,ذكر يلد النسل,MAPPED,,10
18671,157,أُنْثَى,اسم جامد,انث,فُعْلَى,أنثى تضع النسل,MAPPED,,10
2861,159,اسْتَحَمَّ,فعل,حمم,اِفْتَعَلَ,استحم بالماء,MAPPED,,10
4734,159,غَسَلَ,فعل,غسل,فَعَلَ,غسل بالماء والصابون,MAPPED,,10
4735,159,غَسَلَ,فعل,غسل,فَعَلَ,غسل بالماء عليه,MAPPED,,10
4736,159,اسْتَحْمَّ,فعل,حمم,اِفْتَعَلَ,استحم بالدش,MAPPED,,10
5422,159,نَتَفَ,فعل,نتف,فَعَلَ,نتف الحاجبين,MAPPED,,10
5423,159,تَنْظِيف,مصدر,نظف,تَفْعِيل,تنظيف بين الأسنان,MAPPED,,10
5424,159,حَلَقَ,فعل,حلق,فَعَلَ,حلق الشعر بالموس,MAPPED,,10
5426,159,إزالة,مصدر,زيل,إفَالَة,إزالة الشعر بالشمع,MAPPED,,10
5427,159,مَشَطَ,فعل,مشط,فَعَلَ,مشط الشعر,MAPPED,,10
5429,159,غَسَلَ,فعل,غسل,فَعَلَ,غسل الشعر بالشامبو,MAPPED,,10
5430,159,عَمِل,فعل,عمل,فَعِل,عمل مانيكير,MAPPED,,10
5433,159,عَمِل,فعل,عمل,فَعِل,عمل باديكير,MAPPED,,10
5445,159,غُسْل,مصدر,غسل,فُعْل,غسل الجسم الطقسي,MAPPED,,10
5446,159,رَطَّبَ,فعل,رطب,فَعَّلَ,رطب الجلد,MAPPED,,10
5447,159,غَسَلَ,فعل,غسل,فَعَلَ,غسل بالصابون,MAPPED,,10
5448,159,نَظَّفَ,فعل,نظف,فَعَّلَ,نظف الجسم,MAPPED,,10
5449,159,عِنَاية,مصدر,عني,فِعَالَة,عناية للوجه,MAPPED,,10
5450,159,عِنَاية,مصدر,عني,فِعَالَة,عناية للأيدي,MAPPED,,10
5451,159,عَنَى,فعل,عني,فَعَلَ,عنى بالظهور,MAPPED,,10
7217,159,تَفْرِيش,مصدر,فرش,تَفْعِيل,تفريش الأسنان,MAPPED,,10
7219,159,تَسْرِيح,مصدر,سرح,تَفْعِيل,تسريح الشعر,MAPPED,,10
11262,159,ضَفَرَ,فعل,ضفر,فَعَلَ,ضفر الشعر,MAPPED,,10
15595,159,بَرَدَ,فعل,برد,فَعَلَ,برد الأظافر,MAPPED,,10
2916,161,ابْتِسَامَة,مصدر,بسم,اِفْتِعَالَة,ابتسامة سعيدة,MAPPED,,10
2917,161,تَشَنُّج,مصدر,شنج,تَفَعُّل,تشنج الوجه,MAPPED,,10
2918,161,ابْتِسَامَة,مصدر,بسم,اِفْتِعَالَة,ابتسامة عريضة,MAPPED,,10
2919,161,عُبوس,مصدر,عبس,فُعول,عبوس الوجه,MAPPED,,10
2927,161,تَعْبِير,مصدر,عبر,تَفْعِيل,تعبير الوجه,MAPPED,,10
2959,161,ابْتِسَامَة,مصدر,بسم,اِفْتِعَالَة,ابتسامة متكلفة,MAPPED,,10
2960,161,تَجَمُّد,مصدر,جمد,تَفَعُّل,تجمد الوجه,MAPPED,,10
2961,161,نَظْرَة,مصدر,نظر,فَعْلَة,نظرة عن انفعال,MAPPED,,10
2962,161,عُبوس,مصدر,عبس,فُعول,عبوس غاضب,MAPPED,,10
2963,161,وَجْه,اسم جامد,وجه,فَعْل,وجه يدل على,MAPPED,,10
2964,161,تَكْشِير,مصدر,كشر,تَفْعِيل,تكشير بأسنان,MAPPED,,10
2965,161,سُخْرِيَة,مصدر,سخر,فُعْلِيَة,سخرية باستهزاء,MAPPED,,10
3039,161,تَكَشُّر,مصدر,كشر,تَفَعُّل,تكشر الشفة,MAPPED,,10
4347,164,اسْتَمَرَّ,فعل,مرر,اِفْتَعَلَ,استمر في النشاط,MAPPED,,10
5435,164,اسْتَمَرَّ,فعل,مرر,اِفْتَعَلَ,استمر في العمل,MAPPED,,10
11353,164,اسْتَمَرَّ,فعل,مرر,اِفْتَعَلَ,استمر يعمل,MAPPED,,10
12166,164,صِيَانَة,مصدر,صين,فِعَالَة,صيانة بقاء الشيء,MAPPED,,10
13201,164,اسْتَمَرَّ,فعل,مرر,اِفْتَعَلَ,استمر في الفعل,MAPPED,,10
13202,164,اسْتَمَرَّ,فعل,مرر,اِفْتَعَلَ,استمر بنفس السرعة,MAPPED,,10
4482,165,أَنْهَى,فعل,نهي,أَفْعَلَ,أنهى العمل,MAPPED,,10
4483,165,انْتَهَى,فعل,نهي,اِفْتَعَلَ,انتهى من العمل,MAPPED,,10
11351,165,انْتَهَى,فعل,نهي,اِفْتَعَلَ,انتهى من الموضوع,MAPPED,,10
11352,165,أَكْمَلَ,فعل,كمل,أَفْعَلَ,أكمل العمل,MAPPED,,10
12162,165,إِكْمَال,مصدر,كمل,إِفْعَال,إكمال العمل,MAPPED,,10
13181,165,أَنْهَى,فعل,نهي,أَفْعَلَ,أنهى الموضوع,MAPPED,,10
17692,165,تَخَرَّجَ,فعل,خرج,تَفَعَّلَ,تخرج من المدرسة,MAPPED,,10
11312,166,توَقَّفَ,فعل,وقف,تَفَعَّلَ,توقف عن العمل,MAPPED,,10
11358,166,توَقَّفَ,فعل,وقف,تَفَعَّلَ,توقف فوراً,MAPPED,,10
11359,166,أَوْقَفَ,فعل,وقف,أَفْعَلَ,أوقف العمل,MAPPED,,10
11360,166,توَقَّفَ,فعل,وقف,تَفَعَّلَ,توقف نهائياً,MAPPED,,10
11856,166,أَنْهَى,فعل,نهي,أَفْعَلَ,أنهى الكامل,MAPPED,,10
13410,166,تَرَكَ,فعل,ترك,فَعَلَ,ترك العمل تماماً,MAPPED,,10
14637,166,تَرَكَ,فعل,ترك,فَعَلَ,ترك العمل فجأة,MAPPED,,10
4508,167,توَقُّف,مصدر,وقف,تَفَعُّل,توقف مؤقت,MAPPED,,10
11354,167,علَّقَ,فعل,علق,فَعَّلَ,علق العمل,MAPPED,,10
11355,167,أَخَذَ,فعل,أخذ,فَعَلَ,أخذ راحة,MAPPED,,10
11450,167,جَمَّدَ,فعل,جمد,فَعَّلَ,جمد الحالة,MAPPED,,10
11451,167,تَجَمُّد,مصدر,جمد,تَفَعُّل,تجمد مستوى,MAPPED,,10
11452,167,وَقْفَة,مصدر,وقف,فَعْلَة,وقفة منع,MAPPED,,10
17366,167,عَطَّلَ,فعل,عطل,فَعَّلَ,عطل الجلسة,MAPPED,,10
12293,169,مُسْتَعِدّ,اسم فاعل,عدد,مُفْتَعِل,مستعد للنشاط,MAPPED,,10
13001,169,مُجَهَّز,اسم مفعول,جهز,مُفَعَّل,مجهز لنشاط,MAPPED,,10
13418,169,مُسْتَعِدّ,اسم فاعل,عدد,مُفْتَعِل,مستعد تماماً,MAPPED,,10
5507,170,أَعَدَّ,فعل,عدد,أَفْعَلَ,أعد نفسه,MAPPED,,10
11356,170,أَعَدَّ,فعل,عدد,أَفْعَلَ,أعد للعمل,MAPPED,,10
11357,170,أَعَدَّ,فعل,عدد,أَفْعَلَ,أعد الاستعداد,MAPPED,,10
11852,170,أَعَدَّ,فعل,عدد,أَفْعَلَ,أعد لنشاط,MAPPED,,10
11883,170,تَأَهَّبَ,فعل,أهب,تَفَعَّلَ,تأهب واستعد,MAPPED,,10
13867,170,تَحْضِير,مصدر,حضر,تَفْعِيل,تحضير للنشاط,MAPPED,,10
17679,170,تَهَيَّأَ,فعل,هيأ,تَفَعَّلَ,تهيأ نفسه,MAPPED,,10
2966,171,اشْتَرَى,فعل,شرى,اِفْتَعَلَ,اشترى بالمال,MAPPED,,10
2971,171,اشْتَرَى,فعل,شرى,اِفْتَعَلَ,اشترى بسعر,MAPPED,,10
2973,171,شِرَاء,مصدر,شرى,فِعَال,شراء البضاعة,MAPPED,,10
17240,171,مُشْتَرٍ,اسم فاعل,شرى,مُفْتَعِل,مشتري يدفع,MAPPED,,10
17241,171,مُشْتَرٍ,اسم فاعل,شرى,مُفْتَعِل,مشتري السلعة,MAPPED,,10
18663,171,عَمِيل,اسم جامد,عمل,فَعِيل,عميل يدفع,MAPPED,,10
2983,172,بَاعَ,فعل,بيع,فَاعَ,باع التفصيل,MAPPED,,10
2984,172,بَائِع,اسم فاعل,بيع,فَاعِل,بائع السلع,MAPPED,,10
2986,172,بَاعَ,فعل,بيع,فَاعَ,باع بالمال,MAPPED,,10
2988,172,بَاعَ,فعل,بيع,فَاعَ,باع أساس,MAPPED,,10
2989,172,بَائِع,اسم فاعل,بيع,فَاعِل,بائع عرض,MAPPED,,10
8745,172,بَيْع,مصدر,بيع,فَعْل,بيع تبديل,MAPPED,,10
14624,172,بَاعَ,فعل,بيع,فَاعَ,باع مزاد,MAPPED,,10
14675,172,مَزَاد,اسم جامد,زيد,فَعَال,مزاد مزايدة,MAPPED,,10
17242,172,بَائِع,اسم فاعل,بيع,فَاعِل,بائع يتاجر,MAPPED,,10
3041,175,هَرَّبَ,فعل,هرب,فَعَّلَ,هرب السلعة,MAPPED,,10
3042,175,تَهْرِيب,مصدر,هرب,تَفْعِيل,تهريب محظورة,MAPPED,,10
3043,175,مُهَرِّب,اسم فاعل,هرب,مُفَعِّل,مهرب ينقل,MAPPED,,10
3044,175,مُحَظَّر,اسم مفعول,حظر,مُفَعَّل,محظر غير,MAPPED,,10
3045,175,بِضَاعَة,اسم جامد,بضع,فِعَالَة,بضاعة محظورة,MAPPED,,10
11459,177,صَفْقَة,اسم جامد,صفق,فَعْلَة,صفقة بيع,MAPPED,,10
10813,178,نَقْل,مصدر,نقل,فَعْل,نقل من مكان,MAPPED,,10
11593,178,نَقَلَ,فعل,نقل,فَعَلَ,نقل لآخر,MAPPED,,10
4343,179,حَصَلَ,فعل,حصل,فَعَلَ,حصل على الشيء,MAPPED,,10
7499,179,حَصَلَ,فعل,حصل,فَعَلَ,حصل على شيء,MAPPED,,10
7500,179,امْتَلَكَ,فعل,ملك,اِفْتَعَلَ,امتلك الشيء,MAPPED,,10
7501,179,اقْتِنَاء,مصدر,قنى,اِفْتِعَال,اقتناء الشيء,MAPPED,,10
7502,179,مُكْتَسَب,اسم مفعول,كسب,مُفْتَعَل,مكتسب حديث,MAPPED,,10
7503,179,كَسَبَ,فعل,كسب,فَعَلَ,كسب مواتياً,MAPPED,,10
7504,179,أَمِن,اسم فاعل,أمن,فَاعِل,آمن الشيء,MAPPED,,10
12163,179,حَصَلَ,فعل,حصل,فَعَلَ,حصل على الشيء,MAPPED,,10
12712,179,حُصول,مصدر,حصل,فُعول,حصول على الشيء,MAPPED,,10
13200,179,نَالَ,فعل,نول,فَعَلَ,نال المرغوب,MAPPED,,10
15586,179,فَازَ,فعل,فوز,فَاعَ,فاز بالشيء,MAPPED,,10
3083,180,دَفَعَ,فعل,دفع,فَعَلَ,دفع الثمن,MAPPED,,10
8742,180,دَفْعَة,مصدر,دفع,فَعْلَة,دفعة مستحقة,MAPPED,,10
8743,180,صَرَفَ,فعل,صرف,فَعَلَ,صرف المال,MAPPED,,10
8744,180,صَرْف,مصدر,صرف,فَعْل,صرف من صندوق,MAPPED,,10
13473,180,دَفَعَ,فعل,دفع,فَعَلَ,دفع مال إفراطي,MAPPED,,10
17294,180,دَافِع,اسم فاعل,دفع,فَاعِل,دافع يدفع,MAPPED,,10
5506,182,انْتَهَى,فعل,نهي,اِفْتَعَلَ,انتهى العمل,MAPPED,,10
5763,182,انْتَهَى,فعل,نهي,اِفْتَعَلَ,انتهى بلا,MAPPED,,10
6985,182,بَدْء,مصدر,بدأ,فَعْل,بدء إلى نهاية,MAPPED,,10
4886,187,حَدَثَ,فعل,حدث,فَعَلَ,حدث الزمان,MAPPED,,10
4887,187,حَدَثَ,فعل,حدث,فَعَلَ,حدث وقع,MAPPED,,10
4888,187,حَدَثَ,فعل,حدث,فَعَلَ,حدث وقع فعلاً,MAPPED,,10
11456,187,حَدَثَ,فعل,حدث,فَعَلَ,حدث جرى الفعل,MAPPED,,10
13390,187,حَدَث,اسم جامد,حدث,فَعَل,حدث مرحلة جديدة,MAPPED,,10
13923,187,حَدَث,اسم جامد,حدث,فَعَل,حدث شيء وقع,MAPPED,,10
16965,187,حَلْقَة,اسم جامد,حلق,فَعْلَة,حلقة حادثة,MAPPED,,10
17287,187,حَادِثَة,اسم فاعل,حدث,فَاعِلَة,حادثة وقوع,MAPPED,,10
18327,187,يَجْرِي,فعل,جري,يَفْعِل,يجري الحدث,MAPPED,,10
3694,192,منطقة,اسم جامد,نطق,مَفْعَلَة,منطقة جغرافية,MAPPED,,10
3695,192,نِطَاق,اسم جامد,نطق,فِعَال,نطاق محدد,MAPPED,,10
3696,192,إِقْلِيم,اسم جامد,قلم,إِفْعِيل,إقليم منطقة,MAPPED,,10
3697,192,مَكَان,اسم جامد,مكن,مَفْعَل,مكان موقع,MAPPED,,10
7513,192,بُقْعَة,اسم جامد,بقع,فُعْلَة,بقعة موقع,MAPPED,,10
7514,192,موقع,اسم جامد,وقع,مُفْعَل,موقع مكان,MAPPED,,10
10383,192,مَحْكَى,اسم جامد,حكي,مَفْعَل,محكى مكان,MAPPED,,10
10384,192,جَيْب,اسم جامد,جيب,فَعْل,جيب منطقة,MAPPED,,10
13360,192,إِقْلِيمِيّ,اسم منسوب,قلم,إِفْعِيلِيّ,إقليمي متعلق,MAPPED,,10
13783,192,موقع,اسم جامد,وقع,مُفْعَل,موقع أرض,MAPPED,,10
14526,192,نُقْطَة,اسم جامد,نقط,فُعْلَة,نقطة موقع,MAPPED,,10
14558,192,أَرْض,اسم جامد,أرض,فَعْل,أرض ملكية,MAPPED,,10
15544,192,أَرْض,اسم جامد,أرض,فَعْل,أرض الكوكب,MAPPED,,10
3464,193,غابة,اسم جامد,غيب,فَاعِلَة,غابة بأشجار,MAPPED,,10
3465,193,سِبَاخ,اسم جامد,سبخ,فِعَال,سباخ طينية,MAPPED,,10
3466,193,مُسْتَنْقَع,اسم مفعول,نقع,مُفْتَعَل,مستنقع أرض,MAPPED,,10
3467,193,سَهْل,اسم جامد,سهل,فَعْل,سهل عشبية,MAPPED,,10
3468,193,صَحْرَاء,اسم جامد,صحر,فَعْلَاء,صحراء جافة,MAPPED,,10
3469,193,غابة,اسم جامد,غيب,فَاعِلَة,غابة كثيفة,MAPPED,,10
3470,193,مُسْتَنْقَع,اسم مفعول,نقع,مُفْتَعَل,مستنقع موحلة,MAPPED,,10
3471,193,غابة,اسم جامد,غيب,فَاعِلَة,غابة صغيرة,MAPPED,,10
3472,193,غَابَة,اسم جامد,غيب,فَاعِلَة,غابة ملتفة,MAPPED,,10
3473,193,مَسْتَنْقَع,اسم مفعول,نقع,مَفْتَعَل,مستنقع رطبة,MAPPED,,10
3474,193,غابة,اسم جامد,غيب,فَاعِلَة,غابة مطيرة,MAPPED,,10
3475,193,سَهْل,اسم جامد,سهل,فَعْل,سهل مسطحة,MAPPED,,10
3476,193,مَرْج,اسم جامد,مرج,فَعْل,مرج عشب,MAPPED,,10
3477,193,صَحْرَاء,اسم جامد,صحر,فَعْلَاء,صحراء جدباء,MAPPED,,10
3478,193,غيضة,اسم جامد,غيض,فَيْعَة,غيضة مجموعة,MAPPED,,10
3479,193,فَسْحَة,اسم جامد,فسح,فَعْلَة,فسحة مفتوحة,MAPPED,,10
3480,193,تُندْرَا,اسم جامد,تندر,فُنْدْرَا,تندرا متجمدة,MAPPED,,10
3481,193,التَّيغَا,اسم جامد,تيغ,فِعَالَة,التيغا غابة,MAPPED,,10
3482,193,مَسْتَنْقَع,اسم مفعول,نقع,مَفْتَعَل,مستنقع منخفضة,MAPPED,,10
3483,193,مَسْتَنْقَع,اسم مفعول,نقع,مَفْتَعَل,مستنقع رطبة,MAPPED,,10
3484,193,فِين,اسم جامد,فين,فِعْل,فين موحلة,MAPPED,,10
3485,193,عِلْق,اسم جامد,علق,فِعْل,علق مرتفعة,MAPPED,,10
3486,193,أَرْضِيَّة,اسم منسوب,أرض,أَفْعِلِيَّة,أرضية عشبية,MAPPED,,10
3487,193,مَرْج,اسم جامد,مرج,فَعْل,مرج مرعى,MAPPED,,10
3488,193,مَرْج,اسم جامد,مرج,فَعْل,مرج عشبية,MAPPED,,10
3489,193,سَافَنَّا,اسم جامد,سافن,فَاعَلَّا,سافنا عشبي,MAPPED,,10
3490,193,هَضْبَة,اسم جامد,هضب,فَعْلَة,هضبة مرتفعة,MAPPED,,10
3491,193,غَابَة,اسم جامد,غيب,فَاعِلَة,غابة ملتفة,MAPPED,,10
3492,193,سَافَنَّا,اسم جامد,سافن,فَاعَلَّا,سافنا عشبي,MAPPED,,10
3493,193,رُطوبة,اسم جامد,رطب,فُعولَة,رطوبة موحلة,MAPPED,,10
3494,193,أُرْطُة,اسم جامد,أرط,فُعْلَة,أرطة برية,MAPPED,,10
3495,193,غابة,اسم جامد,غيب,فَاعِلَة,غابة خضراء,MAPPED,,10
3704,193,بُستَان,اسم جامد,بست,فُعْلَان,بستان صغير,MAPPED,,10
14498,193,رَوْشَنَة,اسم جامد,روشن,فَعْلَنَة,روشنة طبيعية,MAPPED,,10
14627,193,واحة,اسم جامد,وحي,فَاعِلَة,واحة خضراء,MAPPED,,10
17303,193,شُجَيْرَات,اسم جامد,شجر,فُعَيْلَات,شجيرات كثيفة,MAPPED,,10
3709,194,سِيْر,اسم جامد,س ي ر,فِعْل,حبل أو جديلة لربط الحذاء,MAPPED,,11
3710,194,شِرَاك,اسم جامد,ش ر ك,فِعَال,حبل يمرّ عبر ثقوب الحذاء,MAPPED,,11
3711,194,رِبَاط,اسم جامد,ر ب ط,فِعَال,حبل أو شريط لربط الحذاء,MAPPED,,11
3712,194,زِرّ,اسم جامد,ز ر ر,فِعْل,قطعة صغيرة مخيطة على الملبس,MAPPED,,11
3713,194,سِحّاب,صيغة مبالغة,س ح ب,فِعَّال,مشبك معدني للملابس,MAPPED,,11
3714,194,سِحّاب,صيغة مبالغة,س ح ب,فِعَّال,مشبك معدني للملابس,MAPPED,,11
3715,194,إِبْزِيم,اسم جامد,ب ز م,إِفْعِيل,مشبك بإبرة للحزام,MAPPED,,11
3716,194,زِرّ,اسم جامد,ز ر ر,فِعْل,زر ضاغط صغير,MAPPED,,11
3717,194,سِيْر,اسم جامد,س ي ر,فِعْل,شريط ضيق من الجلد,MAPPED,,11
3718,194,يَقَة,اسم جامد,ي ق ي,فَعَة,شريط حول عنق الملبس,MAPPED,,11
3719,194,عُنُق,اسم جامد,ع ن ق,فُعُل,جزء ضيق من الملبس,MAPPED,,11
3720,194,كُمّ,اسم جامد,ك م م,فُعْل,الجزء الذي يغطي الذراع,MAPPED,,11
3721,194,رِسْغ,اسم جامد,ر س غ,فِعْل,نهاية الكم عند المعصم,MAPPED,,11
3722,194,خَصْر,اسم جامد,خ ص ر,فَعْل,جزء الملبس عند الخصر,MAPPED,,11
3723,194,شُرْبُط,اسم جامد,ش ر ب,فُعْلُل,عقدة خيوط معلقة,MAPPED,,11
3724,194,شَرَابَة,اسم جامد,ش ر ب,فَعَالَة,شريط خيوط على الحافة,MAPPED,,11
3725,194,جَيْب,اسم جامد,ج ي ب,فَعْل,كيس صغير على الملبس,MAPPED,,11
3726,194,ضَفِيرَة,اسم جامد,ض ف ر,فَعِيلَة,نسيج زينة على الملبس,MAPPED,,11
3727,194,مَقْعَد,اسم مكان,ق ع د,مَفْعَل,جزء الملبس على الأرداف,MAPPED,,11
3729,194,سَاق,اسم جامد,س و ق,فَاعِل,جزء الملبس على الرجل,MAPPED,,11
3730,194,حِزَام,اسم جامد,ح ز م,فِعَال,شريط عريض حول الخصر,MAPPED,,11
3731,194,سِيْر,اسم جامد,س ي ر,فِعْل,شريط ضيق للربط,MAPPED,,11
3732,194,قُنَّة,اسم جامد,ق ن ن,فُعَّة,غطاء رأس متصل,MAPPED,,11
3733,194,عِمَامَة,اسم جامد,ع م م,فِعَالَة,غطاء رأس كبير,MAPPED,,11
3734,194,تَنُّورَة,اسم جامد,ن و ر,تَفَعِّلَة,جزء الثوب تحت الخصر,MAPPED,,11
3735,194,دِرْع,اسم جامد,د ر ع,فِعْل,قطعة حماية معدنية,MAPPED,,11
3736,194,حِزام,اسم جامد,ح ز م,فِعَال,شريط قماشي حول الخصر,MAPPED,,11
3767,194,إِبْزِيم,اسم جامد,ب ز م,إِفْعِيل,جهاز متشابك للربط,MAPPED,,11
3909,194,خِيَاطَة,اسم جامد,خ ي ط,فِعَالَة,خط بين قطع القماش,MAPPED,,11
3910,194,فَتْحَة,اسم مرة,ف ت ح,فَعْلَة,فتحة صغيرة في الملبس,MAPPED,,11
3982,194,وَسْم,اسم جامد,و س م,فَعْل,علامة حروف متشابكة,MAPPED,,11
3983,194,فَتْحَة,اسم جامد,ف ت ح,فَعْلَة,فتحة عنق منخفضة,MAPPED,,11
3984,194,زِرّ,اسم جامد,ز ر ر,فِعْل,زر يربط الكم,MAPPED,,11
3985,194,حاشِيَة,اسم جامد,ح ش ي,فاعِيَة,حافة الملبس المطوية,MAPPED,,11
3991,194,نِعْل,اسم جامد,ن ع ل,فِعْل,قطعة ناعمة داخل الحذاء,MAPPED,,11
3992,194,حِزام,اسم جامد,ح ز م,فِعَال,شريط قماشي حول الخصر,MAPPED,,11
3998,194,خَصْر,اسم جامد,خ ص ر,فَعْل,موضع الملبس عند الخصر,MAPPED,,11
4001,194,نَعْل,اسم جامد,ن ع ل,فَعْل,جزء الحذاء السفلي,MAPPED,,11
4002,194,حافَة,اسم جامد,ح ف ف,فاعِيَة,طرف القبعة البارز,MAPPED,,11
4057,194,رِبْطَة,اسم جامد,ر ب ط,فِعْلَة,شريط حول العنق,MAPPED,,11
3681,195,إِمَارَة,اسم جامد,م ر ا,إِفَالَة,إقليم يحكمه أمير,MAPPED,,11
3682,195,إِقْلِيم,اسم جامد,ق ل م,إِفْعِيل,منطقة تحت سلطة واحدة,MAPPED,,11
3683,195,دَوْلَة,اسم جامد,د و ل,فَعْلَة,جماعة منظمة تحت حكومة,MAPPED,,11
3684,195,وِلَايَة,اسم جامد,و ل ي,فِعَالَة,قسم إداري من دولة,MAPPED,,11
3685,195,دوقِيَّة,اسم جامد,د و ق,فُعْلِيَّة,إقليم يحكمه دوق,MAPPED,,11
3686,195,كُنْتِيَّة,اسم جامد,ك ن ت,فُعْتِيَّة,حكم نائب الكونت,MAPPED,,11
3687,195,مُحَافَظَة,اسم جامد,ح ف ظ,مُفَاعَلَة,قسم إداري من الدولة,MAPPED,,11
3688,195,دَوْلَة,اسم جامد,د و ل,فَعْلَة,جماعة منظمة تحت حكومة,MAPPED,,11
3689,195,إِمَارَة,اسم جامد,م ر ا,إِفَالَة,إقليم يحكمه أمير,MAPPED,,11
3690,195,مَدِينَة,اسم جامد,د ي ن,مَفْعَلَة,مدينة بحكومة محلية,MAPPED,,11
3691,195,مَدِينَة,اسم جامد,د ي ن,مَفْعَلَة,تجمع معماري كبير,MAPPED,,11
3692,195,مَمْلَكَة,اسم جامد,م ل ك,مَفْعَلَة,دولة يحكمها ملك,MAPPED,,11
3693,195,مَمْلَكَة,اسم جامد,م ل ك,مَفْعَلَة,دولة يحكمها ملك,MAPPED,,11
3699,195,بَلَدِيَّة,اسم جامد,ب ل د,فَعَلِيَّة,مدينة بحكومة محلية,MAPPED,,11
3700,195,حَاضِرَة,اسم جامد,ح ض ر,فاعِيَة,عاصمة الدولة الكبرى,MAPPED,,11
3701,195,,,,,مدينة ضخمة جداً ومأهولة,NO_ARABIC_EQUIVALENT,no equivalent in standard Arabic,11
3764,195,مَدِينَة,اسم جامد,د ي ن,مَفْعَلَة,مركز إداري مشرع,MAPPED,,11
10179,195,عَالَم,اسم جامد,ع ل م,فَاعَل,الأرض بكل دولها,MAPPED,,11
10234,195,فِدْرَالِي,اسم منسوب,,,متعلق بنظام فيدرالي,MAPPED,,11
10235,195,عَالَمِي,اسم منسوب,ع ل م,فَاعَلِي,متعلق بالعالم كله,MAPPED,,11
10236,195,,,,,قطاع كنسي بكنيسة,NO_ARABIC_EQUIVALENT,no equivalent in standard Arabic,11
10237,195,أَسْقُفِيَّة,اسم جامد,س ق ف,أَفْعُلِيَّة,إقليم تحت أسقف,MAPPED,,11
10238,195,دَوْلِي,اسم منسوب,د و ل,فَعَلِي,متعلق بدول متعددة,MAPPED,,11
10239,195,مَحَلِّي,اسم منسوب,م ح ل,مَفْعَلِي,متعلق بمنطقة محدودة,MAPPED,,11
10240,195,مِنْطَقَة,اسم جامد,ن ط ق,فِعْلَة,منطقة جغرافية,MAPPED,,11
10242,195,بَلَدِي,اسم منسوب,ب ل د,فَعَلِي,متعلق ببلدية,MAPPED,,11
10243,195,وَطَنِي,اسم منسوب,و ط ن,فَاعَلِي,تابع للحكومة,MAPPED,,11
11051,195,إِمْبِرَاطُورِيَّة,اسم جامد,م ب ر,إِفْعَالُورِيَّة,مجموعة دول تحت إمبراطور,MAPPED,,11
11299,195,قَرْيَة,اسم جامد,ق ر ي,فَعْلَة,تجمع سكني صغير,MAPPED,,11
12775,195,شَعْب,اسم جامد,ش ع ب,فَعْل,مجموعة بشرية موحدة,MAPPED,,11
13503,195,,,,,دولة مستقلة جمهورية,NO_ARABIC_EQUIVALENT,no equivalent in standard Arabic,11
13543,195,دَوْلِي,اسم منسوب,د و ل,فَعَلِي,متعلق بدول متعددة,MAPPED,,11
13951,195,,,,,يشمل عدة دول وجنسيات,NO_ARABIC_EQUIVALENT,no equivalent in standard Arabic,11
13986,195,,,,,مدينة وأراضيها دولة,NO_ARABIC_EQUIVALENT,no equivalent in standard Arabic,11
14551,195,مِحَافِظ,اسم جامد,م ح ف,فِعَالِل,منطقة محددة من المدينة,MAPPED,,11
14834,195,إِقْطَاعَة,اسم جامد,ق ط ع,إِفْعَالَة,أرض لشخص موال,MAPPED,,11
14983,195,,,,,منطقة بسلطة قانونية,NO_ARABIC_EQUIVALENT,no equivalent in standard Arabic,11
15330,195,أَرْض,اسم جامد,ا ر ض,فَعْل,إقليم تحت حكومة,MAPPED,,11
16339,195,وِلَايَة,اسم جامد,و ل ي,فِعَالَة,منطقة فيدرالية,MAPPED,,11
16445,195,وِلَائِي,اسم منسوب,و ل ي,فِعَائِي,متعلق بولاية,MAPPED,,11
16771,195,إِقْلِيمِي,اسم منسوب,ق ل م,إِفْعِيلِي,متعلق بإقليم,MAPPED,,11
17639,195,نَاحِيَة,اسم جامد,ن ي ح,فاعِيَة,منطقة قروية,MAPPED,,11
10611,198,فِعْل,اسم جامد,ف ع ل,فِعْل,شيء منفذ أو إجراء,MAPPED,,11
10612,198,فَعَلَ,فعل,ف ع ل,فَعَلَ,قام بتنفيذ عمل,MAPPED,,11
10613,198,خُطْوَة,اسم جامد,خ ط و,فُعْلَة,إجراء في سلسلة,MAPPED,,11
10614,198,عَمِلَ,فعل,ع م ل,فَعِلَ,اتخذ إجراء أو قام,MAPPED,,11
10615,198,نَشَاط,اسم جامد,ن ش ط,فَعَال,أنشطة وأعمال,MAPPED,,11
10616,198,نَشَاط,اسم جامد,ن ش ط,فَعَال,عمل لتحقيق هدف,MAPPED,,11
10912,198,أَدَّى,فعل,ا د ي,أَفْعَلَ,قام بتنفيذ عمل,MAPPED,,11
11705,198,نَفَّذَ,فعل,ن ف ذ,فَعَّلَ,قام بتنفيذ مهمة,MAPPED,,11
11736,198,أَجْرَى,فعل,ج ر ي,أَفْعَلَ,نظم وقام بتنفيذ,MAPPED,,11
11839,198,أَعْدَمَ,فعل,ع د م,أَفْعَلَ,نفذ أو أصدر أمراً,MAPPED,,11
12777,198,اِشْتَرَكَ,فعل,ش ر ك,اِفْتَعَلَ,شارك أو انخرط,MAPPED,,11
12778,198,إِجْرَاء,اسم جامد,ج ر ي,إِفْعَال,وسيلة لتحقيق,MAPPED,,11
13488,198,فِعْل,اسم جامد,ف ع ل,فِعْل,شيء منفذ أو إجراء,MAPPED,,11
14600,198,خُطْوَة,اسم جامد,خ ط و,فُعْلَة,حركة استراتيجية,MAPPED,,11
14863,198,فاعِل,اسم فاعل,ف ع ل,فاعِل,الشخص الذي يعمل,MAPPED,,11
14864,198,عامِل,اسم فاعل,ع م ل,فاعِل,شخص يتصرف بإرادة,MAPPED,,11
17271,198,عَمَل,اسم جامد,ع م ل,فَعَل,عمل متعمد,MAPPED,,11
6735,199,عِنْد,حرف,,,يعبر عن موقع ما,MAPPED,,11
6752,199,عَبْرَ,حرف,ع ب ر,فَعْلَة,من جانب إلى آخر,MAPPED,,11
6758,199,فَوْق,حرف,ف و ق,فَعْل,في مستوى أعلى,MAPPED,,11
6761,199,وَرَاء,حرف,و ر ي,فَاعَل,في الجانب الآخر,MAPPED,,11
6765,199,عَلَى,حرف,ع ل ي,فَعَلَ,ممتد على خط,MAPPED,,11
6767,199,إِلَى أَعْلَى,حرف,ع ل و,إِفْعَى,من نقطة منخفضة,MAPPED,,11
6768,199,لِأَسْفَل,حرف,,,نحو مكان منخفض,MAPPED,,11
7714,199,فَارِسِي,اسم فاعل,ف ر س,فاعِل,بساق على كل جانب,MAPPED,,11
10883,199,فِي كُل مَكَان,ظرف,,,على المساحة كاملة,MAPPED,,11
11905,199,حَدَّ,فعل,ح د د,فَعَّلَ,يكون متاخماً,MAPPED,,11
13318,199,حَيْث,ظرف,ح ي ث,فَعْل,في أي مكان أو إلى,MAPPED,,11
13764,199,بِقُرْب,حرف,ق ر ب,فِعْل,على مسافة قصيرة,MAPPED,,11
13961,199,تَحْتَانِي,اسم منسوب,,,أسفل سطح الأرض,MAPPED,,11
13962,199,فَوْقَانِي,اسم منسوب,,,فوق سطح الأرض,MAPPED,,11
14061,199,تَحْتَ الأَرْض,ظرف,,,نحو مكان تحت,MAPPED,,11
14102,199,فِي كُل مَكَان,ظرف,,,في جميع الأماكن,MAPPED,,11
14172,199,فِي مَكَان آخَر,ظرف,,,في مكان مختلف,MAPPED,,11
14175,199,هُنَا,ظرف,,,في هذا الموقع,MAPPED,,11
14302,199,مُحِيط,اسم فاعل,ح ي ط,مُفِعِل,يحيط بمنطقة,MAPPED,,11
14362,199,بَعِيد,صفة مشبهة,ب ع د,فَعِيل,في مسافة كبيرة,MAPPED,,11
14374,199,نَائِي,اسم فاعل,ن و ي,فاعِل,بعيد ومعزول,MAPPED,,11
14396,199,شِمَال,حرف,ش م ل,فِعَال,نحو الشمال,MAPPED,,11
14397,199,جَنُوب,حرف,ج ن و,فَعُول,نحو الجنوب,MAPPED,,11
14398,199,خَارِج,حرف,خ ر ج,فاعِل,بعيداً عن المقر,MAPPED,,11
14415,199,غَرْب,حرف,غ ر ب,فَعْل,نحو الغرب,MAPPED,,11
14473,199,مَوْجُود فِي كُل مَكَان,صفة مشبهة,,,موجود في كل الأماكن,MAPPED,,11
14589,199,هُنَاك,ظرف,,,في مكان بعيد,MAPPED,,11
14619,199,سَاحِلِي,اسم منسوب,س ح ل,فاعِلِي,قريب من شاطئ,MAPPED,,11
14620,199,دَاخِلِي,اسم منسوب,د خ ل,فاعِلِي,في الداخل عن ساحل,MAPPED,,11
14634,199,بَعْد,حرف,ب ع د,فَعْل,بعد الحدث,MAPPED,,11
14798,199,إِلَى,حرف,,,في اتجاه ما,MAPPED,,11
14814,199,جَنُوب شَرْق,ظرف,,,نحو الجهة الجنوبية الشرقية,MAPPED,,11
15076,199,قارّة,اسم جامد,ق ا ر,فاعِيَة,الجزء الرئيسي,MAPPED,,11
15334,199,عَبْرَ,حرف,ع ب ر,فَعْلَة,في جميع الأجزاء,MAPPED,,11
15622,199,لَامَسَ,فعل,ل م س,فَعَلَ,يكون متماساً جسدياً,MAPPED,,11
15673,199,أَحَاطَ,فعل,ح ي ط,أَفْعَلَ,يحيط من الجوانب,MAPPED,,11
17881,199,جَنُوب غَرْب,ظرف,,,نحو الجهة الجنوبية الغربية,MAPPED,,11
17882,199,شَمَال شَرْق,ظرف,,,نحو الجهة الشمالية الشرقية,MAPPED,,11
17883,199,شَمَال غَرْب,ظرف,,,نحو الجهة الشمالية الغربية,MAPPED,,11
8820,201,مُحَاكَمَة,اسم جامد,م ح ك,مُفَاعَلَة,فحص للأدلة,MAPPED,,11
8830,201,قَضِيَّة,اسم جامد,ق ض ي,فَعِيلَة,حادثة تحت التحقيق,MAPPED,,11
4733,202,اِعْتَقَلَ,فعل,ع ق ل,اِفْتَعَلَ,أمسك بصلاحية,MAPPED,,11
5673,202,اِلْتَقَطَ,فعل,ل ق ط,اِفْتَعَلَ,أمسك أثناء عمل,MAPPED,,11
5674,202,اِعْتَقَلَ,فعل,ع ق ل,اِفْتَعَلَ,ألقى القبض,MAPPED,,11
5675,202,قَبَضَ,فعل,ق ب ض,فَعَلَ,أمسك بمجرم,MAPPED,,11
5676,202,اِعْتَقَلَ,فعل,ع ق ل,اِفْتَعَلَ,أمسك أو اعتقل,MAPPED,,11
5677,202,قَبَضَ,فعل,ق ب ض,فَعَلَ,أمسك بشخص,MAPPED,,11
5678,202,اِعْتِقَال,اسم جامد,ع ق ل,اِفْتِعَال,فعل إلقاء القبض,MAPPED,,11
5679,202,مَداهَمَة,اسم جامد,م د ه,مَفَاعَلَة,عملية بحث,MAPPED,,11
5681,202,اِعْتِقَال,اسم جامد,ع ق ل,اِفْتِعَال,عملية اعتقال,MAPPED,,11
7900,202,دَوَّنَ,فعل,d w n,فَعَّلَ,سجل رسمياً,MAPPED,,11
11865,202,طَلَبَ,فعل,ط ل ب,فَعَلَ,خدم بأمر بالحضور,MAPPED,,11
3772,203,طَرِيق,اسم جامد,ط ر ق,فَعِيل,مسار عريض,MAPPED,,11
3773,203,مَسَار,اسم جامد,م س ر,مَفْعَال,ممر للمشي,MAPPED,,11
3774,203,طَرِيق,اسم جامد,ط ر ق,فَعِيل,شارع في الأسماء,MAPPED,,11
3775,203,شَارِع,اسم جامد,ش ر ع,فاعِل,مسار عام,MAPPED,,11
3776,203,شَارِع عَرِيض,تركيب,,,مسار عريض بأشجار,MAPPED,,11
3777,203,طَرِيق رَئِيسِيَّة,تركيب,,,مسار مهم,MAPPED,,11
3778,203,طَرِيق سَرِيعَة,تركيب,,,طريق للنقل السريع,MAPPED,,11
3779,203,طَرِيق سِريعَة حَضَرِيَّة,تركيب,,,طريق سريعة,MAPPED,,11
3780,203,طَرِيق سِريعَة,تركيب,,,طريق متعدد الممرات,MAPPED,,11
3781,203,رَصِيف,اسم جامد,ر ص ف,فَعِيل,ممر للمشاة,MAPPED,,11
3782,203,رَصِيف,اسم جامد,ر ص ف,فَعِيل,ممر معبد مرتفع,MAPPED,,11
3783,203,مَمَرّ,اسم جامد,م م ر,مَفْعَل,ممر تحت الأرض,MAPPED,,11
3784,203,جِسْر,اسم جامد,ج س ر,فِعْل,جسر فوق طريق,MAPPED,,11
3785,203,سِكَّة,اسم جامد,s k k,فِعَّة,مسار للقطارات,MAPPED,,11
3786,203,سِكَّة,اسم جامد,s k k,فِعَّة,مسار للقطارات,MAPPED,,11
3787,203,مَسَار,اسم جامد,م س ر,مَفْعَال,خط الطريق,MAPPED,,11
3788,203,خَط,اسم جامد,خ ط ط,فَعْل,مسار الخط,MAPPED,,11
3789,203,مُعَبَر,اسم جامد,m b r,مُفْعَل,ممر معبد,MAPPED,,11
3790,203,جِسْر,اسم جامد,ج س ر,فِعْل,بناء يعبر نهر,MAPPED,,11
3791,203,نَفَق,اسم جامد,ن ف ق,فَعَل,ممر تحت الأرض,MAPPED,,11
3793,203,طَرِيق سَرِيعَة,تركيب,,,طريق سريعة,MAPPED,,11
3794,203,زُقَاق,اسم جامد,ز ق ق,فُعَال,طريق ضيقة,MAPPED,,11
3795,203,مَسَار,اسم جامد,م س ر,مَفْعَال,مسار خشن,MAPPED,,11
3796,203,مَسَار,اسم جامد,م س ر,مَفْعَال,ممر محفوف,MAPPED,,11
3797,203,شَارِع,اسم جامد,ش ر ع,فاعِل,شارع عريض,MAPPED,,11
3798,203,مَسَار,اسم جامد,م س ر,مَفْعَال,اتجاه السفينة,MAPPED,,11
3799,203,طَرِيق,اسم جامد,ط ر ق,فَعِيل,طريق بدون رسوم,MAPPED,,11
3800,203,مَمْشَى,اسم جامد,م ش ي,مَفْعَل,ممر المشي,MAPPED,,11
3801,203,مَسَار,اسم جامد,م س ر,مَفْعَال,جزء الطريق,MAPPED,,11
3802,203,طَرِيق,اسم جامد,ط ر ق,فَعِيل,مسار عام,MAPPED,,11
7133,203,طَرِيق,اسم جامد,ط ر ق,فَعِيل,طريق صغيرة,MAPPED,,11
7134,203,زُقَاق,اسم جامد,ز ق ق,فُعَال,شارع مغلق,MAPPED,,11
7135,203,مَدْخَل,اسم جامد,د خ ل,مَفْعَل,طريق خاصة,MAPPED,,11
7136,203,طَرِيق,اسم جامد,ط ر ق,فَعِيل,طريق منسقة,MAPPED,,11
7137,203,مَدْرَج,اسم جامد,d r j,مَفْعَل,ممر للطائرات,MAPPED,,11
7168,203,طَرِيق,اسم جامد,ط ر ق,فَعِيل,طريق تجاوز,MAPPED,,11
7169,203,جِسْر,اسم جامد,ج س ر,فِعْل,جسر فوق طريق,MAPPED,,11
14493,203,سِكَّة,اسم جامد,s k k,فِعَّة,مسار السكة,MAPPED,,11
8740,210,اِسْتَجْمَعَ,فعل,ج م ع,اِسْتَفْعَلَ,طلب مال,MAPPED,,11
18252,210,تَحْصِيل,اسم جامد,ح ص ل,تَفْعِيل,استقبال مال,MAPPED,,11
3810,213,مُدْمِن,اسم فاعل,d m n,مُفْعِل,شخص مدمن,MAPPED,,11
3811,213,مُدْمِن,اسم فاعل,d m n,مُفْعِل,معتمد جسدياً,MAPPED,,11
3812,213,إِدْمَان,اسم جامد,d m n,إِفْعَال,الاعتماد الشديد,MAPPED,,11
3813,213,قَهْرِي,صفة مشبهة,q h r,فَعْلِي,ناتج عن دافع,MAPPED,,11
3814,213,مُدْمِن,اسم فاعل,d m n,مُفْعِل,شخص مدمن,MAPPED,,11
3816,213,عَادَة,اسم جامد,a w d,فاعَة,الإدمان على سلوك,MAPPED,,11
3817,213,مُدْمِن,اسم فاعل,d m n,مُفْعِل,مدمن مخدرات,MAPPED,,11
3818,213,,,,,يعاني من إدمان,NO_ARABIC_EQUIVALENT,no equivalent in standard Arabic,11
3819,213,,,,,إدمان على الكحول,NO_ARABIC_EQUIVALENT,no equivalent in standard Arabic,11
13509,213,مُدْمِن,اسم فاعل,d m n,مُفْعِل,معتمد على مادة,MAPPED,,11
3820,214,مَخْمُور,اسم مفعول,khmr,مَفْعُول,تحت تأثير مادة,MAPPED,,11
3821,214,مَخْمُور,اسم مفعول,khmr,مَفْعُول,في حالة نشوة,MAPPED,,11
3822,214,سَكْرَان,صفة مشبهة,skr,فَعْلَان,فاقد التحكم,MAPPED,,11
3824,214,مُسْكَر,اسم مفعول,skr,مُفْعَل,فاقد السيطرة,MAPPED,,11
3825,214,صاحٍ,صفة مشبهة,swh,فاعِل,غير متأثر,MAPPED,,11
3827,214,سَكْرَان,صفة مشبهة,skr,فَعْلَان,تحت التأثير,MAPPED,,11
3828,214,نَشْوَان,صفة مشبهة,nsw,فَعْلَان,في سكر خفيف,MAPPED,,11
3829,214,سَكْرَان,صفة مشبهة,skr,فَعْلَان,مسكور من الخمر,MAPPED,,11
3922,214,سَكْرَان,صفة مشبهة,skr,فَعْلَان,في سكر عميقة,MAPPED,,11
7038,214,هَلْوَسَة,اسم جامد,hls,فَعْلَسَة,تجربة هلوسية,MAPPED,,11
9861,214,,,,,متأثر بمادة,NO_ARABIC_EQUIVALENT,no equivalent in standard Arabic,11
12945,214,سَكْرَان,صفة مشبهة,skr,فَعْلَان,سكر شديد,MAPPED,,11
12946,214,سَكْرَان,صفة مشبهة,skr,فَعْلَان,سكر شديد,MAPPED,,11
12947,214,مَخْمُور,اسم مفعول,khmr,مَفْعُول,سكر من عقاقير,MAPPED,,11
7359,215,شَرْق,ظرف,shrq,فَعْل,نحو الشروق,MAPPED,,11
7360,215,لِأَعْلَى,ظرف,,,نحو مرتفع,MAPPED,,11
11164,215,إِلَى الأَمَام,ظرف,,,في اتجاه الحركة,MAPPED,,11
12496,215,يَسَار,ظرف,ysr,فَاعَل,الجانب الأيسر,MAPPED,,11
12497,215,يَمِين,ظرف,ymn,فَعِيل,الجانب الأيمن,MAPPED,,11
13838,215,شِمَال,ظرف,shml,فِعَال,الاتجاه الشمالي,MAPPED,,11
13839,215,جَنُوب,اسم جامد,jnb,فَعُول,الاتجاه الجنوبي,MAPPED,,11
13954,215,شَرْق,اسم جامد,shrq,فَعْل,اتجاه الشروق,MAPPED,,11
13955,215,جَنُوب,ظرف,jnb,فَعُول,نحو الجنوب,MAPPED,,11
14495,215,لِأَسْفَل,ظرف,,,نحو منخفض,MAPPED,,11
14964,215,لِلْخَارِج,ظرف,khrj,فاعِل,بعيداً عن مكان,MAPPED,,11
16200,215,شِمَال,اسم جامد,shml,فِعَال,الاتجاه الشمالي,MAPPED,,11
16201,215,غَرْب,ظرف,ghrb,فَعْل,نحو الغروب,MAPPED,,11
17051,215,شِمَال حَقِيقِي,تركيب,,,الشمال الجغرافي,MAPPED,,11
18565,215,اتِّجَاه,اسم جامد,itjh,اِفْتِعَال,اتجاه محدد,MAPPED,,11
3846,216,عَاقَبَ,فعل,aqb,فَعَلَ,فرض عقوبة,MAPPED,,11
3847,216,مُكَافَأَة,اسم جامد,kwf,مُفَاعَلَة,شيء يُعطى تقديراً,MAPPED,,11
3849,216,كَافَأَ,فعل,kwf,فَاعَلَ,أعطى مكافأة,MAPPED,,11
3850,216,أَدَّبَ,فعل,adb,أَفْعَلَ,عاقب رسمياً,MAPPED,,11
3851,216,تَأْدِيبِي,اسم منسوب,adb,تَفْعِيلِي,متعلق بالتأديب,MAPPED,,11
3852,216,عُقُوبَة,اسم جامد,aqb,فُعُولَة,الجزاء المفروض,MAPPED,,11
3853,216,عِقَابِي,اسم منسوب,aqb,فِعَالِي,متعلق بالعقاب,MAPPED,,11
3854,216,عُقُوبَة,اسم جامد,aqb,فُعُولَة,الجزاء المفروض,MAPPED,,11
3855,216,عِقَاب,اسم جامد,aqb,فِعَال,فعل العقاب,MAPPED,,11
3886,216,عَوَّضَ,فعل,awz,فَعَّلَ,أعطى تعويضاً,MAPPED,,11
3843,218,واحِد,اسم جامد,وحد,فاعِل,أَصْغَرُ عَدَد,MAPPED,,12
3844,218,اثنَان,اسم جامد,ثنى,فَعْلان,الثَّانِي فِي العَدّ,MAPPED,,12
3845,218,ثَلاثَة,اسم جامد,ثلث,فَعْلَة,الثَّالِثُ,MAPPED,,12
5605,218,مِليون,اسم جامد,,,عَدَدٌ كَبِيرٌ,MAPPED,,12
5606,218,صِفْر,اسم جامد,صفر,فِعْل,الْعَدَمُ,MAPPED,,12
8077,218,زَوْج,اسم جامد,زوج,فَعْل,اِثْنَانِ,MAPPED,,12
8078,218,ثُنَائِيّ,اسم منسوب,ثنى,فُعَالِيّ,زَوْجٌ,MAPPED,,12
8079,218,زَوْج,اسم جامد,زوج,فَعْل,مُرْتَبِطَانِ,MAPPED,,12
8080,218,عِشْرُون,اسم جامد,عشر,فِعْلُون,أَرْبَعُون,MAPPED,,12
10285,218,خَمْسَة,اسم جامد,خمس,فَعْلَة,الخَمْسُ,MAPPED,,12
10716,218,سَبْعَة,اسم جامد,سبع,فَعْلَة,السَّبْعُ,MAPPED,,12
11327,218,ثَلاثُون,اسم جامد,ثلث,فَعْلُون,ثَلاثُونَ,MAPPED,,12
11330,218,مائَة,اسم جامد,مائ,فاعَلَة,المِئَة,MAPPED,,12
11331,218,مِليار,اسم جامد,,,أَلْفُ مِليونٍ,MAPPED,,12
11626,218,ثُنَائِيّ,اسم منسوب,ثنى,فُعَالِيّ,مِنْ جُزْأَيْنِ,MAPPED,,12
11782,218,أَلْف,اسم جامد,الف,فَعْل,عَشَرُ مِئَات,MAPPED,,12
11804,218,تِسْعُون,اسم جامد,تسع,فِعْلُون,تِسْعُونَ,MAPPED,,12
13753,218,أَرْبَعَةَ عَشَرَ,تركيب,,,الرَّابِعَ عَشَرَ,MAPPED,,12
13757,218,خَمْسُ مائَة,تركيب,,,خَمْسُ مِئَاتٍ,MAPPED,,12
14171,218,خَمْسَة وَعِشْرُون,تركيب,,,خَمْسَةٌ وَعِشْرُونَ,MAPPED,,12
14184,218,مائَتَان,اسم جامد,مائ,فاعَلان,مِئَتَانِ,MAPPED,,12
14339,218,خَمْسَةَ عَشَرَ,تركيب,,,خَمْسَةَ عَشَرَ,MAPPED,,12
14345,218,خَمْسُون,اسم جامد,خمس,فِعْلُون,خَمْسُونَ,MAPPED,,12
14497,218,أَرْبَعُون,اسم جامد,ربع,فِعْلُون,أَرْبَعُونَ,MAPPED,,12
14505,218,عَشَرَة,اسم جامد,عشر,فَعْلَة,عَشَرَة,MAPPED,,12
14531,218,أَرْبَعَة,اسم جامد,ربع,فَعْلَة,أَرْبَعَة,MAPPED,,12
14578,218,سِتَّة,اسم جامد,ستت,فِتْلَة,سِتَّة,MAPPED,,12
14580,218,عِشْرُون,اسم جامد,عشر,فِعْلُون,عِشْرُونَ,MAPPED,,12
14581,218,سِتُّون,اسم جامد,ستت,فِعْلُون,سِتُّونَ,MAPPED,,12
14582,218,سَبْعُون,اسم جامد,سبع,فِعْلُون,سَبْعُونَ,MAPPED,,12
14591,218,واحِد وَعِشْرُون,تركيب,,,وَاحِدٌ وَعِشْرُونَ,MAPPED,,12
14681,218,ثَمانِيَة,اسم جامد,ثمن,فَعَالِيَة,ثَمانِيَة,MAPPED,,12
14682,218,اثنَان وَخَمْسُون,تركيب,,,اثْنَانِ وَخَمْسُونَ,MAPPED,,12
14684,218,اثنَا عَشَرَ,تركيب,,,اثْنَا عَشَرَ,MAPPED,,12
15221,218,أَرْبَعَة وَسَبْعُون,تركيب,,,أَرْبَعَةٌ وَسَبْعُونَ,MAPPED,,12
16310,218,عَدَد,اسم جامد,عدد,فَعَل,عَدَدٌ,MAPPED,,12
17649,218,تِسْعَة,اسم جامد,تسع,فِعْلَة,تِسْعَة,MAPPED,,12
17651,218,سَبْعَة وَعِشْرُون,تركيب,,,سَبْعَةٌ وَعِشْرُونَ,MAPPED,,12
3856,221,لَقَّبَ,فعل,لقب,فَعَّلَ,أَطْلَقَ لَقَباً,MAPPED,,12
3858,221,دَعَاهُ,فعل,دعو,فَعَلَ,أَطْلَقَ اسْماً,MAPPED,,12
3859,221,عَمَّدَ,فعل,عمد,فَعَّلَ,أَعْطَى اسْماً,MAPPED,,12
3860,221,سَمَّاهُ,فعل,سمو,فَعَّلَ,سَمَّى,MAPPED,,12
3864,221,عَمَّدَ,فعل,عمد,فَعَّلَ,أَعْطَى اسْماً,MAPPED,,12
14617,221,أَعَادَ التَّسْمِيَة,تركيب,,,غَيَّرَ الاسْمَ,MAPPED,,12
15346,221,سَمَّاهُ,فعل,سمو,فَعَّلَ,أَطْلَقَ اسْماً,MAPPED,,12
17566,221,دَعَاهُ,فعل,دعو,فَعَلَ,أَطْلَقَ اسْماً,MAPPED,,12
3865,222,جَلَدَ,فعل,جلد,فَعَلَ,ضَرَبَ,MAPPED,,12
3866,222,جَلْد,مصدر,جلد,فَعْل,ضَرْبٌ,MAPPED,,12
3867,222,ضَرَبَ بِالعَصَا,تركيب,,,ضَرَبَ,MAPPED,,12
3868,222,ضَرْبٌ بِالعَصَا,تركيب,,,ضَرْبٌ,MAPPED,,12
3869,222,ضَرْبَة,اسم مرة,ضرب,فَعْلَة,لَدْمَة,MAPPED,,12
3870,222,جَلَدَ,فعل,جلد,فَعَلَ,ضَرَبَ,MAPPED,,12
15069,222,ضَرَبَ,فعل,ضرب,فَعَلَ,لَطَمَ,MAPPED,,12
15070,222,ضَرَبَ الأَرْدَاف,تركيب,,,أَوْجَعَ,MAPPED,,12
3882,223,غَرَّمَ,فعل,غرم,فَعَّلَ,فَرَضَ غَرَامَةً,MAPPED,,12
3883,223,غَرَامَة,اسم جامد,غرم,فَعَالَة,غَرَامَةٌ,MAPPED,,12
3884,223,تَعْوِيضَات,اسم جامد,عوض,تَفْعِيلات,تَعْوِيضٌ,MAPPED,,12
3885,223,تَعْوِيضَات,اسم جامد,عوض,تَفْعِيلات,تَعْوِيضٌ,MAPPED,,12
10562,223,غَرَّمَ,فعل,غرم,فَعَّلَ,غَرَّمَ,MAPPED,,12
10961,223,إِنْذَار,اسم جامد,نذر,إِفْعَال,إِنْذَارٌ,MAPPED,,12
10962,223,أَصْدَرَ إِنْذَاراً,تركيب,,,أَصْدَرَ,MAPPED,,12
15778,223,غَرَّمَ,فعل,غرم,فَعَّلَ,غَرَّمَ,MAPPED,,12
3872,224,سَاعَة,اسم جامد,سعو,فاعَلَة,سَاعَةٌ,MAPPED,,12
3873,224,دَقِيقَة,اسم جامد,دقق,فَعِيلَة,دَقِيقَةٌ,MAPPED,,12
3874,224,ثَانِيَة,اسم جامد,ثنى,فاعِلَة,ثَانِيَةٌ,MAPPED,,12
3875,224,يَوْم,اسم جامد,يوم,فَعْل,يَوْمٌ,MAPPED,,12
3876,224,أُسْبُوع,اسم جامد,سبع,فُعْلُول,أُسْبُوعٌ,MAPPED,,12
3877,224,شَهْر,اسم جامد,شهر,فَعْل,شَهْرٌ,MAPPED,,12
3878,224,سَنَة,اسم جامد,سنن,فَعْلَة,سَنَةٌ,MAPPED,,12
3879,224,عَقْد,اسم جامد,عقد,فَعْل,عَقْدٌ,MAPPED,,12
3880,224,قَرْن,اسم جامد,قرن,فَعْل,قَرْنٌ,MAPPED,,12
13484,224,أَلْفِيَّة,اسم منسوب,الف,فُعَلِيَّة,أَلْفِيَّةٌ,MAPPED,,12
13485,224,أُسْبُوعَان,اسم جامد,سبع,فُعْلان,أُسْبُوعَانِ,MAPPED,,12
14571,224,وَقْت,اسم جامد,وقت,فَعْل,وَقْتٌ,MAPPED,,12
14969,224,نَانُوثَانِيَة,اسم جامد,,,نَانُوثَانِيَةٌ,MAPPED,,12
15397,224,وَقْت,اسم جامد,وقت,فَعْل,وَقْتٌ,MAPPED,,12
3887,225,أَعْدَمَ,فعل,عدم,أَفْعَلَ,أَعْدَمَ,MAPPED,,12
3888,225,إِعْدَام,مصدر,عدم,إِفْعَال,إِعْدَامٌ,MAPPED,,12
3889,225,جَلاَّد,اسم جامد,جلد,فَعَّال,جَلاَّدٌ,MAPPED,,12
3890,225,حَبَّال,اسم جامد,حبل,فَعَّال,حَبَّالٌ,MAPPED,,12
3891,225,جَلاَّد,اسم جامد,جلد,فَعَّال,جَلاَّدٌ,MAPPED,,12
3892,225,فِرْقَةُ الإِعْدَامِ,تركيب,,,فِرْقَةٌ,MAPPED,,12
9094,225,شَنَقَ,فعل,شنق,فَعَلَ,شَنَقَ,MAPPED,,12
9095,225,قَطَعَ الرَّأْسَ,تركيب,,,قَطَعَ,MAPPED,,12
9096,225,قَطْعُ الرَّأْسِ,تركيب,,,قَطْعٌ,MAPPED,,12
11174,225,أَعْدَمَ,فعل,عدم,أَفْعَلَ,أَعْدَمَ,MAPPED,,12
14701,225,شَنْق,مصدر,شنق,فَعْل,شَنْقٌ,MAPPED,,12
3930,228,اسْمٌ مُسْتَعَار,تركيب,,,اسْمٌ,MAPPED,,12
3931,228,اسْم,اسم جامد,سمو,فَعْل,اسْمٌ,MAPPED,,12
3932,228,لَقَب,اسم جامد,لقب,فَعَل,لَقَبٌ,MAPPED,,12
3933,228,اسْمُ العَائِلَة,تركيب,,,اسْمٌ,MAPPED,,12
3934,228,الاسْمُ الأَوَّلُ,تركيب,,,اسْمٌ,MAPPED,,12
3935,228,الاسْمُ الأَسْلَفِيّ,تركيب,,,اسْمٌ,MAPPED,,12
3936,228,الاسْمُ المَسِيحِيّ,تركيب,,,اسْمٌ,MAPPED,,12
3937,228,اسْمُ العَائِلَة,تركيب,,,اسْمٌ,MAPPED,,12
3938,228,اسْمٌ مُسْتَعَار,تركيب,,,اسْمٌ,MAPPED,,12
3939,228,اسْمٌ حَرْبِيّ,تركيب,,,اسْمٌ,MAPPED,,12
3941,228,لَقَب,اسم جامد,لقب,فَعَل,لَقَبٌ,MAPPED,,12
3942,228,اسْمٌ مُسْتَعَار,تركيب,,,اسْمٌ,MAPPED,,12
3943,228,الاسْمُ الأَوَّلُ,تركيب,,,اسْمٌ,MAPPED,,12
3944,228,الاسْمُ العَائِلِيّ,تركيب,,,اسْمٌ,MAPPED,,12
3945,228,الاسْمُ الأَوْسَطُ,تركيب,,,اسْمٌ,MAPPED,,12
5239,228,اسْمٌ فَنِّيّ,تركيب,,,اسْمٌ,MAPPED,,12
5240,228,اسْمٌ مُسْتَعَار,تركيب,,,اسْمٌ,MAPPED,,12
5241,228,الاسْمُ المُعْطَىً,تركيب,,,اسْمٌ,MAPPED,,12
5474,228,مُسَمًّى,اسم مفعول,سمو,مُفَعَّل,مُسَمًّى,MAPPED,,12
5544,228,مُسَمًّى,اسم مفعول,سمو,مُفَعَّل,مُسَمًّى,MAPPED,,12
5549,228,اسْمٌ رَمْزِيّ,تركيب,,,اسْمٌ,MAPPED,,12
5550,228,مُرَمَّز,اسم مفعول,رمز,مُفَعَّل,مُرَمَّزٌ,MAPPED,,12
7452,228,اسْمٌ دَاخِلِيّ,تركيب,,,اسْمٌ,MAPPED,,12
7453,228,اسْمٌ إِضَافِيّ,تركيب,,,اسْمٌ,MAPPED,,12
7454,228,اسْمٌ إِضَافِيّ,تركيب,,,اسْمٌ,MAPPED,,12
7455,228,لَقَب,اسم جامد,لقب,فَعَل,لَقَبٌ,MAPPED,,12
7456,228,اسْمٌ خَاطِئ,تركيب,,,اسْمٌ,MAPPED,,12
7457,228,الاسْمُ الشَّخْصِيّ,تركيب,,,اسْمٌ,MAPPED,,12
7459,228,اسْمٌ خَاطِئ,تركيب,,,اسْمٌ,MAPPED,,12
7460,228,الاسْمُ الزَّوْجِيّ,تركيب,,,اسْمٌ,MAPPED,,12
7462,228,اسْمٌ مُسْتَعَار,تركيب,,,اسْمٌ,MAPPED,,12
7463,228,لَقَب,اسم جامد,لقب,فَعَل,لَقَبٌ,MAPPED,,12
7464,228,مِنْ قَبْلِ,حرف,,,حَرْفٌ,MAPPED,,12
7467,228,اسْمٌ تِجَارِيّ,تركيب,,,اسْمٌ,MAPPED,,12
7468,228,اسْمٌ أَبَوِيّ,تركيب,,,اسْمٌ,MAPPED,,12
7469,228,اسْمٌ أُمَّوِيّ,تركيب,,,اسْمٌ,MAPPED,,12
7470,228,الاسْمُ الشَّعْبِيّ,تركيب,,,اسْمٌ,MAPPED,,12
7472,228,اسْمٌ مُشْتَقّ,تركيب,,,اسْمٌ,MAPPED,,12
7478,228,يُعْرَفُ أَيْضاً بـ,حرف,,,حَرْفٌ,MAPPED,,12
7479,228,يُعْرَفُ أَيْضاً بـ,حرف,,,حَرْفٌ,MAPPED,,12
7830,228,ذَهَبَ,فعل,ذهب,فَعَلَ,عُرِفَ,MAPPED,,12
8900,228,بِلا اسْم,تركيب,,,بِلا,MAPPED,,12
11461,228,مَعْرُوفٌ بـ,حرف,,,حَرْفٌ,MAPPED,,12
12279,228,يُدْعَى,فعل,دعو,يُفْعَل,يُدْعَى,MAPPED,,12
12659,228,مُحَدَّد,اسم مفعول,حدد,مُفَعَّل,مُحَدَّدٌ,MAPPED,,12
16641,228,الاسْمُ الكَامِل,تركيب,,,اسْمٌ,MAPPED,,12
4348,230,فَعَلَ,فعل,فعل,فَعَلَ,فَعَلَ,MAPPED,,12
14334,230,أَثَّرَ,فعل,اثر,أَفْعَلَ,أَثَّرَ,MAPPED,,12
14336,230,أَثَّرَ,فعل,اثر,أَفْعَلَ,أَثَّرَ,MAPPED,,12
4426,232,انْتَهَى,فعل,نهو,انْفَعَلَ,انْتَهَى,MAPPED,,12
4427,232,انْتَهَى,فعل,نهو,انْفَعَلَ,انْتَهَى,MAPPED,,12
4428,232,انْتَهَى,فعل,نهو,انْفَعَلَ,انْتَهَى,MAPPED,,12
4429,232,انْتَهَى,فعل,نهو,انْفَعَلَ,انْتَهَى,MAPPED,,12
4430,232,انْتَهَى,فعل,نهو,انْفَعَلَ,انْتَهَى,MAPPED,,12
4431,232,انْتَهَى,فعل,نهو,انْفَعَلَ,انْتَهَى,MAPPED,,12
4432,232,نِهَايَة,اسم جامد,نهو,فِعَالَة,نِهَايَةٌ,MAPPED,,12
4433,232,نِهَايَة,اسم جامد,نهو,فِعَالَة,نِهَايَةٌ,MAPPED,,12
4438,232,أَخِير,صفة مشبهة,اخر,أَفِيل,أَخِيرٌ,MAPPED,,12
4439,232,نِهَايَة,اسم جامد,نهو,فِعَالَة,نِهَايَةٌ,MAPPED,,12
10865,232,مَضَى,فعل,مضو,فَعَلَ,مَضَى,MAPPED,,12
13280,232,نِهَايَة,اسم جامد,نهو,فِعَالَة,نِهَايَةٌ,MAPPED,,12
8610,233,عَمَلِيَّة,اسم جامد,عمل,فَعَالِيّة,عَمَلِيَّةٌ,MAPPED,,12
5764,234,مُنْتَهٍ,اسم مفعول,نهو,مُفْتَعِل,مُنْتَهٍ,MAPPED,,12
5765,234,مُنْتَهٍ,اسم مفعول,نهو,مُفْتَعِل,مُنْتَهٍ,MAPPED,,12
5766,234,مُكْتَمِل,اسم مفعول,كمل,مُفْتَعِل,مُكْتَمِلٌ,MAPPED,,12
5767,234,انْتَهَى,فعل,نهو,انْفَعَلَ,انْتَهَى,MAPPED,,12
5649,235,أَشْقَرُ,صفة مشبهة,شقر,أَفْعَل,أَشْقَرُ,MAPPED,,12
5650,235,أَسْمَرُ,صفة مشبهة,سمر,أَفْعَل,أَسْمَرُ,MAPPED,,12
5651,235,أَزْرَقُ العَيْنَيْنِ,تركيب,,,أَزْرَقُ,MAPPED,,12
5652,235,أَحْمَرُ الشَّعْرِ,تركيب,,,أَحْمَرُ,MAPPED,,12
5653,235,أَفْلَطِحُ القَدَمَيْنِ,تركيب,,,أَفْلَطِحُ,MAPPED,,12
5654,235,أَبْيَضُ,صفة مشبهة,بيض,أَفْعَل,أَبْيَضُ,MAPPED,,12
5655,235,أَبْيَضُ,صفة مشبهة,بيض,أَفْعَل,أَبْيَضُ,MAPPED,,12
5656,235,أَقْوَسُ السَّاقَيْنِ,تركيب,,,أَقْوَسُ,MAPPED,,12
5657,235,أَقْوَسُ السَّاقَيْنِ,تركيب,,,أَقْوَسُ,MAPPED,,12
5658,235,أَحْوَلُ,صفة مشبهة,حول,أَفْعَل,أَحْوَلُ,MAPPED,,12
5660,235,أَسْوَدُ الشَّعْرِ,تركيب,,,أَسْوَدُ,MAPPED,,12
5661,235,أَشْيَبُ,صفة مشبهة,شيب,أَفْعَل,أَشْيَبُ,MAPPED,,12
5662,235,مُلْتَحٍ,اسم مفعول,لحي,مُفْتَعِل,مُلْتَحٍ,MAPPED,,12
5663,235,ذُو شَارِب,تركيب,,,ذُو,MAPPED,,12
5741,235,ضَفِيرَة,اسم جامد,ضفر,فَعِيلَة,ضَفِيرَةٌ,MAPPED,,12
11111,235,أَحْمَرُ الشَّعْرِ,تركيب,,,أَحْمَرُ,MAPPED,,12
12843,235,خَشَبِيّ السَّاق,تركيب,,,خَشَبِيّ,MAPPED,,12
15352,235,أَشْقَرُ,صفة مشبهة,شقر,أَفْعَل,أَشْقَرُ,MAPPED,,12
4169,236,طَهَى,فعل,طهو,فَعَلَ,طَهَى,MAPPED,,12
4170,236,سَلَقَ,فعل,سلق,فَعَلَ,سَلَقَ,MAPPED,,12
4171,236,حَمَّرَ,فعل,حمر,فَعَّلَ,حَمَّرَ,MAPPED,,12
4172,236,شَوَى,فعل,شوو,فَعَلَ,شَوَى,MAPPED,,12
4173,236,سَلَقَ جُزْئِيّاً,تركيب,,,سَلَقَ,MAPPED,,12
4174,236,طَهَى,فعل,طهو,فَعَلَ,طَهَى,MAPPED,,12
4175,236,سَخَّنَ,فعل,سخن,فَعَّلَ,سَخَّنَ,MAPPED,,12
4176,236,طَهَى,فعل,طهو,فَعَلَ,طَهَى,MAPPED,,12
4177,236,فَحَّمَ,فعل,فحم,فَعَّلَ,فَحَّمَ,MAPPED,,12
4178,236,سَلَقَ,فعل,سلق,فَعَلَ,سَلَقَ,MAPPED,,12
4180,236,حَمَّصَ,فعل,حمص,فَعَّلَ,حَمَّصَ,MAPPED,,12
4181,236,قَلَى,فعل,قلو,فَعَلَ,قَلَى,MAPPED,,12
4182,236,طَهَى بِالمِيكْرَوِيف,تركيب,,,طَهَى,MAPPED,,12
4183,236,بَخَّرَ,فعل,بخر,فَعَّلَ,بَخَّرَ,MAPPED,,12
4255,236,قَلَى,فعل,قلو,فَعَلَ,قَلَى,MAPPED,,12
4256,236,شَوَى,فعل,شوو,فَعَلَ,شَوَى,MAPPED,,12
4257,236,شَوَى,فعل,شوو,فَعَلَ,شَوَى,MAPPED,,12
4258,236,سَلَقَ,فعل,سلق,فَعَلَ,سَلَقَ,MAPPED,,12
4259,236,طَهَى,فعل,طهو,فَعَلَ,طَهَى,MAPPED,,12
4727,236,طَهَى,فعل,طهو,فَعَلَ,طَهَى,MAPPED,,12
4971,236,خَبَزَ,فعل,خبز,فَعَلَ,خَبَزَ,MAPPED,,12
11861,236,شَوَى,فعل,شوو,فَعَلَ,شَوَى,MAPPED,,12
11862,236,قَلَى,فعل,قلو,فَعَلَ,قَلَى,MAPPED,,12
11877,236,حَرَّقَ,فعل,حرق,فَعَّلَ,حَرَّقَ,MAPPED,,12
11885,236,كَوَى,فعل,كوو,فَعَلَ,كَوَى,MAPPED,,12
15776,236,طَهَى,فعل,طهو,فَعَلَ,طَهَى,MAPPED,,12
17558,236,كَوَى,فعل,كوو,فَعَلَ,كَوَى,MAPPED,,12
17909,236,قَلْي,مصدر,قلو,فَعْل,قَلْيٌ,MAPPED,,12
17911,236,شَيّ,مصدر,شوو,فَعْل,شَيٌّ,MAPPED,,12
17912,236,سَلْق,مصدر,سلق,فَعْل,سَلْقٌ,MAPPED,,12
17913,236,شَيّ,مصدر,شوو,فَعْل,شَيٌّ,MAPPED,,12
17914,236,ذَوْبَان,مصدر,ذوب,فَعْلان,ذَوْبَانٌ,MAPPED,,12
17915,236,ذَابَ,فعل,ذوب,فَعَلَ,ذَابَ,MAPPED,,12
17916,236,شَيّ,مصدر,شوو,فَعْل,شَيٌّ,MAPPED,,12
17917,236,تَحْمِيص,مصدر,حمص,تَفْعِيل,تَحْمِيصٌ,MAPPED,,12
17918,236,طَهْي,مصدر,طهو,فَعْل,طَهْيٌ,MAPPED,,12
17919,236,تَبْخِير,مصدر,بخر,تَفْعِيل,تَبْخِيرٌ,MAPPED,,12
17920,236,طَهْي,مصدر,طهو,فَعْل,طَهْيٌ,MAPPED,,12
17921,236,خَبْز,مصدر,خبز,فَعْل,خَبْزٌ,MAPPED,,12
17922,236,طَهْي,مصدر,طهو,فَعْل,طَهْيٌ,MAPPED,,12
4456,240,,,,,,NO_ARABIC_EQUIVALENT,No standard Arabic equivalent for lug,13
4457,240,جَرَّ,فعل,جرر,فَعَّلَ,جَرّ شَيْء بِقُوَّة عَلَى الأَرْض,MAPPED,,13
4458,240,دَحْرَجَ,فعل,درج,فَعْلَلَ,نَقْل شَيْء عَلَى عَجَل,MAPPED,,13
4459,240,نَقَلَ,فعل,نقل,فَعَلَ,نَقْل شَيْء فِي عَرَبَة,MAPPED,,13
4470,240,حَمَلَ,فعل,حمل,فَعَلَ,فِعْل يَدُلّ عَلَى حَمْل شَيْء مِن مَكَان إِلَى آخَر,MAPPED,,13
4471,240,,,,,,NO_ARABIC_EQUIVALENT,No standard Arabic equivalent for hump,13
8730,240,طَارَ,فعل,طير,فَعَلَ,نَقْل شَيْء بِالطَّائِرَة,MAPPED,,13
8731,240,نَقَلَ,فعل,نقل,فَعَلَ,نَقْل شَيْء مِن مَكَان إِلَى آخَر,MAPPED,,13
8732,240,أَخَذَ,فعل,خذذ,أَفْعَلَ,إِحْضَار شَيْء أَو شَخْص مَعَك,MAPPED,,13
8733,240,قَادَ,فعل,قود,فَعَلَ,نَقْل شَخْص فِي السَّيَّارَة,MAPPED,,13
8734,240,جَرَّ,فعل,جرر,فَعَّلَ,حَمْل شَيْء بِمَشَقَّة,MAPPED,,13
8735,240,نَقَلَ,فعل,نقل,فَعَلَ,نَقْل شَيْء بِالشَّاحِنَة,MAPPED,,13
8738,240,حَمَلَ,فعل,حمل,فَعَلَ,حَمْل شَيْء بِسُهُولَة,MAPPED,,13
8739,240,دَحْرَجَ,فعل,درج,فَعْلَلَ,دَفْع شَيْء بِعَجَل,MAPPED,,13
8755,240,عَبَّرَ,فعل,عبر,فَعَّلَ,نَقْل شَخْص عَبْر الْمَاء,MAPPED,,13
8865,240,طَارَ,فعل,طير,فَعَلَ,نَقْل شَيْء بِالطَّائِرَة النَّفَّاثَة,MAPPED,,13
8867,240,جَدَّفَ,فعل,جدف,فَعَّلَ,نَقْل شَيْء بِالمجداف,MAPPED,,13
8870,240,قَادَ,فعل,قود,فَعَلَ,نَقْل شَيْء بِالمحرك,MAPPED,,13
8881,240,جَدَّفَ,فعل,جدف,فَعَّلَ,نَقْل شَيْء بِالمجداف,MAPPED,,13
9175,240,نَقَلَ,فعل,نقل,فَعَلَ,نَقْل شَيْء إِلَى مَكَان,MAPPED,,13
9176,240,رَكِبَ,فعل,ركب,فَعِلَ,نَقْل شَيْء بِالدَّرَّاجَة,MAPPED,,13
9920,240,أَحْضَرَ,فعل,حضر,أَفْعَلَ,إِحْضَار شَيْء مَعَ الشَّخْص,MAPPED,,13
12026,240,حَمَلَ,فعل,حمل,فَعَلَ,حَمْل شَيْء,MAPPED,,13
12027,240,جَاءَ,فعل,جيي,فَاعَ,الذِّهَاب وَإِحْضَار شَيْء,MAPPED,,13
12028,240,أَتَى,فعل,أتي,فَعَلَ,إِحْضَار شَيْء,MAPPED,,13
13641,240,حَمّال,صفة مشبهة,حمل,فَعَّال,يُمْكِن حَمْله بِسُهُولَة,MAPPED,,13
13901,240,متحرِّك,صفة مشبهة,حرك,مُتَفَعِّل,قَابِل لِلْحَرَكَة,MAPPED,,13
14508,240,نَقَلَ,فعل,نقل,فَعَلَ,نَقْل شَيْء مِن مَكَان إِلَى آخَر,MAPPED,,13
15649,240,,,,,,NO_ARABIC_EQUIVALENT,No standard Arabic equivalent for bus,13
15650,240,,,,,,NO_ARABIC_EQUIVALENT,No standard Arabic equivalent for shuttle,13
17367,240,,,,,,NO_ARABIC_EQUIVALENT,No standard Arabic equivalent for airlift,13
4467,241,مُنَافَسَة,مصدر,نفس,مُفَاعَلَة,كلمة تدل على معنى في هذا الإطار,MAPPED,,13
4468,241,مُنَافِس,صفة مشبهة,نفس,مُفَاعِل,كلمة تدل على معنى في هذا الإطار,MAPPED,,13
4469,241,مُنَافِس,صفة مشبهة,نفس,مُفَاعِل,كلمة تدل على معنى في هذا الإطار,MAPPED,,13
9837,241,نَافَسَ,فعل,نفس,فَاعَلَ,كلمة تدل على معنى في هذا الإطار,MAPPED,,13
9838,241,لَعِبَ,فعل,لعب,فَعِلَ,كلمة تدل على معنى في هذا الإطار,MAPPED,,13
12501,241,تَحَدٍّ,مصدر,حدي,تَفَعُّل,كلمة تدل على معنى في هذا الإطار,MAPPED,,13
13799,241,مُنَافَسَة,مصدر,نفس,مُفَاعَلَة,كلمة تدل على معنى في هذا الإطار,MAPPED,,13
13800,241,مُنَافِس,اسم فاعل,نفس,مُفَاعِل,كلمة تدل على معنى في هذا الإطار,MAPPED,,13
16012,241,لَاعِب,اسم فاعل,لعب,فَاعِل,كلمة تدل على معنى في هذا الإطار,MAPPED,,13
4485,242,أَرْسَلَ,فعل,رسل,أَفْعَلَ,كلمة تدل على معنى في هذا الإطار,MAPPED,,13
4486,242,أَرْسَلَ,فعل,رسل,أَفْعَلَ,كلمة تدل على معنى في هذا الإطار,MAPPED,,13
4487,242,اتَّصَلَ,فعل,وصل,اِفْتَعَلَ,كلمة تدل على معنى في هذا الإطار,MAPPED,,13
4488,242,أَشَارَ,فعل,شور,أَفْعَلَ,كلمة تدل على معنى في هذا الإطار,MAPPED,,13
4489,242,أَرْسَلَ,فعل,رسل,أَفْعَلَ,كلمة تدل على معنى في هذا الإطار,MAPPED,,13
4490,242,أَرْسَلَ,فعل,رسل,أَفْعَلَ,كلمة تدل على معنى في هذا الإطار,MAPPED,,13
4493,242,بَثَّ,فعل,بثث,فَعَّلَ,كلمة تدل على معنى في هذا الإطار,MAPPED,,13
7206,242,اتَّصَلَ,فعل,وصل,اِفْتَعَلَ,كلمة تدل على معنى في هذا الإطار,MAPPED,,13
11146,242,أَرْسَلَ,فعل,رسل,أَفْعَلَ,كلمة تدل على معنى في هذا الإطار,MAPPED,,13
17196,242,اتَّصَلَ,فعل,وصل,اِفْتَعَلَ,كلمة تدل على معنى في هذا الإطار,MAPPED,,13
17822,242,أَرْسَلَ,فعل,رسل,أَفْعَلَ,كلمة تدل على معنى في هذا الإطار,MAPPED,,13
4491,243,أَرْسَلَ,فعل,رسل,أَفْعَلَ,كلمة تدل على معنى في هذا الإطار,MAPPED,,13
4492,243,بَرَّدَ,فعل,برد,فَعَّلَ,كلمة تدل على معنى في هذا الإطار,MAPPED,,13
4494,243,شَحَنَ,فعل,شحن,فَعَلَ,كلمة تدل على معنى في هذا الإطار,MAPPED,,13
4606,243,أَرْسَلَ,فعل,رسل,أَفْعَلَ,كلمة تدل على معنى في هذا الإطار,MAPPED,,13
4607,243,صَدَّرَ,فعل,صدر,فَعَّلَ,كلمة تدل على معنى في هذا الإطار,MAPPED,,13
4608,243,أَرْسَلَ,فعل,رسل,أَفْعَلَ,كلمة تدل على معنى في هذا الإطار,MAPPED,,13
4609,243,وَجَّهَ,فعل,وجه,فَعَّلَ,كلمة تدل على معنى في هذا الإطار,MAPPED,,13
4657,243,أَرْسَلَ,فعل,رسل,أَفْعَلَ,كلمة تدل على معنى في هذا الإطار,MAPPED,,13
9000,243,أَرْسَلَ,فعل,رسل,أَفْعَلَ,كلمة تدل على معنى في هذا الإطار,MAPPED,,13
9001,243,أَرْسَلَ,فعل,رسل,أَفْعَلَ,كلمة تدل على معنى في هذا الإطار,MAPPED,,13
10694,243,,,,,,NO_ARABIC_EQUIVALENT,No standard Arabic equivalent for shipment [items],13
12164,243,,,,,,NO_ARABIC_EQUIVALENT,No standard Arabic equivalent for shipment [act],13
14835,243,أَرْسَلَ,فعل,رسل,أَفْعَلَ,كلمة تدل على معنى في هذا الإطار,MAPPED,,13
14838,243,شَحَنَ,فعل,شحن,فَعَلَ,كلمة تدل على معنى في هذا الإطار,MAPPED,,13
15085,243,أَرْسَلَ,فعل,رسل,أَفْعَلَ,كلمة تدل على معنى في هذا الإطار,MAPPED,,13
17095,243,أَحَالَ,فعل,حول,أَفْعَلَ,كلمة تدل على معنى في هذا الإطار,MAPPED,,13
18628,243,شَحْن,مصدر,شحن,فَعْل,كلمة تدل على معنى في هذا الإطار,MAPPED,,13
4497,244,مَلِيء,صفة مشبهة,ملي,فَعِيل,كلمة تدل على معنى في هذا الإطار,MAPPED,,13
4498,244,فَارِغ,صفة مشبهة,فرغ,فَاعِل,كلمة تدل على معنى في هذا الإطار,MAPPED,,13
4499,244,فَرَاغ,مصدر,فرغ,فِعَال,كلمة تدل على معنى في هذا الإطار,MAPPED,,13
4501,244,امْتِلَاء,مصدر,ملي,اِفْتِعَال,كلمة تدل على معنى في هذا الإطار,MAPPED,,13
4506,245,قَيَّدَ,فعل,قيد,فَعَّلَ,كلمة تدل على معنى في هذا الإطار,MAPPED,,13
4513,245,أَغْلَقَ,فعل,غلق,أَفْعَلَ,كلمة تدل على معنى في هذا الإطار,MAPPED,,13
4514,245,رَبَطَ,فعل,ربط,فَعَلَ,كلمة تدل على معنى في هذا الإطار,MAPPED,,13
4758,245,أَغْلَقَ,فعل,غلق,أَفْعَلَ,كلمة تدل على معنى في هذا الإطار,MAPPED,,13
4759,245,قَيَّدَ,فعل,قيد,فَعَّلَ,كلمة تدل على معنى في هذا الإطار,MAPPED,,13
7654,245,سَجَنَ,فعل,سجن,فَعَلَ,كلمة تدل على معنى في هذا الإطار,MAPPED,,13
7655,245,سَجْن,مصدر,سجن,فَعْل,كلمة تدل على معنى في هذا الإطار,MAPPED,,13
12040,245,احْتَجَزَ,فعل,حجز,اِفْتَعَلَ,كلمة تدل على معنى في هذا الإطار,MAPPED,,13
13132,245,أَمْسَكَ,فعل,مسك,أَفْعَلَ,كلمة تدل على معنى في هذا الإطار,MAPPED,,13
13490,245,سَجَنَ,فعل,سجن,فَعَلَ,كلمة تدل على معنى في هذا الإطار,MAPPED,,13
18547,245,قَيْد,مصدر,قيد,فَعْل,كلمة تدل على معنى في هذا الإطار,MAPPED,,13
18548,245,قَيَّدَ,فعل,قيد,فَعَّلَ,كلمة تدل على معنى في هذا الإطار,MAPPED,,13
4507,246,رَبَطَ,فعل,ربط,فَعَلَ,كلمة تدل على معنى في هذا الإطار,MAPPED,,13
4510,246,عَقَدَ,فعل,عقد,فَعَلَ,كلمة تدل على معنى في هذا الإطار,MAPPED,,13
4511,246,خَبَطَ,فعل,خبط,فَعَلَ,كلمة تدل على معنى في هذا الإطار,MAPPED,,13
5905,246,ضَفَرَ,فعل,ضفر,فَعَلَ,كلمة تدل على معنى في هذا الإطار,MAPPED,,13
4509,247,رَبَطَ,فعل,ربط,فَعَلَ,كلمة تدل على معنى في هذا الإطار,MAPPED,,13
7362,248,عِلَاقَة,مصدر,علق,فِعَالَة,كلمة تدل على معنى في هذا الإطار,MAPPED,,13
4512,250,قَيَّدَ,فعل,قيد,فَعَّلَ,كلمة تدل على معنى في هذا الإطار,MAPPED,,13
4760,250,أَغْلَقَ,فعل,غلق,أَفْعَلَ,كلمة تدل على معنى في هذا الإطار,MAPPED,,13
4761,250,كَبَّلَ,فعل,كبل,فَعَّلَ,كلمة تدل على معنى في هذا الإطار,MAPPED,,13
5669,250,قَيَّدَ,فعل,قيد,فَعَّلَ,كلمة تدل على معنى في هذا الإطار,MAPPED,,13
15611,250,قَيَّدَ,فعل,قيد,فَعَّلَ,كلمة تدل على معنى في هذا الإطار,MAPPED,,13
13137,251,شَيْء,اسم جامد,شيي,,كلمة تدل على معنى في هذا الإطار,MAPPED,,13
13412,251,كِيَان,مصدر,كون,فِيَال,كلمة تدل على معنى في هذا الإطار,MAPPED,,13
16927,251,جِسْم,اسم جامد,جسم,,كلمة تدل على معنى في هذا الإطار,MAPPED,,13
16928,251,شَيْء,اسم جامد,شيي,,كلمة تدل على معنى في هذا الإطار,MAPPED,,13
16996,251,فَرْد,اسم جامد,فرد,,كلمة تدل على معنى في هذا الإطار,MAPPED,,13
18440,251,مَا,مبني,,,كلمة تدل على معنى في هذا الإطار,MAPPED,,13
4516,252,رَبَطَ,فعل,ربط,فَعَلَ,كلمة تدل على معنى في هذا الإطار,MAPPED,,13
4517,252,عِلَاقَة,مصدر,علق,فِعَالَة,كلمة تدل على معنى في هذا الإطار,MAPPED,,13
4518,252,رَبَطَ,فعل,ربط,فَعَلَ,كلمة تدل على معنى في هذا الإطار,MAPPED,,13
4519,252,رَبَطَ,فعل,ربط,فَعَلَ,كلمة تدل على معنى في هذا الإطار,MAPPED,,13
4520,252,رَبَطَ,فعل,ربط,فَعَلَ,كلمة تدل على معنى في هذا الإطار,MAPPED,,13
4521,252,رَبَطَ,فعل,ربط,فَعَلَ,كلمة تدل على معنى في هذا الإطار,MAPPED,,13
13216,252,مَرْبُوط,صفة مشبهة,ربط,مَفْعُول,كلمة تدل على معنى في هذا الإطار,MAPPED,,13
4524,253,رَبَطَ,فعل,ربط,فَعَلَ,كلمة تدل على معنى في هذا الإطار,MAPPED,,13
4525,253,عِلَاقَة,مصدر,علق,فِعَالَة,كلمة تدل على معنى في هذا الإطار,MAPPED,,13
4526,253,,,,,,NO_ARABIC_EQUIVALENT,No standard Arabic equivalent for connected,13
7339,253,رَابِط,اسم فاعل,ربط,فَاعِل,كلمة تدل على معنى في هذا الإطار,MAPPED,,13
7340,253,أَغْلَقَ,فعل,غلق,أَفْعَلَ,كلمة تدل على معنى في هذا الإطار,MAPPED,,13
7341,253,قُرْب,مصدر,قرب,فِعْل,كلمة تدل على معنى في هذا الإطار,MAPPED,,13
13230,253,مَرْبُوط,صفة مشبهة,ربط,مَفْعُول,كلمة تدل على معنى في هذا الإطار,MAPPED,,13
13837,253,حَمِيم,صفة مشبهة,حمم,فَعِيل,كلمة تدل على معنى في هذا الإطار,MAPPED,,13
13907,253,,,,,,NO_ARABIC_EQUIVALENT,No standard Arabic equivalent for intimate [setting],13
17289,253,رَبَطَ,فعل,ربط,فَعَلَ,كلمة تدل على معنى في هذا الإطار,MAPPED,,13
4544,254,أَزَرَّ,فعل,زرر,أَفْعَلَ,كلمة تدل على معنى في هذا الإطار,MAPPED,,13
4545,254,فَتَحَ,فعل,فتح,فَعَلَ,كلمة تدل على معنى في هذا الإطار,MAPPED,,13
4546,254,أَغْلَقَ,فعل,غلق,أَفْعَلَ,كلمة تدل على معنى في هذا الإطار,MAPPED,,13
4547,254,ثَبَّتَ,فعل,ثبت,فَعَّلَ,كلمة تدل على معنى في هذا الإطار,MAPPED,,13
4550,254,غَطَّى,فعل,غطي,فَعَّلَ,كلمة تدل على معنى في هذا الإطار,MAPPED,,13
4551,254,أَغْلَقَ,فعل,غلق,أَفْعَلَ,كلمة تدل على معنى في هذا الإطار,MAPPED,,13
4552,254,رَبَطَ,فعل,ربط,فَعَلَ,كلمة تدل على معنى في هذا الإطار,MAPPED,,13
4553,254,فَتَحَ,فعل,فتح,فَعَلَ,كلمة تدل على معنى في هذا الإطار,MAPPED,,13
4555,254,فَكَّ,فعل,فكك,فَعَّلَ,كلمة تدل على معنى في هذا الإطار,MAPPED,,13
4556,254,فَكَّ,فعل,فكك,فَعَّلَ,كلمة تدل على معنى في هذا الإطار,MAPPED,,13
4557,254,فَكَّ,فعل,فكك,فَعَّلَ,كلمة تدل على معنى في هذا الإطار,MAPPED,,13
4625,254,أَغْلَقَ,فعل,غلق,أَفْعَلَ,كلمة تدل على معنى في هذا الإطار,MAPPED,,13
4677,254,ثَبَّتَ,فعل,ثبت,فَعَّلَ,كلمة تدل على معنى في هذا الإطار,MAPPED,,13
4711,254,فَكَّ,فعل,فكك,فَعَّلَ,كلمة تدل على معنى في هذا الإطار,MAPPED,,13
4757,254,رَبَطَ,فعل,ربط,فَعَلَ,كلمة تدل على معنى في هذا الإطار,MAPPED,,13
4561,255,طَبِيب,اسم جامد,طبب,,كلمة تدل على معنى في هذا الإطار,MAPPED,,13
4562,255,جَرَّاح,اسم فاعل,جرح,فَعَّال,كلمة تدل على معنى في هذا الإطار,MAPPED,,13
4563,255,طَبِيب الْحَسَاسِيَّة,تركيب,,,كلمة تدل على معنى في هذا الإطار,MAPPED,,13
4564,255,طَبِيب,اسم جامد,طبب,,كلمة تدل على معنى في هذا الإطار,MAPPED,,13
4566,255,طَبِيب الْقَلْب,تركيب,,,كلمة تدل على معنى في هذا الإطار,MAPPED,,13
4567,255,طَبِيب التَّخْدِير,تركيب,,,كلمة تدل على معنى في هذا الإطار,MAPPED,,13
4568,255,مُعَالِج الْعَمُود,تركيب,,,كلمة تدل على معنى في هذا الإطار,MAPPED,,13
4569,255,طَبِيب الْجِلْد,تركيب,,,كلمة تدل على معنى في هذا الإطار,MAPPED,,13
4570,255,طَبِيب الْغُدَد,تركيب,,,كلمة تدل على معنى في هذا الإطار,MAPPED,,13
4571,255,طَبِيب الْجِهَاز الْهَضْمِي,تركيب,,,كلمة تدل على معنى في هذا الإطار,MAPPED,,13
4572,255,طَبِيب الشَّيْخُوخَة,تركيب,,,كلمة تدل على معنى في هذا الإطار,MAPPED,,13
4573,255,مُعَالِج بِالْمِثْلِيَّة,تركيب,,,كلمة تدل على معنى في هذا الإطار,MAPPED,,13
4574,255,طَبِيب الْمَنَاعَة,تركيب,,,كلمة تدل على معنى في هذا الإطار,MAPPED,,13
4575,255,طَبِيب أَطْفَال الْوِلَادَة,تركيب,,,كلمة تدل على معنى في هذا الإطار,MAPPED,,13
4576,255,طَبِيب الْكُلَى,تركيب,,,كلمة تدل على معنى في هذا الإطار,MAPPED,,13
4577,255,طَبِيب الأَعْصَاب,تركيب,,,كلمة تدل على معنى في هذا الإطار,MAPPED,,13
4578,255,طَبِيب التَّوْلِيد,تركيب,,,كلمة تدل على معنى في هذا الإطار,MAPPED,,13
4579,255,طَبِيب النِّسَائِيَّة,تركيب,,,كلمة تدل على معنى في هذا الإطار,MAPPED,,13
4580,255,طَبِيب الأَوْرَام,تركيب,,,كلمة تدل على معنى في هذا الإطار,MAPPED,,13
4581,255,طَبِيب الْعِظَام,تركيب,,,كلمة تدل على معنى في هذا الإطار,MAPPED,,13
4582,255,طَبِيب الأَطْفَال,تركيب,,,كلمة تدل على معنى في هذا الإطار,MAPPED,,13
4583,255,طَبِيب الشَّرْج,تركيب,,,كلمة تدل على معنى في هذا الإطار,MAPPED,,13
4584,255,طَبِيب نَفْسِي,تركيب,,,كلمة تدل على معنى في هذا الإطار,MAPPED,,13
4585,255,مُحَلِّل نَفْسِي,تركيب,,,كلمة تدل على معنى في هذا الإطار,MAPPED,,13
4586,255,طَبِيب الأَشْعَات,تركيب,,,كلمة تدل على معنى في هذا الإطار,MAPPED,,13
4587,255,طَبِيب الرُّومَاتِيزْم,تركيب,,,كلمة تدل على معنى في هذا الإطار,MAPPED,,13
4589,255,طَبِيب الْعَائِلَة,تركيب,,,كلمة تدل على معنى في هذا الإطار,MAPPED,,13
4626,255,مُعَالِج,اسم فاعل,علج,مُفَاعِل,كلمة تدل على معنى في هذا الإطار,MAPPED,,13
4641,255,طَبِيب الْعُيُون,تركيب,,,كلمة تدل على معنى في هذا الإطار,MAPPED,,13
4668,255,طَبِيب أَوْرَام الأَشْعَات,تركيب,,,كلمة تدل على معنى في هذا الإطار,MAPPED,,13
5206,255,قَابِلَة,اسم فاعل,قبل,فَاعِلَة,كلمة تدل على معنى في هذا الإطار,MAPPED,,13
5207,255,عَالِم نَفْس,تركيب,,,كلمة تدل على معنى في هذا الإطار,MAPPED,,13
5208,255,مُعَالِج نَفْسِي,تركيب,,,كلمة تدل على معنى في هذا الإطار,MAPPED,,13
5209,255,سَاحِر,صفة مشبهة,سحر,فَاعِل,كلمة تدل على معنى في هذا الإطار,MAPPED,,13
7717,255,طَبِيب الْمَسَالِك الْبَوْلِيَّة,تركيب,,,كلمة تدل على معنى في هذا الإطار,MAPPED,,13
9851,255,مُعَالِج النُّطْق,تركيب,,,كلمة تدل على معنى في هذا الإطار,MAPPED,,13
13342,255,مُمَرِّضَة,اسم فاعل,مرض,مُفَعِّلَة,كلمة تدل على معنى في هذا الإطار,MAPPED,,13
4590,256,أَمْرَاض الْقَلْب,تركيب,,,كلمة تدل على معنى في هذا الإطار,MAPPED,,13
4591,256,طِب الأَسْنَان,تركيب,,,كلمة تدل على معنى في هذا الإطار,MAPPED,,13
4592,256,أَمْرَاض الْجِلْد,تركيب,,,كلمة تدل على معنى في هذا الإطار,MAPPED,,13
4593,256,أَمْرَاض الْغُدَد,تركيب,,,كلمة تدل على معنى في هذا الإطار,MAPPED,,13
4594,256,عِلْم الأَوْبِئَة,تركيب,,,كلمة تدل على معنى في هذا الإطار,MAPPED,,13
4595,256,أَمْرَاض الْجِهَاز الْهَضْمِي,تركيب,,,كلمة تدل على معنى في هذا الإطار,MAPPED,,13
4596,256,أَمْرَاض النِّسَائِيَّة,تركيب,,,كلمة تدل على معنى في هذا الإطار,MAPPED,,13
4597,256,أَمْرَاض الدَّم,تركيب,,,كلمة تدل على معنى في هذا الإطار,MAPPED,,13
4598,256,تَقْوِيم الْعَمُود الْفِقْرِي,تركيب,,,كلمة تدل على معنى في هذا الإطار,MAPPED,,13
4599,256,عِلْم الأَنْسِجَة,تركيب,,,كلمة تدل على معنى في هذا الإطار,MAPPED,,13
4600,256,الْمِثْلِيَّة,مصدر,ثلي,,كلمة تدل على معنى في هذا الإطار,MAPPED,,13
4601,256,الطِّب التَّقْلِيدِي,تركيب,,,كلمة تدل على معنى في هذا الإطار,MAPPED,,13
4602,256,التَّوْلِيد,مصدر,ولد,فِعَالَة,كلمة تدل على معنى في هذا الإطار,MAPPED,,13
4603,256,الْعِلَاج النَّفْسِي,تركيب,,,كلمة تدل على معنى في هذا الإطار,MAPPED,,13
4604,256,التَّحْلِيل النَّفْسِي,تركيب,,,كلمة تدل على معنى في هذا الإطار,MAPPED,,13
4605,256,عِلْم الْمَنَاعَة,تركيب,,,كلمة تدل على معنى في هذا الإطار,MAPPED,,13
4610,256,طِب أَطْفَال الْوِلَادَة,تركيب,,,كلمة تدل على معنى في هذا الإطار,MAPPED,,13
4611,256,أَمْرَاض الْكُلَى,تركيب,,,كلمة تدل على معنى في هذا الإطار,MAPPED,,13
4612,256,أَمْرَاض الأَعْصَاب,تركيب,,,كلمة تدل على معنى في هذا الإطار,MAPPED,,13
4613,256,التَّوْلِيد,مصدر,ولد,فِعَالَة,كلمة تدل على معنى في هذا الإطار,MAPPED,,13
4614,256,أَمْرَاض الأَوْرَام,تركيب,,,كلمة تدل على معنى في هذا الإطار,MAPPED,,13
4615,256,أَمْرَاض الْعِظَام,تركيب,,,كلمة تدل على معنى في هذا الإطار,MAPPED,,13
4616,256,طِب الأَطْفَال,تركيب,,,كلمة تدل على معنى في هذا الإطار,MAPPED,,13
4617,256,أَمْرَاض الْقَدَم,تركيب,,,كلمة تدل على معنى في هذا الإطار,MAPPED,,13
4618,256,عِلْم الأَشْعَات,تركيب,,,كلمة تدل على معنى في هذا الإطار,MAPPED,,13
4619,256,أَمْرَاض الرُّومَاتِيزْم,تركيب,,,كلمة تدل على معنى في هذا الإطار,MAPPED,,13
4622,256,طِب,مصدر,طبب,فِعْل,كلمة تدل على معنى في هذا الإطار,MAPPED,,13
4629,256,عِلَاج,مصدر,علج,فِعَال,كلمة تدل على معنى في هذا الإطار,MAPPED,,13
4632,256,عِلَاج النُّطْق,تركيب,,,كلمة تدل على معنى في هذا الإطار,MAPPED,,13
4637,257,سَمَّاعَة طَبِيب,تركيب,,,كلمة تدل على معنى في هذا الإطار,MAPPED,,13
4638,257,مِنْظَار الشُّعَب,تركيب,,,كلمة تدل على معنى في هذا الإطار,MAPPED,,13
4639,257,مِنْظَار الْقُولُون,تركيب,,,كلمة تدل على معنى في هذا الإطار,MAPPED,,13
4640,257,مِنْظَار,اسم جامد,نظر,,كلمة تدل على معنى في هذا الإطار,MAPPED,,13
4659,257,أُنْبُوب طِبِّي,تركيب,,,كلمة تدل على معنى في هذا الإطار,MAPPED,,13
4661,257,مِلْقَط,اسم جامد,لقط,,كلمة تدل على معنى في هذا الإطار,MAPPED,,13
4662,257,مِنْظَار الْمَرَارَة,تركيب,,,كلمة تدل على معنى في هذا الإطار,MAPPED,,13
4665,257,جِهَاز الْفُلُورُو,تركيب,,,كلمة تدل على معنى في هذا الإطار,MAPPED,,13
4666,257,مِنْظَار الْمَعِدَة,تركيب,,,كلمة تدل على معنى في هذا الإطار,MAPPED,,13
4667,257,مِنْظَار الْبَطْن,تركيب,,,كلمة تدل على معنى في هذا الإطار,MAPPED,,13
4669,257,مِنْظَار الْعَيْن,تركيب,,,كلمة تدل على معنى في هذا الإطار,MAPPED,,13
4670,257,رَاسِم ذَبْذَبَات,تركيب,,,كلمة تدل على معنى في هذا الإطار,MAPPED,,13
4671,257,مِنْظَار السِّينِي,تركيب,,,كلمة تدل على معنى في هذا الإطار,MAPPED,,13
4672,257,إِبْرَة,اسم جامد,برر,,كلمة تدل على معنى في هذا الإطار,MAPPED,,13
4673,257,مِشْرَط,اسم جامد,شرط,,كلمة تدل على معنى في هذا الإطار,MAPPED,,13
4674,257,مِنْظَار,اسم جامد,نظر,,كلمة تدل على معنى في هذا الإطار,MAPPED,,13
4675,257,حُقْنَة,اسم جامد,حقن,,كلمة تدل على معنى في هذا الإطار,MAPPED,,13
4680,257,مِنْظَار الأُذُن,تركيب,,,كلمة تدل على معنى في هذا الإطار,MAPPED,,13
9850,257,جِهَاز قِيَاس ضَغْط الدَّم,تركيب,,,كلمة تدل على معنى في هذا الإطار,MAPPED,,13
4685,258,مَع,حرف,,,كلمة تدل على معنى في هذا الإطار,MAPPED,,13
4704,258,مَع,حرف,,,كلمة تدل على معنى في هذا الإطار,MAPPED,,13
17130,258,وَحْدَه,ظرف,وحد,,كلمة تدل على معنى في هذا الإطار,MAPPED,,13
17131,258,وَحْدَه,ظرف,وحد,,كلمة تدل على معنى في هذا الإطار,MAPPED,,13
17132,258,مَعًا,ظرف,عود,,كلمة تدل على معنى في هذا الإطار,MAPPED,,13
17133,258,مَعًا,ظرف,عود,,كلمة تدل على معنى في هذا الإطار,MAPPED,,13
4731,259,جَمَّعَ,فعل,جمع,فَعَّلَ,كلمة تدل على معنى في هذا الإطار,MAPPED,,13
4737,259,لَصَقَ,فعل,لصق,فَعَلَ,كلمة تدل على معنى في هذا الإطار,MAPPED,,13
4738,259,بَنَى,فعل,بني,فَعَلَ,كلمة تدل على معنى في هذا الإطار,MAPPED,,13
4739,259,لَحَمَ,فعل,لحم,فَعَلَ,كلمة تدل على معنى في هذا الإطار,MAPPED,,13
4740,259,جَمَّعَ,فعل,جمع,فَعَّلَ,كلمة تدل على معنى في هذا الإطار,MAPPED,,13
4741,259,بَنَى,فعل,بني,فَعَلَ,كلمة تدل على معنى في هذا الإطار,MAPPED,,13
4745,259,تَجْمِيع,مصدر,جمع,تَفْعِيل,كلمة تدل على معنى في هذا الإطار,MAPPED,,13
4746,259,بِنَاء,مصدر,بني,فِعَال,كلمة تدل على معنى في هذا الإطار,MAPPED,,13
4748,259,صَنَعَ,فعل,صنع,فَعَلَ,كلمة تدل على معنى في هذا الإطار,MAPPED,,13
4749,259,ألَّفَ,فعل,الف,فَعَّلَ,كلمة تدل على معنى في هذا الإطار,MAPPED,,13
4750,259,جَمَّعَ,فعل,جمع,فَعَّلَ,كلمة تدل على معنى في هذا الإطار,MAPPED,,13
11990,259,أَقَامَ,فعل,قوم,أَفْعَلَ,كلمة تدل على معنى في هذا الإطار,MAPPED,,13
11991,259,رَفَعَ,فعل,رفع,فَعَلَ,كلمة تدل على معنى في هذا الإطار,MAPPED,,13
11992,259,صَاغَ,فعل,صوغ,فَعَلَ,كلمة تدل على معنى في هذا الإطار,MAPPED,,13
14474,259,,,,,,NO_ARABIC_EQUIVALENT,No standard Arabic equivalent for construction [entity],13
4732,260,جَمَعَ,فعل,جمع,فَعَلَ,اجتمع الأشياء في مكان واحد,MAPPED,,14
4751,260,جَمَعَ,فعل,جمع,فَعَلَ,جمع العامل الأفراد أو الأشياء المفرقة,MAPPED,,14
4752,260,ضَمَّ,فعل,ضمم,فَعَّلَ,أحضر الأفراد أو الأشياء معاً,MAPPED,,14
4755,260,دَعَا,فعل,دعو,فَعَلَ,استدعى الناس للاجتماع لغرض معين,MAPPED,,14
4763,261,يَوْمُ الهِدْنَةِ,تركيب,,,الذكرى السنوية للهدنة في الحادي عشر من نوفمبر,MAPPED,,14
4780,263,لَحِسَ,فعل,لحس,فَعِلَ,لعق الحيوان السائل بلسانه,MAPPED,,14
4781,263,رَشَفَ,فعل,رشف,فَعَلَ,شرب الشراب مع صوت مسموع,MAPPED,,14
4782,263,جَرَعَ,فعل,جرع,فَعَلَ,شرب الخمر أو السائل دفعة واحدة,MAPPED,,14
4783,263,ابْتَلَعَ,فعل,بلع,اِفْتَعَلَ,أكل أو شرب بنهم وجشع,MAPPED,,14
4784,263,ابْتَلَعَ,فعل,بلع,اِفْتَعَلَ,بلع الطعام أو الشراب سريعاً,MAPPED,,14
4785,263,شَرِبَ,فعل,شرب,فَعِلَ,استهلاك الشراب,MAPPED,,14
4786,263,رَشَفَ,فعل,رشف,فَعَلَ,شرب السائل على دفعات صغيرة,MAPPED,,14
4787,263,تَعَشّىَ,فعل,عشو,تَفَعَّلَ,تناول العشاء,MAPPED,,14
4788,263,مَضَغَ,فعل,مضغ,فَعَلَ,أكل الطعام مضغاً مستمراً,MAPPED,,14
4790,263,تَنَاوَلَ,فعل,نول,تَفَاعَلَ,أكل وجبة خفيفة,MAPPED,,14
4791,263,أَقَامَ وَلِيمَة,تركيب,,,أكل وشرب بإسراف فخم,MAPPED,,14
4792,263,أَكَلَ,فعل,اكل,أَفْعَلَ,تناول الطعام,MAPPED,,14
4793,263,تَنَاوَلَ وَجْبَة خَفِيفَة,تركيب,,,أكل وجبة خفيفة بين الوجبات الرئيسية,MAPPED,,14
4794,263,تَنَاوَلَ الفِطُور,تركيب,,,أكل أول وجبة في اليوم,MAPPED,,14
4795,263,تَنَاوَلَ الغَدَاء,تركيب,,,أكل وجبة الظهيرة,MAPPED,,14
4796,263,تَنَاوَلَ العَشَاء,تركيب,,,أكل وجبة المساء,MAPPED,,14
4803,263,ابْتَلَعَ,فعل,بلع,اِفْتَعَلَ,إدخال الطعام أو الشراب في الجسم,MAPPED,,14
4804,263,احْتَسَى,فعل,حسو,اِفْتَعَلَ,أمسك بالكأس وشرب منها تدريجياً,MAPPED,,14
4806,263,قَضَمَ,فعل,قضم,فَعَلَ,أكل بعض الشيء بكميات صغيرة,MAPPED,,14
4807,263,أَكَلَ,فعل,اكل,أَفْعَلَ,إدخال الطعام في الفم ومضغه وبلعه,MAPPED,,14
4808,263,شَرِبَ,فعل,شرب,فَعِلَ,إدخال السائل في الفم وبلعه,MAPPED,,14
4814,264,نَعَسَ,فعل,نعس,فَعَلَ,نام الإنسان نوماً خفيفاً قصيراً,MAPPED,,14
4815,264,نَعَسَ,فعل,نعس,فَعَلَ,نام نوماً خفيفاً ورقيقاً,MAPPED,,14
4816,264,غَفَا,فعل,غفو,فَعَلَ,نام قيلولة قصيرة خفيفة,MAPPED,,14
4817,264,نَعَسَ,فعل,نعس,فَعَلَ,نام نوماً قصيراً أثناء النهار,MAPPED,,14
4818,264,نَامَ,فعل,نوم,فَعَلَ,استرخى في نوم عميق,MAPPED,,14
4819,264,سَبَاتَ,فعل,سبت,فَاعَلَ,قضت الحيوانات فصل الشتاء في حالة سكون,MAPPED,,14
4820,265,قَطَّعَ,فعل,قطع,فَعَّلَ,قسّم الشيء إلى أجزاء رقيقة عريضة,MAPPED,,14
4821,265,قَطَّعَ,فعل,قطع,فَعَّلَ,قسّم الطعام إلى مكعبات صغيرة,MAPPED,,14
4822,265,فَرَّمَ,فعل,فرم,فَعَّلَ,قطّع اللحم إلى قطع صغيرة جداً,MAPPED,,14
4823,265,قَطَّعَ,فعل,قطع,فَعَّلَ,قسّم الطعام إلى مكعبات صغيرة,MAPPED,,14
4824,265,فَرَّمَ,فعل,فرم,فَعَّلَ,قطع بضربات متكررة حادة بالفأس أو السكين,MAPPED,,14
4825,264,نَامَ,فعل,نوم,فَعَلَ,استغرق في النوم,MAPPED,,14
4826,264,سَبَعَ,فعل,سبع,فَعَلَ,بقي في حالة بين النوم واليقظة,MAPPED,,14
4827,264,نَامَ,فعل,نوم,فَعَلَ,دخل حالة النوم المنتظمة,MAPPED,,14
4828,265,نَزَعَ الشَّوْكَ,تركيب,,,قطّع السمك أو اللحم إلى أجزاء خالية من العظم,MAPPED,,14
4829,263,ابْتَلَعَ,فعل,بلع,اِفْتَعَلَ,أكل الطعام بسرعة وضجيج,MAPPED,,14
4830,263,الْتَهَمَ,فعل,لهم,اِفْتَعَلَ,أكل الفريسة بجشع وسرعة,MAPPED,,14
4831,263,اسْتَهْلَكَ,فعل,هلك,اِسْتَفْعَلَ,أكل أو شرب أو امتص شيئاً,MAPPED,,14
4837,267,تَفَرَّقَ,فعل,فرق,تَفَعَّلَ,ذهب أو توزّع في اتجاهات مختلفة,MAPPED,,14
4839,267,تَفَكَّكَ,فعل,فكك,تَفَعَّلَ,انحلّ الشيء الصلب في السائل,MAPPED,,14
4840,267,تَفَرَّقَ,فعل,فرق,تَفَعَّلَ,رمى في اتجاهات عشوائية مختلفة,MAPPED,,14
4841,267,تَفَكُّكٌ,مصدر,فكك,تَفَعُّل,عملية الانحلال أو الاختفاء,MAPPED,,14
4842,267,تَشَتُّتٌ,مصدر,شتت,تَفَعُّل,توزيع في اتجاهات مختلفة,MAPPED,,14
4843,267,تَشَتُّتٌ,مصدر,شتت,تَفَعُّل,فعل التفرق أو الانتشار,MAPPED,,14
4844,267,وَزَّعَ,فعل,وزع,فَعَّلَ,أعطى أو قسّم بين عدة متلقين,MAPPED,,14
4845,267,توزيع,مصدر,وزع,تَفْعِيل,فعل تقسيم بين متعددين,MAPPED,,14
4846,267,نَشَرَ,فعل,نشر,فَعَلَ,وسّع المساحة أو أعداداً على سطح,MAPPED,,14
4847,266,مُتَخَبِّطٌ,اسم فاعل,خبط,مُتَفَعِّل,شخص يرتكب أخطاء حمقاء متكررة,MAPPED,,14
4848,266,فَضِيحَةٌ,اسم جامد,فضح,فَعِيلَة,فشل مخزٍ ومُضحك,MAPPED,,14
4849,266,فَشِلَ تَمَاماً,تركيب,,,أفسد الفرصة تماماً,MAPPED,,14
4850,266,تَخَبَّطَ,فعل,خبط,تَفَعَّلَ,أدّى المهمة بطريقة غير ماهرة,MAPPED,,14
4851,266,أَفْسَدَ,فعل,فسد,أَفْعَلَ,أدّى المهمة بإهمال وسوء,MAPPED,,14
4853,266,خَرَّبَ,فعل,خرب,فَعَّلَ,فسد الشيء بشكل لا يمكن إصلاحه,MAPPED,,14
4855,266,فَسَدَ,فعل,فسد,فَعَلَ,أساء التعامل مع الموقف,MAPPED,,14
4856,266,خَرَّبَ,فعل,خرب,فَعَّلَ,ألحق الضرر بشخص أو موقف,MAPPED,,14
4857,266,فَسَدَ,فعل,فسد,فَعَلَ,عمل شيئاً سيئاً أو أساء التعامل معه,MAPPED,,14
4858,266,فَوْضَىٌ,اسم جامد,فوض,فَعْلَة,حالة من الخبط والفساد,MAPPED,,14
4859,266,تَخَبُّطٌ,مصدر,خبط,تَفَعُّل,خطأ صغير,MAPPED,,14
4860,266,مُتَخَبِّطٌ,اسم فاعل,خبط,مُتَفَعِّل,شخص يميل لإفساد الأمور,MAPPED,,14
4861,266,غَبِيٌّ,صفة,غبي,فَعِيل,شخص يرتكب أخطاء بشكل متكرر,MAPPED,,14
4862,266,تَخَبَّطَ,فعل,خبط,تَفَعَّلَ,استعمال اليدين بطريقة غير ماهرة,MAPPED,,14
4863,266,تَخَبُّطٌ,مصدر,خبط,تَفَعُّل,فعل الخبط واللخبطة,MAPPED,,14
4864,266,فَسَدَ,فعل,فسد,فَعَلَ,تخبط في العمل,MAPPED,,14
4865,266,فَسَدَ تَمَاماً,تركيب,,,أدار الموقف بسوء تام,MAPPED,,14
4866,266,مُتَخَبِّطٌ,اسم فاعل,خبط,مُتَفَعِّل,ميّال للتخبط والفشل,MAPPED,,14
4867,266,غَبِيٌّ,صفة,غبي,فَعِيل,يتصرف بطريقة غير كفؤة,MAPPED,,14
4869,263,رَشْفَة,اسم جامد,رشف,فَعْلَة,كمية صغيرة من السائل تُشرب دفعة واحدة,MAPPED,,14
4870,263,جُرْعَة,اسم جامد,جرع,فُعْلَة,كمية كبيرة من السائل تُبلع دفعة واحدة,MAPPED,,14
4871,263,رَشْفَة,اسم جامد,رشف,فَعْلَة,شرب كمية كبيرة من الشراب سريعاً,MAPPED,,14
4874,263,رَشْفَة,اسم جامد,رشف,فَعْلَة,فعل شرب السائل بضجيج,MAPPED,,14
4879,266,غَرِقَ,فعل,غرق,فَعِلَ,سقط أو انهار تماماً,MAPPED,,14
4889,265,قَشَّرَ,فعل,قشر,فَعَّلَ,أزال الطبقة الخارجية بالقطع,MAPPED,,14
4890,268,حَضَّرَ,فعل,حضر,فَعَّلَ,صنع طبقاً بمزج مكونات مختلفة,MAPPED,,14
4891,268,طَهَا,فعل,طهي,فَعَلَ,صنع وجبة طعام,MAPPED,,14
4892,268,حَضَّرَ بسرعة,تركيب,,,أعدّ أو صنع الطعام بسرعة,MAPPED,,14
4893,268,طَهَا,فعل,طهي,فَعَلَ,أعدّ الطعام بمزج وتسخين المكونات,MAPPED,,14
4894,268,حَضَّرَ,فعل,حضر,فَعَّلَ,جهّز الطعام للطهي,MAPPED,,14
4895,268,صَنَعَ,فعل,صنع,فَعَلَ,أنتج وجبة أو جزءاً من وجبة,MAPPED,,14
4896,268,خَبَزَ,فعل,خبز,فَعَلَ,طهي الطعام بالحرارة الجافة في الفرن,MAPPED,,14
4897,268,جَمَعَ,فعل,جمع,فَعَلَ,صنع طعاماً بمزج مكونات,MAPPED,,14
4898,269,شَمَّ,فعل,شمم,فَعَّلَ,اكتشف شيئاً بالبحث الخفي,MAPPED,,14
4899,269,اسْتَمَعَ,فعل,سمع,اِسْتَفْعَلَ,بذل جهداً للسماع,MAPPED,,14
4900,269,رَاقَبَ,فعل,رقب,فَاعَلَ,ظلّ منتبهاً للبحث عن شيء,MAPPED,,14
4902,269,تَحَسَّسَ,فعل,حسس,تَفَعَّلَ,بحث عمياء بأحرج اليدين,MAPPED,,14
4903,269,تَحَسَّسَ,فعل,حسس,تَفَعَّلَ,ابحث بحركات يدوية غير متأكدة,MAPPED,,14
4904,269,لَمَسَ,فعل,لمس,فَعَلَ,ادرك أو افحص بواسطة اللمس,MAPPED,,14
4905,269,بَحَثَ,فعل,بحث,فَعَلَ,ابحث بحماس عن الغذاء,MAPPED,,14
4906,269,بَحَثَ,فعل,بحث,فَعَلَ,ابحث بجدية عن شيء,MAPPED,,14
4907,269,شَمَّ,فعل,شمم,فَعَّلَ,تجول أو فضول حول شيء,MAPPED,,14
4912,269,غَسَلَ الرَّمْل,تركيب,,,اغسل الحصى في حوض لاستخلاص الذهب,MAPPED,,14
4913,269,فَتَّشَ,فعل,فتش,فَعَّلَ,استخدم يديك للبحث عن المحظورات,MAPPED,,14
4915,269,طَلَبَ,فعل,طلب,فَعَلَ,حاول أن يجد,MAPPED,,14
4917,269,جَسَّ,فعل,جسس,فَعَّلَ,افحص بالضغط باليد لأغراض طبية,MAPPED,,14
4919,270,تَبَوَّلَ,فعل,بول,تَفَعَّلَ,افرز البول من الجسم,MAPPED,,14
4920,270,تَغَوَّطَ,فعل,غوط,تَفَعَّلَ,افرز البراز من الجسم,MAPPED,,14
4921,270,تَغَوَّطَ,فعل,غوط,تَفَعَّلَ,افرز الفضلات من الجسم,MAPPED,,14
4922,270,أَفْرَغَ,فعل,فرغ,أَفْعَلَ,صرف أو ابعد شيئاً,MAPPED,,14
4923,270,تَجَشَّأَ,فعل,جشأ,تَفَعَّلَ,أفرج غاز من المعدة,MAPPED,,14
4924,270,تَجَشَّأَ,فعل,جشأ,تَفَعَّلَ,أفرج الغاز بضجيج من المعدة,MAPPED,,14
4925,270,أَطْلَقَ رِيحاً,تركيب,,,افرز الغاز من الشرج,MAPPED,,14
4927,271,لَذِيذٌ,صفة,لذذ,فَعِيل,طعم الطعام لطيف ومميز,MAPPED,,14
4929,271,لَاذِعٌ,صفة,لذع,فَاعِل,طعم حاد لاذع وشهي,MAPPED,,14
4930,271,لَذِيذٌ,صفة,لذذ,فَعِيل,طعم الطعام رائع وشهي (عامي),MAPPED,,14
4932,271,غَنِيٌّ بالطَّعْم,تركيب,,,يتمتع بطعم قوي ملموس,MAPPED,,14
4933,271,شَهِيٌّ,صفة,شهي,فَعِيل,طعم الطعام لذيذ جداً,MAPPED,,14
4934,271,مُرْضٍ,اسم فاعل,رضي,مُفْعِل,لطيف الطعم,MAPPED,,14
4935,271,لَذِيذٌ,صفة,لذذ,فَعِيل,غني بالطعم,MAPPED,,14
4936,271,غَنِيٌّ,صفة,غني,فَعِيل,كامل الطعم,MAPPED,,14
4937,271,شَهِيٌّ,صفة,شهي,فَعِيل,طعم الطعام مغرٍ ولذيذ,MAPPED,,14
4938,271,إلَهِيٌّ,صفة,اله,فِعَالِيّ,طعم فائق اللذاذة,MAPPED,,14
4939,271,ذُو طَعْم,تركيب,,,له طعم واضح مميز,MAPPED,,14
4940,271,مَالِحٌ,صفة,ملح,فَاعِل,ذو طعم الملح,MAPPED,,14
4941,271,حَامِضٌ,صفة,حمض,فَاعِل,ذو طعم حمضي كالليمون,MAPPED,,14
4942,271,مُرٌّ,صفة,مرر,فُعْل,ذو طعم حاد قاسٍ ليس حلو,MAPPED,,14
4943,271,حَارٌّ,صفة,حرر,فَاعِل,ذو طعم بهاري,MAPPED,,14
4944,271,حُلْوٌ,صفة,حلي,فُعْل,ذو طعم السكر الحلو,MAPPED,,14
4945,271,حَارٌّ,صفة,حرر,فَاعِل,يسبب حرقة في الفم,MAPPED,,14
4946,270,تَقَيَّأَ,فعل,قيء,تَفَعَّلَ,أفرج المواد من المعدة عبر الفم,MAPPED,,14
4947,270,تَبَوَّلَ,فعل,بول,تَفَعَّلَ,افرز البول,MAPPED,,14
4948,270,تَبَوَّلَ,فعل,بول,تَفَعَّلَ,افرز البول (عامي),MAPPED,,14
4949,270,تَقَيَّأَ,فعل,قيء,تَفَعَّلَ,أفرج القيء من المعدة,MAPPED,,14
4950,270,أَرْجَعَ,فعل,رجع,أَفْعَلَ,أعاد الطعام المبلوع إلى الفم,MAPPED,,14
4954,271,مالح,صفة,ملح,فَاعِل,ذو طعم مملح أو بهاري,MAPPED,,14
4956,271,لَذِيذٌ جِدّاً,تركيب,,,طعم الطعام لطيف جداً,MAPPED,,14
4972,271,لَاذِعٌ,صفة,لذع,فَاعِل,طعم أو رائحة حادة قوية,MAPPED,,14
4973,271,حَامِضٌ,صفة,حمض,فَاعِل,طعم حاد أو حامضي,MAPPED,,14
4974,271,بِلاَ طَعْم,تركيب,,,خالي من الطعم,MAPPED,,14
4975,271,فَاتِرٌ,صفة,فتر,فَاعِل,طعم الطعام ضعيف أو بلا مذاق,MAPPED,,14
4976,271,فَاتِرٌ,صفة,فتر,فَاعِل,خالي من الطعم المميز,MAPPED,,14
4977,271,غَيْرُ لَذِيذ,تركيب,,,غير لطيف الطعم,MAPPED,,14
4978,271,رَائِحَةٌ,اسم جامد,روح,فَاعِلَة,رائحة قوية جداً غير مريحة,MAPPED,,14
4979,271,رَائِحَةٌ,اسم جامد,روح,فَاعِلَة,رائحة مميزة خاصة,MAPPED,,14
4980,271,رَائِحَةٌ,اسم جامد,روح,فَاعِلَة,رائحة كريهة,MAPPED,,14
4981,271,نَتَنَ,فعل,نتن,فَعَلَ,رائحة الشيء كريهة,MAPPED,,14
4982,271,رَائِحَةٌ,اسم جامد,روح,فَاعِلَة,رائحة قوية غير سارة,MAPPED,,14
4983,271,نَتَنَ,فعل,نتن,فَعَلَ,رائحة الشيء غير سارة,MAPPED,,14
4984,271,رَائِحَةٌ,اسم جامد,روح,فَاعِلَة,رائحة لطيفة مميزة,MAPPED,,14
4985,271,رَائِحَةٌ,اسم جامد,روح,فَاعِلَة,رائحة حلوة لطيفة,MAPPED,,14
4986,271,رَائِحَةٌ,اسم جامد,روح,فَاعِلَة,رائحة مميزة خاصة,MAPPED,,14
4987,271,رَائِحَةٌ,اسم جامد,روح,فَاعِلَة,رائحة نبيذ أو عطر مميزة,MAPPED,,14
4988,271,رَائِحَةٌ,اسم جامد,روح,فَاعِلَة,رائحة قوية,MAPPED,,14
4989,271,عَطِرٌ,صفة,عطر,فَعِل,ذو رائحة زكية,MAPPED,,14
4991,271,عَطِرٌ,صفة,عطر,فَعِل,ذو رائحة طيبة حلوة,MAPPED,,14
4994,261,عِيدُ الملَاكِمَة,تركيب,,,عطلة عامة في أول يوم بعد عيد الميلاد,MAPPED,,14
4995,261,عِيدُ العُمَّال,تركيب,,,عطلة عامة تكريماً للعمال في الأول من مايو,MAPPED,,14
5147,261,يَوْمُ كِذْبَة نِيسَان,تركيب,,,يوم تقليدي للمزح والخدع في شهر نيسان,MAPPED,,14
5148,261,عِيدُ الميلاد المجيد,تركيب,,,العطلة المسيحية السنوية في خمسة وعشرين ديسمبر,MAPPED,,14
5171,263,تَنَاوَلَ,فعل,نول,تَفَاعَلَ,أكل أو شرب شيئاً,MAPPED,,14
5313,260,سَاقَ,فعل,سوق,فَعَلَ,جمع القطيع أو المجموعة من الناس,MAPPED,,14
5316,264,نَوْمٌ,اسم جامد,نوم,فَعْل,الاستسلام للنوم,MAPPED,,14
5317,264,غَفْوَة,اسم جامد,غفو,فَعْلَة,كمية صغيرة من النوم,MAPPED,,14
5318,264,نُعَاسٌ,اسم جامد,نعس,فُعَال,نوم قصير خفيف,MAPPED,,14
5319,264,قَيْلُولَة,اسم جامد,قيل,فَيْعُولَة,نوم قصير أثناء النهار,MAPPED,,14
5320,264,سُبَاتٌ,اسم جامد,سبت,فُعَال,حالة من النعاس والتثاؤب,MAPPED,,14
5321,264,سُبَاتٌ,اسم جامد,سبت,فُعَال,حالة السكون الشتوي للحيوانات,MAPPED,,14
5322,264,نَوْمٌ,اسم جامد,نوم,فَعْل,فترة من النوم,MAPPED,,14
5323,264,قَيْلُولَة,اسم جامد,قيل,فَيْعُولَة,نوم قصير خفيف أثناء النهار,MAPPED,,14
5324,264,نَوْمٌ,اسم جامد,نوم,فَعْل,حالة طبيعية متكررة من السكون,MAPPED,,14
5325,264,نَوْمٌ,اسم جامد,نوم,فَعْل,حالة النوم العميق,MAPPED,,14
5326,264,غَفْوَة,اسم جامد,غفو,فَعْلَة,نوم قصير خفيف,MAPPED,,14
5327,264,نَائِمٌ,اسم فاعل,نوم,فَاعِل,في حالة النوم,MAPPED,,14
5381,264,فَاقِدٌ الوَعْيِ,تركيب,,,غائب عن الوعي أو فاقد للإدراك,MAPPED,,14
5452,270,عَرِقَ,فعل,عرق,فَعِلَ,أفرز العرق من الجسم,MAPPED,,14
5471,270,تَقَيَّأَ,فعل,قيء,تَفَعَّلَ,قيّأ (عامي),MAPPED,,14
5472,270,تَقَزَّزَ,فعل,قزز,تَفَعَّلَ,أصدر صوت القيء دون قيء فعلي,MAPPED,,14
6052,271,بِلاَ طَعْم,تركيب,,,خالي من الطعم المميز,MAPPED,,14
6686,261,لَيْلَةُ الفِصْح,تركيب,,,عطلة يهودية ربيعية تذكر تحرير بني إسرائيل من العبودية,MAPPED,,14
6906,271,كَرِيهُ الرَّائِحَة,تركيب,,,رائحة غير سارة جداً,MAPPED,,14
7722,263,شَرِبَ,فعل,شرب,فَعِلَ,شرب سائل (رسمي/علمي),MAPPED,,14
7723,263,شَرِبَ بنهم,تركيب,,,شرب السائل بحماس وسرور,MAPPED,,14
7724,263,ابْتَلَعَ,فعل,بلع,اِفْتَعَلَ,شرب السائل بجشع وبكميات كبيرة,MAPPED,,14
8086,270,تَبَوَّلَ,فعل,بول,تَفَعَّلَ,افرز البول,MAPPED,,14
8920,271,نَتَنَ,فعل,نتن,فَعَلَ,رائحة الشيء غير مريحة أو قوية,MAPPED,,14
9472,270,أَفْرَغَ,فعل,فرغ,أَفْعَلَ,فرّغ الجسم من الفضلات,MAPPED,,14
9913,270,تَقَيَّأَ,فعل,قيء,تَفَعَّلَ,قيّأ,MAPPED,,14
9970,267,بَثَّ,فعل,بثث,فَعَّلَ,نثر بشكل غير منظم على سطح,MAPPED,,14
9971,267,رَشَّ,فعل,رشش,فَعَّلَ,ألقى قطرات أو جزيئات على سطح,MAPPED,,14
10153,270,تَعَرَّقَ,فعل,عرق,تَفَعَّلَ,افرز العرق,MAPPED,,14
10359,270,عَرَقٌ,اسم جامد,عرق,فَعَل,السائل المفرز من الجسم,MAPPED,,14
10360,270,عَرَقٌ,اسم جامد,عرق,فَعَل,الرطوبة المفرزة من الجسم,MAPPED,,14
11053,264,مُدَّةُ النَّوْم,تركيب,,,كمية الوقت المستغرق في النوم,MAPPED,,14
11707,267,نَشَرَ,فعل,نشر,فَعَلَ,انتشر على نطاق واسع,MAPPED,,14
11993,266,خَرَّبَ,فعل,خرب,فَعَّلَ,تسبب بوضع غير مرغوب به بالخطأ,MAPPED,,14
11994,266,خَرَّبَ تَمَاماً,تركيب,,,تسبب بوضع سيء جداً بالخطأ,MAPPED,,14
11995,266,فَسَدَ,فعل,فسد,فَعَلَ,فشل في إتمام المهمة بالمطلوب,MAPPED,,14
11996,266,فَشِلَ,فعل,فشل,فَعِلَ,فشل تماماً في تحقيق الهدف,MAPPED,,14
11997,266,لَخْبَطَ,فعل,لخبط,فَعَلَ,خبط في سلسلة من الإجراءات,MAPPED,,14
11998,266,فَشِلَ,فعل,فشل,فَعِلَ,فشل أو تخبط في عمل ما,MAPPED,,14
11999,266,أَفْسَدَ,فعل,فسد,أَفْعَلَ,ارتكب خطأ أو أفسد شيئاً,MAPPED,,14
12000,266,فَشِلَ,فعل,فشل,فَعِلَ,فشل في إنجاز شيء بصورة صحيحة,MAPPED,,14
12001,266,أَفْسَدَ,فعل,فسد,أَفْعَلَ,أفسد أو خرّب شيئاً,MAPPED,,14
12002,266,خَرَّبَ,فعل,خرب,فَعَّلَ,أفسد شيئاً ما,MAPPED,,14
12003,266,تَخَبَّطَ,فعل,خبط,تَفَعَّلَ,تعامل مع الشيء بطريقة غير ماهرة,MAPPED,,14
12424,260,جَمَعَ,فعل,جمع,فَعَلَ,جمع الأشياء المتفرقة في موضع واحد,MAPPED,,14
12709,263,احْتَفَظَ,فعل,حفظ,اِحْتَفَلَ,استهلاك الطعام أو الشراب بكثرة,MAPPED,,14
12710,263,شَرِبَ بسرعة,تركيب,,,شرب السائل بسرعة لافتة,MAPPED,,14
12711,263,تَنَاوَلَ بنهم,تركيب,,,أكل الطعام بشهية وحماس,MAPPED,,14
12848,265,قَطَعَ,فعل,قطع,فَعَلَ,قسّم الشيء إلى أجزاء بسكين أو آلة حادة,MAPPED,,14
12852,260,رَاكَمَ,فعل,ركم,فَاعَلَ,تجميع شيء تدريجياً عبر الزمن,MAPPED,,14
13439,265,نَحَتَ,فعل,نحت,فَعَلَ,قطع المادة الصلبة بأداة حادة,MAPPED,,14
13547,270,تَقَيَّأَ,فعل,قيء,تَفَعَّلَ,قيّأ الرضيع خاصة,MAPPED,,14
14520,261,عِيدُ المِيلاد,تركيب,,,يوم السنة الموافق لتاريخ الولادة,MAPPED,,14
15504,264,نَائِمٌ,اسم فاعل,نوم,فَاعِل,في حالة نوم أو فقدان وعي,MAPPED,,14
15505,264,فَاقِدُ الوَعْيِ,اسم فاعل,فقد,فَاعِل,غافل عن المحيط بسبب الضربة أو التسمم,MAPPED,,14
15567,267,نَقَلَ,فعل,نقل,فَعَلَ,أرسل شيئاً لآخر دون فقدان الملكية,MAPPED,,14
16786,268,طَاهٍ,اسم فاعل,طهي,فَاعِل,شخص طهى وجبة أو يطهي عموماً,MAPPED,,14
17046,269,مُطَارَدَةٌ,اسم جامد,طرد,مُفَاعَلَة,بحث من قبل السلطات عن مشبوه,MAPPED,,14
17108,260,حَاصَرَ,فعل,حصر,فَاعَلَ,جمع الناس المتفرقين في حيز ضيق,MAPPED,,14
17682,269,حَفَرَ,فعل,حفر,فَعَلَ,ابحث باللمس وحده في مساحة مغلقة,MAPPED,,14
17898,268,حَضْرٌ,مصدر,حضر,فَعْل,عملية جعل الطعام جاهزاً للطهي,MAPPED,,14
17899,268,خَبْزٌ,مصدر,خبز,فَعْل,عملية طهي الطعام بالحرارة الجافة,MAPPED,,14
17900,268,طَهْيٌ,مصدر,طهي,فَعْل,عملية تحضير الطعام بالحرارة,MAPPED,,14
17901,268,شَوَىٰ,فعل,شوي,فَعَلَ,طهي الطعام بالحرارة المباشرة,MAPPED,,14
17902,268,شَوْيٌ,مصدر,شوي,فَعْل,عملية الطهي بالحرارة المباشرة,MAPPED,,14
17903,268,حَمَّصَ,فعل,حمص,فَعَّلَ,طهي الطعام بالحرارة الطويلة في الفرن,MAPPED,,14
17904,268,حَمْصٌ,مصدر,حمص,فَعْل,عملية الطهي بالحرارة الطويلة,MAPPED,,14
17905,268,قَلَىٰ,فعل,قلي,فَعَلَ,طهي الطعام في دهن ساخن,MAPPED,,14
17907,268,قَلْيٌ,مصدر,قلي,فَعْل,عملية الطهي بالدهن الساخن,MAPPED,,14
17923,268,أَعَدَّ,فعل,اعد,أَفْعَلَ,صنع وجبة أو جزءاً من وجبة,MAPPED,,14
17934,263,البِلْعُ,مصدر,بلع,الفِعْل,عملية إدخال الطعام أو الشراب في الجسم,MAPPED,,14
4957,272,تَنَفَّسَ,فعل,نفس,تَفَعَّلَ,إخراج وإدخال الهواء بانتظام من الرئتين,MAPPED,,15
4958,272,شَهِقَ,فعل,شهق,فَعِلَ,سحب الهواء إلى الداخل بسرعة,MAPPED,,15
4959,272,نَفَس,اسم جامد,نفس,فَعَل,الهواء المسحوب والمخرج من الرئتين,MAPPED,,15
4960,272,زَفَرَ,فعل,زفر,فَعَلَ,إخراج الهواء من الرئتين,MAPPED,,15
4961,272,لَهَثَ,فعل,لهث,فَعِلَ,التقاط النفس بسرعة من إرهاق أو فزع,MAPPED,,15
4962,272,تَنَهُّد,مصدر,نهد,تَفَعُّل,إخراج الهواء بعمق يعبر عن حزن أو تعب,MAPPED,,15
4963,272,زَفِير,اسم جامد,زفر,فَعِيل,الهواء المُخرَج من الرئتين,MAPPED,,15
4964,272,تَنَفُّس,مصدر,نفس,تَفَعُّل,عملية إخراج الهواء من الجسم,MAPPED,,15
4965,272,شَهِيق,اسم جامد,شهق,فَعِيل,عملية سحب الهواء إلى الداخل,MAPPED,,15
4966,272,شَهِيق,اسم جامد,شهق,فَعِيل,الهواء الممتص إلى الداخل من الرئتين,MAPPED,,15
4967,272,نَفَخَ,فعل,نفخ,فَعَلَ,إخراج الهواء بقوة من الفم,MAPPED,,15
4968,272,لَهَثَ,فعل,لهث,فَعِلَ,التنفس بشكل سريع قصير,MAPPED,,15
4992,272,تَنَهَّدَ,فعل,نهد,تَفَعَّلَ,إصدار نَحْنَحة تعبر عن شعور,MAPPED,,15
4993,274,تَجَنَّبَ,فعل,جنب,تَفَعَّلَ,البعد والامتناع عن شيء مكروه,MAPPED,,15
4996,274,تَهَرَّبَ,فعل,هرب,تَفَعَّلَ,الإفلات من شيء بمكر ودهاء,MAPPED,,15
4997,274,تَفَادَى,فعل,فيد,تَفَاعَلَ,تجنب الشيء بمهارة ودهاء,MAPPED,,15
4998,274,تَهَرَّبَ,فعل,هرب,تَفَعَّلَ,الإفلات من واجب مكروه,MAPPED,,15
4999,274,أَفْلَتَ,فعل,فلت,أَفْعَلَ,النجاح في تجنب خطر,MAPPED,,15
5000,274,تَنَصَّلَ,فعل,نصل,تَفَعَّلَ,تجنب أو إهمال الواجب,MAPPED,,15
5001,274,اِجْتَنَبَ,فعل,جنب,اِفْتَعَلَ,الامتناع المستمر عن شيء,MAPPED,,15
5002,274,تَجَاوَزَ,فعل,جوز,تَفَاعَلَ,تجنب التعامل مع الموضوع,MAPPED,,15
5003,274,تَجَاوَزَ,فعل,جوز,تَفَاعَلَ,تجنب معالجة الأمر,MAPPED,,15
5004,274,تَجَنُّب,مصدر,جنب,تَفَعُّل,فعل الامتناع والبعد عن شيء,MAPPED,,15
5006,274,تَفَادِي,مصدر,فيد,تَفَاعُل,عملية تجنب موقف ما,MAPPED,,15
5007,274,إفْلات,مصدر,فلت,إفْعال,فعل الإفلات من شيء,MAPPED,,15
5008,273,هَرَبَ,فعل,هرب,فَعَلَ,الخروج من الحبس أو القيد بسرعة,MAPPED,,15
5009,273,أَخْلَى,فعل,خلا,أَفْعَلَ,مغادرة مكان خطير بسرعة,MAPPED,,15
5010,273,تَمَكَّنَ,فعل,مكن,تَفَعَّلَ,النجاح في الخروج من الحبس,MAPPED,,15
5015,273,اِنْطَلَقَ,فعل,طلق,اِفْتَعَلَ,الهروب بقوة من المكان,MAPPED,,15
5016,273,فَرَّ,فعل,فرر,فَعَّلَ,الهروب من موقف طويل الأمد,MAPPED,,15
5017,275,تَهَرَّبَ,فعل,هرب,تَفَعَّلَ,الإفلات من شيء بمهارة ودهاء,MAPPED,,15
5018,275,إفْلات,مصدر,فلت,إفْعال,عملية الإفلات من القبض,MAPPED,,15
5019,275,هَرَب,صفة مشبهة,هرب,فَاعِل,موجه نحو الإفلات والهروب,MAPPED,,15
5023,275,أَفْلَتَ,فعل,فلت,أَفْعَلَ,الإفلات أو الهروب بمهارة,MAPPED,,15
5030,274,اِمْتَنَعَ,فعل,منع,اِفْتَعَلَ,الإقلاع والامتناع عن شيء,MAPPED,,15
5039,275,بَعِيد,صفة مشبهة,بعد,فَعِيل,صعب التقاط أو إيجاد,MAPPED,,15
5042,276,دَوَّرَ,فعل,دور,فَعَّلَ,إدارة شيء بسرعة وخفة,MAPPED,,15
5043,276,دَارَ,فعل,دور,فَاعَلَ,إحداث دوران سريع حول محور,MAPPED,,15
5044,276,اِهْتَزَّ,فعل,هزز,اِفْتَعَّلَ,إحداث حركات صغيرة سريعة,MAPPED,,15
5045,276,هَزَّ,فعل,هزز,فَعَّلَ,إحداث اهتزاز أو ارتجاج,MAPPED,,15
5046,276,تَمَايَلَ,فعل,ميل,تَفَاعَلَ,حركة ذهاباً وإياباً أو جانباً,MAPPED,,15
5047,276,تَبَدَّلَ,فعل,بدل,تَفَعَّلَ,تغير سريع ومتكرر بين حالتين,MAPPED,,15
5048,276,دَارَ,فعل,دور,فَاعَلَ,إحداث دوران حول محور,MAPPED,,15
5049,276,دَوَّرَ,فعل,دور,فَعَّلَ,إحداث حركة دائرية حول محور,MAPPED,,15
5065,278,كَتَبَ,فعل,كتب,فَعَلَ,التأليف والكتابة بالقلم,MAPPED,,15
5066,278,أَلَّفَ,فعل,ألف,أَفْعَلَ,كون النص أو المؤلفة الأدبية,MAPPED,,15
5067,278,كَتَبَ,فعل,كتب,فَعَلَ,تركيب النص بالكتابة,MAPPED,,15
5068,278,أَلَّفَ,فعل,ألف,أَفْعَلَ,تأليف عمل فني خاصة الموسيقى والشعر,MAPPED,,15
5069,278,صَاغَ,فعل,صيغ,فَاعَلَ,إعداد نسخة أولية من النص,MAPPED,,15
5070,278,دَوَّنَ,فعل,دون,فَعَّلَ,الكتابة السريعة على ورقة,MAPPED,,15
5071,278,كَتَبَ,فعل,كتب,فَعَلَ,الكتابة السريعة,MAPPED,,15
5072,278,نَطَقَ,فعل,نطق,فَعَلَ,نطق الصيغة الشفهية,MAPPED,,15
5073,278,تَلاَ,فعل,تلا,فَعَلَ,تلاوة أو إنشاء نص منطوق ذو معنى,MAPPED,,15
5074,278,نَطَقَ,فعل,نطق,فَعَلَ,إصدار صوت أو قول شيء,MAPPED,,15
5134,279,قَرَأَ,فعل,قرا,فَعَلَ,النظر والفهم للمادة المكتوبة,MAPPED,,15
5135,279,انْهَمَكَ,فعل,همك,اِنْفَعَلَ,الانشغال بالقراءة والدراسة,MAPPED,,15
5136,279,تَصَفَّحَ,فعل,صفح,تَفَعَّلَ,النظر السريع لتحديد المعلومات,MAPPED,,15
5137,279,طَالَعَ,فعل,طلع,فَاعَلَ,القراءة السريعة لنقاط مهمة,MAPPED,,15
5146,279,اِلْتَهَمَ,فعل,لهم,اِفْتَعَلَ,القراءة السريعة والحريصة,MAPPED,,15
5150,281,وَلَدَتْ,فعل,ولد,فَعَلَ,الإنجاب والإنجاز للمولود,MAPPED,,15
5151,281,وِلاَدَة,مصدر,ولد,فِعالَة,ظهور الطفل من جسم أمه,MAPPED,,15
5153,281,وَلَدَتْ,فعل,ولد,فَعَلَ,إنجاب جرو أو حيوان صغير,MAPPED,,15
5154,281,وَلَدَ,فعل,ولد,فَعَلَ,كون الآب للطفل بالإنسال,MAPPED,,15
5155,281,وَلَدَ,فعل,ولد,فَعَلَ,إنتاج الطفل بالنسل,MAPPED,,15
5156,281,سِيرَ,فعل,سير,فَعِلَ,كون الفحل أو الذكر للنسل,MAPPED,,15
5157,281,وَلَّدَ,فعل,ولد,فَعَّلَ,إنتاج الأجنة بأعداد كبيرة,MAPPED,,15
5160,281,حَمَلَتْ,فعل,حمل,فَعَلَ,الحمل والإنجاب,MAPPED,,15
5164,281,وَلَدَتْ,فعل,ولد,فَعَلَ,إنجاب الحيوان للصغار,MAPPED,,15
5165,281,وَلَدَتْ,فعل,ولد,فَعَلَ,إنجاب البقرة للعجل,MAPPED,,15
5166,281,وَلَدَتْ,فعل,ولد,فَعَلَ,إنجاب الماعز للجدي,MAPPED,,15
5167,281,بَاضَتْ,فعل,بيض,فَاعَلَ,إنتاج البيضة من جسم الطائر,MAPPED,,15
5181,283,أَشْعَلَ,فعل,شعل,أَفْعَلَ,إشعال شيء والإحداث للنار,MAPPED,,15
5182,283,أَشْعَلَ,فعل,شعل,أَفْعَلَ,إحداث الحريق والاشتعال,MAPPED,,15
5188,281,وِلاَدَة,مصدر,ولد,فِعالَة,إنجاب الأبقار والعجول,MAPPED,,15
5189,281,وِلاَدَة,مصدر,ولد,فِعالَة,إنجاب الأغنام للحملان,MAPPED,,15
5190,278,دَوَّنَ,فعل,دون,فَعَّلَ,كتابة حساب شامل عن شيء,MAPPED,,15
5193,283,أَشْعَلَ,فعل,شعل,أَفْعَلَ,إضرام اللهب والنار,MAPPED,,15
5195,283,أَشْعَلَ,فعل,شعل,أَفْعَلَ,إحداث الشرارة والاشتعال,MAPPED,,15
5196,284,تَجَمَّعَ,فعل,جمع,تَفَعَّلَ,التحرك معاً بأعداد كبيرة,MAPPED,,15
5197,284,اِنْدَفَعَ,فعل,دفع,اِنْفَعَلَ,الحركة كمجموعة سائلة,MAPPED,,15
5198,284,تَزَاحَمَ,فعل,زحم,تَفَاعَلَ,التزاحم والتجمع بأعداد كبيرة,MAPPED,,15
5199,284,انْسَابَ,فعل,سيب,اِنْفَعَلَ,حركة مستمرة لمجموعة,MAPPED,,15
5200,284,تَجَمَّعَ,فعل,جمع,تَفَعَّلَ,الاجتماع والحركة معاً,MAPPED,,15
5201,284,انْهَالَ,فعل,هول,اِنْفَعَلَ,الوصول والتدفق بأعداد ضخمة,MAPPED,,15
5202,284,انْسَابَ,فعل,سيب,اِنْفَعَلَ,الحركة المستمرة لمجموعة,MAPPED,,15
5203,284,تَجَمَّعَ,فعل,جمع,تَفَعَّلَ,التجمع والحركة معاً,MAPPED,,15
5204,284,انْهَالَ,فعل,هول,اِنْفَعَلَ,الوصول بأعداد كبيرة,MAPPED,,15
5210,278,كَتَبَ,فعل,كتب,فَعَلَ,الكتابة المادية لعلامة على ورقة,MAPPED,,15
5211,278,أَرْسَلَ,فعل,رسل,أَفْعَلَ,إرسال رسالة إلى جهة معينة,MAPPED,,15
5212,278,كَتَبَ,فعل,كتب,فَعَلَ,الكتابة بعناية لتجنب الحذف,MAPPED,,15
5213,278,طَبَعَ,فعل,طبع,فَعَلَ,الكتابة الواضحة بحروف منفصلة,MAPPED,,15
5214,278,طَبَعَ,فعل,طبع,فَعَلَ,الكتابة باستخدام آلة الكتابة,MAPPED,,15
5215,278,طَبَعَ,فعل,طبع,فَعَلَ,الكتابة الكاملة للرسالة,MAPPED,,15
5216,278,طَبَعَ,فعل,طبع,فَعَلَ,إنشاء رسالة بالطباعة,MAPPED,,15
5217,278,أَدْخَلَ,فعل,دخل,أَفْعَلَ,الإدخال بالطباعة,MAPPED,,15
5218,278,طَبَعَ,فعل,طبع,فَعَلَ,إنتاج نسخة ورقية من البيانات,MAPPED,,15
5219,278,طَبَعَ,فعل,طبع,فَعَلَ,الطباعة الميكانيكية للنصوص,MAPPED,,15
5242,285,أَسْكَتَ,فعل,سكت,أَفْعَلَ,جعل شخص يصمت,MAPPED,,15
5244,285,أَسْكَتَ,فعل,سكت,أَفْعَلَ,الطلب منه أن يصمت,MAPPED,,15
5245,285,أَسْكَتَ,فعل,سكت,أَفْعَلَ,جعل شخص يصبح هادئاً,MAPPED,,15
5246,285,أَسْكَتَ,فعل,سكت,أَفْعَلَ,إسكات شخص عن موضوع ما,MAPPED,,15
5247,285,أَسْكَتَ,فعل,سكت,أَفْعَلَ,جعل شخص أو شيء يتوقف عن الضوضاء,MAPPED,,15
5248,285,هَدَّأَ,فعل,هدأ,فَعَّلَ,جعل الكيان يصدر ضوضاء أقل,MAPPED,,15
5249,285,هَدَّأَ,فعل,هدأ,فَعَّلَ,جعل الكيان يخفف ضوضاءه,MAPPED,,15
5256,278,دَوَّنَ,فعل,دون,فَعَّلَ,كتابة المعلومات بطريقة دقيقة,MAPPED,,15
5257,286,تَواصَلَ,فعل,وصل,تَفَاعَلَ,الاتصال والتواصل مع شخص,MAPPED,,15
5258,286,تَواصَلَ,فعل,وصل,تَفَاعَلَ,الاتصال بشخص والتحدث معه,MAPPED,,15
5259,286,اتِّصال,مصدر,وصل,اِفْتِعال,حالة التواصل والتحدث,MAPPED,,15
5260,286,كَتَبَ,فعل,كتب,فَعَلَ,الاتصال برسالة بريدية,MAPPED,,15
5261,286,كَتَبَ,فعل,كتب,فَعَلَ,كتابة وإرسال رسالة,MAPPED,,15
5262,286,بَعَثَ,فعل,بعث,فَعَلَ,الاتصال والإرسال بالبريد الإلكتروني,MAPPED,,15
5264,286,اتَّصَلَ,فعل,وصل,اِفْتَعَلَ,الاتصال بالهاتف,MAPPED,,15
5265,286,اتَّصَلَ,فعل,وصل,اِفْتَعَلَ,الاتصال شخصياً بالهاتف,MAPPED,,15
5267,286,اتَّصَلَ,فعل,وصل,اِفْتَعَلَ,الاتصال بالهاتف,MAPPED,,15
5268,286,اتَّصَلَ,فعل,وصل,اِفْتَعَلَ,الاتصال بالهاتف,MAPPED,,15
5269,286,اتَّصَلَ,فعل,وصل,اِفْتَعَلَ,استدعاء شخص عبر الهاتف,MAPPED,,15
5270,286,اتَّصَلَ,فعل,وصل,اِفْتَعَلَ,الاتصال الشخصي بالهاتف,MAPPED,,15
5271,286,تَمَكَّنَ,فعل,مكن,تَفَعَّلَ,بدء الاتصال مع شخص,MAPPED,,15
5272,286,اتَّصَلَ,فعل,وصل,اِفْتَعَلَ,الاتصال عبر الهاتف,MAPPED,,15
5273,286,مُكالَمَة,مصدر,كلم,مُفاعَلَة,تواصل هاتفي,MAPPED,,15
5274,287,كَذَبَ,فعل,كذب,فَعَلَ,قول أكاذيب وأقوال زائفة,MAPPED,,15
5275,287,مَاوَرَ,فعل,ورا,فَاعَلَ,الكلام بطريقة غامضة التفافاً,MAPPED,,15
5276,287,كِذْب,اسم جامد,كذب,فِعْل,قول مقصود كاذب,MAPPED,,15
5277,287,أَضَلَّ,فعل,ضلل,أَفْعَلَ,إعطاء انطباع خاطئ,MAPPED,,15
5278,287,خَدَعَ,فعل,خدع,فَعَلَ,خداع مرحاً وبراعة,MAPPED,,15
5280,287,لَوَّى,فعل,لوا,فَعَّلَ,تمثيل كاذب ومضلل,MAPPED,,15
5281,287,خِدْعَة,اسم جامد,خدع,فِعْلَة,فعل الخداع والتضليل,MAPPED,,15
5282,287,تَمْثِيل,مصدر,ثمل,تَفْعِيل,فعل الكذب والتمثيل,MAPPED,,15
5283,287,مُوارَاة,مصدر,ورا,مُفاعالة,فعل الكلام الغامض,MAPPED,,15
5284,287,قَالَ,فعل,قول,فَاعَلَ,الخداع المرحاني والفكاهة,MAPPED,,15
5285,287,هَزَلَ,فعل,هزل,فَعَلَ,قول شيء كاذب للفكاهة,MAPPED,,15
5286,287,غَمَّضَ,فعل,غمض,فَعَّلَ,استخدام لغة غامضة التفافاً,MAPPED,,15
5287,287,خَدَعَ,فعل,خدع,فَعَلَ,الخداع والخديعة,MAPPED,,15
5288,287,غُموض,اسم جامد,غمض,فُعول,فعل الكلام الغامض,MAPPED,,15
5290,287,كِذْبَة,اسم جامد,كذب,فِعْلَة,كذبة صغيرة تافهة,MAPPED,,15
5291,287,أَفْشَى,فعل,فشا,أَفْعَلَ,الكلام بهراء للخداع,MAPPED,,15
5292,287,خَدَعَ,فعل,خدع,فَعَلَ,خداع مرحاني شخص ما,MAPPED,,15
5294,287,خَدَعَ,فعل,خدع,فَعَلَ,الخداع والتضليل المقصود,MAPPED,,15
5297,286,أَرْسَلَ,فعل,رسل,أَفْعَلَ,الاتصال بالبريد والمعلومات,MAPPED,,15
5298,287,كِذْبَة,اسم جامد,كذب,فِعْلَة,كذبة صغيرة,MAPPED,,15
5299,281,حَمَلَتْ,فعل,حمل,فَعَلَ,الحمل والولادة بنجاح,MAPPED,,15
5309,284,تَجَمَّعَ,فعل,جمع,تَفَعَّلَ,الحركة معاً بأعداد كبيرة,MAPPED,,15
5310,284,احْتَفَلَ,فعل,حفل,اِفْتَعَلَ,الحركة كمجموعة للعرض,MAPPED,,15
5336,275,أَفْلَتَ,فعل,فلت,أَفْعَلَ,الهروب والإفلات من شخص ما,MAPPED,,15
5357,284,انْهَمَرَ,فعل,همر,اِنْفَعَلَ,السقوط بكميات كبيرة,MAPPED,,15
5358,284,انْهَالَ,فعل,هول,اِنْفَعَلَ,السقوط بكميات ضخمة ومدمرة,MAPPED,,15
5359,284,انْهَمَرَ,فعل,همر,اِنْفَعَلَ,السقوط أو الإمطار بكمية,MAPPED,,15
5360,284,انْهَمَرَ,فعل,همر,اِنْفَعَلَ,سقوط الأمطار بقوة,MAPPED,,15
5421,278,وَثَّقَ,فعل,وثق,فَعَّلَ,تسجيل سلسلة أحداث بدقة,MAPPED,,15
5436,280,صَنَعَ,فعل,صنع,فَعَلَ,تكوين شيء بجمع أجزاء أو مكونات,MAPPED,,15
5437,280,خَلَقَ,فعل,خلق,فَعَلَ,إحضار شيء جديد إلى الوجود,MAPPED,,15
5780,282,عَمِلَ,فعل,عمل,فَعِلَ,القيام بالعمل كمهنة,MAPPED,,15
5781,282,عَمَل,اسم جامد,عمل,فَعَل,النشاط كوسيلة لكسب الدخل,MAPPED,,15
5783,282,اسْتِخْدام,مصدر,خدم,اِسْتِفْعال,حالة التوظيف والعمل,MAPPED,,15
5784,282,خَدَمَ,فعل,خدم,فَعَلَ,العمل كنادل أو خادم,MAPPED,,15
5784,282,خِدْمَة,اسم جامد,خدم,فِعْلَة,خدمة النادل في المطعم,MAPPED,,15
5785,282,وَظِيفَة,اسم جامد,وظف,فَعِيلَة,منصب عمل براتب منتظم,MAPPED,,15
5925,282,عَمِلَ,فعل,عمل,فَعِلَ,العمل موظفاً في مكتب,MAPPED,,15
5930,282,عَمِلَ,فعل,عمل,فَعِلَ,العمل بعقد مؤقت,MAPPED,,15
6050,282,فِتْرَة,اسم جامد,فتر,فِعْلَة,فترة محددة من العمل,MAPPED,,15
6619,273,فَرَّ,فعل,فرر,فَعَّلَ,الهروب والركض بسرعة,MAPPED,,15
6921,281,وَلَدَتْ,فعل,ولد,فَعَلَ,إنجاب الطفل أو المولود,MAPPED,,15
8997,275,فَرَّ,فعل,فرر,فَعَّلَ,الركض والهروب وهو مطارَد,MAPPED,,15
9002,286,أَرْسَلَ,فعل,رسل,أَفْعَلَ,التواصل عبر التلكس,MAPPED,,15
9003,286,أَرْسَلَ,فعل,رسل,أَفْعَلَ,الاتصال بالفاكس,MAPPED,,15
9004,286,أَرْسَلَ,فعل,رسل,أَفْعَلَ,الاتصال عبر البرقية,MAPPED,,15
9005,286,نَادَى,فعل,نيد,فَاعَلَ,الاتصال عبر الصفحة,MAPPED,,15
9006,286,أَذَاعَ,فعل,ذيع,أَفْعَلَ,التواصل عبر الراديو,MAPPED,,15
9007,286,أَرْسَلَ,فعل,رسل,أَفْعَلَ,إرسال رسالة برقية,MAPPED,,15
9135,275,أَفْلَتَ,فعل,فلت,أَفْعَلَ,الهروب والنجاة,MAPPED,,15
9846,273,تَحَرَّرَ,فعل,حرر,تَفَعَّلَ,الخروج من مكان الحبس,MAPPED,,15
9847,273,اِنْفَلَتَ,فعل,فلت,اِنْفَعَلَ,الخروج من الأسر والقيد,MAPPED,,15
10435,287,خَدَعَ,فعل,خدع,فَعَلَ,الخداع الدقيق لشخص,MAPPED,,15
10436,287,خَدَعَ,فعل,خدع,فَعَلَ,الخداع والحيلة,MAPPED,,15
10533,282,مُوَظَّف,اسم مفعول,وظف,مُفَعَّل,ذو وظيفة محددة,MAPPED,,15
10703,280,خَلْق,مصدر,خلق,فَعْل,عملية إنشاء أو تكوين شيء,MAPPED,,15
11136,276,ضَغَطَ,فعل,ضغط,فَعَلَ,الضغط بقوة من جميع الاتجاهات,MAPPED,,15
11154,286,اتَّصَلَ,فعل,وصل,اِفْتَعَلَ,الاتصال بالهاتف,MAPPED,,15
11430,280,أَسَّسَ,فعل,أسس,أَفْعَلَ,تأسيس على أساس دائم,MAPPED,,15
11431,280,أَنْشَأَ,فعل,نشأ,أَفْعَلَ,تأسيس مؤسسة أو عمل,MAPPED,,15
11432,280,أَنْتَجَ,فعل,نتج,أَفْعَلَ,الإنتاج المقصود لكيان,MAPPED,,15
11433,280,تَأْسِيس,مصدر,أسس,تَفْعِيل,عملية التأسيس والإنشاء,MAPPED,,15
11434,280,إنْتاج,مصدر,نتج,إفْعال,عملية الإنتاج المقصود,MAPPED,,15
11694,280,أَنْتَجَ,فعل,نتج,أَفْعَلَ,الخلق والإنتاج,MAPPED,,15
11708,280,أَسَّسَ,فعل,أسس,أَفْعَلَ,تأسيس مؤسسة أو منظمة,MAPPED,,15
11709,280,إنْتاج,مصدر,نتج,إفْعال,الخلق والتطوير,MAPPED,,15
11710,280,رَكَّبَ,فعل,ركب,فَعَّلَ,التركيب الكيميائي,MAPPED,,15
11711,280,تَرْكِيب,مصدر,ركب,تَفْعِيل,عملية الإنتاج الكيميائي,MAPPED,,15
11919,274,اِسْتَغْنَى,فعل,غنا,اِفْتَعَلَ,الاستغناء عن شيء مرغوب,MAPPED,,15
11921,274,اِنْقَمَعَ,فعل,قمع,اِنْفَعَلَ,كراهية أو عدم الرغبة في فعل شيء,MAPPED,,15
11922,274,اِمْتَنَعَ,فعل,منع,اِفْتَعَلَ,الإقلاع والامتناع عن فعل شيء,MAPPED,,15
11946,282,أَنَابَ,فعل,ناب,أَفْعَلَ,استئجار شركة خارجية للعمل,MAPPED,,15
11947,282,أَسْنَدَ,فعل,سند,أَفْعَلَ,إرسال العمل للآخرين,MAPPED,,15
11948,281,وَلَدَتْ,فعل,ولد,فَعَلَ,إنجاب الأم للولد,MAPPED,,15
11951,281,أَنْجَبَتْ,فعل,نجب,أَفْعَلَ,الإنجاب والإحضار للوجود,MAPPED,,15
11952,281,وَلَّدَ,فعل,ولد,فَعَّلَ,الإنتاج الحي من الآباء,MAPPED,,15
11953,281,تَكَاثَرَ,فعل,كثر,تَفَاعَلَ,الإنسال والتكاثر الطبيعي,MAPPED,,15
11961,281,أَنْجَبَتْ,فعل,نجب,أَفْعَلَ,إنتاج الذرية والنسل,MAPPED,,15
11963,272,نَفَخَ,فعل,نفخ,فَعَلَ,إخراج الهواء بقوة من الفم,MAPPED,,15
11964,272,زَفَرَ,فعل,زفر,فَعَلَ,إخراج الهواء من الرئتين,MAPPED,,15
11966,272,شَهِقَ,فعل,شهق,فَعِلَ,سحب الهواء إلى الرئتين,MAPPED,,15
11967,272,نَفَخَ,فعل,نفخ,فَعَلَ,نفخ بخار أو دواء في فراغ جسماني,MAPPED,,15
11968,272,لَهَثَ,فعل,لهث,فَعِلَ,التنفس بسرعة من إرهاق أو انفعال,MAPPED,,15
11969,272,تَنَفَّسَ,فعل,نفس,تَفَعَّلَ,عملية التنفس والتبادل الغازي,MAPPED,,15
11970,272,تَنَهَّدَ,فعل,نهد,تَفَعَّلَ,إخراج النفس ببطء وعمق,MAPPED,,15
12107,276,اِنْدَفَعَ,فعل,دفع,اِنْفَعَلَ,حركة حلزونية أو دائرية,MAPPED,,15
12590,282,تَوَظِيف,مصدر,وظف,تَفْعِيل,حالة كون الموظف,MAPPED,,15
12592,282,بَطالَة,اسم جامد,بطل,فَعالَة,عدم وجود عمل لكن مستعد,MAPPED,,15
12593,282,عاطِل,صفة مشبهة,عطل,فَاعِل,بلا عمل لكن متوفر للعمل,MAPPED,,15
12594,282,عاطِل,صفة مشبهة,عطل,فَاعِل,لا يملك عملاً راتباً,MAPPED,,15
13320,278,وَقَّعَ,فعل,وقع,فَعَّلَ,كتابة الاسم لتعريف أو تصريح,MAPPED,,15
13502,279,قَارِئ,اسم فاعل,قرا,فَاعِل,شخص يقرأ المادة المكتوبة,MAPPED,,15
13544,287,مُخَادِع,اسم فاعل,خدع,مُفاعِل,شخص يعرف بالخداع,MAPPED,,15
13784,287,مُتَسَتِّر,اسم فاعل,ستر,مُتَفَعِّل,من يخفي حقيقته ونواياه,MAPPED,,15
13785,287,تَسَتَّرَ,فعل,ستر,تَفَعَّلَ,إخفاء النوايا والمشاعر الحقيقية,MAPPED,,15
14585,287,مُضَلِّل,صفة مشبهة,ضلل,مُفَعِّل,لا يكشف الحقيقة ويضلل,MAPPED,,15
14897,278,كَتَبَ,فعل,كتب,فَعَلَ,كتابة شيء بسرعة,MAPPED,,15
15386,287,قَالَ,فعل,قول,فَاعَلَ,إخبار الحقيقة أو الكذب,MAPPED,,15
15531,274,اِبْتَعَدَ,فعل,بعد,اِفْتَعَلَ,البقاء بعيداً أو الامتناع,MAPPED,,15
16856,280,طَوَّرَ,فعل,طور,فَعَّلَ,الخلق والإنشاء المتعمد,MAPPED,,15
16858,280,تَطْوِير,مصدر,طور,تَفْعِيل,الإنشاء والتطوير المتعمد,MAPPED,,15
17297,282,مَنْصِب,اسم مكان,نصب,مَفْعِل,وظيفة محددة,MAPPED,,15
17372,278,سَرَدَ,فعل,سرد,فَعَلَ,تواصل عن طريق تعداد منطوق أو مكتوب,MAPPED,,15
17431,286,تَمَكَّنَ,فعل,مكن,تَفَعَّلَ,بدء التواصل الناجح,MAPPED,,15
17454,273,إخْلاء,مصدر,خلا,إفْعال,عملية منظمة للخروج من مكان خطير,MAPPED,,15
17471,282,,,,,الاستخدام في مكان عمل,NO_ARABIC_EQUIVALENT,حرف جر إنجليزي لا يحتاج معادل في السياق,15
17472,279,طَالَعَ,فعل,طلع,فَاعَلَ,القراءة العابرة أو الحذرة,MAPPED,,15
17473,279,طِلاعة,مصدر,طلع,فِعالَة,نشاط القراءة العابرة,MAPPED,,15
17502,283,أَشْعَلَ,فعل,شعل,أَفْعَلَ,إحداث الحريق بالشرارة,MAPPED,,15
17515,276,هَزَّ,فعل,هزز,فَعَّلَ,إحداث حركة جانبية ذهاباً وإياباً,MAPPED,,15
17516,276,دَحْرَجَ,فعل,درج,فَعْلَلَ,إحداث حركة بالانقلاب المتكرر,MAPPED,,15
17517,276,لَوَّحَ,فعل,لوح,فَعَّلَ,حركة ذهاباً وإياباً مع البقاء متصلاً,MAPPED,,15
17671,283,اِشْتَعَلَ,فعل,شعل,اِفْتَعَلَ,الاشتعال والاحتراق,MAPPED,,15
18205,276,أَرْجَحَ,فعل,رجح,أَفْعَلَ,إلقاء والتقاط بمهارة متكررة,MAPPED,,15
18206,276,هَزَّ,فعل,هزز,فَعَّلَ,حركة صغيرة سريعة ذهاباً وإياباً,MAPPED,,15
18207,276,تَمَايَلَ,فعل,ميل,تَفَاعَلَ,حركة صغيرة ذهاباً وإياباً,MAPPED,,15
18323,274,اِبْتَعَدَ,فعل,بعد,اِفْتَعَلَ,البقاء بعيداً والامتناع عن شيء,MAPPED,,15
18411,283,أَشْعَلَ,فعل,شعل,أَفْعَلَ,إضرام النار والحريق,MAPPED,,15
18464,283,أَشْعَلَ,فعل,شعل,أَفْعَلَ,إشعال اللهب والنار,MAPPED,,15
18465,283,أَشْعَلَ,فعل,شعل,أَفْعَلَ,إشعال شيء بالنار,MAPPED,,15
18483,275,فَرَّ,فعل,فرر,فَعَّلَ,مغادرة المكان الأصلي تجنباً للمطاردة,MAPPED,,15
5293,288,خَوَّفَ,فعل,خوف,فَوَّلَ,إحداث شعور بالرعب والخوف في نفس شخص ما,MAPPED,,16
5295,288,عَذَّبَ,فعل,عذب,فَعَّلَ,إيذاء شخص بإزعاج أو سخرية قاسية,MAPPED,,16
5314,289,أَطْلَقَ,فعل,طلق,أَفْعَلَ,إطلاق جسم بقوة من جهاز أو سلاح,MAPPED,,16
5315,290,أَطْلَقَ,فعل,طلق,أَفْعَلَ,جعل السلاح الناري يُطلق النار,MAPPED,,16
5328,293,أَيْقَظَ,فعل,يقظ,أَفْعَلَ,إخراج شخص من النوم بقصد,MAPPED,,16
5329,293,اسْتَيْقَظَ,فعل,يقظ,اسْتَفْعَلَ,الخروج من النوم أو إجبار شخص على الخروج منه,MAPPED,,16
5331,293,اسْتَيْقَظَ,فعل,يقظ,اسْتَفْعَلَ,التوقف عن النوم والخروج منه,MAPPED,,16
5332,293,أَيْقَظَ,فعل,يقظ,أَفْعَلَ,إخراج شخص من النوم بسرعة,MAPPED,,16
5333,293,نَهَضَ,فعل,نهض,فَعَلَ,القيام من السرير بعد النوم,MAPPED,,16
5341,297,حَكَمَ عَلَيْهِ,تركيب,,,إصدار حكم بالعقوبة على المتهم,MAPPED,,16
5342,297,حُكْمٌ قَضَائِيٌّ,تركيب,,,العقوبة المفروضة على المدان من قبل المحكمة,MAPPED,,16
5375,295,أَفَاقَ,فعل,أفق,فَعَلَ,العودة للوعي والإدراك,MAPPED,,16
5463,300,مَأْزَقٌ,اسم جامد,زيق,فَعْلَةٌ,موقف صعب وحرج غير مرغوب فيه,MAPPED,,16
5464,300,مَشْكِلَةٌ,اسم جامد,شكل,مَفْعِلَةٌ,موقف محرج وصعب يحتاج حلاً,MAPPED,,16
5465,300,ضِيقٌ,اسم جامد,ضيق,فِعْلٌ,حالة صعبة وضيقة,MAPPED,,16
5466,300,مَأْزَقٌ,اسم جامد,زيق,فَعْلَةٌ,حالة صعبة وحرجة تحتاج حلاً,MAPPED,,16
5467,300,مَأْزَقٌ,اسم جامد,زيق,فَعْلَةٌ,موقف صعب ومعقد,MAPPED,,16
5468,300,حَرْجٌ,اسم جامد,حرج,فَعْلٌ,موقف صعب أو محرج بشكل غير رسمي,MAPPED,,16
5469,300,مَأْزَقٌ,اسم جامد,زيق,فَعْلَةٌ,موقف حرج وصعب بشكل غير رسمي,MAPPED,,16
5470,300,فَوْضَىٌ,اسم جامد,فوض,فَعْلَىٌ,وضع مربك ومعقد وغير منتظم,MAPPED,,16
5484,301,عَمَّدَ,فعل,عمد,فَعَّلَ,تعميد شخص بتيه الماء كفعل ديني مسيحي,MAPPED,,16
5485,301,التَّعْمِيدُ,مصدر,عمد,التَّفْعِيلُ,طقس ديني مسيحي رش الماء على الشخص,MAPPED,,16
5486,301,قُدَّاسٌ,اسم جامد,قدس,فُعَّالٌ,الطقس المسيحي الذي يتذكر فيه آخر عشاء,MAPPED,,16
5487,301,التَّثْبِيتُ,مصدر,ثبت,التَّفْعِيلُ,طقس ديني مسيحي لتأكيد إيمان المعمد,MAPPED,,16
5488,301,دَعَا,فعل,دعو,فَعَلَ,توجيه دعاء إلى الله أو إله آخر,MAPPED,,16
5489,301,دُعَاءٌ,اسم جامد,دعو,فُعَالٌ,طلب متضرع إلى الله أو إله آخر,MAPPED,,16
5490,301,قُدَّاسٌ,اسم جامد,قدس,فُعَّالٌ,الطقس المسيحي للإفخارستيا والعشاء الأخير,MAPPED,,16
5491,301,الشُّركَةُ,اسم جامد,شرك,الْفُعْلَةُ,طقس ديني مسيحي شرب الخمر وأكل الخبز,MAPPED,,16
5492,301,بَارَكَ,فعل,برك,فَاعَلَ,استدعاء البركة الإلهية على شيء أو شخص,MAPPED,,16
5493,301,بَرَكَةٌ,اسم جامد,برك,فَعَلَةٌ,دعاء يستدعي رحمة الله وحمايته,MAPPED,,16
5494,301,قَدَّسَ,فعل,قدس,فَعَّلَ,جعل شيء مقدساً ومحترماً دينياً,MAPPED,,16
5495,301,الدَّهْنُ,اسم جامد,دهن,الْفَعْلُ,فرك أو تطبيق الزيت كفعل ديني,MAPPED,,16
5496,301,دَهْنٌ مُقَدَّسٌ,تركيب,,,عملية تطبيق الزيت المقدس طقسياً,MAPPED,,16
5497,301,الطَّقْسُ,اسم جامد,طقس,الْفَعْلُ,احتفال ديني يتبع نظام معين,MAPPED,,16
5498,301,الْحَفْلُ,اسم جامد,حفل,الْفَعْلُ,احتفال ديني يتم وفقاً لترتيب معين,MAPPED,,16
5499,301,أَقَرَّ,فعل,قرر,أَفْعَلَ,منح حكم ديني مسيحي للمعمد بتثبيت إيمانه,MAPPED,,16
5500,301,ختَنَ,فعل,ختن,فَعَلَ,قطع جزء من الجسد كفعل ديني يهودي أو إسلامي,MAPPED,,16
5501,301,الْخِتَانُ,مصدر,ختن,الْفِعَالُ,ممارسة أو عملية قطع جزء من الجسد دينياً,MAPPED,,16
5502,301,خِدْمَةٌ دِينِيَّةٌ,تركيب,,,احتفال ديني وعبادة وفقاً لشكل محدد,MAPPED,,16
5504,301,تَنْصِيبٌ دِينِيٌّ,تركيب,,,تعيين شخص لمنصب ديني مسيحي عالي,MAPPED,,16
5505,301,الْإِنَاطَةُ,مصدر,ناط,الإِفْعَالُ,منح منصب ديني مسيحي عالي,MAPPED,,16
5510,301,اعْتِرَافٌ,مصدر,عرف,افْتِعَالٌ,إقرار رسمي بالذنوب أمام كاهن مسيحي,MAPPED,,16
5511,304,نَاسٌ,اسم جامد,نيس,فَاعٌ,البشر بشكل عام أو مجموعة منهم,MAPPED,,16
5512,304,إِنْسَانٌ,اسم جامد,نسي,إِفْعَالٌ,فرد من البشر يُعتبر كوحدة منفصلة,MAPPED,,16
5518,304,وَاحِدٌ,اسم جامد,وحد,فَاعِلٌ,واحد أو فرد واحد,MAPPED,,16
5520,304,رَجُلٌ,اسم جامد,رجل,فَعُلٌ,رجل أو ذكر بالغ من البشر,MAPPED,,16
5521,304,شَابٌّ,صفة مشبهة,شيب,فَاعِلٌ,رجل شاب أو صبي,MAPPED,,16
5525,304,سَيِّدَةٌ,اسم جامد,سيد,فَيْعِلَةٌ,امرأة بالغة من البشر,MAPPED,,16
5526,304,رَجُلٌ,اسم جامد,رجل,فَعُلٌ,ذكر بالغ من البشر,MAPPED,,16
5527,304,امْرَأَةٌ,اسم جامد,رأي,افْعَالٌ,أنثى بالغة من البشر,MAPPED,,16
5528,304,رَجُلٌ,اسم جامد,رجل,فَعُلٌ,رجل أو ذكر من البشر,MAPPED,,16
5532,305,رَفِيقٌ,صفة مشبهة,رفق,فَعِيلٌ,صديق مقرب يخاطب باحترام ودية,MAPPED,,16
5533,305,سَيِّدِي,اسم جامد,سيد,فَيْعِلِي,تحية احترام موجهة لرجل,MAPPED,,16
5534,305,سَيِّدَتِي,اسم جامد,سيد,فَيْعِلَتِي,تحية احترام موجهة لامرأة,MAPPED,,16
5535,305,صَاحِبِي,اسم فاعل,صحب,فَاعِلِي,تحية ودية موجهة لصديق,MAPPED,,16
5536,305,يَا صَغِيرِي,تركيب,,,خطاب موجه لطفل أو شخص صغير,MAPPED,,16
5537,305,يَا شَابُّ,تركيب,,,خطاب موجه لشخص شاب,MAPPED,,16
5538,305,يَا فَتًى,تركيب,,,نداء قاسٍ أو عدواني لرجل شاب,MAPPED,,16
5539,301,عَمَّدَ,فعل,عمد,فَعَّلَ,إجراء طقس العماذ على الشخص,MAPPED,,16
5540,305,يَا رَجُلُ,تركيب,,,نداء موجه لأي رجل,MAPPED,,16
5541,305,آنِسَةٌ,اسم جامد,أنس,فَاعِلَةٌ,تحية رسمية موجهة لموظفة امرأة,MAPPED,,16
5542,305,أَخِي,اسم جامد,أخو,فَعِيلِي,تحية ودية وصديقية,MAPPED,,16
5543,305,صَاحِبِي,اسم فاعل,صحب,فَاعِلِي,تحية غير رسمية موجهة لرجل,MAPPED,,16
5547,304,سَيِّدٌ,اسم جامد,سيد,فَيْعِلٌ,رجل محترم ومهذب بشكل رسمي,MAPPED,,16
5554,307,مُرْتَبِطٌ,اسم مفعول,ربط,مُفْتَعِلٌ,حالة كون الشيء مثبتاً ومرتبطاً,MAPPED,,16
5555,307,مُرْبَوطٌ,اسم مفعول,ربط,مُفْعَولٌ,مثبت بحبل أو وسيلة ربط,MAPPED,,16
5556,307,مُحْكَمٌ بِمِسْمَارٍ,تركيب,,,مثبت بإحكام بمسمار,MAPPED,,16
5557,307,مُلْصَقٌ بِالْغِرَاءِ,تركيب,,,ملتصق بالصمغ والمادة اللاصقة,MAPPED,,16
5558,307,مُلْصَقٌ,اسم مفعول,لصق,مُفْعَلٌ,مثبت مباشرة على شيء آخر,MAPPED,,16
5559,307,مُرْسٍ بِإِحْكَامٍ,تركيب,,,مثبت بإحكام شديد في موضعه,MAPPED,,16
5560,307,مَرْبُوطٌ,اسم مفعول,ربط,مَفْعُولٌ,مثبت ومشدود بحبل أو رابط,MAPPED,,16
5561,307,مُقَيَّدٌ بِسِلْسِلَةٍ,تركيب,,,متصل بسلسلة معدنية,MAPPED,,16
5562,307,مُثَبَّتٌ,اسم مفعول,ثبت,مُفَعَّلٌ,محكم التثبيت والربط,MAPPED,,16
5563,307,مُنْصَهِرٌ,اسم مفعول,نصهر,مُفْتَعِلٌ,متحد مع شيء آخر بالانصهار,MAPPED,,16
5564,307,مُقَيَّدٌ بِالْأَغْلَالِ,تركيب,,,مثبت والقيد بالأساور المعدنية,MAPPED,,16
5565,307,مَرْبُوطٌ بِحَبْلٍ,تركيب,,,مثبت ومقيد بحبل أو حزام,MAPPED,,16
5566,307,مَقْيُودٌ,اسم مفعول,قيد,مَفْعُولٌ,مثبت مع شيء آخر,MAPPED,,16
5567,307,مِسْمَارٌ,اسم جامد,سمر,فِعْلَالٌ,مثبت بالمسامير,MAPPED,,16
5568,307,مُلْصَقٌ بِالصَّمْغِ,تركيب,,,مثبت بمادة اللصق والصمغ,MAPPED,,16
5569,307,مُثَبَّتٌ بِدَبُّوسٍ,تركيب,,,مثبت بإبرة أو دبوس,MAPPED,,16
5570,307,مَرْبُوطٌ بِمِسْمَارٍ,تركيب,,,مثبت بمسمار حديدي,MAPPED,,16
5571,307,مِشْدَادٌ,اسم جامد,شدد,فِعْلَالٌ,مثبت بربط محكم,MAPPED,,16
5572,307,مَخْيُوطٌ,اسم مفعول,خيط,مَفْعُولٌ,مثبت بخيط وإبرة,MAPPED,,16
5573,307,مُقَيَّدٌ بِالْأَغْلَالِ,تركيب,,,مثبت بالأغلال المعدنية,MAPPED,,16
5574,307,مُدَبَّسٌ,اسم مفعول,دبس,مُفَعَّلٌ,مثبت بالدبابس المعدنية,MAPPED,,16
5575,307,مُلْصَقٌ,اسم مفعول,لصق,مُفْعَلٌ,ملتصق بإحكام,MAPPED,,16
5577,307,مَرْبُوطٌ بِحَبْلٍ,تركيب,,,مثبت بحبل التثبيت,MAPPED,,16
5578,307,مُلْحَوْمٌ,اسم مفعول,لحم,مُفْعَولٌ,ملحوم بالحرارة,MAPPED,,16
5579,306,الْتَحَمَ,فعل,حمم,افْتَعَلَ,التصق بإحكام ليشكل كتلة واحدة,MAPPED,,16
5580,306,رَبَطَ,فعل,ربط,فَعَلَ,تثبيت شيء بحبل أو وسيلة ربط,MAPPED,,16
5581,306,ثَبَّتَ,فعل,ثبت,فَعَّلَ,جعل شيء ثابتاً ومحكماً,MAPPED,,16
5582,306,رَبَطَ,فعل,ربط,فَعَلَ,تثبيت قارب بحبل أو رابط شاطئي,MAPPED,,16
5583,301,السِّرُّ,اسم جامد,سرر,الْفِعْلُ,فعل ديني يمنح النعمة الإلهية,MAPPED,,16
5584,301,نَصَّبَ,فعل,نصب,فَعَّلَ,منح منصب ديني وسلطة كنسية,MAPPED,,16
5585,308,احْتَجَّ,فعل,حجج,افْتَعَلَ,تقديم حجج وأدلة لدعم موقف,MAPPED,,16
5586,308,أَثْبَتَ,فعل,ثبت,أَفْعَلَ,إظهار صحة شيء بالبرهان والدليل,MAPPED,,16
5587,308,فَكَّرَ,فعل,فكر,فَعَّلَ,التفكير المنطقي في قضية ما,MAPPED,,16
5588,308,أَظْهَرَ,فعل,ظهر,أَفْعَلَ,إظهار صحة أو وجود شيء بوضوح,MAPPED,,16
5589,308,أَظْهَرَ,فعل,ظهر,أَفْعَلَ,إثبات أو توضيح قضية,MAPPED,,16
5590,308,نَفَى,فعل,نفي,فَعَلَ,إثبات كذب قضية بالحجة والمنطق,MAPPED,,16
5591,308,حُجَّةٌ,اسم جامد,حجج,فُعْلَةٌ,مجموعة أسباب وأدلة تدعم موقفاً,MAPPED,,16
5594,308,جَدَلٌ,اسم جامد,جدل,فَعَلٌ,نقد حاد وهجوم لفظي قوي,MAPPED,,16
5597,308,حَالَةٌ,اسم جامد,حول,فَاعِلَةٌ,مجموعة حقائق أو حجج تدعم موقفاً,MAPPED,,16
5600,304,فَتَاةٌ,اسم جامد,فتي,فَعَالَةٌ,أنثى صغيرة من البشر,MAPPED,,16
5602,309,نَقَعَ,فعل,نقع,فَعَلَ,تغطيس شيء في ماء ليبتل تماماً,MAPPED,,16
5603,309,نَقَعَ,فعل,نقع,فَعَلَ,جعل شيء مشبعاً بالماء بالكامل,MAPPED,,16
5604,309,بَلَّلَ,فعل,بلل,فَعَّلَ,تغطية أو ملامسة شيء بسائل,MAPPED,,16
5607,310,مَتَوَفًّى,اسم مفعول,وفي,مَفْعُولٌ,توفي منذ وقت قريب,MAPPED,,16
5609,310,بِلَا حَيَاةٍ,تركيب,,,فاقد للحياة تماماً,MAPPED,,16
5612,299,وَشْمٌ,اسم جامد,وشم,فَعْلٌ,نقش دائم في الجلد بإدخال صبغة,MAPPED,,16
5613,299,,اسم جامد,,,,NO_ARABIC_EQUIVALENT,لا توجد كلمة معادلة مشهورة عربية,16
5614,299,الْكُحْلُ,اسم جامد,كحل,الْفُعْلُ,مستحضر تجميل لتغطية الرموش والتدكين,MAPPED,,16
5615,299,كُحْلٌ لِلْعُيُونِ,تركيب,,,خط تجميلي حول العينين,MAPPED,,16
5616,299,الْأَحْمَرُ,صفة مشبهة,حمر,الْفِعْلُ,مسحوق أحمر أو كريم لتلوين الخدود,MAPPED,,16
5617,299,أَحْمَرَةٌ,اسم جامد,حمر,أَفْعَلَةٌ,مستحضر تجميل لإعطاء لون وردي للخدود,MAPPED,,16
5618,299,الإِخْفَاءُ,مصدر,خفي,الإِفْعَالُ,مستحضر تجميل لتغطية العيوب والبثور,MAPPED,,16
5619,299,أَحْمَرُ الشِّفَاهِ,تركيب,,,مستحضر تجميل ملون للشفاه,MAPPED,,16
5620,299,الْأَسَاسُ,اسم جامد,سيس,الْفَعَالُ,مستحضر كريمي يطبق تحت المكياج,MAPPED,,16
5621,299,ظِلُّ العُيُونِ,تركيب,,,مستحضر تجميل ملون على الجفون,MAPPED,,16
5622,299,الْكُحْلُ,اسم جامد,كحل,الْفُعْلُ,مسحوق أسود تقليدي للعين كمكياج,MAPPED,,16
5643,310,مَيِّتٌ,صفة مشبهة,موت,فَيْعِلٌ,لا يحمل الحياة ضم الموت,MAPPED,,16
5644,310,حَيٌّ,صفة مشبهة,حيي,فَعِيلٌ,يمتلك حياة بيولوجية نشطة,MAPPED,,16
5646,310,أَشْبَاحٌ,اسم جامد,شبح,أَفْعَالٌ,تقنياً ميت لكن لا يزال متحركاً,MAPPED,,16
5647,310,أَشْبَاحٌ,اسم جامد,شبح,أَفْعَالٌ,كائنات ميتة تبدو حية,MAPPED,,16
5648,310,شَبَحٌ,اسم جامد,شبح,فَعَلٌ,كائن ميت من الناحية التقنية لكنه متحرك,MAPPED,,16
5659,290,أَطْلَقَ النَّارَ,تركيب,,,تشغيل السلاح الناري بإطلاق رصاصة,MAPPED,,16
5664,289,أَطْلَقَ النَّارَ,تركيب,,,إطلاق الرصاص من السلاح,MAPPED,,16
5665,289,أَطْلَقَ الرَّصَاصَ,تركيب,,,إطلاق الرصاص من السلاح في اتجاه معين,MAPPED,,16
5666,290,أَطْلَقَ الرَّصَاصَ,تركيب,,,تفريغ السلاح الناري من الذخيرة,MAPPED,,16
5667,289,أَطْلَقَ,فعل,طلق,أَفْعَلَ,إطلاق قذيفة أو رصاصة من جهاز إطلاق,MAPPED,,16
5670,292,غَايَبَ الْوَعْيَ,فعل,وعي,فَاعَلَ,فقدان الوعي العميق بالنوم,MAPPED,,16
5671,304,فَرْدٌ,اسم جامد,فرد,فَعْلٌ,إنسان واحد يُعتبر وحدة منفصلة,MAPPED,,16
5688,303,عَاصِفٌ,صفة مشبهة,عصف,فَاعِلٌ,متأثر أو مضطرب بعاصفة,MAPPED,,16
5689,303,مُثْلِجٌ,صفة مشبهة,ثلج,مُفْعِلٌ,مغطى بالثلج أو يبدو كالثلج,MAPPED,,16
5690,303,عَاصِفَةُ ثَلْجٍ,تركيب,,,عاصفة عنيفة مع تساقط ثلج كثيف ورياح عالية,MAPPED,,16
5691,303,عَاصِفَةٌ,اسم جامد,عصف,فَاعِلَةٌ,اضطراب عنيف للجو برياح وأمطار ورعد,MAPPED,,16
5692,303,عَصَفَتْ,فعل,عصف,فَعَلَ,حدثت عاصفة شديدة,MAPPED,,16
5693,303,عَاصِفَةُ بَرَدٍ,تركيب,,,عاصفة تحتوي على حبات برد كبيرة وريح,MAPPED,,16
5694,303,عَاصِفَةُ مَطَرٍ,تركيب,,,عاصفة مع هطول أمطار غزيرة وشديدة,MAPPED,,16
5695,303,عَاصِفَةُ ثَلْجٍ,تركيب,,,تساقط ثلج كثيف مع رياح عالية جداً,MAPPED,,16
5696,303,طَقْسٌ,اسم جامد,طقس,فَعْلٌ,حالة الجو والمناخ في مكان وزمان معينين,MAPPED,,16
5759,307,,,,,,NO_ARABIC_EQUIVALENT,غير معيَّن,16
5850,309,شَبَّعَ,فعل,شبع,فَعَّلَ,تشريب الشيء السائل بالكامل,MAPPED,,16
5851,309,صَبَّ عَلَيْهِ,تركيب,,,صب السائل على الشيء بكثرة,MAPPED,,16
5852,309,غَطَّسَ,فعل,غطس,فَعَّلَ,تغطيس الشيء كاملاً في السائل,MAPPED,,16
5853,309,رَطَّبَ,فعل,رطب,فَعَّلَ,جعل الشيء رطباً قليلاً,MAPPED,,16
5854,309,رَشَّ عَلَيْهِ,تركيب,,,رش السائل على الشيء برفق,MAPPED,,16
5924,309,رَطَّبَ الْهَوَاءَ,تركيب,,,زيادة الرطوبة في الهواء,MAPPED,,16
6236,301,تَسْمِيَةٌ مَقْدَسَةٌ,تركيب,,,طقس إعطاء الاسم المقدس في حفل التعميد,MAPPED,,16
6238,301,التَّقْدِيسُ,مصدر,قدس,التَّفْعِيلُ,الطقس الديني الذي يجعل الشيء مقدساً,MAPPED,,16
6240,301,الْبَلُوغُ الدِّينِيُّ,تركيب,,,طقس ديني يهودي يحتفل ببلوغ الصبي سن الثالثة عشرة,MAPPED,,16
6472,301,الْقُرْبَانُ,اسم جامد,قرب,الْفُعْلَانُ,فعل ديني قتل حيوان كقربان للإله,MAPPED,,16
6474,301,الِابْتِدَاءُ,مصدر,بدأ,الِافْتِعَالُ,طقس دخول رسمي إلى جماعة بطقس معين,MAPPED,,16
6477,301,أَدْخَلَ رَسْمِيّاً,تركيب,,,إدراج شخص في مجموعة أو جماعة بطقس معين,MAPPED,,16
6926,295,اسْتَيْقَظَ,فعل,يقظ,اسْتَفْعَلَ,التوقف عن النوم والوعي بالمحيط,MAPPED,,16
6927,295,اسْتَيْقَظَ,فعل,يقظ,اسْتَفْعَلَ,الخروج من حالة النوم,MAPPED,,16
6928,295,اسْتَيْقَظَ,فعل,يقظ,اسْتَفْعَلَ,الاستيقاظ من النوم والخروج منه,MAPPED,,16
6936,307,مُلْصَقٌ بِالشَّرِيطِ,تركيب,,,مثبت بشريط الالتصاق,MAPPED,,16
6971,307,مُغَطًّى بِقُوَّةٍ,تركيب,,,مثبت ومغطى بإحكام,MAPPED,,16
7215,301,مَرْحَلَةٌ حَتْمِيَّةٌ,تركيب,,,طقس أو حفل يحتفل ببداية مرحلة جديدة من الحياة,MAPPED,,16
7216,310,الْمَوْتَىٰ,اسم جامد,موت,الْفَعْلَىٰ,البشر الذين توفوا وليسوا أحياء,MAPPED,,16
7220,304,رَجُلٌ,اسم جامد,رجل,فَعُلٌ,رجل أو ذكر من البشر,MAPPED,,16
7344,288,سَلَّى,فعل,سلو,فَعَّلَ,تقديم الاستمتاع والتسلية للآخرين,MAPPED,,16
7353,292,فَقَدَ الْوَعْيَ,تركيب,,,فقدان الوعي المفاجئ,MAPPED,,16
7354,300,بَلِيَّةٌ,اسم جامد,بلي,فَعِيلَةٌ,حالة خطرة وصعبة جداً,MAPPED,,16
7355,300,نَكْبَةٌ,اسم جامد,نكب,فَعْلَةٌ,حدث مؤسف وسيء,MAPPED,,16
7356,300,مُشْكِلَةٌ,اسم جامد,شكل,مُفْعِلَةٌ,أمر غير مرغوب يحتاج معالجة,MAPPED,,16
7357,300,عَنَاءٌ,اسم جامد,عني,فَعَالٌ,حالة صعبة ومشكلة,MAPPED,,16
7363,296,الْمُدَاوَلَةُ,اسم جامد,دول,الْمُفَاعَلَةُ,نقاش هيئة المحلفين للقضية والعقوبة,MAPPED,,16
7825,306,عَلِقَ,فعل,علق,فَعِلَ,التصق شيء بآخر,MAPPED,,16
8007,296,تَدَاوَلَ,فعل,دول,تَفَاعَلَ,نقاش هيئة المحلفين بعناية للوصول للحكم,MAPPED,,16
8700,297,أَلْزَمَ,فعل,لزم,أَفْعَلَ,فرض دفع مال أو قضاء مدة في السجن,MAPPED,,16
9082,292,نَعَسَ,فعل,نعس,فَعَلَ,الدخول في نوم خفيف نتيجة الإرهاق,MAPPED,,16
9130,295,اسْتَيْقَظَ وَقَامَ,تركيب,,,الاستيقاظ من النوم والنهوض من الفراش,MAPPED,,16
9196,306,تَمَسَّكَ,فعل,مسك,تَفَعَّلَ,إمساك قوي بشيء والتمسك به,MAPPED,,16
10220,301,صَلَوَاتُ الْمَسَاءِ,تركيب,,,صلاة كنسية مسيحية في المساء مع ترانيم,MAPPED,,16
10524,297,سَجَنَ,فعل,سجن,فَعَلَ,إرسال إلى السجن كعقوبة قضائية,MAPPED,,16
10914,301,الْعِبَادَةُ,مصدر,عبد,الْفِعَالَةُ,طقوس دينية وحفلات احتفالية مقدسة,MAPPED,,16
11370,306,لَصِقَ,فعل,لصق,فَعِلَ,التصق شيء بآخر,MAPPED,,16
11728,289,إِطْلَاقٌ,مصدر,طلق,إِفْعَالٌ,فعل إطلاق شيء من جهاز معين,MAPPED,,16
11740,304,إِنْسَانٌ,اسم جامد,نسي,إِفْعَالٌ,كائن بشري من نوع هومو سابينس,MAPPED,,16
11741,304,كَائِنٌ بَشَرِيٌّ,تركيب,,,رجل أو امرأة أو طفل من البشر,MAPPED,,16
12084,309,رَوَّى,فعل,روي,فَعَّلَ,جعل الشيء يمتص الماء,MAPPED,,16
12085,309,رَطَّبَ الْجِلْدَ,تركيب,,,جعل الجلد أقل جفافاً برطوبة,MAPPED,,16
12086,309,امْتَصَّ,فعل,مصص,افْتَعَلَ,امتصاص السائل بسرعة,MAPPED,,16
12087,288,أَضْحَكَ,فعل,ضحك,أَفْعَلَ,جعل شخصاً يشعر بالفرح والضحك,MAPPED,,16
12088,288,أَلْهَى,فعل,لهو,أَفْعَلَ,تحويل اهتمام شخص عن شيء آخر,MAPPED,,16
12099,295,عَادَ إِلَى الْوَعْيِ,تركيب,,,استعادة الوعي بعد الفقدان,MAPPED,,16
12699,307,اِلْتَصَقَ,فعل,لصق,افْتَعَلَ,الالتصاق بشيء آخر,MAPPED,,16
12700,307,الِالْتِصَاقُ,مصدر,لصق,الِافْتِعَالُ,حالة الالتصاق والالتحام,MAPPED,,16
12771,310,حَيٌّ,صفة مشبهة,حيي,فَعِيلٌ,يمتلك حياة ويتحرك,MAPPED,,16
13292,301,صَلَوَاتٌ مَسَائِيَّةٌ,تركيب,,,صلوات دينية مسائية في الكنيسة المسيحية,MAPPED,,16
13476,303,عَاصِفَةٌ رَعْدِيَّةٌ,تركيب,,,عاصفة تحتوي على رعد وبرق وأمطار غزيرة,MAPPED,,16
13480,308,إِظْهَارٌ,مصدر,ظهر,إِفْعَالٌ,فعل توضيح وإثبات قضية,MAPPED,,16
13515,301,قَرَّبَ,فعل,قرب,فَعَّلَ,تقديم قربان أو ذبيحة للإله,MAPPED,,16
13664,307,مُتَّصِلٌ,اسم فاعل,وصل,مُتَفَعِّلٌ,مرتبط ومتصل بشيء آخر,MAPPED,,16
13665,307,مُرْتَبِطٌ,اسم مفعول,ربط,مُفْتَعِلٌ,متصل بوسيلة ربط,MAPPED,,16
13787,297,أَدَانَ,فعل,دين,أَفْعَلَ,إصدار حكم بالعقوبة والإدانة,MAPPED,,16
13818,303,مُنَاخٌ,اسم جامد,ناخ,مُفْعَالٌ,الحالة المناخية العامة لمنطقة جغرافية معينة,MAPPED,,16
13834,303,,,,,,NO_ARABIC_EQUIVALENT,غير معيَّن,16
13914,310,جَمَادٌ,اسم جامد,جمد,فَعَالٌ,غير حي أو خامل,MAPPED,,16
14208,303,أَشِعَّةُ شَمْسٍ,تركيب,,,ضوء الشمس الصافي بدون غيوم تحجبها,MAPPED,,16
14631,304,أَقْوَامٌ,اسم جامد,قوم,أَفْعَالٌ,مجموعة من الناس والبشر,MAPPED,,16
15171,301,نَصَّبَ,فعل,نصب,فَعَّلَ,تعيين شخص في منصب ديني (عتيق),MAPPED,,16
15347,301,حَفْلَةٌ احْتِفَالِيَّةٌ,تركيب,,,موكب وحفل احتفالي ديني,MAPPED,,16
15351,303,طَقْسٌ صَحْوٌ,تركيب,,,طقس صاف وجميل بدون أمطار أو غيوم,MAPPED,,16
15498,292,فَقَدَ الْوَعْيَ,تركيب,,,فقدان الوعي المفاجئ,MAPPED,,16
15499,292,أُغْمِيَ عَلَيْهِ,تركيب,,,فقدان الوعي نتيجة صدمة عاطفية,MAPPED,,16
15500,292,نَعَسَ,فعل,نعس,فَعَلَ,الدخول في نوم خفيف كنتيجة الإرهاق,MAPPED,,16
15501,292,نَامَ عَمِيقاً,تركيب,,,الدخول في نوم عميق وسريع,MAPPED,,16
15502,292,نَامَ تَدْرِيجِيّاً,تركيب,,,الدخول التدريجي والبطيء إلى النوم,MAPPED,,16
15503,295,اسْتَعَادَ الْوَعْيَ بِصُعُوبَةٍ,تركيب,,,عودة الوعي بعناء وصعوبة,MAPPED,,16
15532,305,يَا,حرف,يا,فَاءٌ,صيغة نداء جذب الانتباه,MAPPED,,16
15533,305,أَهْلًا وَسَهْلًا,تركيب,,,تحية غير رسمية للترحيب,MAPPED,,16
15534,305,مَعْ الْعُذْرِ,تركيب,,,تحية رسمية قبل سؤال أو طلب,MAPPED,,16
15796,305,آهِ,مبني,,,,MAPPED,تعجب وصرخة لجذب الانتباه,16
16014,305,ضَابِطُ شُرْطَةٍ,تركيب,,,نداء رسمي موجه لضابط شرطة,MAPPED,,16
16350,310,عَاشَ,فعل,عيش,فَعَلَ,امتلاك حياة عضوية نشطة,MAPPED,,16
16364,304,حَيٌّ,صفة مشبهة,حيي,فَعِيلٌ,شخص حي أو كائن حي معين,MAPPED,,16
16365,310,حَيَاةٌ,اسم جامد,حيي,فَعَالَةٌ,حالة الكائن الحي والعمليات البيولوجية,MAPPED,,16
16411,310,الْمُتَوَفَّىٰ,اسم مفعول,وفي,الْمُفَتَعِّل,الشخص الذي توفي مؤخراً,MAPPED,,16
16526,304,شَخْصٌ,اسم جامد,شخص,فَعْلٌ,فرد واحد من البشر,MAPPED,,16
17068,289,نِيرَانٌ,اسم جامد,نار,فِعَالٌ,الرصاص المطلق من السلاح الناري,MAPPED,,16
17293,304,قَوْمٌ,اسم جامد,قوم,فَعْلٌ,مجموعة عامة أو محددة من الناس,MAPPED,,16
17300,308,تَعْلِيلٌ,مصدر,علل,تَفْعِيلٌ,تقديم تفسير أو سبب منطقي لشيء,MAPPED,,16
18193,310,,اسم جامد,,,,NO_ARABIC_EQUIVALENT,لا توجد كلمة عربية معادلة,16
18441,304,,,مبني,,,NO_ARABIC_EQUIVALENT,,16
18518,290,طَلْقَةٌ,اسم جامد,طلق,فَعْلَةٌ,مرة واحدة من إطلاق السلاح الناري,MAPPED,,16
18615,304,شَخْصٌ مَا,تركيب,,,فرد واحد غير محدد من البشر,MAPPED,,16
18616,304,شَخْصٌ مَا,تركيب,,,فرد واحد من البشر بدون تحديد,MAPPED,,16
18617,304,شَخْصِيَّةٌ,اسم جامد,شخص,فَعْلِيَّةٌ,فرد بارز أو شخص مهم من الناس,MAPPED,,16
18618,304,شَخْصٌ,اسم جامد,شخص,فَعْلٌ,رجل أو فرد من البشر,MAPPED,,16
18619,304,طَبِيعَةٌ,اسم جامد,طبع,فَعِيلَةٌ,مجموع السمات والخصائص التي تشكل فردية الشخص,MAPPED,,16
5623,311,خَدَشَ,فعل,خدش,فَعَلَ,لَمْسٌ خَفِيفٌ عَابِرٌ يُحْدِثُ خَدْشًا,MAPPED,,17
5624,311,مائِل,صفة مشبهة,ميل,فاعِل,ضَرْبَةٌ تَنْحَرِفُ عَنْ الخَطّ المُستقيم,MAPPED,,17
5625,311,اصْطَدَمَ,فعل,صدم,اِفْتَعَلَ,لِقاءٌ قَوِيٌّ مُفاجِئٌ بَيْنَ جِسْمَيْن,MAPPED,,17
5626,311,ضَرَبَ,فعل,ضرب,فَعَلَ,اِتِّصالٌ قَوِيٌّ بَيْنَ جِسْمٍ متحرّك وآخر ساكِن,MAPPED,,17
5627,311,اندَفَعَ,فعل,دفع,اِنْفَعَلَ,حَرَكَةٌ سَرِيعَةٌ نَحْوَ شَيْءٍ بِهَدَفِ الاِصْطِدام,MAPPED,,17
5628,311,لَطَمَ,فعل,لطم,فَعَلَ,ضَرْبَةٌ حادَّةٌ بِقُوَّةٍ عَلَى الوَجْه,MAPPED,,17
5629,311,تَصَادَمَ,فعل,صدم,تَفَاعَلَ,اِصْطِدامٌ عَنِيفٌ بِعَائِقٍ أَوْ مَرْكَبَة,MAPPED,,17
5630,311,اصْطَدَمَ,فعل,صدم,اِفْتَعَلَ,اِصْطِدامٌ مُفاجِئٌ خَفِيفٌ بِشَيْءٍ,MAPPED,,17
5632,311,دَقَّ,فعل,دقق,فَعَّلَ,ضَرْبَةٌ قَوِيَّةٌ عَلَى سَطْحٍ تُحْدِثُ صَوْتًا,MAPPED,,17
5633,311,اندَفَعَ,فعل,دفع,اِنْفَعَلَ,حَرَكَةٌ سَرِيعَةٌ غَيْرُ مَسَيْطَرٍ عَلَيْها,MAPPED,,17
5634,311,صَدَمَ,فعل,صدم,فَعَلَ,ضَرْبَةٌ قَوِيَّةٌ مُزْعِجَةٌ غَيْرُ إرادِيَّة,MAPPED,,17
5635,311,تَصَادَمَ,فعل,صدم,تَفَاعَلَ,اِصْطِدامٌ غَيْرُ مَقْصُودٍ أَثْناءَ الحَرَكَة,MAPPED,,17
5636,311,تَصَادُم,مصدر,صدم,تَفَاعُل,حَادِثَةُ اِصْطِدامِ جِسْمَيْنِ بِبَعْضِهِما,MAPPED,,17
5637,311,حَطَّمَ,فعل,حطم,فَعَّلَ,ضَرْبَةٌ قَوِيَّةٌ تُسَبِّبُ تَكْسِيرًا,MAPPED,,17
5638,311,ضَرَبَ,فعل,ضرب,فَعَلَ,اِتِّصالٌ قَسْرِيٌّ بَيْنَ جِسْمَيْن,MAPPED,,17
5639,311,اصْطِدام,مصدر,صدم,اِفْتِعال,اِتِّصالٌ قَسْرِيٌّ بَيْنَ جِسْمٍ وآخَر,MAPPED,,17
5640,311,ضَرْبَة,اسم مرة,ضرب,فَعْلَة,حَادِثَةُ ضَرْبٍ أَوْ إصابَة,MAPPED,,17
5641,311,خَرَّ,فعل,خرر,فَعَّلَ,سُقُوطٌ ثَقِيلٌ مَسْحُوبٌ بِضَرْبَة,MAPPED,,17
5642,311,حَطْم,مصدر,حطم,فَعْل,حَادِثَةُ اِصْطِدامِ مُدَمِّرَة,MAPPED,,17
6838,311,دَقَّ,فعل,دقق,فَعَّلَ,حَرَكَةٌ مَصْحُوبَةٌ بِصَوْتٍ مِعْدَنِيّ,MAPPED,,17
6839,311,حَطَّمَ,فعل,حطم,فَعَّلَ,ضَرْبَةٌ تُحْدِثُ سَحْقًا أَوْ كَسْرًا,MAPPED,,17
6840,311,صَدَمَ,فعل,صدم,فَعَلَ,اِصْطِدامٌ قَسْرِيٌّ ثَقِيلٌ,MAPPED,,17
6841,311,سَقَطَ,فعل,سقط,فَعَلَ,سُقُوطٌ مِنْ أَعْلَى مَعَ ضَرْبَة,MAPPED,,17
6842,311,ضَرَبَ,فعل,ضرب,فَعَلَ,ضَرْبَةٌ مُفاجِئَةٌ بِقُوَّة,MAPPED,,17
6843,311,لَطَمَ,فعل,لطم,فَعَلَ,ضَرْبَةٌ عَلَى الوَجْهِ مَعَ صَوْت,MAPPED,,17
6855,311,لَكَمَ,فعل,لكم,فَعَلَ,ضَرْبَةٌ ثَقِيلَةٌ بِالقَبْضَة,MAPPED,,17
9751,311,طَرْطَقَ,فعل,طرق,فَعْلَلَ,اِحْتِكاكٌ متكرّر لِلأَسْنان مِنَ البَرْد,MAPPED,,17
9752,311,تَصَادَمَ,فعل,صدم,تَفَاعَلَ,ضَرْبَةٌ قَسْرِيَّةٌ عَنِيفَة,MAPPED,,17
9753,311,لَمَسَ,فعل,لمس,فَعَلَ,اِتِّصالٌ خَفِيفٌ قَصِيرٌ,MAPPED,,17
9754,311,خَفَقَ,فعل,خفق,فَعَلَ,أَصْوات طَرْقَاتٍ خَفِيفَةٍ متكرّرة,MAPPED,,17
9755,311,رَشّ,فعل,رشش,فَعَّ,ضَرْبَةٌ تُحْدِثُ رَشّاً مِنَ الماء,MAPPED,,17
9756,311,دَقَّ,فعل,دقق,فَعَّلَ,ضَرْبَاتٌ سَرِيعَةٌ عَلَى سَطْحٍ قَاسٍ,MAPPED,,17
9757,311,رَنّ,فعل,رنن,فَعَّ,سُقُوطٌ يُحْدِثُ صَوْتًا مَعْدِنِيًّا,MAPPED,,17
9758,311,صَرْصَرَ,فعل,صرر,فَعْلَلَ,أَصْوات مِنَ الاِصْطِدام بِتكرار,MAPPED,,17
9759,311,اصْطَدَمَ,فعل,صدم,اِفْتَعَلَ,لَمْسٌ خَفِيفٌ مُفاجِئ,MAPPED,,17
9760,311,فَرْقَعَ,فعل,فرق,فَعْلَلَ,اِصْطِدامٌ يُحْدِثُ صَفِيرًا خَفِيفًا,MAPPED,,17
9782,311,صَرْصَرَ,فعل,صرر,فَعْلَلَ,أَصْوات حادَّةٌ متكرّرة مِنْ ضَرْبات,MAPPED,,17
11007,311,لَمَسَ,فعل,لمس,فَعَلَ,اِتِّصالُ شَيْءٍ بِآخَر مُباشَرَة,MAPPED,,17
15103,311,خَدَشَ,فعل,خدش,فَعَلَ,لَمْسٌ خَفِيفٌ عَابِرٌ عَلَى سَطْح,MAPPED,,17
15599,311,طَرَقَ,فعل,طرق,فَعَلَ,ضَرْبَاتٌ مُسْمَعَةٌ بِقُوَّةٍ متوسِّطة,MAPPED,,17
18532,311,اصْطَدَمَ,فعل,صدم,اِفْتَعَلَ,اِصْطِدامٌ أَوْ ضَرْبَة,MAPPED,,17
5682,313,سَجْن,مصدر,سجن,فَعْل,حَبْسٌ قَبْلَ الحُكْمِ في القَضِيَّة,MAPPED,,17
5684,313,احْتَجَزَ,فعل,حجز,اِفْتَعَلَ,تَحْتَفِظُ السُّلُطَاتُ بِالشَّخْصِ,MAPPED,,17
5685,313,احْتَجَزَ,فعل,حجز,اِفْتَعَلَ,حَبْسُ شَخْصٍ بِسُلْطَةٍ رَسْمِيَّة,MAPPED,,17
5686,313,اعْتَقَلَ,فعل,عقل,اِفْتَعَلَ,حَبْسُ شَخْصٍ كَأَسِيرٍ,MAPPED,,17
5687,313,اعْتِقال,مصدر,عقل,اِفْتِعال,حَبْسٌ وَتَحْديدٌ لِحُرِّيَّة الحَرَكَة,MAPPED,,17
9360,313,هارِب,اسم فاعل,هرب,فاعِل,شَخْصٌ فَقَدَ وَلَمْ يُوقَفْ بَعْدُ,MAPPED,,17
18388,313,مَقْبُوض عليه,تركيب,,,شَخْصٌ تَمَّ القَبْضُ عَلَيْهِ رَسْمِيًّا,MAPPED,,17
5697,314,مَطَر,اسم جامد,مطر,,رُطُوبَةُ الجَوِّ تَسْقُطُ نُقَاطًا مُنْفَصِلَة,MAPPED,,17
5698,314,مَطَرَ,فعل,مطر,فَعَلَ,سُقُوطُ الماء مِنَ السَّماء,MAPPED,,17
5699,314,حَدَثُ مَطَر,تركيب,,,الحَدَثُ الكَامِلُ لِسُقُوطِ الأَمْطار,MAPPED,,17
5700,314,ثَلَجَ,فعل,ثلج,فَعَلَ,سُقُوطُ الثَّلْجِ مِنَ السَّماء,MAPPED,,17
5701,314,ثَلْج,اسم جامد,ثلج,,بُخارُ الماء المُتَجَمِّدُ نُزُولاً,MAPPED,,17
5702,314,تَسَاقُطُ ثَلْج,تركيب,,,حَدَثُ سُقُوطِ الثَّلْجِ,MAPPED,,17
5703,314,هُطولُ أَمْطار,تركيب,,,حَدَثُ سُقُوطِ الأَمْطار,MAPPED,,17
5704,314,رَذاذ,فعل,رذذ,فَعَّ,سُقُوطُ أَمْطارٍ خَفِيفَةٍ جِدًّا,MAPPED,,17
5705,314,رَذاذ,اسم جامد,رذذ,,أَمْطارٌ خَفِيفَةٌ جِدًّا دَقِيقَة,MAPPED,,17
5706,314,جَليد ممطِر,تركيب,,,سُقُوطُ الثَّلْجِ المَخْلُوطِ بِالماء,MAPPED,,17
5707,314,جَليد ممطِر,تركيب,,,ماءٌ ممطِرٌ مَخْلُوطٌ بِجَليد,MAPPED,,17
5708,314,غَيْثٌ شَدِيد,تركيب,,,سُقُوطٌ كَثِيفٌ مِنَ الأَمْطار,MAPPED,,17
5710,314,بَرَد,اسم جامد,برد,,حُبَيْباتُ ماءٍ مُتَجَمِّدَةٌ تَسْقُطُ,MAPPED,,17
5711,314,بَرَدَ,فعل,برد,فَعَلَ,سُقُوطُ البَرَدِ مِنَ السَّماء,MAPPED,,17
5712,314,هُطول,مصدر,هطل,فُعول,سُقُوطُ ماءٍ أَوْ جَليدٍ مِنَ السَّماء,MAPPED,,17
5713,314,حَدَثُ هُطول,تركيب,,,الحَدَثُ الكَامِلُ لِلْهُطول,MAPPED,,17
5714,314,وَابِل,اسم جامد,وبل,,سُقُوطٌ خَفِيفٌ مِنَ الأَمْطار أَوِ الثَّلْج,MAPPED,,17
5715,314,فَيِّض,مصدر,فيض,فَعِيل,تَيّارٌ قَوِيٌّ سَرِيعٌ مِنَ الماء,MAPPED,,17
5716,314,رَذّ,فعل,رذذ,فَعَّ,سُقُوطُ أَمْطارٍ خَفِيفَةٍ جِدًّا,MAPPED,,17
6876,314,غَزِير,صفة مشبهة,غزر,فاعِل,سُقُوطٌ كَثِيفٌ سَرِيعٌ كِالتَّيّار,MAPPED,,17
15054,314,رَذّ,فعل,رذذ,فَعَّ,هُطولٌ خَفِيفٌ قَصِيرُ المُدَّة,MAPPED,,17
18328,314,حَدَثُ ثَلْج,تركيب,,,الحَدَثُ الكَامِلُ لِسُقُوطِ الثَّلْج,MAPPED,,17
5749,316,تَشَكَّلَ,فعل,شكل,تَفَعَّلَ,نُشُوءُ الكَيانِ وتَطَوُّره,MAPPED,,17
5750,316,وُجِدَ,فعل,وجد,فُعِلَ,دُخُولُ الكَيانِ إِلَى الوُجود,MAPPED,,17
5751,316,ظَهَرَ,فعل,ظهر,فَعَلَ,دُخُولُ الكَيانِ إِلَى الوُجود,MAPPED,,17
5752,316,نَشَأَ,فعل,نشأ,فَعَلَ,بِدايَةُ وُجُودِ الكَيان,MAPPED,,17
5753,316,ظَهَرَ,فعل,ظهر,فَعَلَ,أَصْبَحَ ظاهِرًا تَدْرِيجِيًّا,MAPPED,,17
5754,316,أَخَذَ شَكْل,تركيب,,,بِدايَةُ تَحَقُّقِ الكِيانِ المُجَرَّد,MAPPED,,17
5756,316,نَمَا,فعل,نمو,فَعَلَ,بِدايَةُ وُجُودِ الكَيان,MAPPED,,17
5758,316,تَلاحَمَ,فعل,لحم,تَفَاعَلَ,اِتِّحادُ أَجْزاءٍ لِتَشْكِيلِ كُل,MAPPED,,17
5818,316,تَجَسَّدَ,فعل,جسد,تَفَعَّلَ,ظُهُورٌ مادِيّ لِكَيان,MAPPED,,17
6246,316,طَفِقَ,فعل,طفق,فَعِلَ,نُشُوءٌ مُفاجِئٌ لِلْكَيان,MAPPED,,17
7346,316,بَدَأَ في الوُجود,تركيب,,,بِدايَةُ الوُجود الفِعْلِيّ,MAPPED,,17
13978,316,تَطَوَّرَ,فعل,طور,تَفَعَّلَ,تَطَوُّرٌ تَدْرِيجِيٌّ لِلْكَيان,MAPPED,,17
16844,316,تَطَوُّر,مصدر,طور,تَفَعُّل,تَشَكُّلٌ غَيْرُ إرادِيّ لِلْكَيان,MAPPED,,17
17278,316,تَطَوُّر,مصدر,طور,تَفَعُّل,نُمُوٌّ تَدْرِيجِيٌّ لِلْكَيان,MAPPED,,17
5760,317,أَطْلَقَ,فعل,طلق,أَفْعَلَ,تَحْرِيرُ الموضوعِ مِنَ الأَسْرِ,MAPPED,,17
5761,317,أَرْسَلَ,فعل,رسل,أَفْعَلَ,السَّماحُ بِالذِّهابِ بِحُرِّيَّة,MAPPED,,17
5762,317,حَرَّرَ,فعل,حرر,فَعَّلَ,السَّماحُ بِالخُرُوجِ مِنَ الحَبْس,MAPPED,,17
13133,317,إِطْلاق,مصدر,طلق,إِفْعال,الفِعْلُ الَّذِي يُحَرِّر,MAPPED,,17
6172,318,أَعْلَنَ,فعل,علن,أَفْعَلَ,إِعْلانُ النَّتِيجَةِ رَسْمِيًّا,MAPPED,,17
6173,318,قَرَّرَ,فعل,قرر,فَعَّلَ,إِصْدارُ قَرارٍ رَسْمِيّ مِنَ المَحْكَمَة,MAPPED,,17
6174,318,قَرار,اسم جامد,قرر,,النَّتِيجَةُ المُتَوَصَّلُ إِلَيْها بَعْدَ التَّحْقِيق,MAPPED,,17
6176,318,حُكْم,اسم جامد,حكم,,قَرارٌ رَسْمِيٌّ مِنَ السُّلْطَة,MAPPED,,17
6177,318,أَدَانَ,فعل,دين,أَفْعَلَ,إِعْلانُ إِدانَةِ المُتَّهَم,MAPPED,,17
6178,318,إِدانَة,مصدر,دين,إِفْعالَة,عَمَلُ إِدانَةِ الموظَّف بِالذَّنْب,MAPPED,,17
6180,318,بَرَّأَ,فعل,برأ,فَعَّلَ,إِعْلانُ براءَةِ المُتَّهَم,MAPPED,,17
6181,318,بَراءَة,مصدر,برأ,فَعالَة,إِعْلانٌ رَسْمِيٌّ بِعَدَمِ الذَّنْب,MAPPED,,17
6183,318,حُكْم,اسم جامد,حكم,,قَرارُ القاضِي في قَضِيَّة,MAPPED,,17
8315,318,بَرَّأَ,فعل,برأ,فَعَّلَ,إِعْلانٌ رَسْمِيٌّ بِالبَراءَة,MAPPED,,17
8316,318,مُذْنِب,صفة مشبهة,ذنب,فُعْلِل,قابِلٌ لِلْإِدانَةِ بِجُرْمٍ,MAPPED,,17
8317,318,بَريء,صفة مشبهة,برأ,فَعِيل,غَيْرُ قابِلٍ لِلْإِدانَة,MAPPED,,17
11320,319,خَلَقَ,فعل,خلق,فَعَلَ,إِحْضارُ كَيانٍ إِلَى الوُجود,MAPPED,,17
11321,319,شَكَّلَ,فعل,شكل,فَعَّلَ,تَجْمِيعُ الأَجْزاءِ لِتَشْكِيل,MAPPED,,17
11322,319,جَمَّعَ,فعل,جمع,فَعَّلَ,تَجْهِيزُ أَجْزاءِ المَكُون,MAPPED,,17
11686,319,أَنْتَجَ,فعل,نتج,أَفْعَلَ,خَلْقٌ كَجُزْءٍ مِنْ عَمَلِيَّة,MAPPED,,17
11689,319,إِنْتاج,مصدر,نتج,إِفْعال,عَمَلِيَّةُ الخَلْقِ الفِيزِيائِيَّة,MAPPED,,17
11719,319,تَشْكِيل,مصدر,شكل,تَفْعِيل,الفِعْلُ بِجَمْعِ المُكَوِّنات,MAPPED,,17
12548,319,وَلَّدَ,فعل,ولد,فَعَّلَ,إِنْتاجُ كَيانٍ,MAPPED,,17
13433,319,أَنْتَجَ,فعل,نتج,أَفْعَلَ,تَقْدِيمُ نَتِيجَةٍ أَوْ فائِدَة,MAPPED,,17
14258,319,أَصْدَرَ,فعل,صدر,أَفْعَلَ,إِبْلاغٌ رَسْمِيٌّ بِقَرار,MAPPED,,17
14259,319,إِصْدار,مصدر,صدر,إِفْعال,حالَةُ الإِبْلاغِ الرَّسْمِيّ,MAPPED,,17
17501,319,صَنَعَ,فعل,صنع,فَعَلَ,خَلْقٌ مَرْكِزٌ عَلَى النَّتِيجَة,MAPPED,,17
9131,320,حاكَمَ,فعل,حكم,فاعَلَ,عَرْضُ المُتَّهَمِ عَلَى المَحْكَمَة,MAPPED,,17
5774,322,وَظَّفَ,فعل,وظف,فَعَّلَ,إِشْتِغالٌ بِأُجْرَة,MAPPED,,17
5775,322,وَقَّعَ,فعل,وقع,فَعَّلَ,تعيينُ شَخْصٍ بِعَقْد,MAPPED,,17
5776,322,اسْتَبْقَى,فعل,بقي,اِسْتَفْعَلَ,الاِحْتِفاظُ بِخِدْمَات,MAPPED,,17
5777,322,كَلَّفَ,فعل,كلف,فَعَّلَ,طَلَبُ تَنْفِيذِ عَمَل,MAPPED,,17
5778,322,اسْتَقْدَمَ,فعل,قدم,اِسْتَفْعَلَ,قَبُولُ شَخْصٍ كَموظَّف,MAPPED,,17
5779,322,تَوْظِيف,مصدر,وظف,تَفْعِيل,عَمَلِيَّةُ قَبُولِ موظَّف,MAPPED,,17
10534,322,وَظَّفَ,فعل,وظف,فَعَّلَ,إِشْتِغالُ شَخْصٍ موظَّفًا,MAPPED,,17
13257,322,تكليف,مصدر,كلف,تَفْعِيل,عَمَلِيَّةُ تَكْلِيفِ شَخْص,MAPPED,,17
15643,322,تَعاقَدَ,فعل,عقد,تَفَاعَلَ,إِسْنادُ عَمَل بِعَقْد,MAPPED,,17
15644,322,عَقَّدَ,فعل,عقد,فَعَّلَ,تَوْكِيلُ عَمَل بِعَقْدِ فَرْعِيّ,MAPPED,,17
15645,322,وَقَّعَ,فعل,وقع,فَعَّلَ,قَبُولُ وَظِيفَة مِنْ خِلالِ عَقْد,MAPPED,,17
15646,322,تَعاقَدَ,فعل,عقد,تَفَاعَلَ,قَبُولُ التَّزامٍ بِعَقْدِ عَمَل,MAPPED,,17
5786,323,وَظَّفَ,فعل,وظف,فَعَّلَ,اسْتِخْدامُ شَخْصٍ مُقابِلَ أُجْرَة,MAPPED,,17
8395,323,صاحِبُ عَمَل,تركيب,,,الشَّخْصُ الَّذِي يَسْتَخْدِمُ موظَّفًا,MAPPED,,17
8396,323,موظَّف,اسم مفعول,وظف,مُفَعَّل,شَخْصٌ مَأْجُورٌ لِلْعَمَل,MAPPED,,17
11168,323,كَلَّفَ,فعل,كلف,فَعَّلَ,طَلَبُ تَنْفِيذِ عَمَل مِنْ قِبَل,MAPPED,,17
11685,323,كادِر,اسم جامد,كدر,,الأَفْرادُ المُسْتَخْدَمُون بِجِهَة,MAPPED,,17
11771,323,فَرِيق عَمَل,تركيب,,,مَجْمُوعَةُ الموظَّفِين في مُؤَسَّسَة,MAPPED,,17
12591,323,تَوْظِيف,مصدر,وظف,تَفْعِيل,عَمَلِيَّةُ اسْتِخْدامِ موظَّف,MAPPED,,17
13351,323,عامِل,اسم فاعل,عمل,فاعِل,شَخْصٌ يَقُومُ بِعَمَل,MAPPED,,17
10530,324,وَقَّعَ,فعل,وقع,فَعَّلَ,اِلْتِزامٌ بِعَقْدِ عَمَل,MAPPED,,17
10532,324,قَبِلَ وَظِيفَة,تركيب,,,قَبُولُ عَرْضِ عَمَل,MAPPED,,17
5789,325,اسْتَقالَ,فعل,قيل,اِسْتَفْعَلَ,تَرْكٌ طَوْعِيٌّ لِلْعَمَل,MAPPED,,17
5790,325,اسْتَقالَ,فعل,قيل,اِسْتَفْعَلَ,تَرْكٌ طَوْعِيٌّ لِلْوَظِيفَة,MAPPED,,17
5791,325,تَقاعَدَ,فعل,قعد,تَفَاعَلَ,التَّوَقُّفُ عَنِ العَمَل بِسَبَبِ السِّن,MAPPED,,17
5792,325,اسْتَقالَ,فعل,قيل,اِسْتَفْعَلَ,تَرْكُ الوَظِيفَةِ تَحْتَ ضَغْط,MAPPED,,17
5793,325,اسْتِقالَة,مصدر,قيل,اِسْتِفْعالَة,التَّوَقُّفُ الطَّوْعِيُّ عَنِ العَمَل,MAPPED,,17
5794,325,تَقاعُد,مصدر,قعد,تَفَاعُل,التَّوَقُّفُ النِّهائِيُّ عَنِ العَمَل,MAPPED,,17
5795,325,أَبْلَغَ اسْتِقالَة,تركيب,,,إِخْبارُ صاحِبِ العَمَلِ بِالتَّرْك,MAPPED,,17
11976,325,اسْتَقالَ,فعل,قيل,اِسْتَفْعَلَ,الانْسِحابُ أَوِ الاسْتِقالَة,MAPPED,,17
14569,325,تَرَكَ,فعل,ترك,فَعَلَ,التَّوَقُّفُ عَنِ الوَظِيفَة,MAPPED,,17
5796,326,أَقالَ,فعل,قيل,أَفْعَلَ,فَصْلٌ مِنَ الوَظِيفَة,MAPPED,,17
5797,326,فَصَلَ,فعل,فصل,فَعَلَ,رَفْضٌ لِلْموظَّفِ كَغَيْرِ كافٍ,MAPPED,,17
5798,326,فَصَلَ,فعل,فصل,فَعَلَ,طَرْدٌ مِنَ الوَظِيفَة,MAPPED,,17
5799,326,فَصَلَ,فعل,فصل,فَعَلَ,طَرْدٌ غَيْرُ رَسْمِيّ,MAPPED,,17
5800,326,طَرَدَ,فعل,طرد,فَعَلَ,إِنْهاءُ عِلاقَةِ العَمَل,MAPPED,,17
5801,326,أَقالَ,فعل,قيل,أَفْعَلَ,فَصْلٌ بِطَرِيقَةٍ لُطِيفَة,MAPPED,,17
5802,326,فَصَلَ,فعل,فصل,فَعَلَ,تَسْرِيحٌ بِسَبَبِ اقْتِصادِيّ,MAPPED,,17
5803,326,سَرَّحَ,فعل,سرح,فَعَّلَ,فَصْلٌ بِسَبَبِ الظُّرُوف,MAPPED,,17
5804,326,إِقالَة,مصدر,قيل,إِفْعالَة,حَادِثَةُ الفَصْلِ مِنَ الوَظِيفَة,MAPPED,,17
5805,326,فَصْل,مصدر,فصل,فَعْل,التَّوَقُّفُ عَنِ الاسْتِخْدام,MAPPED,,17
5806,326,طَرَدَ,فعل,طرد,فَعَلَ,فَصْلٌ مِنَ الوَظِيفَةِ بِقَسْوَة,MAPPED,,17
5807,326,تَسْرِيح,مصدر,سرح,تَفْعِيل,فَصْلٌ مُؤَقَّتٌ أَوْ دائِمٌ,MAPPED,,17
5808,326,طَرْد,مصدر,طرد,فَعْل,فَصْلٌ مِنَ الوَظِيفَة,MAPPED,,17
5809,326,إِنْهاء,مصدر,نهى,إِفْعال,إِنْهاءُ عِلاقَةِ التَّوظِيفِ,MAPPED,,17
5937,326,اسْتَغْنَى,فعل,غنى,اِسْتَفْعَلَ,تَقْلِيلُ الموظَّفِين,MAPPED,,17
17275,326,طَرَدَ,فعل,طرد,فَعَلَ,فَصْلٌ رَسْمِيٌّ مِنَ الوَظِيفَة,MAPPED,,17
5827,327,خارِجِيّ,اسم منسوب,خرج,فاعِلِيّ,مَوْجُودٌ عَلَى الجِهَةِ الخارِجِيَّة,MAPPED,,17
5828,327,خارِجِيّ,اسم منسوب,خرج,فاعِلِيّ,مِنَ الخارِجِ أَوْ عَلَى السَّطْح,MAPPED,,17
5829,327,داخِلِيّ,اسم منسوب,دخل,فاعِلِيّ,مَوْجُودٌ في الداخِل,MAPPED,,17
5830,327,خارِجِيّ,اسم منسوب,خرج,فاعِلِيّ,يَتَعَلَّقُ بِالسَّطْحِ الخارِجِيّ,MAPPED,,17
5831,327,داخِلِيّ,اسم منسوب,دخل,فاعِلِيّ,مَوْجُودٌ في المَرْكَز,MAPPED,,17
5832,327,ظاهِر,اسم فاعل,ظهر,فاعِل,السَّطْحُ الخارِجِيُّ للشَّيْء,MAPPED,,17
5833,327,قِشْرَة,اسم جامد,قشر,,الطَّبَقَةُ الخارِجِيَّةُ للثَّمَرَة,MAPPED,,17
5834,327,بِطانَة,اسم جامد,بطن,,طَبَقَةٌ تُغَطِّي الدّاخِل,MAPPED,,17
5881,327,محيط,اسم جامد,حيط,,الأَجْزاءُ الحافَّةُ لِمِنطقة,MAPPED,,17
8848,327,مَرْكَز,اسم جامد,مركز,,نُقْطَةٌ وَسْطِيَّةٌ متساوِيَة,MAPPED,,17
8849,327,ظاهِر,اسم فاعل,ظهر,فاعِل,السَّطْحُ الخارِجِيُّ,MAPPED,,17
8850,327,داخِل,اسم جامد,دخل,,الجِهَةُ الدّاخِلِيَّةُ للشَّيْء,MAPPED,,17
8851,327,داخِلِيّ,صفة مشبهة,دخل,فاعِلِيّ,يَتَعَلَّقُ بِالدّاخِل,MAPPED,,17
8852,327,وسْط,اسم جامد,وسط,,النُّقْطَةُ الوسْطِيَّة,MAPPED,,17
8853,327,,,,,,NO_ARABIC_EQUIVALENT,Not yet proposed,17
11256,327,قِشْرَة,اسم جامد,قشر,,الغِلافُ الصَّلْبُ الحامِي,MAPPED,,17
13759,327,سَطْح,اسم جامد,سطح,,الطَّبَقَةُ الخارِجِيَّةُ الظَّاهِرَة,MAPPED,,17
15545,327,وسْطِيّ,اسم منسوب,وسط,فاعِلِيّ,قَرِيبٌ مِنَ المَرْكَز,MAPPED,,17
5836,328,مُرَبَّع,اسم مفعول,ربع,مُفَعَّل,شَكْلٌ هَندَسِيٌّ رُباعِيٌّ,MAPPED,,17
5837,328,شَرِيحَة,اسم جامد,شرح,,جُزْءٌ مِنْ مادَّة مُسَطَّحٌ,MAPPED,,17
5838,328,لَفّ,مصدر,لفف,فَعّ,طُولٌ مِنْ شَيْءٍ مَلْفُوفٌ,MAPPED,,17
5840,328,مُكَعَّب,اسم مفعول,كعب,مُفَعَّل,شَكْلٌ ثُلاثِيٌّ متساوِي الأَضْلاع,MAPPED,,17
5841,328,عَصا,اسم جامد,عصو,,جِسْمٌ طَوِيلٌ رَقِيقٌ,MAPPED,,17
5842,328,شَرِيط,اسم جامد,شرط,,قِطْعَةٌ طَوِيلَةٌ ضَيِّقَة,MAPPED,,17
5843,328,امْتِدادٌ,مصدر,متد,اِمْتِعال,سَاحَةٌ متصِلَةٌ مُستمِرَّة,MAPPED,,17
5844,328,شَرِيط,اسم جامد,شرط,,قِطْعَةٌ ضَيِّقَةٌ طَوِيلَة,MAPPED,,17
5846,328,رُقْعَة,اسم جامد,رقع,,مَساحَةٌ واسِعَةٌ متصِلَة,MAPPED,,17
5847,328,دائِرَة,اسم جامد,دور,,شَكْلٌ هَندَسِيٌّ مُسْتَدِير,MAPPED,,17
5866,328,كُرَة,اسم جامد,كور,,جِسْمٌ مُسْتَدِيرٌ صُلْبٌ,MAPPED,,17
5867,328,طُول,اسم جامد,طول,,مَسافَةٌ أَوْ جُزْءٌ مِنْ شَيْء,MAPPED,,17
11417,328,شَكْل,اسم جامد,شكل,,الصُّورَةُ الخارِجِيَّةُ للشَّيْء,MAPPED,,17
13820,328,مُنْحَنًى,اسم فاعل,حني,مُفْعَل,خَطٌّ غَيْرُ مُستقيم,MAPPED,,17
14583,328,دائِرِيّ,اسم منسوب,دور,فاعِلِيّ,عَلَى شَكْلِ دائِرَة,MAPPED,,17
15365,328,خَطّ,اسم جامد,خطط,,شَكْلٌ أُحادِيُّ البُعْد,MAPPED,,17
15366,328,صَفّ,اسم جامد,صفف,,خَطٌّ متكرّر مُتجاوِر,MAPPED,,17
15367,328,مُثَلَّث,اسم مفعول,ثلث,مُفَعَّل,شَكْلٌ هَندَسِيٌّ ثُلاثِيّ,MAPPED,,17
15368,328,إِسْفَين,اسم جامد,سفن,,جُزْءٌ مِنْ دائِرَة كاملَة,MAPPED,,17
15369,328,حَرْف,اسم جامد,حرف,,شَكْلٌ يُشْبِهُ حَرْفَ الفاء,MAPPED,,17
15370,328,بَيْضاوِيّ,اسم منسوب,بيض,فاعِلِيّ,شَكْلٌ شَبِيهٌ بِالبَيْضَة,MAPPED,,17
15371,328,دائِرِيّ,اسم منسوب,دور,فاعِلِيّ,عَلَى هَيْئَةِ دائِرَة,MAPPED,,17
15372,328,إِهْلِيج,اسم جامد,هلج,,شَكْلٌ يَنْتُجُ مِنْ قَطْعِ مُخْروط,MAPPED,,17
11332,329,حُدود,اسم جامد,حدد,,خَطٌّ يَفْصِلُ بَيْنَ دَوْلَتَيْن,MAPPED,,17
11334,329,حَدّ,اسم جامد,حدد,,خَطٌّ يَحْدِدُ حُدودَ مِنْطقَة,MAPPED,,17
13841,329,حافَّة,اسم جامد,حفف,,الحَدُّ الخارِجِيُّ للشَّيْء,MAPPED,,17
13843,329,خَطّ,اسم جامد,خطط,,حَدٌّ فاصِلٌ بَيْنَ كِيانَيْن,MAPPED,,17
5880,330,حافَّة,اسم جامد,حفف,,الحَدُّ الخارِجِيُّ للجِسْم,MAPPED,,17
5906,331,شَوْط,اسم جامد,شوط,,كُلُّ قِسْمٍ مِنْ أَقْسامِ اللُّعْبَة,MAPPED,,17
5939,331,فَصْل,اسم جامد,فصل,,قِسْمٌ رَئِيسِيٌّ مِنْ الكِتاب,MAPPED,,17
11257,331,فِعْل,اسم جامد,فعل,,قِسْمٌ رَئِيسِيٌّ مِنَ العَرْض,MAPPED,,17
13998,331,كِتاب,اسم جامد,كتب,,قِسْمٌ رَئِيسِيٌّ مِنَ العَمَل,MAPPED,,17
16422,331,طَبَقَة,اسم جامد,طبق,,كَمِّيَّةٌ تُغَطِّي سَطْحًا,MAPPED,,17
16423,331,مُسْتَوًى,اسم جامد,ستو,,قِسْمٌ أُفُقِيٌّ مِنَ المادَّة,MAPPED,,17
5849,332,مُنقِع,اسم مفعول,نقع,مُفَعِل,بَلِيلٌ تماماً بِالماء,MAPPED,,17
5855,332,رَطْب,صفة مشبهة,رطب,فَعْل,فِيهِ رُطُوبَةٌ خَفِيفَة,MAPPED,,17
5856,332,رَطْب,صفة مشبهة,رطب,فَعْل,فِيهِ رُطُوبَةٌ قَلِيلَة,MAPPED,,17
5857,332,مَبْلُول,اسم مفعول,بلل,مَفْعُول,مُغَطًّى بِالسّائِل,MAPPED,,17
5858,332,منقوع,اسم مفعول,نقع,مَفْعُول,بَلِيلٌ جِدًّا بِالماء,MAPPED,,17
5860,332,رِيّ,صفة مشبهة,روي,فَعِيل,مُشْبَعٌ بِالسّائِل تماماً,MAPPED,,17
5884,332,غَرِق,صفة مشبهة,غرق,فَعِل,بَلِيلٌ جِدًّا وَلَيِّن,MAPPED,,17
5885,332,بَاقِع,صفة مشبهة,بقع,فاعِل,مُشْبَعٌ بِالماء تماماً,MAPPED,,17
5886,332,غَرِق,صفة مشبهة,غرق,فَعِل,مُشْبَعٌ بِالماء تماماً,MAPPED,,17
5887,332,مُنقِع,اسم مفعول,نقع,مُفَعِل,بَلِيلٌ جِدًّا,MAPPED,,17
5888,332,مُغْمُور,اسم مفعول,غمر,مُفْعُول,مَلِيءٌ بِالماء,MAPPED,,17
5978,332,رَطْب,صفة مشبهة,رطب,فَعْل,فِيهِ رُطُوبَةٌ جَوِّيَّة,MAPPED,,17
6007,332,نَدِيّ,صفة مشبهة,ندي,فَعِيل,مُغَطًّى بِالنَّدَى,MAPPED,,17
6008,332,لَزِج,صفة مشبهة,لزج,فَعِل,بَلِيلٌ وَلَزِجٌ غَيْرُ مُريح,MAPPED,,17
6009,332,مَبْلُول,اسم مفعول,بلل,مَفْعُول,مُرَطَّبٌ بِالماء,MAPPED,,17
6013,332,مُتَصَبِّب,اسم فاعل,صبب,مُتَفَعِّل,مَنْقُوعٌ بِالعَرَق,MAPPED,,17
5889,333,نَقَعَ,فعل,نقع,فَعَلَ,إِغْمارُ شَيْءٍ في سائِل,MAPPED,,17
5890,333,تَتَبِيل,مصدر,تبل,تَفْعِيل,نَقْعُ اللَّحْمِ في المَرِيج,MAPPED,,17
17569,333,نَقَعَ,فعل,نقع,فَعَلَ,تَشْبِيعُ شَيْءٍ بِسائِل,MAPPED,,17
5908,334,سَخَّنَ,فعل,سخن,فَعَّلَ,جَعْلُ شَيْءٍ ساخِناً,MAPPED,,17
5909,334,دَفَّأَ,فعل,دفأ,فَعَّلَ,رَفْعُ درجَةِ حَرارَةِ الشَّيْء,MAPPED,,17
5910,334,بَرَّدَ,فعل,برد,فَعَّلَ,خَفْضُ درجَةِ الحَرارَة,MAPPED,,17
5912,334,ثَلَّجَ,فعل,ثلج,فَعَّلَ,خَفْضُ درجَةِ الحَرارَة بِسَرِيع,MAPPED,,17
6081,334,سَخَّنَ,فعل,سخن,فَعَّلَ,رَفْعُ درجَةِ الحَرارَة بِقَدْر,MAPPED,,17
6082,334,بَرَّدَ,فعل,برد,فَعَّلَ,خَفْضُ درجَةِ الحَرارَة,MAPPED,,17
6083,334,دَفَّأَ,فعل,دفأ,فَعَّلَ,رَفْعُ درجَةِ الحَرارَة,MAPPED,,17
6088,334,أَعادَ تَسْخِين,تركيب,,,جَعْلُ شَيْءٍ ساخِناً مِنْ جَدِيد,MAPPED,,17
7295,334,بَرَّدَ,فعل,برد,فَعَّلَ,جَعْلُ شَيْءٍ بارِداً,MAPPED,,17
12059,334,أَحْرَقَ,فعل,حرق,أَفْعَلَ,جَعْلُ شَيْءٍ حارّاً جِداً,MAPPED,,17
5913,335,جَمَّدَ,فعل,جمد,فَعَّلَ,جعل الشيء يتحول إلى جليد بالبرد الشديد,MAPPED,,18
5914,335,ذَابَ,فعل,ذوب,فَعَلَ,تحول الشيء من الحالة الصلبة إلى السائلة بالحرارة,MAPPED,,18
5915,335,ذَابَ,فعل,ذوب,فَعَلَ,جعل الشيء يتحول إلى سائل بالتسخين,MAPPED,,18
5916,335,فَكَّ,فعل,فكك,فَعَّلَ,إزالة الجليد عن الطعام المجمد,MAPPED,,18
5917,335,تَبَخَّرَ,فعل,بخر,تَفَعَّلَ,تحول السائل إلى بخار أو غاز,MAPPED,,18
6880,335,سَالَ,فعل,سيل,فَعَلَ,جعل الشيء يتحول إلى سائل,MAPPED,,18
11115,335,صَلُبَ,فعل,صلب,فَعُلَ,أصبح الشيء صلباً أو قاسياً,MAPPED,,18
12029,335,صَهَرَ,فعل,صهر,فَعَلَ,معالجة المعدن بمادة لتعزيز الذوبان,MAPPED,,18
12030,335,ذَابَ,فعل,ذوب,فَعَلَ,إزالة الجليد أو التجميد,MAPPED,,18
13496,335,غَلَيَ,فعل,غلي,فَعِلَ,بدء غليان السائل بشكل سريع,MAPPED,,18
5921,336,تَجَمَّدَ,فعل,جمد,تَفَعَّلَ,تحول الماء إلى جليد بالبرد الشديد,MAPPED,,18
5923,336,ذَابَ,فعل,ذوب,فَعَلَ,تحول الشيء إلى سائل,MAPPED,,18
5932,336,تَبَخَّرَ,فعل,بخر,تَفَعَّلَ,تحول الشيء إلى بخار أو غاز,MAPPED,,18
5940,336,تَبَخَّرَ,فعل,بخر,تَفَعَّلَ,تحول السائل إلى بخار,MAPPED,,18
5941,336,صَلُبَ,فعل,صلب,فَعُلَ,أصبح الشيء قاسياً وصلباً,MAPPED,,18
5942,336,ذَابَ,فعل,ذوب,فَعَلَ,تحول الشيء من الحالة الصلبة إلى السائلة,MAPPED,,18
5943,336,تَصَاعَدَ,فعل,صعد,تَفَاعَلَ,تحول الجسم الصلب مباشرة إلى بخار,MAPPED,,18
5944,336,تَكَثَّفَ,فعل,كثف,تَفَعَّلَ,تحول الغاز إلى سائل,MAPPED,,18
5954,336,ذَابَ,فعل,ذوب,فَعَلَ,أصبح الشيء سائلاً بالتسخين,MAPPED,,18
5972,336,فَكَّ,فعل,فكك,فَعَّلَ,إزالة الجليد عن الطعام المجمد,MAPPED,,18
8015,336,تَكَثُّف,مصدر,كثف,تَفَعُّل,تحول البخار إلى سائل,MAPPED,,18
8016,336,تَبَخُّر,مصدر,بخر,تَفَعُّل,عملية تحول السائل إلى غاز,MAPPED,,18
8018,336,تَصَلُّب,مصدر,صلب,تَفَعُّل,عملية أصبح الشيء أكثر صلابة,MAPPED,,18
8019,336,تَصَاعُد,مصدر,صعد,تَفَاعُل,عملية تحول الجسم الصلب إلى بخار,MAPPED,,18
17519,336,ذَابَ,فعل,ذوب,فَعَلَ,إزالة التجميد عن الشيء,MAPPED,,18
5918,337,جَفَّفَ,فعل,جفف,فَعَّلَ,إزالة الرطوبة من الشيء,MAPPED,,18
5919,337,جَفَّ,فعل,جفف,فَعَّلَ,أصبح الشيء جافاً بلا رطوبة,MAPPED,,18
5946,337,نَشَّفَ,فعل,نشف,فَعَّلَ,إزالة الرطوبة من الهواء أو الغاز,MAPPED,,18
5951,337,جَفَّفَ,فعل,جفف,فَعَّلَ,جعل المادة تصبح جافة تماماً,MAPPED,,18
5953,337,جَفَّفَ,فعل,جفف,فَعَّلَ,جعل سطح الشيء يصبح جافاً,MAPPED,,18
6004,337,جَفَّفَ,فعل,جفف,فَعَّلَ,جعل السائل يصبح جافاً,MAPPED,,18
6011,337,تَجْفِيف,مصدر,جفف,تَفْعِيل,عملية إزالة الرطوبة,MAPPED,,18
6012,337,إزالة الرطوبة,تركيب,,,إزالة الرطوبة من الهواء والغاز,MAPPED,,18
11135,337,جَفَّفَ,فعل,جفف,فَعَّلَ,جعل الشيء يفقد كمية كبيرة من الماء,MAPPED,,18
13495,337,جَفَّفَ,فعل,جفف,فَعَّلَ,إزالة الماء من الشيء تماماً,MAPPED,,18
6001,338,جَاف,صفة مشبهة,جفف,فَاعِل,خالي من الرطوبة والماء,MAPPED,,18
6003,338,مُحْتَرِق,اسم مفعول,حرق,مُفْعَل,جاف جداً من شدة الجفاف,MAPPED,,18
6005,338,جَافِف,صفة مشبهة,جفف,فَاعِل,مُزالة الرطوبة منه,MAPPED,,18
6006,338,جَاف,صفة مشبهة,جفف,فَاعِل,خالي تماماً من الماء,MAPPED,,18
11108,338,جَاف,صفة مشبهة,جفف,فَاعِل,في حالة من الجفاف الشديد,MAPPED,,18
5926,339,حَنَّطَ,فعل,حنط,فَعَّلَ,حفظ الجسد من التحلل كمومياء,MAPPED,,18
5927,339,مَلَّحَ,فعل,ملح,فَعَّلَ,حفظ الطعام بغمره في المحلول الملحي,MAPPED,,18
5928,339,حَنَّطَ,فعل,حنط,فَعَّلَ,حفظ الجسد من التحلل بالمواد الحافظة,MAPPED,,18
5929,339,مَلَّحَ,فعل,ملح,فَعَّلَ,حفظ الطعام بإضافة الملح,MAPPED,,18
5979,339,مَلَّحَ,فعل,ملح,فَعَّلَ,حفظ اللحم أو السمك بالملح والتدخين,MAPPED,,18
6035,339,تَحْنِيط,مصدر,حنط,تَفْعِيل,عملية حفظ الجسد من التحلل,MAPPED,,18
6037,339,حِفْظ,مصدر,حفظ,فِعْل,منع الطعام من التحلل والتعفن,MAPPED,,18
6038,339,حَفِظَ,فعل,حفظ,فَعِلَ,حفظ الطعام داخل علبة معدنية,MAPPED,,18
7027,339,حَفِظَ,فعل,حفظ,فَعِلَ,معالجة الطعام لمنع تحلله,MAPPED,,18
7234,339,تَحْنِيط,مصدر,حنط,تَفْعِيل,عملية حفظ الجسد بالمواد الحافظة,MAPPED,,18
11293,339,جَفَّفَ,فعل,جفف,فَعَّلَ,حفظ الطعام بإزالة الرطوبة منه,MAPPED,,18
5933,340,تَعَفَّنَ,فعل,عفن,تَفَعَّلَ,تحلل المادة العضوية برائحة كريهة,MAPPED,,18
5934,340,تَعَفَّنَ,فعل,عفن,تَفَعَّلَ,تحلل الشيء بفعل البكتيريا والفطريات,MAPPED,,18
5935,340,تَحَلَّلَ,فعل,حلل,تَفَعَّلَ,تحلل المادة العضوية وتعفنها,MAPPED,,18
5936,340,تَعَفَّنَ,فعل,عفن,تَفَعَّلَ,تحلل الشيء بفعل البكتيريا والفطريات,MAPPED,,18
5955,340,تَقَيَّحَ,فعل,قيح,تَفَعَّلَ,أصبح الشيء متعفناً,MAPPED,,18
5956,340,تَحَلَّلَ,فعل,حلل,تَفَعَّلَ,تحلل الشيء ببطء عبر الزمن,MAPPED,,18
6089,340,هَلَكَ,فعل,هلك,فَعَلَ,تحلل الشيء وتعفنه,MAPPED,,18
6189,340,فَسَدَ,فعل,فسد,فَعَلَ,أصبح الطعام غير صالح للأكل,MAPPED,,18
8020,340,تَحَلُّل,مصدر,حلل,تَفَعُّل,حالة أو عملية تحلل الشيء,MAPPED,,18
8021,340,تَعَفُّن,مصدر,عفن,تَفَعُّل,عملية تحلل المادة العضوية,MAPPED,,18
5945,341,تَجَمَّدَ,فعل,جمد,تَفَعَّلَ,أصبح الشيء شبه صلب خاصة بالتبريد,MAPPED,,18
5947,341,تَجَمَّدَ,فعل,جمد,تَفَعَّلَ,تحول السائل إلى حالة شبه صلبة,MAPPED,,18
5948,341,تَجَمَّدَ,فعل,جمد,تَفَعَّلَ,أصبح الشيء متماسكاً وأكثر صلابة,MAPPED,,18
5949,341,تَجَلَّطَ,فعل,جلط,تَفَعَّلَ,تكون تجمعات في السائل,MAPPED,,18
5950,341,لَانَ,فعل,لين,فَعَلَ,أصبح الشيء أكثر ليونة ونعومة,MAPPED,,18
5952,341,صَلُبَ,فعل,صلب,فَعُلَ,أصبح الشيء أكثر قسوة وصلابة,MAPPED,,18
6039,341,تَخَثَّرَ,فعل,خثر,تَفَعَّلَ,تحول الحليب إلى قطع والشرش,MAPPED,,18
6040,341,ثَخُنَ,فعل,ثخن,فَعُلَ,أصبح الشيء أكثر سمكاً وتماسكاً,MAPPED,,18
6884,341,صَلُبَ,فعل,صلب,فَعُلَ,تحول السائل إلى حالة صلبة أو شبه صلبة,MAPPED,,18
7986,341,تَجَمُّد,مصدر,جمد,تَفَعُّل,عملية تحول السائل إلى حالة جامدة,MAPPED,,18
12128,341,صَلُبَ,فعل,صلب,فَعُلَ,أصبح الشيء أكثر قسوة,MAPPED,,18
17565,341,رَقَّ,فعل,رقق,فَعَّلَ,أصبح الشيء أقل كثافة وسمكاً,MAPPED,,18
5980,342,كِفَاية,اسم جامد,كفى,فِعَالَة,الكمية الضرورية المطلوبة,MAPPED,,18
5981,342,كَفَى,فعل,كفى,فَعَلَ,إلى الدرجة المطلوبة والمرضية,MAPPED,,18
5982,342,كَافٍ,صفة مشبهة,كفى,فَاعِل,بقدر كافٍ ومناسب للحاجة,MAPPED,,18
5983,342,كَفَى,فعل,كفى,فَعَلَ,أن يكون كافياً وملبياً للحاجة,MAPPED,,18
5984,342,كَافٍ,صفة مشبهة,كفى,فَاعِل,بقدر كافٍ وملبٍ للحاجة,MAPPED,,18
5985,342,بِكِفَايَة,ظرف,كفى,بِفِعَالَة,بطريقة ملبية للاحتياجات,MAPPED,,18
5986,342,نَاقِص,صفة مشبهة,نقص,فَاعِل,غير كافٍ للاحتياجات,MAPPED,,18
5987,342,بِعَجْز,ظرف,,,بدون قدرة أو كفاءة كافية,MAPPED,,18
5988,342,كَافٍ,صفة مشبهة,كفى,فَاعِل,مرضٍ وقابل للقبول,MAPPED,,18
5989,342,بِرِضًا,ظرف,,,بطريقة مرضية وقابلة للقبول,MAPPED,,18
5990,342,عَدَم الكِفَايَة,تركيب,,,حالة عدم كفاية الشيء,MAPPED,,18
5991,342,كِفَاية,اسم جامد,كفى,فِعَالَة,صفة كون الشيء ملبياً للحاجة,MAPPED,,18
5992,342,عَجْز,اسم جامد,عجز,فَعْل,نقصان في الجودة أو الكمية,MAPPED,,18
5993,342,نَاقِص,صفة مشبهة,نقص,فَاعِل,بلا الجودة أو الكمية المطلوبة,MAPPED,,18
5994,342,بِنَقْص,ظرف,,,بدون الجودة الكافية المطلوبة,MAPPED,,18
5995,342,وَفْرَة,اسم جامد,وفر,فَعْلَة,كمية كبيرة أو كافية من الشيء,MAPPED,,18
6041,342,بِوَفْرَة,ظرف,وفر,بِفَعْلَة,بطريقة كاملة وملبية للحاجة,MAPPED,,18
6042,342,وَافِر,صفة مشبهة,وفر,فَاعِل,أكثر من الكافي والمناسب,MAPPED,,18
6044,342,وَاسِع,صفة مشبهة,وسع,فَاعِل,كافٍ وأكثر من المطلوب,MAPPED,,18
11203,342,جِدًّا,ظرف,,,إلى درجة أكثر من المرغوبة,MAPPED,,18
13103,342,كَذَا,ظرف,,,إلى درجة كبيرة جداً من الشدة,MAPPED,,18
17141,342,خَدَمَ,فعل,خدم,فَعَلَ,تسهيل وتيسير الموقف المطلوب,MAPPED,,18
6149,355,وَحِيد,صفة مشبهة,وحد,فَعِيل,العنصر الذي لا مثيل له في نوعه,MAPPED,,19
6150,355,وَحِيد,صفة مشبهة,وحد,فَعِيل,العنصر الذي ينفرد بطبيعته دون شركاء,MAPPED,,19
6150,355,فَرِيد,صفة مشبهة,فرد,فَعِيل,الشيء الذي يتميز عن غيره بصفة ما,MAPPED,,19
6154,355,وَحِيد,صفة مشبهة,وحد,فَعِيل,ما يكون منفرداً في خصائصه,MAPPED,,19
6154,355,فَرِيد,صفة مشبهة,فرد,فَعِيل,الفريد يحمل معنى الانفراد والتميز,MAPPED,,19
7342,355,وَحِيد,صفة مشبهة,وحد,فَعِيل,من يخلو من الأنس والرفقة,MAPPED,,19
7343,355,واحِد,صفة مشبهة,وحد,فَاعِل,العنصر الوحيد من غير تكرار,MAPPED,,19
7343,355,فَرْد,اسم جامد,فرد,فَعْل,الشيء الذي لا ثاني له,MAPPED,,19
6156,356,لا نَظِير لَهُ,تركيب,,,ما تفوق على غيره حتى لم يكن له مثيل,MAPPED,,19
6156,356,بَلا نِدّ,تركيب,,,الشيء الذي لا مثيل له في التفوق,MAPPED,,19
6157,356,لا يُضَاهَى,تركيب,,,ما تفوق على كل المنافسين,MAPPED,,19
6157,356,لا مِثْل لَهُ,تركيب,,,ما يسبق الآخرين في الفضل والجودة,MAPPED,,19
6158,356,بَلا نِدّ,تركيب,,,المتفوق الذي لا يُضاهى,MAPPED,,19
6160,356,لا يُقَاسُ,تركيب,,,ما يفوق جميع المعايير المعروفة,MAPPED,,19
6160,356,لا نَظِير,تركيب,,,ما لا يمكن مقارنته بغيره,MAPPED,,19
6162,356,لا يُضَاهَى,تركيب,,,الذي لا يرقى إليه أحد في الفضل,MAPPED,,19
6163,356,بَدِيع,صفة مشبهة,بدع,فَعِيل,الشيء الفريد في خلقه وإبداعه,MAPPED,,19
6194,356,لا نِدّ لَهُ,تركيب,,,من ليس له مثيل في المساواة,MAPPED,,19
6196,356,لا نَظِير,تركيب,,,ما انفرد بالتفوق على غيره,MAPPED,,19
6197,356,لا يُضَاهَى,تركيب,,,ما فاق الجميع في القوة والفضل,MAPPED,,19
6208,356,بَلا مِثْل,تركيب,,,ما تفوق على كل المقاييس,MAPPED,,19
10544,356,فَائِق,صفة مشبهة,فوق,فَاعِل,الأعلى من جميع غيره في الجودة,MAPPED,,19
18378,356,لا يُقَاسُ بِشَيْء,تركيب,,,ما تجاوز كل حد ومقياس,MAPPED,,19
6192,357,مَسْحُوق,اسم مفعول,سحق,مَفْعُول,ما اختزل إلى جزيئات ناعمة جداً,MAPPED,,19
6193,357,طَحِين,اسم جامد,طحن,فَعِيل,المادة المخفوقة بالطحن,MAPPED,,19
6193,357,مَطْحُون,اسم مفعول,طحن,مَفْعُول,ما تم طحنه بالمطحنة,MAPPED,,19
6195,357,مَسْحُوق,اسم مفعول,سحق,مَفْعُول,ما ضُغِط حتى فتت,MAPPED,,19
6195,357,مَدَقُوق,اسم مفعول,دقق,مَفْعُول,ما هُشم وجعل أجزاء صغيرة,MAPPED,,19
6199,357,مَطْحُون,اسم مفعول,طحن,مَفْعُول,ما طُحن في المطحنة,MAPPED,,19
6200,357,مَبْرُود,اسم مفعول,برد,مَفْعُول,ما حكّ بمبرد حتى تفتت,MAPPED,,19
6201,357,مُتَقَشِّر,صفة مشبهة,قشر,مُتَفَعِّل,ما انقسم إلى قطع رقيقة,MAPPED,,19
6202,357,مَسْحُوق,اسم مفعول,سحق,مَفْعُول,ما تحول إلى بودرة ناعمة,MAPPED,,19
6205,357,مُقَطَّع,اسم مفعول,قطع,مُفَعَّل,ما قطع إلى أشرطة رقيقة طويلة,MAPPED,,19
6206,357,مُتَفَتِّت,صفة مشبهة,فتت,مُتَفَعِّل,ما انكسر إلى أجزاء صغيرة,MAPPED,,19
13492,357,مُحَبَّب,اسم مفعول,حبب,مُفَعَّل,ما تحول إلى حبيبات صغيرة,MAPPED,,19
6210,358,فَاقَ,فعل,فوق,فَاعَ,تجاوز الآخر في الكمية أو الكيفية,MAPPED,,19
6214,358,أَبْلَى,فعل,بلا,أَفْعَلَ,تفوق على الغير في الصفات الحميدة,MAPPED,,19
6215,358,فَاقَ,فعل,فوق,فَاعَ,كان أفضل أو أعظم من غيره,MAPPED,,19
6216,358,فَاقَ,فعل,فوق,فَاعَ,تغلب على الآخر بالعمل والإنجاز,MAPPED,,19
6217,358,تَحَسَّن عَلَى,تركيب,,,حسّن نفسه عن طريق التفوق على الآخر,MAPPED,,19
12885,358,خَسَفَ,فعل,خسف,فَعَلَ,تفوق وتجاوز في القيمة والمكانة,MAPPED,,19
13182,358,خَفُتَ,فعل,خفت,فَعُلَ,صار أقل أهمية بمقارنة الآخر,MAPPED,,19
15300,358,زَادَ عَن,تركيب,,,كان أكثر من حد معين,MAPPED,,19
6218,359,رَشَحَ,فعل,رشح,فَعَلَ,ترشح الرطوبة ببطء واستمرار,MAPPED,,19
6233,359,أَطْلَقَ,فعل,طلق,أَفْعَلَ,أطلق الانبعاث من ذاته,MAPPED,,19
6234,359,أَفْرَغَ,فعل,فرغ,أَفْعَلَ,أطلق السائل أو الغاز أو مادة أخرى,MAPPED,,19
6235,359,أَشْعَ,فعل,شعع,أَفْعَلَ,أطلق الضوء والحرارة في موجات,MAPPED,,19
6237,359,أَفْرَزَ,فعل,فرز,أَفْعَلَ,أفرزت الغدة مادة من إفرازاتها,MAPPED,,19
6239,359,زَفَرَ,فعل,زفر,فَعَلَ,أطلق الأبخرة والروائح,MAPPED,,19
6241,359,أَطْلَقَ,فعل,طلق,أَفْعَلَ,أصدر ما يتنبعث منه,MAPPED,,19
6242,359,أَخْرَجَ,فعل,خرج,أَفْعَلَ,طرد الكائن الحي الفضلات,MAPPED,,19
6243,359,فَرَّغَ,فعل,فرغ,فَعَّلَ,أفرغ المياه والغازات,MAPPED,,19
17533,359,انْبَثَقَ,فعل,بثق,انْفَعَلَ,تفجر وتدفق من المصدر,MAPPED,,19
6222,360,مُتَوَافِق,صفة مشبهة,وفق,مُتَفَاعِل,قادر على التعايش بدون مشاكل,MAPPED,,19
6223,360,غَيْر مُتَوَافِق,تركيب,,,غير قادر على التعايش معاً,MAPPED,,19
6224,360,عَدَم التَّوَافُق,تركيب,,,حالة عدم القدرة على التعايش,MAPPED,,19
6225,360,تَوَافُق,مصدر,وفق,التَّفَاعُل,حالة القدرة على الوجود معاً,MAPPED,,19
6226,360,تَوَافَقَ,فعل,وفق,تَفَاعَلَ,انسجم مع الآخر في الأسلوب,MAPPED,,19
6227,360,مُتَطَابِق,صفة مشبهة,طبق,مُتَفَاعِل,متفق مع الآخر في الاتجاه,MAPPED,,19
6228,360,مُتَوَافِق,صفة مشبهة,وفق,مُتَفَاعِل,متسق مع الآخر,MAPPED,,19
6229,360,مُوَافِق,صفة مشبهة,وفق,مُفَاعِل,متفق مع الآخر,MAPPED,,19
6230,360,اِنْدَرَجَ,فعل,درج,انْفَعَلَ,اندمج بسهولة مع الآخر,MAPPED,,19
6231,360,تَطَابَقَ,فعل,طبق,تَفَاعَلَ,اتفق مع الآخر,MAPPED,,19
6232,360,تَوَافَقَ,فعل,وفق,تَفَاعَلَ,انسجم وتوازى مع الآخر,MAPPED,,19
6247,360,تَوَافَقَ,فعل,وفق,تَفَاعَلَ,اتفق وانسجم مع الآخر,MAPPED,,19
6248,360,تَطَابَقَ,فعل,طبق,تَفَاعَلَ,اتفق الصوت مع آخر,MAPPED,,19
6251,360,تَوَافَقَ,فعل,وفق,تَفَاعَلَ,كان متسقاً ومنسجماً,MAPPED,,19
6252,360,اِتَّفَقَ,فعل,وفق,افتعل,توافق مع الآخر,MAPPED,,19
6253,360,تَرَابَطَ,فعل,ربط,تَفَاعَلَ,كان متماسكاً منطقياً,MAPPED,,19
6254,360,مُتَسَاوِق,صفة مشبهة,سوق,مُتَفَاعِل,متفق ومتطابق,MAPPED,,19
6461,360,تَوَافُق,مصدر,وفق,التَّفَاعُل,الاتفاق والانسجام معاً,MAPPED,,19
6507,360,انْسَجَمَ,فعل,سجم,انْفَعَلَ,كان متناسقاً مع بعضه,MAPPED,,19
9431,360,تَنَاقَضَ,فعل,نقض,تَفَاعَلَ,لم يتوافق مع الآخر,MAPPED,,19
11147,360,تَطَابَقَ,فعل,طبق,تَفَاعَلَ,تناظر أو انسجم,MAPPED,,19
12382,360,آمِن حَيَوِيّاً,تركيب,,,يتوافق مع النسيج الحي دون ضرر,MAPPED,,19
13102,360,تَنَاقَضَ,فعل,نقض,تَفَاعَلَ,تعارض مع الآخر,MAPPED,,19
13388,360,مُتَنَاقِض,صفة مشبهة,نقض,مُتَفَاعِل,غير متسق ومتعارض,MAPPED,,19
18379,360,مُخَالِف,صفة مشبهة,خلف,مُفَاعِل,غير متطابق,MAPPED,,19
18380,360,يُعَارِض,فعل,عرض,يُفَاعِل,لم يتوافق بشكل كامل,MAPPED,,19
6244,361,انْبَثَقَ,فعل,بثق,انْفَعَلَ,تدفق الشيء من منطلقه,MAPPED,,19
6245,361,تَدَفَّقَ,فعل,دفق,تَفَعَّلَ,انساب الشيء من منطلقه,MAPPED,,19
6255,361,انْبَثَقَ,فعل,بثق,انْفَعَلَ,انطلق ببطء واستمرار,MAPPED,,19
6256,361,انْبَثَّ,فعل,بث,انْفَعَلَ,انطلق في موجات,MAPPED,,19
17530,361,أَطْلَقَ,فعل,طلق,أَفْعَلَ,طرد أو فرّغ الشيء,MAPPED,,19
17531,361,أَفْرَزَ,فعل,فرز,أَفْعَلَ,طرد كفضلات,MAPPED,,19
17532,361,أَفْرَزَ,فعل,فرز,أَفْعَلَ,انطلق من الكيان,MAPPED,,19
6249,362,هَوَى,فعل,هوي,فَعَلَ,سقط بسرعة عالية نحو الأسفل,MAPPED,,19
6250,362,هَبَطَ,فعل,هبط,فَعَلَ,انزل عموديّاً بسرعة,MAPPED,,19
6257,362,سَقَطَ,فعل,سقط,فَعَلَ,انزل من مستوى أعلى إلى أقل,MAPPED,,19
6258,362,تَقَلَّبَ,فعل,قلب,تَفَعَّلَ,فقد التوازن وسقط,MAPPED,,19
6259,362,اِنْغَمَسَ,فعل,غمس,انْفَعَلَ,انقذف وسقط بدون تحكم,MAPPED,,19
12884,362,هَبَطَ,فعل,هبط,فَعَلَ,نزل بفعل قوة جاذبية,MAPPED,,19
12961,362,ارْتَفَعَ,فعل,رفع,افتعل,صعد نحو الأعلى,MAPPED,,19
12962,362,انْخَفَضَ,فعل,خفض,انْفَعَلَ,انزل بفعل قوة,MAPPED,,19
12989,362,اِنْحَرَفَ,فعل,حرف,انْفَعَلَ,تحرك بزاوية منحرفة,MAPPED,,19
12990,362,اِنْحَنَى,فعل,حنا,انْفَعَلَ,انحدر في اتجاه واحد,MAPPED,,19
7431,363,قَرَّرَ,فعل,قرر,فَعَّلَ,توصل إلى قرار بعد التفكير,MAPPED,,19
7432,363,قَرَار,مصدر,قرر,الفَعَال,استنتاج متخذ بعد النظر,MAPPED,,19
16842,363,اِسْتَبْعَدَ,فعل,بعد,افتعل,قرر رفض إمكانية ما,MAPPED,,19
17273,363,عَزَمَ,فعل,عزم,فَعَلَ,أصر على قرار مؤكد,MAPPED,,19
6355,365,عَمَل,اسم جامد,عمل,فَعَل,مؤسسة تجارية لتحقيق الربح,MAPPED,,19
6357,365,مَحَل,اسم جامد,حلل,مَفْعَل,مكان بيع البضائع أو الخدمات,MAPPED,,19
6358,365,مَنْشَأَة,اسم جامد,شأن,مَفْعَلَة,مؤسسة تجارية أو عامة,MAPPED,,19
6359,365,مَطْحَنَة,اسم جامد,طحن,مَفْعَلَة,مصنع مجهز بآلات الإنتاج,MAPPED,,19
6360,365,عِيَادَة,اسم جامد,عود,فِعَالَة,مكتب الطبيب أو المحامي,MAPPED,,19
6361,365,شَرِكَة,اسم جامد,شرك,فَعِلَة,مؤسسة تجارية أو عقد شراكة,MAPPED,,19
6905,365,عَمَلِيَّة,اسم منسوب,عمل,فَعَلِيَّة,مؤسسة تجارية,MAPPED,,19
11113,365,شَرِكَة,اسم جامد,شرك,فَعِلَة,مؤسسة تجارية متخصصة,MAPPED,,19
13810,365,سِلْسِلَة,اسم جامد,سلسل,فِعْلَة,مجموعة فنادق أو متاجر,MAPPED,,19
13819,365,شَرِكَة,اسم جامد,شرك,فَعِلَة,مؤسسة كبيرة بعدة وحدات,MAPPED,,19
16416,365,جَرِيدَة,اسم جامد,جرد,فَعِلَة,مؤسسة نشر الصحف,MAPPED,,19
16662,365,مَتْجَر,اسم جامد,جرر,مَفْعَل,مكان شراء البضائع,MAPPED,,19
17623,365,بَنْك,اسم جامد,,,مؤسسة مالية لحفظ الأموال,MAPPED,دخيل,19
18661,365,دُكَّان,اسم جامد,دكك,فُعَّال,متجر صغير متخصص,MAPPED,,19
6490,368,مُنَاسِب,صفة مشبهة,نسب,مُفَاعِل,ملائم لغرض أو شخص معين,MAPPED,,19
6491,368,غَيْر مُنَاسِب,تركيب,,,غير ملائم للغرض المطلوب,MAPPED,,19
6492,368,ملاءَمَة,مصدر,لاءم,الفِعَالَة,حالة المناسبة لغرض ما,MAPPED,,19
6493,368,عَدَم الملاءَمَة,تركيب,,,عدم صلاحية للغرض,MAPPED,,19
6494,368,ملاءَمَة,مصدر,لاءم,الفِعَالَة,جودة الملاءمة,MAPPED,,19
6495,368,عَدَم الملاءَمَة,تركيب,,,نقص الملاءمة,MAPPED,,19
6498,368,مُنَاسِب,صفة مشبهة,نسب,مُفَاعِل,ملائم وصحيح,MAPPED,,19
6500,368,صَالِح,صفة مشبهة,صلح,فَاعِل,مناسب من حيث النوع والجودة,MAPPED,,19
6501,368,لاءَمَ,فعل,لاءم,فَاعَلَ,جعل مناسباً لغرض ما,MAPPED,,19
6502,368,صَحِيح,صفة مشبهة,صحح,فَعِيل,مناسب وصحيح تماماً,MAPPED,,19
9195,368,لاءَمَ,فعل,لاءم,فَاعَلَ,تناسب مع شخصية الفرد,MAPPED,,19
9840,368,مُنَاسِب,صفة مشبهة,نسب,مُفَاعِل,ملائم ومناسب,MAPPED,,19
12485,368,صَحِيح,صفة مشبهة,صحح,فَعِيل,الأكثر ملاءمة,MAPPED,,19
12486,368,صَحِيح,صفة مشبهة,صحح,فَعِيل,الصحيح للغرض,MAPPED,,19
16057,368,تَلاءَمَ,فعل,لاءم,تَفَاعَلَ,انسجم مع صفات الشخص,MAPPED,,19
16912,368,مُنَاسِب,صفة مشبهة,نسب,مُفَاعِل,ملائم لحدث أو فرد,MAPPED,,19
16913,368,غَيْر مُنَاسِب,تركيب,,,غير ملائم للفرد أو الحدث,MAPPED,,19
6510,370,غَيْر لائِق,تركيب,,,غير مطابق للمعايير الأخلاقية,MAPPED,,19
6511,370,غَيْر أَخْلاقِيّ,اسم منسوب,خلق,فَعْلِيّ,ينافي معايير الأخلاق,MAPPED,,19
6512,370,عَار,اسم جامد,عور,فَعَال,يجلب الخزي والعار,MAPPED,,19
6513,370,وَضِيع,صفة مشبهة,ضاع,فَعِيل,غير أمين وغير نزيه,MAPPED,,19
6514,370,شَرّ,اسم جامد,شرر,فَعّ,فاسد وخبيث,MAPPED,,19
6515,370,صَوَاب,اسم جامد,صوب,فَعَال,محق أخلاقياً وعادل,MAPPED,,19
6516,370,شَرِيف,صفة مشبهة,شرف,فَعِيل,ذو نوايا أخلاقية حسنة,MAPPED,,19
6517,370,فَاسِد,صفة مشبهة,فسد,فَاعِل,بلا مبادئ أخلاقية,MAPPED,,19
6519,370,خَسِيس,صفة مشبهة,خسس,فَعِيل,رذيل وأثيم,MAPPED,,19
6520,370,آثِم,صفة مشبهة,أثم,فَاعِل,مخالف للشريعة,MAPPED,,19
6521,370,بَاطِل,صفة مشبهة,بطل,فَاعِل,ظالم وغير عادل,MAPPED,,19
6522,370,سَيِّء,صفة مشبهة,ساء,فَعِيل,معيب أخلاقياً,MAPPED,,19
6523,370,خَاطِئ,صفة مشبهة,خطأ,فَاعِل,غير صحيح أخلاقياً,MAPPED,,19
6629,370,فَاسِد,صفة مشبهة,فسد,فَاعِل,أخلاقياً منحرف,MAPPED,,19
6630,370,سَيِّء,صفة مشبهة,ساء,فَعِيل,خاطئ بالمعايير الأخلاقية,MAPPED,,19
6631,370,مُنْحَطّ,اسم مفعول,حط,مُفْعَل,انخفض في القيم الأخلاقية,MAPPED,,19
6632,370,فَاسِد,صفة مشبهة,فسد,فَاعِل,محطّم أخلاقياً,MAPPED,,19
6634,370,ظَالِم,صفة مشبهة,ظلم,فَاعِل,ظالم وشرير,MAPPED,,19
6635,370,خَطِير,صفة مشبهة,خطر,فَعِيل,إجرامي وفاسد,MAPPED,,19
6637,370,غَيْر أَخْلاقِيّ,اسم منسوب,خلق,فَعْلِيّ,غير سليم أخلاقياً,MAPPED,,19
6638,370,أَخْلاقِيّ,اسم منسوب,خلق,فَعْلِيّ,سليم أخلاقياً,MAPPED,,19
6639,370,أَخْلاقِيّ,اسم منسوب,خلق,فَعْلِيّ,عادل وصحيح,MAPPED,,19
6640,370,لائِق,صفة مشبهة,لاق,فَاعِل,ملتزم بمعايير اجتماعية,MAPPED,,19
6641,370,عَادِل,صفة مشبهة,عدل,فَاعِل,محق وعادل,MAPPED,,19
6642,370,فَاضِل,صفة مشبهة,فضل,فَاعِل,ذو تهذيب وكرامة,MAPPED,,19
6643,370,فَاضِل,صفة مشبهة,فضل,فَاعِل,ذو أخلاق عالية,MAPPED,,19
6644,370,نَبِيل,صفة مشبهة,نبل,فَعِيل,ذو مبادئ عالية,MAPPED,,19
6645,370,حَسَن,صفة مشبهة,حسن,فَعَل,صحيح وفاضل,MAPPED,,19
6677,370,إجْرَامِيّ,اسم منسوب,جرم,فِعْلِيّ,شرير وفاسد,MAPPED,,19
6678,370,إجْرَامِيّ,اسم منسوب,جرم,فِعْلِيّ,فاسد وشرير,MAPPED,,19
6679,370,مُجْرِم,اسم فاعل,جرم,مُفْعِل,ينافي القانون,MAPPED,,19
6680,370,هَيِّن,صفة مشبهة,هان,فَعِيل,فظيع وشرير,MAPPED,,19
6929,370,فَسَاد,مصدر,فسد,فَعَال,الانحطاط الأخلاقي,MAPPED,,19
7311,370,وَضِيع,صفة مشبهة,ضاع,فَعِيل,بلا مبادئ أخلاقية,MAPPED,,19
7312,370,نَجِس,صفة مشبهة,نجس,فَعِيل,منافٍ للأخلاق,MAPPED,,19
10386,370,خَفِيّ الضَّرَر,تركيب,,,يسبب ضرراً تدريجياً خفيّاً,MAPPED,,19
10583,370,صَالِح,صفة مشبهة,صلح,فَاعِل,ملتزم بمبادئ أخلاقية,MAPPED,,19
13142,370,بِلا ضَمِير,تركيب,,,بلا مبادئ أخلاقية,MAPPED,,19
16956,370,مُظْلِم,صفة مشبهة,ظلم,مُفْعِل,شرير وخبيث,MAPPED,,19
6534,373,عَن,حرف,,,الموضوع الذي يدور حوله الحديث,MAPPED,,19
6535,373,تَعَلَّقَ,فعل,علق,تَفَعَّلَ,ارتبط بموضوع معين,MAPPED,,19
6536,373,نَاقَشَ,فعل,نقش,فَاعَلَ,قدم حديثاً عن موضوع,MAPPED,,19
6537,373,مَوْضُوع,اسم جامد,وضع,مَفْعُول,قضية الحديث أو الكتابة,MAPPED,,19
6538,373,مَوْضُوع,اسم جامد,وضع,مَفْعُول,الشيء المعني به الكلام,MAPPED,,19
6539,373,تَنَاوَلَ,فعل,نول,تَفَاعَلَ,عالج موضوعاً ما,MAPPED,,19
6541,373,بِخُصُوص,تركيب,,,فيما يتعلق بالموضوع,MAPPED,,19
6542,373,عَالَجَ,فعل,علج,فَاعَلَ,تناول موضوعاً,MAPPED,,19
6543,373,تَنَاوَلَ,فعل,نول,تَفَاعَلَ,عالج موضوعاً معيناً,MAPPED,,19
6544,373,بِشَأْن,تركيب,,,فيما يخص الموضوع,MAPPED,,19
6545,373,مَحُور,اسم جامد,محور,مَفْعُول,الفكرة الرئيسة للحديث,MAPPED,,19
8904,373,أَطَالَ,فعل,طول,أَفْعَلَ,تحدث في موضوع بتفصيل,MAPPED,,19
10001,373,عَن,حرف,,,موضوع الحديث أو الكتابة,MAPPED,,19
13393,373,اعْتَبَرَ,فعل,عبر,افتعل,اتخذ موضوعاً للكلام,MAPPED,,19
13394,373,عَلاقَة,اسم جامد,علق,فَعَالَة,الارتباط بالموضوع,MAPPED,,19
17100,373,أَشَارَ,فعل,شور,أَفْعَلَ,ذكر أو لمّح للموضوع,MAPPED,,19
6560,374,خَاطَرَ,فعل,خطر,فَاعَلَ,تعرض للخطر عن قصد,MAPPED,,19
6561,374,خَاطَرَ,فعل,خطر,فَاعَلَ,تعرض للمخاطر بالصدفة,MAPPED,,19
6562,374,جَرُؤَ,فعل,جرأ,فَعُلَ,أقدم على أمر خطير,MAPPED,,19
6563,374,جَازَفَ,فعل,جزف,فَاعَلَ,قام برحلة محفوفة بالمخاطر,MAPPED,,19
6564,374,خَاطَرَ,فعل,خطر,فَاعَلَ,تصرف بطريقة تنطوي على خطر,MAPPED,,19
6565,374,خَطَر,اسم جامد,خطر,فَعَل,احتمالية حدوث ما هو غير مرغوب,MAPPED,,19
6566,374,احْتِمَال,مصدر,حمل,افتعال,إمكانية حدوث حدث ما,MAPPED,,19
17326,374,جَاسِر,صفة مشبهة,جسر,فَاعِل,مائل إلى المجازفة,MAPPED,,19
17330,374,جُرْأَة,مصدر,جرأ,فُعْلَة,الميل نحو المجازفة,MAPPED,,19
17331,374,جُرْأَة,مصدر,جرأ,فُعْلَة,المغامرة والإقدام,MAPPED,,19
6567,375,صَعْب,صفة مشبهة,صعب,فَعْل,يحتاج لجهد وإتقان,MAPPED,,19
6568,375,سَهْل,صفة مشبهة,سهل,فَعْل,يتم بدون جهد كبير,MAPPED,,19
6569,375,شَاقّ,صفة مشبهة,شقق,فَاعّ,يتطلب جهداً وتحملاً,MAPPED,,19
6570,375,عَسِير,صفة مشبهة,عسر,فَعِيل,ينطوي على صعوبات,MAPPED,,19
6572,375,مُحْتَرِف,اسم فاعل,حرف,مُفْتَعِل,يحتاج لحرفة وحذر,MAPPED,,19
6573,375,مُحَدٍّ,اسم فاعل,حدد,مُفَعِّل,يستنزف كل الطاقات,MAPPED,,19
6574,375,سَهْل,صفة مشبهة,سهل,فَعْل,مهمة يسيرة جداً,MAPPED,,19
6575,375,مُتْعِب,اسم فاعل,تعب,مُفْعِل,مهمة صعبة جداً,MAPPED,,19
6578,375,مُتْعِب,اسم فاعل,تعب,مُفْعِل,مهمة صعبة جداً,MAPPED,,19
6579,375,مُسْتَحِيل,صفة مشبهة,حال,مُسْتَفْعِل,لا يمكن تحقيقه,MAPPED,,19
6580,375,تَافِه,صفة مشبهة,تفه,فَاعِل,سهل جداً,MAPPED,,19
6581,375,سَهْل,صفة مشبهة,سهل,فَعْل,مهمة يسيرة جداً,MAPPED,,19
6583,375,سَهْل,صفة مشبهة,سهل,فَعْل,مهمة يسيرة جداً,MAPPED,,19
6603,375,مُزْعِج,اسم فاعل,زعج,مُفْعِل,صعب ومزعج في آن,MAPPED,,19
6610,375,سَهْل,صفة مشبهة,سهل,فَعْل,سهل جداً,MAPPED,,19
6831,375,سَهْل,صفة مشبهة,سهل,فَعْل,يحقق بسهولة,MAPPED,,19
7754,375,سَهْل,صفة مشبهة,سهل,فَعْل,مهمة يسيرة جداً,MAPPED,,19
7755,375,مُتْعِب,اسم فاعل,تعب,مُفْعِل,مهمة صعبة جداً,MAPPED,,19
11806,375,قَرِيب,صفة مشبهة,قرب,فَعِيل,حدث قارب الفشل,MAPPED,,19
12788,375,تَحَدٍّ,مصدر,حدد,تَفَعُّل,مهمة تستنزف الطاقات,MAPPED,,19
14004,375,سَهْل,صفة مشبهة,سهل,فَعْل,مهمة يسيرة جداً,MAPPED,,19
17274,375,صُعُوبَة,مصدر,صعب,فُعُولَة,حالة الشيء الصعب,MAPPED,,19
18042,375,مُتْعِب,اسم فاعل,تعب,مُفْعِل,ليس بسيطاً أو سهلاً,MAPPED,,19
18043,375,سَهْل,صفة مشبهة,سهل,فَعْل,يبدو سهلاً لكنه كذلك,MAPPED,,19
18386,375,سَهْل,صفة مشبهة,سهل,فَعْل,يتم بسهولة جداً,MAPPED,,19
18392,375,سُهُولَة,مصدر,سهل,فُعُولَة,الخلو من الصعوبة,MAPPED,,19
6598,376,عَادِل,صفة مشبهة,عدل,فَاعِل,عادل وملائم في الظروف,MAPPED,,19
6606,376,ظَالِم,صفة مشبهة,ظلم,فَاعِل,غير عادل,MAPPED,,19
6607,376,ظَالِم,صفة مشبهة,ظلم,فَاعِل,غير منصف,MAPPED,,19
6608,376,مُتَحَيِّز,صفة مشبهة,حيز,مُتَفَعِّل,غير عادل,MAPPED,,19
13455,376,بِعَدْل,تركيب,,,بطريقة عادلة,MAPPED,,19
13456,376,بِظُلْم,تركيب,,,بطريقة غير عادلة,MAPPED,,19
13457,376,بِظُلْم,تركيب,,,بطريقة غير منصفة,MAPPED,,19
6653,377,نَزْعَة,اسم جامد,نزع,فَعْلَة,ميل نحو سلوك معين,MAPPED,,19
6655,377,مَائِل,صفة مشبهة,ميل,فَاعِل,له ميل نحو صفة ما,MAPPED,,19
6658,377,مُعَرَّض,اسم مفعول,عرض,مُفَعَّل,له ميل نحو حالة معينة,MAPPED,,19
6659,377,نَزْعَة,اسم جامد,نزع,فَعْلَة,ميل الشخص نحو أمر ما,MAPPED,,19
6660,377,نَزْعَة,اسم جامد,نزع,فَعْلَة,ميل فطري نحو سلوك,MAPPED,,19
6661,377,اسْتِعْدَاد,مصدر,عدد,افتعال,الاستعداد المسبق لفعل ما,MAPPED,,19
6662,377,وَلَع,اسم جامد,ولع,فَعَل,ميل قوي نحو شيء,MAPPED,,19
6676,377,مُهَيَّأ,اسم مفعول,هيأ,مُفَعَّل,مستعد مسبقاً,MAPPED,,19
16514,377,ذَوْق,اسم جامد,ذوق,فَعْل,ميل نحو صفة إيجابية,MAPPED,,19
17327,377,مُزْمِع,اسم فاعل,زمع,مُفْعِل,ينوي فعل ما,MAPPED,,19
6667,378,خَطَر,اسم جامد,خطر,فَعَل,موقف قد يسبب خطراً,MAPPED,,19
6670,378,مُهَدَّد,اسم مفعول,هدد,مُفَعَّل,معرض للخطر والانقراض,MAPPED,,19
6672,378,شَدَّة,اسم جامد,شدد,فَعْلَة,موقف خطير جداً,MAPPED,,19
13383,378,خَطِير,صفة مشبهة,خطر,فَعِيل,ينطوي على مخاطرة,MAPPED,,19
15663,378,خَاطَرَ,فعل,خطر,فَاعَلَ,عرّض للخطر كالمقامرة,MAPPED,,19
6712,379,مِنْ,حرف,من,,نقطة ابتداء الحدث في الزمن أو المكان,MAPPED,,20
6713,379,مِنْ هُنَا,تركيب,,,من هذا الوقت فصاعداً,MAPPED,,20
6715,379,بَعْدَ,حرف,بعد,,المدة التي تلي الحدث المرجعي,MAPPED,,20
6716,379,قَبْلَ,حرف,قبل,,المدة السابقة للحدث المرجعي,MAPPED,,20
9154,379,مَضَى,فعل,ضيي,فَعَلَ,انقضى الوقت قبل الآن,MAPPED,,20
9155,379,مُنْذُ,ظرف,ندز,,من الوقت المعين إلى الآن,MAPPED,,20
10555,379,لاحِقاً,ظرف,,,وقت يأتي بعد المعني,MAPPED,,20
10647,379,سَابِقاً,ظرف,سبق,,في الوقت الماضي,MAPPED,,20
10664,379,سَابِقٌ,صفة مشبهة,سبق,فَاعِل,ما جاء قبل,MAPPED,,20
10887,379,مُقَدَّماً,ظرف,,,في وقت سابق لآوانه,MAPPED,,20
10888,379,لاحِقاً,ظرف,,,في وقت لاحق أو قادم,MAPPED,,20
10919,379,لاحِقاً,ظرف,,,في وقت يعقب الحالي,MAPPED,,20
11818,379,فَوْراً,ظرف,,,في الحين ذاته بلا تأخير,MAPPED,,20
11824,379,عَاجِلاً,ظرف,,,سريع جداً قريباً,MAPPED,,20
11825,379,لاحِقاً,ظرف,,,في وقت قريب قادم,MAPPED,,20
12620,379,بَعْدَئِذٍ,ظرف,بعد,,بعد تلك اللحظة مباشرة,MAPPED,,20
13287,379,عَبْرَ,حرف,عبر,,من البداية إلى النهاية,MAPPED,,20
14034,379,سَابِقٌ,صفة مشبهة,سبق,فَاعِل,ما وجد في الماضي,MAPPED,,20
14035,379,سَابِقاً,ظرف,سبق,,فيما مضى,MAPPED,,20
14036,379,أَخِيراً,ظرف,خير,,بعد مرور زمن طويل,MAPPED,,20
14087,379,سَابِقٌ,صفة مشبهة,سبق,فَاعِل,ما سبق زمنياً,MAPPED,,20
14089,379,قَبْلَ,حرف,قبل,,قبل شيء في النظام الزمني,MAPPED,,20
14090,379,بَعْدَ,حرف,بعد,,بعد شيء في النظام الزمني,MAPPED,,20
14091,379,قَبْلَ,حرف,قبل,,سابق في الزمن,MAPPED,,20
14176,379,أَخِيراً,ظرف,خير,,في النهاية بعد الانتظار,MAPPED,,20
14528,379,آنَذَاكَ,ظرف,,,في ذاك الوقت المعين,MAPPED,,20
14573,379,قَدْ,حرف,,,قد وقع الفعل سابقاً,MAPPED,,20
14602,379,حَتَّى,حرف,,,إلى نقطة معينة يحدث عندها شيء,MAPPED,,20
16461,379,بَعْدَ,حرف,بعد,,عقب وقوع الحدث,MAPPED,,20
17643,379,مُنْذُ,حرف,ندز,,من وقت معين إلى الآن,MAPPED,,20
18381,379,بِمُرُورِ الوَقْتِ,تركيب,,,لاحقاً بعد فترة,MAPPED,,20
18667,379,حَتَّى الآنَ,تركيب,,,من الماضي إلى الحاضر,MAPPED,,20
6718,380,عُرْفٌ,اسم جامد,عرف,فُعْل,السلوك المتكرر المقبول اجتماعياً,MAPPED,,20
6719,380,مُمَارَسَةٌ,اسم جامد,مرس,مُفَاعَلَة,الإجراء المعروف المتوقع,MAPPED,,20
6720,380,شَعِيرَةٌ,اسم جامد,شعر,فَعِيلَة,سلسلة أفعال تكرر بانتظام,MAPPED,,20
6721,380,تَقْلِيدٌ,اسم جامد,قلد,تَفْعِيل,عادة موروثة معروفة,MAPPED,,20
6722,380,عَادَةٌ,اسم جامد,عود,فَاعَلَة,ميل منتظم للتصرف,MAPPED,,20
6726,380,اتِّفَاقٌ,اسم جامد,فقق,اِفْتِعَال,سلوك معروف متفق عليه,MAPPED,,20
6729,380,تَقْلِيدِيٌّ,اسم منسوب,قلد,,متعلق بالتقاليد,MAPPED,,20
6730,380,طِقْسِيٌّ,اسم منسوب,طقس,,متعلق بالطقوس,MAPPED,,20
6731,380,مُعْتَادٌ,اسم مفعول,عود,مُفْتَعَل,متكرر كعادة,MAPPED,,20
6732,380,عُرْفِيٌّ,اسم منسوب,عرف,,وفق العرف والعادة,MAPPED,,20
13489,380,تَقْلِيدِياً,ظرف,قلد,,وفقاً للتقليد,MAPPED,,20
17313,380,طَرِيقَةٌ,اسم جامد,طرق,فَاعِيلَة,أسلوب الشخص أو الجماعة,MAPPED,,20
6737,381,أَشْعَلَ,فعل,شعل,أَفْعَلَ,وفر الحافز لبدء الحدث,MAPPED,,20
6742,381,وَلَّدَ,فعل,ولد,فَعَّلَ,تسبب في ظهور حالة,MAPPED,,20
6743,381,أَثَارَ,فعل,ثير,أَفْعَلَ,أيقظ شعوراً أو استجابة,MAPPED,,20
6744,381,أَحْدَثَ,فعل,حدث,أَفْعَلَ,سبب وقوع شيء,MAPPED,,20
6745,381,أَطْلَقَ,فعل,طلق,أَفْعَلَ,جعل شيء يتحرك,MAPPED,,20
6746,381,أَنْتَجَ,فعل,نتج,أَفْعَلَ,سبب الحدوث,MAPPED,,20
6747,381,خَلَقَ,فعل,خلق,فَعَلَ,أوجد شيئاً من عدم,MAPPED,,20
6749,381,وَلَّدَ,فعل,ولد,فَعَّلَ,أحضر للوجود,MAPPED,,20
12101,381,اسْتَحْضَرَ,فعل,حضر,اِسْتَفْعَلَ,استدعى ليحدث,MAPPED,,20
12102,381,اسْتَخْرَجَ,فعل,خرج,اِسْتَفْعَلَ,استنزع من الكمون,MAPPED,,20
12103,381,أَشْعَلَ,فعل,شعل,أَفْعَلَ,أثار شعوراً,MAPPED,,20
12104,381,حَرَّضَ,فعل,حرض,فَعَّلَ,شجع على السلوك السيء,MAPPED,,20
12105,381,حَرَّضَ,فعل,حرض,فَعَّلَ,بدأ أو شرع,MAPPED,,20
12106,381,حَفَّزَ,فعل,حفز,فَعَّلَ,حفز على النشاط,MAPPED,,20
12108,381,حَفَّزَ,فعل,حفز,فَعَّلَ,محفز للنشاط,MAPPED,,20
12110,381,أَثَارَ,فعل,ثير,أَفْعَلَ,حرك إلى النشاط,MAPPED,,20
12111,381,حَفَّزَ,فعل,حفز,فَعَّلَ,وفر منبهاً,MAPPED,,20
12112,381,اسْتَفَزَّ,فعل,فزز,اِسْتَفْعَلَ,أثار الغضب,MAPPED,,20
16376,381,شَغَّلَ,فعل,شغل,فَعَّلَ,جعل يعمل,MAPPED,,20
17280,381,أَثَارَ,فعل,ثير,أَفْعَلَ,سبب النشوء,MAPPED,,20
17370,381,أَطْلَقَ,فعل,طلق,أَفْعَلَ,أثار ردة فعل,MAPPED,,20
6797,382,نَادِمٌ,اسم فاعل,ندم,فَاعِل,يشعر بالندم,MAPPED,,20
6799,382,نَدَمٌ,مصدر,ندم,فَعَل,حالة الشعور بالندم,MAPPED,,20
6801,382,نَدِمَ,فعل,ندم,فَعِلَ,أسف على الماضي بمرارة,MAPPED,,20
6802,382,نَادِمٌ,اسم فاعل,ندم,فَاعِل,يبدي الندم بسخرية,MAPPED,,20
6803,382,تَابَ,فعل,توب,فَعَلَ,أبدى ندماً صادقاً,MAPPED,,20
6804,382,تَائِبٌ,اسم فاعل,توب,فَاعِل,يشعر بالندم,MAPPED,,20
6805,382,تَوْبَةٌ,اسم جامد,توب,فَعْلَة,الندم والرجوع,MAPPED,,20
6806,382,تَائِبٌ,اسم فاعل,توب,فَاعِل,يبدي أسفاً وندماً,MAPPED,,20
6807,382,تَوْبَةٌ,اسم جامد,توب,فَعْلَة,حالة الندم والأسف,MAPPED,,20
6809,382,نَدَمٌ,مصدر,ندم,فَعَل,أسف عميق على الذنب,MAPPED,,20
6810,382,نَادِمٌ,اسم فاعل,ندم,فَاعِل,مليء بالندم والأسف,MAPPED,,20
6816,382,آسِفٌ,اسم فاعل,اسف,فَاعِل,يشعر بالأسف,MAPPED,,20
6818,382,مُذْنِبٌ,اسم فاعل,ذنب,مُفْعِل,يشعر بالذنب,MAPPED,,20
6930,382,بِلاَ نَدَمٍ,تركيب,,,دون شعور بالندم,MAPPED,,20
6983,382,غَيْرُ تَائِبٍ,تركيب,,,لا يبدي ندماً,MAPPED,,20
6984,382,ذَنْبٌ,اسم جامد,ذنب,فَعْل,الشعور بالخطأ المرتكب,MAPPED,,20
6881,383,ثَخُنَ,فعل,ثخن,فَعُلَ,صار أكثر سمكاً,MAPPED,,20
6882,383,رَقَّقَ,فعل,رقق,فَعَّلَ,صار رقيق القوام,MAPPED,,20
6883,383,تَجَبَّنَ,فعل,جبن,تَفَعَّلَ,انفصل إلى كتل,MAPPED,,20
6885,383,لَيَّنَ,فعل,لين,فَعَّلَ,أصبح سهل الثني,MAPPED,,20
6886,383,صَلَّبَ,فعل,صلب,فَعَّلَ,أصبح قاسياً صلباً,MAPPED,,20
11317,383,تَجَمَّدَ,فعل,جمد,تَفَعَّلَ,تماسك الجيلاتين,MAPPED,,20
12016,383,تَخَثَّرَ,فعل,خثر,تَفَعَّلَ,تحول السائل لصلب,MAPPED,,20
12017,383,تَغَلَّظَ,فعل,غلظ,تَفَعَّلَ,صار شبه صلب,MAPPED,,20
12018,383,تَخَثَّرَ,فعل,خثر,تَفَعَّلَ,تشكل الجلطات,MAPPED,,20
12019,383,صَلَّبَ,فعل,صلب,فَعَّلَ,صار قاسياً,MAPPED,,20
12020,383,ثَخُنَ,فعل,ثخن,فَعُلَ,صار أكثر سمكاً,MAPPED,,20
12021,383,تَصَلَّبَ,فعل,صلب,تَفَعَّلَ,تجمد إلى صلابة,MAPPED,,20
6889,384,اصْطَدَمَ,فعل,صدم,اِفْتَعَلَ,اضطرب الإصبع بشدة,MAPPED,,20
6890,384,سَحَقَ,فعل,سحق,فَعَلَ,ضغط الإصبع,MAPPED,,20
6891,384,اصْطَدَمَ,فعل,صدم,اِفْتَعَلَ,اضطرب الجسد بشدة,MAPPED,,20
6892,384,آلَمَ,فعل,الم,أَفْعَلَ,أحس بالألم,MAPPED,,20
6893,384,جَرَحَ,فعل,جرح,فَعَلَ,أحدث ضرراً جسدياً,MAPPED,,20
6894,384,كَسَرَ,فعل,كسر,فَعَلَ,حطم العظم,MAPPED,,20
6898,384,لَوَى,فعل,لوي,فَعَلَ,فتل المفصل بعنف,MAPPED,,20
6899,384,أَرْهَقَ,فعل,رهق,أَفْعَلَ,أتعب العضلة,MAPPED,,20
6900,384,لَوَى,فعل,لوي,فَعَلَ,فتل خارج الموضع الطبيعي,MAPPED,,20
6901,384,شَدَّ,فعل,شدد,فَعَّلَ,أضر بالعضلة,MAPPED,,20
6902,384,مَزَّقَ,فعل,مزق,فَعَّلَ,قطع العضلة,MAPPED,,20
6903,384,قَطَعَ,فعل,قطع,فَعَلَ,أحدث جرحاً حاداً,MAPPED,,20
6904,384,احْتَرَقَ,فعل,حرق,اِفْتَعَلَ,أصيب بالحرق,MAPPED,,20
6925,384,صَفَعَ,فعل,صفع,فَعَلَ,ضرب بقسوة,MAPPED,,20
11185,384,حَتَّ,فعل,حتت,فَعَلَ,كشط بالاحتكاك,MAPPED,,20
11263,384,خَدَشَ,فعل,خدش,فَعَلَ,قطع الجلد سطحياً,MAPPED,,20
11264,384,كَدَمَ,فعل,كدم,فَعَلَ,أصيب بكدمة,MAPPED,,20
15570,384,خَدَشَ,فعل,خدش,فَعَلَ,جرح السطح,MAPPED,,20
15777,384,احْتَرَقَ,فعل,حرق,اِفْتَعَلَ,أصيب بحروق الشمس,MAPPED,,20
17511,384,إِصَابَةٌ,مصدر,صيب,إِفْعَالَة,الضرر الجسدي,MAPPED,,20
6887,385,ذَائِبٌ,صفة مشبهة,ذيب,فَاعِل,أصبح سائلاً من الجليد,MAPPED,,20
6888,385,ذَائِبٌ,صفة مشبهة,ذيب,فَاعِل,أصبح سائلاً بالحرارة,MAPPED,,20
6895,385,مَسْيُولٌ,اسم مفعول,سيل,مَفْعُول,تحول لسائل,MAPPED,,20
6896,385,مُتَجَمِّدٌ,اسم فاعل,جمد,مُتَفَعِّل,تحول لجليد,MAPPED,,20
6897,385,ذَائِبٌ,صفة مشبهة,ذيب,فَاعِل,ذاب من التجمد,MAPPED,,20
6957,385,مُتَصَلِّبٌ,اسم فاعل,صلب,مُتَفَعِّل,تجمد صلباً,MAPPED,,20
16333,385,صُلْبٌ,اسم جامد,صلب,فُعْل,مادة قاسية الهيئة,MAPPED,,20
16334,385,غَازٌ,اسم جامد,غيز,فَاعِل,مادة غير الشكل,MAPPED,,20
16335,385,غَازِيٌّ,اسم منسوب,غيز,,متعلق بالغاز,MAPPED,,20
16336,385,بُخَارٌ مُتَأَيِّنٌ,تركيب,,,حالة الغاز المتأين,MAPPED,,20
16337,385,سَائِلٌ,اسم جامد,سيل,فَاعِل,مادة قابلة للسيلان,MAPPED,,20
16338,385,سَائِلٌ,صفة مشبهة,سيل,فَاعِل,له خصائص السائل,MAPPED,,20
6907,386,دَخَّنَ,فعل,دخن,فَعَّلَ,استنشق دخان التبغ,MAPPED,,20
6908,386,اسْتَنْشَقَ,فعل,نشق,اِسْتَفْعَلَ,سحب عبر الأنف,MAPPED,,20
6909,386,شَفَطَ,فعل,شفط,فَعَلَ,سحب دخان السيجارة,MAPPED,,20
6910,386,شَفْطَةٌ,اسم مرة,شفط,فَعْلَة,عملية سحب واحدة,MAPPED,,20
6911,386,سَحْبَةٌ,اسم مرة,سحب,فَعْلَة,شفطة من السيجارة,MAPPED,,20
6912,386,شَفَطَ,فعل,شفط,فَعَلَ,سحب بعمق من السيجارة,MAPPED,,20
6913,386,تَعَاطَى,فعل,عطي,تَفَاعَلَ,تناول عقار,MAPPED,,20
7115,386,حَقَنَ,فعل,حقن,فَعَلَ,أدخل بالحقنة,MAPPED,,20
7118,386,حَقَنَ,فعل,حقن,فَعَلَ,حقن نفسه بالمخدر,MAPPED,,20
7121,386,اسْتَنْشَقَ,فعل,نشق,اِسْتَفْعَلَ,استنشق أدخنة,MAPPED,,20
7123,386,تَعَاطَى,فعل,عطي,تَفَاعَلَ,تناول المخدر بانتظام,MAPPED,,20
7124,386,تَعَاطَى,فعل,عطي,تَفَاعَلَ,تعاطى عقار غير قانوني,MAPPED,,20
7125,386,تَنَاوَلَ,فعل,نول,تَفَاعَلَ,تناول العقار,MAPPED,,20
15301,386,شَفَطَ,فعل,شفط,فَعَلَ,امتص الدخان بسرعة,MAPPED,,20
17699,386,تَنَاوَلَ,فعل,نول,تَفَاعَلَ,تناول بقصد,MAPPED,,20
6958,387,سِجْنٌ,اسم جامد,سجن,فِعْل,مؤسسة لحبس المجرمين,MAPPED,,20
6959,387,سِجْنٌ,اسم جامد,سجن,فِعْل,مكان حبس المتهمين,MAPPED,,20
6960,387,سِجْنٌ,اسم جامد,سجن,فِعْل,بناء حبس المجرمين,MAPPED,,20
6961,387,سِجْنٌ,اسم جامد,سجن,فِعْل,دار السجن,MAPPED,,20
6962,387,سِجْنٌ,اسم جامد,سجن,فِعْل,السجن بالعامية,MAPPED,,20
6964,387,حِصْنٌ عَسْكَرِيٌّ,تركيب,,,سجن عسكري,MAPPED,,20
6965,387,سِجْنٌ,اسم جامد,سجن,فِعْل,اختصار لاسم السجن,MAPPED,,20
6966,387,سِجْنٌ,اسم جامد,سجن,فِعْل,السجن بالعامية,MAPPED,,20
6968,387,مُؤَسَّسَةٌ إِصْلاحِيَّةٌ,تركيب,,,دار إصلاح وسجن,MAPPED,,20
7006,387,سِجْنٌ بَحْرِيٌّ,تركيب,,,سجن على السفينة,MAPPED,,20
6975,388,كَفَّرَ,فعل,كفر,فَعَّلَ,أسقط الذنب بالجبر,MAPPED,,20
6976,388,تَكْفِيرٌ,مصدر,كفر,تَفْعِيل,جبر الخطأ والذنب,MAPPED,,20
6977,388,كَفَّرَ,فعل,كفر,فَعَّلَ,كفر عن الخطيئة,MAPPED,,20
6978,388,تَكْفِيرٌ,مصدر,كفر,تَفْعِيل,عملية التكفير,MAPPED,,20
6979,388,تَكْفِيرِيٌّ,اسم منسوب,كفر,,متعلق بالتكفير,MAPPED,,20
6980,388,مُكَفِّرٌ,اسم فاعل,كفر,مُفَعِّل,من يكفر الذنب,MAPPED,,20
6981,388,مُكَفِّرٌ,اسم فاعل,كفر,مُفَعِّل,من يكفر عن الذنب,MAPPED,,20
7033,390,حَشِيشٌ,اسم جامد,حشش,فَعِيل,نبات مخدر يدخن,MAPPED,,20
7034,390,هيِرُويِينٌ,اسم جامد,,,عقار مخدر قوي دخيل,MAPPED,,20
7035,390,كوكايِينٌ,اسم جامد,,,عقار منبه قوي دخيل,MAPPED,,20
7036,390,أَفِيُونٌ,اسم جامد,,,عقار مخدر من الخشخاش دخيل,MAPPED,,20
7037,390,إل إس دي,مبني,,,مركب هلوسي قوي دخيل,MAPPED,,20
7039,390,مِسْكَالِينٌ,اسم جامد,,,مركب هلوسي من الصبار دخيل,MAPPED,,20
7044,390,إِكْسْتَاسِي,اسم جامد,,,عقار تخديري دخيل,MAPPED,,20
7045,390,ميِثامفيتامِينٌ,اسم جامد,,,عقار منبه دخيل,MAPPED,,20
7054,390,حَشِيشٌ,اسم جامد,حشش,فَعِيل,مستخرج نبات الحشيش,MAPPED,,20
7055,390,أَمفيتامِينٌ,اسم جامد,,,عقار منبه دخيل,MAPPED,,20
7056,390,باربيتوُرَاتٌ,اسم جامد,,,أدوية مهدئة دخيل,MAPPED,,20
7057,390,مُهَدِّئٌ,اسم فاعل,هدأ,مُفَعِّل,دواء يهدئ,MAPPED,,20
7059,390,مُهَدِّئٌ,اسم فاعل,هدأ,مُفَعِّل,عقار لتهدئة,MAPPED,,20
7060,390,حَشِيشٌ,اسم جامد,حشش,فَعِيل,مخدر غير قانوني,MAPPED,,20
7061,390,كوكايِينٌ,اسم جامد,,,كوكايين بالعامية دخيل,MAPPED,,20
7062,390,مُنَشِّطٌ,اسم فاعل,نشط,مُفَعِّل,دواء منشط,MAPPED,,20
7063,390,مُهَدِّئٌ,اسم فاعل,هدأ,مُفَعِّل,عقار مهدئ,MAPPED,,20
7064,390,أَمفيتامِينٌ,اسم جامد,,,منبه دخيل,MAPPED,,20
7065,390,كرَاكٌ,اسم جامد,,,كوكايين متبلور دخيل,MAPPED,,20
7066,390,كوكايِينٌ مُنقًّى,تركيب,,,كوكايين معالج,MAPPED,,20
7067,390,حَشِيشٌ,اسم جامد,حشش,فَعِيل,الحشيش بالعامية,MAPPED,,20
7068,390,إل إس دي,مبني,,,حمض هلوسي دخيل,MAPPED,,20
7069,390,مُهَلْوِسٌ,اسم فاعل,هلس,مُفَعِّل,عقار يسبب هلاوس,MAPPED,,20
7070,390,تُتُنٌ,اسم جامد,تتن,فُعُل,ورق النبات المخدر,MAPPED,,20
7071,390,نِيكوتِينٌ,اسم جامد,,,مادة سامة من التبغ دخيل,MAPPED,,20
7072,390,خَمْرٌ,اسم جامد,خمر,فَعْل,السائل المسكر,MAPPED,,20
7073,390,كيتامِينٌ,اسم جامد,,,عقار تخديري دخيل,MAPPED,,20
7074,390,مُورفِينٌ,اسم جامد,,,عقار مسكن من الأفيون دخيل,MAPPED,,20
7075,390,كودِيينٌ,اسم جامد,,,عقار مسكن ومنوم دخيل,MAPPED,,20
7076,390,مُسْتَنْشَقٌ,اسم فاعل,نشق,مُسْتَفْعَل,مادة متطايرة تستنشق,MAPPED,,20
7077,390,حَشِيشٌ,اسم جامد,حشش,فَعِيل,حشيش بالعامية,MAPPED,,20
7078,390,حَشِيشٌ,اسم جامد,حشش,فَعِيل,حشيش بالعامية,MAPPED,,20
7079,390,حَشِيشٌ,اسم جامد,حشش,فَعِيل,نبات القنب,MAPPED,,20
7080,390,بيِيوتِي,اسم جامد,,,صبار هلوسي دخيل,MAPPED,,20
7122,390,نَشُوقٌ,اسم جامد,نشق,فَعُول,تبغ مسحوق يشمع,MAPPED,,20
7911,390,عِقَارٌ,اسم جامد,عقر,فِعَال,مادة كيميائية مؤثرة,MAPPED,,20
17680,390,سِيجَارَةٌ,اسم جامد,سجر,فِيعَالَة,لفافة تبغ دخيل,MAPPED,,20
7040,391,سَاعَدَ,فعل,سعد,فَاعَلَ,يساعد بعمل أو مال,MAPPED,,20
7041,391,سَاعَدَ,فعل,سعد,فَاعَلَ,يسهل على شخص العمل,MAPPED,,20
7042,391,حَرَّضَ,فعل,حرض,فَعَّلَ,يشجع على الخطأ,MAPPED,,20
7043,391,أَغَاثَ,فعل,غيث,أَفْعَلَ,نجدة وإعانة,MAPPED,,20
7046,391,مُسَاعِدٌ,اسم فاعل,سعد,مُفَاعِل,جاهز لتقديم المساعدة,MAPPED,,20
11591,391,مُسَاعَدَةٌ,مصدر,سعد,مُفَاعَلَة,عملية المساعدة,MAPPED,,20
11696,391,سَاعَدَ,فعل,سعد,فَاعَلَ,قدم المساعدة,MAPPED,,20
11699,391,مُسَاعَدَةٌ,مصدر,سعد,مُفَاعَلَة,الإعانة والدعم,MAPPED,,20
11755,391,أَعَانَ,فعل,عون,أَفْعَلَ,نجد في الشدة,MAPPED,,20
11869,391,خَدَمَ,فعل,خدم,فَعَلَ,أدى الخدمة,MAPPED,,20
11870,391,وَفَّرَ,فعل,وفر,فَعَّلَ,قدم المطلوب,MAPPED,,20
12165,391,مُسَاعَدَةٌ,مصدر,سعد,مُفَاعَلَة,الإعانة والمساعدة,MAPPED,,20
13123,391,إِعَانَةٌ,اسم جامد,عون,إِفَاعَة,مادة مساعدة,MAPPED,,20
13144,391,حَرَّضَ,فعل,حرض,فَعَّلَ,شجع على الخطأ,MAPPED,,20
7051,392,مُلْزَمٌ,اسم مفعول,لزم,مُفْعَل,مجبور قانوناً,MAPPED,,20
7116,392,وَاجِبٌ,اسم جامد,وجب,فَاعِل,التزام أدبي أو قانوني,MAPPED,,20
7117,392,وَظِيفَةٌ,اسم جامد,وظف,فَاعِلَة,مسؤولية أو التزام,MAPPED,,20
7119,392,مُهِمَّةٌ,اسم جامد,همم,مُفِعَّلَة,عمل مطلوب,MAPPED,,20
7120,392,مَسْؤُولِيَّةٌ,اسم جامد,سول,مَفْعُولِيَّة,واجب مطلوب,MAPPED,,20
8003,392,التِزَامٌ,مصدر,لزم,اِلْتِفَاع,التزام أدبي أو قانوني,MAPPED,,20
8004,392,مُلْزَمٌ,اسم مفعول,لزم,مُفْعَل,مرغم على العمل,MAPPED,,20
15547,392,تَكْلِيفٌ,مصدر,كلف,تَفْعِيل,مهمة مسندة,MAPPED,,20
15548,392,بِعْثَةٌ,اسم جامد,بعث,فِعْلَة,مهمة مهمة,MAPPED,,20
15549,392,تَكْلِيفٌ,مصدر,كلف,تَفْعِيل,طلب عمل,MAPPED,,20
15550,392,عَقْدٌ,اسم جامد,عقد,فَعْل,اتفاق مكتوب,MAPPED,,20
18521,392,مُلْزَمٌ,اسم مفعول,لزم,مُفْعَل,مرغم قانوناً,MAPPED,,20
18522,392,فَرْضٌ,مصدر,فرض,فَعْل,التزام مفروض,MAPPED,,20
7083,393,ثُؤْلُول,اسم جامد,ثءل,فُعْلول,نمو صغير حميد على الجلد,MAPPED,,21
7084,393,بَثْرَة,اسم جامد,بثر,فِعْلة,نتوء ملتهب على الجلد,MAPPED,,21
7085,393,حَب أَسْوَد,تركيب,,,سداد دهني مؤكسد في المسام,MAPPED,,21
7086,393,نَدْبَة,اسم جامد,ندب,فِعْلة,أثر على الجلد بعد شفاء جرح,MAPPED,,21
7087,393,خَال,اسم جامد,خول,فَعَال,بقعة داكنة من الميلانين,MAPPED,,21
7088,393,عَيْب,اسم جامد,عيب,فَيْل,آفة صغيرة تشوه المظهر,MAPPED,,21
7089,393,وَحْمَة,اسم جامد,وحم,فِعْلة,علامة ملونة منذ الولادة,MAPPED,,21
7090,393,نَمَش,اسم جامد,نمش,فَعَل,بقع بنية فاتحة على الجلد,MAPPED,,21
7091,393,بَثْرَة,اسم جامد,بثر,فِعْلة,نتوء ملتهب على الجلد,MAPPED,,21
7092,393,دَمَل,اسم جامد,دمل,فَعَل,انتفاخ ملتهب ممتلئ قيح,MAPPED,,21
7093,393,فُقَاعَة,اسم جامد,فقع,فِعَالة,فقاعة على الجلد ممتلئة مصل,MAPPED,,21
7094,393,طَفَح,اسم جامد,طفح,فَعَل,احمرار منطقة من الجلد,MAPPED,,21
7098,393,عَلَامَة عَض,تركيب,,,أثر من العض أثناء اللعب,MAPPED,,21
7099,393,بُقْعَة كَبِدِيَّة,تركيب,,,بقعة من تقدم السن,MAPPED,,21
7101,393,بُقْعَة,اسم جامد,بقع,فِعْلة,رقعة كبيرة قبيحة المظهر,MAPPED,,21
7102,393,بَثْرَة,اسم جامد,بثر,فِعْلة,بثرة تحوي قيحا,MAPPED,,21
7103,393,قُرْح الْفَم,تركيب,,,تقرح ملتهب قرب الفم,MAPPED,,21
7165,393,مَلَس,اسم جامد,ملس,فَعَل,جزء سميك من الجلد,MAPPED,,21
7166,393,قُرْحَة,اسم جامد,قرح,فِعْلة,موضع خام مؤلم,MAPPED,,21
7167,393,قُرْحَة الْفِرَاش,تركيب,,,قرحة من الاستلقاء المستمر,MAPPED,,21
10122,393,حَب الشَّبَاب,تركيب,,,بثور من التهاب الغدد الدهنية,MAPPED,,21
7222,395,ضَرَبَ,فعل,ضرب,فَعَلَ,وجه بضربة باليد أو أداة,MAPPED,,21
7223,395,لَطَمَ,فعل,لطم,فَعَلَ,جعل شيئا يصطدم بصفعة,MAPPED,,21
7224,395,صَرَعَ,فعل,صرع,فَعَلَ,دفع بقوة عنيفة,MAPPED,,21
7225,395,قَرَعَ,فعل,قرع,فَعَلَ,اضرب بقوة بضوضاء,MAPPED,,21
7226,395,اصْطَدَمَ,فعل,صدم,اِفْتَعَلَ,وجه جسما فيصطدم,MAPPED,,21
7227,395,احْتَكَّ,فعل,حكك,اِفْتَعَلَ,جعل شيئا يلمس عرضيا,MAPPED,,21
7228,395,اخْتَرَقَ,فعل,خرق,اِفْتَعَلَ,وجه مركبة فتصطدم,MAPPED,,21
7229,395,اصْطَدَمَ,فعل,صدم,اِفْتَعَلَ,جعل جسما يصطدم,MAPPED,,21
7230,395,صَفَعَ,فعل,صفع,فَعَلَ,ضرب بباطن اليد,MAPPED,,21
7231,395,ضَرَبَ,فعل,ضرب,فَعَلَ,ضرب شيئا بقوة,MAPPED,,21
7232,395,سَقَطَ,فعل,سقط,فَعَلَ,حرك جسما بضوضاء عميقة,MAPPED,,21
7242,395,اصْطَدَمَ,فعل,صدم,اِفْتَعَلَ,أجبر جسما على الاصطدام,MAPPED,,21
9770,395,اصْطَدَمَ,فعل,صدم,اِفْتَعَلَ,اضرب يصدر صوتا,MAPPED,,21
9771,395,اصْطَدَمَ,فعل,صدم,اِفْتَعَلَ,جعل يصطدم بقوة,MAPPED,,21
9772,395,صَفَقَ,فعل,صفق,فَعَلَ,جعل يصطدم بضوضاء,MAPPED,,21
9773,395,لَمَسَ,فعل,لمس,فَعَلَ,جعل شيئين يلتمسان,MAPPED,,21
9774,395,تَلَامَسَ,فعل,لمس,تَفَاعَلَ,جعل يلمس برفق,MAPPED,,21
9775,395,طَرَقَ,فعل,طرق,فَعَلَ,جعل يصطدم برقعة,MAPPED,,21
9776,395,خَشْخَشَ,فعل,خشش,فَعْلَلَ,جعل يصطدم برقع سريعة,MAPPED,,21
9778,395,حَفْحَفَ,فعل,حفف,فَعْلَلَ,جعل يلتمس بصوت خافت,MAPPED,,21
9779,395,ضَرَبَ,فعل,ضرب,فَعَلَ,ضرب بالقبضة أو أداة,MAPPED,,21
11120,395,اصْطَدَمَ,فعل,صدم,اِفْتَعَلَ,جعل يصطدم بقوة,MAPPED,,21
11160,395,طَعَنَ,فعل,طعن,فَعَلَ,طعن حادا بقسوة,MAPPED,,21
7255,396,شَعَرَ,فعل,شعر,فَعَلَ,عاش انفعالا معينا,MAPPED,,21
7256,396,مُمْتَلِئ,اسم مفعول,ملأ,مُفْتَعِل,متمكن من انفعال,MAPPED,,21
7257,396,وَجَدَ,فعل,وجد,فَعَلَ,عاش انفعالا عاطفيا,MAPPED,,21
10300,396,مَشَاعِر,اسم جامد,شعر,مَفَاعِل,ردود فعل عاطفية,MAPPED,,21
10301,396,انْفِعَال,مصدر,نفع,اِنْفِعَال,شعور قوي مثل الفرح,MAPPED,,21
16496,396,إِحْسَاس,مصدر,حسس,إِفْعَال,شعور قد يكون غامضا,MAPPED,,21
7296,397,احْتَوَىٰ,فعل,حوي,اِفْتَعَلَ,ضم أو حفظ في الداخل,MAPPED,,21
7297,397,أَمْسَكَ,فعل,مسك,أَفْعَلَ,ضم أو يكون قادرا,MAPPED,,21
13175,397,أَوْوَىٰ,فعل,أوي,أَفْعَلَ,ضم أو يحوي,MAPPED,,21
17644,397,خَزَّنَ,فعل,خزن,فَعَّلَ,حفظ محتويات في حاوية,MAPPED,,21
7313,399,جَدِير,صفة مشبهة,جدر,فَعِيل,يستحق المدح,MAPPED,,21
7314,399,مَحْمُود,اسم مفعول,حمد,مَفْعُول,يستحق الثناء,MAPPED,,21
7315,399,مُسْتَهْجَن,اسم مفعول,هجن,مُفْتَعَل,يستحق الانتقاد,MAPPED,,21
7317,399,مَلُوم,اسم مفعول,لوم,مَفْعُول,يستحق العتاب,MAPPED,,21
7318,399,بَشِع,صفة مشبهة,بشع,فَعِيل,يستحق الاستنكار,MAPPED,,21
7319,399,مُؤْسِف,اسم فاعل,أسف,مُفْعِل,مؤسف يستحق الندم,MAPPED,,21
7320,399,جَدِير,صفة مشبهة,جدر,فَعِيل,يستحق المدح,MAPPED,,21
7321,399,جَدِير,صفة مشبهة,جدر,فَعِيل,يستحق الاحترام,MAPPED,,21
7322,399,مَسْكِين,صفة مشبهة,سكن,فَعِيل,يستحق الرثاء,MAPPED,,21
7323,399,جَلِيل,صفة مشبهة,جلل,فَعِيل,يستحق احترام كبير,MAPPED,,21
7324,399,مُشَرِّف,اسم فاعل,شرف,مُفَعِّل,يستحق الاعتراف,MAPPED,,21
7325,399,كَرِيه,صفة مشبهة,كره,فَعِيل,يستحق الكراهية,MAPPED,,21
7326,399,فَظِيع,صفة مشبهة,فظع,فَعِيل,يستحق الاشمئزاز,MAPPED,,21
7327,399,مَلْعُون,اسم مفعول,لعن,مَفْعُول,جدير باللعنة,MAPPED,,21
7328,399,شَرِيف,صفة مشبهة,شرف,فَعِيل,يستحق الشرف,MAPPED,,21
7329,399,خَزِي,صفة مشبهة,خزي,فَعِيل,يستحق العار,MAPPED,,21
7330,399,جَدِير,صفة مشبهة,جدر,فَعِيل,يستحق الجزاء,MAPPED,,21
8533,399,حَقِير,صفة مشبهة,حقر,فَعِيل,يستحق الاحتقار,MAPPED,,21
7331,400,تَعْوِيض,مصدر,عوض,تَفْعِيل,إصلاح خطأ بتعويض,MAPPED,,21
7332,400,إِعَادَة,مصدر,عود,إِفْعَالة,إعادة إلى الحالة الأصلية,MAPPED,,21
7337,400,تَعْوِيض,مصدر,عوض,تَفْعِيل,عمل للتعويض,MAPPED,,21
7338,400,عَوَّضَ,فعل,عوض,فَعَّلَ,قام بالتعويض,MAPPED,,21
7333,401,سَامَحَ,فعل,سمح,فَاعَلَ,توقف عن الغضب,MAPPED,,21
7334,401,مَسَامَحَة,مصدر,سمح,مَفَاعَلة,فعل المسامحة,MAPPED,,21
7335,401,عَفَا,فعل,عفو,فَعَلَ,سامح عن خطأ,MAPPED,,21
7336,401,عَفَا,فعل,عفو,فَعَلَ,سامح أو عفا,MAPPED,,21
8005,401,تَغَاضَىٰ,فعل,غضض,تَفَاعَلَ,قبل سلوكا خاطئا,MAPPED,,21
7433,402,أَسَاسِي,اسم منسوب,أسس,أَفَاعِيل,من الأهمية الأولى,MAPPED,,21
7434,402,رَئِيسِي,اسم منسوب,رئس,فَاعِيلِي,أعظم في الأهمية,MAPPED,,21
7435,402,أَكْبَر,صفة مشبهة,كبر,أَفْعَل,الأهم والأبرز,MAPPED,,21
7436,402,أَوَّل,صفة مشبهة,أول,أَوَّل,أول من حيث الأهمية,MAPPED,,21
7437,402,أَبْرَز,صفة مشبهة,برز,أَفْعَل,الأكثر بروزا,MAPPED,,21
7650,402,صَدَارَة,مصدر,صدر,فَعَالة,الأهمية الأولى,MAPPED,,21
11718,402,رَائِد,اسم فاعل,ريد,فَاعِل,الأهم أو الأول,MAPPED,,21
13253,402,أَعْلَىٰ,صفة مشبهة,علو,أَفْعَل,الأعلى ترتيبا,MAPPED,,21
13254,402,زَعِيم,اسم فاعل,زعم,فَعِيل,الأعلى ترتيبا,MAPPED,,21
7438,403,ابْتَدَعَ,فعل,بدع,اِفْتَعَلَ,أنشأ شيئا جديدا,MAPPED,,21
7439,403,سَبَقَ,فعل,سبق,فَعَلَ,كان الأول في فعل,MAPPED,,21
7440,403,اخْتَرَعَ,فعل,خرع,اِفْتَعَلَ,أنشأ جهازا جديدا,MAPPED,,21
7441,403,اكْتَشَفَ,فعل,كشف,اِفْتَعَلَ,كان الأول في الإيجاد,MAPPED,,21
7442,403,صَاغَ,فعل,صوغ,فَعَلَ,ابتكر كلمة جديدة,MAPPED,,21
7443,403,صِيَاغَة,مصدر,صوغ,فِعَالة,ابتكار كلمات,MAPPED,,21
7444,403,اكْتِشَاف,مصدر,كشف,اِفْتِعَال,فعل الإيجاد الأول,MAPPED,,21
7445,403,مُكْتَشِف,اسم فاعل,كشف,مُفْتَعِل,من يكتشف,MAPPED,,21
7446,403,مُبْتَدِع,اسم فاعل,بدع,مُفْتَعِل,من ينشئ عرفا,MAPPED,,21
7447,403,مُخْتَرِع,اسم فاعل,خرع,مُفْتَعِل,من ينشئ جهازا,MAPPED,,21
7448,403,اخْتِرَاع,مصدر,خرع,اِفْتِعَال,فعل الإنشاء,MAPPED,,21
7449,403,رَائِد,اسم فاعل,ريد,فَاعِل,من يذهب أولا,MAPPED,,21
7450,403,رَائِد,اسم فاعل,ريد,فَاعِل,نشاط الريادة,MAPPED,,21
16604,403,ابْتَكَرَ,فعل,بكر,اِفْتَعَلَ,ابتكر قبل غيره,MAPPED,,21
17657,403,مُخْتَرَع,اسم مفعول,خرع,مُفْتَعَل,الكائن من الاختراع,MAPPED,,21
7474,404,مَرَادِف,اسم فاعل,ردف,مَفَاعِل,كلمة معنى متطابق,MAPPED,,21
7475,404,نَقِيض,صفة مشبهة,نقص,فَعِيل,كلمة معاكسة,MAPPED,,21
7476,404,ضِد,اسم جامد,ضدد,فِعْل,مضاد قابل للتدرج,MAPPED,,21
7477,404,نَوْع,اسم جامد,نوع,فَعْل,دلالة نوع,MAPPED,,21
7491,404,جِنْس,اسم جامد,جنس,فِعْل,تعبير أعم,MAPPED,,21
7492,404,مُتَرَادِف,اسم مفعول,ردف,مُتَفَاعِل,معنى واحد,MAPPED,,21
7493,404,جُزْء,اسم جامد,جزء,فُعْل,تعبير يسمي جزء,MAPPED,,21
7494,404,كُل,اسم جامد,كلل,فُعْل,تعبير يسمي الكل,MAPPED,,21
7495,404,لِقَاء,مصدر,لقي,اِفْتِعَال,كلمات نطق واحد,MAPPED,,21
7496,404,اشْتِرَاك,مصدر,شرك,اِفْتِعَال,كلمات رسم واحد,MAPPED,,21
7497,404,مُصَاحِب,اسم فاعل,صحب,مُفَاعِل,تعبير متعاصر,MAPPED,,21
7498,404,يَتَعَاصَرُ,فعل,عصر,يَتَفَاعَل,يتعاصر التعبيران,MAPPED,,21
7517,404,مُشْتَرَك,اسم فاعل,شرك,مُفْتَعَل,كلمات رسم ونطق,MAPPED,,21
7519,404,مُتَّحِد النَّطْق,تركيب,,,كلمات نطق واحد,MAPPED,,21
13846,405,مُوسِيقَىٰ,اسم جامد,موسق,فُولَا,فن دمج الأصوات,MAPPED,,21
13848,405,عَرْض,مصدر,عرض,فَعْل,فعل تقديم عرض,MAPPED,,21
14194,405,مَسْرَحِيَّة,اسم منسوب,سرح,مَفْعَلِيَّة,عمل درامي,MAPPED,,21
7480,406,يَدُلُّ,فعل,دلل,يَفْعُل,وظيفة تعبير,MAPPED,,21
7481,406,دِلَالَة,مصدر,دلل,فِعَالة,معنى مباشر,MAPPED,,21
7482,406,غَامِض,صفة مشبهة,غمض,فَاعِل,لغة متعددة المعنى,MAPPED,,21
7483,406,مُتَعَدِّد,اسم فاعل,عدد,مُتَفَعِّل,تعبير معان متعددة,MAPPED,,21
7484,406,أَحَادِي,صفة مشبهة,حدي,أَفَاعِيل,تعبير معنى واحد,MAPPED,,21
7485,406,غَيْر مُحَدَّد,تركيب,,,غير واضح المعنى,MAPPED,,21
7486,406,يُشِير,فعل,شير,يُفْعِل,تعبير يدل,MAPPED,,21
7487,406,مَحْتَوَىٰ,مصدر,حتو,مَفْتَوَىٰ,محتوى مفهوم,MAPPED,,21
7488,406,نِطَاق,اسم جامد,نطق,فِعَال,نطاق الحد,MAPPED,,21
7489,406,مَعْنَىٰ,اسم جامد,معن,مَفْعَل,ما يقصده تعبير,MAPPED,,21
7490,406,يَعْنِي,فعل,عني,يَفْعِل,كلمة لها دلالة,MAPPED,,21
7515,406,إِحَالِي,اسم منسوب,حول,إِفَاعِيل,لتعبير مرجع,MAPPED,,21
7516,406,غَيْر إِحَالِي,تركيب,,,تعبير بدون مرجع,MAPPED,,21
7520,406,مَعْنًىٰ,اسم جامد,معن,مَفْعَل,طريقة تفسير,MAPPED,,21
7521,406,قِرَاءَة,مصدر,قرأ,فِعَالة,فهم معنى كلمة,MAPPED,,21
7506,407,حَاسِم,صفة مشبهة,حسم,فَاعِل,نقطة حاسمة,MAPPED,,21
7507,407,حَاسِم,صفة مشبهة,حسم,فَاعِل,أهمية حاسمة,MAPPED,,21
7508,407,أَسَاسِي,اسم منسوب,أسس,أَفَاعِيل,من الأهمية الحيوية,MAPPED,,21
7512,407,حَاسِم,صفة مشبهة,حسم,فَاعِل,يقطع بحسم,MAPPED,,21
7522,407,حَوْرِي,اسم منسوب,حور,فَعْلِي,أهمية محورية,MAPPED,,21
7528,407,مُهِم,اسم فاعل,همم,مُفِعْل,عظيم الدلالة,MAPPED,,21
7529,407,ذُو شَأْن,تركيب,,,مهم يجدر بالانتباه,MAPPED,,21
7530,407,أَهَمِّيَّة,اسم منسوب,همم,أَفَعِّيَّة,حالة كون مهما,MAPPED,,21
7531,407,شَأْن,اسم جامد,شأن,فَعْل,صفة الأهمية,MAPPED,,21
7532,407,أَهَمِّيَّة,اسم منسوب,همم,أَفَعِّيَّة,الأهمية والقيمة,MAPPED,,21
12252,407,أَكْبَر,صفة مشبهة,كبر,أَفْعَل,مهم أو خطير,MAPPED,,21
13147,407,أَسَاسِي,اسم منسوب,أسس,أَفَاعِيل,مهم كوسيلة,MAPPED,,21
13148,407,حَيَوِي,اسم منسوب,حيو,فَعَوِي,ضروري جدا,MAPPED,,21
13251,407,شَرِيف,صفة مشبهة,شرف,فَعِيل,له جدارة,MAPPED,,21
13768,407,أَسَاسِي,اسم منسوب,أسس,أَفَاعِيل,أساسي مركزي,MAPPED,,21
13875,407,,,,,,NO_ARABIC_EQUIVALENT,No mapping found,21
14313,407,جَادّ,صفة مشبهة,جدد,فَاعِل,مهم أو قلق,MAPPED,,21
14314,407,بِجِدِّيَّة,تركيب,,,بدرجة خطيرة,MAPPED,,21
14861,407,حَاسِم,صفة مشبهة,حسم,فَاعِل,مهم حرج,MAPPED,,21
14965,407,عَلَّامَة,اسم جامد,علم,فَعَّالة,أهمية محورية,MAPPED,,21
15024,407,عَظِيم,صفة مشبهة,عظم,فَعِيل,مثير إعجاب,MAPPED,,21
15064,407,يُهِم,فعل,همم,يُفْعِل,يكون مهما,MAPPED,,21
17507,407,أَوْلَوِيَّة,اسم منسوب,ولي,أَفْعَلِيَّة,تأكيد الأهمية,MAPPED,,21
7518,408,صَنَّعَ,فعل,صنع,فَعَّلَ,صنع على نطاق واسع,MAPPED,,21
7523,408,أَنْتَجَ,فعل,نتج,أَفْعَلَ,صنع أو أنشأ,MAPPED,,21
7524,408,تَصْنِيع,مصدر,صنع,تَفْعِيل,عملية التصنيع,MAPPED,,21
7526,408,صَنَعَ,فعل,صنع,فَعَلَ,شكل بجمع أجزاء,MAPPED,,21
7533,408,تَصْنِيع,مصدر,صنع,تَفْعِيل,عملية الإنتاج,MAPPED,,21
7708,408,مُصَنِّع,اسم فاعل,صنع,مُفَعِّل,شركة تصنع,MAPPED,,21
11441,408,إِنْتَاج,مصدر,نتج,إِفْعَال,فعل الإنتاج,MAPPED,,21
11595,408,مُنْتِج,اسم فاعل,نتج,مُفْعِل,شركة تنتج,MAPPED,,21
11667,408,صِنَاعِي,اسم منسوب,صنع,فِعَالِي,متعلق بالصناعة,MAPPED,,21
11757,408,صَنَّعَ,فعل,صنع,فَعَّلَ,شيد منتجا,MAPPED,,21
11758,408,تَصْنِيع,مصدر,صنع,تَفْعِيل,تشييد منتج,MAPPED,,21
15239,408,صَانِع,اسم فاعل,صنع,فَاعِل,طرف التصنيع,MAPPED,,21
16139,408,مُنْتَج,اسم مفعول,نتج,مُفْعَل,السلعة النهائية,MAPPED,,21
18332,408,خَطّ إِنْتَاج,تركيب,,,موقع التصنيع,MAPPED,,21
7557,409,صَانِع أَفْلَام,تركيب,,,شخص يخرج أفلاما,MAPPED,,21
7558,409,مُخْرِج,اسم فاعل,خرج,مُفْعِل,شخص يخرج فيلما,MAPPED,,21
7559,409,مُنْتِج,اسم فاعل,نتج,مُفْعِل,شخص يدير فيلما,MAPPED,,21
7560,409,خَرَّجَ,فعل,خرج,فَعَّلَ,أشرف على الإنتاج,MAPPED,,21
7561,409,أَنْتَجَ,فعل,نتج,أَفْعَلَ,أدار جوانب فيلم,MAPPED,,21
7562,409,صَوَّرَ,فعل,صور,فَعَّلَ,فيلم أو صور,MAPPED,,21
7577,409,فَيْلَمَ,فعل,فيلم,فَيْعَلَ,صنع فيلما,MAPPED,,21
7617,409,تَرْتِيب مُوسِيقِي,تركيب,,,تمثيل موسيقي,MAPPED,,21
7618,409,مُوسِيقَىٰ الْفِيلْم,تركيب,,,الصوت المصاحب,MAPPED,,21
11106,409,لَحَّنَ,فعل,لحن,فَعَّلَ,ابتكر قطعة موسيقية,MAPPED,,21
11944,409,مَثَّلَ,فعل,ثيل,فَعَّلَ,قدم أداء مسرحي,MAPPED,,21
11945,409,اخْتَارَ,فعل,خور,اِفْتَعَلَ,اختر ممثلين,MAPPED,,21
7534,410,أَخَذَ,فعل,أخذ,أَفْعَلَ,تصرف للاستحواذ,MAPPED,,21
7535,410,اسْتَوْلَىٰ,فعل,ولي,اِسْتَفْعَلَ,أخذ بقوة,MAPPED,,21
7536,410,اسْتِيلَاء,مصدر,ولي,اِسْتِفْعَال,فعل الاستيلاء,MAPPED,,21
15065,410,اغْتَنَمَ,فعل,غنم,اِفْتَعَلَ,أخذ من مصدر,MAPPED,,21
17601,410,صَادَرَ,فعل,صدر,فَاعَلَ,استولى دون صلاحية,MAPPED,,21
7537,411,اسْتَقْبَلَ,فعل,قبل,اِسْتَفْعَلَ,أخذ موهوبا,MAPPED,,21
7538,411,قَبِلَ,فعل,قبل,فَعِلَ,استقبل شيئا موهوبا,MAPPED,,21
10811,411,اسْتِقْبَال,مصدر,قبل,اِسْتِفْعَال,فعل التلقي,MAPPED,,21
7540,412,نَبَّأَ,فعل,نبأ,فَعَّلَ,علامة تحذير,MAPPED,,21
7541,412,نَبَأ,اسم جامد,نبأ,فَعَل,علامة حدث مهم,MAPPED,,21
7543,412,أَنْبَأَ,فعل,نبأ,أَفْعَلَ,علامة على شيء,MAPPED,,21
7544,412,دَلَّ,فعل,دلل,فَعَّلَ,تحذير أو علامة,MAPPED,,21
7545,412,عَلَامَة,اسم جامد,علم,فِعْلَة,علامة لشيء قادم,MAPPED,,21
7546,412,نَبَّأَ,فعل,نبأ,فَعَّلَ,علامة حدث وشيك,MAPPED,,21
7547,412,فَأْل,اسم جامد,فأل,فَعْل,فأل أو نذير,MAPPED,,21
7548,412,فَأْل,اسم جامد,فأل,فَعْل,حدث نذير,MAPPED,,21
7549,412,تَوَقَّعَ,فعل,وقع,تَفَعَّلَ,تنبيه مقدم,MAPPED,,21
7550,412,تَفَاءَلَ,فعل,فأل,تَفَاعَلَ,نبأ بنتيجة,MAPPED,,21
7551,412,نَبَّأَ,فعل,نبأ,فَعَّلَ,نذير نتيجة,MAPPED,,21
7552,412,نَحِس,صفة مشبهة,نحس,فَعِيل,يعطي انطباع سيء,MAPPED,,21
7553,412,نَذِير,اسم فاعل,نذر,فَعِيل,شخص ينبئ,MAPPED,,21
7554,412,نَبَّأَ,فعل,نبأ,فَعَّلَ,تحذير أو إشارة,MAPPED,,21
7739,412,نَبَّأَ,فعل,نبأ,فَعَّلَ,أشر إلى حدث,MAPPED,,21
7740,412,تَنْبِيه,مصدر,نبه,تَفْعِيل,عرض إشارة,MAPPED,,21
7741,412,أَنْبَأَ,فعل,نبأ,أَفْعَلَ,مؤشر أولي,MAPPED,,21
10366,412,أَعْطَىٰ,فعل,عطي,أَفْعَلَ,أسباب توقع جيد,MAPPED,,21
10367,412,بَشَّرَ,فعل,بشر,فَعَّلَ,أشر إلى قدوم,MAPPED,,21
10368,412,أَخْبَرَ,فعل,خبر,أَفْعَلَ,أشر إلى الحدوث,MAPPED,,21
13310,412,مُبَشِّر,اسم فاعل,بشر,مُفَعِّل,يظهر إمكانية,MAPPED,,21
13367,412,وَعْد,اسم جامد,وعد,فَعْل,إشارة احتمال,MAPPED,,21
14810,412,تَهَدَّدَ,فعل,هدد,تَفَعَّلَ,أشر إلى شيء سيء,MAPPED,,21
7563,413,أَبْطَلَ,فعل,بطل,أَفْعَلَ,ممثل رئيسي,MAPPED,,21
7564,413,مَثَّلَ,فعل,ثيل,فَعَّلَ,أداء دور خيالي,MAPPED,,21
7565,413,مَثَّلَ,فعل,ثيل,فَعَّلَ,مثل شخصية,MAPPED,,21
7566,413,مَثَّلَ,فعل,ثيل,فَعَّلَ,أداء دور,MAPPED,,21
7569,413,نَجْم,اسم جامد,نجم,فَعْل,ممثل مهم,MAPPED,,21
7570,413,نَجْم مُشَارِك,تركيب,,,ممثل بأهمية متساوية,MAPPED,,21
7571,413,ظَهَرَ,فعل,ظهر,فَعَلَ,ظهور كنجم مشارك,MAPPED,,21
7572,413,دَوْر رَئِيسِي,تركيب,,,الدور الرئيسي,MAPPED,,21
7573,413,أَبْطَلَ,فعل,بطل,أَفْعَلَ,دور رئيسي,MAPPED,,21
7574,413,مُمَثِّلًا عَن,تركيب,,,تمثيل دور,MAPPED,,21
7575,413,شارَكَ,فعل,شرك,فَاعَلَ,ضم ممثل مشارك,MAPPED,,21
7576,413,اشْتَمَلَ,فعل,شمل,اِفْتَعَلَ,ممثل مهم,MAPPED,,21
13930,413,شَخْصِيَّة,اسم منسوب,شخص,فَعْلِيَّة,دور يؤديه ممثل,MAPPED,,21
13931,413,دَوْر,اسم جامد,دور,فَعْل,دور ممثل,MAPPED,,21
14015,413,دَوْر,اسم جامد,دور,فَعْل,دور ممثل,MAPPED,,21
16437,413,ظَهَرَ,فعل,ظهر,فَعَلَ,تمثيل في عرض,MAPPED,,21
7578,414,كَسَّرَ,فعل,كسر,فَعَّلَ,فصل العامل المتأثر إلى أجزاء متعددة.,MAPPED,,22
7579,414,مَزَّقَ,فعل,مزق,فَعَّلَ,فصل الشيء إلى قطع صغيرة بقوة.,MAPPED,,22
7580,414,انكَسَرَ,فعل,كسر,اِنْفَعَلَ,انفصل الشيء بعد تطبيق ضغط عليه.,MAPPED,,22
7581,414,كَسَّرَ,فعل,كسر,فَعَّلَ,فصل الشيء بشكل فجائي إلى قطع.,MAPPED,,22
7582,414,حَطَّمَ,فعل,حطم,فَعَّلَ,كسر الشيء إلى شظايا دقيقة.,MAPPED,,22
7583,414,فَتَّتَ,فعل,فتت,فَعَّلَ,كسر الشيء إلى قطع طويلة رقيقة.,MAPPED,,22
7584,414,كَسَّرَ,فعل,كسر,فَعَّلَ,كسر الشيء إلى قطع حادة.,MAPPED,,22
7585,414,حَطَّمَ,فعل,حطم,فَعَّلَ,كسر الشيء بقوة إلى قطع عديدة.,MAPPED,,22
7586,414,حَطَّمَ,فعل,حطم,فَعَّلَ,كسر الشيء بضربة عنيفة.,MAPPED,,22
7587,414,مَزَّقَ,فعل,مزق,فَعَّلَ,قطع الشيء إلى خيوط أو شرائط.,MAPPED,,22
7588,414,مَزَّقَ,فعل,مزق,فَعَّلَ,فصل الشيء بشد قوي.,MAPPED,,22
7589,414,مَزَّقَ,فعل,مزق,فَعَّلَ,سحب الشيء لفصل أجزاءه.,MAPPED,,22
7591,414,مَزَّقَ,فعل,مزق,فَعَّلَ,فصل الشيء إلى قطع صغيرة بقوة.,MAPPED,,22
7592,414,شَقَّ,فعل,شقق,فَعَّلَ,فصل الشيء على خط طبيعي فيه.,MAPPED,,22
7593,414,فَصَّلَ,فعل,فصل,فَعَّلَ,فصل الشيء بطريقة منهجية.,MAPPED,,22
12089,414,انفَصَلَ,فعل,فصل,اِنْفَعَلَ,تباعد أجزاء الشيء بقوة.,MAPPED,,22
12090,414,انفَصَلَ,فعل,فصل,اِنْفَعَلَ,تفرق أجزاء الشيء.,MAPPED,,22
12091,414,فَكَّكَ,فعل,فكك,فَعَّلَ,فصل أجزاء الشيء المركب.,MAPPED,,22
12092,414,كَسَرَ,فعل,كسر,فَعَلَ,انقطع قطعة من الشيء الصلب.,MAPPED,,22
12093,414,فَصَّلَ,فعل,فصل,فَعَّلَ,قطع الشيء بطريقة منتظمة.,MAPPED,,22
12094,414,ذَابَ,فعل,ذوب,فَعَلَ,انفصل الصلب في السائل.,MAPPED,,22
12095,414,شَقَّ,فعل,شقق,فَعَّلَ,فصل الشيء بقطع طولي.,MAPPED,,22
12096,414,قَطَّعَ,فعل,قطع,فَعَّلَ,قطع الشيء إلى شرائح رقيقة.,MAPPED,,22
12097,414,شَقَّ,فعل,شقق,فَعَّلَ,فصل الشيء إلى جزأين أو أكثر.,MAPPED,,22
12098,414,فَكَّكَ,فعل,فكك,فَعَّلَ,فصل أجزاء الشيء عن بعضها.,MAPPED,,22
7594,415,أَضَرَّ,فعل,ضرر,أَفْعَلَ,أحدث ضررا في الشيء أو الكائن.,MAPPED,,22
7595,415,شَوَّهَ,فعل,شوه,فَعَّلَ,ألحق ضررا بسطح الشيء.,MAPPED,,22
7596,415,شَوَّهَ,فعل,شوه,فَعَّلَ,ألحق ضررا بالجزء الأمامي.,MAPPED,,22
7597,415,نَقَرَ,فعل,نقر,فَعَلَ,أحدث حزا صغيرا في الشيء.,MAPPED,,22
7599,415,حَفَرَ,فعل,حفر,فَعَلَ,أحدث انخفاضا طفيفا في السطح.,MAPPED,,22
7600,415,حَطَّمَ,فعل,حطم,فَعَّلَ,ألحق ضررا متعمدا بالشيء.,MAPPED,,22
7605,415,خَدَشَ,فعل,خدش,فَعَلَ,أحدث خطوطا في سطح الشيء.,MAPPED,,22
7606,415,كَسَرَ,فعل,كسر,فَعَلَ,فصل قطعة صغيرة من الشيء.,MAPPED,,22
7607,415,خَدَشَ,فعل,خدش,فَعَلَ,قطع أو خدش السطح مرارا.,MAPPED,,22
7608,415,خَرَّبَ,فعل,خرب,فَعَّلَ,ألحق ضررا متعمدا لإعاقة عملية.,MAPPED,,22
7609,415,خَدَشَ,فعل,خدش,فَعَلَ,ألحق ضررا بالسيارة بأداة معدنية.,MAPPED,,22
7610,415,تَخْرِيب,اسم مصدر,خرب,تَفْعِيل,عملية الإضرار المتعمد بالممتلكات.,MAPPED,,22
11161,415,مَزَّقَ,فعل,مزق,فَعَّلَ,فصل الشيء بقوة إلى أجزاء.,MAPPED,,22
11162,415,مَزَّقَ,فعل,مزق,فَعَّلَ,أحدث شقا أو فتقا في الشيء.,MAPPED,,22
11494,415,مَزَّقَ,فعل,مزق,فَعَّلَ,فصل الشيء بشد.,MAPPED,,22
14650,415,ضَرَر,اسم جامد,ضرر,فَعَل,الأذى أو الخسارة الناتجة عن الإضرار.,MAPPED,,22
15579,415,حَكَّ,فعل,حكك,فَعَّلَ,فرك السطح بجسم خشن للإضرار به.,MAPPED,,22
8463,416,دَمَّرَ,فعل,دمر,فَعَّلَ,جعل الشيء غير قابل للعمل.,MAPPED,,22
8464,416,عَطَّلَ,فعل,عطل,فَعَّلَ,جعل الشيء عاجزا عن وظيفته.,MAPPED,,22
8465,416,أَفْسَدَ,فعل,فسد,أَفْعَلَ,جعل الشيء عديم الفائدة تماما.,MAPPED,,22
10860,416,عَطَّلَ,فعل,عطل,فَعَّلَ,أوقف تشغيل المعدة عن العمل.,MAPPED,,22
11445,416,عَطَّلَ,فعل,عطل,فَعَّلَ,أوقف عمل الشيء عن الوظيفة.,MAPPED,,22
14977,416,شَلَّ,فعل,شلل,فَعَّلَ,جعل الشيء عاجزا عن الحركة.,MAPPED,,22
7619,417,هَدَّمَ,فعل,هدم,فَعَّلَ,دمر المباني بالنار.,MAPPED,,22
7620,417,فَسَدَ,فعل,فسد,فَعَلَ,أزال البناء أو الهيكل.,MAPPED,,22
7621,417,هَدَّمَ,فعل,هدم,فَعَّلَ,دمر البناية أو المدينة.,MAPPED,,22
7622,417,دَمَّرَ,فعل,دمر,فَعَّلَ,ألحق قوة لإزالة الشيء.,MAPPED,,22
7623,417,مَحَا,فعل,محو,فَعَلَ,دمر الشيء تماما وأزاله.,MAPPED,,22
7624,417,محْو,اسم مصدر,محو,فَعْل,عملية إزالة الشيء كاملا.,MAPPED,,22
7625,417,تَدْمِير,اسم مصدر,دمر,تَفْعِيل,حدث إزالة الشيء بالكامل.,MAPPED,,22
7626,417,دَمَّرَ,فعل,دمر,فَعَّلَ,أهلك الشيء أو خرّبه.,MAPPED,,22
7627,417,تَدْمِير,اسم مصدر,دمر,تَفْعِيل,تدمير أجزاء كبيرة من الأشياء.,MAPPED,,22
7628,417,بَخَّرَ,فعل,بخر,فَعَّلَ,أزال الشيء تماما كالبخار.,MAPPED,,22
7629,417,أَفْنَى,فعل,فني,أَفْعَلَ,دمر الشيء بالكامل تماما.,MAPPED,,22
7630,417,فَنَاء,اسم مصدر,فني,فَعَال,الدمار الكامل والتام.,MAPPED,,22
7633,417,خَرَّبَ,فعل,خرب,فَعَّلَ,دمر المباني والحقول.,MAPPED,,22
7634,417,هَدَّمَ,فعل,هدم,فَعَّلَ,دمر البناء بالسحق.,MAPPED,,22
7635,417,هَدْم,اسم مصدر,هدم,فَعْل,عملية تحطيم المباني.,MAPPED,,22
7648,417,فَكَّكَ,فعل,فكك,فَعَّلَ,فصل أجزاء الشيء.,MAPPED,,22
11594,417,تَفْكِيك,اسم مصدر,فكك,تَفْعِيل,عملية فصل الشيء عن أجزاءه.,MAPPED,,22
13919,417,مُدَمِّر,صفة مشبهة,دمر,مُفَعِّل,الذي يسبب التدمير.,MAPPED,,22
14692,417,فَجَّرَ,فعل,فجر,فَعَّلَ,دمر الشيء بانفجار.,MAPPED,,22
16450,417,أَزَالَ,فعل,زيل,أَفْعَلَ,أوقف وحطم الشيء.,MAPPED,,22
16801,417,فَجَّرَ,فعل,فجر,فَعَّلَ,دمر بالتفجير أو العنف.,MAPPED,,22
17612,417,خَرَّبَ,فعل,خرب,فَعَّلَ,جعل الشيء غير صالح للاستعمال.,MAPPED,,22
7636,418,تَعَاوَنَ,فعل,عون,تَفَاعَلَ,عمل مع آخرين على مشروع واحد.,MAPPED,,22
7638,418,شَارَكَ,فعل,شرك,فَاعَلَ,ارتبط مع شريك في عمل.,MAPPED,,22
7640,418,مُتَعَاوِن,اسم فاعل,عون,مُتَفَاعِل,شخص يعمل مع آخرين.,MAPPED,,22
7641,418,شَرِيك,اسم جامد,شرك,فَعِيل,من يشاركه في عمل مشترك.,MAPPED,,22
7642,418,تَواطُؤ,اسم جامد,وطء,تَفَاعُل,اتفاق سري على تآمر.,MAPPED,,22
7643,418,تَآمَرَ,فعل,امر,تَفَاعَلَ,اتفق سرا على فعل شر.,MAPPED,,22
7644,418,تَعَاوُن,اسم جامد,عون,تَفَاعُل,عملية العمل المشترك.,MAPPED,,22
7646,418,زَمِيل,اسم جامد,زمل,فَعِيل,شخص يعمل معه في مشروع.,MAPPED,,22
7647,418,حَلِيف,اسم جامد,حلف,فَعِيل,شريك في العمل المشترك.,MAPPED,,22
7713,418,تَآمُر,اسم جامد,امر,تَفَاعُل,عملية الاتفاق السري.,MAPPED,,22
7715,418,تَوَاطَأَ,فعل,وطء,تَفَاعَلَ,اتفق سرا على غش.,MAPPED,,22
7716,418,تَوَاطُؤ,اسم جامد,وطء,تَفَاعُل,تعاون سري للخداع.,MAPPED,,22
8444,418,تَفَرَّقَ,فعل,فرق,تَفَعَّلَ,اجتمع فريق لتحقيق هدف.,MAPPED,,22
8885,418,تَعَاوَنَ,فعل,عون,تَفَاعَلَ,عمل مع الآخرين نحو هدف.,MAPPED,,22
10715,418,تَعَاوُن,اسم جامد,عون,تَفَاعُل,عملية العمل المشترك.,MAPPED,,22
13441,418,مُرْتَبِط,اسم مفعول,ربط,مُفْتَعِل,متصل بمنظمة أو جهة.,MAPPED,,22
14703,418,مُتَحَالِف,اسم فاعل,حلف,مُتَفَاعِل,متعاون مع آخرين.,MAPPED,,22
14706,418,مَعاً,ظرف,,,بطريقة تعاونية مع الآخرين.,MAPPED,,22
15075,418,تَعَاوَنَ,فعل,عون,تَفَاعَلَ,عمل مع شريك لإنجاز مهمة.,MAPPED,,22
15232,418,مَعاً,ظرف,,,بجهود مشتركة من جميع الأطراف.,MAPPED,,22
7668,419,شَرِيط,اسم جامد,شرط,فَعِيل,شريط طويل ضيق من قماش.,MAPPED,,22
7669,419,حَبْل,اسم جامد,حبل,فَعْل,حبل مضفور للربط والشد.,MAPPED,,22
7670,419,خَيْط,اسم جامد,خيط,فَعْل,خيط رقيق للخياطة.,MAPPED,,22
7671,419,حَبْل,اسم جامد,حبل,فَعْل,حبل مصنوع من الألياف.,MAPPED,,22
7672,419,حَبْل,اسم جامد,حبل,فَعْل,حبل دقيق مصنوع من خيوط.,MAPPED,,22
7673,419,سِلْسِلَة,اسم جامد,سلس,فِعْلِيلَة,سلسلة معدنية للربط.,MAPPED,,22
7674,419,قَيْد,اسم جامد,قيد,فَعْل,قيود لتقييد السجين.,MAPPED,,22
7676,419,غِرَاء,اسم جامد,غري,فِعَال,مادة لاصقة للربط.,MAPPED,,22
7677,419,شَرِيط,اسم جامد,شرط,فَعِيل,شريط لاصق للربط.,MAPPED,,22
7678,419,غِرَاء,اسم جامد,غري,فِعَال,مادة لاصقة غروية.,MAPPED,,22
7679,419,مِسْمَار,اسم جامد,سمر,فِعْلَال,مسمار بلولب للربط.,MAPPED,,22
7680,419,صَامُولَة,اسم جامد,,,قطعة معدنية لللولب دخيل.,MAPPED,,22
7681,419,مِسْمَار,اسم جامد,سمر,فِعْلَال,مسمار حديدي لربط الخشب.,MAPPED,,22
7682,419,وَتِد,اسم جامد,وتد,فَعِل,وتد لتثبيت الأشياء.,MAPPED,,22
7683,419,حِزَام,اسم جامد,حزم,فِعَال,حزام من الجلد للربط.,MAPPED,,22
7684,419,دَبُّوس,اسم جامد,,,دبوس رفيع حاد دخيل.,MAPPED,,22
7690,419,دَبَّاسَة,اسم جامد,دبس,فَعَّالَة,قوس معدني لربط الأوراق.,MAPPED,,22
7691,419,غِصْن,اسم جامد,غصن,فِعْل,غصن مرن للربط.,MAPPED,,22
7693,419,رِبَاط,اسم جامد,ربط,فِعَال,حبل أو شريط للربط.,MAPPED,,22
7694,419,رِبَاط,اسم جامد,ربط,فِعَال,حبل يمر من الثقوب.,MAPPED,,22
7695,419,رِبَاط,اسم جامد,ربط,فِعَال,حبل الحذاء للربط.,MAPPED,,22
7696,419,سِلْك,اسم جامد,سلك,فِعْل,سلك معدني رقيق.,MAPPED,,22
7697,419,لَوْلَب,اسم جامد,لوب,فَعْلَل,لولب حلزوني معدني.,MAPPED,,22
13666,419,حَلْقَة,اسم جامد,حلق,فَعْلَة,حلقة تربط بين أشياء.,MAPPED,,22
13667,419,مُوصِل,اسم فاعل,وصل,مُفْعِل,ما يربط الأشياء معا.,MAPPED,,22
16250,419,سِمَة,اسم جامد,سمت,فِعْلَة,حبال ربط حرث الحصان.,MAPPED,,22
7660,420,بَادِيَة,اسم جامد,بدو,فَاعِلَة,منطقة معزولة وعرة.,MAPPED,,22
7661,420,بَادِيَة,اسم جامد,بدو,فَاعِلَة,منطقة نائية وقاحلة.,MAPPED,,22
7662,420,مَنْطِقَة,اسم جامد,نطق,فَعْلَة,منطقة معزولة متأخرة.,MAPPED,,22
7663,420,غَابَة,اسم جامد,غيب,فَاعَة,منطقة غابات نائية.,MAPPED,,22
7664,420,بَادِيَة,اسم جامد,بدو,فَاعِلَة,منطقة نائية جدا.,MAPPED,,22
7665,420,بَادِيَة,اسم جامد,بدو,فَاعِلَة,منطقة معزولة بعيدة.,MAPPED,,22
7666,420,بَلْدَة,اسم جامد,بلد,فَعْلَة,بلدة معزولة خيالية.,MAPPED,,22
7667,420,بَلْدَة,اسم جامد,بلد,فَعْلَة,بلدة صغيرة معزولة.,MAPPED,,22
7685,420,مَنْسِيّ,اسم منسوب,نسي,مَفْعُول,مكان معزول لا يحظى بالاهتمام.,MAPPED,,22
7686,420,نَائِي,صفة مشبهة,نوي,فَاعِل,مكان بعيد عن التطور.,MAPPED,,22
7687,420,بَادِيَة,اسم جامد,بدو,فَاعِلَة,منطقة داخلية نائية.,MAPPED,,22
7688,420,رِيف,اسم جامد,ريف,فِعْل,منطقة ريفية معزولة.,MAPPED,,22
7689,420,داخِل,اسم جامد,دخل,فَاعِل,منطقة داخلية معزولة.,MAPPED,,22
7692,420,رِيف,اسم جامد,ريف,فِعْل,المناطق الريفية.,MAPPED,,22
18383,420,نَائِي,ظرف,,,مكان معزول صعب الوصول.,MAPPED,,22
10350,421,عَجَلَة,اسم جامد,عجل,فَعَلَة,عجلة دائرية تدور على محور.,MAPPED,,22
11662,421,تِقْنِيَّة,اسم منسوب,تقن,فِعْلِيّ,منتج من ابتكار الإنسان.,MAPPED,,22
11663,421,تِقْنِيَّة,اسم منسوب,تقن,فِعْلِيّ,تطبيق العمليات البيولوجية.,MAPPED,,22
13804,421,صَنْعَة,اسم جامد,صنع,فَعْلَة,شيء صنعه الإنسان.,MAPPED,,22
16596,421,لَوحَة,اسم جامد,لوح,فَعْلَة,لوحة تحكم بمفاتيح وأزرار.,MAPPED,,22
16606,421,لَوح,اسم جامد,لوح,فَعْل,لوح طويل مسطح للاستعمال.,MAPPED,,22
16607,421,لِعْبَة,اسم جامد,لعب,فِعْلَة,لوح مرسوم لتطبيق اللعبة.,MAPPED,,22
18620,421,ملعقة,اسم جامد,ملع,فِعْلَة,أداة معدنية لرفع ونشر.,MAPPED,,22
18621,421,خَفَّاقَة,اسم جامد,خفق,فَعَّالَة,أداة لخفق أو ضرب المواد.,MAPPED,,22
18622,421,حَوض,اسم جامد,حوض,فَعْل,حوض للاستحمام.,MAPPED,,22
18624,421,مُؤَقِّت,اسم فاعل,وقت,مُفَعِّل,جهاز لقياس الوقت المنقضي.,MAPPED,,22
18625,421,فِرْن,اسم جامد,فرن,فِعْل,فرن للخبز والشوي.,MAPPED,,22
18626,421,هَاتِف,اسم جامد,هتف,فَاعِل,جهاز لنقل الصوت بعد.,MAPPED,,22
7698,422,نَقَلَ,فعل,نقل,فَعَلَ,نقل البضاعة بين وسائل نقل.,MAPPED,,22
7703,422,مُصَدِّر,اسم فاعل,صدر,مُفَعِّل,من يحرك البضاعة خارجا.,MAPPED,,22
7704,422,مُسْتَوْرِد,اسم فاعل,ورد,مُفْتَعِل,من يحرك البضاعة إلى المنطقة.,MAPPED,,22
7712,422,نَقْل,اسم مصدر,نقل,فَعْل,نقل البضاعة بين السفن.,MAPPED,,22
7721,423,أَحْمَر,صفة مشبهة,حمر,أَفْعَل,لون طيف الضوء الأحمر.,MAPPED,,22
7725,423,أَخْضَر,صفة مشبهة,خضر,أَفْعَل,لون كلون العشب.,MAPPED,,22
7726,423,لَوْن,اسم جامد,لون,فَعْل,الإحساس الذي يثيره الضوء.,MAPPED,,22
7727,423,أَرْجَوَاني,صفة مشبهة,,,لون أحمر براق دخيل.,MAPPED,,22
7728,423,أَسْوَد,صفة مشبهة,سود,أَفْعَل,لون أسود داكن جدا.,MAPPED,,22
7729,423,بَنَفْسَجِيّ,اسم منسوب,,,لون بين الأحمر والأزرق دخيل.,MAPPED,,22
7730,423,أَزْرَق,صفة مشبهة,زرق,أَفْعَل,لون السماء الصافية.,MAPPED,,22
7731,423,بُرْتُقَالِيّ,اسم منسوب,,,لون أحمر مصفّر دخيل.,MAPPED,,22
7732,423,أَصْفَر,صفة مشبهة,صفر,أَفْعَل,لون بين الأخضر والبرتقالي.,MAPPED,,22
7734,423,بَنَفْسَجِيّ,اسم منسوب,,,لون أزرق محمّر دخيل.,MAPPED,,22
7735,423,بُنِّي,اسم منسوب,بني,فُعِّل,لون مخلوط من الألوان.,MAPPED,,22
7736,423,رَمَادِيّ,اسم منسوب,رمد,فَعَالِيّ,لون بين الأسود والأبيض.,MAPPED,,22
7737,423,أَسْوَد,صفة مشبهة,سود,أَفْعَل,أغمق الألوان بلا ضوء.,MAPPED,,22
7738,423,أَبْيَض,صفة مشبهة,بيض,أَفْعَل,لون الثلج والحليب.,MAPPED,,22
7757,423,وَرْدِيّ,اسم منسوب,ورد,فَعْلِيّ,لون أحمر فاتح جدا.,MAPPED,,22
8073,423,قِرْمِزِيّ,اسم منسوب,,,لون أحمر غني وعميق دخيل.,MAPPED,,22
8074,423,كَرَمِزِيّ,اسم منسوب,,,لون أحمر بنفسجي دخيل.,MAPPED,,22
8075,423,فيروزيّ,اسم منسوب,,,لون أزرق مخضّر دخيل.,MAPPED,,22
8076,423,سَمَاوِيّ,اسم منسوب,سمو,فَعَالِيّ,لون أزرق فاتح.,MAPPED,,22
8139,423,بَيْجِيّ,اسم منسوب,,,لون رملي فاتح دخيل.,MAPPED,,22
8170,423,بِنَفْسَجِيّ,اسم منسوب,,,لون أرجواني فاتح دخيل.,MAPPED,,22
8171,423,كَاكِيّ,اسم منسوب,,,لون بني محمّر دخيل.,MAPPED,,22
8172,423,كَاكِيّ,اسم منسوب,,,لون بني مصفّر فاتح دخيل.,MAPPED,,22
8173,423,قِرْمِزِيّ,اسم منسوب,,,لون أحمر براق دخيل.,MAPPED,,22
17260,423,أَسْوَد,صفة مشبهة,سود,أَفْعَل,لون أسود كالزفت تماما.,MAPPED,,22
17261,423,مُلَوَّن,اسم مفعول,لون,مُفَعَّل,ما أكتسب لونا معينا.,MAPPED,,22
18390,423,نِيلِيّ,اسم منسوب,,,لون بين الأزرق والبنفسج دخيل.,MAPPED,,22
18391,423,بُنِّي,اسم منسوب,بني,فُعِّل,لون بني محمّر غامق دخيل.,MAPPED,,22
7742,424,هَاجَمَ,فعل,هجم,فَاعَلَ,شنّ هجوما عدواني.,MAPPED,,22
7743,424,اعْتَدَى,فعل,عدي,اِفْتَعَلَ,شنّ اعتداء عنيفا.,MAPPED,,22
7744,424,اعْتِدَاء,اسم جامد,عدي,اِفْتِعَال,حملة هجوم عنيفة.,MAPPED,,22
7745,424,هُجُوم,اسم جامد,هجم,فُعُول,حدث الهجوم أو الاعتداء.,MAPPED,,22
7746,424,انقَضَّ,فعل,قضض,اِنْفَعَّلَ,انقضّ بقوة على الهدف.,MAPPED,,22
7758,424,اقْتِحَام,اسم مصدر,قحم,اِفْتِعَال,هجوم أو غزو مفاجئ.,MAPPED,,22
7760,424,هُجُوم,اسم جامد,هجم,فُعُول,حملة عسكرية هجومية.,MAPPED,,22
7761,424,بَدْء,اسم مصدر,بدء,فَعْل,بدء الهجوم العسكري.,MAPPED,,22
7762,424,ضَرْبَة,اسم جامد,ضرب,فَعْلَة,ضربة هجومية مفاجئة.,MAPPED,,22
7763,424,انقِضَاض,اسم مصدر,قضض,اِنْفِعَال,هجوم شرس ومدمّر.,MAPPED,,22
7764,424,شَحَنَ,فعل,شحن,فَعَلَ,اندفع بقوة في الهجوم.,MAPPED,,22
7765,424,شَحْنَة,اسم جامد,شحن,فَعْلَة,اندفاع بقوة في الهجوم.,MAPPED,,22
7767,424,انقَضَّ,فعل,قضض,اِنْفَعَّلَ,هاجم بعنف وشراسة.,MAPPED,,22
7768,424,انقَضَّ,فعل,قضض,اِنْفَعَّلَ,هاجم الشخص بعنف.,MAPPED,,22
7769,424,اقْتَحَمَ,فعل,قحم,اِفْتَعَلَ,هاجم واستولى على المكان.,MAPPED,,22
7770,424,ضَرَبَ,فعل,ضرب,فَعَلَ,شنّ هجوما مفاجئا.,MAPPED,,22
7771,424,كَمَنَ,فعل,كمن,فَعَلَ,هاجم بغتة من كمين.,MAPPED,,22
7772,424,كَمِين,اسم جامد,كمن,فَعِيل,هجوم مباغت من مكان ما.,MAPPED,,22
7773,424,قَفَزَ,فعل,قفز,فَعَلَ,هاجم فجأة بلا توقع.,MAPPED,,22
11876,424,اعْتَدَى,فعل,عدي,اِفْتَعَلَ,شنّ هجوما عنيفا وممنهجا.,MAPPED,,22
11878,424,غَارَ,فعل,غير,فَاعَلَ,قام بغارة مفاجئة.,MAPPED,,22
12379,424,قَصَفَ,فعل,قصف,فَعَلَ,هاجم بالقنابل.,MAPPED,,22
12380,424,قَصْف,اسم مصدر,قصف,فَعْل,عملية الهجوم بالقنابل.,MAPPED,,22
12781,424,غَارَة,اسم جامد,غير,فَاعَة,هجوم مفاجئ سريع.,MAPPED,,22
13355,424,مُهَاجِم,اسم فاعل,هجم,مُفَاعِل,من يشنّ الهجوم.,MAPPED,,22
13750,424,هُجُومِيّ,اسم منسوب,هجم,فُعُولِيّ,متعلق بعملية الهجوم.,MAPPED,,22
14710,424,تَسَلَّلَ,فعل,سلل,تَفَعَّلَ,تسلل بنية التجسس.,MAPPED,,22
14711,424,تَسَلُّل,اسم جامد,سلل,تَفَعُّل,عملية التسلل الخفي.,MAPPED,,22
16386,424,ضَرَبَ,فعل,ضرب,فَعَلَ,شنّ ضربة قوية.,MAPPED,,22
16541,424,نَار,اسم جامد,نور,فَعَل,هجوم بأسلحة نارية.,MAPPED,,22
16608,424,نَار,اسم جامد,نور,فَعَل,إطلاق نار من أسلحة خفيفة.,MAPPED,,22
16609,424,نَار,اسم جامد,نور,فَعَل,اختصار إطلاق النار الخفيف.,MAPPED,,22
16610,424,نَار,اسم جامد,نور,فَعَل,إطلاق نار من أسلحة.,MAPPED,,22
16723,424,إطْلاق,اسم مصدر,طلق,إِفْعَال,إطلاق نار من السيارة.,MAPPED,,22
16746,424,غَزْوَة,اسم جامد,غزو,فَعْوَة,هجوم بالطائرات.,MAPPED,,22
16772,424,مُعْتَدٍ,اسم فاعل,عدي,مُفْتَعِل,من يشنّ الهجوم.,MAPPED,,22
16802,424,قَصْف,اسم مصدر,قصف,فَعْل,هجوم بقذائف ومتفجرات.,MAPPED,,22
16803,424,قَصَفَ,فعل,قصف,فَعَلَ,هاجم بقذائف ومتفجرات.,MAPPED,,22
7747,425,تَنَبَّأَ,فعل,نبء,تَفَعَّلَ,أعلن حدثا مستقبليا.,MAPPED,,22
7748,425,تَفَائَلَ,فعل,فال,تَفَاعَلَ,تنبأ بالمستقبل.,MAPPED,,22
7749,425,تَنَبَّأَ,فعل,نبء,تَفَعَّلَ,توقع حدثا قادما.,MAPPED,,22
7750,425,تَنَبَّأَ,فعل,نبء,تَفَعَّلَ,أخبر بما سيحدث.,MAPPED,,22
7751,425,تَنَبَّأَ,فعل,نبء,تَفَعَّلَ,أنبأ بحدث قادم.,MAPPED,,22
7752,425,نَبَّأَ,فعل,نبء,فَعَّلَ,توقع ما هو قادم.,MAPPED,,22
8251,425,تَنَبَّأَ,فعل,نبء,تَفَعَّلَ,تنبأ بنتيجة الانتخابات.,MAPPED,,22
9852,425,تَفَائَلَ,فعل,فال,تَفَاعَلَ,توقع ما سيحدث.,MAPPED,,22
13301,425,نُبُوءَة,اسم جامد,نبء,فُعُولَة,تنبؤ بالمستقبل.,MAPPED,,22
13481,425,تَنَبُّؤ,اسم مصدر,نبء,تَفَعُّل,عملية التنبؤ.,MAPPED,,22
7801,428,عَلاَمَة,اسم جامد,علم,فَعَالَة,علامة تدل على ظاهرة.,MAPPED,,22
7802,428,إِشَارَة,اسم جامد,شور,إِفَالَة,دلالة على وجود شيء.,MAPPED,,22
7803,428,عَرَض,اسم جامد,عرض,فَعَل,عرض يشير إلى حالة.,MAPPED,,22
7804,428,عَرَضِيّ,اسم منسوب,عرض,فَعَلِيّ,يعمل كعرض للشيء.,MAPPED,,22
7805,428,دَالّ,اسم فاعل,دلل,فَاعِل,يخدم دلالة على شيء.,MAPPED,,22
7806,428,دَلَّ,فعل,دلل,فَعَّلَ,كان دلالة على شيء.,MAPPED,,22
7807,428,دَلَّ,فعل,دلل,فَعَّلَ,كان رمزا لشيء.,MAPPED,,22
14662,428,وَسَمَ,فعل,وسم,فَعَلَ,دل على شيء أو ميزه.,MAPPED,,22
15074,428,حَفَزَ,فعل,حفز,فَعَلَ,كان سبب أو بادرة.,MAPPED,,22
7808,429,سيّارة,اسم جامد,سير,فِيعَلَة,مركبة برّية مُحرّكة لنقل عدد قليل من الأشخاص,MAPPED,,23
7809,429,حافلة,اسم جامد,حفل,فَاعِلَة,مركبة كبيرة لنقل الركاب على خط ثابت,MAPPED,,23
7833,429,شاحنة,اسم جامد,شحن,فَاعِلَة,مركبة برّية ضخمة لنقل البضائع,MAPPED,,23
7834,429,دَرّاجة,اسم جامد,درج,فَعّالَة,دراجة ناريّة أو عاديّة ذات عجلتين,MAPPED,,23
7835,429,تاكسي,اسم جامد,,,مركبة مأجورة لنقل الركاب,MAPPED,,23
7836,429,طائرة,اسم جامد,طير,فَاعِلَة,مركبة طائرة مُحرّكة ذات أجنحة ثابتة,MAPPED,,23
7837,429,عبّارة,اسم جامد,عبر,فَعّالَة,سفينة لنقل الركاب والبضائع,MAPPED,,23
8140,429,قارب,اسم جامد,قرب,فَاعِل,وسيلة نقل صغيرة في الماء,MAPPED,,23
8141,429,دَرّاجة هوائيّة,تركيب,,,مركبة ذات عجلتين تُقاد بالدوّاسات,MAPPED,,23
8142,429,سفينة,اسم جامد,سفن,فِعَالَة,وسيلة نقل بحريّة كبيرة,MAPPED,,23
8143,429,تراموي,اسم جامد,,,مركبة كهربائيّة تسير على سكّة حديديّة,MAPPED,,23
8144,429,سيّارة,اسم جامد,سير,فِيعَلَة,مركبة برّية مُحرّكة ذات محرّك,MAPPED,,23
8145,429,ثلاثيّة العجلات,تركيب,,,مركبة ثلاثيّة العجلات,MAPPED,,23
8147,429,طائرة,اسم جامد,طير,فَاعِلَة,مركبة طائرة بأجنحة ثابتة,MAPPED,,23
8148,429,دَرّاجة نارية خفيفة,تركيب,,,دراجة ناريّة خفيفة ذات عجلتين,MAPPED,,23
8149,429,سفينة شراعيّة,تركيب,,,سفينة شراعيّة ذات أكثر من صارٍ,MAPPED,,23
8150,429,قطار,اسم جامد,قطر,فِعَال,سلسلة عرّبات حديديّة تجرّها محرّكة,MAPPED,,23
8151,429,عَرَبة,اسم جامد,عرب,فَعَلَة,مركبة رباعيّة العجلات تجرّها الخيول,MAPPED,,23
8152,429,تاكسي,اسم جامد,,,سيّارة مأجورة لنقل الركاب,MAPPED,,23
8153,429,حافلة فاخرة,تركيب,,,حافلة مُريحة للرحلات الطويلة,MAPPED,,23
8154,429,مركبة,اسم جامد,ركب,فِعَالَة,وسيلة نقل عامّة للأشخاص والبضائع,MAPPED,,23
8155,429,شاحنة,اسم جامد,شحن,فَاعِلَة,مركبة ثقيلة لنقل البضائع,MAPPED,,23
8156,429,غوّاصة,اسم جامد,غوص,فَعّالَة,سفينة حربيّة تعمل تحت الماء,MAPPED,,23
8157,429,دبّابة,اسم جامد,دبب,فَعّالَة,مركبة حربيّة مُدرّعة على مسارات,MAPPED,,23
8158,429,عَرَبة,اسم جامد,عرب,فَعَلَة,مركبة خفيفة ذات عجلتين تجرّها حصان,MAPPED,,23
8159,429,زحّافة,اسم جامد,زحف,فَعّالَة,مركبة خفيفة للانزلاق على الثلج,MAPPED,,23
8160,429,شاحنة صغيرة,تركيب,,,مركبة صغيرة لنقل البضائع,MAPPED,,23
8161,429,سيّارة نقل,تركيب,,,مركبة مُغلقة لنقل البضائع,MAPPED,,23
8162,429,ليموزين,اسم جامد,,,سيّارة فاخرة فسيحة,MAPPED,,23
8163,429,سيّارة مكشوفة,تركيب,,,سيّارة يُمكن فتح سقفها,MAPPED,,23
8164,429,هليكوبتر,اسم جامد,,,مركبة طائرة بمراوح أفقيّة,MAPPED,,23
8165,429,قنطورة,اسم جامد,قنطر,فِعْلَة,زورق ضيّق مُدبّب النهايات,MAPPED,,23
8166,429,كاياك,اسم جامد,,,زورق خفيف من الإسكيمو,MAPPED,,23
8167,429,سيّارة مكشوفة صغيرة,تركيب,,,مركبة صغيرة خفيفة,MAPPED,,23
8168,429,سفينة ركاب فاخرة,تركيب,,,سفينة ركاب كبيرة شهيرة,MAPPED,,23
8169,429,سيّارة ركّاب,تركيب,,,سيّارة تتّسع لأربعة أشخاص فأكثر,MAPPED,,23
13131,429,سفينة,اسم جامد,سفن,فِعَالَة,وسيلة نقل بحريّة,MAPPED,,23
13374,429,عربة خزّان,تركيب,,,عربة قطار مخصّصة لنقل السوائل,MAPPED,,23
14730,429,طائرة حربيّة,تركيب,,,طائرة مستخدمة في الحرب,MAPPED,,23
15379,429,يخت,اسم جامد,,,سفينة شراعيّة أو مُحرّكة للتسلية,MAPPED,,23
16501,429,هليكوبتر,اسم جامد,,,مركبة طائرة عسكريّة,MAPPED,,23
16527,429,هليكوبتر,اسم جامد,,,مركبة طائرة بمراوح,MAPPED,,23
16534,429,طائرة,اسم جامد,طير,فَاعِلَة,مركبة طائرة عسكريّة,MAPPED,,23
16790,429,ميني فان,اسم جامد,,,مركبة عائليّة كبيرة فسيحة,MAPPED,,23
16800,429,سيّارة إسعاف,تركيب,,,مركبة طبّيّة لنقل المرضى,MAPPED,,23
17433,429,طائرة,اسم جامد,طير,فَاعِلَة,مركبة مصمّمة للسفر في الجوّ,MAPPED,,23
7810,430,قانونياً,ظرف,قنن,فَاعِلًا,بخصوص القانون والتشريع,MAPPED,,23
7811,430,اقتصادياً,ظرف,قصد,فِعْلِيًّا,بخصوص الاقتصاد والإنتاج,MAPPED,,23
7812,430,عاطفياً,ظرف,عطف,فَاعِلًا,بخصوص المشاعر والعواطف,MAPPED,,23
7813,430,جغرافياً,ظرف,جغرف,فِعْلِيًّا,بخصوص الجغرافيا والمواقع,MAPPED,,23
7814,430,نفسياً,ظرف,نفس,فِعْلًا,بخصوص الحالة النفسيّة,MAPPED,,23
7815,430,تاريخياً,ظرف,خرج,فِعْلِيًّا,بخصوص التاريخ والأحداث,MAPPED,,23
7816,430,اجتماعياً,ظرف,جتع,فِعْلِيًّا,بخصوص المجتمع والعلاقات,MAPPED,,23
7817,430,ثقافياً,ظرف,ثقف,فِعْلِيًّا,بخصوص الثقافة والتقاليد,MAPPED,,23
7818,430,مالياً,ظرف,مول,فِعْلًا,بخصوص المال والتمويل,MAPPED,,23
7819,430,من حيث,تركيب,,,فيما يتعلّق بجانب معيّن,MAPPED,,23
7838,432,اعتداء,اسم جامد,عدي,افتعال,فعل يهدّد بإيذاء جسدي,MAPPED,,23
7839,432,قَتْل,مصدر,قتل,فَعْل,إزهاق الروح بطريقة غير شرعيّة,MAPPED,,23
7842,432,اغتصاب قاصر,تركيب,,,اتصال جنسي بقاصر دون الموافقة,MAPPED,,23
7843,432,تخريب,مصدر,خرب,فَعْلِيل,إتلاف الممتلكات عن قصد,MAPPED,,23
7844,432,قَتْل غير مقصود,تركيب,,,إزهاق الروح دون نيّة القتل,MAPPED,,23
7845,432,اختطاف,مصدر,خطف,افتعال,الاستيلاء على مركبة بالقوّة,MAPPED,,23
7846,432,سَرِقة,مصدر,سرق,فِعَالَة,أخذ ممتلكات الغير بدون إذن,MAPPED,,23
7847,432,سَرِقة بالكسر,تركيب,,,الدخول غير القانوني ببيت بنيّة السرقة,MAPPED,,23
7848,432,نَهْب,مصدر,نهب,فَعْل,أخذ المال من شخص بالعنف,MAPPED,,23
7976,432,تآمر,مصدر,تأمر,تفاعل,خطّة سريّة لفعل غير قانوني,MAPPED,,23
7977,432,سَرِقة,مصدر,سرق,فِعَالَة,الاستيلاء على ممتلكات الغير,MAPPED,,23
7978,432,انتهاك حقوق النشر,تركيب,,,استخدام محتوى مشمول بالحماية,MAPPED,,23
7982,432,إهمال,مصدر,همل,افتعال,عدم الاعتناء الذي يُحدث ضرراً,MAPPED,,23
7990,432,حيازة,مصدر,حيز,افتعال,امتلاك شيء غير قانوني,MAPPED,,23
7991,432,جناية,اسم جامد,جنى,فَعَالَة,جريمة خطيرة متضمّنة عنفاً,MAPPED,,23
7993,432,تحرّش جنسي,تركيب,,,تصرفات جنسيّة غير مرغوبة متكررة,MAPPED,,23
7995,432,خيانة,مصدر,خون,فِعَالَة,الخيانة للوطن والدولة,MAPPED,,23
7996,432,ضَرْب,مصدر,ضرب,فَعْل,إيذاء جسدي غير قانوني,MAPPED,,23
8070,432,خَطْف,مصدر,خطف,فَعْل,أخذ شخص بالقوّة والعنف,MAPPED,,23
8254,432,احتيال,مصدر,حيل,افتعال,غش متعمّد للحصول على منفعة,MAPPED,,23
8442,432,اعتداء فاحش,تركيب,,,تصرفات جنسيّة بدون موافقة,MAPPED,,23
8443,432,اعتداء جنسي,تركيب,,,اتصال جنسي بدون موافقة,MAPPED,,23
8680,432,إيذاء الطفل,تركيب,,,معاملة الطفل بقسوة وعنف,MAPPED,,23
8926,432,قَتْل,مصدر,قتل,فَعْل,إزهاق الروح بطريقة غير شرعيّة,MAPPED,,23
11310,432,حَرْق,مصدر,حرق,فَعْل,إشعال النار في ممتلكات بقصد,MAPPED,,23
11314,432,اغتصاب,مصدر,غصب,افتعال,فرض الاتصال الجنسي بدون موافقة,MAPPED,,23
7930,470,مسلّح,صفة مشبهة,سلح,مُفَعَّل,حامل أو متزوّد بأسلحة,MAPPED,,23
7933,470,أعزل,صفة مشبهة,عزل,أفْعَل,غير مسلّح ولا يحمل أسلحة,MAPPED,,23
8006,470,بدون أسلحة,تركيب,,,لا يملك سلاحاً,MAPPED,,23
9132,470,حَمَل السلاح,تركيب,,,يملك أسلحة على شخصه,MAPPED,,23
9809,470,حَمَل,فعل,حمل,فَعَل,يحمل مسدساً على شخصه,MAPPED,,23
12574,470,حَمَل,فعل,حمل,فَعَل,يملك مسدساً على شخصه,MAPPED,,23
12575,470,نووي,صفة مشبهة,نوو,فِعْلِي,يملك أسلحة نوويّة,MAPPED,,23
13130,470,مسلّح,اسم جامد,سلح,مُفَعَّل,رجل يستخدم السلاح في الجريمة,MAPPED,,23
15546,470,سَحَب,فعل,سحب,فَعَل,إخراج السلاح من مكانه بسرعة,MAPPED,,23
7920,480,أعاق,فعل,عوق,أفْعَل,يؤخّر أو يعطّل التقدّم,MAPPED,,23
7921,480,أعاق,فعل,عوق,أفْعَل,يعرقل أو يعطّل الحركة,MAPPED,,23
7922,480,عَرْقَل,فعل,عرقل,فَعْلَل,يؤخّر أو يحول دون التقدّم,MAPPED,,23
7923,480,سَدّ,فعل,سدد,فَعَل,يمنع أو يعطّل,MAPPED,,23
7924,480,قَيّد,فعل,قيد,فَعَّل,يقيّد أو يعرقل الحركة,MAPPED,,23
7925,480,قَيّد,فعل,قيد,فَعَّل,يقيّد النشاط والحركة بشدّة,MAPPED,,23
7926,480,أعاق,فعل,عوق,أفْعَل,يضع شخصاً في موضع صعب,MAPPED,,23
7927,480,أعاق,فعل,عوق,أفْعَل,يمنع أو يكبح عملاً أو عمليّة,MAPPED,,23
7928,480,أثقَل,فعل,ثقل,أفْعَل,يثقّل أو يعرقل الحركة,MAPPED,,23
7948,480,أخّر,فعل,أخر,أفْعَل,يتأخّر أو يؤخّر,MAPPED,,23
7949,480,أخّر,فعل,أخر,أفْعَل,يؤخّر في النموّ والتطوّر,MAPPED,,23
8040,480,عائق,اسم جامد,عوق,فَاعِل,شيء يعيق التقدّم,MAPPED,,23
8041,480,عائق,اسم جامد,عوق,فَاعِل,عقبة أو عائق,MAPPED,,23
8042,480,عائق,اسم جامد,عوق,فَاعِل,شيء يثقّل أو يعرقل,MAPPED,,23
8043,480,سدّ,مصدر,سدد,فَعْل,فعل الحاجز أو حالة الحاجز,MAPPED,,23
8044,480,حاجز,اسم جامد,حجز,فَاعِل,شيء يحول دون التقدّم,MAPPED,,23
8045,480,معرقِل,صفة مشبهة,عرقل,مُفَعِّل,يسبّب عرقلة أو معوقات,MAPPED,,23
8113,480,تدخّل,فعل,دخل,تفاعل,يمنع تنفيذ الخطّة أو الفعل,MAPPED,,23
10890,480,تدخّل,مصدر,دخل,تفاعل,فعل أو حالة التدخّل,MAPPED,,23
13908,480,عقبة,اسم جامد,عقب,فِعْلَة,عائق أو صعوبة,MAPPED,,23
14698,480,مشقّة,اسم جامد,شقق,فِعْلَة,صعوبة أو تحدٍّ,MAPPED,,23
17825,480,سَدّ,فعل,سدد,فَعَل,يحول دون التقدّم,MAPPED,,23
18541,480,قَمَع,فعل,قمع,فَعَل,يكبح أو يقمع,MAPPED,,23
18542,480,قمعي,صفة مشبهة,قمع,فِعْلِي,يؤدّي إلى القمع والكبح,MAPPED,,23
18543,480,كَبَح,فعل,كبح,فَعَل,يحبس أو يقيّد أو يمنع,MAPPED,,23
18544,480,كبح,مصدر,كبح,فَعْل,حالة الحبس أو القيد,MAPPED,,23
18545,480,أبطأ,فعل,بطؤ,أفْعَل,يؤخّر التقدّم والنموّ,MAPPED,,23
18546,480,كَبَح,فعل,كبح,فَعَل,يمنع أو يقيّد,MAPPED,,23
18691,480,قَلّل,فعل,قلل,فَعَّل,يبطّئ عمليّة أو حدثاً,MAPPED,,23
7967,481,متشابه,صفة مشبهة,شبه,مُتفَعِّل,له نفس الطابع دون هويّة,MAPPED,,23
7969,481,مختلف,صفة مشبهة,خلف,مُفْتَعِل,ليس متشابهاً,MAPPED,,23
7970,481,تشابه,مصدر,شبه,تفاعل,حالة التشابه مع الآخر,MAPPED,,23
7971,481,اختلاف,مصدر,خلف,افتعال,عدم التشابه أو الاختلاف,MAPPED,,23
7973,481,مثل,صفة مشبهة,مثل,فِعْل,متشابه,MAPPED,,23
7974,481,شَابَه,فعل,شبه,فَعَل,له مظهر مشابه,MAPPED,,23
7989,481,مختلف,صفة مشبهة,خلف,مُفْتَعِل,ليس نفس النوع أو الطبيعة,MAPPED,,23
7992,481,بخلاف,حرف,,,في تناقض مع,MAPPED,,23
7994,481,تشابه,اسم جامد,شبه,تفاعل,حالة التشابه,MAPPED,,23
7997,481,مختلف,صفة مشبهة,خلف,مُفْتَعِل,مختلف أو غير متشابه,MAPPED,,23
8671,481,شبيه,اسم جامد,شبه,فِعيل,شخص يشبه آخر بشدّة,MAPPED,,23
8672,481,صورة طبق الأصل,تركيب,,,الشبيه الدقيق,MAPPED,,23
8681,481,شبيه,اسم جامد,شبه,فِعيل,شخص أو شيء متشابه,MAPPED,,23
8994,481,تشابه,اسم جامد,شبه,تفاعل,نقطة تشابه أو تماثل,MAPPED,,23
8995,481,مثل,حرف,,,بطريقة,MAPPED,,23
8996,481,مثل,صفة مشبهة,مثل,فِعْل,له خصائص متشابهة,MAPPED,,23
10594,481,اختَلَف,فعل,خلف,افتعل,يكون مختلفاً أو غير متشابه,MAPPED,,23
10595,481,متميّز,صفة مشبهة,ميز,مُتفَعِّل,مختلف بوضوح في الطبيعة,MAPPED,,23
10853,481,فرق,اسم جامد,فرق,فِعْل,طريقة في الاختلاف,MAPPED,,23
10891,481,موازاة,اسم جامد,وازي,مُفَاعَلَة,تشابه أو مقارنة,MAPPED,,23
11100,481,اختلاف,مصدر,خلف,افتعال,حالة الاختلاف,MAPPED,,23
12299,481,تَنَوّع,فعل,نوع,تفاعل,يختلف في الحجم أو الدرجة,MAPPED,,23
12320,481,عدم توافق,اسم جامد,وفق,عدم افتعال,عدم التوافقيّة المنطقيّة,MAPPED,,23
12321,481,متنافر,صفة مشبهة,نفر,مُتفَعِّل,يظهر عدم توافق,MAPPED,,23
12323,481,فَجْوة,اسم جامد,فجو,فِعْلَة,اختلاف كبير,MAPPED,,23
12324,481,مختلف جذرياً,صفة مشبهة,خلف,مُفْتَعِل,مختلف بشكل جوهري,MAPPED,,23
13796,481,تمايز,اسم جامد,ميز,تفاعل,فرق واضح أو تناقض,MAPPED,,23
14037,481,نسخة,اسم جامد,نسخ,فِعْلَة,صيغة تختلف عن الأصل,MAPPED,,23
14490,481,عدم تشابه,مصدر,شبه,عدم تفاعل,حقيقة عدم التشابه,MAPPED,,23
15714,481,صورة,اسم جامد,صور,فِعْلَة,شبيه دقيق لشخص,MAPPED,,23
15715,481,صورة حقيقيّة,تركيب,,,الشبيه الدقيق جداً,MAPPED,,23
15741,481,أشبَه,فعل,شبه,أفْعَل,يشبه أو يحاكي,MAPPED,,23
16901,481,حاكاها,فعل,حكى,فَاعَلَ,يقلّد حتى يصبح متطابقاً,MAPPED,,23
7931,482,إساءة,اسم جامد,ساء,افتعال,معاملة قاسية وعنيفة,MAPPED,,23
7932,482,أَسَاء,فعل,ساء,أفْعَل,يعامل بقسوة أو عنف,MAPPED,,23
7934,482,مُسيء,صفة مشبهة,ساء,مُفْتَعِل,متّسم بالإساءة المتكررة,MAPPED,,23
7936,482,ضَرَب,فعل,ضرب,فَعَل,يعاني من عنف متكرر من الزوج,MAPPED,,23
8081,482,عنف أسري,تركيب,,,عنف يحدث في الأسرة,MAPPED,,23
13460,482,أَسَاء,فعل,ساء,أفْعَل,يعامل بقسوة أو عنف,MAPPED,,23
13461,482,إساءة,اسم جامد,ساء,افتعال,معاملة قاسية وقاسية,MAPPED,,23
7937,483,أَبْلَغ,فعل,بلغ,أفْعَل,يخبر السلطات بأعمال خاطئة,MAPPED,,23
7945,483,نَمّ,فعل,نمم,فَعَّل,يخبر على شخص,MAPPED,,23
7946,483,أَخْبَر,فعل,خبر,أفْعَل,يعطي معلومات إدانة,MAPPED,,23
7947,483,أَنَمّ,فعل,نمم,أفْعَل,يخبر على شخص,MAPPED,,23
7984,483,نَمّ,فعل,نمم,فَعَّل,يفضح على شخص,MAPPED,,23
8010,483,نَمّ,فعل,نمم,فَعَّل,يخبر على شخص,MAPPED,,23
8011,483,نَمّ,فعل,نمم,فَعَّل,يخبر على شخص,MAPPED,,23
8012,483,أَخْبَر,فعل,خبر,أفْعَل,يخبر على شخص,MAPPED,,23
8126,483,جاسوس,اسم جامد,جسس,فَاعول,شخص يخبر السلطات,MAPPED,,23
8127,483,مُخْبِر,اسم فاعل,خبر,مُفْعِل,شخص يبلّغ السلطات,MAPPED,,23
8128,483,نَمّام,اسم جامد,نمم,فَعّال,شخص يخبر على الآخرين,MAPPED,,23
8129,483,جاسوس,اسم جامد,جسس,فَاعول,مخبر شرطة,MAPPED,,23
12690,483,نَمّ,فعل,نمم,فَعَّل,يخبر على شخص,MAPPED,,23
7951,485,أَطْلَق,فعل,طلق,أفْعَل,يطلق النار حتى يصيب,MAPPED,,23
7952,485,ضَرَب,فعل,ضرب,فَعَل,يصيب الهدف,MAPPED,,23
7985,485,انتقى,فعل,نقي,افتعل,يطلق النار على,MAPPED,,23
7998,491,سلوك,اسم جامد,سلك,فِعْل,طريقة تصرف الشخص,MAPPED,,23
8000,491,سلوك,اسم جامد,سلك,فِعْل,سلوك الشخص وتصرفاته,MAPPED,,23
8001,491,سلوك,اسم جامد,سلك,فِعْل,طريقة تصرف الإنسان,MAPPED,,23
8230,491,سلوك,اسم جامد,سلك,فِعْل,السلوك والتصرفات,MAPPED,,23
8231,491,ساء,فعل,ساء,فَعَل,يتصرف بسوء,MAPPED,,23
8233,491,سوء سلوك,تركيب,,,تصرف سيّء,MAPPED,,23
8509,491,تَصَرّف,فعل,صرف,تفاعل,يتصرف بطريقة معيّنة,MAPPED,,23
10120,491,تَصَرّف,فعل,صرف,تفاعل,يسلك بطريقة معيّنة,MAPPED,,23
10183,491,ساء,فعل,ساء,فَعَل,يتصرف بسوء,MAPPED,,23
11151,491,مشية,اسم جامد,شيع,فِعْلَة,طريقة وقوف وتحرك الشخص,MAPPED,,23
11152,491,تَصَرّف,فعل,صرف,تفاعل,طريقة سلوك الشخص,MAPPED,,23
11153,491,حَمَل نفسه,تركيب,,,يقف ويتحرك بطريقة معيّنة,MAPPED,,23
12535,491,حال,اسم جامد,حول,فَاعِل,السلوك الخارجي والمظهر,MAPPED,,23
12536,491,أسلوب,اسم جامد,سلب,فِعْل,السلوك والتصرف نحو الآخرين,MAPPED,,23
16369,491,طريقة,اسم جامد,طرق,فِعْلَة,السلوك الخارجي تجاه الآخرين,MAPPED,,23
7958,500,استفسار,مصدر,فسر,افتعال,تحقيق رسمي,MAPPED,,23
7959,500,تحقيق,مصدر,حقق,فِعْل,عمليّة تحرٍّ,MAPPED,,23
7963,500,حَقّق,فعل,حقق,فَعَّل,يجري تحقيقاً نظاميّاً,MAPPED,,23
7965,500,استفسر,فعل,فسر,افتعل,يطرح أسئلة لجمع أدلة,MAPPED,,23
7966,500,حَقّق,فعل,حقق,فَعَّل,يفحص بدقة,MAPPED,,23
8046,500,تحقيق,مصدر,حقق,فِعْل,بحث منظّم عن حادثة,MAPPED,,23
8402,500,دليل,اسم جامد,دلل,فِعْل,مؤشر لحل مشكلة,MAPPED,,23
8403,500,مؤشّر,اسم جامد,ؤشر,مُفَعّل,دليل لكشف الحقيقة,MAPPED,,23
18702,500,قضيّة,اسم جامد,قضي,فِعْلَة,حالة قيد التحقيق القانوني,MAPPED,,23
7953,501,غير قانوني,صفة مشبهة,قنن,غير فِعْلِي,يخالف القانون,MAPPED,,23
7954,501,قانوني,صفة مشبهة,قنن,فِعْلِي,يسمح به القانون,MAPPED,,23
7955,501,شرعي,صفة مشبهة,شرع,فِعْلِي,يتوافق مع القانون,MAPPED,,23
7956,501,غير شرعي,صفة مشبهة,شرع,غير فِعْلِي,لا يتوافق مع القانون,MAPPED,,23
7957,501,خاطئ,صفة مشبهة,خطؤ,فَاعِل,ليس عادلاً أو قانونياً,MAPPED,,23
7960,501,محظور,صفة مشبهة,حظر,مَفْعول,يُحظّر بالقانون,MAPPED,,23
7962,501,مشروع,صفة مشبهة,شرع,مَفْعول,غير محظور,MAPPED,,23
7964,501,مسموح,صفة مشبهة,سمح,مَفْعول,مرخّص ومسموح به,MAPPED,,23
10480,501,بشكل خاطئ,ظرف,خطؤ,فاعلاً,بطريقة تنتهك القانون,MAPPED,,23
10481,501,خاطئ,صفة مشبهة,خطؤ,فَاعِل,يخالف القانون,MAPPED,,23
11223,501,محظور,صفة مشبهة,حظر,مَفْعول,يحظّره القانون,MAPPED,,23
11695,501,شرعي,صفة مشبهة,شرع,فِعْلِي,يوافق القانون والقواعد,MAPPED,,23
15393,501,عادل,صفة مشبهة,عدل,فَاعِل,قانوني في المجال الرياضي,MAPPED,,23
17650,501,إجرامي,صفة مشبهة,جرم,فِعْلِي,يحظّره القانون,MAPPED,,23
7968,502,استسلَم,فعل,سلم,افتعل,يسلّم نفسه للسلطات,MAPPED,,23
8008,502,أَسْلَم,فعل,سلم,أفْعَل,يسلّم نفسه للسلطات,MAPPED,,23
8009,502,استسلَم,فعل,سلم,افتعل,يستسلم للسلطات,MAPPED,,23
14763,502,استسلام,مصدر,سلم,افتعال,عمليّة الاستسلام,MAPPED,,23
7975,503,اشتبَه,فعل,شبه,افتعل,يعتقد بذنب شخص,MAPPED,,23
8014,503,موضع اشتباه,تركيب,,,متّهم بارتكاب جريمة,MAPPED,,23
8071,503,مشتبَه به,اسم مفعول,شبه,مُفْتَعَل به,شخص يُشتبَه بارتكابه جريمة,MAPPED,,23
7979,504,استئناف,مصدر,أنف,افتعال,طلب نقض قرار محكمة,MAPPED,,23
7980,504,استأنَف,فعل,أنف,افتعل,يطلب نقض القرار الابتدائي,MAPPED,,23
7981,504,استئنافي,صفة مشبهة,أنف,افتعالي,متعلّق بمحاكم الاستئناف,MAPPED,,23
7983,504,مستأنِف,اسم فاعل,أنف,مُسْتَفْعِل,شخص يطلب الاستئناف,MAPPED,,23
8661,505,مطلوب,اسم مفعول,طلب,مَفْعول,يبحث عنه الشرطة,MAPPED,,23
8026,507,استجوب,فعل,جوب,افتعل,يطرح أسئلة على الشاهد,MAPPED,,23
8028,507,طاعن,فعل,طعن,فاعل,يطرح أسئلة لفحص الشهادة,MAPPED,,23
8030,507,مواجهة,اسم جامد,وجه,مُفَاعَلَة,اختصار الاستجواب المتقابل,MAPPED,,23
8031,507,استجواب متقابل,تركيب,,,فحص الشاهد في المحكمة,MAPPED,,23
8091,507,استجواب,مصدر,جوب,افتعال,سؤال رسمي للشاهد,MAPPED,,23
8034,512,برّر,فعل,برر,فَعَّل,يثبت أن شيئاً معقول,MAPPED,,23
8035,512,تبرير,مصدر,برر,تفعيل,إثبات المعقوليّة,MAPPED,,23
8036,512,دافَع,فعل,دفع,فاعل,يحاول تبرير شيء,MAPPED,,23
8038,512,حسّب,فعل,حسب,فَعَّل,يعطي تفسيراً مرضياً,MAPPED,,23
8039,512,فسّر,فعل,فسر,فَعَّل,يبرر أو يعتذر عن شيء,MAPPED,,23
9580,512,برّر,فعل,برر,فَعَّل,يحاول إيجاد تبرير منطقي,MAPPED,,23
8047,513,غَرَض,اسم جامد,غرض,فَعَل,الشيء المقصود,MAPPED,,24
8048,513,هَدَف,اسم جامد,هدف,فَعَل,ما يسعى إليه,MAPPED,,24
8049,513,قَصْد,اسم جامد,قصد,فَعْل,النية والعزم,MAPPED,,24
8050,513,هَدَف,اسم جامد,هدف,فَعَل,ما يُستهدف,MAPPED,,24
8052,513,غَايَة,اسم جامد,غيي,فَاعَة,النهاية المطلوبة,MAPPED,,24
8053,513,هَدَف,اسم جامد,هدف,فَعَل,المسعى إليه,MAPPED,,24
8236,513,قَصَدَ,فعل,قصد,فَعَلَ,عزم على أمر,MAPPED,,24
10717,513,أَرَادَ,فعل,ريد,أَفْعَلَ,نوى وعزم,MAPPED,,24
10718,513,نِيَّة,اسم جامد,نيي,فِعَّة,القصد والعزم,MAPPED,,24
11692,513,اسْتِخْدَام,مصدر,خدم,اِسْتِفْعَال,الطريقة,MAPPED,,24
12276,513,خَطَّطَ,فعل,خطط,فَعَّلَ,رتب مسبقاً,MAPPED,,24
12278,513,كَيْ,حرف,,,للدلالة على قصد,MAPPED,,24
12294,513,خِطَّة,اسم جامد,خطط,فِعَّة,الترتيب المسبق,MAPPED,,24
13805,513,عَازِم,صفة مشبهة,عزم,فَاعِل,المصمم,MAPPED,,24
13806,513,مُصَمِّم,اسم فاعل,صمم,مُفَعِّل,الذي عقد العزم,MAPPED,,24
13807,513,حَازِم,صفة مشبهة,حزم,فَاعِل,الذي متمسك برأيه,MAPPED,,24
13808,513,قَصَدَ,فعل,قصد,فَعَلَ,أراد,MAPPED,,24
8054,514,سَبَب,اسم جامد,سبب,فَعَل,العامل المترتب,MAPPED,,24
8055,514,لِمَاذَا,مبني,,,الاستفهام عن السبب,MAPPED,,24
8057,514,بَاعِث,اسم فاعل,بعث,فَاعِل,ما يدفع,MAPPED,,24
8058,514,دَافِع,اسم فاعل,دفع,فَاعِل,المحرك,MAPPED,,24
12682,514,أَسَاس,اسم جامد,أسس,فَعَال,الأساس,MAPPED,,24
8087,516,مَنَعَ,فعل,منع,فَعَلَ,حال دون الوقوع,MAPPED,,24
8111,516,دَرَأَ,فعل,درء,فَعَلَ,دفع الضرر,MAPPED,,24
8112,516,أَحْبَطَ,فعل,حبط,أَفْعَلَ,جعل عاجزاً,MAPPED,,24
8117,516,قَطَعَ,فعل,قطع,فَعَلَ,توقيف مبكر,MAPPED,,24
8120,516,اجْتَنَبَ,فعل,جنب,اِفْتَعَلَ,ابتعد,MAPPED,,24
8121,516,دَرَأَ,فعل,درء,فَعَلَ,دفع السوء,MAPPED,,24
8123,516,أَوْقَفَ,فعل,وقف,أَفْعَلَ,وقّف التقدم,MAPPED,,24
8125,516,تَجَنَّبَ,فعل,جنب,تَفَعَّلَ,امتنع,MAPPED,,24
8174,516,مَنْع,مصدر,منع,فَعْل,العملية,MAPPED,,24
8177,516,إيقاف,مصدر,وقف,إفْعَال,الإنهاء,MAPPED,,24
8179,516,حَرَّمَ,فعل,حرم,فَعَّلَ,منع,MAPPED,,24
11292,516,أَوْقَفَ,فعل,وقف,أَفْعَلَ,وقّف,MAPPED,,24
15051,516,أَفْسَدَ,فعل,فسد,أَفْعَلَ,أبطل,MAPPED,,24
17496,516,مَنَعَ,فعل,منع,فَعَلَ,حال دون,MAPPED,,24
18781,516,احْتَاطَ,فعل,حوط,اِفْتَعَلَ,توقع ومنع,MAPPED,,24
18782,516,احْتِيَاط,مصدر,حوط,اِفْتِعَال,الإجراء الوقائي,MAPPED,,24
18783,516,وِقَائِي,اسم منسوب,وقى,فِعَالِي,الوقائي,MAPPED,,24
18786,516,أَتَاحَ,فعل,تيح,أَفْعَلَ,وفّر الفرصة,MAPPED,,24
18787,516,تَرَكَ,فعل,ترك,فَعَلَ,لم يمنع,MAPPED,,24
18788,516,سَمَحَ,فعل,سمح,فَعَلَ,أذن,MAPPED,,24
18789,516,مَكَّنَ,فعل,مكن,فَعَّلَ,جعل ممكناً,MAPPED,,24
18790,516,تَمْكِين,مصدر,مكن,تَفْعِيل,الإمكانية,MAPPED,,24
18791,516,احْتَاطَ,فعل,حوط,اِفْتَعَلَ,توقع,MAPPED,,24
18792,516,حَالَ,فعل,حول,فَعَلَ,منع من النجاح,MAPPED,,24
8083,517,قَابِل,صفة مشبهة,قبل,فَاعِل,يستوجب إجراء,MAPPED,,24
8084,517,رَأْسِي,اسم منسوب,رأس,فَعْلِي,يستحق الموت,MAPPED,,24
8085,517,جَنَائِي,اسم منسوب,جنى,فَعَالِي,جريمة,MAPPED,,24
8110,517,جَسِيم,صفة مشبهة,جسم,فَعِيل,جرم خطير,MAPPED,,24
8094,518,أَحْبَطَ,فعل,حبط,أَفْعَلَ,منع النجاح,MAPPED,,24
8095,518,فَشَّلَ,فعل,فشل,فَعَّلَ,منع التحقق,MAPPED,,24
8096,518,عَاقَ,فعل,عوق,فَعَلَ,أعاق التقدم,MAPPED,,24
8097,518,شَلَّ,فعل,شلل,فَعَّلَ,شل القدرة,MAPPED,,24
8098,518,عَجَّزَ,فعل,عجز,فَعَّلَ,جعل عاجزاً,MAPPED,,24
8099,518,حَجَزَ,فعل,حجز,فَعَلَ,منع,MAPPED,,24
8100,518,احْتَاطَ,فعل,حوط,اِفْتَعَلَ,توقع,MAPPED,,24
8102,518,أَفْسَدَ,فعل,فسد,أَفْعَلَ,أفسد الخطة,MAPPED,,24
8114,518,خَيَّبَ,فعل,خيب,فَعَّلَ,خيب الآمال,MAPPED,,24
8119,518,حَالَ,فعل,حول,فَعَلَ,حال دون,MAPPED,,24
15332,518,رَدَّ,فعل,ردد,فَعَّلَ,رد الفعل,MAPPED,,24
8131,519,قَيَّمَ,فعل,قيم,فَعَّلَ,حكم على النوعية,MAPPED,,24
8132,519,صَنَّفَ,فعل,صنف,فَعَّلَ,رتب حسب مقياس,MAPPED,,24
8133,519,قَيَّمَ,فعل,قيم,فَعَّلَ,حكم,MAPPED,,24
8134,519,صَنَّفَ,فعل,صنف,فَعَّلَ,رتب,MAPPED,,24
8135,519,تَقْيِيم,مصدر,قيم,تَفْعِيل,الحكم,MAPPED,,24
8136,519,تَقْيِيم,مصدر,قيم,تَفْعِيل,الحكم على القيمة,MAPPED,,24
8137,519,وَزَنَ,فعل,وزن,فَعَلَ,قاس الوزن,MAPPED,,24
11867,519,حَكَمَ,فعل,حكم,فَعَلَ,صدر حكماً,MAPPED,,24
11868,519,قَدَّرَ,فعل,قدر,فَعَّلَ,أعلن القيمة,MAPPED,,24
11911,519,رَتَّبَ,فعل,رتب,فَعَّلَ,حدد الترتيب,MAPPED,,24
13791,519,أَعَادَ تَقْيِيم,تركيب,,,أعاد تقييم,MAPPED,,24
13792,519,قَيَّمَ,فعل,قيم,فَعَّلَ,قيّم الأداء,MAPPED,,24
13793,519,تَقْيِيم,مصدر,قيم,تَفْعِيل,تقييم الأداء,MAPPED,,24
13794,519,إعَادَة تَقْيِيم,تركيب,,,فحص ثاني,MAPPED,,24
8178,520,نَهَى,فعل,نهي,فَعَلَ,أمر بعدم الفعل,MAPPED,,24
8180,520,حَظَرَ,فعل,حظر,فَعَلَ,منع,MAPPED,,24
14510,520,جَرَّمَ,فعل,جرم,فَعَّلَ,جعل غير قانوني,MAPPED,,24
18538,520,رَفَضَ,فعل,رفض,فَعَلَ,رفض الموافقة,MAPPED,,24
18761,520,مُوَافَقَة,مصدر,وفق,مُفَاعَلَة,الموافقة,MAPPED,,24
18762,520,وَافَقَ,فعل,وفق,فَاعَلَ,قبل رسمياً,MAPPED,,24
18763,520,أَذِنَ,فعل,اذن,أَفْعَلَ,أعطى إذنة,MAPPED,,24
18764,520,وَافَقَ,فعل,وفق,فَاعَلَ,أجاز,MAPPED,,24
18765,520,أَعْطَى الضَّوْء الأَخْضَر,تركيب,,,أعطى الإذن,MAPPED,,24
18766,520,إِجَازَة,اسم جامد,جيز,إفْعَالَة,رخصة الغياب,MAPPED,,24
18768,520,وِلاَيَة,اسم جامد,ولي,فِعَالَة,تفويض,MAPPED,,24
18769,520,وَافَقَ,فعل,وفق,فَاعَلَ,أعطى موافقة,MAPPED,,24
18770,520,إِذْن,اسم جامد,اذن,إفْعَل,التفويض,MAPPED,,24
18771,520,أَذِنَ,فعل,اذن,أَفْعَلَ,أعطى إذنة,MAPPED,,24
18772,520,قَيَّدَ,فعل,قيد,فَعَّلَ,حد من الحرية,MAPPED,,24
18773,520,صَادَقَ,فعل,صدق,فَاعَلَ,صادق وأذن,MAPPED,,24
18774,520,الضَّوْء الأَخْضَر,تركيب,,,الإذن,MAPPED,,24
18775,520,الضَّوْء الأَخْضَر,تركيب,,,الإذن,MAPPED,,24
18776,520,الضَّوْء الأَخْضَر,تركيب,,,الإذن,MAPPED,,24
18777,520,الموَافَقَة,تركيب,,,الموافقة,MAPPED,,24
18778,520,تَحَمَّلَ,فعل,حمل,تَفَعَّلَ,احتمل,MAPPED,,24
18779,520,حَظْر,مصدر,حظر,فَعْل,منع,MAPPED,,24
8181,521,حَظَرَ,فعل,حظر,فَعَلَ,منع رسمياً,MAPPED,,24
8182,521,نَهَى,فعل,نهي,فَعَلَ,أمر بعدم الفعل,MAPPED,,24
8184,521,حَظَرَ,فعل,حظر,فَعَلَ,منع بالقانون,MAPPED,,24
8185,521,حَرَّمَ,فعل,حرم,فَعَّلَ,حرّم وحظر,MAPPED,,24
8186,521,حَظَرَ,فعل,حظر,فَعَلَ,حرّم,MAPPED,,24
8187,521,حَظْر,مصدر,حظر,فَعْل,منع رسمي,MAPPED,,24
8188,521,حَظْر,مصدر,حظر,فَعْل,المنع,MAPPED,,24
14690,521,مَنَعَ,فعل,منع,فَعَلَ,حال دون,MAPPED,,24
18752,521,أَجَازَ,فعل,جيز,أَفْعَلَ,أقرّ,MAPPED,,24
18753,521,أَعْطَى الحَقّ,تركيب,,,منح الحق,MAPPED,,24
18754,521,أَذِنَ,فعل,اذن,أَفْعَلَ,أقرّ,MAPPED,,24
18755,521,أَجَازَ,فعل,جيز,أَفْعَلَ,رخّص,MAPPED,,24
8192,523,حَاضَرَ,فعل,حضر,فَاعَلَ,ألقى محاضرة,MAPPED,,24
8193,523,وَعَظَ,فعل,وعظ,فَعَلَ,ألقى موعظة,MAPPED,,24
8194,523,شَرَحَ,فعل,شرح,فَعَلَ,شرح وضّح,MAPPED,,24
8195,523,خَطَبَ,فعل,خطب,فَعَلَ,ألقى خطبة,MAPPED,,24
8196,523,خاطَبَ بإطالة,تركيب,,,تكلم بطول,MAPPED,,24
8197,523,أَسْهَبَ,فعل,سهب,أَفْعَلَ,تكلم بتفصيل,MAPPED,,24
8198,523,ثَرثَرَ,فعل,ثرر,فَعْفَعَ,تكلم بعشوائية,MAPPED,,24
8199,523,اسْتَمَرَّ يَتَكَلَّم,تركيب,,,استمر بالكلام,MAPPED,,24
8200,523,نَاقَشَ,فعل,نقش,فَاعَلَ,تبادل آراء,MAPPED,,24
9170,523,خَاطَبَ,فعل,خطب,فَاعَلَ,ألقى خطاباً,MAPPED,,24
9186,523,خِطَاب,اسم جامد,خطب,فِعَال,كلام موجه,MAPPED,,24
9187,523,مُحَاضَرَة,اسم جامد,حضر,مُفَاعَلَة,درس,MAPPED,,24
9901,523,أَدْلَى برأيه بغرور,تركيب,,,أعرب بتعجرف,MAPPED,,24
15384,523,حَدَّثَ,فعل,حدث,فَعَّلَ,تحدث,MAPPED,,24
8210,530,عَامِل,اسم جامد,عمل,فَاعِل,الموالي,MAPPED,,24
8211,530,تَابِع,اسم فاعل,تبع,فَاعِل,المتبع,MAPPED,,24
8212,530,مَرْؤُوس,اسم مفعول,رأس,مَفْعُول,التابع,MAPPED,,24
8213,530,خَادِم,اسم فاعل,خدم,فَاعِل,الخادم,MAPPED,,24
8214,530,مَرْؤُوس,اسم مفعول,رأس,مَفْعُول,التابع,MAPPED,,24
8216,530,سَيِّد,اسم جامد,سيد,فَيْعِل,صاحب السلطة,MAPPED,,24
8218,530,خَادِم,اسم فاعل,خدم,فَاعِل,الخادم,MAPPED,,24
8219,530,رَئِيس,اسم جامد,رأس,فَيْعِل,الأعلى رتبة,MAPPED,,24
8220,530,مُسَاعِد,اسم فاعل,سعد,مُفَاعِل,المساعد,MAPPED,,24
8222,530,مُسْتَأْجَر,اسم مفعول,اجر,مُسْتَفْعَل,المستأجر,MAPPED,,24
8223,530,بَطَّاش,صيغة مبالغة,بطش,فَعَّال,الغليظ,MAPPED,,24
8238,530,حَارِس,اسم فاعل,حرس,فَاعِل,الحارس,MAPPED,,24
13549,530,أَدَاة,اسم جامد,,,الأداة,MAPPED,,24
14160,530,أَعْلَى رُتْبَة,تركيب,,,ذو مركز أعلى,MAPPED,,24
14161,530,أَقَلّ رُتْبَة,تركيب,,,ذو مركز أقل,MAPPED,,24
17139,530,خَدَمَ,فعل,خدم,فَعَلَ,عمل لمصلحة,MAPPED,,24
8224,531,مَرِيب,صفة مشبهة,ريب,فَعِيل,محتمل الخطر,MAPPED,,24
8225,531,مَرِيب,صفة مشبهة,ريب,فَعِيل,يثير الشك,MAPPED,,24
8226,531,مَشْكُوك,اسم مفعول,شكك,مَفْعُول,غير مؤكد,MAPPED,,24
8227,531,غَرِيب,صفة مشبهة,غرب,فَعِيل,يثير الريبة,MAPPED,,24
8228,531,غَيْر مَوْثُوق,تركيب,,,غير معتمد,MAPPED,,24
8239,541,اسْتَحَقَّ,فعل,حقق,اِسْتَفْعَلَ,استأهل,MAPPED,,24
8240,541,يُبَرِّر,فعل,برر,يُفَعِّل,يسوّغ,MAPPED,,24
8241,541,تَبْرِير,مصدر,برر,تَفْعِيل,التسويغ,MAPPED,,24
8242,541,أَسْبَاب,اسم جامد,سبب,أَفْعَال,العوامل,MAPPED,,24
8243,541,جَدِير,صفة مشبهة,جدر,فَعِيل,مستحق,MAPPED,,24
8311,541,اسْتَحَقَّ,فعل,حقق,اِسْتَفْعَلَ,استأهل,MAPPED,,24
8312,541,يَسْتَلْزِم,فعل,لزم,يَسْتَفْعِل,يقتضي,MAPPED,,24
11163,541,يُبَرِّر,فعل,برر,يُفَعِّل,يسوّغ,MAPPED,,24
8264,550,مَطَالَبَة,اسم جامد,طلب,مَفَاعَلَة,ادعاء الملكية,MAPPED,,24
8265,550,ادَّعَى,فعل,دعي,اِفْتَعَلَ,ادعى,MAPPED,,24
8266,550,طَالَبَ,فعل,طلب,فَاعَلَ,طالب بحقه,MAPPED,,24
11139,550,حَقّ,اسم جامد,حقق,فَعْل,الحق,MAPPED,,24
8290,560,تَأْشِيرَة,اسم جامد,شير,تَفْعِيلَة,إذن الدخول,MAPPED,,24
8291,560,جَوَاز سَفَر,تركيب,,,وثيقة الهوية,MAPPED,,24
8292,560,إِسْتِدْعَاء,اسم جامد,دعا,إفْتِعَال,أمر الحضور,MAPPED,,24
8293,560,تَفْوِيض,مصدر,فوض,تَفْعِيل,أمر رسمي,MAPPED,,24
8330,560,شَهَادَة,اسم جامد,شهد,فَعَالَة,وثيقة إثبات,MAPPED,,24
8331,560,أَوْرَاق,اسم جامد,ورق,أَفْعَال,وثائق,MAPPED,,24
8364,560,رُخْصَة,اسم جامد,رخص,فُعْلَة,إذن عمل,MAPPED,,24
8365,560,إِسْتِدْعَاء,اسم جامد,دعا,إفْتِعَال,أمر قضائي,MAPPED,,24
8366,560,شَهَادَة,اسم جامد,شهد,فَعَالَة,شهادة تعليمية,MAPPED,,24
8367,560,وَثِيقَة,اسم جامد,وثق,فَاعِلَة,عقد قانوني,MAPPED,,24
8368,560,عَقْد إِيجَار,تركيب,,,عقد استئجار,MAPPED,,24
8369,560,عَقْد,اسم جامد,عقد,فَعْل,اتفاقية,MAPPED,,24
8370,560,مُعَاهَدَة,اسم جامد,عاهد,مُفَاعَلَة,اتفاق دولي,MAPPED,,24
8371,560,قَانُون أَسَاسِي,تركيب,,,قانون تأسيسي,MAPPED,,24
8381,560,تَفْوِيض,مصدر,فوض,تَفْعِيل,إذن رسمي,MAPPED,,24
8382,560,اعْتِرَاف,مصدر,عرف,اِفْتِعَال,شهادة,MAPPED,,24
8383,560,مُلَخَّص,اسم مفعول,لخص,مُفَعَّل,موجز,MAPPED,,24
8384,560,أَمْر,اسم جامد,امر,فَعْل,أمر قضائي,MAPPED,,24
8385,560,إِقْرَار حَلْفِي,تركيب,,,تصريح موثق,MAPPED,,24
8386,560,وَصِيَّة,اسم جامد,وصي,فَعِيلَة,وثيقة وصايا,MAPPED,,24
8387,560,شَهَادَة,اسم جامد,شهد,فَعَالَة,تصريح قضائي,MAPPED,,24
8388,560,وَصِيَّة,اسم جامد,وصي,فَعِيلَة,وثيقة,MAPPED,,24
8389,560,حُكْم,اسم جامد,حكم,فُعْل,قرار قاضي,MAPPED,,24
8390,560,نَتِيجَة,اسم جامد,نتج,فَاعِلَة,خلاصة,MAPPED,,24
8391,560,رَأْي,اسم جامد,ريي,فَعْل,تصريح الحكم,MAPPED,,24
8392,560,حَقّ الملكية,تركيب,,,حق الملك,MAPPED,,24
8393,560,أَوَامِر,اسم جامد,امر,أَفْعَال,وثائق,MAPPED,,24
8394,560,عَقْد,اسم جامد,عقد,فَعْل,اتفاقية قانونية,MAPPED,,24
11165,560,رُخْصَة,اسم جامد,رخص,فُعْلَة,إذن,MAPPED,,24
11422,560,وَثِيقَة,اسم جامد,وثق,فَاعِلَة,ورقة رسمية,MAPPED,,24
12701,560,عَقْدِي,اسم منسوب,عقد,فَعْلِي,المتعلق بالعقد,MAPPED,,24
13767,560,اتِّفَاق,اسم جامد,وفق,اِفْتِعَال,اتفاق,MAPPED,,24
15814,560,تَأْكِيد,مصدر,اكد,تَفْعِيل,وثيقة التأكيد,MAPPED,,24
17352,560,بِطَاقَة هُوِيَّة,تركيب,,,وثيقة إثبات,MAPPED,,24
18640,560,بِطَاقَة عَمَل,تركيب,,,بطاقة مهنية,MAPPED,,24
8268,563,مَشَاجَرَة,اسم جامد,شجر,مَفَاعَلَة,قتال مشوش,MAPPED,,24
8269,563,فَوْضَى,اسم جامد,فوض,فَعْلَى,قتال فوضوي,MAPPED,,24
8270,563,شِجَار,اسم جامد,شجر,فِعَال,قتال علني,MAPPED,,24
8271,563,قِتَال,اسم جامد,قتل,فِعَال,الحرب,MAPPED,,24
8272,563,خِصَام,اسم جامد,خصم,فِعَال,نزاع عنيف,MAPPED,,24
8280,563,فِتْنَة,اسم جامد,فتن,فِعْلَة,اضطراب صاخب,MAPPED,,24
8460,602,بَلَغَ,فعل,بلغ,فَعَلَ,وصل إلى مقدار,MAPPED,,24
8461,602,تَجَمَّعَ إلى,فعل,جمع,تَفَعَّلَ,اجتمع,MAPPED,,24
8507,602,مَجْمُوع,اسم مفعول,جمع,مَفْعُول,الكمية الكلية,MAPPED,,24
11102,602,نَتِيجَة,اسم جامد,نتج,فَاعِلَة,الرقم,MAPPED,,24
13174,602,كُلِّي,اسم منسوب,كلل,فُعِّي,الشامل,MAPPED,,24
13463,602,بَلَغَ عَدَدُه,تركيب,,,وصل عدده,MAPPED,,24
18669,602,بِمَقْدَار,تركيب,,,بكمية,MAPPED,,24
8530,620,لَوَّنَ,فعل,لون,فَعَّلَ,طبّق صبغة,MAPPED,,24
8531,620,صَبَغَ,فعل,صبغ,فَعَلَ,لوّن بسائل,MAPPED,,24
8532,620,حَفَرَ,فعل,حفر,فَعَلَ,طبّق حمض,MAPPED,,24
8562,620,عَالَجَ,فعل,علج,فَاعَلَ,طبّق معالجة,MAPPED,,24
8580,620,جَلْفَنَ,فعل,جلفن,فَعْلَلَ,طلى بزنك,MAPPED,,24
10645,620,أَثْرَى,فعل,ثري,أَفْعَلَ,زاد النسبة,MAPPED,,24
10646,620,إِثْرَاء,مصدر,ثري,إفْعَال,زيادة النسبة,MAPPED,,24
10722,620,عَالَجَ,فعل,علج,فَاعَلَ,أجرى عمليات,MAPPED,,24
11439,620,أَعَاد مُعَالَجَة,تركيب,,,معالجة ثانية,MAPPED,,24
11440,620,إعَادَة مُعَالَجَة,تركيب,,,معالجة متكررة,MAPPED,,24
12447,620,سَلِّح,فعل,سلح,فَعَّلَ,حوّل لسلاح,MAPPED,,24
12448,620,تَسْلِيح,مصدر,سلح,تَفْعِيل,التحويل لسلاح,MAPPED,,24
15058,620,غَزَلَ,فعل,غزل,فَعَلَ,حوّل إلى خيط,MAPPED,,24
16851,620,طَوَّرَ,فعل,طور,فَعَّلَ,معالجة صورة,MAPPED,,24
16852,620,تَطْوِير,مصدر,طور,تَفْعِيل,معالجة صور,MAPPED,,24
8490,621,جَمَعَ,فعل,جمع,فَعَلَ,احسب المجموع,MAPPED,,24
8508,621,اسْتَحْصَلَ المَجْمُوع,تركيب,,,احسب,MAPPED,,24
8510,621,عَدَّ,فعل,عدد,فَعَّلَ,عدّ وحسب,MAPPED,,24
8503,631,عَرَّضَ للخَطَر,تركيب,,,وضع في الخطر,MAPPED,,24
8504,631,عَرَّضَ,فعل,عرض,فَعَّلَ,وضع في خطر,MAPPED,,24
8505,631,تَعْرِيض,مصدر,عرض,تَفْعِيل,وضع في الخطر,MAPPED,,24
11704,631,هَدَّدَ,فعل,هدد,فَعَّلَ,عرّض للخطر,MAPPED,,24
8534,652,حَجَبَ,فعل,حجب,فَعَلَ,يمنع الشيء من الظهور,MAPPED,,25
8535,652,أحْجَبَ,فعل,حجب,أَفْعَلَ,يحجب كاملاً عن النظر,MAPPED,,25
8536,652,سَتَرَ,فعل,ستر,فَعَلَ,يخفي عن العيون,MAPPED,,25
8537,652,غَطَّى,فعل,غطي,فَعَّلَ,يحجب جزئياً أو كلياً,MAPPED,,25
8538,652,أَخْفَى,فعل,خفي,أَفْعَلَ,لا يجعله يُرى,MAPPED,,25
8539,652,حَمَى,فعل,حمي,فَعَلَ,يحمي بستار,MAPPED,,25
8540,652,مَوَّهَ,فعل,موه,فَعَّلَ,يختفي جزئياً,MAPPED,,25
8541,652,مَخْتَبِئ,اسم فاعل,خبأ,مَفْتَعِل,محجوب عن النظر,MAPPED,,25
8542,652,طَمَسَ,فعل,طمس,فَعَلَ,يمحو من المرأى,MAPPED,,25
8543,652,مُعَتِّم,اسم فاعل,عتم,مُفَعِّل,يعتم الرؤية,MAPPED,,25
8545,652,سَدَّ,فعل,سدد,فَعَّلَ,يسد الرؤية,MAPPED,,25
8547,652,مُسَيَّج,اسم مفعول,سيج,مُفَعَّل,كأن به سياج,MAPPED,,25
8548,652,مُقَنَّع,اسم مفعول,قنع,مُفَعَّل,مخفى البشرة,MAPPED,,25
8549,652,مُنَقَّب,اسم مفعول,نقب,مُفَعَّل,محجوب كبالنقاب,MAPPED,,25
8550,652,مُغَطَّى,اسم مفعول,غطي,مُفَعَّل,محاط كلياً,MAPPED,,25
8551,652,أَسْدَد,فعل,سدد,أَفْعَلَ,يوقف الفتحة,MAPPED,,25
8554,652,وَشَّح,فعل,وشح,فَعَّلَ,يغطي بالثوب,MAPPED,,25
8555,652,لَفَّ,فعل,لفف,فَعَّلَ,يلف كاملاً,MAPPED,,25
8556,652,مَلْفُوف,اسم مفعول,لفف,مَفْعُول,ملفوف بالكفن,MAPPED,,25
8557,652,مُتَرَجِّح,اسم فاعل,رجح,مُتَفَعِّل,محجوب باللباس,MAPPED,,25
8559,652,كُسُوف,اسم مصدر,كسف,فُعُول,اختفاء ضوء الجرم السماوي,MAPPED,,25
8560,652,سِدّ,اسم جامد,سدد,فِعْل,ما يسد الفتحة,MAPPED,,25
8561,652,احْتِجَاب,مصدر,حجب,اِفْتِعَال,احتجاب أحد الأجرام,MAPPED,,25
8563,652,خَبَّأَ,فعل,خبأ,فَعَّلَ,يمنع الرؤية,MAPPED,,25
8564,652,مَخْتَبِئ,اسم فاعل,خبأ,مَفْتَعِل,محجوب عن النظر,MAPPED,,25
8565,652,عَرْقَلَ,فعل,عرقل,فَعْلَلَ,يعيق الطريق,MAPPED,,25
8691,652,,,,,,NO_ARABIC_EQUIVALENT,No standard Arabic equivalent found for this sense,25
8692,652,ضَبَّبَ,فعل,ضبب,فَعَّلَ,يحجب كالضباب,MAPPED,,25
8693,652,مُغَيَّم,اسم مفعول,غيم,مُفَعَّل,محجوب بالغيوم,MAPPED,,25
8694,652,مُضَبَّب,اسم مفعول,ضبب,مُفَعَّل,محجوب بالضباب,MAPPED,,25
8713,652,كَفَّن,فعل,كفن,فَعَّلَ,يحجب كالكفن,MAPPED,,25
8714,652,مُكَفَّن,اسم مفعول,كفن,مُفَعَّل,مغطى كالكفن,MAPPED,,25
8570,660,وُجِدَ,فعل,وجد,فُعِلَ,كان موجوداً بالفعل,MAPPED,,25
8571,660,وُجُود,مصدر,وجد,فُعُول,حالة كون الشيء موجوداً,MAPPED,,25
8572,660,حَقِيقِي,صفة مشبهة,حقق,فَعِيل,موجود فعلاً لا في الخيال,MAPPED,,25
10329,660,حَضَرَ,فعل,حضر,فَعَلَ,كان هناك,MAPPED,,25
14419,660,بَقِيَ,فعل,بقي,فَعِلَ,ظل في نفس الحالة,MAPPED,,25
9105,670,هَزَّ,فعل,هزز,فَعَّلَ,اهتز بقوة,MAPPED,,25
9106,670,دَارَ,فعل,دور,فَعَلَ,دوران حول محور ثابت,MAPPED,,25
9107,670,ارْتِعَاش,مصدر,رعش,اِفْتِعَال,اهتزاز خفيف,MAPPED,,25
9108,670,دَوَّرَ,فعل,دور,فَعَّلَ,دوران سريع,MAPPED,,25
9109,670,ذَبْذَبَ,فعل,ذبب,فَعْلَلَ,اهتزاز سريع,MAPPED,,25
10142,670,تَرَنَّح,فعل,ترنح,تَفَعَّلَ,تأرجح معلق,MAPPED,,25
10870,670,تَدَلَّى,فعل,تدلي,تَفَعَّلَ,سقط معه,MAPPED,,25
10872,670,وَرِفَ,فعل,وروف,فَعِلَ,اهتز خفيفاً,MAPPED,,25
10873,670,رِعْشَة,اسم مرة,رعش,فِعْلَة,اهتزاز طفيف,MAPPED,,25
10877,670,لَوَّحَ,فعل,لوح,فَعَّلَ,حركة جانبية ثابتة,MAPPED,,25
10880,670,تَمَايَلَ,فعل,ميل,تَفَاعَلَ,حركة رقيقة جانبية,MAPPED,,25
10881,670,تَدَحْرَجَ,فعل,درج,تَفَعْلَلَ,انقلاب حول محور,MAPPED,,25
10911,670,أُرْجُوحَة,اسم جامد,ارج,فُعْلُولَة,حركة التأرجح,MAPPED,,25
11242,670,دَوَّمَ,فعل,دوم,فَعَّلَ,دوران سريع,MAPPED,,25
12882,670,دَارَ,فعل,دور,فَعَلَ,دوران حول محور,MAPPED,,25
13726,670,زَلْزَال,اسم جامد,زلزل,فَعْلَال,اهتزاز الأرض الشديد,MAPPED,,25
13727,670,زَلْزِلَة,اسم مصدر,زلزل,فَعْلِلَة,اهتزاز الأرض القوي,MAPPED,,25
13728,670,زَلْزِلَة,اسم مصدر,زلزل,فَعْلِلَة,اهتزاز الأرض القوي,MAPPED,,25
8702,681,عَفْو,مصدر,عفو,فَعْل,إسقاط العقوبة القانونية,MAPPED,,25
8704,681,عَفَا,فعل,عفو,فَعَلَ,يسقط العقوبة,MAPPED,,25
8705,683,جَعَلَ,فعل,جعل,فَعَلَ,يحدث تغييراً في الكيان,MAPPED,,25
9268,683,حَوَّلَ,فعل,حول,فَعَّلَ,يجعله صنفاً مختلفاً,MAPPED,,25
9269,683,بَدَّلَ,فعل,بدل,فَعَّلَ,يغير الشكل,MAPPED,,25
9270,683,حَرَّفَ,فعل,حرف,فَعَّلَ,يعدل لصيغة أخرى,MAPPED,,25
9271,683,غَيَّرَ,فعل,غير,فَعَّلَ,يبدل الطبيعة,MAPPED,,25
10805,683,عَدَّلَ,فعل,عدل,فَعَّلَ,تعديل جزئي للأحسن,MAPPED,,25
10806,683,بَدَّلَ,فعل,بدل,فَعَّلَ,تغيير الصفات,MAPPED,,25
10807,683,تَعْدِيل,مصدر,عدل,تَفْعِيل,عملية التعديل,MAPPED,,25
10808,683,تَبْدِيل,مصدر,بدل,تَفْعِيل,تحويل لا يغير الصنف,MAPPED,,25
10809,683,تَحْوِيل,مصدر,حول,تَفْعِيل,عملية التحويل,MAPPED,,25
10810,683,تَحَوُّل,مصدر,حول,تَفَعُّل,تغيير الشكل جوهرياً,MAPPED,,25
13324,683,نَوَّعَ,فعل,نوع,فَعَّلَ,جعله متنوعاً,MAPPED,,25
13325,683,تَنَوُّع,مصدر,نوع,تَفَعُّل,تغيير طفيف,MAPPED,,25
14025,683,أَعَادَ تَشْكِيلَ,تركيب,,,إعادة التشكيل,MAPPED,,25
17514,683,انْتَقَلَ,فعل,نقل,اِنْفَعَلَ,الانتقال من صنف لآخر,MAPPED,,25
18453,683,شَوَّهَ,فعل,شوه,فَعَّلَ,تشويه الشكل,MAPPED,,25
8752,690,رَكِبَ,فعل,ركب,فَعِلَ,السفر على مركبة,MAPPED,,25
8753,690,أَبْحَرَ,فعل,بحر,أَفْعَلَ,السفر بالقارب,MAPPED,,25
8754,690,طَارَ,فعل,طير,فَعَلَ,السفر بالطائرة,MAPPED,,25
8756,690,تَحَرَّكَ,فعل,حرك,تَفَعَّلَ,حركة الطائرة بالأرض,MAPPED,,25
8757,690,اسْتَقْلَعَ,فعل,قلع,اِسْتَفْعَلَ,استخدام مركبة,MAPPED,,25
8758,690,أَبْحَرَ,فعل,بحر,أَفْعَلَ,السياحة البحرية,MAPPED,,25
8857,690,اِنْزَلَقَ,فعل,زلق,اِفْتَعَلَ,حركة بدون وقود,MAPPED,,25
8864,690,حَلَّقَ,فعل,حلق,فَعَّلَ,السفر بالطائرة النفاثة,MAPPED,,25
8917,690,توَقَّفَ,فعل,وقف,تَفَعَّلَ,الحصول على تنقل,MAPPED,,25
13478,690,رُكُوب,مصدر,ركب,فُعُول,فعل الركوب,MAPPED,,25
13479,690,إِبْحَار,مصدر,بحر,إِفْعَال,رحلة الإبحار,MAPPED,,25
14697,690,طَيْران,مصدر,طير,فَيْعَال,رحلة الطيران,MAPPED,,25
15782,690,رَكِبَ الحَافِلَة,تركيب,,,ركوب الحافلة,MAPPED,,25
8759,691,أَخَّرَ,فعل,أخر,أَفْعَلَ,تأجيل الحدث,MAPPED,,25
8760,691,أَرْجَى,فعل,ارجي,أَفْعَلَ,إعادة جدولة لاحقة,MAPPED,,25
8761,691,أَجَّلَ,فعل,جول,أَفْعَلَ,تأجيل الحدث,MAPPED,,25
10115,691,عَجَّلَ,فعل,عجل,فَعَّلَ,تقديم الحدث,MAPPED,,25
10182,691,قَدَّمَ,فعل,قدم,فَعَّلَ,تقديم التاريخ,MAPPED,,25
10351,691,تَقَدَّمَ,فعل,قدم,تَفَعَّلَ,تقديم الموعد,MAPPED,,25
12120,691,أَرْجَى,فعل,ارجي,أَفْعَلَ,تأخير الحدث,MAPPED,,25
12121,691,أَخَّرَ,فعل,أخر,أَفْعَلَ,إعادة الجدولة لاحقة,MAPPED,,25
12122,691,أَرْسَلَ,فعل,رسل,أَفْعَلَ,تأخير الموعد,MAPPED,,25
13275,691,تَأْخِير,مصدر,أخر,تَفْعِيل,مدة التأخير,MAPPED,,25
14754,691,أَعَاقَ,فعل,عوق,أَفْعَلَ,تأخير الحدث,MAPPED,,25
17602,691,أَعَادَ جَدْوَلَة,تركيب,,,إعادة جدولة الحدث,MAPPED,,25
17626,691,تَأْخِير مُدَّة,تركيب,,,مدة التأخير الفعلي,MAPPED,,25
8770,700,اِرْتَكَبَ,فعل,ركب,اِفْتَعَلَ,فعل الجريمة,MAPPED,,25
8771,700,اِقْتَرَفَ,فعل,قرف,اِفْتَعَلَ,ارتكاب الفعل السيء,MAPPED,,25
11424,700,جَرِيمَة,اسم جامد,جرم,فَعِيلَة,فعل يخالف القانون,MAPPED,,25
12702,700,اِرْتِكَاب,مصدر,ركب,اِفْتِعَال,فعل ارتكاب الجريمة,MAPPED,,25
8921,710,خَاصَمَ,فعل,خصم,فَاعَلَ,تبادل الآراء الحادة,MAPPED,,25
8922,710,اخْتَلَفَ,فعل,خلف,اِفْتَعَلَ,عدم الاتفاق,MAPPED,,25
8923,710,تَنَاقَشَ,فعل,نقش,تَفَاعَلَ,مجادلة سخيفة,MAPPED,,25
8924,710,شِجَار,اسم جامد,شجر,فِعَال,مشاجرة صاخبة,MAPPED,,25
8927,710,جِدَال,مصدر,جدل,فِعَال,نقاش حاد,MAPPED,,25
8928,710,مُجَادَلَة,مصدر,جدل,مُفَاعَلَة,نقاش بلا فائدة,MAPPED,,25
8929,710,خِصَام,مصدر,خصم,فِعَال,قطيعة,MAPPED,,25
8930,710,نِزَاع,اسم جامد,نزع,فِعَال,نزاع أو جدال,MAPPED,,25
8931,710,مِجَادَلَة,مصدر,جدل,مِفَاعَلَة,نقاش معمق,MAPPED,,25
8932,710,تَنَاطَحَ,فعل,نطح,تَفَاعَلَ,التشاجر,MAPPED,,25
8933,710,جِدَال,مصدر,جدل,فِعَال,مجادلة,MAPPED,,25
8935,710,خِصَام,مصدر,خصم,فِعَال,خصام غاضب,MAPPED,,25
8936,710,مَاحَكَ,فعل,محك,فَاعَلَ,الجدل حول سفه,MAPPED,,25
8937,710,,,,,,NO_ARABIC_EQUIVALENT,No standard Arabic equivalent found for this sense,25
8938,710,تَشَاجَرَ,فعل,شجر,تَفَاعَلَ,الخصام,MAPPED,,25
8939,710,نِزَاعٌ طَفِيف,تركيب,,,خصام تافه,MAPPED,,25
8940,710,تَخَاصَمَ,فعل,خصم,تَفَاعَلَ,الدخول في مشاجرة,MAPPED,,25
8941,710,تَخَاصُم,مصدر,خصم,تَفَاعُل,شجار تافه,MAPPED,,25
8942,710,خِصَام,مصدر,خصم,فِعَال,قطيعة,MAPPED,,25
8943,710,تَجَادَلَ,فعل,جدل,تَفَاعَلَ,الدخول في جدال,MAPPED,,25
8956,710,جِدَالٌ حَادّ,تركيب,,,جدال حاد بلا حل,MAPPED,,25
13993,710,,,,,,NO_ARABIC_EQUIVALENT,No standard Arabic equivalent found for this sense,25
8925,711,وَبَّخَ,فعل,وبخ,فَعَّلَ,تأنيب غاضب,MAPPED,,25
8944,711,لَامَ,فعل,لوم,فَاعَلَ,توبيخ اللوم,MAPPED,,25
8945,711,شَكَرَ,فعل,شكر,فَعَلَ,التعبير عن الامتنان,MAPPED,,25
8946,711,شُكْر,مصدر,شكر,فُعْل,تعبير الشكر,MAPPED,,25
8947,711,نَاقَدَ,فعل,نقد,فَاعَلَ,انتقاد حاد,MAPPED,,25
8948,711,تَوْبِيخ,مصدر,وبخ,تَفْعِيل,انتقاد قاسٍ,MAPPED,,25
8949,711,سَخِرَ,فعل,سخر,فَعِلَ,السخرية واللمز,MAPPED,,25
8950,711,هُزْء,مصدر,هزأ,فُعْل,كلام ساخر,MAPPED,,25
8951,711,مَدِيح,مصدر,مدح,فَعِيل,ثناء مؤدب,MAPPED,,25
8952,711,مَدَحَ,فعل,مدح,فَعَلَ,الثناء والتهنئة,MAPPED,,25
8953,711,عَاتَبَ,فعل,عتب,فَاعَلَ,توبيخ وعتاب,MAPPED,,25
8954,711,عَاقَبَ,فعل,عقب,فَاعَلَ,عقاب قاسٍ,MAPPED,,25
8955,711,عُقُوبَة,مصدر,عقب,فُعُولَة,عقاب شديد,MAPPED,,25
8958,711,تِقْرِيع,مصدر,قرع,تِفْعِيل,توبيخ عنيف,MAPPED,,25
8959,711,انْتَقَدَ,فعل,نقد,اِفْتَعَلَ,نقد غاضب,MAPPED,,25
8960,711,وَعَظَ,فعل,وعظ,فَعَلَ,تنبيه قوي,MAPPED,,25
8961,711,مَوْعِظَة,مصدر,وعظ,مَفْعِلَة,موعظة وتنبيه,MAPPED,,25
8962,711,إِنْذَار,مصدر,نذر,إِفْعَال,تحذير مباشر,MAPPED,,25
8963,711,إِنْكَار,مصدر,نكر,إِفْعَال,استنكار رسمي,MAPPED,,25
8964,711,قَرَّعَ,فعل,قرع,فَعَّلَ,توجيه التقريع,MAPPED,,25
8965,711,تِقْرِيعِيّ,اسم منسوب,قرع,تِفْعِيلِيّ,يتعلق بالتقريع,MAPPED,,25
8966,711,حَاسَبَ,فعل,حسب,فَاعَلَ,عدم الرضا المباشر,MAPPED,,25
8967,711,هَاجَمَ,فعل,هجم,فَاعَلَ,انتقاد عدواني,MAPPED,,25
8968,711,زَجَرَ,فعل,زجر,فَعَلَ,منع باللوم,MAPPED,,25
8969,711,تَأْنِيب,مصدر,نيب,تَفْعِيل,لوم وتوبيخ,MAPPED,,25
10553,711,حَاسَبَ,فعل,حسب,فَاعَلَ,المسائلة والانتقاد,MAPPED,,25
10554,711,انْتَقَدَ,فعل,نقد,اِفْتَعَلَ,عدم الرضا,MAPPED,,25
10570,711,تَأْدِيب,مصدر,أدب,تَفْعِيل,حادثة التوبيخ,MAPPED,,25
13042,711,صَرْخَة لَوْم,تركيب,,,توبيخ صاخب قاسٍ,MAPPED,,25
17267,711,هَنَّأَ,فعل,هنأ,فَعَّلَ,التهنئة بالحدث,MAPPED,,25
18484,711,,,,,,NO_ARABIC_EQUIVALENT,No standard Arabic equivalent found for this sense,25
18485,711,انْتَقَدَ بِحِدَّة,تركيب,,,انتقاد حاد,MAPPED,,25
8989,720,مَرْتَبِط,اسم فاعل,ربط,مَفْتَعِل,له علاقة بآخر,MAPPED,,25
8990,720,ذَو صِلَة,تركيب,,,متعلق بطريقة ما,MAPPED,,25
8991,720,مُتَّصِل,اسم فاعل,وصل,مُتَفَعِّل,مترابط بشكل ما,MAPPED,,25
11040,720,مُشِير,اسم فاعل,شور,مُفْعِل,يذكر أو يربط,MAPPED,,25
11706,720,,,,,,NO_ARABIC_EQUIVALENT,No standard Arabic equivalent found for this sense,25
11722,720,عِلاقَة,اسم جامد,علق,فِعَالَة,طريقة الربط,MAPPED,,25
13273,720,تَوَحَّدَ,فعل,وحد,تَفَعَّلَ,شعور ذهني مشترك,MAPPED,,25
15947,720,تَعَلَّقَ,فعل,علق,تَفَعَّلَ,له صلة به,MAPPED,,25
8998,723,صَادَقَ,فعل,صدق,فَاعَلَ,جعله صديقاً,MAPPED,,25
9008,723,غَازَلَ,فعل,غزل,فَاعَلَ,محاولة كسب الحب,MAPPED,,25
9015,723,خِطْبَة,اسم مصدر,خطب,فِعْلَة,الوعد بالزواج,MAPPED,,25
9023,723,خَطَبَ,فعل,خطب,فَعَلَ,الوعد بالتزويج,MAPPED,,25
9024,723,طَلاق,مصدر,طلق,فَعَال,فسخ الزواج,MAPPED,,25
9025,723,طَلَّقَ,فعل,طلق,فَعَّلَ,فسخ العقد الزوجي,MAPPED,,25
9026,723,تَرَكَ,فعل,ترك,فَعَلَ,الهجر والمغادرة,MAPPED,,25
9027,723,زِوَاج,مصدر,زوج,فِعَال,الاتحاد الرسمي,MAPPED,,25
9028,723,تَزَوَّجَ,فعل,زوج,تَفَعَّلَ,عقد الزواج,MAPPED,,25
9029,723,انْضَمَّ,فعل,ضمم,اِفْتَعَلَ,الانضمام بالزواج,MAPPED,,25
9030,723,انْفَصَلَ,فعل,فصل,اِنْفَعَلَ,إنهاء المعاشرة,MAPPED,,25
9031,723,اِنْفِصَال,مصدر,فصل,اِنْفِعَال,قطع المعاشرة,MAPPED,,25
9032,723,اِقْتَرَنَ,فعل,قرن,اِفْتَعَلَ,عقد الزواج الغير رسمي,MAPPED,,25
9033,723,تَزَوَّجَ,فعل,زوج,تَفَعَّلَ,الدخول في الزواج,MAPPED,,25
9034,723,عُرْس,اسم جامد,عرس,فُعْل,حفل الزفاف,MAPPED,,25
9035,723,مُصَاهَرَة,مصدر,صهر,مُفَاعَلَة,رابطة الزواج,MAPPED,,25
9039,723,خِطْبَة,اسم مصدر,خطب,فِعْلَة,العقد على الزواج,MAPPED,,25
9009,724,جَوَّدَ,فعل,جود,فَعَّلَ,الإعطاء الفائض,MAPPED,,25
9010,724,بَخِيل,صفة مشبهة,بخل,فَعِيل,لا يعطي كرماً,MAPPED,,25
9011,724,شَحِيح,صفة مشبهة,شحح,فَعِيح,غير راغب بالعطاء,MAPPED,,25
9013,724,سَخِيّ,صفة مشبهة,سخو,فَعِيّ,العطاء بسخاء,MAPPED,,25
9014,724,أَغْدَقَ,فعل,غدق,أَفْعَلَ,الإعطاء المفرط,MAPPED,,25
9016,724,بُخْل,مصدر,بخل,فُعْل,صفة الشح,MAPPED,,25
9017,724,بَخِيل,اسم جامد,بخل,فَعِيل,من يكنز المال,MAPPED,,25
9018,724,ضَنَّ,فعل,ضنن,فَعَّلَ,عدم الرغبة بالعطاء,MAPPED,,25
9019,724,مِسْكِينِيّ,اسم منسوب,مسكن,مِفْعِيلِيّ,صفات البخيل,MAPPED,,25
9020,724,شُح,مصدر,شحح,فُعْل,صفة الشح,MAPPED,,25
9021,724,مَقِيت,صفة مشبهة,قوت,فَعِل,غير كريم,MAPPED,,25
9022,724,قَاسِي,صفة مشبهة,قسو,فَاعِل,لا يكون كريماً,MAPPED,,25
9101,725,اِنْكَمَشَ,فعل,كمش,اِفْتَعَلَ,تناقص الحجم,MAPPED,,25
9102,725,اِنْكِمَاش,مصدر,كمش,اِفْتِعَال,عملية التقلص,MAPPED,,25
9103,725,كَبِرَ,فعل,كبر,فَعِلَ,الزيادة في الحجم,MAPPED,,25
9330,725,اِتَّسَعَ,فعل,وسع,اِفْتَعَلَ,الاتساع والتمدد,MAPPED,,25
9331,725,تَكْبِير,مصدر,كبر,تَفْعِيل,عملية التكبير,MAPPED,,25
9332,725,اِتَّسَعَ,فعل,وسع,اِفْتَعَلَ,الاتساع بأي بعد,MAPPED,,25
9501,725,اِنْكَمَشَ,فعل,كمش,اِفْتَعَلَ,التقلص والانكماش,MAPPED,,25
9742,725,اِمْتَدَّ,فعل,متد,اِفْتَعَّ,الامتداد دون انقطاع,MAPPED,,25
11175,725,نَمَا,فعل,نمو,فَعَلَ,الزيادة في الحجم,MAPPED,,25
11176,725,اِسْتَطَالَ,فعل,طول,اِسْتَفْعَلَ,الزيادة طولاً,MAPPED,,25
11177,725,نُمُو,مصدر,نمو,فُعُول,عملية النمو,MAPPED,,25
11323,725,اِنْتَفَخَ,فعل,نفخ,اِنْفَعَلَ,التضخم بالهواء,MAPPED,,25
12582,725,تَورَّمَ,فعل,ورم,تَفَعَّلَ,التضخم بالسوائل,MAPPED,,25
14376,725,مُفَجَّ,صفة مشبهة,فجج,مُفَعَّل,زيادة مفاجئة,MAPPED,,25
17453,725,اِنْتِشَار,مصدر,شير,اِنْفِعَال,التمدد بلا فقد,MAPPED,,25
18692,725,اِسْتِطَالَة,مصدر,طول,اِسْتِفْعَالَة,تغيير الحجم اتجاهياً,MAPPED,,25
9110,726,صَالِح,صفة مشبهة,صلح,فَاعِل,ملائم للغرض,MAPPED,,25
9194,726,فَاعِل,صفة مشبهة,فعل,فَاعِل,ينتج المقصود,MAPPED,,25
9273,726,مُتَفَوِّق,اسم فاعل,فوق,مُتَفَعِّل,خصائص متميزة,MAPPED,,25
9276,726,بَارِز,اسم فاعل,برز,فَاعِل,خصائص استثنائية,MAPPED,,25
9277,726,عَظِيم,صفة مشبهة,عظم,فَعِيل,فعالية عظيمة,MAPPED,,25
9278,726,كَامِل,صفة مشبهة,كمل,فَاعِل,جميع الخصائص اللازمة,MAPPED,,25
9279,726,رَائِع,اسم فاعل,روع,فَاعِل,خصائص عظيمة,MAPPED,,25
9280,726,رَاقِي,اسم فاعل,رقا,فَاعِل,جودة عليا,MAPPED,,25
9281,726,هَائِل,اسم فاعل,هول,فَاعِل,خصائص كبيرة جداً,MAPPED,,25
9282,726,بَرَّاع,صيغة مبالغة,برع,فَعَّال,براعة في الاستخدام,MAPPED,,25
9283,726,أَدْهَش,اسم فاعل,دهش,أَفْعَلَ,خصائص مثيرة,MAPPED,,25
9286,726,مُفِيد,اسم فاعل,فيد,مُفْعِل,خصائص مفيدة,MAPPED,,25
9287,726,,,,,,NO_ARABIC_EQUIVALENT,No standard Arabic equivalent found for this sense,25
9288,726,,,,,,NO_ARABIC_EQUIVALENT,No standard Arabic equivalent found for this sense,25
11624,726,نَافِع,اسم فاعل,نفع,فَاعِل,قابل الاستخدام,MAPPED,,25
11625,726,نَفْع,مصدر,نفع,فَعْل,حالة الفائدة,MAPPED,,25
13424,726,قِيمَة,اسم جامد,قيم,فِعَالَة,قيمة الفائدة,MAPPED,,25
13426,726,ثَمِين,صفة مشبهة,ثمن,فَعِيل,مهم جداً,MAPPED,,25
13827,726,تَام,صفة مشبهة,تمم,فَاعِل,موافق تماماً,MAPPED,,25
13835,726,مِثَالِيّ,اسم منسوب,مثل,مِفَالِيّ,الأنسب والأكمل,MAPPED,,25
14523,726,,,,,,NO_ARABIC_EQUIVALENT,No standard Arabic equivalent found for this sense,25
14629,726,أَدَّى,فعل,أدى,أَفْعَلَ,تنفيذ المهمة,MAPPED,,25
17041,726,قَوِيّ,صفة مشبهة,قوي,فَعِيّ,فعالية استثنائية,MAPPED,,25
9139,730,تَجَمَّعَ,فعل,جمع,تَفَعَّلَ,تَجَمَّعَ جماعةٌ لتكوين مجموعة,MAPPED,,26
9140,730,تَكَتَّلَ,فعل,كتل,تَفَعَّلَ,اجتمع الناسُ بهويّة مشتركة,MAPPED,,26
9141,730,تَقَارَبَ,فعل,قرب,تَفَاعَلَ,تَقَارَبَت الأشياءُ من بعضها,MAPPED,,26
9143,730,اجتمع,فعل,جمع,اِفْتَعَلَ,اجتمعت المجموعةُ في مكان,MAPPED,,26
9153,730,احتشد,فعل,شهد,اِفْتَعَلَ,احتشدَ الناسُ في أعداد كبيرة,MAPPED,,26
11780,730,التقى,فعل,لقي,اِفْتَعَلَ,التقى الشخصان معاً في مكان,MAPPED,,26
15641,730,تَجَمَّعَ,فعل,جمع,تَفَعَّلَ,تَجَمَّعَت الأشياءُ بكميّات كبيرة,MAPPED,,26
15718,730,تَكَاثَرَ,فعل,ثور,تَفَاعَلَ,تَكَاثَرَ الناسُ بأعداد كبيرة,MAPPED,,26
17230,730,تَشَكَّلَ,فعل,شكل,تَفَعَّلَ,تَشَكَّلَت المجموعةُ بتكوين محدّد,MAPPED,,26
17536,730,تَجَمَّعَ,فعل,جمع,تَفَعَّلَ,تَجَمَّعَ الناسُ لتشكيل مجموعة,MAPPED,,26
17537,730,تَجَمَّعَ,فعل,جمع,تَفَعَّلَ,تَجَمَّعَ الناسُ في هيئة رسميّة,MAPPED,,26
9144,731,أَطْبَقَ,فعل,طبق,أَفْعَلَ,أَطْبَقَ المتحدّثُ على شفتيه,MAPPED,metaphor,26
9145,731,كَتَمَ,فعل,كتم,فَعَلَ,كَتَمَ المتحدّثُ لسانَه عن الكلام,MAPPED,,26
9146,731,سَكَتَ,فعل,سكت,فَعَلَ,سَكَتَ المتحدّثُ عن الكلام,MAPPED,,26
9147,731,أُسْكِتَ,فعل,سكت,أُفْعِلَ,أُسْكِتَ المتحدّثُ بالقَهْر,MAPPED,passive,26
9148,731,هَدَّأَ,فعل,هدأ,فَعَّلَ,هَدَّأَ الشخصُ الضجيجَ,MAPPED,,26
9149,731,هَدَّأَ,فعل,هدأ,فَعَّلَ,هَدَّأَ الناسُ الأصواتَ تدريجياً,MAPPED,,26
9150,731,أَسْكَتَ,فعل,سكت,أَفْعَلَ,أَسْكَتَ الشخصُ الآخرين,MAPPED,interjection in English,26
9151,731,سَكَتَ,فعل,سكت,فَعَلَ,سَكَتَ الشخصُ عن الكلام تماماً,MAPPED,,26
9152,731,سَكَتَ,فعل,سكت,فَعَلَ,سَكَتَ عن الكلام أكثرَ فأكثر,MAPPED,,26
11341,731,أَسْكَتَ,فعل,سكت,أَفْعَلَ,أَسْكِتْ (أمر للسكوت),MAPPED,,26
11343,731,اسْكُتْ,حرف,,,استُعملت للطلب من الآخرين السكوتَ,MAPPED,interjection,26
11923,731,هَدَّأَ,فعل,هدأ,فَعَّلَ,هَدَّأَ الشخصُ الضجيجَ والأصواتَ,MAPPED,,26
11924,731,خَفَّضَ,فعل,خفض,فَعَّلَ,خَفَّضَ الشخصُ صوتَه,MAPPED,,26
15354,731,سُكُوت,اسم جامد,سكت,فُعُول,السكوتُ حالةٌ من عدم الكلام,MAPPED,noun,26
17337,731,أَغْلَقَ,فعل,غلق,أَفْعَلَ,أَغْلَقَ الشخصُ على شفتيه (metaphor),MAPPED,,26
18376,731,سَكَتَ,فعل,سكت,فَعَلَ,لم يَنطِقْ الشخصُ بحرفٍ واحدٍ,MAPPED,,26
9177,750,أَخْبَرَ,فعل,خبر,أَفْعَلَ,أَخْبَرَ المتكلّمُ المخاطَبَ بالرسالة,MAPPED,,26
9178,750,أَطْلَعَ,فعل,طلع,أَفْعَلَ,أَطْلَعَ المتكلّمُ المخاطَبَ على الحقائق,MAPPED,,26
9179,750,نَصَحَ,فعل,نصح,فَعَلَ,نَصَحَ المتكلّمُ المخاطَبَ,MAPPED,,26
9180,750,أَعْلَمَ,فعل,علم,أَفْعَلَ,أَعْلَمَ المتكلّمُ المخاطَبَ بخبرٍ,MAPPED,,26
9181,750,ضَمِنَ,فعل,ضمن,فَعِلَ,ضَمِنَ المتكلّمُ برسالة موثوقة,MAPPED,,26
9182,750,اوْدَعَ,فعل,ودع,أَفْعَلَ,أَوْدَعَ المتكلّمُ الآخرَ السرّ,MAPPED,,26
9183,750,أَخْطَرَ,فعل,خطر,أَفْعَلَ,أَخْطَرَ المتكلّمُ المخاطَبَ رسمياً,MAPPED,formal,26
9184,750,إِخْطَار,مصدر,خطر,إِفْعَال,الإخطارُ تبليغٌ رسمي,MAPPED,noun,26
9185,750,ضِمَان,مصدر,ضمن,فِعَال,الضمانُ تأكيدٌ إيجابي,MAPPED,noun,26
16502,750,حَدَّثَ,فعل,حدث,فَعَّلَ,حَدَّثَ المتكلّمُ بملخّص,MAPPED,,26
18759,750,أَعْلَمَ,فعل,علم,أَفْعَلَ,أَعْلَمَ المتكلّمُ الآخرَ بطريقة ما,MAPPED,,26
9361,770,ثَنَى,فعل,ثني,فَعَلَ,ثَنَى الشخصُ جسدَه عند الخصر,MAPPED,,26
9363,770,اِنْحَنَى,فعل,حنو,اِنْفَعَلَ,اِنْحَنَى الشخصُ للأمام,MAPPED,,26
9364,770,وَقَفَ,فعل,وقف,فَعَلَ,وَقَفَ الشخصُ منتصباً على قدميه,MAPPED,,26
9366,770,نَهَضَ,فعل,نهض,فَعَلَ,نَهَضَ الشخصُ واقفاً من الجلوس,MAPPED,,26
9367,770,رَكَعَ,فعل,ركع,فَعَلَ,رَكَعَ الشخصُ على ركبتيه,MAPPED,,26
9368,770,رَكَعَ,فعل,ركع,فَعَلَ,رَكَعَ الشخصُ واستقرّ على ركبتيه,MAPPED,,26
9369,770,اِضْطَجَعَ,فعل,ضجع,اِفْتَعَلَ,اِضْطَجَعَ الشخصُ على السطح,MAPPED,,26
9370,770,اِسْتَلْقَى,فعل,لقي,اِسْتَفْعَلَ,اِسْتَلْقَى الشخصُ أفقياً,MAPPED,,26
9380,770,جَلَسَ,فعل,جلس,فَعَلَ,جَلَسَ الشخصُ معتمداً على مؤخّرته,MAPPED,,26
9381,770,جَلَسَ,فعل,جلس,فَعَلَ,جَلَسَ الشخصُ من وضعيّة أخرى,MAPPED,,26
9382,770,جَلَسَ,فعل,جلس,فَعَلَ,جَلَسَ الشخصُ من الاستلقاء,MAPPED,,26
9383,770,قَرَفَصَ,فعل,قرفص,فَعَلَ,قَرَفَصَ الشخصُ منخفضاً,MAPPED,,26
9384,770,قَرَفَصَ,فعل,قرفص,فَعَلَ,قَرَفَصَ الشخصُ بركبتيه منحنيتين,MAPPED,,26
9385,770,اِتَّكَأَ,فعل,كوأ,اِفْتَعَلَ,اِتَّكَأَ الشخصُ بزاوية,MAPPED,,26
9386,770,تَمَدَّدَ,فعل,مدد,تَفَعَّلَ,تَمَدَّدَ الشخصُ بأطرافه,MAPPED,,26
9387,770,تَمَدَّدَ,فعل,مدد,تَفَعَّلَ,تَمَدَّدَ الشخصُ أرضاً,MAPPED,,26
9390,770,اِحْتَوَى,فعل,حوي,اِفْتَعَلَ,اِحْتَوَى الشخصُ جسدَه برباط,MAPPED,,26
9400,770,اِحْتَوَى,فعل,حوي,اِفْتَعَلَ,اِحْتَوَى الشخصُ جسدَه وركبتيه منحنيتان,MAPPED,,26
9401,770,اِلْتَفّ,فعل,لفف,اِفْتَعَلَ,اِلْتَفّ الشخصُ في مساحة صغيرة,MAPPED,,26
9402,770,اِنْحَنَى,فعل,حنو,اِنْفَعَلَ,اِنْحَنَى الشخصُ أماماً بأعلى جسده,MAPPED,,26
9404,770,اِسْتَرْخَى,فعل,رخو,اِسْتَفْعَلَ,اِسْتَرْخَى الشخصُ بكسل,MAPPED,,26
9411,770,رَكَعَ,فعل,ركع,فَعَلَ,رَكَعَ الشخصُ من الجلوس,MAPPED,,26
9722,770,اِنْحَنَى,فعل,حنو,اِنْفَعَلَ,اِنْحَنَى الشخصُ برفع أكتافه,MAPPED,,26
9723,770,نَهَضَ,فعل,نهض,فَعَلَ,نَهَضَ الشخصُ من وضعيّة أفقيّة,MAPPED,,26
12860,770,هَوَى,فعل,هوى,فَعَلَ,هَوَى الشخصُ نحو الأرض,MAPPED,,26
9291,790,دَمْج,اسم جامد,دمج,فَعْل,الدمجُ توحيدُ شيئين,MAPPED,noun,26
9490,790,دَمَجَ,فعل,دمج,فَعَلَ,دَمَجَ الشيئانِ ليكوّنا كلاً,MAPPED,,26
9500,790,مَزَجَ,فعل,مزج,فَعَلَ,مَزَجَ الشيءُ مع آخرَ,MAPPED,,26
9507,790,جَمَعَ,فعل,جمع,فَعَلَ,جَمَعَ الأشياءُ في مركّب,MAPPED,,26
9508,790,امْتَزَجَ,فعل,مزج,اِفْتَعَلَ,امْتَزَجَ الشيءُ مع الآخر,MAPPED,,26
9511,790,انْصَهَرَ,فعل,صهر,اِنْفَعَلَ,انْصَهَرَ الشيآنِ معاً,MAPPED,,26
9550,790,امْتَزَجَ,فعل,مزج,اِفْتَعَلَ,امْتَزَجَ الشيءُ بالآخر,MAPPED,,26
9720,790,انْدَمَجَ,فعل,دمج,اِنْفَعَلَ,انْدَمَجَت الأشياءُ معاً,MAPPED,,26
9721,790,اِنْدَمَجَ,فعل,دمج,اِنْفَعَلَ,اِنْدَمَجَ في الكل,MAPPED,,26
9724,790,وَحَّدَ,فعل,وحد,فَعَّلَ,وَحَّدَت الأشياءُ في كيان واحد,MAPPED,,26
9725,790,اِتَّحَدَ,فعل,حدو,اِفْتَعَلَ,اِتَّحَدَت الأشياءُ لتصير كلاً,MAPPED,,26
11860,790,اِجْتَمَعَ,فعل,جمع,اِفْتَعَلَ,اِجْتَمَعَ الناسُ بغرضٍ,MAPPED,,26
14178,790,التقى,فعل,لقي,اِفْتَعَلَ,التقت الأشياءُ لتشكيل كل,MAPPED,,26
16914,790,مِزْج,اسم جامد,مزج,فِعْل,المزجُ خليطٌ من جزئي,MAPPED,noun,26
17577,790,اِلْتَحَمَ,فعل,حمم,اِفْتَعَلَ,اِلْتَحَمَت الأجزاءُ في كتلة,MAPPED,,26
17578,790,توَحَّدَ,فعل,وحد,تَفَعَّلَ,توَحَّدَت الأجزاءُ في وحدة,MAPPED,,26
17579,790,تَوَاصَلَ,فعل,وصل,تَفَاعَلَ,تَوَاصَلَت الأشياءُ,MAPPED,,26
17580,790,اِلْتَبَسَ,فعل,لبس,اِفْتَعَلَ,اِلْتَبَسَت الأشياءُ بشكلٍ فوضوي,MAPPED,,26
17581,790,اِمْتَزَجَ,فعل,مزج,اِفْتَعَلَ,اِمْتَزَجَت الأشياءُ في وحدة,MAPPED,,26
9726,791,يَقِظ,صفة مشبهة,يقظ,فَاعِل,اليقظُ منتبهٌ وسريعُ الاستجابة,MAPPED,adjective,26
9727,791,اِنْتَبَهَ,فعل,نبه,اِفْتَعَلَ,اِنْتَبَهَ المُدرِكُ إلى الشيء,MAPPED,,26
9728,791,اِنْتِبَاه,اسم جامد,نبه,اِفْتِعَال,الانتباهُ قدرةٌ عقليّة,MAPPED,noun,26
9729,791,منتبِه,صفة مشبهة,نبه,مُفْتَعِل,المنتبهُ يصغي بحرص,MAPPED,adjective,26
14370,791,بحِرْص,تركيب,,,بحِرْصٍ كامل على الانتباه,MAPPED,adverbial,26
14371,791,دَقِيق,صفة مشبهة,دقق,فَعِيل,الدقيقُ ملحوظٌ بحرصٍ,MAPPED,adjective,26
16491,791,راقَبَ,فعل,رقب,فَاعَلَ,راقَبَ الشخصُ بحرص,MAPPED,idiom,26
17369,791,تَجَاهَلَ,فعل,جهل,تَفَاعَلَ,تَجَاهَلَ المُدرِكُ عن قصد,MAPPED,,26
11226,792,حَدَّدَ,فعل,حدد,فَعَّلَ,حَدَّدَ موضعَ الكيان بدقّة,MAPPED,,26
11227,792,وَجَدَ,فعل,وجد,فَعَلَ,وَجَدَ الكيانَ بالبحث,MAPPED,,26
9790,793,وُلِدَ,فعل,ولد,فُعِلَ,وُلِدَ الطفلُ في الزمان والمكان,MAPPED,passive,26
9791,793,مَولُود,صفة مشبهة,ولد,مَفْعُول,المولودُ متحقّقٌ من الولادة,MAPPED,adjective,26
9733,794,عَبَسَ,فعل,عبس,فَعَلَ,عَبَسَ الشخصُ وجهَه بعدم رضا,MAPPED,,26
9734,794,احْتَوَى,فعل,حوي,اِفْتَعَلَ,احْتَوَى الشخصُ وجهَه تعبيراً,MAPPED,,26
9735,794,اِبْتَسَمَ,فعل,بسم,اِفْتَعَلَ,اِبْتَسَمَ الشخصُ بعرض أسنانه,MAPPED,,26
9736,794,انْتَفَخَ,فعل,نفخ,اِنْفَعَلَ,انْتَفَخَت الشفةُ السفلى,MAPPED,,26
9737,794,عَبَسَ,فعل,عبس,فَعَلَ,عَبَسَ بغضب شديد,MAPPED,,26
9738,794,اِبْتَسَمَ,فعل,بسم,اِفْتَعَلَ,اِبْتَسَمَ تعبيراً عن الرضا,MAPPED,,26
9739,794,اِبْتَسَمَ,فعل,بسم,اِفْتَعَلَ,اِبْتَسَمَ ابتسامةً مغرورة,MAPPED,,26
9800,796,وَصَفَ,فعل,وصف,فَعَلَ,وَصَفَ الشخصُ الطابعَ المميّزَ,MAPPED,,26
9801,796,رَسَمَ,فعل,رسم,فَعَلَ,رَسَمَ الشخصُ تصويراً,MAPPED,,26
9802,796,تَصْوِير,مصدر,صور,تَفْعِيل,التصويرُ تمثيلٌ بصري,MAPPED,noun,26
9803,796,وَصَفَ,فعل,وصف,فَعَلَ,وَصَفَ الشخصُ حساباً مفصّلاً,MAPPED,,26
9804,796,وَصْف,اسم جامد,وصف,فَعْل,الوصفُ حسابٌ كلاميّ,MAPPED,noun,26
9805,796,رَسَمَ,فعل,رسم,فَعَلَ,رَسَمَ الشخصُ بطريقة معيّنة,MAPPED,,26
9806,796,مَثَّلَ,فعل,مثل,فَعَّلَ,مَثَّلَ الشيءَ بطريقة,MAPPED,,26
9807,796,تَمْثِيل,مصدر,مثل,تَفْعِيل,التمثيلُ تصويرٌ,MAPPED,noun,26
9808,796,حَدَّدَ,فعل,حدد,فَعَّلَ,حَدَّدَ معنى الشيء بدقّة,MAPPED,,26
9810,796,تَعْرِيف,مصدر,عرف,تَفْعِيل,التعريفُ بيانٌ رسميّ,MAPPED,noun,26
9812,796,أَعَادَ,فعل,عود,أَفْعَلَ,أَعَادَ التعريفَ,MAPPED,,26
9813,796,إِعَادَة,مصدر,عود,إِفْعَالَة,إِعَادةُ التعريفِ,MAPPED,noun,26
9814,796,تَوْصِيف,مصدر,وصف,تَفْعِيل,التوصيفُ تمييزٌ,MAPPED,noun,26
9815,796,عَامَلَ,فعل,عمل,فَاعَلَ,عَامَلَ الشيءَ بطريقة,MAPPED,,26
13585,796,رَسَمَ,فعل,رسم,فَعَلَ,رَسَمَ صورةً باللغة,MAPPED,,26
15077,796,مَثَّلَ,فعل,مثل,فَعَّلَ,مَثَّلَ في فئة,MAPPED,,26
17322,796,ادّعى,فعل,دعي,اِفْتَعَلَ,ادّعى أنّ الشيءَ من فئة,MAPPED,,26
9818,797,بَرَّدَ,فعل,برد,فَعَّلَ,بَرَّدَ الشيءَ,MAPPED,,26
9820,797,بَرَدَ,فعل,برد,فَعَلَ,بَرَدَ الشيءُ درجةً,MAPPED,,26
9821,797,سَخُنَ,فعل,سخن,فَعُلَ,سَخُنَ الشيءُ,MAPPED,,26
9822,797,بَرَّدَ,فعل,برد,فَعَّلَ,بَرَّدَ بالثلاجة,MAPPED,,26
9823,797,أَعَادَ,فعل,عود,أَفْعَلَ,أَعَادَ تسخينَ الشيء,MAPPED,,26
9824,797,دَفِئَ,فعل,دفأ,فَعِلَ,دَفِئَ الشيءُ,MAPPED,,26
11190,797,بَرَدَ,فعل,برد,فَعَلَ,بَرَدَ الشيءُ تدريجياً,MAPPED,,26
9827,798,فَوْز,اسم جامد,فوز,فَعْل,الفوزُ نصرٌ,MAPPED,noun,26
9829,798,مُنْتَصِر,اسم فاعل,نصر,مُفْتَعِل,المنتصرُ الذي فازَ,MAPPED,adjective,26
9830,798,فَائِز,اسم فاعل,فوز,فَاعِل,الفائزُ الذي يَفوزُ,MAPPED,noun,26
9831,798,نَصْر,اسم جامد,نصر,فَعْل,النصرُ انتصارٌ على العدوّ,MAPPED,noun,26
9832,798,خَسِرَ,فعل,خسر,فَعِلَ,خَسِرَ الشخصُ المسابقة,MAPPED,,26
9833,798,خَسَارَة,مصدر,خسر,فَعَالَة,الخسارةُ هزيمةٌ,MAPPED,noun,26
9834,798,تَعَادَلَ,فعل,عدل,تَفَاعَلَ,تَعَادَلَ المنافسانِ,MAPPED,,26
9835,798,تَعَادُل,اسم جامد,عدل,تَفَاعُل,التعادلُ نتيجةٌ متساويةٌ,MAPPED,noun,26
9836,798,مُنْتَصِر,اسم فاعل,نصر,مُفْتَعِل,المنتصرُ يهزمُ خصمَه,MAPPED,noun,26
11186,798,تَعَادُل,اسم جامد,عدل,تَفَاعُل,التعادلُ نتيجةٌ متساويةٌ,MAPPED,noun,26
15237,798,احْتَلّ,فعل,حلل,اِفْتَعَلَ,احْتَلّ الثالثةَ في السباق,MAPPED,,26
15569,798,فَازَ,فعل,فوز,فَاعَ,فَازَ الشخصُ بالمسابقة,MAPPED,,26
16495,798,أَلْقَى,فعل,لقي,أَفْعَلَ,أَلْقَى اليدَ في البوكر,MAPPED,idiom,26
9440,801,أَصْدَرَ,فعل,صدر,أَفْعَلَ,أَصْدَرَ صوتاً عالياً,MAPPED,,26
9442,801,نَفَخَ,فعل,نفخ,فَعَلَ,نَفَخَ مُصدِرُ الصوت,MAPPED,,26
9454,801,رَنّ,فعل,رنن,فَعَّ,رَنّ صوتٌ معدنيّ,MAPPED,,26
9466,801,صَرّ,فعل,صرر,فَعَّ,صَرّ صوتاً عالياً,MAPPED,,26
9512,801,صَفَرَ,فعل,صفر,فَعَلَ,صَفَرَ الشيءُ,MAPPED,,26
9542,801,رَنّ,فعل,رنن,فَعَّ,رَنّ رنيناً خفيفاً,MAPPED,,26
10143,801,عَزَفَ,فعل,عزف,فَعَلَ,عَزَفَ الآلةَ,MAPPED,,26
10311,801,رَاغِم,اسم فاعل,رغم,فَاعِل,الراغمُ يُطلقُ الرنين,MAPPED,noun,26
10885,801,رَنّ,فعل,رنن,فَعَّ,رَنّ الجرسُ,MAPPED,,26
13493,801,نَعَقَ,فعل,نعق,فَعَلَ,نَعَقَ الناعقُ,MAPPED,,26
13494,801,نَفَخَ,فعل,نفخ,فَعَلَ,نَفَخَ الصفّارُ,MAPPED,,26
17573,801,صَفِرَ,فعل,صفر,فَعِلَ,صَفِرَ صوتاً,MAPPED,,26
17574,801,اصْطَدَمَ,فعل,صدم,اِفْتَعَلَ,اصْطَدَمَ الشيآنِ,MAPPED,,26
17575,801,أَصْدَرَ,فعل,صدر,أَفْعَلَ,أَصْدَرَ صوتاً,MAPPED,,26
17576,801,نَبّ,فعل,نبب,فَعَّ,نَبّ صوتاً قصيراً,MAPPED,,26
17585,801,أَطْلَقَ,فعل,طلق,أَفْعَلَ,أَطْلَقَ صوتاً عظيماً,MAPPED,,26
11235,810,رَذَاذ,اسم جامد,رذذ,فَعَال,الرذاذُ كميّةٌ قليلةٌ,MAPPED,noun,26
11236,810,لَقْمَة,اسم جامد,لقم,فَعْلَة,اللقمةُ ما يُقْطَعُ بالعض,MAPPED,noun,26
11238,810,قَبْضَة,اسم جامد,قبض,فَعْلَة,القبضةُ كميّةٌ تُقْبَضُ,MAPPED,noun,26
9504,820,حَكّ,فعل,حكك,فَعَّ,حَكّ صوتاً مزعجاً,MAPPED,,26
9566,820,صَرَخَ,فعل,صرخ,فَعَلَ,صَرَخَ احتكاكاً,MAPPED,,26
9567,820,حَكّ,فعل,حكك,فَعَّ,حَكّ صوتاً مسموعاً,MAPPED,,26
9570,820,صَرَخَ,فعل,صرخ,فَعَلَ,صَرَخَ احتكاكاً عالياً,MAPPED,,26
9573,820,حَكّ,فعل,حكك,فَعَّ,حَكّ سطحاً خشناً,MAPPED,,26
9750,820,حَكّ,فعل,حكك,فَعَّ,حَكّ بقسوة,MAPPED,,26
9600,830,طَقْطَقَ,فعل,طقق,فَعْلَلَ,طَقْطَقَ صوتُ القلي,MAPPED,,26
9783,830,قَلَى,فعل,قلي,فَعَلَ,قَلَى الشيءُ في دهن,MAPPED,,26
9784,830,خَبَزَ,فعل,خبز,فَعَلَ,خَبَزَ في الفرن,MAPPED,,26
9785,830,طَهَى,فعل,طهي,فَعَلَ,طَهَى ببطء في سائل,MAPPED,,26
9786,830,طَهَى,فعل,طهي,فَعَلَ,طَهَى الطعامُ بالحرارة,MAPPED,,26
9787,830,طَهَى,فعل,طهي,فَعَلَ,طَهَى ببطء بالحرارة,MAPPED,,26
9788,830,غَلَى,فعل,غلي,فَعَلَ,غَلَى في سائل,MAPPED,,26
11847,830,احْتَرَقَ,فعل,حرق,اِفْتَعَلَ,احْتَرَقَ السطحُ,MAPPED,,26
11848,830,شَوَى,فعل,شوي,فَعَلَ,شَوَى بحرارة شديدة,MAPPED,,26
11849,830,تَفَحَّمَ,فعل,فحم,تَفَعَّلَ,تَفَحَّمَ من اللهيب,MAPPED,,26
17538,830,شَوَى,فعل,شوي,فَعَلَ,شَوَى على الشَّيّ,MAPPED,,26
17539,830,سَلَقَ,فعل,سلق,فَعَلَ,سَلَقَ بماء مغلي قصيراً,MAPPED,,26
17540,830,حَنَّسَ,فعل,حنس,فَعَّلَ,حَنَّسَ بطهي سريع ثم بطيء,MAPPED,,26
17541,830,شَوَى,فعل,شوي,فَعَلَ,شَوَى بحرارة شديدة,MAPPED,,26
17542,830,احْمَرّ,فعل,حمر,اِفْتَعَلَ,احْمَرّ من الطهي,MAPPED,,26
17543,830,احْتَرَقَ,فعل,حرق,اِفْتَعَلَ,احْتَرَقَ إلى السواد,MAPPED,,26
17544,830,طُبِخَ,فعل,طبخ,فُعِلَ,طُبِخَ في ماء دون غليان,MAPPED,passive,26
17545,830,غَطَسَ,فعل,غطس,فَعَلَ,غَطَسَ في الدهن المغليّ,MAPPED,,26
17546,830,شَوَى,فعل,شوي,فَعَلَ,شَوَى على الشوّاء,MAPPED,,26
17548,830,سَلَقَ,فعل,سلق,فَعَلَ,سَلَقَ بجزء من الغليان,MAPPED,,26
17549,830,سَلَقَ,فعل,سلق,فَعَلَ,سَلَقَ بالبخار,MAPPED,,26
17550,830,شَوَى,فعل,شوي,فَعَلَ,شَوَى لفترة طويلة,MAPPED,,26
17552,830,قَلَى,فعل,قلي,فَعَلَ,قَلَى بسرعة وخفّة,MAPPED,,26
17554,830,طَهَى,فعل,طهي,فَعَلَ,طَهَى بالبخار,MAPPED,,26
17556,830,حَمّص,فعل,حمص,فَعَّلَ,حَمّصَ بتعريض للحرارة,MAPPED,,26
9620,860,ارْتَدّ,فعل,ردد,اِفْتَعَلَ,ارْتَدّ الصوتُ صدى,MAPPED,,26
9621,860,تَرَدّدَ,فعل,ردد,تَفَعَّلَ,تَرَدّدَ الصوتُ بعدَ توقّفه,MAPPED,,26
9622,860,رَنّ,فعل,رنن,فَعَّ,رَنّ صوتٌ جهوري,MAPPED,,26
9623,860,تَدَحْرَجَ,فعل,درج,تَفَعْلَلَ,تَدَحْرَجَ الصوتُ بعمق,MAPPED,,26
9718,860,انْتَشَرَ,فعل,نشر,اِنْفَعَلَ,انْتَشَرَ الصوتُ الجهوري,MAPPED,,26
9912,880,قَيْد,مبني,,,قيدُ التشغيل,MAPPED,preposition,26
11109,880,عَن,مبني,,,عن التشغيل,MAPPED,preposition,26
14070,880,عَمِلَ,فعل,عمل,فَعِلَ,عَمِلَت الآلةُ,MAPPED,,26
14073,880,تَشْغِيل,اسم جامد,شغل,تَفْعِيل,التشغيلُ في الاستخدام,MAPPED,adjective,26
9947,900,اِعْتَمَدَ,فعل,عمد,اِفْتَعَلَ,اِعْتَمَدَ على المحدِّد,MAPPED,,26
9948,900,دَالّ,صفة مشبهة,دول,فَاعِل,الدالّ متغيّرٌ متعلّقٌ,MAPPED,noun,26
9949,900,تَابِع,صفة مشبهة,تبع,فَاعِل,التابعُ مرتهنٌ بغيره,MAPPED,adjective,26
10128,900,اِعْتَمَدَ,فعل,عمد,اِفْتَعَلَ,اِعْتَمَدَ على,MAPPED,,26
10129,900,اِعْتِمَاد,مصدر,عمد,اِفْتِعَال,الاعتمادُ الارتهانُ,MAPPED,noun,26
10163,900,تَعَلّقَ,فعل,علق,تَفَعَّلَ,تَعَلّقَ بالمحدِّد,MAPPED,,26
10571,900,اِعْتَمَدَ,فعل,عمد,اِفْتَعَلَ,اِعْتَمَدَ على,MAPPED,,26
10795,900,تَسَبَّبَ,فعل,سبب,تَفَعَّلَ,تَسَبَّبَ بنتيجة محددة,MAPPED,,26
11156,900,مُسْتَقِلّ,اسم فاعل,قل,مُسْتَفْعِل,المستقلّ غيرُ تابع,MAPPED,adjective,26
11157,900,اِسْتِقْلَال,مصدر,قل,اِسْتِفْعَال,الاستقلالُ حريّةٌ,MAPPED,noun,26
11770,900,تَعَلّقَ,فعل,علق,تَفَعَّلَ,تَعَلّقَ كليّاً,MAPPED,,26
14311,900,عَامِل,اسم فاعل,عمل,فَاعِل,العاملُ مؤثّرٌ,MAPPED,noun,26
14312,900,مُتَغَيِّر,صفة مشبهة,غير,مُتَفَعِّل,المتغيّرُ غيرُ ثابت,MAPPED,noun,26
16963,900,أَمَرَ,فعل,أمر,أَفْعَلَ,أَمَرَ بحدوث نتيجة,MAPPED,,26
9940,901,اِعْتَمَدَ,فعل,عمد,اِفْتَعَلَ,اِعْتَمَدَ بثقةٍ كاملة,MAPPED,,26
10002,901,اِعْتَمَدَ,فعل,عمد,اِفْتَعَلَ,اِعْتَمَدَ على,MAPPED,,26
10005,901,اِعْتَمَدَ,فعل,عمد,اِفْتَعَلَ,اِعْتَمَدَ على,MAPPED,,26
10006,901,اِعْتِمَاد,مصدر,عمد,اِفْتِعَال,الاعتمادُ توكّلٌ,MAPPED,noun,26
12618,901,اِعْتِمَاد,مصدر,عمد,اِفْتِعَال,الاعتمادُ على الآخر,MAPPED,noun,26
12619,901,تَبَعِيّة,صفة مشبهة,تبع,فَاعِلَة,التبعيّةُ حالةٌ,MAPPED,noun,26
9942,902,اِعْتَمَدَ,فعل,عمد,اِفْتَعَلَ,اِعْتَمَدَ على التوقّع,MAPPED,,26
10004,902,اِعْتَمَدَ,فعل,عمد,اِفْتَعَلَ,اِعْتَمَدَ على توقّعٍ متوقّع,MAPPED,,26
9950,910,تَحَدَّثَ,فعل,حدث,تَفَعَّلَ,تَحَدَّثَ بود وبساطة,MAPPED,,26
9965,910,نُكْتَة,اسم جامد,نكت,فُعْلَة,النكتةُ كلامٌ فكاهيّ,MAPPED,noun,26
9966,910,إِسْتِهْزَاء,مصدر,هزأ,إِفْتِعَال,الاستهزاءُ مُرَاشقةٌ بِالْفِكَاهَة,MAPPED,noun,26
9967,910,حِوَار,اسم جامد,حور,فِعَال,الحوارُ محادثةٌ,MAPPED,noun,26
9968,910,ثَرْثَرَة,اسم جامد,ثرثر,فَعْلَلَة,الثرثرةُ حديثٌ تافهٌ,MAPPED,noun,26
9969,910,مُجَالَسَة,مصدر,جلس,مُفَاعَلَة,المجالسةُ محادثةٌ رسميّة,MAPPED,noun,26
9972,910,تَحَاوَرَ,فعل,حور,تَفَاعَلَ,تَحَاوَرَ مع الآخر,MAPPED,,26
9978,910,تَكَلَّمَ,فعل,كلم,تَفَعَّلَ,تَكَلَّمَ بشيء,MAPPED,,26
9979,910,تَحَدَّثَ,فعل,حدث,تَفَعَّلَ,تَحَدَّثَ لنقل أفكار,MAPPED,,26
9980,910,مَزَحَ,فعل,مزح,فَعَلَ,مَزَحَ لإضحاك الآخرين,MAPPED,,26
9981,910,نَمِيمَة,اسم جامد,نمم,فَعِيلَة,النميمةُ كلامٌ غيرُ موثوق,MAPPED,noun,26
9982,910,نَمّ,فعل,نمم,فَعَّ,نَمّ بأخبار الآخرين,MAPPED,,26
9983,910,تَكَلَّمَ,فعل,كلم,تَفَعَّلَ,تَكَلَّمَ بطول,MAPPED,,26
11137,910,تَحَدَّثَ,فعل,حدث,تَفَعَّلَ,تَحَدَّثَ عابراً,MAPPED,,26
11138,910,تَكَلَّمَ,فعل,كلم,تَفَعَّلَ,تَكَلَّمَ عن تفاهاتٍ,MAPPED,,26
9960,920,رَشَّ,فعل,رشش,فَعَّلَ,يُسَبِّب العامل في رَش قطرات المائع على السطح,MAPPED,,27
9961,920,تَناثَرَ,فعل,نثر,تَفَاعَلَ,يُسَبِّب العامل في تناثر المائع بشكل فوضوي,MAPPED,,27
9962,920,شَطَفَ,فعل,شطف,فَعَلَ,يُسَبِّب العامل في سقوط قطرات المائع على سطح,MAPPED,,27
9963,920,رَشَّ,فعل,رشش,فَعَّلَ,يُسَبِّب العامل في رش المائع على شكل رذاذ,MAPPED,,27
9964,920,ضَخَّ,فعل,ضخخ,فَعَّلَ,يُسَبِّب العامل في ضخ المائع برفاق رقيق,MAPPED,,27
9973,920,ضَخَّ,فعل,ضخخ,فَعَّلَ,يُسَبِّب العامل في ضخ المائع بقوة,MAPPED,,27
11119,920,قَطَّرَ,فعل,قطر,فَعَّلَ,يُسَبِّب العامل في قطر المائع على شكل نقاط,MAPPED,,27
12042,920,ذَرَّ,فعل,ذرر,فَعَّلَ,يُسَبِّب العامل في ذر المائع على السطح,MAPPED,,27
17525,920,سَكَبَ,فعل,سكب,فَعَلَ,يُسَبِّب العامل في سكب المائع ببطء,MAPPED,,27
17526,920,فَاضَ,فعل,فيض,فَاعَ,يُسَبِّب العامل في فيض أو انبثاق المائع,MAPPED,,27
17527,920,سَكَبَ,فعل,سكب,فَعَلَ,يُسَبِّب العامل في سكب المائع من حاوية,MAPPED,,27
9975,921,رَتَّبَ,فعل,رتب,فَعَّلَ,يضع العامل الموضوع في ترتيب نظيف,MAPPED,,27
9976,921,تَرْتِيب,مصدر,رتب,تَفْعِيل,عملية وضع الموضوع في ترتيب منظم,MAPPED,,27
9977,921,صَفَّ,فعل,صفف,فَعَّلَ,يعرض العامل الموضوع على نحو منظم,MAPPED,,27
11743,921,نَشَرَ,فعل,نشر,فَعَلَ,ينقل العامل الموضوع إلى موضع محدد,MAPPED,,27
11744,921,نَشْر,مصدر,نشر,فَعْل,عملية نقل الموضوع لتحضير إجراء,MAPPED,,27
11863,921,نَسَّقَ,فعل,نسق,فَعَّلَ,يصيغ العامل الموضوع وفق صيغة معينة,MAPPED,,27
13337,921,هَيَّأَ,فعل,هيأ,فَعَّلَ,يعد العامل الموضوع بترتيب وتنظيم,MAPPED,,27
15170,921,نَظَّمَ,فعل,نظم,فَعَّلَ,يرتب العامل الموضوع على نحو منهجي,MAPPED,,27
15319,921,عَدَّلَ,فعل,عدل,فَعَّلَ,يضبط العامل المحاذاة على حافتي النص,MAPPED,,27
10020,950,قَانُون,اسم جامد,,,قاعدة معترف بها من الدولة تنظم سلوك,MAPPED,دخيل,27
10021,950,مَجَلّة,اسم جامد,جلل,مَفْعَلَة,مجموعة منظمة من القوانين,MAPPED,,27
10023,950,نِظَام,اسم جامد,نظم,فِعَال,إجراء رسمي ينظم شؤون الدول,MAPPED,,27
11222,950,مَرْسُوم,اسم مفعول,رسم,مَفْعُول,نص تشريعي من البرلمان,MAPPED,,27
13056,950,تَشْرِيع,مصدر,شرع,تَفْعِيل,قانون مكتوب أصدرته سلطة,MAPPED,,27
13755,950,لَائِحَة,اسم جامد,لوح,فَاعِلَة,قاعدة من سلطة معينة,MAPPED,,27
14028,950,نِظَام,اسم جامد,نظم,فِعَال,نظام معين للحكم,MAPPED,,27
14353,950,سِيَاسَة,اسم جامد,سيس,فِيَاسَة,مسار عمل تعتمده مؤسسة,MAPPED,,27
16881,950,نِظَام,اسم جامد,نظم,فِعَال,قاعدة تحكم اجتماعاً معيناً,MAPPED,,27
10024,960,مَوْجُود,اسم مفعول,وجد,مَفْعُول,يكون الموضوع موجوداً في موضع,MAPPED,,27
10025,960,كَائِن,اسم فاعل,كون,فَاعِل,يكون الموضوع كائناً في موضع,MAPPED,,27
10026,960,اسْتَقَرَّ,فعل,قرر,اِسْتَفْعَلَ,يستقر الموضوع في موضع,MAPPED,,27
10027,960,وَقَفَ,فعل,وقف,فَعَلَ,يقف الموضوع في موضع معين,MAPPED,,27
14174,960,جَلَسَ,فعل,جلس,فَعَلَ,يجلس الموضوع في موضع معين,MAPPED,,27
16531,960,مَكَان,اسم جامد,مكن,فَعَال,الموضع الذي يتواجد فيه الفرد,MAPPED,,27
16533,960,,اسم جامد,,,خطأ في البيانات الإنجليزية,NO_ARABIC_EQUIVALENT,"lemma ""twenty"" لا يطابق المعنى ""whereabouts""",27
16621,960,وَجَدَ,فعل,وجد,فَعَلَ,يوجد الموضوع أو يحتل موضعاً,MAPPED,,27
10029,962,مَارَسَ,فعل,مرس,فَاعَلَ,يؤدي العامل النشاط بشكل متكرر,MAPPED,,27
10030,962,جَلْسَة,اسم جامد,جلس,فَعْلَة,جلسة يمارس فيها العامل,MAPPED,,27
10031,962,مُمَارَسَة,مصدر,مرس,مُفَاعَلَة,عملية ممارسة النشاط,MAPPED,,27
10032,962,تَمَرَّنَ,فعل,مرن,تَفَعَّلَ,يتمرن العامل على العرض,MAPPED,,27
10033,962,تَمْرِين,مصدر,مرن,تَفْعِيل,عرض تجريبي للعمل,MAPPED,,27
10034,962,تَمْرِين,مصدر,مرن,تَفْعِيل,عملية التمرن والتحضير,MAPPED,,27
10035,962,مَرَّ,فعل,مرر,فَعَّلَ,يمر العامل على أجزاء الأداء,MAPPED,,27
10036,962,مُراجَعَة,مصدر,رجع,مُفَاعَلَة,مراجعة أجزاء الأداء,MAPPED,,27
10548,962,تَمْرِين,مصدر,مرن,تَفْعِيل,تمرين تجريبي لأداء,MAPPED,,27
11717,962,تَمْرِين,مصدر,مرن,تَفْعِيل,مهمة لممارسة مهارة,MAPPED,,27
13341,962,تَدْرِيب,مصدر,درب,تَفْعِيل,تعليم عبر تمارين,MAPPED,,27
13444,962,مُقَلَّد,اسم مفعول,قلد,مُفَعَّل,محاكاة أو تقليد,MAPPED,,27
15526,965,طَوِيل,صفة,طول,فَعِيل,يملك الكيان مسافة تتجاوز الطول,MAPPED,,27
15536,965,عَمِيق,صفة,عمق,فَعِيل,يملك الكيان خاصية التمدد البعيد,MAPPED,,27
15537,965,عَالِي,صفة,عله,فَاعِل,يملك الكيان ارتفاعاً كبيراً,MAPPED,,27
15538,965,فَارِع,صفة,فرع,فَاعِل,يملك الكيان ارتفاعاً خاصة,MAPPED,,27
15539,965,سَمِيك,صفة,سمك,فَعِيل,يملك الكيان سمكاً كبيراً,MAPPED,,27
15783,965,ثَقِيل,صفة,ثقل,فَعِيل,يملك الكيان وزناً كبيراً,MAPPED,,27
15785,965,غَلِيظ,صفة,غلظ,فَعِيل,يملك الكيان محيطاً كبيراً,MAPPED,,27
17257,965,مُنْخَفِض,اسم مفعول,خفض,مُنْفَعِل,يملك الكيان ارتفاعاً أقل,MAPPED,,27
17336,965,عَرِيض,صفة,عرض,فَعِيل,يملك الكيان عرضاً كبيراً,MAPPED,,27
18488,965,رَقِيق,صفة,رقق,فَعِيل,يملك الكيان سمكاً صغيراً,MAPPED,,27
18489,965,خَفِيف,صفة,خفف,فَعِيل,يملك الكيان وزناً قليلاً,MAPPED,,27
18490,965,ضَيِّق,صفة,ضيق,فَعِيل,يملك الكيان عرضاً صغيراً,MAPPED,,27
18491,965,قَصِير,صفة,قصر,فَعِيل,يملك الكيان طولاً قليلاً,MAPPED,,27
10038,966,سَرِيع,صفة,سرع,فَعِيل,يتحرك الكيان بسرعة عالية,MAPPED,,27
10039,966,خَاطِف,صفة,خطف,فَاعِل,يتحرك الكيان بسرعة فائقة,MAPPED,,27
10040,966,مُسْرِع,اسم فاعل,سرع,مُفْعِل,يتحرك الكيان بسرعة,MAPPED,,27
10041,966,سُرْعَة,اسم جامد,سرع,فُعْلَة,معدل حركة الكيان,MAPPED,,27
11978,966,مُرْعِب,اسم فاعل,رعب,مُفْعِل,يتحرك الكيان بسرعة مخيفة,MAPPED,,27
13290,966,مُعَدَّل,اسم مفعول,عدل,مُفَعَّل,معدل سرعة الكيان,MAPPED,,27
13291,966,وَتِيرَة,اسم جامد,وتر,فَاعِلَة,سرعة الحركة أو التطور,MAPPED,,27
14975,966,سَرِيعاً,ظرف,سرع,فَعِيلاً,بسرعة وبشكل حثيث,MAPPED,,27
14976,966,بِسُرْعَة,ظرف,سرع,فُعْلَة,بطريقة سريعة,MAPPED,,27
16042,966,نَشِيط,صفة,نشط,فَعِيل,يتحرك الكيان بنشاط,MAPPED,,27
16094,966,سَرِيع,صفة,سرع,فَعِيل,يتحرك الكيان بسرعة عالية,MAPPED,,27
10042,967,اسْتَغْرَقَ,فعل,غرق,اِسْتَفْعَلَ,يتطلب النشاط مدة زمنية,MAPPED,,27
10043,967,في,حرف,,,حرف جر يعبر عن المدة,MAPPED,حرف جر,27
10044,967,سَرِيع,صفة,سرع,فَعِيل,يتم النشاط بسرعة,MAPPED,,27
10045,967,قَصِير,صفة,قصر,فَعِيل,يستغرق النشاط مدة قصيرة,MAPPED,,27
10046,967,سَرِيع,صفة,سرع,فَعِيل,يحدث النشاط في مدة قصيرة,MAPPED,,27
10047,967,خَاطِف,صفة,خطف,فَاعِل,يحدث النشاط بسرعة,MAPPED,,27
11201,967,سَرِيع,صفة,سرع,فَعِيل,يتم النشاط بسرعة,MAPPED,,27
14618,967,بَطِيئاً,ظرف,بطأ,فَعِيلاً,يتم النشاط ببطء,MAPPED,,27
14665,967,بَطِيء,صفة,بطأ,فَعِيل,يستغرق النشاط وقتاً طويلاً,MAPPED,,27
15113,967,تَدْرِيجِياً,ظرف,درج,تَفْعِيلِياً,يحدث النشاط ببطء,MAPPED,,27
17636,967,سَرِيعاً,ظرف,سرع,فَعِيلاً,يتم النشاط بسرعة,MAPPED,,27
10062,970,ذِرَاع,اسم جامد,ذرع,فِعَال,شيء يشبه الذراع,MAPPED,,27
10063,970,فَم,اسم جامد,فمم,فَم,فتحة أو مدخل,MAPPED,,27
11221,970,رِجْل,اسم جامد,رجل,فِعْل,دعم طويل رفيع,MAPPED,,27
11224,970,قِشْرَة,اسم جامد,قشر,فِعْلَة,طبقة خارجية صلبة,MAPPED,,27
11225,970,حَافَّة,اسم جامد,حفف,فَاعِلَة,حافة أو إطار,MAPPED,,27
11325,970,مِقْبَض,اسم جامد,قبض,مِفْعَل,جزء يُمْسَك به,MAPPED,,27
10064,971,مُوقِد,اسم جامد,وقد,مُفْعِل,مكان لإشعال النار,MAPPED,,27
10065,971,أَرْضِيَّة,اسم جامد,أرض,فَعْلِيَّة,السطح السفلي للغرفة,MAPPED,,27
10066,971,سَقْف,اسم جامد,سقف,فَعْل,السطح العلوي للغرفة,MAPPED,,27
10067,971,رَف,اسم جامد,رفف,فَعْل,هيكل حول الموقد,MAPPED,,27
10068,971,سَقْف,اسم جامد,سقف,فَعْل,الهيكل الذي يغطي أعلى,MAPPED,,27
10069,971,درابزين,اسم جامد,,,شريط مثبت على دعامات,MAPPED,دخيل,27
10070,971,جِدَار,اسم جامد,جدر,فِعَال,جانب من المبنى,MAPPED,,27
11103,971,سطح,اسم جامد,سطح,فَعْل,سطح مستوٍ في المطبخ,MAPPED,,27
11104,971,وَاجِهَة,اسم جامد,وجه,فَاعِلَة,وجه المبنى الرئيسي,MAPPED,,27
14986,971,أَسَاس,اسم جامد,اسس,فَعَال,القاعدة التي يُبْنَى عليها,MAPPED,,27
15943,971,دَرَج,اسم جامد,درج,فَعَل,درج بين الطوابق,MAPPED,,27
15944,971,استراحة,اسم جامد,رحح,اِسْتِفْعَال,قسم من الأرضية,MAPPED,,27
16095,971,نَافِذَة,اسم جامد,نفذ,فَاعِلَة,فتحة في جدار بإطار,MAPPED,,27
10071,972,عَتِيق,صفة,عتق,فَعِيل,يكون الكيان قد وُجِد مدة طويلة,MAPPED,,27
10072,972,قَدِيم,صفة,قدم,فَعِيل,يكون الكيان قديماً جداً,MAPPED,,27
10073,972,شَابّ,صفة,شيب,فَاعِل,يكون الكيان حديث الوجود,MAPPED,,27
10074,972,نَاشِئ,صفة,نشأ,فَاعِل,يكون الكيان صغيراً نسبياً,MAPPED,,27
10075,972,عَجُوز,صفة,عجز,فَعُول,يكون الكيان كبيراً في السن,MAPPED,,27
11300,972,عُمْر,اسم جامد,عمر,فُعْل,المدة الزمنية للوجود,MAPPED,,27
12563,972,جَدِيد,صفة,جدد,فَعِيل,يكون الكيان لم يكن موجوداً,MAPPED,,27
13763,972,طَازَج,صفة,طزج,فَاعِل,يكون الكيان لم يُسْتَخْدَم,MAPPED,,27
15928,972,من,حرف,,,حرف جر يشير إلى العمر,MAPPED,حرف جر,27
16023,972,نَضْج,اسم جامد,نضج,فَعْل,العمر الذي يبلغ النمو,MAPPED,,27
16073,972,نَاضِج,صفة,نضج,فَاعِل,يكون الشخص تجاوز المراهقة,MAPPED,,27
17634,972,مُسِنّ,صفة,سنن,مُفْعِل,يكون الشخص كبيراً في السن,MAPPED,,27
10076,973,عَجُوز,اسم جامد,عجز,فَعُول,رجل عجوز,MAPPED,,27
10077,973,عَجُوز,اسم جامد,عجز,فَعُول,رجل عجوز غريب الأطوار,MAPPED,,27
10078,973,فَتِيّ,اسم جامد,فتي,فَعِيل,شخص شاب,MAPPED,,27
10079,973,مُراهِق,اسم جامد,رهق,مُفَاعِل,ولد أو فتاة في سن المراهقة,MAPPED,,27
10080,973,بالغ,اسم جامد,بلغ,فَاعِل,شخص نما بالكامل,MAPPED,,27
10081,973,رَضِيع,اسم جامد,رضع,فَعِيل,طفل وُلِد حديثاً,MAPPED,,27
10082,973,وَلَد,اسم جامد,ولد,فَعْل,طفل ذكر,MAPPED,,27
10083,973,طِفْل,اسم جامد,طفل,فِعْل,إنسان صغير,MAPPED,,27
10084,973,رَضِيع,اسم جامد,رضع,فَعِيل,طفل صغير جداً,MAPPED,,27
10085,973,مَوْلُود,اسم جامد,ولد,مَفْعُول,طفل مولود حديثاً,MAPPED,,27
10086,973,مُراهِق,اسم جامد,رهق,مُفَاعِل,شخص بين 13 و 19 سنة,MAPPED,,27
10087,973,صَبِيّ,اسم جامد,صبي,فَعِيل,طفل أو شخص صغير,MAPPED,,27
10088,973,شَابّ,اسم جامد,شيب,فَاعِل,رجل شاب,MAPPED,,27
10840,973,فَتِيّ,اسم جامد,فتي,فَعِيل,طفل أو شخص صغير,MAPPED,,27
14533,973,مُسِنّ,اسم جامد,سنن,مُفْعِل,الأشخاص القدامى,MAPPED,,27
14716,973,مَوْلُود,اسم جامد,ولد,مَفْعُول,طفل وُلِد في الماضي القريب,MAPPED,,27
10089,974,مَكْسِيكِيّ,اسم منسوب,,,شخص من المكسيك,MAPPED,نسبة,27
10090,974,نيويوركي,اسم منسوب,,,شخص من نيويورك,MAPPED,دخيل,27
10091,974,فَرَنْسِيّ,اسم منسوب,,,رجل من أصل فرنسي,MAPPED,نسبة,27
10092,974,إِنْجِلِيزِيّ,اسم منسوب,,,سكان إنجلترا,MAPPED,نسبة,27
10093,974,أَجْنَبِيّ,صفة,جنب,أَفْعَلِيّ,شخص من بلد أجنبي,MAPPED,,27
10094,974,أَمْرِيكِيّ,اسم منسوب,,,شخص أمريكي,MAPPED,نسبة,27
10095,974,أَمْرِيكِيّ,اسم منسوب,,,شخص من الأمريكتين,MAPPED,نسبة,27
10096,974,فَرَنْسِيَّة,اسم منسوب,,,امرأة فرنسية,MAPPED,نسبة,27
10097,974,فَرَنْسِيّ,اسم منسوب,,,شخص فرنسي,MAPPED,نسبة,27
10098,974,أَلْمَانِيّ,اسم منسوب,,,شخص ألماني,MAPPED,لفظ مسيء في الإنجليزية,27
10396,974,بِرِيطَانِيّ,اسم منسوب,,,شخص بريطاني,MAPPED,نسبة,27
10545,974,دِنْفَرِيّ,اسم منسوب,,,شخص من دنفر,MAPPED,نسبة,27
10546,974,شِيكَاغِوِيّ,اسم منسوب,,,شخص من شيكاغو,MAPPED,نسبة,27
10547,974,كَالِيفُورْنِيّ,اسم منسوب,,,شخص من كاليفورنيا,MAPPED,نسبة,27
13744,974,إِيرَانِيّ,اسم منسوب,,,شخص إيراني,MAPPED,نسبة,27
13886,974,إِيرِلَنْدِيّ,اسم منسوب,,,شخص إيرلندي,MAPPED,نسبة,27
13958,974,دُبْلِينِيّ,اسم منسوب,,,شخص من دبلن,MAPPED,نسبة,27
13987,974,فَارِسِيّ,اسم منسوب,,,شخص فارسي,MAPPED,نسبة,27
14013,974,يُونَانِيّ,اسم منسوب,,,شخص يوناني,MAPPED,نسبة,27
14016,974,تُرْكِيّ,اسم منسوب,,,فرد من الشعوب التركمانية,MAPPED,نسبة,27
14017,974,إِيطَالِيّ,اسم منسوب,,,شخص إيطالي,MAPPED,نسبة,27
14018,974,عُثْمَانِيّ,اسم منسوب,,,تركي من الفترة العثمانية,MAPPED,نسبة,27
14019,974,أَلْمَانِيّ,اسم منسوب,,,شخص ألماني,MAPPED,نسبة,27
14315,974,أَصْلِيّ,صفة,أصل,أَفْعَلِيّ,أمريكي أصلي,MAPPED,,27
17277,974,إِنْجِلِيزِيَّة,اسم منسوب,,,امرأة إنجليزية,MAPPED,نسبة,27
10101,978,فَقَدَ,فعل,فقد,فَعَلَ,فقد المشارك السيطرة,MAPPED,لفظ مسيء,27
11130,978,فَقَدَ,فعل,فقد,فَعَلَ,فقد المشارك السيطرة,MAPPED,,27
11131,978,انْفَجَرَ,فعل,فجر,انْفَعَلَ,انفجر المشارك غضباً,MAPPED,,27
11132,978,جُنّ,فعل,جنن,فُعِّلَ,أصبح المشارك مجنوناً,MAPPED,,27
11133,978,فَقَدَ,فعل,فقد,فَعَلَ,فقد المشارك هدوءه,MAPPED,,27
11134,978,فَزِعَ,فعل,فزع,فَعِلَ,تصرف بطريقة غير عقلانية,MAPPED,,27
10102,979,فَهِمَ,فعل,فهم,فَعِلَ,فهم المُدرِك الفكرة,MAPPED,,27
10103,979,فَهِمَ,فعل,فهم,فَعِلَ,فهم المُدرِك الظاهرة,MAPPED,,27
10104,979,فَهِمَ,فعل,فهم,فَعِلَ,أدرك المُدرِك طبيعة الموضوع,MAPPED,,27
10105,979,فَهْم,مصدر,فهم,فَعْل,فهم الشخص للظاهرة,MAPPED,,27
10106,979,فَهِمَ,فعل,فهم,فَعِلَ,فهم المُدرِك الحجة,MAPPED,,27
10107,979,أَدْرَكَ,فعل,درك,أَفْعَلَ,أدرك المُدرِك الظاهرة,MAPPED,,27
10161,979,غَامِض,صفة,غمض,فَاعِل,يكون الشيء غامضاً,MAPPED,,27
10162,979,مَفْهُوم,صفة,فهم,مَفْعُول,يكون الشيء قابلاً للفهم,MAPPED,,27
10170,979,مَفْهُوم,صفة,فهم,مَفْعُول,يكون الشيء قابلاً للفهم,MAPPED,,27
10171,979,غَامِض,صفة,غمض,فَاعِل,يكون الشيء غير مفهوم,MAPPED,,27
10542,979,مَفْهُوم,صفة,فهم,مَفْعُول,يكون الشيء قابلاً للفهم,MAPPED,,27
11977,979,أَدْرَكَ,فعل,درك,أَفْعَلَ,أدرك المُدرِك الظاهرة,MAPPED,,27
13540,979,فَهِمَ,فعل,فهم,فَعِلَ,فهم بعد تفكير عميق,MAPPED,,27
17283,979,تَابَعَ,فعل,تبع,فَاعَلَ,فهم المُدرِك الموقف,MAPPED,,27
10110,981,فَن,اسم جامد,فنن,فَعْل,نشاط له مكون جمالي,MAPPED,,27
10111,981,حِرْفَة,اسم جامد,حرف,فِعْلَة,نشاط يتطلب مهارة يدوية,MAPPED,,27
10112,981,عِلْم,اسم جامد,علم,فِعْل,نشاط معقد يتطلب اهتماماً,MAPPED,,27
10130,982,مُتَفَرِّد,صفة,فرد,مُتَفَعِّل,يكون الشيء غريباً فريداً,MAPPED,,27
10131,982,خَاصّ,صفة,خصص,فَاعِل,يكون الشيء مختصاً,MAPPED,,27
10132,982,خَصْوصِيَّة,اسم جامد,خصص,فَعْوَلِيَّة,ميزة غير عادية,MAPPED,,27
10133,982,فَرِيد,صفة,فرد,فَعِيل,يكون الشيء منفرداً,MAPPED,,27
10134,982,خِصْلَة,اسم جامد,خصل,فِعْلَة,سلوك غريب مختص,MAPPED,,27
10135,982,خَاصّ,صفة,خصص,فَاعِل,يكون الشيء مختصاً,MAPPED,,27
12683,982,مُعَيَّن,صفة,عين,مُفَعَّل,يكون الشيء محدداً معيناً,MAPPED,,27
13311,982,غَرَابَة,مصدر,غرب,فَعَالَة,جودة كون الشيء غريباً,MAPPED,,27
13312,982,غَرِيب,صفة,غرب,فَعِيل,يكون الشيء غريباً جداً,MAPPED,,27
13313,982,غَامِض,صفة,غمض,فَاعِل,يكون الشيء غريباً مرعباً,MAPPED,,27
10154,990,قَادِر,صفة,قدر,فَاعِل,يستوفي الكيان الشروط,MAPPED,,27
10155,990,عَاجِز,صفة,عجز,فَاعِل,لا يستطيع الكيان,MAPPED,,27
10156,990,اسْتَطَاعَ,فعل,طيع,اِسْتَفْعَلَ,استطاع الكيان,MAPPED,,27
10157,990,قَادِر,صفة,قدر,فَاعِل,يمتلك الكيان القدرة,MAPPED,,27
10158,990,قُدْرَة,اسم جامد,قدر,فُعْلَة,القدرة لفعل شيء,MAPPED,,27
10678,990,إِمْكَانِيَّة,اسم جامد,,,شيء يمكن أن ينمو,MAPPED,,27
10702,990,قُدْرَة,اسم جامد,قدر,فُعْلَة,القوة أو القدرة,MAPPED,,27
11453,990,قُدْرَة,اسم جامد,قدر,فُعْلَة,القدرة المطلوبة,MAPPED,,27
14723,990,قَابِل,صفة,قبل,فَاعِل,يكون الشيء قابلاً للنمو,MAPPED,,27
16161,990,قُوَّة,اسم جامد,قوو,فُعْلَة,القدرة على الأفعال,MAPPED,,27
16163,990,قُوَّة,اسم جامد,قوو,فُعْلَة,احتمالية الاختبار الإحصائي,MAPPED,مصطلح إحصائي,27
18430,990,عَاجِز,صفة,عجز,فَاعِل,يفتقر الكيان إلى القدرة,MAPPED,,27
18515,990,عَجْز,مصدر,عجز,فَعْل,افتقار الكيان للقوة,MAPPED,,27
18523,990,عَجْز,مصدر,عجز,فَعْل,عدم وجود القدرة,MAPPED,,27
18524,990,عَاجِز,صفة,عجز,فَاعِل,يفتقر الكيان للقدرة,MAPPED,,27
18525,990,عَجْز,مصدر,عجز,فَعْل,نقص القدرة,MAPPED,,27
18526,990,قَوِيّ,صفة,قوي,فَعِيل,يمتلك الكيان قدرة,MAPPED,,27
10172,1000,بَاقِي,اسم جامد,بقي,فَاعِل,الجزء لم يُذكَر من قبل,MAPPED,,27
10173,1000,تَكْمِيل,مصدر,كمل,تَفْعِيل,الشيء الذي يشكل كلاً,MAPPED,,27
10686,1000,تَكَمَّلَ,فعل,كمل,تَفَعَّلَ,يكمل أو يخدم كمتمم,MAPPED,,27
10174,1001,آخَر,صفة,أخر,فَعِل,يكون الشيء منفصلاً,MAPPED,,27
10175,1001,آخَر,صفة,أخر,آخِر,يُستخدَم للإشارة لمختلف,MAPPED,,27
10176,1001,آخَر,اسم جامد,أخر,فَعِل,شخص أو شيء مختلف,MAPPED,,27
10178,1001,آخَر,اسم جامد,أخر,فَعِل,يُستخدَم للإشارة لمختلف,MAPPED,,27
10289,1001,إِضَافِيّ,صفة,ضيف,إِفْعَالِيّ,يكون الشيء إضافياً,MAPPED,,27
10290,1001,أَكْثَر,صفة,كثر,أَفْعَل,يكون الشيء إضافياً,MAPPED,,27
10291,1001,زِيَادَة,اسم جامد,زيد,فِيَاعَة,كمية إضافية,MAPPED,,27
10292,1001,إِضَافِيّ,صفة,ضيف,إِفْعَالِيّ,يكون الشيء مضافاً,MAPPED,,27
10190,1010,من,حرف,,,حرف جر يعبر عن العلاقة,MAPPED,حرف جر,27
10191,1010,من,حرف,,,حرف جر يعبر عن الأعضاء,MAPPED,حرف جر,27
10192,1012,ذَكَّرَ,فعل,ذكر,فَعَّلَ,يدفع المثير للتفكير بسبب التشابه,MAPPED,,27
10193,1012,استحضر,فعل,حضر,اِسْتَفْعَلَ,يستحضر المثير الظاهرة,MAPPED,,27
10194,1012,استدعى,فعل,دعو,اِسْتَفْعَلَ,يستدعي المثير ظاهرة,MAPPED,,27
10195,1012,استدعى,فعل,دعو,اِسْتَفْعَلَ,يستدعي المثير ظاهرة,MAPPED,,27
10197,1012,ذَكَّرَ,فعل,ذكر,فَعَّلَ,ذكَّر المثير الشخص,MAPPED,,27
10198,1012,استحضر,فعل,حضر,اِسْتَفْعَلَ,يستحضر المثير صورة,MAPPED,,27
10365,1012,ذَكَّرَ,فعل,ذكر,فَعَّلَ,يذكَّر المثير بشيء محدد,MAPPED,,27
10540,1012,استحضر,فعل,حضر,اِسْتَفْعَلَ,يستحضر أو يذكِّر,MAPPED,,27
10901,1012,تَذْكِرَة,اسم جامد,ذكر,تَفْعِلَة,شيء يدفع للتذكر,MAPPED,,27
13824,1012,مُثِير,اسم فاعل,ثير,مُفْعِل,يثير صوراً أو مشاعر,MAPPED,,27
13825,1012,استحضار,مصدر,حضر,اِسْتِفْعَال,حدث استحضار ظاهرة,MAPPED,,27
16323,1012,أَوْحَى,فعل,وحي,أَفْعَى,يوحي المثير بصورة,MAPPED,,27
10206,1016,جَمِيل,صفة,جمل,فَعِيل,يكون الكيان ممتعاً حسياً,MAPPED,,27
10207,1016,رَائِع,صفة,روع,فَاعِل,يكون الكيان جميلاً رفيعاً,MAPPED,,27
11627,1016,أَنِيق,صفة,نيق,أَفْعَل,يكون الكيان نظيفاً ومرتباً,MAPPED,,27
11628,1016,قَبِيح,صفة,قبح,فَعِيل,يكون الكيان غير ممتع,MAPPED,,27
11641,1016,لَذِيذ,صفة,لذذ,فَعِيل,تتمتع الطعام بطعم ممتع,MAPPED,,27
13823,1016,أَنِيق,صفة,نيق,أَفْعَل,يكون الكيان رشيقاً أنيقاً,MAPPED,,27
15316,1016,بَهِيج,صفة,بهج,فَعِيل,يكون الكيان ممتعاً جمالياً,MAPPED,,27
15929,1016,وَسِيم,صفة,وسم,فَعِيل,يكون الشخص جذاباً,MAPPED,,27
17286,1016,بَشِع,صفة,بشع,فَعِيل,يكون الكيان قبيحاً منفِّراً,MAPPED,,27
10210,1017,جِيتَار,اسم جامد,,,آلة موسيقية وترية تُستخدم لإحداث الصوت,MAPPED,دخيل,28
10211,1017,جَرَس,اسم جامد,جرس,فَعَل,آلة معدنية تُحدِث صوتاً عند قَرْعِها,MAPPED,,28
10212,1017,صَفَّارَة,اسم جامد,صفر,فَعَّالَة,آلة تُصدِر صوتاً عالياً كإنذار أو تحذير,MAPPED,,28
10213,1017,بِيَانو,اسم جامد,,,آلة موسيقية ذات لوحة مفاتيح لإحداث الصوت الموسيقي,MAPPED,دخيل,28
10214,1017,خَشْخَاشَة,اسم جامد,خشش,فَعْخَاشَة,لُعْبَة طفل تُحدِث صوتاً عند هزّها,MAPPED,,28
10215,1017,كِسَار,اسم جامد,كسر,فِعَال,آلة موسيقية يُضرَب فيها خشب متدرج,MAPPED,,28
10216,1017,طَبْل,اسم جامد,طبل,فَعْل,آلة إيقاعية توقّاعية تُضرَب لإحداث الصوت,MAPPED,,28
10217,1017,تِشِيلّو,اسم جامد,,,آلة موسيقية وترية ذات صوت عميق,MAPPED,دخيل,28
10218,1017,سِكْسُفُون,اسم جامد,,,آلة موسيقية هوائية نحاسية,MAPPED,دخيل,28
11243,1017,جَرَس,اسم جامد,جرس,فَعَل,صوت تحذير أو إنذار,MAPPED,,28
10221,1019,آمَنَ,فعل,امن,آفَعَلَ,صدَّق بعنصر من عناصر الديانة,MAPPED,,28
18500,1019,عَقِيدَة,اسم جامد,عقد,فَعِيلَة,معتقد ديني يُؤمَن به,MAPPED,,28
18501,1019,إيمَان,اسم جامد,امن,إفْعَال,تصديق كامل بعقيدة دينية,MAPPED,,28
18503,1019,مُؤمِن,اسم فاعل,امن,مُفْعِل,من يُصدِّق بالعقيدة الدينية,MAPPED,,28
10222,1021,مُسْلِم,اسم فاعل,سلم,مُفْعِل,من يتّبع الإسلام,MAPPED,,28
10223,1021,نَصْرَانِيّ,اسم منسوب,نصر,فَعْلَانِيّ,من يؤمن بالديانة النصرانية,MAPPED,,28
10224,1021,مُؤمِن,اسم فاعل,امن,مُفْعِل,أتباع ديانة معيّنة,MAPPED,,28
11258,1021,مَعْمَدَانِيّ,اسم منسوب,عمد,فَعْلَانِيّ,من يعتقد بتعميد البالغين فقط,MAPPED,,28
13458,1021,بُوذِيّ,اسم منسوب,,,من يؤمن بديانة بوذا,MAPPED,دخيل,28
13997,1021,وَثَنِيّ,اسم منسوب,وثن,فَعَلِيّ,من يدين بدين غير الأديان الكبرى,MAPPED,,28
14342,1021,مُرمُوني,اسم منسوب,,,تابع كنيسة يسوع المسيح الحديثة,MAPPED,دخيل,28
14704,1021,كَافِر,اسم فاعل,كفر,فَاعِل,من لا يؤمن بأي ديانة,MAPPED,,28
14869,1021,غَيُور,صفة مشبهة,غير,فَعُول,من يتعصب بشدة لدينه,MAPPED,,28
14928,1021,يَهُودِيّ,اسم منسوب,هود,فَعُولِيّ,من يتّبع الديانة اليهودية,MAPPED,,28
10245,1023,مُوَاطِن,اسم فاعل,وطن,مُفَاعِل,فرد معترف به قانونياً في دولة ما,MAPPED,,28
10246,1023,رَعَايا,اسم جامد,رعي,فَعَايا,من يتبع أبرشية كنسية معيّنة,MAPPED,,28
10248,1023,قَوْمِيّ,اسم منسوب,قوم,فَعْلِيّ,من ينتمي إلى جنسية دولة ما,MAPPED,,28
10249,1023,رَعايا,اسم جامد,رعي,فَعَايا,من يخضع لحكم ملك أو سلطة عليا,MAPPED,,28
10252,1023,رَعايا,اسم جامد,رعي,فَعَايا,مجموع المواطنين والرعايا,MAPPED,,28
10264,1024,تَوَقَّفَ,فعل,وقف,تَفَعَّلَ,كفّ الموضوع عن الحركة,MAPPED,,28
10265,1024,وَقَفَ,فعل,وقف,فَعَلَ,كفّ الموضوع عن الحركة تماماً,MAPPED,,28
18384,1024,مُتَوَقِّفاً,حال,وقف,مُتَفَعِّل,صار الموضوع في حالة استرخاء,MAPPED,,28
18385,1024,مُتَوَقِّفاً,حال,وقف,مُتَفَعِّل,صار الموضوع في حالة توقف تام,MAPPED,,28
10268,1025,بَاب,اسم جامد,بيب,فَاع,حاجز يُفتح ويُغلق للدخول والخروج,MAPPED,,28
10269,1025,مِصْعَد,اسم مفعول,صعد,مِفْعَل,آلة برّاقة لرفع الأشخاص والأشياء,MAPPED,,28
10270,1025,حَافِلَة,اسم جامد,حفل,فَاعِلَة,منصة متحركة في بناء لرفع وإنزال الأشخاص,MAPPED,,28
10271,1025,سُلَّم كَهْرَبَائِيّ,تركيب,,,درج متحرك يوفر الصعود والهبوط,MAPPED,,28
10272,1025,مَمَرّ,اسم جامد,مرر,فَعَل,فضاء طويل يفصل بين الحجرات في بناء,MAPPED,,28
10273,1025,دِهْلِيز,اسم جامد,دهلز,فِعْلِيز,ممر أو فضاء في البناء,MAPPED,,28
10274,1025,شُبَّاك,اسم جامد,شبك,فُعَّال,فتحة في الحائط مزودة بزجاج للإضاءة والتهوية,MAPPED,,28
10275,1025,سُلَّم,اسم جامد,سلم,فُعَّل,مجموعة درجات للصعود والهبوط بين الطوابق,MAPPED,,28
10277,1025,دَرَج,اسم جامد,درج,فَعَل,درجات متتالية للصعود والهبوط,MAPPED,,28
13319,1025,دَرَجَة,اسم جامد,درج,فَعَلَة,سطح مستقل في السلم يضع عليه القدم,MAPPED,,28
16660,1025,بَوَّابَة,اسم جامد,بيب,فَوَّالَة,حاجز متحرك أو ثابت بأسلاك أو قضبان,MAPPED,,28
10279,1026,عُضْو,اسم جامد,عضو,فُعْل,فرد ينتمي إلى مجموعة اجتماعية,MAPPED,,28
10280,1026,اِنْتَمَى,فعل,نمي,اِفْتَعَلَ,كان عضواً في مجموعة ما,MAPPED,,28
10281,1026,جُزْء,اسم جامد,جزء,فُعْل,كون الفرد تابعاً لمنظمة أو جماعة,MAPPED,,28
10283,1026,عُضْوِيَّة,اسم جامد,عضو,فُعُولِيَّة,حالة كون الفرد عضواً,MAPPED,,28
10284,1026,أَعْضَاء,اسم جامد,عضو,أَفْعَال,مجموع الأفراد الأعضاء,MAPPED,,28
13177,1026,مُرْتَبِط,اسم فاعل,ربط,مُفْتَعِل,كان منضماً إلى منظمة ما,MAPPED,,28
10286,1027,أَوَّل,ظرف,اول,أَفَّل,في المرة الأولى دون سابقة,MAPPED,,28
10293,1029,نَفْس,اسم جامد,نفس,فَعْل,شيء واحد بعينه لم يتغيّر,MAPPED,,28
10294,1029,مُخْتَلِف,اسم فاعل,خلف,مُفْتَعِل,غير متطابق أو متباين,MAPPED,,28
10309,1029,مُطَابِق,اسم فاعل,طابق,مُفَاعِل,متماثل تماماً مع الآخر,MAPPED,,28
10851,1029,مُنْفَصِل,اسم فاعل,فصل,مُنْفَعِل,منفرد أو منقطع عن الآخر,MAPPED,,28
13252,1029,هُوِيَّة,اسم جامد,هوي,فُعِيَّة,الصفات التي تحدد ماهية الشيء,MAPPED,,28
10320,1030,بَقايا,اسم جامد,بقي,فَعَايا,ما تبقى من مجموعة بعد الاستهلاك,MAPPED,,28
10321,1030,بَاقٍ,اسم فاعل,بقي,فَاعِل,ما بقي بعد عملية استنزاف,MAPPED,,28
10322,1030,بَقِيَ,فعل,بقي,فَعِلَ,استمرّ الوجود بعد الاستهلاك,MAPPED,,28
13980,1030,رُفَات,اسم جامد,رفت,فُعَال,أشياء متبقية من مجموعة أكبر,MAPPED,,28
10330,1040,إيقَاع,اسم جامد,وقع,إفْعَال,نمط متكرر منتظم في الصوت أو الحركة,MAPPED,,28
10331,1040,بِإيقَاعٍ,ظرف,وقع,,بنمط منتظم ومتكرر,MAPPED,,28
10332,1040,نَبْضَة,اسم جامد,نبض,فَعْلَة,نمط ضربات منتظم في الموسيقى,MAPPED,,28
10333,1040,إيقَاعِيّ,اسم منسوب,وقع,إفْعَالِيّ,له نمط متكرر منتظم,MAPPED,,28
15398,1040,وَقْت,اسم جامد,وقت,فَعْل,إيقاع أغنية أو موسيقى,MAPPED,,28
10334,1041,بَاقٍ,اسم فاعل,بقي,فَاعِل,ما بقي لم يُنجَز بعد,MAPPED,,28
10347,1041,بَقِيَ,فعل,بقي,فَعِلَ,استمرّ ما لم يُنجَز بعد البعض,MAPPED,,28
10358,1041,بَاقٍ,اسم جامد,بقي,فَاعِل,ما يبقى لمعالجته أو إنجازه,MAPPED,,28
10344,1050,حَرَارَة,اسم جامد,حرر,فَعَالَة,درجة الحرارة في الكائن,MAPPED,,28
10345,1050,حَارّ,صفة مشبهة,حرر,فَاعِل,ذو درجة حرارة عالية,MAPPED,,28
10346,1050,بَارِد,صفة مشبهة,برد,فَاعِل,ذو درجة حرارة منخفضة نسبياً,MAPPED,,28
11200,1050,جَامِد,صفة مشبهة,جمد,فَاعِل,في درجة حرارة متجمدة جداً,MAPPED,,28
13223,1050,بَارِد,صفة مشبهة,برد,فَاعِل,له درجة حرارة منخفضة,MAPPED,,28
14441,1050,فَاتِر,صفة مشبهة,فتر,فَاعِل,ليس بارداً ولا حاراً,MAPPED,,28
14442,1050,فَاتِر,صفة مشبهة,فتر,فَاعِل,معتدل الحرارة,MAPPED,,28
14443,1050,بَارِد جِدّاً,تركيب,,,بدرجة حرارة منخفضة جداً,MAPPED,,28
14444,1050,مُحْرِق,اسم فاعل,حرق,مُفْعِل,بحرارة كافية للإحراق,MAPPED,,28
15750,1050,دَافِئ,صفة مشبهة,دفا,فَاعِل,درجة حرارته أعلى من المحايد,MAPPED,,28
10369,1052,بَارِد,صفة مشبهة,برد,فَاعِل,البيئة ذات حرارة منخفضة,MAPPED,,28
10370,1052,بَارِد,صفة مشبهة,برد,فَاعِل,بيئة في درجة حرارة منخفضة جداً,MAPPED,,28
10371,1052,حَارّ,صفة مشبهة,حرر,فَاعِل,البيئة ذات درجة حرارة عالية,MAPPED,,28
10372,1052,دَافِئ,صفة مشبهة,دفا,فَاعِل,بيئة بحرارة مريحة معتدلة,MAPPED,,28
10373,1052,يَوْم حَارّ,تركيب,,,يوم بطقس حار جداً,MAPPED,,28
11101,1052,بَارِد جِدّاً,صفة مشبهة,برد,فَاعِل,أبرد مما هو مريح,MAPPED,,28
11313,1052,حَرَارَة,اسم جامد,حرر,فَعَالَة,درجة حرارة الهواء الخارجي,MAPPED,,28
15572,1052,مُتَجَمِّد,اسم فاعل,جمد,مُتَفَعِّل,بيئة برد شديد جداً,MAPPED,,28
15963,1052,بَرْد,اسم جامد,برد,فَعْل,حالة درجة حرارة منخفضة جداً,MAPPED,,28
10374,1054,بَشَّرَ,فعل,بشر,فَعَّلَ,أنذر بقرب وصول شيء ما,MAPPED,,28
10380,1060,أَبْقَى,فعل,بقي,أَفْعَلَ,تسبب في استمرار العملية,MAPPED,,28
10392,1070,نَمَا,فعل,نمي,فَعَلَ,أصبح تدريجياً بصفة جديدة,MAPPED,,28
10393,1070,أَصْبَحَ,فعل,صبح,أَفْعَلَ,دخل في حالة محددة,MAPPED,,28
10845,1070,انْتَهَى إلى,تركيب,نهي,,صار بنتيجة عملية ما,MAPPED,,28
10473,1080,مُمَثِّلَة,اسم فاعل,مثل,مُفَعِّلَة,امرأة تمثل دوراً في عرض فني,MAPPED,,28
10474,1080,مُمَثِّل,اسم فاعل,مثل,مُفَعِّل,فرد يمثل دوراً في عرض فني,MAPPED,,28
13427,1080,لاعِب,اسم فاعل,لعب,فَاعِل,مثل في العرض الفني,MAPPED,,28
14680,1080,مُوسِيقَار,اسم جامد,وسق,مُفْعِيلَار,فرد يعزف الموسيقى في حفلة,MAPPED,,28
10422,1081,هَجَّى,فعل,هجي,فَعَّلَ,نطق أحرف الكلمة واحداً تلو الآخر,MAPPED,,28
10423,1081,أَخْطَأَ التَّهْجِيَة,تركيب,خطي,,أخطأ في هجاء الكلمة,MAPPED,,28
10424,1081,نَطَقَ,فعل,نطق,فَعَلَ,أصدر صوت الكلمة,MAPPED,,28
10425,1081,أَخْطَأَ النُّطْق,تركيب,خطي,,أخطأ في نطق الكلمة,MAPPED,,28
10426,1081,قَالَ,فعل,قول,فَعَلَ,نطق الكلمة بصوت واضح,MAPPED,,28
11206,1081,كَتَبَ,فعل,كتب,فَعَلَ,أنشأ صيغة لغوية بالكتابة,MAPPED,,28
16210,1081,صَوْت,اسم جامد,صوت,فَعْل,وحدة صوتية في اللغة,MAPPED,,28
10438,1083,أَثَّرَ,فعل,اثر,أَفْعَلَ,مارس تأثيراً قوياً على المُدرِك,MAPPED,,28
10439,1083,مُؤَثِّر,اسم فاعل,اثر,مُفَعِّل,له تأثير عميق على الآخرين,MAPPED,,28
10440,1083,أَلْهَمَ,فعل,لهم,أَفْعَلَ,أثار الرغبة والقدرة على الفعل,MAPPED,,28
10441,1083,أَثَّرَ,فعل,اثر,أَفْعَلَ,مارس تأثيراً عاطفياً على,MAPPED,,28
10442,1083,تَأْثِير,اسم جامد,اثر,تَفْعِيل,تأثير عاطفي على السلوك,MAPPED,,28
10443,1083,إلْهَام,اسم جامد,لهم,إفْعَال,حادثة إبداع مفاجئ,MAPPED,,28
10444,1083,تَأْثِير,اسم جامد,اثر,تَفْعِيل,تأثير عاطفي واضح,MAPPED,,28
10447,1083,تَأْثِير,اسم جامد,اثر,تَفْعِيل,تأثير عاطفي قوي,MAPPED,,28
13926,1083,دَفَعَ,فعل,دفع,فَعَلَ,حمل على فعل أمر معين,MAPPED,,28
13927,1083,حَفَّزَ,فعل,حفز,فَعَّلَ,أثار الاهتمام والرغبة,MAPPED,,28
13971,1083,دَفَعَ,فعل,دفع,فَعَلَ,حفز أو شجع على الفعل,MAPPED,,28
15602,1083,نَهَضَ بِـ,تركيب,نهض,,أثار أو حرك إلى العمل,MAPPED,,28
18507,1083,تَوَدَّدَ,فعل,ودد,تَفَعَّلَ,حاول التأثير برفق وملاطفة,MAPPED,,28
18508,1083,أَغْرَى,فعل,غري,أَفْعَلَ,جذب بعرض لذة أو فائدة,MAPPED,,28
18510,1083,حَثَّ,فعل,حثث,فَعَّلَ,حرّض أو شجع قوياً,MAPPED,,28
18511,1083,أَغْوَى,فعل,غوي,أَفْعَلَ,جذب للقيام بما يخالف الحكمة,MAPPED,,28
18512,1083,ثَبَّطَ,فعل,ثبط,فَعَّلَ,صرف عن الفعل وأضعف العزيمة,MAPPED,,28
18513,1083,شَجَّعَ,فعل,شجع,فَعَّلَ,ملأ بالثقة والأمل,MAPPED,,28
18563,1083,حَفَّزَ,فعل,حفز,فَعَّلَ,حرّض على الفعل بقوة,MAPPED,,28
18564,1083,حَفَّزَ,فعل,حفز,فَعَّلَ,أيقظ الرغبة والنشاط,MAPPED,,28
10448,1084,أَثَّرَ,فعل,اثر,أَفْعَلَ,مارس تأثيراً على الكيان,MAPPED,,28
10449,1084,أَثَّرَ,فعل,اثر,أَفْعَلَ,مارس تأثيراً قوياً,MAPPED,,28
10450,1084,تَأْثِير,اسم جامد,اثر,تَفْعِيل,تأثير سببي على شيء آخر,MAPPED,,28
10451,1084,تَأْثِير,اسم جامد,اثر,تَفْعِيل,النتيجة المترتبة على التأثير,MAPPED,,28
11090,1084,أَثَّرَ,فعل,اثر,أَفْعَلَ,أحدث تغييراً في شيء,MAPPED,,28
11091,1084,تَأْثِير,اسم جامد,اثر,تَفْعِيل,تأثير ملحوظ أو مهم,MAPPED,,28
18159,1084,قُدْرَة,اسم جامد,قدر,فُعْلَة,القدرة على التأثير والتحكم,MAPPED,,28
10452,1085,اِلْتَقَى,فعل,لقي,اِفْتَعَلَ,التقى بشخص للمرة الأولى,MAPPED,,28
10453,1085,عَرَّفَ,فعل,عرف,فَعَّلَ,بدأ التعارف مع شخص لأول مرة,MAPPED,,28
10454,1086,رَأْفَة,اسم جامد,رافة,فَعْلَة,عفو السلطة عن المخالف,MAPPED,,28
10455,1088,خَفَّفَ,فعل,خفف,فَعَّلَ,تقليل العقوبة إلى عقوبة أخف,MAPPED,,28
10456,1088,تَخْفِيف,اسم جامد,خفف,تَفْعِيل,تقليل الحكم القضائي,MAPPED,,28
10470,1090,خَرَّبَ,فعل,خرب,فَعَّلَ,دمّر أو عطّل بقصد,MAPPED,,28
10471,1090,نَقَضَ,فعل,نقض,فَعَلَ,أضعف أو أفسد تدريجياً,MAPPED,,28
10472,1090,قَوَّضَ,فعل,قوض,فَعَّلَ,أضعف أو حطّ من الشيء,MAPPED,,28
10477,1090,أَفْسَدَ,فعل,فسد,أَفْعَلَ,قوّض سلطة النظام أو الحكومة,MAPPED,,28
10478,1090,تَقْوِيض,اسم جامد,قوض,تَفْعِيل,محاولة إسقاط النظام أو الحكومة,MAPPED,,28
10493,1100,جَرِيمَة,اسم جامد,جرم,فَعِيلَة,فعل سيء أو غير قانوني,MAPPED,,28
10497,1100,أَخْطَأَ,فعل,خطي,أَفْعَلَ,ارتكب خطيئة دينية,MAPPED,,28
10499,1100,خَطِيئَة,اسم جامد,خطا,فَعِيلَة,عمل يخالف الشريعة الدينية,MAPPED,,28
10500,1100,تَجَاوَزَ,فعل,جاوز,تَفَاعَلَ,تخطى حدود الأخلاق,MAPPED,,28
10502,1100,تَجَاوُز,اسم جامد,جاوز,تَفَاعُل,عمل يخالف الأخلاق,MAPPED,,28
11241,1100,زَلَّة,اسم جامد,زلل,فَعَّلَة,خطأ صغير بسيط,MAPPED,,28
10494,1102,شِرِّير,اسم جامد,شرر,فِعِّيل,شخص ذو سلوك سيء أو مجرم,MAPPED,,28
10495,1102,فَاسِد,صفة مشبهة,فسد,فَاعِل,شخص بلا مبادئ أخلاقية,MAPPED,,28
10496,1102,مُنْحَطّ,اسم فاعل,حط,مُنْفَعَل,شخص تدهور خلقياً,MAPPED,,28
10498,1102,خَاطِئ,اسم فاعل,خطا,فَاعِل,من يرتكب الآثام,MAPPED,,28
10501,1102,مُذْنِب,اسم فاعل,ذنب,مُفْعِل,من يتصرف بسوء,MAPPED,,28
10503,1102,دَنِيء,صفة مشبهة,دنا,فَعِيل,شخص وضيع الأخلاق,MAPPED,,28
10504,1102,تُفَّاحَة سَيِّئَة,تركيب,,,شخص فاسد في المجموعة,MAPPED,,28
10505,1102,مُجْرِم,اسم فاعل,جرم,مُفْعِل,من يرتكب الجرائم,MAPPED,,28
10507,1102,شِرِّير,اسم جامد,شرر,فِعِّيل,من يفعل الشر,MAPPED,,28
10508,1102,جَانِح,صفة مشبهة,جنح,فَاعِل,شاب يميل للجريمة,MAPPED,,28
10509,1102,حَطِيء,صفة مشبهة,حطا,فَعِيل,من يقوم بنشاطات مشبوهة,MAPPED,,28
10510,1102,مُعْتَدٍ,اسم فاعل,عتد,مُفْتَعِل,من يرتكب الظلم,MAPPED,,28
10582,1102,قِدِّيس,اسم جامد,قدس,فِعِّيس,شخص فاضل جداً,MAPPED,,28
10584,1103,صِينِيّ,اسم منسوب,صين,فِعِلِيّ,ما يخص الصين أو شعبها,MAPPED,,28
10585,1103,أَمْرِيكِيّ,اسم منسوب,مرك,أَفْعِيلِيّ,ما يخص الولايات المتحدة,MAPPED,,28
10586,1103,فِيتْنَامِيّ,اسم منسوب,,,ما يخص فيتنام أو شعبها,MAPPED,دخيل,28
10587,1103,مَنْشَأ,اسم جامد,نشا,مَفْعَل,النقطة التي يبدأ منها الشيء,MAPPED,,28
10588,1103,نَشَأَ,فعل,نشا,فَعَلَ,كان له بداية محددة,MAPPED,,28
10639,1103,مِن,حرف,,,يشير للانتماء الحالي,MAPPED,,28
10640,1103,مِن,حرف,,,يشير للمصدر والنشأة,MAPPED,,28
11610,1103,إيرَانِيّ,اسم منسوب,ايران,إفْعَانِيّ,ما يخص إيران,MAPPED,,28
11687,1103,كَنَدِيّ,اسم منسوب,كند,فَعَدِيّ,ما يخص كندا,MAPPED,,28
11688,1103,هُولَندِيّ,اسم منسوب,,,ما يخص هولندا,MAPPED,دخيل,28
12171,1103,عِرَاقِيّ,اسم منسوب,عرق,فِعَالِيّ,ما يخص العراق,MAPPED,,28
12172,1103,فَرَنْسِيّ,اسم منسوب,فرنس,فَعَنْسِيّ,ما يخص فرنسا,MAPPED,,28
12391,1103,فِنْلَندِيّ,اسم منسوب,,,ما يخص فنلندا,MAPPED,دخيل,28
12407,1103,هِنْدِيّ,اسم منسوب,هند,فِعْدِيّ,ما يخص الهند,MAPPED,,28
12707,1103,رُوسِيّ,اسم منسوب,روس,فُعْسِيّ,ما يخص روسيا,MAPPED,,28
13307,1103,وَطَنِيّ,اسم منسوب,وطن,فَعَلِيّ,ما يخص الأمة أو الوطن,MAPPED,,28
13772,1103,إيطَالِيّ,اسم منسوب,يطال,إفْعَالِيّ,ما يخص إيطاليا,MAPPED,,28
13773,1103,سُورِيّ,اسم منسوب,سور,فُعْرِيّ,ما يخص سوريا,MAPPED,,28
13887,1103,أَيْرِلَندِيّ,اسم منسوب,,,ما يخص أيرلندا,MAPPED,دخيل,28
13904,1103,يَابَانِيّ,اسم منسوب,يبن,فَاعَانِيّ,ما يخص اليابان,MAPPED,,28
13952,1103,أُورُوبِيّ,اسم منسوب,,,ما يخص أوروبا,MAPPED,دخيل,28
13990,1103,يُونَانِيّ,اسم منسوب,يون,فُعَانِيّ,ما يخص اليونان,MAPPED,,28
14707,1103,أُرْدُنِيّ,اسم منسوب,ردن,أُفْدُنِيّ,ما يخص الأردن,MAPPED,,28
14729,1103,سِويسْرِيّ,اسم منسوب,,,ما يخص سويسرا,MAPPED,دخيل,28
14769,1103,كُولُومْبِيّ,اسم منسوب,,,ما يخص كولومبيا,MAPPED,دخيل,28
14770,1103,كُوبِيّ,اسم منسوب,,,ما يخص كوبا,MAPPED,دخيل,28
14790,1103,مِصْرِيّ,اسم منسوب,مصر,فِعْرِيّ,ما يخص مصر,MAPPED,,28
14876,1103,رُومَانِيّ,اسم منسوب,روم,فُعَانِيّ,ما يخص روما,MAPPED,,28
14878,1103,سُعُودِيّ,اسم منسوب,سعد,فُعُودِيّ,ما يخص السعودية,MAPPED,,28
14898,1103,تُرْكِيّ,اسم منسوب,ترك,فُعْكِيّ,ما يخص تركيا,MAPPED,,28
14941,1103,آشُورِيّ,اسم منسوب,شور,آفُعُورِيّ,ما يخص آشور,MAPPED,,28
14963,1103,عُثْمَانِيّ,اسم منسوب,عثم,فُعْمَانِيّ,ما يخص الدولة العثمانية,MAPPED,,28
15345,1103,بُرْتُغَالِيّ,اسم منسوب,,,ما يخص البرتغال,MAPPED,دخيل,28
15558,1103,جَامَايْكِيّ,اسم منسوب,,,ما يخص جاماica,MAPPED,دخيل,28
16129,1103,بِيزَنْطِيّ,اسم منسوب,,,ما يخص الدولة البيزنطية,MAPPED,دخيل,28
16669,1103,أَتَى مِن,تركيب,اتي,,نشأ من مكان معين,MAPPED,,28
18627,1103,إسْبَانِيّ,اسم منسوب,,,ما يخص إسبانيا,MAPPED,دخيل,28
18708,1103,أَرَّخَ,فعل,رخ,أَفْعَلَ,نشأ في فترة زمنية محددة,MAPPED,,28
10511,1110,مُذْنِب,اسم فاعل,ذنب,مُفْعِل,مسؤول بعدل عن فعل معين,MAPPED,,28
10512,1110,بَرِيء,صفة مشبهة,برا,فَعِيل,غير مسؤول عن جريمة,MAPPED,,28
10513,1110,ذَنْب,اسم جامد,ذنب,فَعْل,المسؤولية عن ارتكاب جرم,MAPPED,,28
10514,1110,بَرَاءَة,اسم جامد,برا,فَعَالَة,عدم المسؤولية عن جرم,MAPPED,,28
13708,1110,دَم عَلَى الأيدي,تركيب,,,إثم وذنب في إلحاق الضرر,MAPPED,,28
10520,1111,سَجَنَ,فعل,سجن,فَعَلَ,حبس في السجن عقاباً,MAPPED,,28
10521,1111,سَجْن,اسم جامد,سجن,فَعْل,الحبس أو الحالة المسجون فيها,MAPPED,,28
10522,1111,حَبَسَ,فعل,حبس,فَعَلَ,قيد في السجن,MAPPED,,28
10523,1111,سَجَنَ,فعل,سجن,فَعَلَ,حبس في السجن,MAPPED,,28
13936,1111,سَجَنَ,فعل,سجن,فَعَلَ,حبس أو قيّد,MAPPED,,28
13937,1111,سَجْن,اسم جامد,سجن,فَعْل,عملية حبس المجرم,MAPPED,,28
16274,1111,مُدَّة,اسم جامد,مدد,فُعَّة,الفترة الزمنية للسجن,MAPPED,,28
16291,1111,حَيَاة,اسم جامد,حيي,فَعَال,حكم بالسجن المؤبد,MAPPED,,28
10560,1121,اِسْتَبْدَلَ,فعل,بدل,اِسْتَفْعَلَ,وضع شيء جديد مكان القديم,MAPPED,,28
10561,1121,بَدَّلَ,فعل,بدل,فَعَّلَ,استبدل بآخر,MAPPED,,28
10775,1121,استِبْدَال,اسم جامد,بدل,اِسْتِفْعَال,عملية وضع الجديد مكان القديم,MAPPED,,28
10776,1121,تَبْدِيل,اسم جامد,بدل,تَفْعِيل,فعل استبدال شيء بآخر,MAPPED,,28
10777,1121,تَبْدِيل سَرِيع,تركيب,بدل,,إزالة وتبديل فوري,MAPPED,,28
10781,1121,اِسْتَبْدَلَ,فعل,بدل,اِسْتَفْعَلَ,تبادل شيء بآخر,MAPPED,,28
10782,1121,غَيَّرَ,فعل,غير,فَعَّلَ,إزالة وتبديل بنفس النوع,MAPPED,,28
10794,1121,بَدَّلَ,فعل,بدل,فَعَّلَ,استبدل بآخر,MAPPED,,28
10589,1130,درَسَ,فعل,درس,فَعَلَ,انقطع للتعلم في مادة,MAPPED,,28
11171,1131,طَرَدَ,فعل,طرد,فَعَلَ,أجبر على مغادرة المجموعة,MAPPED,,28
12576,1131,حَرَّمَ,فعل,حرم,فَعَّلَ,أقصى رسمياً من المشاركة الكنسية,MAPPED,,28
12577,1131,طَرْد,اسم جامد,طرد,فَعْل,إجبار على مغادرة المجموعة,MAPPED,,28
12578,1131,تَحْرِيم,اسم جامد,حرم,تَفْعِيل,إقصاء رسمي من المشاركة الكنسية,MAPPED,,28
17198,1131,أقْصَى,فعل,قصي,أَفْعَلَ,عامل على أنه ليس عضواً,MAPPED,,28
10590,1132,حَفِظَ,فعل,حفظ,فَعِلَ,تعلم عن ظهر قلب,MAPPED,,28
10591,1132,حِفْظ,اسم جامد,حفظ,فِعْل,عملية تعلم بالحفظ,MAPPED,,28
10593,1132,تَعَلَّمَ,فعل,علم,تَفَعَّلَ,حفظ في الذاكرة,MAPPED,,28
10730,1132,حَفِظَ,فعل,حفظ,فَعِلَ,ألقى في الذاكرة,MAPPED,,28
10596,1133,مُمَيِّز,اسم فاعل,ميز,مُفَعِّل,ملمح نموذجي من الشخص,MAPPED,,28
10597,1133,مِيزَة,اسم جامد,ميز,فِيلَة,خاصية مميزة,MAPPED,,28
10598,1133,مِيزَة,اسم جامد,ميز,فِيلَة,خاصية مميزة معروفة,MAPPED,,28
10599,1133,مُنْفَرِد,اسم فاعل,فرد,مُنْفَعِل,مختلف عن غيره,MAPPED,,28
10600,1133,مُنْفَصِل,اسم فاعل,فصل,مُنْفَعِل,متمايز ومنقطع عن الآخر,MAPPED,,28
10601,1133,مَيَّزَ,فعل,ميز,فَعَّلَ,كان علامة مميزة لشخص,MAPPED,,28
10602,1133,مِيزَة,اسم جامد,ميز,فِيلَة,خاصية يُعرَّف بها,MAPPED,,28
10610,1133,عَلَامَة,اسم جامد,علم,فَعَالَة,خاصية مميزة معروفة,MAPPED,,28
12681,1133,جَانِب,اسم جامد,جنب,فَاعِل,جزء أو صفة معينة,MAPPED,,28
16998,1133,مُلَحَوظ,اسم فاعل,لحظ,مُفَعَول,يُلاحَظ أو مهم,MAPPED,,28
10604,1134,عادي,صفة مشبهة,عدى,فاعل,الحالة التي تعكس وضعاً شائعاً,MAPPED,,29
10606,1134,غريب,صفة مشبهة,غرب,فَعِيل,ما ينحرف عن المعايير المعروفة,MAPPED,,29
10607,1134,عادي,صفة مشبهة,عدى,فاعل,حالة خالية من الميزات المتميزة,MAPPED,,29
10608,1134,متوسط,صفة مشبهة,وسط,مُفَعَّل,المقدار المعتاد والشائع,MAPPED,,29
10609,1134,غريب,صفة مشبهة,غرب,فَعِيل,ما لا يتسق مع التوقع المعروف,MAPPED,,29
10884,1134,عادي,اسم جامد,عدى,فاعل,ليس مثير للاهتمام,MAPPED,,29
11198,1134,بسيط,صفة مشبهة,بسط,فَعِيل,بلا ميزات إضافية,MAPPED,,29
15960,1134,غريب,صفة مشبهة,غرب,فَعِيل,يخالف المتوقع,MAPPED,,29
16644,1134,شائع,صفة مشبهة,شيع,فاعل,يُتوقع حدوثه,MAPPED,,29
16897,1134,عادة,اسم مصدر,عدى,فاعل,بالطريقة المعتادة,MAPPED,,29
16900,1134,شاذ,صفة مشبهة,شذذ,فاعل,وضع نادر,MAPPED,,29
16967,1134,عدم انتظام,اسم مصدر,نظم,فَعَلّ,غياب الانتظام,MAPPED,,29
18607,1134,تقليدي,صفة مشبهة,قلد,فَعَالي,يتبع الأعراف,MAPPED,,29
10619,1141,استعمل,فعل,عمل,اِفْتِعَل,أخذ الشيء لتحقيق غرض ما,MAPPED,,29
10620,1141,وظّف,فعل,وظف,فَعَّل,جعل الشيء يُستخدم لغرض معين,MAPPED,,29
10622,1141,استعمال,مصدر,عمل,اِفْتِعَال,فعل استخدام الشيء أو حالته,MAPPED,,29
10624,1141,انتفع,فعل,نفع,اِفْتِعَل,الاستفادة من الشيء أو به,MAPPED,,29
11447,1141,شغّل,فعل,شغل,فَعَّل,التحكم في جهاز,MAPPED,,29
11460,1141,تشغيل,مصدر,شغل,تَفْعِيل,فعل تشغيل,MAPPED,,29
11697,1141,طبّق,فعل,طبق,فَعَّل,استخدام على,MAPPED,,29
11714,1141,استفاد,فعل,فيد,اِسْتَفْعَل,استخدام فعال,MAPPED,,29
11715,1141,استفادة,مصدر,فيد,اِسْتِفَادة,استخدام عملي,MAPPED,,29
11723,1141,تطبيق,مصدر,طبق,تَفْعِيل,وضع موضع التنفيذ,MAPPED,,29
12617,1141,تشغيلي,اسم منسوب,شغل,تَفْعِيلي,يتعلق بالتشغيل,MAPPED,,29
13402,1141,توظيف,مصدر,وظف,تَفْعِيل,استخدام في موضوع,MAPPED,,29
16124,1141,مارس,فعل,مرس,فاعل,استعمال القوة,MAPPED,,29
11259,1143,رفيق السكن,تركيب,,,شخص يشاركك السكن,MAPPED,,29
11260,1143,جار السكن,تركيب,,,شخص يسكن معك,MAPPED,,29
11261,1143,جار,اسم جامد,جور,فاعل,يسكن بجوارك,MAPPED,,29
10627,1144,شارك,فعل,شرك,فاعل,أخذ نصيب أو دور في حدث,MAPPED,,29
10628,1144,مشارك,اسم فاعل,شرك,مُفاعِل,شخص يأخذ دوراً في حدث,MAPPED,,29
10629,1144,مشاركة,مصدر,شرك,مُفاعَلة,فعل الاشتراك في حدث,MAPPED,,29
10630,1144,منخرط,اسم فاعل,خرط,مُنْفَعِل,شخص مندرج في حدث,MAPPED,,29
10631,1144,انخراط,مصدر,خرط,اِنْفِعال,الاشتراك في حدث متعدد,MAPPED,,29
10632,1144,مشبوك,اسم مفعول,شبك,مَفْعُول,عميق الانخراط في نزاع,MAPPED,,29
11590,1144,لاعب,اسم فاعل,لعب,فاعل,شخص مؤثر,MAPPED,,29
11724,1144,ملتبس,اسم مفعول,لبس,مَفْعُول,اشتراك إكراهي,MAPPED,,29
11725,1144,التباس,مصدر,لبس,اِفْتِعال,اشتراك معقد,MAPPED,,29
13302,1144,اشتراك,مصدر,شرك,اِشْتِرَاك,الانضمام والمشاركة,MAPPED,,29
13356,1144,طرف,اسم جامد,طرف,فاعل,متشارك في حدث,MAPPED,,29
17193,1144,اشترك,فعل,شرك,اِفْتِعَل,أخذ نصيب,MAPPED,,29
17266,1144,معني,اسم مفعول,عنى,مَفْعُول,متورط في موضوع,MAPPED,,29
10641,1145,خفي,صفة مشبهة,خفي,فَعِيل,ما يتم بسرية,MAPPED,,29
10642,1145,مختفٍ,اسم مفعول,خفي,مُفْتَعِل,ما يجري بطريقة مستترة,MAPPED,,29
10643,1145,مستور,اسم مفعول,ستر,مُسْتَفْعَل,ما لا يُعترف به علناً,MAPPED,,29
10644,1145,سِرّ,اسم جامد,سرر,فِعّ,ما لا يُراد أن يُعرّف,MAPPED,,29
10656,1145,بسرّية,ظرف,سرر,فِعّ,بطريقة خفية وغير معلنة,MAPPED,,29
10657,1145,ظاهر,صفة مشبهة,ظهر,فاعل,ما لم يُخفَ عن الأنظار,MAPPED,,29
10658,1145,علني,صفة مشبهة,علن,فَعِيل,ما يُفعل في مرأى الناس,MAPPED,,29
10659,1145,سِري,صفة مشبهة,سرر,فِعّي,ما يُقصد أن يُبقى مخفياً,MAPPED,,29
10663,1145,علناً,ظرف,علن,فَعَلاً,بطريقة مرئية وظاهرة,MAPPED,,29
11666,1145,مخفي,اسم مفعول,خفي,مُفْتَعَل,يُحفظ بسرية,MAPPED,,29
12741,1145,غير مصنف,اسم مفعول,صنف,غير مفعل,لم يُصنَّف,MAPPED,,29
13152,1145,غامض,صفة مشبهة,غمض,فاعل,تغطيه ظلال,MAPPED,,29
10665,1146,كشف,فعل,كشف,فَعَل,أعلن عن معلومة مخفية,MAPPED,,29
10666,1146,أفشى,فعل,فشي,أَفْعَل,جعل المعلومة السرية معروفة,MAPPED,,29
10667,1146,إفشاء,مصدر,فشي,إِفْعال,فعل جعل المعلومة معروفة,MAPPED,,29
10668,1146,فضح,فعل,فضح,فَعَل,كشف الطبيعة الحقيقية,MAPPED,,29
10669,1146,كشف,مصدر,كشف,فَعَل,فعل الإعلان عن معلومة,MAPPED,,29
10670,1146,أذاع,فعل,ذيع,أَفْعَل,جعل الخبر موصولاً للعامة,MAPPED,,29
10671,1146,إذاعة,مصدر,ذيع,إِفْعال,الكشف العلني عن سِرّ,MAPPED,,29
10672,1146,اعترف,فعل,عرف,اِفْتِعَل,الإقرار بارتكاب جرم,MAPPED,,29
10673,1146,اعتراف,مصدر,عرف,اِفْتِعال,بيان الإقرار بجرم,MAPPED,,29
10674,1146,أسرّ,فعل,سرر,أَفْعَل,أخبر بسِر أو أمر خاص,MAPPED,,29
10675,1146,إفشاء الأسرار,تركيب,,,كشف المعلومات السرية,MAPPED,,29
10725,1146,صارح,فعل,صرح,فاعَل,أخبر القصة كاملة,MAPPED,,29
11290,1146,تفلت منه,تركيب,,,كشف معلومة بدون قصد,MAPPED,,29
11291,1146,تسرّب,فعل,سرب,تَفَعَّل,كشف متعمد,MAPPED,,29
12514,1146,كشف النوايا,تركيب,,,إظهار ما كان خفياً,MAPPED,,29
13224,1146,أقرّ,فعل,قرر,أَفْعَل,الاعتراف بحقيقة,MAPPED,,29
13225,1146,تقدّم طواعية,تركيب,,,التطوع بالتقديم,MAPPED,,29
13226,1146,اعترف,فعل,عرف,اِفْتِعَل,صرّح بالمعلومة,MAPPED,,29
17592,1146,أفصح,فعل,فصح,أَفْعَل,أعلن عن,MAPPED,,29
11248,1147,أول,صفة مشبهة,أول,فاعل,يأتي قبل الجميع,MAPPED,,29
11249,1147,ثاني,اسم منسوب,ثني,فاعلي,يأتي بعد الأول,MAPPED,,29
11251,1147,ثالث,اسم منسوب,ثلث,فاعلي,المركز الثالث,MAPPED,,29
11252,1147,رابع,اسم منسوب,ربع,فاعلي,المركز الرابع,MAPPED,,29
11253,1147,خامس,اسم منسوب,خمس,فاعلي,المركز الخامس,MAPPED,,29
14011,1147,ثالث عشر,اسم منسوب,ثلث عشر,فاعلي عشر,المركز الثالث عشر,MAPPED,,29
14014,1147,تاسع عشر,اسم منسوب,تسع عشر,فاعلي عشر,المركز التاسع عشر,MAPPED,,29
14614,1147,أخير,صفة مشبهة,خير,أفعل,يأتي أخيراً,MAPPED,,29
14636,1147,ثامن,اسم منسوب,ثمن,فاعلي,المركز الثامن,MAPPED,,29
14686,1147,عاشر,اسم منسوب,عشر,فاعلي,المركز العاشر,MAPPED,,29
14719,1147,تاسع,اسم منسوب,تسع,فاعلي,المركز التاسع,MAPPED,,29
14880,1147,سابع عشر,اسم منسوب,سبع عشر,فاعلي عشر,المركز السابع عشر,MAPPED,,29
14881,1147,سادس عشر,اسم منسوب,سدس عشر,فاعلي عشر,المركز السادس عشر,MAPPED,,29
15011,1147,نهائي,صفة مشبهة,نهي,فِعالي,يأتي أخيراً,MAPPED,,29
10677,1148,حسب,حرف,حسب,,بناءً على ما ذكره,MAPPED,,29
13335,1148,مصدر,اسم جامد,صدر,مَفْعَل,يقدم المعلومة,MAPPED,,29
14871,1148,وجهة نظر,تركيب,,,شخص يقدم الحكم,MAPPED,,29
18320,1148,على سلطان,تركيب,,,استناداً إلى قول,MAPPED,,29
10679,1149,رفع,فعل,رفع,فَعَل,إزالة تقييد قانوني,MAPPED,,29
10680,1149,أنهى,فعل,نهي,أَفْعَل,وضع حد لعملية,MAPPED,,29
12631,1149,رفع,مصدر,رفع,فَعَل,فعل الإزالة,MAPPED,,29
13281,1149,وقف,فعل,وقف,فَعَل,إيقاف عملية,MAPPED,,29
13338,1149,أنهى,فعل,نهي,أَفْعَل,تسبب في إنهاء,MAPPED,,29
17362,1149,أجهض,فعل,جهض,أَفْعَل,إيقاف نشاط,MAPPED,,29
17591,1149,ألغى,فعل,لغي,أَفْعَل,وضع نهاية,MAPPED,,29
10681,1151,وقّع,فعل,وقع,فَعَّل,كتب اسمه على وثيقة,MAPPED,,29
10682,1151,توقيع,مصدر,وقع,تَفْعِيل,اسم مكتوب بأسلوب مميز,MAPPED,,29
10683,1151,موقِّع,اسم فاعل,وقع,مُفَعِّل,طرف وقّع على اتفاق,MAPPED,,29
12579,1151,انضمّ,فعل,ضمم,اِنْفَعَل,أصبح طرفاً,MAPPED,,29
10684,1152,بحث,فعل,بحث,فَعَل,أجرى دراسة منهجية,MAPPED,,29
10685,1152,بحث,مصدر,بحث,فَعَل,التحقيق المنهجي والدراسة,MAPPED,,29
11277,1152,حقق,فعل,حقق,فَعَّل,أجرى بحثاً,MAPPED,,29
10687,1153,ضمّ,فعل,ضمم,فَعَّل,احتوى على شيء كجزء,MAPPED,,29
10690,1153,احتوى,فعل,حوي,اِفْتِعَل,احتوى على جزء من شيء,MAPPED,,29
13246,1153,ملك,فعل,ملك,فَعَل,اشتمل على,MAPPED,,29
13247,1153,مندمج,اسم مفعول,دمج,مُنْفَعِل,يشكل جزءاً,MAPPED,,29
13248,1153,استثنى,فعل,ثني,اِسْتَفْعَل,منع الوصول,MAPPED,,29
13249,1153,باستثناء,حرف,ثني,,عدم احتساب,MAPPED,,29
13250,1153,شامل,صفة مشبهة,شمل,فاعل,يحتوي على,MAPPED,,29
13340,1153,بما فيها,حرف,,,احتوى على بما فيه,MAPPED,,29
13913,1153,دمج,فعل,دمج,فَعَل,ضمّ واشتمل,MAPPED,,29
10691,1154,مزعوم,اسم مفعول,زعم,مَفْعُول,مدّعى حدوثه,MAPPED,,29
10692,1154,مزعوماً,ظرف,زعم,مَفْعُولاً,على ما يُزعم,MAPPED,,29
10693,1154,يُقال,صفة مشبهة,قيل,يُفْعَل,وفقاً لمصادر غير محددة,MAPPED,,29
10750,1154,مزعوم,اسم مفعول,زعم,مَفْعُول,ما ادّعي أنه وقع,MAPPED,,29
11442,1154,يبدو,فعل,بدو,يَفْعَل,يبدو بظاهره,MAPPED,,29
11443,1154,ظاهري,صفة مشبهة,ظهر,فاعلي,يبدو صحيحاً,MAPPED,,29
11444,1154,يُقال,ظرف,قيل,يُفْعَل,وفقاً لتقرير,MAPPED,,29
12295,1154,ذاع,فعل,ذيع,فاعَل,ينتشر كخبر,MAPPED,,29
12296,1154,إشاعة,اسم جامد,شيع,فِعالة,خبر متداول,MAPPED,,29
13477,1154,يُفترض,ظرف,فرض,يُفْتَعَل,وفقاً لما يُعتقد,MAPPED,,29
13789,1154,مثَلي,صفة مشبهة,ثلي,فَعَالي,معروف جداً,MAPPED,,29
10695,1155,بقي,فعل,بقي,فَعِل,ظلّ في حالة محددة,MAPPED,,29
10913,1155,مكث,فعل,مكث,فَعِل,ظلّ في نفس المكان,MAPPED,,29
13514,1155,استقرّ,فعل,قرر,اِسْتَفْعَل,ظلّ في موضع,MAPPED,,29
10698,1156,جدّد,فعل,جدد,فَعَّل,استأنف بعد انقطاع,MAPPED,,29
10699,1156,استأنف,فعل,نأف,اِسْتَفْعَل,بدأ مجدداً,MAPPED,,29
11458,1156,أعاد البدء,تركيب,,,بدأ مجدداً,MAPPED,,29
10705,1157,ضروري,صفة مشبهة,ضرر,فَعِيل,مطلوب أو يجب أن يكون,MAPPED,,29
10706,1157,متطلب,اسم فاعل,طلب,مُتَفَعِّل,كيان مطلوب كشرط,MAPPED,,29
10708,1157,ضرورة,مصدر,ضرر,فَعالة,حالة كون الشيء ضرورياً,MAPPED,,29
10709,1157,مطلوب,اسم مفعول,طلب,مَفْعُول,لا غنى عنه,MAPPED,,29
10710,1157,لا غنى عنه,صفة مشبهة,غني,فَعِيل,لا يمكن الاستغناء,MAPPED,,29
10712,1157,مطلوب,اسم مفعول,طلب,مَفْعُول,ضروري ومطلوب,MAPPED,,29
12205,1157,أساسي,صفة مشبهة,أسس,أفعالي,ضروري جداً,MAPPED,,29
15027,1157,أساسي,صفة مشبهة,أسس,أفعالي,الأبسط والضروري,MAPPED,,29
10723,1158,مشروع,اسم جامد,شرع,مَفْعُول,مشروع مخطط له,MAPPED,,29
10724,1158,برنامج,اسم جامد,برنج,فِعال,مجموعة تدابير بهدف طويل,MAPPED,,29
13294,1158,خطة,اسم جامد,خطط,فِعالة,اقتراح تفصيلي,MAPPED,,29
13295,1158,نظام,اسم جامد,نظم,فِعال,خطة منظمة,MAPPED,,29
10719,1159,خام,صفة مشبهة,خيم,فاعل,لم تتم معالجته,MAPPED,,29
10720,1159,خام,صفة مشبهة,خيم,فاعل,في حالته الطبيعية,MAPPED,,29
10721,1159,غني,صفة مشبهة,غني,فَعِيل,خضع لمعالجة التغذية,MAPPED,,29
11438,1159,معالج,اسم مفعول,علج,مُفَعَّل,خضع لمعالجة,MAPPED,,29
10751,1163,سام,صفة مشبهة,سمم,فاعل,مسموم أو ضار,MAPPED,,29
10752,1163,سم,اسم جامد,سمم,فِعّ,مادة سامة,MAPPED,,29
10753,1163,سم,اسم جامد,سمم,فِعّ,مادة تسبب الموت أو الأذى,MAPPED,,29
10754,1163,سام,صفة مشبهة,سمم,فاعل,ذو طبيعة من السموم,MAPPED,,29
10755,1163,سم,اسم جامد,سمم,فِعّ,سائل ضار تفرزه حيوانات,MAPPED,,29
10756,1163,سام,صفة مشبهة,سمم,فاعل,قادر على إفراز السم,MAPPED,,29
10770,1164,إجباري,صفة مشبهة,جبر,إفعالي,مطلوب بموجب القانون,MAPPED,,29
10771,1164,إلزامي,صفة مشبهة,لزم,إفعالي,مفروض بالقانون,MAPPED,,29
10772,1164,واجب,صفة مشبهة,وجب,فاعل,ملزم بالقوة,MAPPED,,29
10773,1164,واجب,صفة مشبهة,وجب,فاعل,ضروري للقيام به,MAPPED,,29
10774,1164,يجب على,فعل,جيب,يَفْعَل,يلزم على شخص,MAPPED,,29
15551,1164,ملزم,صفة مشبهة,لزم,مُفَعِّل,ينطوي على التزام,MAPPED,,29
17510,1164,طواعي,صفة مشبهة,طوع,فِعالي,غير إجباري,MAPPED,,29
10784,1170,تبادل,فعل,بدل,تَفاعَل,أعطى واستقبل,MAPPED,,29
10785,1170,تاجر,فعل,تجر,فاعَل,بادل بتبديل,MAPPED,,29
10786,1170,تبادل,فعل,بدل,تَفاعَل,أعطى في المقابل,MAPPED,,29
10787,1170,تبادل,مصدر,بدل,تَفاعُل,فعل المبادلة,MAPPED,,29
10788,1170,تبادل,مصدر,بدل,تَفاعُل,فعل تبديل,MAPPED,,29
10789,1170,تجارة,مصدر,تجر,تِفالة,نقل تبادل,MAPPED,,29
13314,1170,بدّل,فعل,بدل,فَعَّل,بادل أو تبادل,MAPPED,,29
13862,1170,بدّل,فعل,بدل,فَعَّل,تبادل أو استبدل,MAPPED,,29
10790,1171,استبدل,فعل,بدل,اِسْتَفْعَل,أخذ مكان آخر,MAPPED,,29
10791,1171,حلّ,فعل,حلل,فَعَّل,قام مقام آخر,MAPPED,,29
10792,1171,خلف,فعل,خلف,فَعَل,أخذ مكان الآخر,MAPPED,,29
10793,1171,استبدال,مصدر,بدل,اِسْتِفْعال,فعل أخذ الموضع,MAPPED,,29
10817,1171,قام مقام,تركيب,,,خدم كبديل,MAPPED,,29
16000,1171,خلف,فعل,خلف,فَعَل,أخذ المنصب,MAPPED,,29
16059,1171,خلافة,مصدر,خلف,فِعالة,فعل استبدال,MAPPED,,29
10802,1172,تغيّر,فعل,غير,تَفَعَّل,صار مختلفاً,MAPPED,,29
10803,1172,انقلب,فعل,قلب,اِنْفَعَل,تحول في الطبيعة,MAPPED,,29
10804,1172,تغيير,مصدر,غير,تَفْعِيل,عملية التحول,MAPPED,,29
12887,1172,انحرف,فعل,حرف,اِنْفَعَل,تغيير سريع,MAPPED,,29
12888,1172,تأرجح,فعل,رجح,تَفَعَّل,تبدل مفاجئ,MAPPED,,29
12960,1172,انهار,فعل,هور,اِنْفَعَل,تغيير للأسوأ,MAPPED,,29
13811,1172,متغيّر,صفة مشبهة,غير,مُتَفَعِّل,عرضة للتقلب,MAPPED,,29
13821,1172,تحول,مصدر,حول,تَفْعِيل,تغيير نسبي,MAPPED,,29
13822,1172,تحوّل,فعل,حول,تَفَعَّل,خضع لتغيير,MAPPED,,29
14022,1172,انتقال,مصدر,نقل,اِنْتِفال,عملية التحول,MAPPED,,29
18229,1172,آل,فعل,أول,فاعَل,تحول من حالة,MAPPED,,29
10824,1173,استبدل,فعل,بدل,اِسْتَفْعَل,توقف استعمال الأداة,MAPPED,,29
10825,1173,نقل,فعل,نقل,فَعَل,تغيير لموضع آخر,MAPPED,,29
10826,1173,انتقل,فعل,نقل,اِنْفَعَل,تغيير الانتماء,MAPPED,,29
13434,1173,استبدل,فعل,بدل,اِسْتَفْعَل,بدّل أداة,MAPPED,,29
13435,1173,بادل,فعل,بدل,فاعَل,استبدل أداة,MAPPED,,29
10799,1177,إلى,حرف,,,بخصوص موقع الهدف,MAPPED,,29
14413,1177,إلى,حرف,,,موقع كهدف,MAPPED,,29
10801,1178,في,حرف,,,موجود ضمن الحدود,MAPPED,,29
17222,1178,داخل,حرف,,,ضمن الحدود,MAPPED,,29
17223,1178,بين,حرف,,,محاط بمجموعة,MAPPED,,29
17225,1178,ضمن,حرف,,,في فضاء محدد,MAPPED,,29
17226,1178,بين,حرف,,,موجود على خط,MAPPED,,29
17720,1178,وسط,حرف,,,محاط بكيان,MAPPED,,29
17741,1178,بين,حرف,,,موجود على خط,MAPPED,,29
17742,1178,بين,حرف,,,موجود مع مجموعة,MAPPED,,29
17930,1178,خارج,حرف,,,ليس بداخل,MAPPED,,29
18470,1178,خارج القاعدة,ظرف,,,خارج قاعدة عسكرية,MAPPED,,29
10814,1184,صرّف,فعل,صرف,فَعَّل,استبدل العملة,MAPPED,,29
10815,1184,حوّل,فعل,حول,فَعَّل,استبدل للعملة أخرى,MAPPED,,29
10816,1184,حوّل,فعل,حول,فَعَّل,استبدل النقود,MAPPED,,29
10848,1200,معطل,اسم مفعول,عطل,مُفَعَّل,غير وظيفي,MAPPED,,29
10849,1200,معطل,اسم مفعول,عطل,مُفَعَّل,لا يعمل,MAPPED,,29
10850,1200,معطل,اسم مفعول,عطل,مُفَعَّل,خارج الخدمة,MAPPED,,29
14071,1200,عمل,فعل,عمل,فَعَل,وظيفة نظام,MAPPED,,29
14072,1200,تشغيلي,صفة مشبهة,شغل,فِعالي,جاهز للعمل,MAPPED,,29
15552,1200,عامل,صفة مشبهة,عمل,فاعل,يعمل بشكل مرضٍ,MAPPED,,29
15930,1200,عامل,صفة مشبهة,عمل,فاعل,وظيفي وعامل,MAPPED,,29
16579,1200,معطل,اسم مفعول,عطل,مُفَعَّل,غير وظيفي,MAPPED,,29
16877,1200,بحالة جيدة,تركيب,,,في حالة عمل,MAPPED,,29
16988,1200,وظيفة,اسم جامد,وظف,فَعالة,القدرة على أداء,MAPPED,,29
10963,1210,خلع,فعل,خلع,فَعَل,أزال قطعة ملابس,MAPPED,,29
10964,1210,خلع,فعل,خلع,فَعَل,أزال الملابس,MAPPED,,29
10965,1210,انسل,فعل,سلل,اِنْفَعَل,أزال بأناقة,MAPPED,,29
10985,1210,خلع,فعل,خلع,فَعَل,أزال الحذاء,MAPPED,,29
10988,1210,انسلخ,فعل,سلخ,اِنْفَعَل,أزال ملابس ملصقة,MAPPED,,29
10989,1210,سحب,فعل,سحب,فَعَل,أزال بقوة,MAPPED,,29
10990,1210,خلع,فعل,خلع,فَعَل,أزال من على الجسم,MAPPED,,29
10991,1210,انسلخ,فعل,سلخ,اِنْفَعَل,خلع الملابس,MAPPED,,29
10994,1210,خلع,فعل,خلع,فَعَل,أزال بشكل كامل,MAPPED,,29
10996,1210,خلع,فعل,خلع,فَعَل,أزال بسرعة,MAPPED,,29
10970,1211,ارتدى,فعل,ردي,اِفْتِعَل,ألبس قطعة ملابس,MAPPED,,29
10971,1211,ارتدى,فعل,ردي,اِفْتِعَل,ألبس ملابس,MAPPED,,29
10972,1211,انسلّ,فعل,سلل,اِنْفَعَل,ارتدى بأناقة,MAPPED,,29
10973,1211,سحب,فعل,سحب,فَعَل,ارتدى الملابس,MAPPED,,29
10981,1211,ارتدى,فعل,ردي,اِفْتِعَل,ألبس نفسه,MAPPED,,29
10982,1211,تزيّن,فعل,زين,تَفَعَّل,ارتدى ملابس رسمية,MAPPED,,29
10983,1211,ارتدى,فعل,ردي,اِفْتِعَل,بدأ بارتداء,MAPPED,,29
10995,1211,ارتدى,فعل,ردي,اِفْتِعَل,ارتدى بسرعة,MAPPED,,29
11022,1220,تذكّر,فعل,ذكر,تَفَعَّل,استحضر واقعة,MAPPED,,29
11024,1220,نسي,فعل,نسي,فَعِل,عجز عن التذكر,MAPPED,,29
11072,1220,نسي,فعل,نسي,فَعِل,فشل في التذكر,MAPPED,,29
11023,1221,تذكّر,فعل,ذكر,تَفَعَّل,احتفظ بعمل,MAPPED,,29
11025,1221,نسي,فعل,نسي,فَعِل,أهمل فعل أمر,MAPPED,,29
11021,1222,ذَكَرَ,فعل,ذكر,فَعَلَ,استحضار المتكلم ذاكرةً للخبرة الماضية.,MAPPED,,30
11070,1222,نَسِيَ,فعل,نسي,فَعِلَ,فشل المتكلم في استذكار تجربة ماضية.,MAPPED,,30
11071,1222,ذِكْرَى,اسم جامد,ذكر,فِعْلَى,استحضار عقلي لحدث أو كيان من الماضي.,MAPPED,,30
12440,1222,تَذَكَّرَ,فعل,ذكر,تَفَعَّلَ,استدعاء المتكلم ذاكرةً للخبرة السابقة بجهد.,MAPPED,,30
12441,1222,التفتَ,فعل,لفت,اِفْتَعَلَ,توجيه المتكلم انتباهه إلى تجربة ماضية.,MAPPED,,30
12476,1222,تَذَكَّرَ,فعل,ذكر,تَفَعَّلَ,انشغال المتكلم بتذكر الخبرات الماضية بلذة.,MAPPED,,30
11041,1230,أَقَرَّ,فعل,قرر,أَفْعَلَ,تأكيد المفتش صحة المضمون بفحص الأدلة.,MAPPED,,30
11042,1230,تَحَقَّقَ,فعل,حقق,تَفَعَّلَ,بلوغ المفتش يقينًا بصحة المضمون.,MAPPED,,30
11043,1230,تَأْكِيد,مصدر,أكد,تَفْعِيل,تصريح المفتش بصحة أو دقة المضمون.,MAPPED,,30
11044,1230,تَحَقُّق,مصدر,حقق,تَفَعُّل,عملية التحقق من صحة أو دقة المضمون.,MAPPED,,30
11421,1230,عَرَّفَ,فعل,عرف,فَعَّلَ,تحديد المفتش هوية الكيان المشكوك فيه.,MAPPED,,30
12562,1230,قَابِل للتَّحَقُّق,صفة مشبهة,حقق,,المضمون الذي يمكن التحقق من صحته.,MAPPED,,30
13395,1230,أَثْبَتَ,فعل,ثبت,أَفْعَلَ,تقديم المفتش دليلًا لدعم صحة المضمون.,MAPPED,,30
13941,1230,تَأَكَّدَ,فعل,أكد,تَفَعَّلَ,ضمان المفتش أو تأكيد صحة المضمون.,MAPPED,,30
14651,1230,صَادَقَ,فعل,صدق,فَاعَلَ,تصريح المفتش رسميًا بصحة أو دقة المضمون.,MAPPED,,30
16747,1230,غَيْر مُؤَكَّد,تركيب,,,المضمون الذي لم يتحقق من صحته بعد.,MAPPED,,30
18680,1230,مَجْهُول الهُوِيَّة,تركيب,,,الكيان الذي لم تُحدَّد هويته أو لم تُتَحَقَّق منها.,MAPPED,,30
11046,1231,تَنَازَلَ,فعل,نزل,تَفَاعَلَ,إعلان المتكلم رسميًا تخليه عن حق أو ملكية.,MAPPED,,30
11047,1231,تَخَلٍّ,مصدر,خلي,تَفَعُّل,إعلان المتكلم عدم رغبته بالاستمرار في علاقة بالمضمون.,MAPPED,,30
11194,1250,صَنَّفَ,فعل,صنف,فَعَّلَ,إسناد المتكلم وسم للكيان ضمن فئة معينة.,MAPPED,,30
11195,1250,سَمَّى,فعل,سمي,فَعَّلَ,استعمال المتكلم وسماً معينًا للإشارة إلى الكيان.,MAPPED,,30
11196,1250,وَسَمَ,فعل,وسم,فَعَلَ,إطلاق المتكلم وسم محدد على الكيان.,MAPPED,,30
11229,1250,وَسَمَ,فعل,وسم,فَعَلَ,إسناد المتكلم صفة عار للكيان.,MAPPED,,30
11207,1252,سِمِيّ,اسم جامد,سمي,فِعِيل,كيان يشترك مع آخر في الاسم ذاته.,MAPPED,,30
11208,1252,مُسَمًّى باسم,تركيب,,,كيان مُشتق اسمه من شيء آخر.,MAPPED,,30
11209,1253,خَاطَبَ,فعل,خطب,فَاعَلَ,بدء المتكلم حوارًا بالإشارة إلى المُخاطَب باسمه.,MAPPED,,30
11210,1253,نَادَى,فعل,ندي,فَاعَلَ,مناداة المتكلم للكيان باسم أو لقب محدد.,MAPPED,,30
11220,1253,أَشَارَ,فعل,شير,أَفْعَلَ,دلالة المتكلم على الكيان باسم أو لقب.,MAPPED,,30
12655,1253,اسْم,اسم جامد,سمي,فِعْل,الكلمة أو العبارة التي يُعرَّف بها الكيان أو يُدعَى.,MAPPED,,30
12656,1253,تَسْمِيَة,مصدر,سمي,تَفْعِيلَة,اسم أو مصطلح يستعمله المتكلم للدلالة على الكيان.,MAPPED,,30
11230,1260,مُصْطَلَح,اسم جامد,طلح,مُفْعَل,كلمة أو عبارة تُستعمل للدلالة على نوع من الكيان.,MAPPED,,30
11231,1260,كَلِمَة,اسم جامد,كلم,فَعِلَة,وحدة لغوية مستقلة تدخل في تكوين الجمل.,MAPPED,,30
11232,1261,سَمَّى,فعل,سمي,فَعَّلَ,استعمال المتكلم عُرفيًا كلمة معينة للإشارة إلى الكيان.,MAPPED,,30
11233,1261,أَسْمَى,فعل,سمي,أَفْعَلَ,دعوة المتكلم الكيان بمصطلح محدد عرفيًا.,MAPPED,,30
11265,1262,فَتَّشَ,فعل,فتش,فَعَّلَ,توجيه المفتش انتباهه الإدراكي للأرضية.,MAPPED,,30
11266,1262,صَحَّحَ,فعل,صحح,فَعَّلَ,قراءة المفتش وتصحيح الأخطاء في النصوص.,MAPPED,,30
11267,1262,فَتَّشَ,فعل,فتش,فَعَّلَ,تفتيش الموظف للأشخاص بحثًا عن أشياء محظورة.,MAPPED,,30
11268,1262,فِحْص,مصدر,فحص,فِعْل,عملية تفحص شيء بعناية لتحديد حالته.,MAPPED,,30
11269,1262,فَحَصَ,فعل,فحص,فَعَلَ,تقصي المفتش الأرضية للتأكد من سلامتها.,MAPPED,,30
11270,1262,تَثَبَّتَ,فعل,ثبت,تَفَعَّلَ,إعادة فحص المفتش للأرضية للتحقق.,MAPPED,,30
11271,1262,فَحَصَ,فعل,فحص,فَعَلَ,تدقيق المفتش في معاينة الشيء وتحري حالته.,MAPPED,,30
11272,1262,فَتَّشَ,فعل,فتش,فَعَّلَ,الضرب الخفيف على الجسد بحثًا عن أشياء مخفية.,MAPPED,,30
11273,1262,فِحْص,مصدر,فحص,فِعْل,معاينة دقيقة أو تحقيق شامل لشيء.,MAPPED,,30
11278,1263,مَشَّطَ,فعل,شط,فَعَّلَ,بحث المفتش الشامل عن الكيان المطلوب في الأرضية.,MAPPED,,30
11279,1263,مَشَّطَ,فعل,شط,فَعَّلَ,بحث منهجي وشامل عن أمر معين.,MAPPED,,30
11280,1263,نَهَبَ,فعل,نهب,فَعَلَ,بحث شامل ومتوحش عن الكيان المطلوب.,MAPPED,,30
11281,1263,غَرْبَلَ,فعل,غربل,فَعْلَلَ,معاينة دقيقة لعزل المهم عن غير المهم.,MAPPED,,30
11282,1263,تَفَقَّدَ,فعل,فقد,تَفَعَّلَ,بحث المفتش الشامل عن الكيان المطلوب.,MAPPED,,30
11283,1263,تَفَتِيش,مصدر,فتش,تَفْعِيل,عملية البحث الشاملة عن شيء معين.,MAPPED,,30
11284,1263,فَتَّشَ,فعل,فتش,فَعَّلَ,بحث غير منظم لكن شامل عن شيء.,MAPPED,,30
15668,1263,نَقَّبَ,فعل,نقب,فَعَّلَ,بحث قوي وشامل ومكثف عن الكيان.,MAPPED,,30
11335,1271,حَادّ,صفة مشبهة,حد,فَاعِل,الكيان الذي له حافة أو نقطة قاطعة.,MAPPED,,30
11336,1271,كَاهِل,صفة مشبهة,كهل,فَاعِل,الكيان الذي يفتقد الحدة والقطع.,MAPPED,,30
11344,1271,أَعْمَى,صفة مشبهة,عمي,أَفْعَل,الكيان الذي يفتقد حافة حادة أو نقطة.,MAPPED,,30
11361,1291,حَدَّ,فعل,حد,فَعَّلَ,جعل العامل الكيان أكثر حدة.,MAPPED,,30
11362,1291,كَهَلَ,فعل,كهل,فَعَلَ,جعل العامل الكيان أقل حدة.,MAPPED,,30
12845,1291,أَعْمَى,فعل,عمي,أَفْعَلَ,جعل العامل الكيان أقل حدة.,MAPPED,,30
11462,1301,اختَبَرَ,فعل,جبر,اِفْتَعَلَ,خضوع المنتج لعملية التقويم.,MAPPED,,30
11463,1301,اختِبَار,مصدر,جبر,اِفْتِعَال,إجراء لتقويم جودة أو أداء الشيء.,MAPPED,,30
11464,1301,اختَبَرَ جَوّاً,تركيب,,,اختبار المنتج أثناء الطيران.,MAPPED,,30
11465,1301,اختَبَرَ بِالتَّصادُم,تركيب,,,تعريض السيارة للاصطدام المتحكم به.,MAPPED,,30
11466,1301,اختِبَار,مصدر,جبر,اِفْتِعَال,عملية التقويم الحرجة لشيء ما.,MAPPED,,30
11467,1301,اختِبَار جَوّي,تركيب,,,عملية اختبار أداء الطائرة أثناء الطيران.,MAPPED,,30
12255,1301,اختِبَار جَوّي,تركيب,,,رحلة اختبار الطائرة في الهواء.,MAPPED,,30
13084,1301,اختَبَرَ جَوّاً,تركيب,,,اختبار الطائرة وهي في الهواء.,MAPPED,,30
18806,1301,تَجْرِبَة,مصدر,جرب,تَفْعِيلَة,الاختبار الذي يحدد فعالية شيء.,MAPPED,,30
18808,1301,جَرَّبَ,فعل,جرب,فَعَّلَ,تحديد المختبر كفاءة عمل الشيء.,MAPPED,,30
11468,1302,اسْتَجَابَ,فعل,جيب,اِسْتَفْعَلَ,تفاعل الكيان المستجيب لحدث المحفز.,MAPPED,,30
11469,1302,اسْتِجَابَة,مصدر,جيب,اِسْتِفْعَالَة,الفعل الناتج عن تفاعل الكيان للمحفز.,MAPPED,,30
11470,1302,رَدَّ,فعل,ردد,فَعَّلَ,فعل الكيان كرد على المحفز.,MAPPED,,30
11471,1302,رَدّ فِعْل,تركيب,,,حالة فعل الكيان نتيجة المحفز.,MAPPED,,30
15654,1302,وَفَّى,فعل,وفي,فَعَّلَ,فعل الكيان المستجيب بشأن المحفز.,MAPPED,,30
17819,1302,تَصَرَّفَ,فعل,صرف,تَفَعَّلَ,تنبه الكيان وتفاعله مع المحفز.,MAPPED,,30
11486,1303,تَهَرَّبَ,فعل,هرب,تَفَعَّلَ,تفادي المتملص للكيان السيء بحركة سريعة.,MAPPED,,30
11487,1303,مُراوَغَة,مصدر,راغ,مُفَاعَلَة,عملية تفادي المتملص الكيان السيء.,MAPPED,,30
11491,1303,مِرافَق,مصدر,رفق,مِفَاعَل,تحرك المتملص جانبًا لتفادي الكيان.,MAPPED,,30
11492,1303,اِنْحَرَفَ,فعل,حرف,اِفْتَعَلَ,تنحي المتملص جانبًا لتفادي الكيان.,MAPPED,,30
11473,1304,اِمْتَنَعَ,فعل,منع,اِفْتَعَلَ,تقرير المتنازل الامتناع عن الأمر المرغوب.,MAPPED,,30
11474,1304,تَخَطَّى,فعل,خطي,تَفَعَّلَ,عدم مشاركة المتنازل في أمر معين.,MAPPED,,30
11475,1304,اِمْتَنَعَ,فعل,منع,اِفْتَعَلَ,كبح المتنازل نفسه عن فعل شيء.,MAPPED,,30
11476,1304,اِمْتِنَاع,مصدر,منع,اِفْتِعَال,تعفف المتنازل عن الفعل.,MAPPED,,30
11477,1304,اِمْتِنَاع,مصدر,منع,اِفْتِعَال,الامتناع خاصة عن شرب الكحول.,MAPPED,,30
11478,1304,كَفَّ,فعل,كف,فَعَّلَ,عدم إقدام المتنازل على الفعل.,MAPPED,,30
11479,1304,كَفَّ,فعل,كف,فَعَّلَ,توقف المتنازل عن الفعل.,MAPPED,,30
11480,1304,صَبْر,مصدر,صبر,فَعْل,ضبط المتنازل النفس بهدوء.,MAPPED,,30
11481,1304,صَابِر,اسم فاعل,صبر,فَاعِل,المتنازل الهادئ والمضبوط النفس.,MAPPED,,30
18324,1304,اِسْتَغْنَى,فعل,غني,اِسْتَفْعَلَ,امتناع المتنازل عن المشاركة.,MAPPED,,30
18325,1304,اِسْتَغْنَى,فعل,غني,اِسْتَفْعَلَ,عدم مشاركة المتنازل في أمر.,MAPPED,,30
11488,1305,أَفْلَتَ,فعل,فلت,أَفْعَلَ,فشل المُستشعِر في بلوغ الغاية المرغوبة.,MAPPED,,30
11489,1305,نَجَا,فعل,نجي,فَعَلَ,عدم تمكن المُستشعِر من بلوغ الغاية.,MAPPED,,30
11490,1305,أَفْلَتَ,فعل,فلت,أَفْعَلَ,عدم بلوغ المُستشعِر الغاية رغم محاولات.,MAPPED,,30
11496,1306,عَارَضَ,فعل,عرض,فَاعَلَ,عدم موافقة المُدرِك واستنكاره للمسألة.,MAPPED,,30
11498,1306,لِصَالِح,حرف,,,تأييد المُدرِك وإيجابيته تجاه المسألة.,MAPPED,,30
11499,1306,ضِدّ,حرف,,,معارضة المُدرِك وسلبيته تجاه المسألة.,MAPPED,,30
11500,1306,لِصَالِح,ظرف,,,تأييد المُدرِك لوجهة النظر الإيجابية.,MAPPED,,30
11501,1306,أَيَّدَ,فعل,أيد,أَفْعَلَ,موافقة المُدرِك على المسألة.,MAPPED,,30
11502,1306,انْحَازَ,فعل,نحي,اِنْفَعَلَ,اختيار المُدرِك إحدى طرفي النزاع.,MAPPED,,30
11503,1306,فِئَة,اسم جامد,فيي,فِعْلَة,المجموعة المعارضة أو المؤيدة.,MAPPED,,30
11504,1306,مُعَارَضَة,مصدر,عرض,مُفَاعَلَة,الاستنكار أو عدم الموافقة.,MAPPED,,30
11505,1306,لِصَالِح,حرف,,,تأييد المُدرِك لصالح المسألة.,MAPPED,,30
11506,1306,دَاعِم,اسم فاعل,دعم,فَاعِل,المُدرِك الذي يتخذ موقفًا مؤيدًا.,MAPPED,,30
13140,1306,مُعَارِض,اسم فاعل,عرض,مُفَاعِل,الطرف الذي يتخذ موقفًا معارضًا.,MAPPED,,30
13141,1306,دَاعِم,اسم فاعل,دعم,فَاعِل,الطرف الذي يتخذ موقفًا مؤيدًا.,MAPPED,,30
13389,1306,مُعَارَضَة,مصدر,عرض,مُفَاعَلَة,المجموعة المعارضة في النزاع.,MAPPED,,30
13711,1306,أَقَرَّ,فعل,قرر,أَفْعَلَ,إعلان المُدرِك علنًا تأييده للمسألة.,MAPPED,,30
13989,1306,دَعَمَ,فعل,دعم,فَعَلَ,إعطاء المُدرِك دعماً معنويًا أو ماديًا.,MAPPED,,30
14562,1306,دَعْم,مصدر,دعم,فَعْل,المساعدة والتأييد للمسألة.,MAPPED,,30
15794,1306,آمَنَ,فعل,أمن,فَعَلَ,وجود رأي إيجابي للمُدرِك بالمسألة.,MAPPED,,30
17329,1306,جَانِب,اسم جامد,جنب,فَاعِل,وجهة نظر محددة في النزاع.,MAPPED,,30
11517,1310,عَبَرَ,فعل,عبر,فَعَلَ,غيير الموضوع موضعه عبر منطقة معينة.,MAPPED,,30
11522,1310,التفَّ,فعل,لفف,اِفْتَعَلَ,تحرك الموضوع حول حافة الموضع.,MAPPED,,30
11526,1310,صَعِدَ,فعل,صعد,فَعِلَ,رقي الموضوع من موضع أدنى لأعلى.,MAPPED,,30
11533,1310,نُزُول,مصدر,نزل,فُعُول,عملية حركة الموضوع نزولًا.,MAPPED,,30
11534,1310,نَزَلَ,فعل,نزل,فَعَلَ,تحرك الموضوع نزولاً من موضع أعلى.,MAPPED,,30
11535,1310,عَبَرَ,فعل,عبر,فَعَلَ,انتقال الموضوع إلى الجانب الآخر.,MAPPED,,30
11536,1310,تَقَاطَعَ,فعل,قطع,تَفَاعَلَ,حركة الموضوع ذهابًا وإيابًا بشكل متقاطع.,MAPPED,,30
11540,1310,صُعُود,مصدر,صعد,فُعُول,عملية ارتقاء الموضوع صعودًا.,MAPPED,,30
11541,1310,صَعِدَ,فعل,صعد,فَعِلَ,حركة الموضوع صعودًا لأعلى.,MAPPED,,30
12873,1310,قَفَزَ,فعل,قفز,فَعَلَ,عبور الموضوع بالقفز على عقبة.,MAPPED,,30
12878,1310,مَرَّ,فعل,مرر,فَعَّلَ,تجاوز الموضوع موضعاً معيناً.,MAPPED,,30
12893,1310,دَارَ,فعل,دور,فَاعَلَ,دوران الموضوع حول موضع معين.,MAPPED,,30
12982,1310,وَثَبَ,فعل,وثب,فَعَلَ,قفز الموضوع فوق شيء ما.,MAPPED,,30
12983,1310,قَفَزَ,فعل,قفز,فَعَلَ,قفز الموضوع عبر مسافة معينة.,MAPPED,,30
11601,1321,غَاز,اسم جامد,غيز,فَاعِل,مادة سائلة الهواء تملأ أي حيز.,MAPPED,,30
11602,1321,رَمْل,اسم جامد,رمل,فَعْل,مادة حبيبية ناتجة عن تحلل الصخور.,MAPPED,,30
11603,1321,زَيْت,اسم جامد,زيت,فَعْل,سائل لزج مشتق من البترول للوقود.,MAPPED,,30
11604,1321,سَائِل,اسم فاعل,سيل,فَاعِل,مادة تسيل لكن بحجم ثابت.,MAPPED,,30
11605,1321,مِيثَان,اسم جامد,,,غاز مشتعل خالي من اللون والرائحة.,MAPPED,,30
11606,1321,كِيمْيَائِي,اسم جامد,,,مادة كيميائية مركبة صنعية أو طبيعية.,MAPPED,,30
11607,1321,حَدِيد,اسم جامد,حديد,فَعِيل,معدن قوي مغناطيسي يُستعمل صناعيًا.,MAPPED,,30
11726,1321,مَادَّة,اسم جامد,مادة,فَاعِلَة,الجوهر المادي أو المادة الأساسية.,MAPPED,,30
12169,1321,يُورَانِيُوم,اسم جامد,,,عنصر كيميائي معدني مشع.,MAPPED,,30
12251,1321,أَلُومِنْيُوم,اسم جامد,,,معدن خفيف فضي مقاوم للتآكل.,MAPPED,,30
12253,1321,بْلُوتُونْيُوم,اسم جامد,,,عنصر معدني مشع كثيف.,MAPPED,,30
12384,1321,أَتْرُوپِين,اسم جامد,,,مركب سام يُستعمل طبياً.,MAPPED,,30
12404,1321,يُورَانِيُوم مُثَقَّل,تركيب,,,مادة مشتقة من تكرير اليورانيوم.,MAPPED,,30
12705,1321,صَلْب,اسم جامد,صلب,فَعْل,مادة ذات شكل وحجم ثابتين.,MAPPED,,30
12719,1321,خَام,اسم جامد,خيم,فَاعِل,صخر طبيعي يحتوي على معادن مفيدة.,MAPPED,,30
12870,1321,بِترُول,اسم جامد,,,زيت معدني يُستخرج من الأرض.,MAPPED,,30
15541,1321,مَاء,اسم جامد,ميي,فَاعِل,سائل عديم اللون وضروري للحياة.,MAPPED,,30
15912,1321,عَصِير,اسم جامد,عصر,فَعِيل,سائل يُستخلص من نبات أو فاكهة.,MAPPED,,30
15949,1321,مَعْدِن,اسم جامد,معدن,فَعْلِن,مادة لامعة وموصلة للكهرباء.,MAPPED,,30
15964,1321,زُجَاج,اسم جامد,زجج,فُعَال,مادة شفافة وهشة مصنوعة من السيليكا.,MAPPED,,30
16417,1321,وَرَق,اسم جامد,ورق,فَعَل,مادة رقيقة من لب الخشب.,MAPPED,,30
16726,1321,طِين,اسم جامد,طين,فِعْل,خليط لزج من التراب والماء.,MAPPED,,30
16804,1321,إسْمِنْت,اسم جامد,,,مادة تصلد من الحجر الجيري المحروق.,MAPPED,,30
16920,1321,كَالْسْيُوم,اسم جامد,,,عنصر كيميائي معدني.,MAPPED,,30
17635,1321,أُوكْسِجِين,اسم جامد,,,غاز عديم اللون ضروري للتنفس.,MAPPED,,30
18606,1321,سَمَاد,اسم جامد,سمد,فَعَال,مادة تُضاف للتربة لتخصيبها.,MAPPED,,30
11608,1322,عَامِل,اسم فاعل,عمل,فَاعِل,مادة كيميائية قادرة على إحداث أثر.,MAPPED,,30
11609,1322,فَعَّال,صفة مشبهة,فعل,فَعَّال,مادة ذات تأثير كيميائي أو حيوي.,MAPPED,,30
12383,1322,حَيَوِي الفِعْل,تركيب,,,مادة ذات تأثير حيوي.,MAPPED,,30
12629,1322,عَامِل مُسَبِّب,تركيب,,,مادة قادرة على إحداث أثر محدد.,MAPPED,,30
13113,1322,مُهَيِّج,اسم فاعل,هيج,مُفَعِّل,مادة تهيج جزءاً من الجسم.,MAPPED,,30
13114,1322,مُرَتِّل,اسم فاعل,رتل,مُفَعِّل,مادة تشل الشخص مؤقتاً بلا جرح.,MAPPED,,30
11620,1330,دَفَعَ,فعل,دفع,فَعَلَ,صد المدافع هجوم المعتدي.,MAPPED,,30
11621,1330,دِفَاع,مصدر,دفع,فِعَال,عملية الصد والحماية من الهجوم.,MAPPED,,30
11622,1330,دِفَاعِي,اسم منسوب,دفع,فِعَالِي,مستخدم أو مخصص للدفاع.,MAPPED,,30
13436,1330,حَافَظَ,فعل,حفظ,فَاعَلَ,الدفاع عن منطقة محصنة.,MAPPED,,30
13512,1330,مُدَافِع,اسم فاعل,دفع,مُفَاعِل,شخص يدافع عن شيء.,MAPPED,,30
14255,1330,تُحْصِينَات,اسم جامد,حصن,تُفْعِيلَات,حصون وتحصينات ضد الهجوم.,MAPPED,,30
14679,1330,دِفَاع بَيُولُوجِي,تركيب,,,الدفاع ضد الأسلحة البيولوجية.,MAPPED,,30
11642,1340,تَقَدَّمَ,فعل,قدم,تَفَعَّلَ,تطور الكيان نحو حالة أفضل.,MAPPED,,30
11643,1340,تَقَدُّم,مصدر,قدم,تَفَعُّل,التطور نحو حالة أكثر تقدماً.,MAPPED,,30
11644,1340,تَقَدَّمَ,فعل,قدم,تَفَعَّلَ,إحراز الكيان تقدماً في التطور.,MAPPED,,30
11645,1340,تَقَدُّم,مصدر,قدم,تَفَعُّل,التحسن أو الرقي في الحالة.,MAPPED,,30
11646,1340,تَطَوُّر,مصدر,طور,تَفَعُّل,عملية الرقي والتحسن المستمر.,MAPPED,,30
11647,1340,تَطَوَّرَ,فعل,طور,تَفَعَّلَ,اصبح الكيان أكثر تقدماً.,MAPPED,,30
11648,1340,نَضِجَ,فعل,نضج,فَعِلَ,اصبح الكيان أكثر تطوراً ونضجاً.,MAPPED,,30
12862,1340,نُضُوج,مصدر,نضج,فُعُول,عملية وصول الكيان إلى مرحلة النضج.,MAPPED,,30
13552,1340,تَقَدُّم,مصدر,قدم,تَفَعُّل,عملية الارتقاء والتقدم.,MAPPED,,30
17305,1340,تَوَقَّفَ,فعل,وقف,تَفَعَّلَ,توقف الكيان عن التطور والنمو.,MAPPED,,30
18712,1340,تَسَلْسُل,مصدر,سلسل,تَفَعُّل,تتابع التغيير وفق التوقعات.,MAPPED,,30
11649,1341,نَاضِج,اسم فاعل,نضج,فَاعِل,الكيان الذي وصل لمرحلة متطورة.,MAPPED,,30
11650,1341,مُتَقَدِّم,اسم فاعل,قدم,مُتَفَعِّل,الكيان الذي حقق تقدماً كبيراً.,MAPPED,,30
11651,1341,مُتَطَوِّر,اسم فاعل,طور,مُتَفَعِّل,الكيان الذي حقق مستوى من التطور.,MAPPED,,30
11652,1341,جِيل جَديد,تركيب,,,مرحلة متقدمة من الكيان.,MAPPED,,30
12869,1341,تَقْنِيَّة منخفضة,تركيب,,,الكيان الذي يستعمل تقنية محدودة.,MAPPED,,30
13149,1341,مُتقَن,اسم مفعول,تقن,مُفَعَّل,الكيان المعقد والمتقدم.,MAPPED,,30
14196,1341,حَدِيث,اسم جامد,حدث,فَعِيل,الكيان المتطور باستخدام تقنيات حديثة.,MAPPED,,30
14197,1341,طَلِيعِي,اسم منسوب,لعع,فَعِيلِي,الكيان الأكثر تطوراً والأحدث.,MAPPED,,30
14256,1341,جِيل,اسم جامد,جيل,فِعْل,مرحلة معينة من التطور.,MAPPED,,30
14576,1341,أَحْدَث التِقْنِيَّات,تركيب,,,الكيان المتضمن أحدث الابتكارات.,MAPPED,,30
14702,1341,تَقْنِيَّة عَالِيَة,تركيب,,,الكيان الذي يستعمل تقنية متقدمة.,MAPPED,,30
15306,1341,قَدِيم,صفة مشبهة,قدم,فَعِيل,الكيان الذي ينتمي لمرحلة قديمة.,MAPPED,,30
16074,1341,نُضُوج,مصدر,نضج,فُعُول,حالة اكتمال التطور والنضج.,MAPPED,,30
11656,1342,اتَّفَقَ,فعل,فقق,اِفْتَعَلَ,بلوغ الطرفين اتفاقاً حول الالتزام.,MAPPED,,30
11657,1342,اتِّفَاق,مصدر,فقق,اِفْتِعَال,تنظيم قانوني بين طرفين أو أكثر.,MAPPED,,30
11658,1342,صَفْقَة,اسم جامد,صفق,فَعْلَة,اتفاق يحقق فائدة متبادلة.,MAPPED,,30
11789,1342,مُعَاهَدَة,مصدر,عهد,مُفَاعَلَة,اتفاق رسمي بين دول.,MAPPED,,30
17840,1342,تَسَالَحَ,فعل,سلح,تَفَاعَلَ,الوصول لتسوية أو توافق.,MAPPED,,30
11664,1344,سَلَّمَ,فعل,سلم,فَعَّلَ,تسليم المسلِّم الموضوع للمتلقي.,MAPPED,,30
11665,1344,تَسْلِيم,مصدر,سلم,تَفْعِيل,عملية إيصال الموضوع للمتلقي.,MAPPED,,30
11668,1345,صِنَاعَة,مصدر,صنع,فِعَالَة,فرع من الاقتصاد أو النشاط التجاري.,MAPPED,,30
11669,1345,قِطَاع,اسم جامد,قطع,فِعَال,جزء محدد من الاقتصاد أو المجتمع.,MAPPED,,30
11670,1345,فِي,حرف,,,دلالة على المهنة أو الاختصاص.,MAPPED,,30
11671,1345,مَجَال,اسم جامد,جيل,فَعَال,فرع محدد من الدراسة أو النشاط.,MAPPED,,30
12204,1345,مِسَاحَة,مصدر,سيح,فِعَالَة,موضوع أو نطاق النشاط المحدد.,MAPPED,,30
14358,1345,فَنِّي,اسم منسوب,فنن,فَعِّي,الممارِس الموهوب بإنشاء الفن.,MAPPED,,30
14359,1345,فَن,اسم جامد,فنن,فَعْل,التعبير الإبداعي عن مهارة.,MAPPED,,30
14366,1345,أَدَبِي,اسم منسوب,أدب,أَفَعِي,يتعلق بالأدب والدراسة الأدبية.,MAPPED,,30
14416,1345,أَدَب,اسم جامد,أدب,أَفَعْل,الأعمال الكتابية الموهوبة.,MAPPED,,30
14417,1345,مَسْرَح,اسم جامد,سرح,فَعْلَة,فن الأداء الدرامي والمسرحي.,MAPPED,,30
14705,1345,صِنَاعِي,اسم منسوب,صنع,فِعَالِي,يتعلق بالصناعة والقطاع الصناعي.,MAPPED,,30
15012,1345,تَارِيخ,اسم جامد,أرخ,فَاعِل,الدراسة الأكاديمية لأحداث الماضي.,MAPPED,,30
15851,1345,رِيَاضِيَّات,اسم جامد,,,فرع العلم المتعلق بالأعداد والكميات.,MAPPED,,30
18220,1345,تَمْوِيل,مصدر,موّ,تَفْعِيل,إدارة الأموال والموارد المالية.,MAPPED,,30
18611,1345,رِيَاضِيَّات,اسم جامد,,,الدراسة الأكاديمية للأعداد.,MAPPED,,30
18678,1345,تِقْنِي,اسم منسوب,تقن,فِعْلِي,يتعلق بالتقنية والهندسة.,MAPPED,,30
11672,1346,زَوَّدَ,فعل,زود,فَعَّلَ,إعطاء المورِّد الموضوع للمتلقي.,MAPPED,,30
11673,1346,وَفَّرَ,فعل,وفر,فَعَّلَ,إتاحة المورِّد الموضوع للاستعمال.,MAPPED,,30
11674,1346,إمْدَاد,مصدر,مد,إِفْعَال,عملية توفير الموضوع المطلوب.,MAPPED,,30
11675,1346,مَوَّلَ,فعل,موّ,فَعَّلَ,توفير المورِّد التجهيزات والموارد.,MAPPED,,30
11676,1346,إمْدَاد,مصدر,مد,إِفْعَال,عملية توفير التجهيزات والموارد.,MAPPED,,30
11677,1346,مُمَوِّل,اسم فاعل,موّ,مُفَعِّل,الشخص أو الجهة التي توفر الموارد.,MAPPED,,30
11678,1346,جَهَّزَ,فعل,جهز,فَعَّلَ,توفير المورِّد ما يلزم لغرض معين.,MAPPED,,30
11679,1346,تَجْهِيز,مصدر,جهز,تَفْعِيل,عملية توفير ما يلزم من موارد.,MAPPED,,30
11680,1346,أَلْبَسَ,فعل,لبس,أَفْعَلَ,إعطاء المورِّد ملابس أو تجهيزات.,MAPPED,,30
13474,1346,وَفَّرَ,فعل,وفر,فَعَّلَ,إعطاء المورِّد شخصاً ما.,MAPPED,,30
14029,1346,وَقَّدَ,فعل,وقد,فَعَّلَ,توفير الوقود للموضوع.,MAPPED,,30
14833,1346,أَعْطَى,فعل,عطي,أَفْعَلَ,إعطاء المورِّد ما يلزم.,MAPPED,,30
15662,1346,زَوَّدَ,فعل,زود,فَعَّلَ,توفير المورِّد موضوعاً مطلوباً.,MAPPED,,30
16939,1346,وَفَّرَ,فعل,وفر,فَعَّلَ,إتاحة المورِّد موضوعاً للمتلقي.,MAPPED,,30
11681,1347,مَصْدَر,اسم جامد,صدر,فَعْلَل,الجهة التي يُحصل منها على الموضوع.,MAPPED,,30
11682,1348,مُكَوِّن,اسم فاعل,كون,مُفَعِّل,عنصر يدخل في تكوين المنتج.,MAPPED,,30
11683,1348,سَلَف,اسم جامد,سلف,فَعَل,مادة تُشكِّل مادة أخرى.,MAPPED,,30
11684,1348,مَادَّة,اسم جامد,مادة,فَاعِلَة,مادة يُصنع منها شيء آخر.,MAPPED,,30
11733,1348,مُكَوِّن,اسم فاعل,كون,مُفَعِّل,جزء من الكل في آلة أو نظام.,MAPPED,,30
14622,1348,عُنصُر,اسم جامد,عنصر,فُعْلُل,الجزء الأساسي الذي يكون شيئاً.,MAPPED,,30
16272,1348,أَثَر,اسم جامد,أثر,أَفَل,تسلسل قصير من الحمض النووي.,MAPPED,,30
11731,1349,طَوَّرَ,فعل,طور,فَعَّلَ,جعل العامل المشروع أكثر تقدماً.,MAPPED,,30
13180,1349,مَكَاسِب,اسم جامد,كسب,فَعَالِل,التقدم المحقق في مجال محدد.,MAPPED,,30
13430,1349,كَمَّلَ,فعل,كمل,فَعَّلَ,إيصال العامل المشروع لأعلى معايير.,MAPPED,,30
13870,1349,حَسَّنَ,فعل,حسن,فَعَّلَ,جعل العامل الشيء أفضل حالاً.,MAPPED,,30
13885,1349,مُحَسَّن,اسم مفعول,حسن,مُفَعَّل,الشيء الذي تم تحسينه.,MAPPED,,30
13897,1349,تَحْدِيث,مصدر,حدث,تَفْعِيل,جعل الشيء متطابقاً مع الحديث.,MAPPED,,30
15358,1349,نَضِجَ,فعل,نضج,فَعِلَ,تطور العامل للمشروع نحو النضج.,MAPPED,,30
17583,1349,قَدَّمَ,فعل,قدم,فَعَّلَ,جعل العامل المشروع أكثر تقدماً.,MAPPED,,30
11749,1350,مَدىً,اسم جامد,مدي,فَعْل,المسافة التي يمكن ضمنها تحقيق الحدث,MAPPED,,31
11750,1350,مَسافَة السَّمْع,تركيب,,,المسافة التي يمكن فيها سماع الأصوات,MAPPED,,31
11751,1350,نِطاق,اسم جامد,نطق,فِعال,مدى تطبيق التأثير أو النفوذ,MAPPED,,31
11752,1350,مَدى الرُّؤْيَة,تركيب,,,المسافة التي يمكن الرؤية من خلالها,MAPPED,,31
11753,1350,مَسافَة,اسم جامد,سفر,فَعالَة,البعد المكاني الذي يفصل بين الأشياء,MAPPED,,31
11754,1350,مَدى الضَّرْب,تركيب,,,المسافة التي يمكن الهجوم من خلالها,MAPPED,,31
11754,1350,مَدىً,اسم جامد,مدي,فَعْل,مدى تطبيق الضربة,MAPPED,,31
12568,1350,بَيْنَ قَارّي,اسم منسوب,قرر,فَعْلَان,متعلق بالعلاقات بين القارات,MAPPED,,31
15333,1350,رُؤْيَة,اسم جامد,رءي,فُعْلَة,مدى الإدراك البصري,MAPPED,,31
11760,1351,صَادَقَ,فعل,صدق,فَاعَلَ,إعطاء الموافقة الرسمية على المقترح,MAPPED,,31
11761,1351,مُصَادَقَة,مصدر,صدق,مُفَاعَلَة,فعل إعطاء الموافقة الرسمية,MAPPED,,31
11772,1360,وَاضِح,صفة مشبهة,وضح,فَاعِل,ما يُدْرَك بسهولة دون التباس,MAPPED,,31
11773,1360,بَيِّن,صفة مشبهة,بين,فَعِّل,الظاهر الواضح للحس والعقل,MAPPED,,31
11774,1360,ظَاهِر,صفة مشبهة,ظهر,فَاعِل,ما يظهر للعيان أو العقل,MAPPED,,31
12123,1360,مَرْئِيّ,اسم منسوب,رءي,مَفْعُول,ما يمكن إدراكه بالرؤية,MAPPED,,31
12124,1360,مَسْمُوع,اسم مفعول,سمع,مَفْعُول,ما يمكن إدراكه بالسمع,MAPPED,,31
12280,1360,غَامِض,صفة مشبهة,غمض,فَاعِل,ما لا يتضح ويلتبس على الفهم,MAPPED,,31
12281,1360,وَاضِح,صفة مشبهة,وضح,فَاعِل,خالٍ من الغموض والالتباس,MAPPED,,31
13814,1360,بِوُضُوح,ظرف,,,بطريقة واضحة لا التباس فيها,MAPPED,ظرف مضاف إلى مصدر,31
13815,1360,بِجَلاء,ظرف,,,بشكل ظاهر لا يقبل الشك,MAPPED,ظرف مضاف إلى مصدر,31
13816,1360,وُضُوح,مصدر,وضح,فُعول,كون الأمر واضحًا مفهومًا,MAPPED,,31
15230,1360,ظَهَرَ,فعل,ظهر,فَعَلَ,أن يصير الشيء مدركًا بسهولة,MAPPED,,31
15786,1360,ظَهَرَ,فعل,ظهر,فَعَلَ,أن يصير الشيء واضحًا للعيان,MAPPED,,31
18793,1360,تَمَيَّزَ,فعل,ميز,تَفَعَّلَ,أن يبرز الشيء من بين نظائره,MAPPED,,31
18794,1360,مُلْفِت,اسم فاعل,لفت,مُفْعِل,ما يستحق الانتباه والتمييز,MAPPED,,31
11784,1370,سَلَّمَ,فعل,سلم,فَعَّلَ,تسليم المشتبه به إلى جهة قضائية أجنبية,MAPPED,,31
11784,1370,أَسْلَمَ,فعل,سلم,أَفْعَلَ,تسليم المتهم للسلطات الأجنبية,MAPPED,,31
11785,1370,تَسْلِيم,مصدر,سلم,تَفْعِيل,فعل تسليم المشتبه به للسلطة القضائية الأجنبية,MAPPED,,31
11786,1371,تَكَتُّل,مصدر,كتل,تَفَعُّل,جماعة منظمة من المنتجين للتحكم بالتجارة,MAPPED,,31
11787,1371,نَادٍ,اسم جامد,ندي,فَاعِل,منظمة اجتماعية طوعية لمصلحة أعضائها,MAPPED,,31
11808,1371,حُكُومَة,اسم جامد,حكم,فُعولَة,الجهاز الإداري الذي يدير الدولة,MAPPED,,31
13059,1371,مُنَظَّمَة,اسم مفعول,نظم,مُفَعَّلَة,جماعة منظمة من الناس لغرض معين,MAPPED,,31
13284,1371,جَمْعِيَّة,اسم منسوب,جمع,فَعْلِيَّة,مجموعة من الناس المنظمين لغرض مشترك,MAPPED,,31
13285,1371,رَابِطَة,اسم جامد,ربط,فَاعِلَة,اتحاد من الدول أو الجماعات للحماية المتبادلة,MAPPED,,31
13384,1371,جِهَاز الاسْتِخْبَارَات,تركيب,,,منظمة متخصصة في جمع المعلومات,MAPPED,,31
14023,1371,وَكَالَة,اسم جامد,وكل,فَعالَة,جهاز حكومي يقدم خدمة معينة,MAPPED,,31
14023,1371,جِهَاز,اسم جامد,جهز,فِعال,تنظيم حكومي لتقديم الخدمات,MAPPED,,31
14078,1371,نَقَابَة,اسم جامد,نقب,فَعالَة,منظمة تضم أشخاصًا بمصالح مشتركة,MAPPED,,31
14563,1371,أُخُوَّة,اسم جامد,اخا,فُعُولَة,رابطة من الرجال يجمعهم اهتمام مشترك,MAPPED,,31
14653,1371,وَفْد,اسم جامد,وفد,فَعْل,مجموعة من الأفراد يمثلون غيرهم,MAPPED,,31
14654,1371,لَجْنَة,اسم جامد,لجن,فَعْلَة,مجموعة صغيرة تجتمع لتسيير شؤون معينة,MAPPED,,31
14797,1371,مَجْمُوعَة,اسم جامد,جمع,مَفْعولَة,مجموعة منظمة من الأفراد لمهمة معينة,MAPPED,,31
16600,1371,مَجْلِس,اسم جامد,جلس,مَفْعِل,مجموعة من الأشخاص المنتخبين لقيادة هيئة,MAPPED,,31
16873,1371,طَائِفَة,اسم جامد,طيف,فَاعِلَة,مجموعة من الناس متحدة لغرض مشترك,MAPPED,,31
17304,1371,جَمْعِيَّة,اسم منسوب,جمع,فَعْلِيَّة,منظمة اجتماعية متخصصة في نشاط معين,MAPPED,,31
18690,1371,بُرْلِمَان,اسم جامد,,,الهيئة التشريعية العليا للدولة,MAPPED,دخيل,31
18726,1371,وَسِيلَة إِعْلاَم,تركيب,,,منظمة توفر الأخبار لفئات أخرى,MAPPED,,31
11788,1372,أَحْيَا,فعل,حيي,أَفْعَلَ,جعل عملية ما تبدأ من جديد بعد توقف,MAPPED,,31
11812,1372,أَعَادَ,فعل,عود,أَفْعَلَ,بدء عملية ما من جديد بعد انقطاع,MAPPED,,31
11813,1372,أَسْتَرْجَعَ,فعل,رجع,أَسْتَفْعَلَ,إعادة عملية ما إلى حالتها النشطة,MAPPED,,31
17587,1372,اِسْتَأْنَفَ,فعل,انف,اِسْتَفْعَلَ,بدء عملية ما من جديد بعد توقف مؤقت,MAPPED,,31
11791,1375,اِحْتَاجَ,فعل,حوج,اِفْتَعَلَ,ضرورة أن يكون شيء حاضرًا لتحقيق نتيجة,MAPPED,,31
11792,1375,اِسْتَلْزَمَ,فعل,لزم,اِسْتَفْعَلَ,كون شيء ضروريًا لتحقيق حالة أخرى,MAPPED,,31
13554,1375,حَاجَة,اسم جامد,حوج,فَاعِلَة,ظرف ضروري أو مطلوب,MAPPED,,31
11793,1376,ضَبَطَ,فعل,ضبط,فَعَلَ,تغيير جزء من نظام معقد بمقدار صغير,MAPPED,,31
11794,1376,ضَبْط,مصدر,ضبط,فَعْل,تغيير صغير في جزء من نظام معقد,MAPPED,,31
11795,1376,عَدَّلَ,فعل,عدل,فَعَّلَ,تغيير طفيف جدًا في جزء من نظام,MAPPED,,31
11796,1376,تَعْدِيل,مصدر,عدل,تَفْعِيل,تغيير صغير جدًا لإصلاح نظام,MAPPED,,31
11797,1376,مَعَايِر,فعل,عير,فَاعَلَ,ضبط شيء ليتطابق مع معيار محدد,MAPPED,,31
11798,1376,مُعَايِرَة,مصدر,عير,مُفَاعَلَة,عملية ضبط شيء ليتوافق مع معيار,MAPPED,,31
11800,1377,رُتْبَة,اسم جامد,رتب,فُعْلَة,مستوى ضمن تسلسل هرمي للاستحقاق,MAPPED,,31
11800,1377,مَقَام,اسم جامد,قوم,فَعال,درجة من درجات التسلسل الهرمي,MAPPED,,31
11801,1377,مُسْتَوىً,اسم جامد,وسط,مُفْتَعَل,مستوى ضمن تسلسل هرمي,MAPPED,,31
11802,1377,دَرَجَة,اسم جامد,درج,فَعْلَة,مستوى رسمي ضمن تسلسل هرمي,MAPPED,,31
16872,1377,رُتْبَة,اسم جامد,رتب,فُعْلَة,مستوى ضمن تسلسل هرمي للاستحقاق,MAPPED,,31
16922,1377,خَط الأَسَاس,تركيب,,,نقطة بدء نسبية للمقارنة,MAPPED,,31
11809,1378,طُمَأْنِينَة,اسم جامد,اطمن,فُعَالِينَة,فعل يخفف الشكوك والمخاوف,MAPPED,,31
11810,1378,طَمْأَنَ,فعل,اطمن,فَعْأَنَ,تخفيف الشكوك والمخاوف عند شخص,MAPPED,,31
11811,1379,احْتَلَّ,فعل,حلل,اِفْتَعَلَ,احتلال رتبة معينة في تسلسل هرمي,MAPPED,,31
11814,1379,وَقَفَ,فعل,وقف,فَعَلَ,كون على مستوى معين أو رتبة في التسلسل,MAPPED,,31
14577,1379,أَعْلَى,صفة مشبهة,علو,أَفْعَل,الأعلى رتبة في التسلسل الهرمي,MAPPED,,31
11815,1380,مُعَاهَدَة,اسم جامد,عهد,مُفَاعَلَة,اتفاق رسمي بين دول يخضع للقانون الدولي,MAPPED,,31
12454,1380,اتِّفَاق,مصدر,فقق,اِفْتِعال,ترتيب مفاوض ملزم قانونًا عادة,MAPPED,,31
12504,1380,صَفْقَة,اسم جامد,صفق,فَعْلَة,اتفاق بين طرفين أو أكثر للمنفعة المتبادلة,MAPPED,,31
13779,1380,اتِّفَاق,مصدر,فقق,اِفْتِعال,اتفاق رسمي بين جهات,MAPPED,,31
13896,1380,اتِّفَاقِيَّة,اسم منسوب,فقق,اِفْتِعالِيَّة,اتفاق بين دول أقل رسمية من المعاهدة,MAPPED,,31
16255,1380,تَوَصَّلَ,فعل,وصل,تَفَعَّلَ,التوصل إلى اتفاق أو اتخاذ مسار عمل,MAPPED,,31
11816,1381,يَجِب,فعل,وجب,فَعِلَ,أن يكون مطلوبًا بشدة لتجنب عواقب سلبية,MAPPED,,31
11817,1381,يَنْبَغِي,فعل,بغي,يَفْعَل,أن يكون مطلوبًا لتجنب عواقب سلبية,MAPPED,,31
12875,1381,من الأفضل,تركيب,,,كان من الحكمة فعل شيء ما,MAPPED,,31
12876,1381,من الأفضل,تركيب,,,من الحكمة فعل شيء ما,MAPPED,,31
13052,1381,يَجِب,فعل,وجب,فَعِلَ,أن يكون ملزمًا بفعل شيء بسبب احتمال النتيجة السلبية,MAPPED,,31
13053,1381,يَجِب,فعل,وجب,فَعِلَ,الالتزام بفعل شيء,MAPPED,,31
13054,1381,يَجِب,فعل,وجب,فَعِلَ,اعتبار نفسه ملزمًا لفعل شيء,MAPPED,,31
13055,1381,يَجِب,فعل,وجب,فَعِلَ,أن يكون مطلوبًا فعل شيء ما,MAPPED,,31
13067,1381,يَجِب,فعل,وجب,فَعِلَ,أن يكون مطلوبًا بضرورة,MAPPED,,31
13070,1381,يَنْبَغِي,فعل,بغي,يَفْعَل,كون يجب فعل شيء ما,MAPPED,,31
13546,1381,,,,,,NO_ARABIC_EQUIVALENT,لم يتم العثور على معادل عربي مناسب,31
14360,1381,من الأفضل,تركيب,,,يجب أو من الأفضل فعل شيء,MAPPED,,31
17417,1381,سَوْف,ظرف,,,يدل على حدث ملزم أو محتوم,MAPPED,,31
11820,1383,يَنْبَغِي,فعل,بغي,يَفْعَل,أن يكون لديك التزام بفعل شيء,MAPPED,,31
11821,1383,يَنْبَغِي,فعل,بغي,يَفْعَل,أن يكون لديك التزام بفعل شيء,MAPPED,,31
11822,1383,فِكْرَة سَيِّئَة,تركيب,,,أن يكون مسار عمل غير مرغوب فيه,MAPPED,,31
11823,1383,فِكْرَة جَيِّدَة,تركيب,,,أن يكون مسار عمل مرغوبًا فيه,MAPPED,,31
17415,1383,يَجِب,فعل,وجب,فَعِلَ,أن يكون مطلوبًا بضرورة,MAPPED,,31
17416,1383,يُفْتَرَض,فعل,فرض,يُفْعَل,أن يكون مطلوبًا أو متوقعًا,MAPPED,,31
11826,1387,أَطْلَقَ,فعل,طلق,أَفْعَلَ,جعل القارب أو السفينة تطفو خاصة بإنزالها في الماء,MAPPED,,31
11827,1387,رَفَعَ المِرْسَاة,تركيب,,,رفع المرساة عند الاستعداد للإبحار,MAPPED,,31
11828,1387,فَكَّ,فعل,فكك,فَعَّلَ,تحرير القارب من تثبيته على الشاطئ,MAPPED,,31
11830,1387,,,,,,NO_ARABIC_EQUIVALENT,لم يتم العثور على معادل عربي مناسب,31
15104,1387,,,,,,NO_ARABIC_EQUIVALENT,لم يتم العثور على معادل عربي مناسب,31
15105,1387,,,,,,NO_ARABIC_EQUIVALENT,لم يتم العثور على معادل عربي مناسب,31
11831,1388,نَجَحَ,فعل,نجح,فَعَلَ,تحقيق الهدف أو المقصد,MAPPED,,31
11831,1388,أَفْلَحَ,فعل,فلح,أَفْعَلَ,تحقيق القصد والهدف,MAPPED,,31
11832,1388,فَشِلَ,فعل,فشل,فَعِلَ,عدم النجاح في تحقيق المسعى,MAPPED,,31
11833,1388,نَاجِح,اسم فاعل,نجح,فَاعِل,الذي حقق الهدف أو المقصد,MAPPED,,31
12137,1388,حَقَّقَ,فعل,حقق,فَعَّلَ,النجاح في تحقيق أو الفوز بشيء صعب,MAPPED,,31
12150,1388,فَاشِل,اسم فاعل,فشل,فَاعِل,الذي لم يحقق الهدف المطلوب,MAPPED,,31
12598,1388,نَجَاح,مصدر,نجح,فَعال,تحقيق الهدف أو المقصد,MAPPED,,31
12830,1388,اسْتَطَاعَ,فعل,طوع,اِسْتَفْعَلَ,النجاح في تحقيق هدف,MAPPED,,31
13801,1388,فَاتَ,فعل,فوت,فَاعَ,عدم حضور أو مشاهدة أو المشاركة في شيء,MAPPED,,31
14564,1388,فَشَل,مصدر,فشل,فَعَل,مسعى لم ينجح,MAPPED,,31
14959,1388,قُصُور,اسم جامد,قصر,فُعول,قصور أو ضعف مميز,MAPPED,,31
17365,1388,بَرَعَ,فعل,برع,فَعَلَ,النجاح في تحقيق هدف بكمال أو قرب من الكمال,MAPPED,,31
17615,1388,وَصَلَ,فعل,وصل,فَعَلَ,النجاح في تحقيق الهدف,MAPPED,,31
11834,1389,نَجَحَ,فعل,نجح,فَعَلَ,تحقيق الفعيلة للهدف المقصود,MAPPED,,31
11835,1389,أَحْرَزَ,فعل,حرز,أَفْعَلَ,تحقيق النتيجة المطلوبة,MAPPED,,31
11836,1389,حَقَّقَهُ,فعل,حقق,فَعَّلَ,تحقيق النتيجة المقصودة,MAPPED,,31
11837,1389,نَاجِح,اسم فاعل,نجح,فَاعِل,تحقيق الهدف المقصود,MAPPED,,31
11838,1389,نَجَحَ,فعل,نجح,فَعَلَ,تحقيق النتيجة المطلوبة,MAPPED,,31
11858,1389,فَشِلَ,فعل,فشل,فَعِلَ,استخدام دون نجاح في تحقيق الهدف,MAPPED,,31
12151,1389,فَاشِل,اسم فاعل,فشل,فَاعِل,عدم تحقيق الهدف,MAPPED,,31
12786,1389,اسْتَطَاعَ,فعل,طوع,اِسْتَفْعَلَ,النجاح في إنجاز شيء صعب,MAPPED,,31
14961,1389,فَاشِل,اسم فاعل,فشل,فَاعِل,ما لم ينجح في تحقيق الغرض,MAPPED,,31
15525,1389,فَشِلَ,فعل,فشل,فَعِلَ,عدم الحصول على النتيجة المطلوبة,MAPPED,,31
16024,1389,نَجَاح,مصدر,نجح,فَعال,تحقيق الهدف أو المقصد,MAPPED,,31
16228,1389,كَفَى,فعل,كفي,فَعَلَ,أن يكون كافيًا لتلبية المتطلبات,MAPPED,,31
11840,1390,فَصَلَ,فعل,فصل,فَعَلَ,فك شيء وإزالته,MAPPED,,31
11840,1390,فَكَّ,فعل,فكك,فَعَّلَ,فصل شيء عن آخر,MAPPED,,31
11841,1390,فَكَّ,فعل,فكك,فَعَّلَ,فتح أو فك ربط,MAPPED,,31
11842,1390,فَكَّ,فعل,فكك,فَعَّلَ,فتح أو فصل ما هو معلق بخطاف,MAPPED,,31
11843,1390,فَتَحَ,فعل,فتح,فَعَلَ,فتح إغلاق الشيء؛ فك ربطه,MAPPED,,31
11844,1390,فَكَّ,فعل,فكك,فَعَّلَ,فك أو فتح ما هو مربوط,MAPPED,,31
11845,1390,فَكَّ,فعل,فكك,فَعَّلَ,فك تثبيت القارب,MAPPED,,31
11846,1390,حَرَّرَ,فعل,حرر,فَعَّلَ,تحرير شيء بإزالة السلسلة,MAPPED,,31
17528,1390,فَصَلَ,فعل,فصل,فَعَلَ,فصل كائنين عن بعضهما,MAPPED,,31
17529,1390,فَكَّ,فعل,فكك,فَعَّلَ,فصل كائنين كانا مرتبطين بمفاصل,MAPPED,,31
17672,1390,فَتَحَ,فعل,فتح,فَعَلَ,فتح أو فك شيء معقود بقصد,MAPPED,,31
13072,1391,اِنْفَصَلَ,فعل,فصل,اِنْفَعَلَ,التوقف عن الارتباط,MAPPED,,31
13413,1391,اِنْفَصَلَ,فعل,فصل,اِنْفَعَلَ,الانفصال أو الانفكاك عن شيء,MAPPED,,31
13414,1391,اِنْفَصَلَ,فعل,فصل,اِنْفَعَلَ,الانفصال بعد الارتباط بخطاف,MAPPED,,31
14872,1391,اِنْفَصَلَ,فعل,فصل,اِنْفَعَلَ,فصل الباب أو ما شابهه عن مفاصله,MAPPED,,31
11890,1400,تَقْدِير,مصدر,قدر,تَفْعِيل,الاحترام والتقدير,MAPPED,,31
11891,1400,احْتِرَام,مصدر,حرم,اِفْتِعال,مستوى الاحترام,MAPPED,,31
11892,1400,اعْتَبَرَ,فعل,عبر,اِفْتَعَلَ,تقدير شخص بمستوى معين من الاحترام,MAPPED,,31
11909,1400,اِنْطِبَاع,مصدر,طبع,اِنْفِعال,مستوى الاحترام أو الرأي,MAPPED,,31
12740,1400,رَأْي,اسم جامد,رءي,فَعْل,تقدير الجودة أو القيمة,MAPPED,,31
12864,1400,اعْتَبَرَ,فعل,عبر,اِفْتَعَلَ,تقدير شخص على أنه شيء ما,MAPPED,,31
12865,1400,قَدَّرَ,فعل,قدر,فَعَّلَ,الاعتراف بالقيمة أو الأهمية,MAPPED,,31
12866,1400,شَاكِر,اسم فاعل,شكر,فَاعِل,الذي يشعر بالامتنان أو الرضا,MAPPED,,31
16605,1400,وَجَدَ,فعل,وجد,فَعَلَ,أن يكون لديك رأي معين عن شخص أو شيء,MAPPED,,31
11925,1411,مُنْفَصِل,اسم مفعول,فصل,مُنْفَعِل,منفصل أو غير متصل,MAPPED,,31
11926,1411,مُنْقَطِع,اسم مفعول,قطع,مُنْفَعِل,بدون اتصال ب,MAPPED,,31
11927,1411,مُرْسَل,اسم مفعول,رسل,مُفْعَل,غير مربوط أو معقود,MAPPED,,31
11928,1411,غَيْر مَلْحُوم,تركيب,,,غير ملتحم بشيء آخر,MAPPED,,31
11929,1411,غَيْر مُرْسَاة,تركيب,,,قارب غير معقود للشاطئ أو المرساة,MAPPED,,31
12844,1411,غَيْر مُرْتَبِط,تركيب,,,غير مرتبط أو ملتصق,MAPPED,,31
11956,1412,رَأْي,اسم جامد,رءي,فَعْل,وجهة نظر أو حكم لا يقوم على حقيقة بالضرورة,MAPPED,,31
11957,1412,وِجْهَة نَظَر,تركيب,,,طريقة معينة للنظر إلى الأمر؛ موقف أو رأي,MAPPED,,31
11958,1412,وِجْهَة نَظَر,تركيب,,,طريقة النظر إلى شيء ما,MAPPED,,31
11959,1412,اعْتَقَدَ,فعل,عقد,اِفْتَعَلَ,أن يكون لديك رأي معين,MAPPED,,31
11960,1412,عَقِيدَة,اسم جامد,عقد,فَعِيلَة,القبول بأن شيئًا موجود أو حقيقي,MAPPED,,31
13238,1412,يَتَوَقَّع,فعل,وقع,يَتَفَعَّل,الافتراض أو الاعتقاد بأن شيئًا صحيح,MAPPED,,31
13239,1412,شَعَرَ,فعل,شعر,فَعَلَ,أن يكون لديك معتقد أو انطباع، خاصة بدون سبب واضح,MAPPED,,31
13240,1412,اعْتَقَدَ,فعل,عقد,اِفْتَعَلَ,التفكير أو الاعتقاد بأن شيئًا ما,MAPPED,,31
13303,1412,افْتَرَضَ,فعل,فرض,اِفْتَعَلَ,الاعتقاد أو الافتراض بأن شيئًا ما صحيح أو محتمل,MAPPED,,31
15106,1412,آمَنَ,فعل,امن,فَاعَ,أن يكون لديك رأي عن موضوع ما,MAPPED,,31
15598,1412,يَعْتَقِد,فعل,عقد,يَفْعِل,الاعتقاد بقوة بشيء ما,MAPPED,,31
16497,1412,رَأْي,اسم جامد,رءي,فَعْل,رأي يحمله الشخص المدرك,MAPPED,,31
18497,1412,يُؤْمِن,فعل,امن,يُفْعِل,الاتفاق أو الموافقة على فكرة أو اقتراح,MAPPED,,31
18498,1412,مُؤْمِن,اسم فاعل,امن,مُفْعِل,شخص يوافق أو يؤمن بفكرة أو اقتراح,MAPPED,,31
18499,1412,مُؤْمِن,اسم فاعل,امن,مُفْعِل,شخص لديه ثقة بحقيقة شيء ما,MAPPED,,31
11984,1413,بَعَثَ,فعل,بعث,فَعَلَ,العودة إلى الحياة,MAPPED,,31
11985,1413,عَادَ,فعل,عود,فَاعَ,أن يصبح حيًا مجددًا,MAPPED,,31
11986,1413,قَامَ,فعل,قوم,فَاعَ,الاستعادة للحياة,MAPPED,,31
11987,1413,بَعْث,مصدر,بعث,فَعْل,فعل الإحياء أو العودة للحياة,MAPPED,,31
11989,1413,عَادَ,فعل,عود,فَاعَ,العودة إلى الحياة,MAPPED,,31
11980,1420,نَهَضَ,فعل,نهض,فَعَلَ,الاستيقاظ من النوم والنهوض من السرير,MAPPED,,31
11981,1420,نَهَضَ,فعل,نهض,فَعَلَ,الاستيقاظ والنهوض من السرير بعد النوم,MAPPED,,31
11982,1421,اِرْتَفَعَ,فعل,رفع,اِفْتَعَلَ,أن تنتفخ العجين بسبب الخميرة,MAPPED,,31
11983,1421,اِخْتَمَرَ,فعل,خمر,اِفْتَعَلَ,أن تصبح عجينة الخبز منتفخة بفعل الخميرة,MAPPED,,31
12023,1430,طَلَعَ,فعل,طلع,فَعَلَ,ظهور الشمس أو القمر أو النجوم فوق الأفق,MAPPED,,31
12024,1430,طَلَعَ,فعل,طلع,فَعَلَ,ظهور الشمس أو القمر أو النجوم فوق الأفق,MAPPED,,31
12025,1430,طُلُوع,مصدر,طلع,فُعول,صعود جرم فلكي فوق الأفق,MAPPED,,31
12032,1440,كَافٍ,اسم فاعل,كفي,فَاعِل,مؤهل أو قادر على التعامل مع التحدي,MAPPED,,31
12033,1440,قَادِر,اسم فاعل,قدر,فَاعِل,قادر على القيام بنشاط صعب,MAPPED,,31
12033,1440,أَهْل,صفة مشبهة,اهل,فَعْل,مؤهل للقيام بنشاط معين,MAPPED,,31
12036,1440,مُسَاوٍ,اسم مفعول,ساوي,مُفَاعِل,الذي لديه القدرة أو الموارد لمواجهة التحدي,MAPPED,,31
12034,1441,ارْتَقَى,فعل,رقي,اِفْتَعَلَ,الاستجابة بشرف لموقف صعب,MAPPED,,31
12035,1441,ارْتَقَى,فعل,رقي,اِفْتَعَلَ,الاستجابة بشرف لموقف صعب,MAPPED,,31
12125,1460,بَارِز,اسم فاعل,برز,فَاعِل,الأكثر وضوحًا أو أهمية,MAPPED,,31
12126,1460,مُشْهِور,اسم فاعل,شهر,مُفْعِل,ملفت للنظر بشكل خاص,MAPPED,,31
12127,1460,مُلْفِت,اسم فاعل,لفت,مُفْعِل,جاذب للانتباه أو الانتظار,MAPPED,,31
12129,1460,جَاذِب,اسم فاعل,جذب,فَاعِل,فوري الاستئناف أو ملاحظة,MAPPED,,31
12130,1460,مُبْهِرج,اسم مفعول,برج,مُفْعِل,بطريقة أنيقة استعراضية,MAPPED,,31
13863,1460,,,,,,NO_ARABIC_EQUIVALENT,لم يتم العثور على معادل عربي مناسب,31
15392,1460,هَادِئ,اسم فاعل,هدي,فَاعِل,غير براق أو ملفت أو مثير,MAPPED,,31
12138,1461,ضِمْن,حرف,,,ليس أبعد من مسافة معينة,MAPPED,,31
12139,1462,شَرَحَ,فعل,شرح,فَعَلَ,جعل وجود حالة ما واضحًا أو مفهومًا,MAPPED,,31
12140,1462,حَسَبَ,فعل,حسب,فَعَلَ,تقديم حساب أو شرح مرضٍ,MAPPED,,31
12141,1462,تَفْسِير,مصدر,فسر,تَفْعِيل,حقيقة تجعل حالة ما مفهومة,MAPPED,,31
12152,1470,مُتَأَخِّر,اسم فاعل,اخر,مُتَفَعِّل,من أو في نهاية فترة زمنية معينة,MAPPED,,31
12153,1470,لاحِق,اسم فاعل,لحق,فَاعِل,الجزء المتأخر من فترة ما,MAPPED,,31
12154,1470,وَسَط,اسم جامد,وسط,فَعْل,نقطة أو موضع أوسط,MAPPED,,31
12155,1470,أَوْسَط,صفة مشبهة,وسط,أَفْعَل,جزء من فترة زمنية أكبر يتناقض مع الأجزاء السابقة واللاحقة,MAPPED,,31
12156,1470,مُبَكِّر,اسم فاعل,بكر,مُفَعِّل,من أو بالقرب من بداية فترة زمنية معينة,MAPPED,,31
12157,1470,أَقْدَم,صفة مشبهة,قدم,أَفْعَل,الجزء المبكر من فترة ما,MAPPED,,31
12158,1470,أَوْسَط,صفة مشبهة,وسط,أَفْعَل,جزء من فترة زمنية يتناقض مع الأجزاء السابقة واللاحقة,MAPPED,,31
12871,1470,نِهَايَة,اسم جامد,نهي,فِعالَة,الجزء النهائي من شيء ما,MAPPED,,31
12872,1470,بِدَايَة,اسم جامد,بدي,فِعالَة,الجزء الأول من شيء ما,MAPPED,,31
13139,1470,بِدَايَة,اسم جامد,بدي,فِعالَة,البداية أو البدء,MAPPED,,31
13190,1470,بِدَايَة,اسم جامد,بدي,فِعالَة,البداية,MAPPED,,31
13979,1470,فَجْر,اسم جامد,فجر,فَعْل,البداية أو الظهور الأول لشيء ما,MAPPED,,31
14660,1470,انْقِلاب,مصدر,قلب,اِنْفِعال,النقطة التي ينتهي فيها قرن ويبدأ القرن التالي,MAPPED,,31
12161,1480,سَعَى,فعل,سعي,فَاعَ,اتخاذ خطوات نحو الحصول على كيان أو تحقيق حالة,MAPPED,,31
13416,1480,اِسْتَهْدَفَ,فعل,هدف,اِسْتَفْعَلَ,السعي إلى تحقيق هدف,MAPPED,,31
13778,1480,سِعَايَة,مصدر,سعي,فِعالَة,فعل المطاردة أو السعي,MAPPED,,31
12168,1481,بُنْيَة تَحْتِيَّة,تركيب,,,المرافق الأساسية اللازمة لتشغيل النظام,MAPPED,,31
12206,1481,قَاعِدَة,اسم جامد,قعد,فَاعِلَة,نظام يسمح بنشاط معين,MAPPED,,31
12173,1482,تَكَتَّلَ,فعل,كتل,تَفَعَّلَ,تجميع كمية أو عدد بمرور الوقت,MAPPED,,31
12174,1482,تَجَمَّعَ,فعل,جمع,تَفَعَّلَ,تجميع عدد أو كمية من شيء ما,MAPPED,,31
12175,1482,خَزَّنَ,فعل,خزن,فَعَّلَ,تجميع مخزون كبير,MAPPED,,31
15640,1482,كَنَزَ,فعل,كنز,فَعَلَ,تجميع وإخفاء أو تخزين,MAPPED,,31
16924,1482,تَجَمُّع,مصدر,جمع,تَفَعُّل,مجمع في موقع واحد,MAPPED,,31
12180,1483,أَجْنَبِيّ,اسم منسوب,جنب,أَفْعَالِيّ,يتعلق بأو متعلق بدول أخرى,MAPPED,,31
12181,1483,دَاخِلِيّ,اسم منسوب,دخل,فَاعِلِيّ,موجود أو حادث ضمن دولة,MAPPED,,31
12420,1483,دُولِيّ,اسم منسوب,دول,فُعُولِيّ,متعدد الدول خاصة باستثناء الدولة الحالية,MAPPED,,31
13146,1483,وَطَن,اسم جامد,وطن,فَعْل,دولة الفرد الخاصة,MAPPED,,31
13354,1483,وَطَن,اسم جامد,وطن,فَعْل,الأرض الأصلية للشخص,MAPPED,,31
12190,1490,شَاطِئ,اسم جامد,شطي,فَاعِل,الأرض على حافة البحر أو البحيرة,MAPPED,,31
12191,1490,سَاحِل,اسم جامد,سحل,فَاعِل,الجزء من الأرض المجاور أو القريب من البحر,MAPPED,,31
12192,1490,دَلْتَا,اسم جامد,,,منطقة مثلثة من الرسوبيات في مصب النهر,MAPPED,دخيل,31
12193,1490,ضِفَّة,اسم جامد,ضفف,فِعْلَة,الأرض بجانب أو منحدرة إلى نهر أو بحيرة,MAPPED,,31
12194,1490,سَاحِل,اسم جامد,سحل,فَاعِل,أرض قريبة من البحر,MAPPED,,31
12195,1490,مَصَبّ,اسم جامد,صبب,مَفْعَل,المكان الذي يدخل فيه النهر البحر,MAPPED,,31
12196,1490,مَنْبَع,اسم جامد,نبع,مَفْعَل,ينبوع أو مصدر النهر أو التيار,MAPPED,,31
12197,1490,قِمَّة,اسم جامد,قمم,فِعْلَة,أعلى نقطة من تل أو جبل,MAPPED,,31
12198,1490,ذِرْوَة,اسم جامد,ذري,فِعْلَة,القمة المدببة للجبل,MAPPED,,31
12199,1490,سِفْح,اسم جامد,سفح,فِعْل,تل منخفض في قاعدة سلسلة جبال,MAPPED,,31
12200,1490,مَصَبّ,اسم جامد,صبب,مَفْعَل,فم نهر كبير يخضع للمد والجزر,MAPPED,,31
14664,1490,خَطّ السَّاحِل,تركيب,,,المكان الذي يلتقي فيه ساحل جسم ماء وكتلة أرضية,MAPPED,,31
12201,1491,يَتَطَلَّب,فعل,طلب,يَتَفَعَّل,الحاجة أو الطلب,MAPPED,,31
12202,1491,يَسْتَلْزِم,فعل,لزم,يَسْتَفْعِل,طلب تحقيق شرط تمكيني,MAPPED,,31
13071,1491,يَحْتَاج,فعل,حوج,يَفْتَعِل,الحاجة أو الطلب,MAPPED,,31
14504,1491,يَتَطَلَّب,فعل,طلب,يَتَفَعَّل,أن يكون مطلوبًا لكي تكون عاملة,MAPPED,,31
12207,1494,ألزَمَ,فعل,ل ز م,أَفْعَلَ,جعل شخصاً ملزماً بعقد أو قانون,MAPPED,,32
12208,1494,ألزَمَ,فعل,ل ز م,أَفْعَلَ,أوجب على شخص فعل شيء قانونياً أو أخلاقياً,MAPPED,,32
12209,1494,الْتَزَمَ,فعل,ل ز م,اِفْتَعَلَ,تعهد بالقيام بشيء معين,MAPPED,,32
12210,1494,تعهَّدَ,فعل,ع ه د,تَفَعَّلَ,التزم بشيء بحلف أو عهد,MAPPED,,32
12643,1494,أوجَبَ,فعل,و ج ب,أَفْعَلَ,حتَّم شيئاً على شخص,MAPPED,,32
13587,1494,كلَّفَ,فعل,ك ل ف,فَعَّلَ,أنيط به مهمة أو واجب,MAPPED,,32
13588,1494,واجِب,صفة مشبهة,و ج ب,فَاعِل,التزام يُفرَض على شخص,MAPPED,,32
18651,1494,ألزَمَ,فعل,ل ز م,أَفْعَلَ,أرغم على فعل شيء بالقانون أو الأخلاق,MAPPED,,32
12214,1495,شَغَّلَ,فعل,ش غ ل,فَعَّلَ,تحكم في عمل جهاز أو نظام,MAPPED,,32
12215,1495,شَغَّلَ,فعل,ش غ ل,فَعَّلَ,جعل شيئاً يعمل ويؤدي وظيفته,MAPPED,,32
13844,1495,أدارَ,فعل,د و ر,أَفْعَلَ,تولى إدارة شيء وتنظيمه,MAPPED,,32
12256,1496,اتَّفَقَ,فعل,و ف ق,اِفْتَعَلَ,تشابه الآراء بين شخصين أو أكثر,MAPPED,,32
12257,1496,اتَّفَقَ,فعل,و ف ق,اِفْتَعَلَ,اتفاق تام على رأي أو موضوع,MAPPED,,32
13421,1496,وافَقَ,فعل,و ف ق,فَاعَلَ,اتفق مع آخرين في الرأي,MAPPED,,32
13442,1496,اتِّفاق,مصدر,و ف ق,اِفْتِعال,تطابق الآراء والمشاعر بين أشخاص,MAPPED,,32
12217,1497,تراجَعَ,فعل,ر ج ع,تَفَاعَلَ,ترك النية القاسية أو تخفيفها,MAPPED,,32
12218,1497,أذعَنَ,فعل,ذ ع ن,أَفْعَلَ,قبل أو وافق على شيء دون اعتراض,MAPPED,,32
12219,1497,استسلَمَ,فعل,س ل م,اِسْتَفْعَلَ,انحناء لطلب أو ضغط,MAPPED,,32
12220,1497,انهارَ,فعل,ه و ر,اِنْفَعَلَ,توقف المقاومة فجأة,MAPPED,,32
12230,1497,استسلَمَ,فعل,س ل م,اِسْتَفْعَلَ,توقف عن القتال أو الجدال,MAPPED,,32
12232,1497,انحناى,فعل,ن ح ي,اِنْفَعَلَ,استجاب للطلب والضغط,MAPPED,,32
12240,1497,استسلَمَ,فعل,س ل م,اِسْتَفْعَلَ,توقف المقاومة والاستسلام,MAPPED,,32
16553,1497,استسلَمَ,فعل,س ل م,اِسْتَفْعَلَ,توقف عن المقاومة تحت الضغط,MAPPED,,32
18443,1497,استسلَمَ,فعل,س ل م,اِسْتَفْعَلَ,استسلام مفاجئ أو غير متوقع,MAPPED,,32
18444,1497,استسلَمَ,فعل,س ل م,اِسْتَفْعَلَ,قبول سلطة شخص آخر أو جماعة,MAPPED,,32
12241,1500,استسلَمَ,فعل,س ل م,اِسْتَفْعَلَ,تنازل عن شيء تحت الإجبار,MAPPED,,32
12242,1500,تنازَلَ,فعل,ن ز ل,تَفَاعَلَ,ترك ملكية شيء طوعياً,MAPPED,,32
13151,1500,تنازَلَ,فعل,ن ز ل,تَفَاعَلَ,توقف طوعياً عن ملكية أو حق,MAPPED,,32
14699,1500,تنازَلَ,فعل,ن ز ل,تَفَاعَلَ,تنازل عن شيء لمتلقٍ بعدم رغبة,MAPPED,,32
12258,1510,نافِذ,صفة جامدة,ن ف ذ,فَاعِل,القانون أو السياسة التي تسري وتطبق,MAPPED,,32
12260,1510,نُفوذ,اسم جامد,ن ف ذ,فُعول,حالة كون الشيء سارياً ونافذاً,MAPPED,,32
12261,1510,نُفوذ,اسم جامد,ن ف ذ,فُعول,حالة كون الشيء ساري المفعول,MAPPED,,32
12262,1510,صحيح,صفة مشبهة,ص ح ح,فَعِيل,له قوة قانونية ملزمة,MAPPED,,32
12263,1510,باطِل,صفة مشبهة,ب ط ل,فَاعِل,بلا صلاحية قانونية,MAPPED,,32
12842,1510,باطِل,صفة مشبهة,ب ط ل,فَاعِل,بلا قوة قانونية,MAPPED,,32
13057,1510,ملزِم,اسم فاعل,ل ز م,مُفْعِل,ملزم قانوناً خاصة للعقود,MAPPED,,32
12264,1511,مَخزُون,اسم مفعول,خ ز ن,مَفْعول,كمية محفوظة للاستعمال المستقبلي,MAPPED,,32
12265,1511,مَخزُون,اسم مفعول,خ ز ن,مَفْعول,كمية متاحة للبيع أو الاستعمال,MAPPED,,32
12266,1511,رَصيد,اسم جامد,ر ص د,فَعِيل,كمية كبيرة من السلع المجمعة,MAPPED,,32
12267,1511,إمْداد,اسم جامد,م د د,إِفْعال,كمية مِن المورد المتاح للاستعمال,MAPPED,,32
12268,1511,مَخزُون,اسم مفعول,خ ز ن,مَفْعول,كمية البضاعة المتوفرة,MAPPED,,32
12269,1511,احْتِياطِي,صفة مشبهة,ح ط ي,اِفْتِعالي,كمية مُحتفَظ بها كمورد,MAPPED,,32
14694,1511,شُحْنَة,اسم جامد,ش ح ن,فُعْلَة,كمية البضاعة المُحملَة في الشحنة,MAPPED,,32
12270,1512,صحيح,صفة مشبهة,ص ح ح,فَعِيل,خالٍ من الخطأ وصحيح,MAPPED,,32
12271,1512,خاطِئ,صفة مشبهة,خ ط ئ,فَاعِل,غير متوافق مع الحقائق,MAPPED,,32
12272,1512,خاطِئ,صفة مشبهة,خ ط ئ,فَاعِل,غير صحيح أو غير سليم,MAPPED,,32
12273,1512,صحيح,صفة مشبهة,ص ح ح,فَعِيل,صحيح من حيث الواقع,MAPPED,,32
12274,1512,دقيق,صفة مشبهة,د ق ق,فَعِيل,صحيح في كل التفاصيل,MAPPED,,32
12275,1512,صِحَّة,مصدر,ص ح ح,فِعَّة,حالة كون الشيء صحيحاً,MAPPED,,32
13268,1512,دقيق,صفة مشبهة,د ق ق,فَعِيل,ليس تقريبياً بل محدد بدقة,MAPPED,,32
17052,1512,صحيح,صفة مشبهة,ص ح ح,فَعِيل,صحيح ضرورة أو ضمن نطاق معين,MAPPED,,32
12288,1513,قدَّرَ,فعل,ق د ر,فَعَّلَ,وضع تقدير تقريبي لشيء,MAPPED,,32
12289,1513,تقْدير,مصدر,ق د ر,تَفْعيل,عملية تخمين القيمة التقريبية,MAPPED,,32
13464,1513,خمَّنَ,فعل,خ م ن,فَعَّلَ,تقدير شيء بدون معلومات كافية,MAPPED,,32
17647,1513,قدَّرَ,فعل,ق د ر,فَعَّلَ,تقدير قيمة شيء بـ,MAPPED,,32
12282,1514,جيش,اسم جامد,ج ي ش,فِعْل,القوات المسلحة خاصة للأمة,MAPPED,,32
12283,1514,قوّة,اسم جامد,ق و ة,فُعْلَة,جسم منظم من العسكريين,MAPPED,,32
12284,1514,بحْرِيّة,اسم منسوب,ب ح ر,فَعْلِيّة,فرع القوات المسلحة البحري,MAPPED,,32
12285,1514,قوّة جوّيّة,تركيب,,,فرع من القوات يتعلق بالقتال الجوي,MAPPED,,32
12286,1514,جيش,اسم جامد,ج ي ش,فِعْل,قوة عسكرية منظمة برية,MAPPED,,32
12287,1514,بحْرِيّ,اسم منسوب,ب ح ر,فَعْلِيّ,متعلق بالبحرية أو الأسطول,MAPPED,,32
12290,1514,قوّات مسلَّحة,تركيب,,,الجيش والبحرية والقوات الجوية,MAPPED,,32
12390,1514,عسكَرِيّ,اسم منسوب,ع س ك ر,فَعْلِيّ,متعلق بالعسكريين أو الجيش,MAPPED,,32
12720,1514,قوّات عسكَرِيّة,تركيب,,,الجيش والبحرية الخ من الأمة,MAPPED,,32
16630,1514,ميليشيا,اسم جامد,م ل ش,فِعْلِيا,قوة عسكرية من المدنيين,MAPPED,,32
17215,1514,الحرس الوطنيّ,تركيب,,,فرع شبه عسكري من الاحتياط,MAPPED,,32
17251,1514,مشاة البحرية,تركيب,,,قوات مدربة بحرية وبرية,MAPPED,,32
17252,1514,خفر السواحل,تركيب,,,جهاز حراسة السواحل والمياه,MAPPED,,32
12291,1516,تقْدير,مصدر,ق د ر,تَفْعيل,حساب تقريبي أو حكم,MAPPED,,32
12292,1516,تقْدير,مصدر,ق د ر,تَفْعيل,حساب تقريبي لسمة من السمات,MAPPED,,32
12374,1516,رقْم تقْرِيبِيّ,تركيب,,,قيمة تقريبية وليست دقيقة,MAPPED,,32
12297,1518,انسحَبَ,فعل,س ح ب,اِنْفَعَلَ,توقف المشاركة في نشاط أو تنظيم,MAPPED,,32
12298,1518,انسِحاب,مصدر,س ح ب,اِنْفِعال,فعل التوقف عن المشاركة,MAPPED,,32
12346,1518,انسحَبَ,فعل,س ح ب,اِنْفَعَلَ,انسحاب من عمل أو التزام,MAPPED,,32
12348,1518,انسِحاب,مصدر,س ح ب,اِنْفِعال,فعل الانسحاب من التزام,MAPPED,,32
13459,1518,اعتذَرَ,فعل,ع ذ ر,اِفْتَعَلَ,انسحاب من وعد أو التزام,MAPPED,,32
12305,1519,أنجَزَ,فعل,ن ج ز,أَفْعَلَ,تحقيق أو إكمال شيء بنجاح,MAPPED,,32
12306,1519,حقَّقَ,فعل,ح ق ق,فَعَّلَ,إنجاز شيء بالجهد والمهارة,MAPPED,,32
12307,1519,إنْجاز,مصدر,ن ج ز,إِفْعال,شيء تم إنجازه بنجاح,MAPPED,,32
13220,1519,إنجاز,مصدر,ن ج ز,إِفْعال,شيء تم تحقيقه بنجاح,MAPPED,,32
13221,1519,سبَّبَ,فعل,س ب ب,فَعَّلَ,تسبب في تحقيق المقصد,MAPPED,,32
17292,1519,سبَّبَ,فعل,س ب ب,فَعَّلَ,إحداث أو تنفيذ شيء,MAPPED,,32
12300,1521,قدَّمَ,فعل,ق د م,فَعَّلَ,عرض اقتراح أو طلب للنظر فيه,MAPPED,,32
12301,1521,تقْديم,مصدر,ق د م,تَفْعيل,فعل عرض الاقتراح للنظر,MAPPED,,32
12302,1521,سلَّمَ,فعل,س ل م,فَعَّلَ,تسليم شيء لسلطة,MAPPED,,32
12303,1521,سلَّمَ,فعل,س ل م,فَعَّلَ,تسليم شيء لسلطة رسمية,MAPPED,,32
13231,1521,أودَعَ,فعل,و د ع,أَفْعَلَ,تقديم وثيقة لحفظها في ملف,MAPPED,,32
12310,1522,اعترَضَ,فعل,ع ر ض,اِفْتَعَلَ,منع وقف متجه من الوصول,MAPPED,,32
12326,1522,اعتِراض,مصدر,ع ر ض,اِفْتِعال,فعل منع شيء من الوصول,MAPPED,,32
12315,1523,حلَّ,فعل,ح ل ل,فَعَّلَ,إيجاد حل للمشكلة أو تسويتها,MAPPED,,32
12316,1523,حلَّ,فعل,ح ل ل,فَعَّلَ,إيجاد جواب أو شرح للمشكلة,MAPPED,,32
12317,1523,حلَّ,فعل,ح ل ل,فَعَّلَ,حل مشكلة معقدة تتطلب خطوات,MAPPED,,32
12318,1523,تعامَلَ,فعل,ع م ل,تَفَاعَلَ,اتخاذ إجراء حيال مشكلة,MAPPED,,32
12319,1523,أصلَحَ,فعل,ص ل ح,أَفْعَلَ,حل مشكلة لاستعادة الحالة الطبيعية,MAPPED,,32
12325,1523,وضَّحَ,فعل,و ض ح,فَعَّلَ,حل أو شرح شيء مبهم,MAPPED,,32
13227,1523,تعامَلَ,فعل,ع م ل,تَفَاعَلَ,الشروع في حل المشكلة,MAPPED,,32
13884,1523,تناوَلَ,فعل,ن و ل,تَفَاعَلَ,البدء في معالجة القضية,MAPPED,,32
15648,1523,تعامَلَ,فعل,ع م ل,تَفَاعَلَ,حل مشكلة,MAPPED,,32
16960,1523,أصلَحَ,فعل,ص ل ح,أَفْعَلَ,تصحيح الخطأ,MAPPED,,32
17253,1523,نتيجة,اسم جامد,ن ت ج,فَعِيل,معلومة أو كمية ناتجة من حساب,MAPPED,,32
17254,1523,إجابة,اسم جامد,ج و ب,إِفْعال,حل مشكلة أو لغز,MAPPED,,32
17508,1523,سيطَرَ,فعل,س ي ط ر,فَعَّلَ,إحضار المشكلة تحت السيطرة,MAPPED,,32
12331,1530,وجَّهَ,فعل,و ج ه,فَعَّلَ,توجيه بطريقة مختلفة,MAPPED,,32
12332,1530,حرَّفَ,فعل,ح ر ف,فَعَّلَ,تغيير المسار لتجنب مكان,MAPPED,,32
12333,1530,حرَّفَ,فعل,ح ر ف,فَعَّلَ,تغيير المسار أو الاتجاه,MAPPED,,32
12336,1531,شرْط,اسم جامد,ش ر ط,فَعْل,حالة يجب توفرها لإمكانية شيء,MAPPED,,32
12338,1531,شرْط,اسم جامد,ش ر ط,فَعْل,طلب يكون جزءاً من صفقة,MAPPED,,32
12339,1531,شرْط,اسم جامد,ش ر ط,فَعْل,شرط في وثيقة قانونية,MAPPED,,32
12340,1531,بند,اسم جامد,ب ن د,فَعْل,مادة منفصلة في عقد,MAPPED,,32
12349,1531,شرْط,اسم جامد,ش ر ط,فَعْل,متطلبات متفق عليها,MAPPED,,32
14261,1531,حدّ,اسم جامد,ح د د,فَعْل,حد أو نطاق يحدد العملية,MAPPED,,32
12341,1532,مُستَنفَذ,اسم مفعول,ن ف ذ,مُفْتَعَل,منقضٍ ومستهلك,MAPPED,,32
12342,1532,أرهَقَ,فعل,ر ه ق,أَفْعَلَ,موارد مستنزفة,MAPPED,,32
12343,1532,نَقَصَ,فعل,ن ق ص,فَعَلَ,مخفَّض في العدد أو الكمية,MAPPED,,32
12344,1532,استَنفَدَ,فعل,ن ف ذ,اِسْتَفْعَلَ,مستهلك تماماً,MAPPED,,32
12345,1532,استَنفَدَ,فعل,ن ف ذ,اِسْتَفْعَلَ,موارد أو احتياطيات مستهلكة,MAPPED,,32
13286,1532,انتهَى,فعل,ن ه ي,اِنْفَعَلَ,انتهى من نشاط أو علاقة,MAPPED,,32
12350,1533,كامِل,صفة مشبهة,ك م ل,فَاعِل,بلا أي جزء محذوف,MAPPED,,32
12351,1533,كامِل,صفة مشبهة,ك م ل,فَاعِل,يؤكد على الكم الضخم,MAPPED,,32
12352,1533,مجرَّد,اسم مفعول,ج ر د,مُفَعَّل,ليس أكثر من المحدد,MAPPED,,32
12363,1534,كامِل,صفة مشبهة,ك م ل,فَاعِل,فيه جميع الأجزاء الضرورية,MAPPED,,32
12364,1534,ناقِص,صفة مشبهة,ن ق ص,فَاعِل,ليس كاملاً,MAPPED,,32
12365,1534,اكتِمال,مصدر,ك م ل,اِفْتِعال,حالة كون الشيء كاملاً,MAPPED,,32
13173,1534,كلّيّ,اسم منسوب,ك ل ي,فَعْلِيّ,كامل مطلق,MAPPED,,32
13754,1534,ممتلِئ,اسم فاعل,م ل أ,مُفْتَعِل,غير ناقص أو ناقص,MAPPED,,32
12353,1535,كَهْرَباء,اسم جامد,ك ه ر ب,فَعْلَاء,التيار الكهربائي,MAPPED,,32
12354,1535,كَهْرَبائِيّ,اسم منسوب,ك ه ر ب,فَعْلَائِيّ,متعلق بالكهرباء,MAPPED,,32
12355,1535,طاقة,اسم جامد,ط ا ق,فَعَلَة,قوة مستخرجة من مصدر,MAPPED,,32
12356,1535,طاقة كَهْرَبائِيّة,تركيب,,,الطاقة الناتجة من التيار,MAPPED,,32
12357,1535,كَهْرَباء,اسم جامد,ك ه ر ب,فَعْلَاء,الطاقة الكهربائية,MAPPED,,32
12358,1535,كَهْرَبائِيّ,اسم منسوب,ك ه ر ب,فَعْلَائِيّ,متعلق بالكهرباء,MAPPED,,32
12359,1535,كَهْرومائِيّ,اسم منسوب,ك ه ر م ا ي,فَعْلَومائِيّ,متعلق بالطاقة المائية,MAPPED,,32
12360,1535,كَهْرومائِيّة,اسم منسوب,ك ه ر م ا ي,فَعْلَومائِيّة,كهرباء من الماء,MAPPED,,32
12361,1535,ضوئِيّة كَهْرَبائِيّة,تركيب,,,انبعاث إلكترونات من الضوء,MAPPED,,32
12362,1535,ضوئِيّة كَهْرَبائِيّة,تركيب,,,كهرباء تأثر بالضوء,MAPPED,,32
12423,1535,طاقة,اسم جامد,ط ا ق,فَعَلَة,قوة من مصادر طبيعية,MAPPED,,32
12850,1535,طاقة كَهْرَبائِيّة,تركيب,,,الطاقة الناتجة من التيار,MAPPED,,32
15941,1535,تيّار,اسم جامد,ت ي ر,فِعَّال,تدفق الإلكترونات,MAPPED,,32
12370,1540,نشِيط,صفة مشبهة,ن ش ط,فَعِيل,منخرط بنشاط في مجال,MAPPED,,32
12371,1540,خامِل,صفة مشبهة,خ م ل,فَاعِل,غير منخرط بنشاط,MAPPED,,32
16799,1540,بنشاط,ظرف,ن ش ط,بِـفَعَلِيّ,بطريقة نشيطة وحيوية,MAPPED,,32
12372,1541,رَكَّبَ,فعل,ر ك ب,فَعَّلَ,وضع أو تثبيت جهاز في موضع,MAPPED,,32
12373,1541,تركيب,مصدر,ر ك ب,تَفْعيل,فعل تثبيت أو تركيب الجهاز,MAPPED,,32
12411,1542,أكَّدَ,فعل,ا ك د,أَفْعَلَ,إعطاء اعتبار أكبر للشيء,MAPPED,,32
12412,1542,أولَى الأهمِيّة,تركيب,,,تحديد أولويات الشيء,MAPPED,,32
12413,1542,تأكِيد,مصدر,ا ك د,تَفْعيل,أهمية خاصة أعطيت لشيء,MAPPED,,32
12414,1542,رَكَّزَ,فعل,ر ك ز,فَعَّلَ,إعطاء أهمية لشيء معين,MAPPED,,32
12481,1542,مُركَّز,اسم مفعول,ر ك ز,مُفَعَّل,يأخذ موضوعاً محدداً أساساً,MAPPED,,32
12482,1542,مُركَّز,اسم مفعول,ر ك ز,مُفَعَّل,موجه نحو موضوع معين,MAPPED,,32
12483,1542,رَكَّزَ,فعل,ر ك ز,فَعَّلَ,إعطاء اهتمام خاص لشيء,MAPPED,,32
12484,1542,مُوجَّه,اسم مفعول,و ج ه,مُفَعَّل,موجه نحو موضوع معين,MAPPED,,32
12498,1542,مُوجَّه للنمو,تركيب,,,موجه نحو النمو الاقتصادي,MAPPED,,32
13482,1542,أكَّدَ,فعل,ا ك د,أَفْعَلَ,إعطاء تأكيد لشيء,MAPPED,,32
17611,1542,أبرَزَ,فعل,ب ر ز,أَفْعَلَ,إعطاء تأكيد على شيء,MAPPED,,32
12417,1543,شدَّدَ,فعل,ش د د,فَعَّلَ,إيصال الأهمية النسبية,MAPPED,,32
12418,1543,أكَّدَ,فعل,ا ك د,أَفْعَلَ,إيصال أهمية شيء,MAPPED,,32
13422,1543,خطَّطَ,فعل,خ ط ط,فَعَّلَ,إعطاء تأكيد لشيء,MAPPED,,32
13423,1543,وضَّحَ,فعل,و ض ح,فَعَّلَ,التأكيد على شيء,MAPPED,,32
12425,1550,تخزين,مصدر,خ ز ن,تَفْعيل,فعل حفظ الشيء,MAPPED,,32
12426,1550,خزَّنَ,فعل,خ ز ن,فَعَّلَ,احتفظ بشيء للاستعمال المستقبلي,MAPPED,,32
12427,1550,خزَّنَ,فعل,خ ز ن,فَعَّلَ,حفظ البضاعة في مستودع,MAPPED,,32
12428,1550,خزَّنَ,فعل,خ ز ن,فَعَّلَ,حفظ في ذاكرة تخزين مؤقتة,MAPPED,,32
15068,1550,احتفَظَ,فعل,ح ف ظ,اِفْتَعَلَ,تخزين للاستعمال المستقبلي,MAPPED,,32
15614,1550,خزَّنَ,فعل,خ ز ن,فَعَّلَ,تخزين في قبو,MAPPED,,32
15642,1550,خزَّنَ,فعل,خ ز ن,فَعَّلَ,حفظ بنية للاستعمال اللاحق,MAPPED,,32
12429,1552,أصْلِيّ,اسم منسوب,ا ص ل,فَعْلِيّ,منشأ من مكان معين,MAPPED,,32
12430,1552,أصْلِيّ,اسم منسوب,ا ص ل,فَعْلِيّ,نما أو نشأ في مكان,MAPPED,,32
12431,1552,أصْلِيّ,اسم منسوب,ا ص ل,فَعْلِيّ,منشأ حيث يوجد,MAPPED,,32
14357,1552,غريب,صفة مشبهة,غ ر ب,فَعِيل,شخص لا يعرفه أهل المكان,MAPPED,,32
14494,1552,غير أصْلِيّ,تركيب,,,غير من أصل محلي,MAPPED,,32
14500,1552,مَحَلِّيّ,اسم منسوب,م ح ل,فَعَّلِيّ,أصيل في مكان معين,MAPPED,,32
12442,1560,آمِن,صفة مشبهة,ا م ن,فَاعِل,مؤكد البقاء آمناً,MAPPED,,32
12443,1560,أمْن,اسم جامد,ا م ن,فِعْل,حالة الشعور بالأمان,MAPPED,,32
12444,1560,آمِن,صفة مشبهة,ا م ن,فَاعِل,محمي من الخطر,MAPPED,,32
12446,1560,غير آمِن,تركيب,,,غير آمن,MAPPED,,32
13376,1560,غير آمِن,تركيب,,,في خطر,MAPPED,,32
13385,1560,سلامة,اسم جامد,س ل م,فَعَالة,حالة الأمان,MAPPED,,32
13386,1560,خطَر,اسم جامد,خ ط ر,فَعَل,إمكانية حدوث شيء ضار,MAPPED,,32
13391,1560,ضعيف,صفة مشبهة,ض ع ف,فَعِيل,معرَّض للهجوم أو الضرر,MAPPED,,32
13392,1560,ضعْف,اسم جامد,ض ع ف,فِعْل,حالة التعرض للضرر,MAPPED,,32
13506,1560,خطَر,اسم جامد,خ ط ر,فَعَل,إمكانية الضرر أو الإصابة,MAPPED,,32
17498,1560,مهدَّد,اسم مفعول,ه د د,مُفَعَّل,معرّض للضرر أو الخطر,MAPPED,,32
18468,1560,ضعْف,اسم جامد,ض ع ف,فِعْل,ضعف هيكلي صعب الدفاع عنه,MAPPED,,32
18469,1560,ضعيف,صفة مشبهة,ض ع ف,فَعِيل,معرَّض لشيء معين,MAPPED,,32
12449,1561,انتظَرَ,فعل,ن ظ ر,اِنْفَعَلَ,البقاء في مكان حتى وقت معين,MAPPED,,32
18413,1561,انتظَرَ,فعل,ن ظ ر,اِنْفَعَلَ,الانتظار لفرصة للقيام بشيء,MAPPED,,32
12450,1562,ضيّق,صفة مشبهة,ض ي ق,فَعِيل,بصعوبة تام بالكاد,MAPPED,,32
12451,1562,حاسِم,صفة مشبهة,ح س م,فَاعِل,الفوز برصيد كبير,MAPPED,,32
12452,1562,حَسْم,اسم جامد,ح س م,فَعْل,حقيقة الفوز برصيد واسع,MAPPED,,32
12453,1562,قريب,صفة مشبهة,ق ر ب,فَعِيل,برصيد صغير,MAPPED,,32
13454,1562,بضيق,ظرف,ض ي ق,بِـفَعِيل,برصيد صغير,MAPPED,,32
12473,1563,قوِيّ,صفة مشبهة,ق و ة,فَعِيل,قادر على بذل قوة عظيمة,MAPPED,,32
12474,1563,ضعيف,صفة مشبهة,ض ع ف,فَعِيل,غير قادر على بذل قوة,MAPPED,,32
12851,1563,قوِيّ,صفة مشبهة,ق و ة,فَعِيل,يملك قوة أو نفوذاً عظيماً,MAPPED,,32
16153,1563,قوّة,اسم جامد,ق و ة,فُعْلَة,امتلاك قوة مادية كبيرة,MAPPED,,32
18261,1563,قدَرة,اسم جامد,ق د ر,فِعَالة,امتلاك قوة أو نفوذ عظيم,MAPPED,,32
18262,1563,قوِيّ,صفة مشبهة,ق و ة,فَعِيل,مليء بالقوة والنفوذ,MAPPED,,32
18263,1563,قوّة,اسم جامد,ق و ة,فُعْلَة,القوة أو القدرة المادية,MAPPED,,32
18264,1563,قوّة,اسم جامد,ق و ة,فُعْلَة,حالة كون الشيء قوياً,MAPPED,,32
18265,1563,ضعْف,اسم جامد,ض ع ف,فِعْل,حالة كون الشيء ضعيفاً,MAPPED,,32
18266,1563,قوِيّ,صفة مشبهة,ق و ة,فَعِيل,يملك قوة مادية عظيمة,MAPPED,,32
18267,1563,عاجِز,صفة مشبهة,ع ج ز,فَاعِل,بلا قوة مادية,MAPPED,,32
12455,1564,يسار,اسم جامد,ي س ر,فِعَال,حزب يفضل الآراء الراديكالية,MAPPED,,32
12456,1564,يسارِيّ,اسم منسوب,ي س ر,فَعَالِيّ,شخص ذو توجه يساري,MAPPED,,32
12457,1564,محافِظ,صفة مشبهة,ح ف ظ,مُفَاعِل,ينادي بالملكية الخاصة,MAPPED,,32
12475,1564,يسار متطرّف,تركيب,,,حزب راديكالي تماماً,MAPPED,,32
12487,1564,يسار متطرّف,تركيب,,,حزب راديكالي جداً,MAPPED,,32
12459,1565,ذخيرة,اسم جامد,ذ خ ر,فِعَالة,كمية من الرصاص والقذائف,MAPPED,,32
12460,1565,ذخيرة,اسم جامد,ذ خ ر,فِعَالة,الذخيرة المختصرة,MAPPED,,32
12461,1565,عتاد,اسم جامد,ع ت د,فِعَال,ذخيرة للأسلحة الثقيلة,MAPPED,,32
12462,1565,طلقة,اسم جامد,ط ل ق,فَعْلَة,كمية ذخيرة لطلقة واحدة,MAPPED,,32
12463,1565,ذخائِر,اسم جامد,ذ خ ر,فَعَائِر,ذخيرة وأسلحة استهلاكية,MAPPED,,32
12840,1565,رصاصة,اسم جامد,ر ص ص,فِعَالة,مقذوف من سلاح ناري,MAPPED,,32
18682,1565,قذيفة,اسم جامد,ق ذ ف,فِعِيلة,ذخيرة متعددة الطبقات,MAPPED,,32
12465,1566,تنصّلَ,فعل,ن ص ل,تَفَعَّلَ,الانسحاب من التزام,MAPPED,,32
12466,1566,أخلَفَ,فعل,خ ل ف,أَفْعَلَ,عدم الوفاء بوعد,MAPPED,,32
12467,1566,تنصّلَ,فعل,ن ص ل,تَفَعَّلَ,عدم الوفاء بوعد أو عقد,MAPPED,,32
12464,1567,استِيراد,مصدر,و ر د,اِسْتِفْعال,فعل نقل البضاعة إلى منطقة,MAPPED,,32
12471,1567,استورَدَ,فعل,و ر د,اِسْتَفْعَلَ,نقل البضاعة من الخارج,MAPPED,,32
12472,1567,استِيراد,مصدر,و ر د,اِسْتِفْعال,فعل استيراد البضاعة,MAPPED,,32
12515,1567,مستورَد,اسم مفعول,و ر د,مُسْتَفْعَل,سلعة مستوردة,MAPPED,,32
12468,1568,تصْدير,مصدر,ص د ر,تَفْعيل,فعل نقل البضاعة للخارج,MAPPED,,32
12469,1568,صدَّرَ,فعل,ص د ر,فَعَّلَ,نقل البضاعة لبيعها في الخارج,MAPPED,,32
12470,1568,تصْدير,مصدر,ص د ر,تَفْعيل,فعل تصدير البضاعة,MAPPED,,32
12516,1568,مُصدَّر,اسم مفعول,ص د ر,مُفَعَّل,سلعة مصدَّرة,MAPPED,,32
12477,1571,إصْلاح,مصدر,ص ل ح,إِفْعال,فعل إصلاح نظام,MAPPED,,32
12478,1571,أصْلَحَ,فعل,ص ل ح,أَفْعَلَ,تغيير مؤسسة لتحسينها,MAPPED,,32
12479,1571,أعادَ النظَر,تركيب,,,إحداث تغييرات للتحسين,MAPPED,,32
12480,1571,مراجَعة,اسم جامد,ر ج ع,مُفَاعَلة,فعل إحداث تغييرات,MAPPED,,32
12553,1571,أعادَ هيكَلة,تركيب,,,تغيير تنظيم النظام,MAPPED,,32
12489,1572,اقتِصاد,مصدر,ق ص د,اِفْتِعال,حالة الإنتاج والاستهلاك,MAPPED,,32
12490,1572,اقتِصادِيّ,اسم منسوب,ق ص د,اِفْتِعالِيّ,متعلق بالاقتصاد,MAPPED,,32
12491,1573,ذروة,اسم جامد,ذ ر ي,فِعْلَة,أعلى مستوى مسجل,MAPPED,,32
12492,1573,ذروة,اسم جامد,ذ ر ي,فِعْلَة,نقطة عالية من التطور,MAPPED,,32
12493,1573,أرضِيّة,صفة مشبهة,ا ر ض,فِعْلِيَّة,نقطة منخفضة من التطور,MAPPED,,32
12494,1573,قمَّة,اسم جامد,ق م م,فِعَّة,وقت أقوى شيء,MAPPED,,32
12495,1573,قاع,اسم جامد,ق و ع,فَعِيل,أدنى نقطة أو أقل نجاح,MAPPED,,32
12499,1574,تحالُف,مصدر,ح ل ف,تَفَاعُل,اتحاد لمنفعة مشتركة,MAPPED,,32
12500,1574,ائْتِلاف,مصدر,ا ت ل ف,اِفْتِعال,اتحاد مؤقت سياسي,MAPPED,,32
12502,1576,أَرْجَى,فعل,رجي,أَفْعَلَ,اختار الامتناع المؤقت عن فعل معين.,MAPPED,,33
12503,1576,انْتَظَرَ,فعل,نظر,اِفْتَعَلَ,مدّ الفترة الزمنية قبل القيام بفعل.,MAPPED,,33
12505,1578,تَرَدَّدَ,فعل,ردد,تَفَعَّلَ,عجز عن اختيار خيار واحد من عدة خيارات.,MAPPED,,33
12506,1578,تَمَايَلَ,فعل,ميل,تَفَاعَلَ,تقلب بين آراء أو تصرفات مختلفة.,MAPPED,,33
12507,1578,تَرَاجَعَ,فعل,رجع,تَفَاعَلَ,عجز عن اتخاذ قرار حاسم.,MAPPED,,33
12508,1578,رَاح,فعل,روح,فَعَلَ,تحرك ذهاباً وإياباً في الآراء.,MAPPED,,33
12509,1578,انْقَلَبَ,فعل,قلب,اِنْفَعَلَ,أحدث انقلاباً مفاجئاً في السياسة.,MAPPED,,33
12874,1578,اِرْتَبَكَ,فعل,ربك,اِفْتَعَلَ,أظهر عدم القدرة على اتخاذ قرار محدد.,MAPPED,,33
12517,1580,فِعْلِيّ,اسم منسوب,فعل,فِعْلِيّ,موجود بالفعل في الواقع دون افتراض.,MAPPED,,33
17070,1580,حَقِيقِيّ,اسم منسوب,حقق,فَعِيلِيّ,متطابق مع الواقع الفعلي الحقيقي.,MAPPED,,33
12518,1581,هَائِر,صفة مشبهة,هور,فَاعِل,يتصرف بحماقة دون اعتبار للعواقب.,MAPPED,,33
12519,1581,عَجِل,صفة مشبهة,عجل,فَعِل,يفتقر للصبر والتحمل عند التصرف.,MAPPED,,33
12520,1581,طَيّاش,صفة مشبهة,طيش,فَيْعَال,يتحرك بسرعة وتهور غير مدروس.,MAPPED,,33
12521,1581,صَابِر,اسم فاعل,صبر,فَاعِل,يتحرك بتأنّ ومراعاة معقولة للظروف.,MAPPED,,33
12530,1581,مُتَسَرِّع,اسم فاعل,سرع,مُتَفَعِّل,يحدث بسرعة دون اعتبار كافٍ للظروف.,MAPPED,,33
12531,1581,مُتَعَجِّل,اسم فاعل,عجل,مُتَفَعِّل,يتصرف بعجلة غير مناسبة.,MAPPED,,33
12522,1582,الأَصِيل,صفة مشبهة,صول,فَاعِل,الكيان المقصود بدقة كما تم استعماله.,MAPPED,,33
12868,1582,ذَات,اسم جامد,,,تُستخدم للتأكيد على شيء معين محدد.,MAPPED,,33
12532,1590,تَبَنَّى,فعل,بني,تَفَعَّلَ,اختار أخذ قيمة للصفة وبدأ استعمالها.,MAPPED,,33
12533,1590,تَحَمَّلَ,فعل,حمل,تَفَعَّلَ,بدأ استخدام صفة جديدة أو خاصية.,MAPPED,,33
12534,1590,احْتَضَنَ,فعل,ضحن,اِفْتَعَلَ,قَبِلَ اعتقاداً أو تغييراً برغبة صادقة.,MAPPED,,33
12537,1591,مَعْلُومَة,اسم جامد,علم,مَفْعُولَة,حقيقة أو معرفة مُكتسبة من البحث.,MAPPED,,33
12538,1591,اسْتِخْبَارَة,مصدر,خبر,اِسْتِفْعَالَة,معلومات سياسية أو عسكرية قيّمة.,MAPPED,,33
12539,1591,اسْتِخْبَارَة,مصدر,خبر,اِسْتِفْعَالَة,معلومات جمعت بطرق سرية.,MAPPED,,33
12540,1591,فَضِيحَة,اسم جامد,فضح,فَعِيلَة,معلومات مخزية أو حقيرة عن شخص.,MAPPED,,33
12541,1591,خَبَر,اسم جامد,خبر,فَعَل,آخر الأخبار أو المستجدات.,MAPPED,,33
12542,1591,نَبَأ,اسم جامد,نبأ,فَعَل,معلومات خاصة موثوقة.,MAPPED,,33
12543,1591,حَقِيقَة,اسم جامد,حقق,فَعِيلَة,معلومات داخلية موثوقة وأساسية.,MAPPED,,33
12687,1591,بَيَانَات,اسم جامد,بين,فَعَالَات,حقائق وإحصائيات للمرجعية والتحليل.,MAPPED,,33
12853,1591,خَبَر,اسم جامد,خبر,فَعَل,اختصار كلمة معلومة في الاستخدام.,MAPPED,,33
13491,1591,إِشَاعَة,اسم جامد,شيع,إِفْعَالَة,معلومات سرية أو نميمة شخصية.,MAPPED,,33
14601,1591,تَفْصِيل,مصدر,فصل,تَفْعِيل,معلومات محددة وتفصيلية محددة.,MAPPED,,33
12544,1592,مَدَار,اسم جامد,دور,مَفَال,مسار بيضاوي منتظم لجسم سماوي.,MAPPED,,33
12545,1592,مَسَار,اسم جامد,سير,مَفَال,الطريق أو الاتجاه المتبع من جسم متحرك.,MAPPED,,33
12546,1592,دَوْرَة,مصدر,دور,فَعْلَة,مسار دائري حول محيط موقع معين.,MAPPED,,33
12547,1592,طَرِيق,اسم جامد,طرق,فَعِيل,الاتجاه الذي يتحرك فيه شيء معين.,MAPPED,,33
12555,1594,حَتَّى,حرف,,,إلى هذا الوقت بقي الحال ثابتاً مستمراً.,MAPPED,,33
12556,1594,إِلَى,حرف,,,إلى الآن ولم يحدث تغيير في الحال.,MAPPED,,33
12557,1594,إِلَى,حرف,,,يتجاوز الوقت الحالي وربما يستمر.,MAPPED,,33
12558,1594,إِلَى,حرف,,,إلى الآن أو ذاك الوقت مستمراً.,MAPPED,,33
12559,1594,إِلَى,حرف,,,حتى الآن وربما يستمر الحال.,MAPPED,,33
13044,1594,بَعْد,ظرف,بعد,فَعْل,حتى في هذا الوقت أو لحظة محددة.,MAPPED,,33
12560,1596,قِمَّة,اسم جامد,قمم,فِعَّة,أعلى مستوى أو درجة معينة محققة.,MAPPED,,33
12561,1596,قَاع,اسم جامد,قوع,فَاعِل,أدنى نقطة أو مستوى معين محققة.,MAPPED,,33
13259,1596,ذِرْوَة,اسم جامد,ذروة,فِعْوَة,أعلى درجة من الإنجاز والتفوق.,MAPPED,,33
13260,1596,حَد,اسم جامد,حدد,فَعْل,أعظم كمية أو شدة ممكنة مسجلة.,MAPPED,,33
13261,1596,أَقْصَى,صفة مشبهة,قصي,أَفْعَل,الأعظم في الكمية أو الشدة أو المدى.,MAPPED,,33
13262,1596,حَد,اسم جامد,حدد,فَعْل,أصغر كمية ممكنة في الحالة المعينة.,MAPPED,,33
13263,1596,أَدْنَى,صفة مشبهة,دنو,أَفْعَل,الأصغر أو الأقل في الكمية أو الشدة.,MAPPED,,33
12564,1597,أَلِيف,صفة مشبهة,ألف,فَعِيل,معروف أو مألوف لمدرك معين.,MAPPED,,33
12565,1597,غَرِيب,صفة مشبهة,غرب,فَعِيل,غير معروف أو غير مألوف لمُدرك.,MAPPED,,33
12566,1597,جَدِيد,صفة مشبهة,جدد,فَعِيل,غير مألوف أو غريب على مُدرك معين.,MAPPED,,33
13255,1597,عَرَفَ,فعل,عرف,فَعَلَ,كان مألوفاً أو صديقاً لشخص آخر.,MAPPED,,33
13256,1597,تَعَرَّفَ,فعل,عرف,تَفَعَّلَ,معرفة شخص آخر معرفة شخصية مباشرة.,MAPPED,,33
13258,1597,نِطَاق,اسم جامد,نطق,فِعَال,حدود ما يعرفه الشخص أو يراه.,MAPPED,,33
13906,1597,قَرِيب,صفة مشبهة,قرب,فَعِيل,معروف بشكل قريب وحميم جداً.,MAPPED,,33
12569,1598,سَحَّاب,اسم جامد,سحب,فَعَّال,مثبت على شكل سحاب لإغلاق الوعاء.,MAPPED,,33
12570,1598,إِغْلَاق,مصدر,غلق,إِفْعَال,جهاز أو مادة توصل بين شيئين.,MAPPED,,33
12571,1598,زِرّ,اسم جامد,زرر,فِعْل,قطعة صغيرة تُخيّط لإغلاق الملابس.,MAPPED,,33
12572,1598,إِبْزِيم,اسم جامد,بزم,إِفْعِيل,إطار معدني لربط طرفي الحزام.,MAPPED,,33
12586,1599,تَكَاثَرَ,فعل,كثر,تَفَاعَلَ,تزايد العدد بسرعة ودون انقطاع.,MAPPED,,33
12587,1599,تَضَاعَفَ,فعل,ضعف,تَفَاعَلَ,زاد العدد أو الكمية بشكل متكرر.,MAPPED,,33
12588,1599,تَنَاقَصَ,فعل,نقص,تَفَاعَلَ,تراجع العدد حتى يقترب من الاختفاء.,MAPPED,,33
12589,1599,تَكَاثُر,مصدر,كثر,تَفَاعُل,التناسل السريع وتزايد الأعداد.,MAPPED,,33
13895,1599,عَدَم,اسم جامد,عدم,فَعَل,الوقاية من زيادة الأسلحة النووية.,MAPPED,,33
12596,1600,حَالَة,اسم جامد,حول,فَعَالَة,الوضع أو الشرط الذي يكون عليه الكيان.,MAPPED,,33
12597,1600,وَضْع,اسم جامد,وضع,فَعْل,الحالة من حيث المظهر أو الكفاءة.,MAPPED,,33
12599,1601,اسْتَشْهَدَ,فعل,شهد,اِسْتَفْعَلَ,ذكر دليلاً أو حجة لدعم وجهة نظر.,MAPPED,,33
12600,1601,ذَكَرَ,فعل,ذكر,فَعَلَ,أورد شاهداً أو دليلاً لدعم ادعاء.,MAPPED,,33
12601,1601,أَشَارَ,فعل,شير,أَفْعَلَ,وجّه انتباه شخص لحقيقة لدعم رأي.,MAPPED,,33
15795,1601,حَدَّدَ,فعل,حدد,فَعَّلَ,تحديد مبلغ أو وقت أو مكان معين.,MAPPED,,33
12603,1602,وَفِير,صفة مشبهة,وفر,فَعِيل,موجود بكمية كبيرة أو بوفرة.,MAPPED,,33
12604,1602,عَمّ,فعل,عمم,فَعَّلَ,تواجد بأعداد كبيرة أو كميات.,MAPPED,,33
12606,1602,زَخَرَ,فعل,زخر,فَعَلَ,امتلأ وتوفر بكميات كبيرة.,MAPPED,,33
12607,1602,كَثِير,صفة مشبهة,كثر,فَعِيل,موجود بوفرة وكثرة شديدة.,MAPPED,,33
12608,1603,نُدْرَة,اسم جامد,ندر,فُعْلَة,حالة عدم توفر المورد حسب الطلب.,MAPPED,,33
12609,1603,نَادِر,صفة مشبهة,ندر,فَاعِل,غير كافٍ لسد الطلب عليه.,MAPPED,,33
12610,1603,وَفِير,صفة مشبهة,وفر,فَعِيل,موجود بكثرة ويعطي كميات كبيرة.,MAPPED,,33
12611,1603,وَفْرَة,اسم جامد,وفر,فَعْلَة,حالة الكثرة والتوفر الشديد.,MAPPED,,33
12612,1603,نُدْرَة,اسم جامد,ندر,فُعْلَة,الحالة من عدم الكفاية نسبة للطلب.,MAPPED,,33
12614,1604,مُؤَسَّسَة,اسم جامد,سسس,مُفَعَّسَة,منظمة دائمة تأسست لغرض اجتماعي.,MAPPED,,33
12615,1604,مُؤَسَّسِيّ,اسم منسوب,سسس,مُفَعَّسِيّ,ما يتعلق بالمؤسسات أو نمطها.,MAPPED,,33
12616,1605,خِدْمَة,اسم جامد,خدم,فِعْلَة,نظام لتوفير حاجة عامة كالمواصلات.,MAPPED,,33
12633,1605,خِدْمَة,اسم جامد,خدم,فِعْلَة,خدمة متاحة للجمهور توفرها الدولة.,MAPPED,,33
12623,1606,بَطَالَة,اسم جامد,بطل,فَعَالَة,نسبة الأشخاص غير الموظفين.,MAPPED,,33
12624,1606,بِلَا,حرف,,,نسبة الأشخاص بلا عمل في المجتمع.,MAPPED,,33
12877,1606,تَوَظُّف,مصدر,وظف,تَفَعُّل,نسبة الأشخاص الموظفين المشتغلين.,MAPPED,,33
12625,1607,مَحْكَمَة,اسم جامد,حكم,مَفْعَلَة,جسم قضائي لسماع القضايا والفصل.,MAPPED,,33
12626,1607,مَحْكَمَة,اسم جامد,حكم,مَفْعَلَة,هيئة متخصصة لفض نوع من النزاعات.,MAPPED,,33
12627,1607,قَضَاء,اسم جامد,قضي,فَعَاء,السلطات القضائية في الدولة.,MAPPED,,33
12628,1607,قَضَائِيّ,اسم منسوب,قضي,فَعَائِيّ,ما يتعلق بالمحكمة أو القاضي.,MAPPED,,33
12630,1608,قَضِيَّة,اسم جامد,قضي,فَعِيلَة,موضوع مهم قيد النقاش والاختلاف.,MAPPED,,33
12632,1608,سُؤَال,اسم جامد,سأل,فُعَال,مشكلة تحتاج إلى حل وبحث.,MAPPED,,33
13234,1608,اهْتِمَام,مصدر,هتم,اِفْتِعَال,موضوع ذو أهمية واهتمام عام.,MAPPED,,33
12634,1609,بَرِيد,اسم جامد,برد,فَعِيل,رسائل وطرود مُرسلة بالبريد.,MAPPED,,33
12635,1609,بَرِيد,اسم جامد,برد,فَعِيل,رسائل وطرود مسلّمة بالبريد.,MAPPED,,33
12636,1609,شِحْنَة,اسم جامد,شحن,فِعْلَة,مجموعة سلع مشحونة معاً.,MAPPED,,33
12637,1610,نِظَام,اسم جامد,نظم,فِعَال,مركّب معقد من كيانات مترابطة.,MAPPED,,33
12650,1610,مَعْقِد,اسم جامد,عقد,مَفْعِل,نظام مرتبط من عناصر متداخلة.,MAPPED,,33
14038,1610,تَسَلْسُل,مصدر,سلس,تَفَعْلُل,سلسلة من المراحل تثير بعضها.,MAPPED,,33
12638,1611,شَبَكَة,اسم جامد,شبك,فَعَلَة,منظومة كيانات متصلة للتبادل.,MAPPED,,33
12642,1611,شَبَكَة,اسم جامد,شبك,فَعَلَة,نظام عناصر معقدة متداخلة.,MAPPED,,33
12639,1612,مُخْزٍ,صفة مشبهة,خزي,مُفْعِل,واقع حال غير مقبول اجتماعياً.,MAPPED,,33
12640,1612,عَارّ,صفة مشبهة,عور,فَاعِل,واقع يستحق الخزي والعار.,MAPPED,,33
12644,1614,تَجْدِيد,مصدر,جدد,تَفْعِيل,إعادة الحيوية والشباب إلى الكيان.,MAPPED,,33
12660,1614,أَحْيَا,فعل,حيي,أَفْعَلَ,أعاد الحياة والحيوية إلى شيء.,MAPPED,,33
12661,1614,إِحْيَاء,مصدر,حيي,إِفْعَاء,فعل إعادة الحياة والنشاط.,MAPPED,,33
12662,1614,جَدَّدَ,فعل,جدد,فَعَّلَ,أعاد الشباب أو الحيوية للكيان.,MAPPED,,33
12663,1614,رَوَّحَ,فعل,روح,فَعَّلَ,منح الجديد من القوة والنشاط.,MAPPED,,33
12664,1614,نَشَّطَ,فعل,نشط,فَعَّلَ,أعطى طاقة وقوة جديدة.,MAPPED,,33
12665,1614,تَنْشِيط,مصدر,نشط,تَفْعِيل,فعل إعطاء الطاقة والقوة الجديدة.,MAPPED,,33
12666,1614,أَحْيَا,فعل,حيي,أَفْعَلَ,أعاد الحياة والنشاط إلى شيء.,MAPPED,,33
12667,1614,أَحْيَا,فعل,حيي,أَفْعَلَ,أعاد الحيوية والحياة الجديدة.,MAPPED,,33
12668,1614,أَنْعَشَ,فعل,نعش,أَفْعَلَ,أعاد الحياة والنشاط بقوة.,MAPPED,,33
12669,1614,أَيْقَظَ,فعل,يقظ,أَفْعَلَ,أعاد الانتباه والنشاط.,MAPPED,,33
12670,1614,إِنْعَاش,مصدر,نعش,إِفْعَال,فعل إعادة الحيوية والنشاط.,MAPPED,,33
12867,1614,جَدَّدَ,فعل,جدد,فَعَّلَ,أعطى حياة وقوة جديدة.,MAPPED,,33
13229,1614,نَشَّطَ,فعل,نشط,فَعَّلَ,أعطى قوة وطاقة جديدة.,MAPPED,,33
14356,1614,إِحْيَاء,مصدر,حيي,إِفْعَاء,تحسن وتقوية حالة شيء معين.,MAPPED,,33
14557,1614,أَعَادَ,فعل,عود,أَفْعَلَ,إرجاع الشيء إلى حالته الأصلية.,MAPPED,,33
12641,1615,سَجَّلَ,فعل,سجل,فَعَّلَ,ودّن معلومات بشكل رسمي دائم.,MAPPED,,33
12658,1615,سَجَّلَ,فعل,سجل,فَعَّلَ,وثّق معلومات في سجل رسمي.,MAPPED,,33
13428,1615,وَثَّقَ,فعل,وثق,فَعَّلَ,سجل بصرياً أو كتابياً بشكل دقيق.,MAPPED,,33
13982,1615,أَرَّخَ,فعل,رخخ,فَعَّلَ,وثّق سلسلة أحداث بدقة تفصيلية.,MAPPED,,33
12647,1617,مَجْمُوعَة,اسم جامد,جمع,مَفْعُولَة,مجموعة من الكيانات بعلاقات متبادلة.,MAPPED,,33
12671,1619,فِي,حرف,,,الشخص عادة موجود في بيته أو مكتبه.,MAPPED,,33
12672,1619,خَارِج,ظرف,خرج,فَاعِل,الشخص غير موجود في بيته أو عمله.,MAPPED,,33
12674,1619,بَيْت,اسم جامد,بيت,فَيْل,الموقع المتوقع الذي يقيم فيه.,MAPPED,,33
12713,1620,أَوْدَعَ,فعل,ودع,أَفْعَلَ,ضع شخصاً تحت رعاية مؤسسة.,MAPPED,,33
12714,1620,إِيدَاع,مصدر,ودع,إِفْعَال,فعل إيداع شخص في مؤسسة.,MAPPED,,33
12715,1620,أَدْخَلَ,فعل,دخل,أَفْعَلَ,أرسل شخصاً إلى مستشفى نفسي.,MAPPED,,33
12716,1620,إِدْخَال,مصدر,دخل,إِفْعَال,فعل إدخال شخص إلى مستشفى نفسي.,MAPPED,,33
12717,1620,أَدْخَلَ,فعل,دخل,أَفْعَلَ,ضع شخصاً في المستشفى للعلاج.,MAPPED,,33
12718,1620,إِدْخَال,مصدر,دخل,إِفْعَال,فعل إدخال شخص إلى المستشفى.,MAPPED,,33
18748,1620,قَبِلَ,فعل,قبل,فَعِلَ,استقبل شخصاً في مؤسسة للإقامة.,MAPPED,,33
18749,1620,قَبُول,مصدر,قبل,فَعُول,فعل استقبال وإدخال شخص.,MAPPED,,33
12721,1621,تَشَكَّى,فعل,شكي,تَفَعَّلَ,شكا بحدة وشكوى متكررة.,MAPPED,,33
12722,1621,بَكَى,فعل,بكي,فَعَلَ,شكا بضعف وطريقة بائسة.,MAPPED,,33
12723,1621,اشْتَكَى,فعل,شكي,اِفْتَعَلَ,عبّر عن عدم الرضا والاستياء.,MAPPED,,33
12724,1621,تَأَوَّهَ,فعل,آه,تَفَعَّلَ,شكا أو تذمر بطريقة ضعيفة.,MAPPED,,33
12725,1621,انْتَقَدَ,فعل,نقد,اِنْفَعَلَ,انتقد بحدة وخبث متعمد.,MAPPED,,33
12726,1621,شِكَايَة,اسم جامد,شكي,فِعَالَة,فعل الشكوى والتظلم من حالة.,MAPPED,,33
12727,1621,تَذَمَّرَ,فعل,ذمر,تَفَعَّلَ,شكا بطريقة صغيرة وتافهة.,MAPPED,,33
12728,1621,أَسِفَ,فعل,سيف,فَعِلَ,عبّر عن الأسف والندم.,MAPPED,,33
12729,1621,اشْتَكَى,فعل,شكي,اِفْتَعَلَ,أظهر شكوى تافهة وسطحية.,MAPPED,,33
12730,1621,تَأَوَّهَ,فعل,آه,تَفَعَّلَ,شكا بصوت عالٍ ومتكرر.,MAPPED,,33
12763,1621,شِكَايَة,اسم جامد,شكي,فِعَالَة,شكوى بسيطة وسطحية.,MAPPED,,33
12847,1621,تَذَمَّرَ,فعل,ذمر,تَفَعَّلَ,شكا بطريقة مزعجة ومستمرة.,MAPPED,,33
13002,1621,تَذَمَّرَ,فعل,ذمر,تَفَعَّلَ,اشتكى بطريقة سيئة المزاج.,MAPPED,,33
13176,1621,تَذَمُّر,مصدر,ذمر,تَفَعُّل,فعل الشكوى والتذمر العام.,MAPPED,,33
17324,1621,شِكَايَة,اسم جامد,شكي,فِعَالَة,ظلم حقيقي أو متخيل.,MAPPED,,33
12731,1622,أَطْلَقَ,فعل,طلق,أَفْعَلَ,أعطى التعبير الحر لعاطفة قوية.,MAPPED,,33
12732,1622,أَذَاعَ,فعل,ذيع,أَفْعَلَ,عبّر عن رأي أو شكوى علناً.,MAPPED,,33
12733,1622,عَبَّرَ,فعل,عبر,فَعَّلَ,نقل رسالة لمجموعة من الناس.,MAPPED,,33
12734,1622,صَوَّتَ,فعل,صوت,فَعَّلَ,عبّر عن فكرة أو شعور بالكلام.,MAPPED,,33
12735,1622,أَعْطَى,فعل,عطي,أَفْعَى,أعطى تعبيراً صوتياً لشيء.,MAPPED,,33
12736,1622,تَعْبِير,مصدر,عبر,تَفْعِيل,فعل التعبير عن شيء ما.,MAPPED,,33
12737,1622,صَرَّحَ,فعل,صرح,فَعَّلَ,عبّر بوضوح عن فكرة أو شعور.,MAPPED,,33
12738,1622,عَبَّرَ,فعل,عبر,فَعَّلَ,عبّر عن فكرة باستخدام الكلمات.,MAPPED,,33
12743,1623,رَفَضَ,فعل,رفض,فَعَلَ,رفع عرض أو طلب بحدة.,MAPPED,,33
12744,1623,ردّ,فعل,ردد,فَعَّلَ,رفض بطريقة حادة وغير لطيفة.,MAPPED,,33
12745,1623,رَد,اسم جامد,ردد,فَعْل,رفض حاد ومباغت.,MAPPED,,33
12746,1623,رَفَضَ,فعل,رفض,فَعَلَ,رفع الموافقة على اقتراح.,MAPPED,,33
12747,1623,قَبِلَ,فعل,قبل,فَعِلَ,أبدى موافقة إيجابية على.,MAPPED,,33
12748,1623,قَبُول,مصدر,قبل,فَعُول,فعل إعطاء موافقة إيجابية.,MAPPED,,33
14566,1623,رَفْض,مصدر,رفض,فَعْل,فعل رفض اقتراح آخر.,MAPPED,,33
14586,1623,رَفَضَ,فعل,رفض,فَعَلَ,عدم قبول عرض معين.,MAPPED,,33
12749,1624,افْتَخَرَ,فعل,فخر,اِفْتَعَلَ,تحدث بفخر مفرط عن نفسه.,MAPPED,,33
12750,1624,تَفَاخَرَ,فعل,فخر,تَفَاعَلَ,تحدث بثقة وفخر مفرط عن.,MAPPED,,33
12751,1624,افْتِخَار,مصدر,فخر,اِفْتِعَال,فعل التحدث بفخر عن نفسه.,MAPPED,,33
12752,1624,تَمَايَزَ,فعل,ميز,تَفَاعَلَ,شعر بالفخر والزهو.,MAPPED,,33
12753,1624,ادَّعَى,فعل,دعي,اِفْتَعَلَ,تفاخر بادعاءات معظمة.,MAPPED,,33
12754,1624,تَفَاخَرَ,فعل,فخر,تَفَاعَلَ,مدح شيء بإفراط وكبرياء.,MAPPED,,33
12755,1624,مُتَفَاخِر,اسم فاعل,فخر,مُتَفَاعِل,يدل على الفخر والكبرياء.,MAPPED,,33
12756,1624,ادِّعَاء,مصدر,دعي,اِفْتِعَال,كلام متفاخر ومنتفخ.,MAPPED,,33
12762,1624,انتقد,فعل,نقد,اِنْفَعَلَ,أبدى شكوى بسيطة وتافهة.,MAPPED,,33
13215,1624,مُتَفَاخِر,اسم فاعل,فخر,مُتَفَاعِل,شخص يتحدث بفخر مفرط.,MAPPED,,33
12758,1625,رَفَضَ,فعل,رفض,فَعَلَ,عبّر عن عدم الرغبة في.,MAPPED,,33
12759,1625,اعْتَذَرَ,فعل,عذر,اِفْتَعَلَ,رفض بأدب ولياقة.,MAPPED,,33
12760,1625,رَفْض,مصدر,رفض,فَعْل,فعل الامتناع عن قبول أو إعطاء.,MAPPED,,33
12761,1625,وَافَقَ,فعل,وفق,فَاعَلَ,وافق على فعل ما مقترح.,MAPPED,,33
12764,1626,فَضَّلَ,فعل,فضل,فَعَّلَ,أحب شيء أكثر من آخر.,MAPPED,,33
12765,1626,كَرِهَ,فعل,كره,فَعِلَ,فضّل شيء أقل من آخر.,MAPPED,,33
13918,1626,فَضَّلَ,فعل,فضل,فَعَّلَ,فضّل شيء على آخر.,MAPPED,,33
12789,1631,حَمَى,فعل,حمي,فَعَلَ,منع الضرر أو الأذى.,MAPPED,,33
12790,1631,وَقَى,فعل,وقي,فَعَلَ,حمى من خطر أو مخاطرة.,MAPPED,,33
12791,1631,صَانَ,فعل,صون,فَاعَلَ,حمى بوسيلة واقية.,MAPPED,,33
12792,1631,عَزَلَ,فعل,عزل,فَعَلَ,حمى من شيء غير سار.,MAPPED,,33
12793,1631,أَمَّنَ,فعل,أمن,فَعَّلَ,حمى ضد التهديدات.,MAPPED,,33
12794,1631,حِمَايَة,اسم جامد,حمي,فِعَالَة,فعل أو حالة الحماية.,MAPPED,,33
12795,1631,حَامِي,اسم فاعل,حمي,فَاعِل,شخص أو شيء يحمي.,MAPPED,,33
12796,1631,حِمَايَة,اسم جامد,حمي,فِعَالَة,وسيلة للحماية من شيء.,MAPPED,,33
12797,1631,حِجَاب,اسم جامد,حجب,فِعَال,شخص أو شيء يوفر حماية.,MAPPED,,33
12798,1631,دِعَامَة,اسم جامد,دعم,فِعَالَة,دعم قوي أو حماية.,MAPPED,,33
14700,1631,حَرَسَ,فعل,حرس,فَعَلَ,راقب وحماية الأصل.,MAPPED,,33
16767,1631,ملْجَأ,اسم جامد,لجأ,مَفْعَل,درع ضد شيء ضار.,MAPPED,,33
16768,1631,أَوَى,فعل,أوي,أَفْعَلَ,أعطى حماية وملجأ.,MAPPED,,33
16769,1631,غِطَاء,اسم جامد,غطي,فِعَال,حماية غالباً من الهجوم.,MAPPED,,33
12799,1632,رَاغِب,اسم فاعل,رغب,فَاعِل,غير معترض على فعل.,MAPPED,,33
12800,1632,كَارِه,اسم فاعل,كره,فَاعِل,غير راغب في الفعل.,MAPPED,,33
12801,1632,مُتَرَدِّد,اسم فاعل,ردد,مُتَفَعِّل,معترض ومترددٌ.,MAPPED,,33
12802,1632,رَغْبَة,اسم جامد,رغب,فَعْلَة,حالة أو درجة عدم الاعتراض.,MAPPED,,33
12803,1632,مُكْرَه,اسم مفعول,كره,مُفْعَل,معترض وكاره.,MAPPED,,33
12804,1632,حَاقِد,اسم فاعل,حقد,فَاعِل,معترض بحنق وكراهية.,MAPPED,,33
12805,1632,رَفْض,مصدر,رفض,فَعْل,حالة أو درجة الاعتراض.,MAPPED,,33
12806,1632,مُسْتَعِد,اسم فاعل,عدد,مُسْتَفْعِل,راغب نتيجة التدبر.,MAPPED,,33
15885,1632,مُسْتَعِد,اسم فاعل,عدد,مُسْتَفْعِل,راغب في فعل شيء.,MAPPED,,33
12807,1633,رَكِبَ,فعل,ركب,فَعِلَ,دخل مركبة للانتقال.,MAPPED,,33
12808,1633,دَخَلَ,فعل,دخل,فَعَلَ,دخل أو ركب مركبة.,MAPPED,,33
12809,1633,رَكِبَ,فعل,ركب,فَعِلَ,دخل سفينة أو طائرة.,MAPPED,,33
12810,1633,رَكِبَ,فعل,ركب,فَعِلَ,دخل طائرة للسفر.,MAPPED,,33
12811,1633,رَكِبَ,فعل,ركب,فَعِلَ,دخل القطار للسفر.,MAPPED,,33
12812,1633,رَكِبَ,فعل,ركب,فَعِلَ,ركب حيوان أو دراجة.,MAPPED,,33
12813,1633,قَفَزَ,فعل,قفز,فَعَلَ,قفز على مركبة متحركة.,MAPPED,,33
12814,1633,رُكُوب,مصدر,ركب,فُعُول,فعل ركوب السفينة أو الطائرة.,MAPPED,,33
12815,1633,رُكُوب,مصدر,ركب,فُعُول,فعل ركوب الطاقم والركاب.,MAPPED,,33
12816,1633,رَكِبَ,فعل,ركب,فَعِلَ,دخل الحافلة.,MAPPED,,33
12817,1634,نَزَلَ,فعل,نزل,فَعَلَ,غادر مركبة السفر.,MAPPED,,33
12818,1634,نَزَلَ,فعل,نزل,فَعَلَ,غادر سفينة أو طائرة.,MAPPED,,33
12819,1634,نَزَلَ,فعل,نزل,فَعَلَ,نزل من الطائرة.,MAPPED,,33
12820,1634,نَزَلَ,فعل,نزل,فَعَلَ,غادر أو نزل من القطار.,MAPPED,,33
12821,1634,نَزَلَ,فعل,نزل,فَعَلَ,نزل من حيوان أو دراجة.,MAPPED,,33
12822,1634,نَزَلَ,فعل,نزل,فَعَلَ,نزل من المواصلات العامة.,MAPPED,,33
12823,1634,نَزَلَ,فعل,نزل,فَعَلَ,نزل من المركبة.,MAPPED,,33
12824,1634,نُزول,مصدر,نزل,فُعُول,فعل النزول من المركبة.,MAPPED,,33
12825,1634,خَرَجَ,فعل,خرج,فَعَلَ,غادر المركبة.,MAPPED,,33
12890,1641,بَدَأَ,فعل,بدأ,فَعَلَ,بدأ الحركة والتقدم نحو الهدف.,MAPPED,,33
12891,1641,انْطَلَقَ,فعل,طلق,اِنْفَعَلَ,بدأ الحركة من موضع.,MAPPED,,33
12892,1641,انْطَلَقَ,فعل,طلق,اِنْفَعَلَ,بدأ الحركة بعيداً عن المكان.,MAPPED,,33
12935,1641,انْطَلَقَ,فعل,طلق,اِنْفَعَلَ,شرع في رحلة ما.,MAPPED,,33
12895,1642,خَاضَ,فعل,خيض,فَاعَلَ,عبر نهر أو جدول.,MAPPED,,33
12896,1642,عَبَرَ,فعل,عبر,فَعَلَ,ذهب مباشرة عبر المنطقة.,MAPPED,,33
12920,1642,صَعِدَ,فعل,صعد,فَعِلَ,اجتاز سطح مائل صعوداً.,MAPPED,,33
12921,1642,صَعِدَ,فعل,صعد,فَعِلَ,تحرك صعوداً على سطح.,MAPPED,,33
12898,1644,غَادَرَ,فعل,غدر,فَعَلَ,المغادرة على وجه مخصوص,MAPPED,,34
12901,1644,فَرَّ,فعل,فرر,فَعَّلَ,الفرار على وجه مخصوص,MAPPED,,34
12902,1644,فَرَّ,فعل,فرر,فَعَّلَ,الفرار السريع على وجه مخصوص,MAPPED,,34
12903,1644,ذَهَبَ,فعل,ذهب,فَعَلَ,المغادرة المفاجئة على وجه مخصوص,MAPPED,,34
12904,1644,تَرَكَ,فعل,ترك,فَعَلَ,ترك مكان السكن على وجه مخصوص,MAPPED,,34
12905,1644,انطَلَقَ,فعل,طلق,اِنْفَعَلَ,الانطلاق في رحلة على وجه مخصوص,MAPPED,,34
12906,1644,تَرَاجُع,اسم جامد,رجع,تَفَاعُل,الانسحاب من الموقف,MAPPED,,34
12907,1644,تَرَاجَعَ,فعل,رجع,تَفَاعَلَ,الانسحاب من الموقف على وجه مخصوص,MAPPED,,34
12908,1644,نَاجٍ,اسم فاعل,نجا,فَاعِل,من هرب من السجن على وجه مخصوص,MAPPED,,34
12909,1644,مُهَاجِر,اسم فاعل,هجر,مُفَاعِل,من ترك بلاده على وجه مخصوص,MAPPED,,34
12910,1644,هِجْرَة,مصدر,هجر,فِعْلَة,ترك الوطن الأصلي,MAPPED,,34
12911,1644,هَاجَرَ,فعل,هجر,فَاعَلَ,الهجرة إلى بلد آخر على وجه مخصوص,MAPPED,,34
12912,1644,مُهَاجِر,اسم فاعل,هجر,مُفَاعِل,من هاجر من بلاده على وجه مخصوص,MAPPED,,34
12913,1644,خِيَانَة,مصدر,خون,فِعَالَة,ترك الواجب والالتزام,MAPPED,,34
12914,1644,تَرَكَ,فعل,ترك,فَعَلَ,مغادرة المكان على وجه مخصوص,MAPPED,,34
12915,1644,خَانَ,فعل,خون,فَعَلَ,التخلي عن الدولة على وجه مخصوص,MAPPED,,34
12916,1644,خِيَانَة,مصدر,خون,فِعَالَة,التخلي عن الحلف,MAPPED,,34
12917,1644,وَثَبَ,فعل,وثب,فَعَلَ,الهروب السريع على وجه مخصوص,MAPPED,,34
12918,1644,تَرَكَ,فعل,ترك,فَعَلَ,ترك الشيء نهائياً على وجه مخصوص,MAPPED,,34
12922,1645,تَرْجَمَ,فعل,رجم,فَعْلَمَ,نقل المعنى من لغة على وجه مخصوص,MAPPED,,34
12923,1645,تَرْجَمَة,مصدر,رجم,فَعْلَمَة,نقل النص إلى لغة أخرى,MAPPED,,34
12930,1650,انطَلَقَ,فعل,طلق,اِنْفَعَلَ,بدء الرحلة على وجه مخصوص,MAPPED,,34
12931,1650,انطَلَقَ,فعل,طلق,اِنْفَعَلَ,بدء الرحلة على وجه مخصوص,MAPPED,,34
12936,1650,غَادَرَ,فعل,غدر,فَعَلَ,الرحيل المفاجئ على وجه مخصوص,MAPPED,,34
12932,1652,أَوْصَلَ,فعل,وصل,أَفْعَلَ,إيصال الرسالة على وجه مخصوص,MAPPED,,34
12933,1652,أَوْصَلَ,فعل,وصل,أَفْعَلَ,إيصال المعنى بنجاح على وجه مخصوص,MAPPED,,34
12934,1652,وَضَّحَ,فعل,وضح,فَعَّلَ,إيصال الفكرة بوضوح على وجه مخصوص,MAPPED,,34
12938,1653,قَطَعَ,فعل,قطع,فَعَلَ,تغيير الاتجاه فجأة على وجه مخصوص,MAPPED,,34
12939,1653,التَفَتَ,فعل,لفت,اِفْتَعَلَ,تغيير الاتجاه على وجه مخصوص,MAPPED,,34
12941,1653,اتَّجَهَ,فعل,جهد,اِفْتَعَلَ,الانحناء في اتجاه على وجه مخصوص,MAPPED,,34
12942,1653,يَسَار,اسم جامد,يسر,فَعَال,الانحناء نحو اليسار,MAPPED,,34
12943,1653,يَمِين,اسم جامد,يمن,فَعِيل,الانحناء نحو اليمين,MAPPED,,34
12944,1653,انْحِنَاء,مصدر,حنا,اِنْفِعَال,تغيير الاتجاه,MAPPED,,34
12979,1653,انْحَنَى,فعل,حنا,اِنْفَعَلَ,تغيير الاتجاه فجأة على وجه مخصوص,MAPPED,,34
12984,1653,حَاد,فعل,حود,فَعَلَ,تغيير الاتجاه بشدة على وجه مخصوص,MAPPED,,34
12948,1654,تُرْجِمُ إِلَى,تركيب,,,معادل الترجمة,MAPPED,,34
12964,1655,مُعَادِل,صفة مشبهة,عدل,مُفَاعِل,كونه مكافئاً على وجه مخصوص,MAPPED,,34
12949,1656,صُورَة,اسم جامد,صور,فُعَالَة,صورة فوتوغرافية,MAPPED,,34
12950,1656,صُورَة,اسم جامد,صور,فُعَالَة,صورة مصنوعة بالكاميرا,MAPPED,,34
12951,1656,لَوْحَة,اسم جامد,لوح,فَعْلَة,صورة مرسومة بالألوان,MAPPED,,34
12952,1656,صُورَة,اسم جامد,صور,فُعَالَة,الرسم أو الصورة,MAPPED,,34
12953,1656,رَسْمَة,مصدر,رسم,فَعْلَة,رسم بقلم أو ريشة,MAPPED,,34
12954,1656,تِمْثَال,اسم جامد,ثمل,فِعْلَال,تمثال منحوت,MAPPED,,34
12955,1656,تِمْثَالَة,مصدر,ثمل,فِعْلَالَة,تمثال صغير,MAPPED,,34
12969,1656,تِمْثَال,اسم جامد,ثمل,فِعْلَال,عمل فني من البرونز,MAPPED,,34
12970,1656,رَسْمَة,مصدر,رسم,فَعْلَة,رسم توضيحي بسيط,MAPPED,,34
13483,1656,نِحْتَة,مصدر,نحت,فِعْلَة,عمل فني منحوت,MAPPED,,34
15694,1656,صُورَة,اسم جامد,صور,فُعَالَة,تمثيل بصري للمثير,MAPPED,,34
15945,1656,مُلَصَق,اسم مفعول,لصق,مُفَعَّل,فن مطبوع للبيع على وجه مخصوص,MAPPED,,34
16213,1656,رَسْمَة,مصدر,رسم,فَعْلَة,نقل خطوط الصورة,MAPPED,,34
16229,1656,تَتْبِيع,مصدر,تبع,تَفْعِيل,نقل خطوط الصورة,MAPPED,,34
12956,1657,رَسَمَ,فعل,رسم,فَعَلَ,الرسم بالألوان على وجه مخصوص,MAPPED,,34
12957,1657,صَوَّرَ,فعل,صور,فَعَّلَ,التقاط صورة فوتوغرافية على وجه مخصوص,MAPPED,,34
12958,1657,رَسَمَ,فعل,رسم,فَعَلَ,إنشاء رسم على سطح على وجه مخصوص,MAPPED,,34
12959,1657,نَحَتَ,فعل,نحت,فَعَلَ,الإنشاء بالنحت على وجه مخصوص,MAPPED,,34
12965,1657,رَسَمَ,فعل,رسم,فَعَلَ,رسم سريع تخطيطي على وجه مخصوص,MAPPED,,34
15079,1657,صَبَّ,فعل,صبب,فَعَّلَ,إنشاء بالصب في قالب على وجه مخصوص,MAPPED,,34
12966,1658,رَسَمَ,فعل,رسم,فَعَلَ,الرسم بالألوان على وجه مخصوص,MAPPED,,34
12967,1658,رَسَمَ,فعل,رسم,فَعَلَ,رسم الصورة على الورق على وجه مخصوص,MAPPED,,34
12968,1658,صَوَّرَ,فعل,صور,فَعَّلَ,التقاط صورة فوتوغرافية على وجه مخصوص,MAPPED,,34
14206,1658,فَنَّان,اسم فاعل,فنن,فَعَّال,من يمارس الفنون على وجه مخصوص,MAPPED,,34
15006,1658,نَحَتَ,فعل,نحت,فَعَلَ,الإنشاء النحتي على وجه مخصوص,MAPPED,,34
15078,1658,صَبَّ,فعل,صبب,فَعَّلَ,الإنشاء بالصب على وجه مخصوص,MAPPED,,34
12986,1659,وَثَبَ,فعل,وثب,فَعَلَ,الهروب المفاجئ على وجه مخصوص,MAPPED,,34
12987,1659,فَرَّ,فعل,فرر,فَعَّلَ,الفرار من الكارثة على وجه مخصوص,MAPPED,,34
12988,1659,فَرَّ,فعل,فرر,فَعَّلَ,الهروب والنجاة على وجه مخصوص,MAPPED,,34
17282,1659,فِرَار,مصدر,فرر,فِعَال,الهروب من مكان,MAPPED,,34
13003,1660,مَصْنُوع,اسم مفعول,صنع,مَفْعُول,ليس طبيعياً بل مقلد على وجه مخصوص,MAPPED,,34
13004,1660,مُزَيَّف,اسم مفعول,زيف,مُفَعَّل,ليس حقيقياً أو صادقاً على وجه مخصوص,MAPPED,,34
13005,1660,مُزَيَّف,اسم مفعول,زيف,مُفَعَّل,ليس حقيقياً على وجه مخصوص,MAPPED,,34
13006,1660,مُقَلَّد,اسم مفعول,قلد,مُفَعَّل,نسخة مزيفة على وجه مخصوص,MAPPED,,34
13007,1660,كَاذِب,صفة مشبهة,كذب,فَاعِل,اصطناعي وليس حقيقي على وجه مخصوص,MAPPED,,34
13008,1660,أَصْلِي,صفة مشبهة,صل,فَعْلِي,حقيقي وليس مقلداً على وجه مخصوص,MAPPED,,34
13009,1660,مُقَلَّد,اسم مفعول,قلد,مُفَعَّل,ليس حقيقياً بل بديل على وجه مخصوص,MAPPED,,34
13015,1660,دَجَّال,صيغة مبالغة,دجل,فَعَّال,شخص مزيف,MAPPED,,34
13016,1660,مُزَيَّف,اسم مفعول,زيف,مُفَعَّل,ليس حقيقياً أو صادقاً على وجه مخصوص,MAPPED,,34
13022,1660,مُزَيَّف,اسم مفعول,زيف,مُفَعَّل,ليس حقيقياً على وجه مخصوص,MAPPED,,34
17047,1660,حَقِيقِي,صفة مشبهة,حقق,فَعِيل,حقيقي وليس مقلداً على وجه مخصوص,MAPPED,,34
17048,1660,حَقِيقِي,صفة مشبهة,حقق,فَعِيل,ليس مصطنعاً بل طبيعي على وجه مخصوص,MAPPED,,34
17049,1660,حَقِيقِي,صفة مشبهة,حقق,فَعِيل,صحيح وليس كاذباً على وجه مخصوص,MAPPED,,34
17485,1660,غَيْرُ صَادِق,تركيب,,,يضلل في المعاني,MAPPED,,34
13010,1661,زَيَّفَ,فعل,زيف,فَعَّلَ,إنتاج مقلد على وجه مخصوص,MAPPED,,34
13011,1661,زَيَّفَ,فعل,زيف,فَعَّلَ,تزيف النقود أو الفن على وجه مخصوص,MAPPED,,34
13012,1661,زَيَّفَ,فعل,زيف,فَعَّلَ,إنتاج نسخة مزيفة على وجه مخصوص,MAPPED,,34
13013,1661,زَيَّفَ,فعل,زيف,فَعَّلَ,إنتاج مقلد ومزيف على وجه مخصوص,MAPPED,,34
13026,1661,تَزْيِيف,مصدر,زيف,تَفْعِيل,فعل التزيف,MAPPED,,34
13027,1661,تَزْيِيف,مصدر,زيف,تَفْعِيل,النسخة المزيفة,MAPPED,,34
13029,1661,مُقَلَّد,اسم مفعول,قلد,مُفَعَّل,شيء غير حقيقي على وجه مخصوص,MAPPED,,34
13017,1670,تَظَاهَرَ,فعل,ظهر,تَفَاعَلَ,التظاهر بأنه شخص آخر على وجه مخصوص,MAPPED,,34
13018,1670,انتَحَلَ,فعل,حول,اِفْتَعَلَ,التظاهر بهوية أخرى على وجه مخصوص,MAPPED,,34
13019,1670,انتَحَلَ,فعل,حول,اِفْتَعَلَ,التظاهر بشخصية أخرى على وجه مخصوص,MAPPED,,34
13023,1670,انتِحَال,مصدر,حول,اِفْتِعَال,التظاهر بهوية أخرى,MAPPED,,34
13028,1670,مُنتَحِل,اسم فاعل,حول,مُفْتَعِل,من يتظاهر بهوية أخرى على وجه مخصوص,MAPPED,,34
13024,1671,مَرَّرَ,فعل,مرر,فَعَّلَ,التمثيل الكاذب على وجه مخصوص,MAPPED,,34
13025,1671,مَرَّرَ,فعل,مرر,فَعَّلَ,الإيهام والتمويه على وجه مخصوص,MAPPED,,34
13030,1672,قَلَّدَ,فعل,قلد,فَعَّلَ,محاكاة السلوك والصفات على وجه مخصوص,MAPPED,,34
13032,1672,حَاكَى,فعل,حاك,فَاعَلَ,محاكاة للتسلية على وجه مخصوص,MAPPED,,34
13033,1672,حَاكَى,فعل,حاك,فَاعَلَ,محاكاة غير ذكية على وجه مخصوص,MAPPED,,34
13034,1672,قَلَّدَ,فعل,قلد,فَعَّلَ,محاكاة الأسلوب والتصرف على وجه مخصوص,MAPPED,,34
13036,1673,أَخْفَى,فعل,خفي,أَفْعَلَ,إزالة الشيء عن الأنظار على وجه مخصوص,MAPPED,,34
13037,1673,أَخْفَى,فعل,خفي,أَفْعَلَ,منع الإدراك البصري على وجه مخصوص,MAPPED,,34
13038,1673,غَطَّى,فعل,غطا,فَعَّلَ,الغطاء والتغطية على وجه مخصوص,MAPPED,,34
13039,1673,لَفَّ,فعل,لفف,فَعَّلَ,الإحاطة لإخفاء على وجه مخصوص,MAPPED,,34
15241,1673,تَمَوَّهَ,فعل,موه,تَفَعَّلَ,الاختفاء بالتمويه على وجه مخصوص,MAPPED,,34
17563,1673,سَدَّ,فعل,سدد,فَعَّلَ,منع الرؤية والإدراك على وجه مخصوص,MAPPED,,34
17564,1673,غَطَّى,فعل,غطا,فَعَّلَ,الغطاء والستر على وجه مخصوص,MAPPED,,34
13050,1680,تَرَاوَحَ,فعل,روح,تَفَاعَلَ,التنوع بين الحدود على وجه مخصوص,MAPPED,,34
14414,1680,مِن إِلَى,تركيب,,,حدود النطاق والتنوع,MAPPED,,34
13060,1681,يَقِظ,صفة مشبهة,يقظ,فَاعِل,عدم النوم والوعي على وجه مخصوص,MAPPED,,34
13061,1681,وَاعٍ,صفة مشبهة,وعي,فَاعِل,إدراك البيئة على وجه مخصوص,MAPPED,,34
13062,1681,مُتَيَقِّظ,اسم فاعل,يقظ,مُتَفَعِّل,عدم القدرة على النوم على وجه مخصوص,MAPPED,,34
13063,1681,سَهِرَ,فعل,سهر,فَعِلَ,السهر الديني على وجه مخصوص,MAPPED,,34
13064,1688,فَعَّلَ,فعل,فعل,فَعَّلَ,تشغيل الجهاز على وجه مخصوص,MAPPED,,34
13065,1688,شَغَّلَ,فعل,شغل,فَعَّلَ,تشغيل الآلة على وجه مخصوص,MAPPED,,34
13066,1688,أَطْفَأَ,فعل,طفا,أَفْعَلَ,إطفاء الجهاز على وجه مخصوص,MAPPED,,34
13432,1688,شَغَّلَ,فعل,شغل,فَعَّلَ,بدء تشغيل الحاسوب على وجه مخصوص,MAPPED,,34
14596,1688,أَطْفَأَ,فعل,طفا,أَفْعَلَ,إيقاف التشغيل على وجه مخصوص,MAPPED,,34
14638,1688,أَطْفَأَ,فعل,طفا,أَفْعَلَ,إيقاف الجهاز على وجه مخصوص,MAPPED,,34
14764,1688,قَطَعَ,فعل,قطع,فَعَلَ,إيقاف المحرك على وجه مخصوص,MAPPED,,34
15931,1688,قَطَعَ,فعل,قطع,فَعَلَ,إيقاف التشغيل على وجه مخصوص,MAPPED,,34
17186,1688,أَطْفَأَ,فعل,طفا,أَفْعَلَ,إيقاف تشغيل الشيء على وجه مخصوص,MAPPED,,34
13119,1722,لَخَّصَ,فعل,لخص,فَعَّلَ,تلخيص الموضوع على وجه مخصوص,MAPPED,,34
13124,1722,خُلَاصَة,اسم جامد,لخص,فُعَالَة,ملخص قصير,MAPPED,,34
13125,1722,لَخَّصَ,فعل,لخص,فَعَّلَ,تقديم ملخص موجز على وجه مخصوص,MAPPED,,34
13126,1722,لَخَّصَ,فعل,لخص,فَعَّلَ,عرض ملخص على وجه مخصوص,MAPPED,,34
14889,1722,لَخَّصَ,فعل,لخص,فَعَّلَ,تلخيص الحالة على وجه مخصوص,MAPPED,,34
13135,1725,تَعَرَّضَ,فعل,عرض,تَفَعَّلَ,التأثر بالحدث على وجه مخصوص,MAPPED,,34
18203,1725,تَأَثَّرَ,فعل,ثير,تَفَعَّلَ,التأثر بشيء ما على وجه مخصوص,MAPPED,,34
13136,1726,نَفَّذَ,فعل,نفذ,فَعَّلَ,تنفيذ الخطة على وجه مخصوص,MAPPED,,34
13359,1726,تَنْفِيذ,مصدر,نفذ,تَفْعِيل,فعل التنفيذ,MAPPED,,34
13425,1726,تَنْفِيذ,مصدر,نفذ,تَفْعِيل,حالة التطبيق,MAPPED,,34
14982,1726,شَرَعَ,فعل,شرع,فَعَلَ,تطبيق الخطة على وجه مخصوص,MAPPED,,34
14985,1726,تَطْبِيق,مصدر,طبق,تَفْعِيل,حالة النفاذ,MAPPED,,34
13154,1728,اسْتَأْجَرَ,فعل,أجر,اِسْتَفْعَلَ,استئجار الملكية على وجه مخصوص,MAPPED,,34
13155,1728,اسْتَأْجَرَ,فعل,أجر,اِسْتَفْعَلَ,دفع لاستخدام الشيء على وجه مخصوص,MAPPED,,34
13156,1728,اسْتَأْجَرَ,فعل,أجر,اِسْتَفْعَلَ,استئجار الطائرة أو السفينة على وجه مخصوص,MAPPED,,34
13157,1728,اسْتَأْجَرَ,فعل,أجر,اِسْتَفْعَلَ,الحصول على استخدام مؤقت على وجه مخصوص,MAPPED,,34
13158,1729,آجَّرَ,فعل,أجر,فَعَّلَ,تأجير الملكية على وجه مخصوص,MAPPED,,34
13159,1729,آجَّرَ,فعل,أجر,فَعَّلَ,السماح باستخدام مقابل على وجه مخصوص,MAPPED,,34
13161,1731,وَثِقَ,فعل,وثق,فَعِلَ,تصديق القول على وجه مخصوص,MAPPED,,34
13166,1731,مَوْثُوق,اسم مفعول,وثق,مَفْعُول,يُمْكِنُ الاعتماد عليه على وجه مخصوص,MAPPED,,34
13167,1731,أَمِين,صفة مشبهة,أمن,فَاعِل,جدير بالثقة على وجه مخصوص,MAPPED,,34
13168,1731,سَاذَج,صفة مشبهة,سذج,فَاعِل,يصدق بسهولة على وجه مخصوص,MAPPED,,34
13169,1731,وَثِقَ,فعل,وثق,فَعِلَ,التصديق والاعتماد على وجه مخصوص,MAPPED,,34
13171,1731,مَوْثُوقِيَّة,مصدر,وثق,مَفْعُولِيَّة,درجة الثقة,MAPPED,,34
13172,1731,ثِقَة,اسم جامد,وثق,فِعَالَة,الاعتقاد الراسخ,MAPPED,,34
13550,1731,تَصْدِيق,مصدر,صدق,تَفْعِيل,قبول الشيء كحقيقة,MAPPED,,34
13705,1731,سَاذَج,صفة مشبهة,سذج,فَاعِل,يثق بسهولة على وجه مخصوص,MAPPED,,34
14696,1731,إِيمَان,مصدر,أمن,فِعَال,الاعتقاد والتصديق,MAPPED,,34
13160,1733,اِنْضَمَّ,فعل,ضمم,اِنْفَعَّلَ,الانضمام للمجموعة على وجه مخصوص,MAPPED,,34
13162,1733,اِنْضَمَّ,فعل,ضمم,اِنْفَعَّلَ,الانضمام للمنظمة على وجه مخصوص,MAPPED,,34
13164,1733,اِنْتَسَبَ,فعل,نسب,اِنْتَفَعَلَ,الالتحاق بالمجموعة على وجه مخصوص,MAPPED,,34
13165,1733,اِشْتَرَكَ,فعل,شرك,اِفْتَعَلَ,الموافقة على الانضمام على وجه مخصوص,MAPPED,,34
13170,1733,دَخَلَ,فعل,دخل,فَعَلَ,الدخول للمؤسسة على وجه مخصوص,MAPPED,,34
13178,1734,سَتَرَ,فعل,ستر,فَعَلَ,التستر على النشاط غير المشروع على وجه مخصوص,MAPPED,,34
13179,1734,وَاجِهَة,اسم جامد,وجه,فَاعِلَة,ستار للنشاط غير المشروع,MAPPED,,34
14264,1734,سِتَار,اسم جامد,ستر,فِعَال,غطاء للنشاط غير المشروع,MAPPED,,34
13343,1750,إِرْهَاب,مصدر,رهب,إِفْعَال,العنف لأغراض سياسية,MAPPED,,34
13344,1750,إِرْهَابِي,صفة مشبهة,رهب,إِفْعَالِي,من يستخدم العنف على وجه مخصوص,MAPPED,,34
13346,1750,إِرْهَاب بِيئِي,تركيب,رهب,,العنف ضد البيئة,MAPPED,,34
13347,1750,إِرْهَابِي بِيئِي,اسم منسوب,رهب,,من يهدد الموارد الطبيعية,MAPPED,,34
13348,1750,إِرْهَاب بِيولُوجِي,تركيب,رهب,,الإرهاب بالسلاح البيولوجي,MAPPED,,34
13349,1750,إِرْهَابِي بِيولُوجِي,اسم منسوب,رهب,,من يستخدم السلاح البيولوجي,MAPPED,,34
13352,1750,إِرْهَابِي,صفة مشبهة,رهب,إِفْعَالِي,من يهدد البيئة على وجه مخصوص,MAPPED,,34
13353,1750,عُنْف بِيئِي,تركيب,,,الأعمال العنيفة ضد البيئة,MAPPED,,34
14567,1750,رُعْب,اسم جامد,رعب,فُعْل,وسيلة الإرهابيين,MAPPED,,34
13361,1761,مَال,اسم جامد,مول,فَعَال,وسيط التبادل المالي,MAPPED,,34
13362,1761,نُقُود,اسم جامد,نقد,فُعُول,المال نقداً,MAPPED,,34
13363,1761,أَمْوَال,اسم جامد,مول,أَفْعَال,الموارد المالية,MAPPED,,34
13364,1761,مَال,اسم جامد,مول,فَعَال,النقود غير الرسمي,MAPPED,,34
13365,1761,رَأْس مَال,تركيب,مول,,الثروة المستثمرة,MAPPED,,34
13366,1761,دِينَار,اسم جامد,دنر,فِعَال,الدينار النقد,MAPPED,,34
14990,1761,جِنِيهٌ,اسم جامد,جنه,فِعِيل,نقد بريطاني,MAPPED,,34
18608,1761,صُندُوق,اسم جامد,صندق,فُعْلُول,مصدر الأموال,MAPPED,,34
13377,1762,آمِن,صفة مشبهة,أمن,فَاعِل,غير معرض للخطر على وجه مخصوص,MAPPED,,34
13378,1762,غَيْرُ آمِن,تركيب,أمن,,معرض للخطر,MAPPED,,34
13379,1762,خَطِير,صفة مشبهة,خطر,فَعِيل,قادر على الإضرار على وجه مخصوص,MAPPED,,34
13380,1762,مَحْفُوف بِالْخَطَرِ,تركيب,خطر,,احتمال النتيجة السيئة,MAPPED,,34
13381,1762,خَطَر,اسم جامد,خطر,فَعَل,احتمال الأذى,MAPPED,,34
13400,1762,تَهْدِيد,مصدر,هدد,تَفْعِيل,احتمال الخطر,MAPPED,,34
13401,1762,خَطَر,اسم جامد,خطر,فَعَل,مصدر الأذى,MAPPED,,34
13452,1762,بِرِعَالَة,ظرف,,,بطريقة محفوفة بالخطر,MAPPED,,34
13453,1762,بِأَمَان,ظرف,أمن,,بدون تعريض للخطر,MAPPED,,34
15763,1762,حَارّ,صفة مشبهة,حرر,فَاعِل,غير مريح بسبب الخطر على وجه مخصوص,MAPPED,,34
13465,1770,أَطَالَ,فعل,طول,أَفْعَلَ,إطالة المدة على وجه مخصوص,MAPPED,,34
13466,1770,اختَصَرَ,فعل,خصر,اِفْتَعَلَ,تقصير المدة على وجه مخصوص,MAPPED,,34
13467,1770,جَرَّ,فعل,جرر,فَعَّلَ,إطالة غير ضرورية على وجه مخصوص,MAPPED,,34
13468,1770,أَطَالَ,فعل,طول,أَفْعَلَ,إطالة الحدث على وجه مخصوص,MAPPED,,34
13469,1770,مَدَّ,فعل,مدد,فَعَّلَ,جعل أطول على وجه مخصوص,MAPPED,,34
13470,1770,اختَصَرَ,فعل,خصر,اِفْتَعَلَ,قطع المدة على وجه مخصوص,MAPPED,,34
13471,1770,اختَصَرَ,فعل,خصر,اِفْتَعَلَ,تقليل المدة على وجه مخصوص,MAPPED,,34
18536,1770,أَبْطَأَ,فعل,بطأ,أَفْعَلَ,زيادة المدة على وجه مخصوص,MAPPED,,34
13517,1771,ازْدَهَرَ,فعل,زهر,اِفْتَعَلَ,الازدهار والنمو على وجه مخصوص,MAPPED,,34
13518,1771,نَمَا,فعل,نما,فَعَلَ,النمو الصحي على وجه مخصوص,MAPPED,,34
13519,1771,ازْدَهَرَ,فعل,زهر,اِفْتَعَلَ,النجاح المالي على وجه مخصوص,MAPPED,,34
13520,1771,ذَبِلَ,فعل,ذبل,فَعِلَ,الضعف والتدهور على وجه مخصوص,MAPPED,,34
13521,1771,كَسَاد,اسم جامد,كسد,فَعَال,فترة الكساد,MAPPED,,34
13850,1771,حَالَ,فعل,حول,فَعَلَ,الوجود بحالة معينة على وجه مخصوص,MAPPED,,34
13851,1771,سَارَ,فعل,سير,فَعَلَ,الأداء في الوضع على وجه مخصوص,MAPPED,,34
13852,1771,ازْدِهَار,مصدر,زهر,اِفْتِعَال,حالة النجاح المالي,MAPPED,,34
16358,1771,عَاشَ,فعل,عيش,فَعَلَ,الوجود بمستوى معين على وجه مخصوص,MAPPED,,34
13530,1781,قَوَّى,فعل,قوي,فَعَّلَ,جعل أقوى على وجه مخصوص,MAPPED,,34
13531,1781,قَوَّى,فعل,قوي,فَعَّلَ,إضافة القوة على وجه مخصوص,MAPPED,,34
13532,1781,دَعَّمَ,فعل,دعم,فَعَّلَ,إعطاء قوة إضافية على وجه مخصوص,MAPPED,,34
13533,1781,ضَعَّفَ,فعل,ضعف,فَعَّلَ,جعل أضعف على وجه مخصوص,MAPPED,,34
17598,1781,قَوَّى,فعل,قوي,فَعَّلَ,تعزيز القوة على وجه مخصوص,MAPPED,,34
13534,1782,دَعَّمَ,فعل,دعم,فَعَّلَ,إعطاء دعم على وجه مخصوص,MAPPED,,34
13535,1782,حَصَّنَ,فعل,حصن,فَعَّلَ,إضافة الحماية على وجه مخصوص,MAPPED,,34
13536,1782,شَدَّ,فعل,شدد,فَعَّلَ,جعل أثبت على وجه مخصوص,MAPPED,,34
13556,1790,وَسِيلَة,اسم جامد,وسل,فَعِيلَة,الطريقة لتحقيق النتيجة,MAPPED,,34
13557,1790,طَرِيقَة,اسم جامد,طرق,فَعِيلَة,الوسيلة والطريقة,MAPPED,,34
13558,1790,طَرِيقَة,اسم جامد,طرق,فَعِيلَة,الإجراء المتبع,MAPPED,,34
13559,1790,تِقْنِيَة,اسم جامد,تقن,فِعْلِيَة,الأسلوب الفعال,MAPPED,,34
13560,1790,إِجْرَاء,اسم جامد,جرا,إِفْعَال,سلسلة الخطوات,MAPPED,,34
13561,1790,طَرِيقَة,اسم جامد,طرق,فَعِيلَة,طريقة التعامل,MAPPED,,34
13563,1790,إِجْرَاء,اسم جامد,جرا,إِفْعَال,طريقة الحل,MAPPED,,34
13564,1790,آلِيَّة,اسم جامد,آل,فَاعِلَة,عملية التحقق,MAPPED,,34
13565,1790,طَرِيقَة,اسم جامد,طرق,فَعِيلَة,أسلوب العمل,MAPPED,,34
13566,1790,أَسَاس,اسم جامد,أسس,فَعَال,الوسيلة الأساسية,MAPPED,,34
13567,1790,عَمَلِيَّة,اسم جامد,عمل,فَعَلِيَّة,سلسلة الخطوات,MAPPED,,34
13568,1790,وَصْفَة,اسم جامد,وصف,فَعْلَة,تعليمات الإعداد,MAPPED,,34
13569,1790,بِ,حرف,,,بواسطة الوسيلة,MAPPED,,34
13570,1790,تَكْتِيك,اسم جامد,تكك,فَعْتِيك,استراتيجية مخطط لها,MAPPED,,34
14721,1790,عَلَى,حرف,,,بواسطة الاستخدام,MAPPED,,34
18442,1790,كَيْفَ,ظرف,,,سؤال عن الوسيلة,MAPPED,,34
13571,1792,نَجَا,فعل,نجا,فَعَلَ,البقاء على قيد الحياة على وجه مخصوص,MAPPED,,34
13572,1792,تَجَاوَزَ,فعل,جوز,تَفَاعَلَ,النجاة من الخطر على وجه مخصوص,MAPPED,,34
13594,1792,تَجَاوَزَ,فعل,جوز,تَفَاعَلَ,النجاة بسلام على وجه مخصوص,MAPPED,,34
14587,1792,نَجَاة,مصدر,نجا,فَعَالَة,البقاء حياً,MAPPED,,34
16351,1792,عَاشَ,فعل,عيش,فَعَلَ,البقاء بعد محنة على وجه مخصوص,MAPPED,,34
13574,1794,اِسْتَعْمَرَ,فعل,عمر,اِسْتَفْعَلَ,توسيع الأراضي على وجه مخصوص,MAPPED,,34
13575,1794,مُسْتَعْمِر,اسم فاعل,عمر,مُسْتَفْعِل,من يستوطن الأرض على وجه مخصوص,MAPPED,,34
13576,1794,مُسْتَعْمَرَة,اسم جامد,عمر,مُسْتَفْعَلَة,إقليم تحت السيطرة,MAPPED,,34
13578,1794,اِسْتَوْطَنَ,فعل,وطن,اِسْتَفْعَلَ,الاستقرار في أرض جديدة على وجه مخصوص,MAPPED,,34
13579,1794,اِسْتِيطَان,مصدر,وطن,اِسْتِفْعَال,عملية الاستيطان,MAPPED,,34
13580,1794,مُسْتَوْطَنَة,اسم جامد,وطن,مُسْتَفْعَلَة,مكان الاستيطان,MAPPED,,34
13581,1794,مُسْتَوْطِن,اسم فاعل,وطن,مُسْتَفْعِل,من يستوطن على وجه مخصوص,MAPPED,,34
13582,1794,أَسْكَنَ,فعل,سكن,أَفْعَلَ,الإقامة والسكن على وجه مخصوص,MAPPED,,34
13583,1794,أَسْكَنَ,فعل,سكن,أَفْعَلَ,تكوين السكان على وجه مخصوص,MAPPED,,34
14663,1794,أَسْكَنَ,فعل,سكن,أَفْعَلَ,إعادة السكان على وجه مخصوص,MAPPED,,34
13596,1795,هَيْمَنَ,فعل,همن,فَعْلَلَ,يسيطر العامل بقوة على الموقف,MAPPED,,35
13597,1795,هَيْمَنَة,مصدر,همن,فَعْلَلَة,حالة تحكم العامل بالوضع,MAPPED,,35
13601,1795,غَالِب,صفة مشبهة,غلب,فَاعِل,الأقوى والأهم تأثيراً في الموقف,MAPPED,,35
13604,1795,غَلَبَ,فعل,غلب,فَعَلَ,يكون العنصر الأقوى أو الأساسي,MAPPED,,35
16841,1795,حَكَمَ,فعل,حكم,فَعَلَ,يؤثر تأثيراً كبيراً في الموقف,MAPPED,,35
13598,1796,تَحَكَّمَ,فعل,حكم,تَفَعَّلَ,يسيطر على المنافس بالقوة,MAPPED,,35
13599,1796,تَحَكُّم,مصدر,حكم,تَفَعُّل,حالة السيطرة على الآخر,MAPPED,,35
13600,1796,غَالِب,صفة مشبهة,غلب,فَاعِل,ذو قوة وسيطرة,MAPPED,,35
13626,1796,زَعِيم,اسم فاعل,زعم,فَاعِل,من يحكم بالقوة والتهديد,MAPPED,,35
13610,1799,تَحَكَّمَ,فعل,حكم,تَفَعَّلَ,يحدد مسار الكيان التابع,MAPPED,,35
13611,1799,حَدَّدَ,فعل,حدد,فَعَّلَ,يكون العامل السببي الحاسم,MAPPED,,35
16590,1799,تَحَكُّم,مصدر,حكم,تَفَعُّل,سلطة الكيان على آخر,MAPPED,,35
18132,1799,قَادَ,فعل,قود,فَعَلَ,يملك السلطة على الموقف,MAPPED,,35
18133,1799,قِيَادَة,مصدر,قود,فِعَالَة,ممارسة السلطة والتحكم,MAPPED,,35
18136,1799,نَظَّمَ,فعل,نظم,فَعَّلَ,يسيطر بقاعدة أو منهج,MAPPED,,35
18137,1799,نِظَام,اسم جامد,نظم,فِعَال,قاعدة تُفرض من السلطة,MAPPED,,35
13613,1800,تَحَكُّم,مصدر,حكم,تَفَعُّل,القدرة على تحديد مسار الأمور,MAPPED,,35
18150,1800,هَيْمَنَ,فعل,همن,فَعْلَلَ,يسود ويحكم الموضع,MAPPED,,35
18151,1800,هَيْمَنَة,مصدر,همن,فَعْلَلَة,السلطة والحكم على الكيان,MAPPED,,35
18152,1800,أَدَارَ,فعل,دور,أَفْعَلَ,يوجه ويتحكم في الاستخدام,MAPPED,,35
18153,1800,إِدَارَة,مصدر,دور,إِفْعَالَة,توجيه وتحكم في الشؤون,MAPPED,,35
18154,1800,لَاعَبَ,فعل,لعب,فَاعَلَ,يتحكم في الشيء بمهارة,MAPPED,,35
18155,1800,مُلاعَبَة,مصدر,لعب,مُفَاعَلَة,التحكم الماهر في الشيء,MAPPED,,35
18156,1800,حَكَمَ,فعل,حكم,فَعَلَ,يمارس السلطة المطلقة,MAPPED,,35
18157,1800,تَحَكُّم,مصدر,حكم,تَفَعُّل,تحديد ملامح الموضع,MAPPED,,35
13614,1801,مَصِير,اسم جامد,صير,فَعِيل,ما سيحدث للشخص مستقبلاً,MAPPED,,35
13615,1801,قَدَر,اسم جامد,قدر,فَعَل,ما يحدث بقضاء محتوم,MAPPED,,35
13621,1801,نَصِيب,اسم جامد,نصب,فَاعِل,حظ الشخص في الحياة,MAPPED,,35
13622,1801,حَظ,اسم جامد,حظظ,فَعَل,ما هو محتوم للإنسان,MAPPED,,35
13623,1801,قِسْمَة,مصدر,قسم,فِعْلَة,الحظ والمقسوم على الشخص,MAPPED,,35
13624,1801,نُجوم,اسم جامد,,,تأثير النجوم على المصير,MAPPED,دخيل,35
13625,1801,هَلاك,مصدر,هلك,فَعَال,مصير مظلم محتوم,MAPPED,,35
13631,1801,قَضاء,مصدر,قضي,فَعَال,الظروف التي لا يمكن تجنبها,MAPPED,,35
15896,1801,مَقْدور,اسم مفعول,قدر,مَفْعول,ما هو في البطاقات,MAPPED,,35
15897,1801,مَقْدور,اسم مفعول,قدر,مَفْعول,محتوم الحدوث,MAPPED,,35
15898,1801,مَقْضِي,اسم مفعول,قضي,مَفْعُل,ما هو محتوم بلا جهد,MAPPED,,35
15899,1801,مَقْضِي,اسم مفعول,قضي,مَفْعُل,يحدث بقدر لا دخل للإنسان,MAPPED,,35
15900,1801,هَالِك,صفة مشبهة,هلك,فَاعِل,محتوم عليه بحال معينة,MAPPED,,35
13627,1811,حَظِيظ,صفة مشبهة,حظظ,فَاعِل,مَن حالفه الحظ الجيد,MAPPED,,35
13628,1811,حَظ,اسم جامد,حظظ,فَعَل,النجاح الناتج من الصدفة,MAPPED,,35
13629,1811,سَعِيد,صفة مشبهة,سعد,فَاعِل,محظوظ وفي حالة مواتية,MAPPED,,35
13630,1811,مَحْظوظ,اسم مفعول,حظظ,مَفْعول,له حظ طيب,MAPPED,,35
14212,1811,بِحَظ,ظرف,,,بفعل الحظ والصدفة,MAPPED,,35
14213,1811,بِسَعْد,ظرف,,,بفعل الحظ الجيد,MAPPED,,35
14214,1811,حَظ,اسم جامد,حظظ,فَعَل,الحظ الجيد بصفة خاصة,MAPPED,,35
14811,1811,عَرَضِي,اسم منسوب,,,بسبب صدفة سعيدة,MAPPED,,35
16252,1811,شَقِي,صفة مشبهة,شقي,فَاعِل,محروم أو جدير بالرثاء,MAPPED,,35
13632,1812,مُصادَفَة,مصدر,صدف,مُفَاعَلَة,تزامن أحداث بلا ارتباط سببي,MAPPED,,35
13633,1812,مُصادَفَة,مصدر,صدف,مُفَاعَلَة,تزامن الأحداث بغير قصد,MAPPED,,35
13634,1812,حَادِثَة,اسم جامد,حدث,فَاعِلَة,ما يقع بالصدفة,MAPPED,,35
13635,1812,حَدَثَ,فعل,حدث,فَعَلَ,يقع بفعل الصدفة,MAPPED,,35
15890,1812,صُدْفَة,اسم جامد,صدف,فُعْلَة,حدث عشوائي,MAPPED,,35
15891,1812,عَشْوَائِي,اسم منسوب,,,يحدث دون توقع,MAPPED,,35
15892,1812,عَشْوَائِي,اسم منسوب,,,يحدث بلا قانون محدد,MAPPED,,35
15894,1812,حَدَثَ,فعل,حدث,فَعَلَ,يقع بلا توقع,MAPPED,,35
15895,1812,بِشَكْل عَشْوَائِي,تركيب,,,دون نظام أو توقع,MAPPED,,35
13639,1813,أَنْفَذَ,فعل,نفذ,أَفْعَلَ,يفرض امتثال القاعدة,MAPPED,,35
13761,1813,إِنْفَاذ,مصدر,نفذ,إِفْعَال,فرض اتباع القاعدة,MAPPED,,35
13644,1817,حَاصَرَ,فعل,حصر,فَاعَلَ,يحيط بموقع عسكري,MAPPED,,35
13645,1817,حِصَار,مصدر,حصر,فِعَال,عملية عسكرية تحيط بالموقع,MAPPED,,35
13646,1817,حَاصَرَ,فعل,حصر,فَاعَلَ,يحاصر الموقع,MAPPED,,35
13647,1817,حَاصَرَ,فعل,حصر,فَاعَلَ,يحيط بموقع للحصار,MAPPED,,35
13648,1817,حِصَار,مصدر,حصر,فِعَال,عملية محاصرة موقع,MAPPED,,35
13649,1817,حِصَار,مصدر,حصر,فِعَال,فعل محاصرة الموقع,MAPPED,,35
13650,1817,حِصَار,مصدر,حصر,فِعَال,عملية المحاصرة,MAPPED,,35
18030,1817,تَطْوِيق,مصدر,طوق,تَفْعِيل,محاصرة كاملة,MAPPED,,35
13655,1818,عَدَّ,فعل,عدد,فَعَّلَ,يكون عضواً في مجموعة,MAPPED,,35
13656,1818,حَسَبَ,فعل,حسب,فَعَلَ,يكون من بين أعضاء مجموعة,MAPPED,,35
13929,1818,من بين,حرف,,,كعضو في مجموعة أكبر,MAPPED,,35
13959,1818,جُزْء,اسم جامد,جزأ,فُعْل,جزء من مجموعة أكبر,MAPPED,,35
13660,1820,يُعَادِل,فعل,عدل,يُفَاعِل,مساوٍ للخطورة,MAPPED,,35
13661,1820,عُدّ,فعل,عدد,فُعِّل,يُعتبر عضواً في الصنف,MAPPED,,35
13662,1820,يَبْلُغ,فعل,بلغ,يَفْعُل,يُعادل في المعنى,MAPPED,,35
13663,1820,شَكَّلَ,فعل,شكل,فَعَّلَ,يكون مساوياً أو مكافئاً,MAPPED,,35
13671,1840,صِيَاح,مصدر,صيح,فِعَال,نداء مميز للحيوان,MAPPED,,35
13672,1840,عُوَاء,مصدر,عوى,فُعَال,نداء طويل من حيوان,MAPPED,,35
15821,1840,صَرِير,اسم جامد,صرر,فَعِيل,صوت حاد قصير,MAPPED,,35
13680,1850,يَحْمِل,فعل,حمل,يَفْعِل,يوجد مخزوناً من,MAPPED,,35
13681,1850,خَزَّنَ,فعل,خزن,فَعَّلَ,يوجد مخزوناً من البضاعة,MAPPED,,35
13692,1860,كَسَرَ,فعل,كسر,فَعَلَ,ينفصل جزء صغير,MAPPED,,35
15797,1860,انْفَصَلَ,فعل,فصل,اِنْفَعَلَ,ينفصل أو يسقط,MAPPED,,35
15873,1860,كَسَرَ,فعل,كسر,فَعَلَ,ينكسر بسرعة بصوت,MAPPED,,35
13696,1862,انْكَسَرَ,فعل,كسر,اِنْفَعَلَ,ينفصل إلى قطع صغيرة,MAPPED,,35
13697,1862,انْهَارَ,فعل,هور,اِنْفَعَلَ,ينفصل إلى أجزاء صغيرة,MAPPED,,35
15870,1862,تَفَتَّتَ,فعل,فتت,تَفَعَّلَ,ينقسم إلى أجزاء,MAPPED,,35
15871,1862,تَحَطَّمَ,فعل,حطم,تَفَعَّلَ,ينكسر فجأة بقوة,MAPPED,,35
15872,1862,تَشَقَّقَ,فعل,شقق,تَفَعَّلَ,ينقسم إلى شرائح,MAPPED,,35
15874,1862,انْقَسَمَ,فعل,قسم,اِنْفَعَلَ,ينكسر إلى أجزاء,MAPPED,,35
15875,1862,انْفَصَلَ,فعل,فصل,اِنْفَعَلَ,ينقسم من صدمة,MAPPED,,35
17568,1862,تَفَتَّتَ,فعل,فتت,تَفَعَّلَ,ينهار إلى أجزاء دقيقة,MAPPED,,35
13702,1863,انْفَصَلَ,فعل,فصل,اِنْفَعَلَ,ينفصل عن الكل,MAPPED,,35
13703,1863,انْقَسَمَ,فعل,قسم,اِنْفَعَلَ,ينقسم بعنف,MAPPED,,35
13704,1863,انْقَسَمَ,فعل,قسم,اِنْفَعَلَ,ينقسم إلى أجزاء,MAPPED,,35
13720,1870,وُصول,مصدر,وصل,فُعول,الحق في استخدام أو رؤية شيء,MAPPED,,35
13721,1870,مَسْدود,اسم مفعول,سدد,مَفْعول,غير قادر على الدخول,MAPPED,,35
13760,1870,متَاح,صفة مشبهة,وتح,مَفْعول,يمكن الوصول إليه,MAPPED,,35
17376,1870,غَيْر متَاح,تركيب,,,لا يمكن الاقتراب منه,MAPPED,,35
17377,1870,وَصَلَ,فعل,وصل,فَعَلَ,يدخل أو يقترب من موقع,MAPPED,,35
13722,1872,مَفْتوح,اسم مفعول,فتح,مَفْعول,يسمح بالدخول والمرور,MAPPED,,35
13723,1872,مُغْلَق,اسم مفعول,غلق,مُفْعَل,لا يسمح بالدخول,MAPPED,,35
16957,1872,مُغْلَق,اسم مفعول,غلق,مُفْعَل,مُغلق عادة,MAPPED,,35
13730,1873,كَسَبَ,فعل,كسب,فَعَلَ,يحصل على مال مقابل عمل,MAPPED,,35
13731,1873,رِبْح,مصدر,ربح,فِعْل,المال المكتسب,MAPPED,,35
13732,1873,رِبْح,مصدر,ربح,فِعْل,الفائدة المالية,MAPPED,,35
13733,1873,خَسَارَة,مصدر,خسر,فَعَالَة,المال المهدر,MAPPED,,35
13734,1873,دَخْل,اسم جامد,دخل,فَعْل,المال المقبوض,MAPPED,,35
13735,1873,دَخْل,اسم جامد,دخل,فَعْل,المال المُستلَم,MAPPED,,35
13736,1873,صَافِي,اسم جامد,صفا,فَاعِل,الربح الخالص,MAPPED,,35
13737,1873,رَبِحَ,فعل,ربح,فَعِلَ,يحقق ربحاً مالياً,MAPPED,,35
13738,1873,صَافِي,اسم جامد,صفا,فَاعِل,الربح الخالص المتحقق,MAPPED,,35
13739,1873,خَسِرَ,فعل,خسر,فَعِلَ,ينفق أكثر مما يكسب,MAPPED,,35
13740,1873,نَتِيجَة,اسم جامد,نتج,فَعِيلَة,نتيجة التجارة المالية,MAPPED,,35
14837,1873,رَبِحَ,فعل,ربح,فَعِلَ,يكسب المال,MAPPED,,35
13880,1880,مَشْهور,اسم مفعول,شهر,مَفْعول,معروف لدى عدد كبير,MAPPED,,35
13881,1880,شُهْرَة,مصدر,شهر,فُعْلَة,حالة الاشتهار,MAPPED,,35
13888,1880,شَأْن,اسم جامد,شأن,فَعْل,الشهرة والمكانة,MAPPED,,35
13889,1880,أُسْطورِي,اسم منسوب,,,مشهور بما يستحق,MAPPED,,35
13890,1880,مَشْهور,اسم مفعول,شهر,مَفْعول,معروف جداً,MAPPED,,35
13892,1880,سِيء الصِّيت,تركيب,,,مشهور لفعل سيء,MAPPED,,35
13893,1880,سُمْعَة سَيِّئَة,تركيب,,,اشتهار بأفعال سيئة,MAPPED,,35
13894,1880,مَشْهور,اسم مفعول,شهر,مَفْعول,معروف بفضل إنجازات واسعة,MAPPED,,35
14717,1880,سِيء الصِّيت,تركيب,,,مشهور لأمر سيء,MAPPED,,35
14718,1880,سُمْعَة سَيِّئَة,تركيب,,,الاشتهار السيء,MAPPED,,35
14726,1880,صِيت,اسم جامد,صيت,فِعْل,ما يقال عن الشخص,MAPPED,,35
15095,1880,مِلْحَمِي,اسم منسوب,,,مشهور في الشعر الملحمي,MAPPED,,35
16845,1880,سُمْعَة,اسم جامد,سمع,فُعْلَة,السيرة والاشتهار,MAPPED,,35
18015,1880,مَعْروف,اسم مفعول,عرف,مَفْعول,في الوعي العام,MAPPED,,35
18333,1880,مَشْهور,اسم مفعول,شهر,مَفْعول,شخص مشهور في مجال,MAPPED,,35
18335,1880,اِشْتَهَرَ,فعل,شهر,اِفْتَعَلَ,يكتسب سُمعة بإنجاز,MAPPED,,35
13898,1881,غَيْر مَشْهور,تركيب,,,غير معروف على نطاق واسع,MAPPED,,35
13899,1881,غَامِض,صفة مشبهة,غمض,فَاعِل,غير معروف أو مهم,MAPPED,,35
13900,1881,غَيْر مُحْتَفَل بِه,تركيب,,,لم يُحتفَ به أو يُمدح,MAPPED,,35
13905,1881,غَامِض,صفة مشبهة,غمض,فَاعِل,موضوع غير مفهوم,MAPPED,,35
13921,1882,تَسَوُّق,مصدر,سوق,تَفَعُّل,شراء البضاعة من المحلات,MAPPED,,35
13925,1882,تَسَوَّقَ,فعل,سوق,تَفَعَّلَ,يذهب لشراء البضاعة,MAPPED,,35
13938,1883,عاصِمَة,اسم جامد,عصم,فَاعِلَة,مدينة الإدارة الحكومية,MAPPED,,35
13939,1883,مَقْعَد,اسم جامد,قعد,مَفْعَل,العاصمة الإدارية للمحافظة,MAPPED,,35
13940,1883,مَقْعَد,اسم جامد,قعد,مَفْعَل,مقر كرسي الأسقف,MAPPED,,35
13942,1884,رَائِج,صفة مشبهة,روج,فَاعِل,متوافق مع الموضة,MAPPED,,35
13943,1884,عَصْرِي,اسم منسوب,,,متطابق مع الموضة الحالية,MAPPED,,35
13944,1884,حَدِيث الطِّراز,تركيب,,,موضة وراقي,MAPPED,,35
13946,1884,أُسْلوب,اسم جامد,سلب,فُعْلَة,حالة الموضة,MAPPED,,35
13947,1884,موضَة,اسم جامد,وضع,فُعْلَة,الاتجاه السائد,MAPPED,,35
13948,1884,أَنِيق,صفة مشبهة,نوق,فَعِيل,راقٍ وموضة,MAPPED,,35
13949,1884,رَاقٍ,صفة مشبهة,روق,فَاعِل,جذاب بطريقة موضة,MAPPED,,35
13950,1884,كَبِير,صفة مشبهة,كبر,فَاعِل,مثير لاهتمام كبير,MAPPED,,35
13972,1885,نَزَلَ,فعل,نزل,فَعَلَ,يسكن مؤقتاً كضيف,MAPPED,,35
13973,1885,إِقَامَة,مصدر,قيم,إِفْعَالَة,فترة الإقامة المؤقتة,MAPPED,,35
13974,1885,نَزَلَ,فعل,نزل,فَعَلَ,يبيت عند شخص آخر,MAPPED,,35
13975,1885,اِسْتَأْجَرَ,فعل,أجر,اِسْتَفْعَلَ,يقيم مؤقتاً,MAPPED,,35
14232,1885,ضَيَّفَ,فعل,ضيف,فَعَّلَ,يبيت كضيف,MAPPED,,35
14233,1885,بَاتَ,فعل,بيت,فَاعَلَ,يبيت الليل,MAPPED,,35
14234,1885,بَاتَ,فعل,بيت,فَاعَلَ,يبيت ليلة عند آخر,MAPPED,,35
14236,1885,بَاتَ,فعل,بيت,فَاعَلَ,يقضي الليل عند آخر,MAPPED,,35
15606,1885,نَزَلَ,فعل,نزل,فَعَلَ,يقيم والطعام في فندق,MAPPED,,35
15610,1885,اِسْتَقْطَنَ,فعل,قطن,اِسْتَفْعَلَ,يقيم مؤقتاً,MAPPED,,35
14430,1890,ضَيْف,اسم جامد,ضيف,فَيْل,شخص يُستقبل كضيف,MAPPED,,35
14431,1890,مُضِيف,اسم فاعل,ضيف,مُفْعِل,من يستقبل الضيف,MAPPED,,35
14000,1892,عَمِلَ,فعل,عمل,فَعِلَ,يبذل جهداً لتحقيق هدف,MAPPED,,35
14001,1892,عَمَل,مصدر,عمل,فَعَل,جهد عقلي أو بدني لتحقيق نتيجة,MAPPED,,35
14003,1892,عَمِلَ,فعل,عمل,فَعِلَ,يعمل بثبات على مهمة,MAPPED,,35
14005,1892,عَمِلَ,فعل,عمل,فَعِلَ,يعمل بجد لفترة طويلة,MAPPED,,35
14041,1893,مُتَجَانِس,اسم منسوب,,,من نفس النوع,MAPPED,,35
14042,1893,تَنَوُّع,مصدر,نوع,تَفَعُّل,حالة الاختلاف,MAPPED,,35
14043,1893,تَنَوُّع,مصدر,نوع,تَفَعُّل,جودة الاختلاف,MAPPED,,35
14044,1893,مُتَنَوِّع,اسم منسوب,,,مختلف الأنواع,MAPPED,,35
14045,1893,تَجَانُس,مصدر,جنس,تَفَاعُل,جودة التطابق,MAPPED,,35
14046,1893,مُخْتَلِف,اسم فاعل,خلف,مُفْتَعِل,غير متطابق النوع,MAPPED,,35
14048,1893,نِطَاق,اسم جامد,نطق,فِعَال,مجموعة أشياء متنوعة,MAPPED,,35
14049,1893,وَاسِع,صفة مشبهة,وسع,فَاعِل,كبير النطاق,MAPPED,,35
14050,1893,سَعَة,مصدر,وسع,فَعَلَة,النطاق الواسع,MAPPED,,35
14051,1893,مُتَنَوِّع,اسم منسوب,,,مشتمل على أنواع مختلفة,MAPPED,,35
14052,1893,مَزِيج,اسم جامد,مزج,فَعِيل,مزيج متنوع,MAPPED,,35
14053,1893,مَزِيج,اسم جامد,مزج,فَعِيل,خليط متنوع,MAPPED,,35
14054,1893,عَرْض,اسم جامد,عرض,فَعْل,مجموعة متنوعة ومثيرة,MAPPED,,35
14055,1893,مُوَحَّد,اسم مفعول,وحد,مُفَعَّل,لا يتغير,MAPPED,,35
14056,1893,تَوَحُّد,مصدر,وحد,تَفَعُّل,جودة التطابق,MAPPED,,35
14057,1893,تَشْكِيلَة,مصدر,شكل,تَفْعِيلَة,مجموعة متنوعة,MAPPED,,35
14058,1893,مُرَتَّب,اسم مفعول,رتب,مُفَعَّل,متنوع الأنواع,MAPPED,,35
14059,1893,مُشْتَمِل,اسم فاعل,شمل,مُفْتَعِل,يشتمل على أنواع مختلفة,MAPPED,,35
14060,1893,مُبالِغ,صيغة مبالغة,بالغ,فَعَّالَة,ذو تنوع كبير,MAPPED,,35
14062,1893,اِخْتِلاف,مصدر,خلف,اِفْتِعَال,حالة التباين,MAPPED,,35
14063,1893,اِخْتِلاف,مصدر,خلف,اِفْتِعَال,جودة الاختلاف في الطبيعة,MAPPED,,35
14064,1893,مَزِيج غَريب,تركيب,,,مجموعة متنوعة,MAPPED,,35
14065,1893,تَنَوُّع,مصدر,نوع,تَفَعُّل,جودة التنوع,MAPPED,,35
14066,1893,مُتَعَدِّد,اسم منسوب,,,متنوع وكثير,MAPPED,,35
14067,1893,كَثْرَة,مصدر,كثر,فَعْلَة,عدد كبير أو تنوع,MAPPED,,35
14068,1893,قَابِلِيَّة التَّغَيُّر,تركيب,,,درجة التنوع,MAPPED,,35
14341,1893,نِطَاق,اسم جامد,نطق,فِعَال,مجموعة متنوعة,MAPPED,,35
14074,1894,بِلا انْقِطاع,تركيب,,,بدون توقف,MAPPED,,35
14075,1894,قَطَعَ,فعل,قطع,فَعَلَ,يوقف السير المستمر,MAPPED,,35
14076,1894,قَطْع,مصدر,قطع,فَعْل,توقف العملية,MAPPED,,35
14080,1895,في,حرف,,,في فترة زمنية,MAPPED,,35
14081,1895,عَلَى,حرف,,,في الوقت المحدد,MAPPED,,35
14082,1895,عِنْدَ,حرف,,,عند وقوع حدث,MAPPED,,35
14083,1895,الآن,ظرف,,,في الحاضر,MAPPED,,35
14084,1895,جَارٍ,صفة مشبهة,جرى,فَاعِل,يحدث الآن,MAPPED,,35
14085,1895,حَالِيّاً,ظرف,,,في هذا الوقت,MAPPED,,35
14086,1895,حِينَئِذٍ,ظرف,,,في ذلك الوقت,MAPPED,,35
14147,1895,مَتَى,ظرف,,,في أي وقت,MAPPED,,35
14198,1895,حَدِيث,صفة مشبهة,حدث,فَعِيل,متعلق بالزمن الحاضر,MAPPED,,35
14199,1895,في الوَقْتِ الحَالِي,تركيب,,,في العصر الحالي,MAPPED,,35
14201,1895,اليَوْم,اسم جامد,يوم,فَعَل,الوقت الحاضر,MAPPED,,35
14310,1895,في النِّهايَة,ظرف,,,في وقت مستقبلي غير محدد,MAPPED,,35
14368,1895,لا يُعود,فعل,عود,لا يُفْعَل,لا يحدث الآن,MAPPED,,35
14501,1895,ضِمْن,ظرف,,,خلال فترة زمنية,MAPPED,,35
14541,1895,مُسْتَقْبَل,اسم مفعول,قبل,مُسْتَفْعَل,في زمن لاحق,MAPPED,,35
14550,1895,مُؤَخَّراً,ظرف,,,في زمن قريب الماضي,MAPPED,,35
14655,1895,قَدِيم,صفة مشبهة,قدم,فَعِيل,من زمن العصور القديمة,MAPPED,,35
14656,1895,بَدائِي,اسم منسوب,,,من قبل التاريخ,MAPPED,,35
14671,1895,يَوْمَئِذٍ,ظرف,,,في ذلك الوقت بالذات,MAPPED,,35
14672,1895,الآن,ظرف,,,في الوقت الحاضر,MAPPED,,35
14673,1895,أثْنَاء,ظرف,,,في نفس وقت حدث آخر,MAPPED,,35
15041,1895,بَادِي,صفة مشبهة,بدأ,فَاعِل,في بداية الفترة الزمنية,MAPPED,,35
15114,1895,حَدِيثاً,ظرف,,,في وقت قريب جداً,MAPPED,,35
15238,1895,قَرِيباً,ظرف,,,تقريباً,MAPPED,,35
16143,1895,بِ,حرف,,,يحدث معاً,MAPPED,,35
16640,1895,مُؤَخَّراً,ظرف,,,في أوقات قريبة الماضي,MAPPED,,35
17163,1895,مُؤَخَّراً,ظرف,,,في زمن قريب,MAPPED,,35
17165,1895,مُؤَخَّراً,ظرف,,,في زمن قريب جداً,MAPPED,,35
17228,1895,بَيْنَما,حرف,,,في نفس الوقت,MAPPED,,35
17458,1895,بِاللَّيْل,ظرف,,,خلال الليل السابق,MAPPED,,35
18326,1895,يَوْمَئِذٍ,ظرف,,,في تلك اللحظة من الزمن,MAPPED,,35
18676,1895,خِلال,ظرف,,,خلال فترة زمنية معينة,MAPPED,,35
14092,1897,مُتَزَامِن,اسم منسوب,,,يحدث في نفس الوقت,MAPPED,,35
14093,1897,تَزَامُن,مصدر,زمن,تَفَاعُل,حالة حدوث أمرين معاً,MAPPED,,35
14094,1897,اِقْتِران,مصدر,قرن,اِفْتِعَال,حالة وقوع أمرين معاً,MAPPED,,35
14095,1897,تَوافَقَ,فعل,وفق,تَفَاعَلَ,يحدث في نفس الوقت,MAPPED,,35
14096,1897,اِسْتَحْضَرَ,فعل,حضر,اِسْتَفْعَلَ,يحدث معاً,MAPPED,,35
14097,1897,مُتَزَامِن,اسم منسوب,,,يوجد في نفس الوقت,MAPPED,,35
14098,1897,تَزَامُن,مصدر,زمن,تَفَاعُل,حالة حدوث أشياء معاً,MAPPED,,35
14099,1897,اِقْتِران,مصدر,قرن,اِفْتِعَال,حالة حدوث أمرين معاً,MAPPED,,35
14100,1897,مَعاً,ظرف,,,في نفس الوقت,MAPPED,,35
14111,1901,اِسْتَهْدَفَ,فعل,هدف,اِسْتَفْعَلَ,يوجه السلاح نحو الهدف,MAPPED,,35
14112,1901,اِسْتَهْدَفَ,فعل,هدف,اِسْتَفْعَلَ,يختار كهدف للهجوم,MAPPED,,35
14113,1901,تَصْوِيب,مصدر,صوب,تَفْعِيل,فعل توجيه السلاح,MAPPED,,35
14114,1901,هَدَف,اسم جامد,هدف,فَعَل,الموضع المستهدف,MAPPED,,35
14115,1901,وَجَّهَ,فعل,وجه,فَعَّلَ,يوجه الشيء نحو اتجاه معين,MAPPED,,35
14116,1902,أَصَابَ,فعل,صيب,أَفْعَلَ,فعل الضرب على هدف بدقة,MAPPED,,36
14117,1902,أَخْطَأَ,فعل,خطا,أَفْعَلَ,فشل في إصابة الهدف المقصود,MAPPED,,36
14118,1902,بَعِيد,صفة مشبهة,بعد,فَعِيل,بعيد عن نقطة أو علامة معينة,MAPPED,,36
14119,1902,إِصَابَة,مصدر,صيب,إِفَاعَة,حالة نتيجة ضرب الشيء بنجاح,MAPPED,,36
14120,1902,مُرْكَز,اسم مفعول,رکز,مُفْعَل,مركز الهدف في الرياضات المختلفة,MAPPED,,36
14122,1902,رمية موفقة,تركيب,,,الدخول المباشر للثقب من المضرب الأول,MAPPED,,36
14125,1903,دَقِيق,صفة مشبهة,دقق,فَعِيل,قادر على الوصول للهدف المقصود بدقة,MAPPED,,36
14126,1903,صَحِيح,صفة مشبهة,صحح,فَعِيل,صحة في القراءة أو التقدير,MAPPED,,36
14127,1903,غَاطِ,اسم فاعل,غطا,فَاعِل,الانحراف عن القراءة الصحيحة,MAPPED,,36
14128,1903,غَيْر دَقِيق,تركيب,,,عدم دقة في الوصول للهدف,MAPPED,,36
14129,1903,دِقَّة,مصدر,دقق,فِعَّة,الدقة والضبط في الأداة أو المقياس,MAPPED,,36
14131,1903,عَدَم الدِّقَّة,تركيب,,,الفشل في الوصول للقراءة الصحيحة,MAPPED,,36
14132,1903,مُحَدَّد,اسم مفعول,حدد,مُفَعَّل,الدقة والصحة في كل التفاصيل,MAPPED,,36
14133,1903,مُضَبَّط,اسم مفعول,ضبط,مُفَعَّل,الدقة في التعبير والتفصيل,MAPPED,,36
14134,1903,ضِبْط,مصدر,ضبط,فِعْل,الدقة في القياس والمواصفة,MAPPED,,36
14135,1903,بِدِقَّة,ظرف,دقق,بِفِعَّة,بأسلوب دقيق ومحدد,MAPPED,,36
14136,1903,بِعَدَم دِقَّة,ظرف,,,بطريقة غير دقيقة,MAPPED,,36
17053,1903,صَحِيح,صفة مشبهة,صحح,فَعِيل,دقيق وصحيح جداً,MAPPED,,36
14148,1904,مَشْغُول,اسم مفعول,شغل,مَفْعُول,يتميز بنشاط كبير,MAPPED,,36
14149,1904,نَشِطَ,فعل,نشط,فَعِلَ,امتلاء المكان بالنشاط والحركة,MAPPED,,36
14150,1904,زَخَرَ,فعل,زخر,فَعَلَ,كون المكان في حالة نشاط عظيم,MAPPED,,36
14151,1904,مَغْطُوس بِالنَّشَاط,تركيب,,,مليء بالنشاط والحيوية,MAPPED,,36
14152,1904,حَيّ,صفة مشبهة,حيي,فَعِيل,مليء بالحياة والطاقة والنشاط,MAPPED,,36
14153,1904,مُضْطَرِب,اسم مفعول,ضطرب,مُفْتَعِل,مليء بالنشاط الشديد المتكرر,MAPPED,,36
14154,1904,نَاشِط,اسم فاعل,نشط,فَاعِل,نشيط وحيوي جداً,MAPPED,,36
14155,1904,مُنْدَفِع,اسم مفعول,دفع,مُفْتَعِل,مليء بالنشاط والحركة,MAPPED,,36
14156,1904,مُشْتَعِل بِالنَّشَاط,تركيب,,,ممتلئ بنشاط الحركة,MAPPED,,36
14157,1904,يَنِن,فعل,نين,فَعِل,له هالة من الحماس والنشاط,MAPPED,,36
14377,1904,جَنُون,اسم جامد,جنن,فَعُول,سريع وحيوي بطريقة عنيفة غير منضبطة,MAPPED,,36
16368,1904,شَهِير,صفة مشبهة,شهر,فَعِيل,محبوب وشهير,MAPPED,,36
14163,1905,تَكَاثُر,مصدر,كثر,تَفَاعُل,زيادة العدد بطريقة غير معلنة,MAPPED,,36
14164,1905,ضِعْف,مصدر,ضعف,فِعْل,زيادة عدد الأشياء,MAPPED,,36
14181,1906,تَارِيخ,اسم جامد,تاريخ,فَاعِل,سلسلة أحداث سابقة متعلقة بفرد,MAPPED,,36
14205,1906,مَاضِ,اسم جامد,ماض,فَاعِل,السنوات السابقة في حياة الفرد,MAPPED,,36
14186,1907,جَالَ,فعل,جول,فَعَلَ,زيارة مكان برغبة من أجل الاستمتاع,MAPPED,,36
14187,1907,جَوْلَة,مصدر,جول,فَعْلَة,رحلة للاستمتاع تشمل زيارة أماكن متعددة,MAPPED,,36
14188,1907,سَائِح,اسم فاعل,سيح,فَاعِل,شخص يسافر من أجل الاستمتاع,MAPPED,,36
14189,1907,شَهِدَ,فعل,شهد,فَعِلَ,زيارة مكان والتعرف عليه,MAPPED,,36
14190,1907,آثَار,اسم جامد,اثر,آفَار,الأماكن محل اهتمام السياح,MAPPED,,36
14191,1907,زَارَ,فعل,زار,فَعَلَ,رؤية ومشاهدة أماكن سياحية,MAPPED,,36
14192,1907,سَائِح,اسم فاعل,سيح,فَاعِل,شخص يشاهد المعالم السياحية,MAPPED,,36
14193,1907,سَاحَ,فعل,سيح,فَعَلَ,زيارة المعالم والمواقع السياحية,MAPPED,,36
14825,1907,سِيَاحَة,مصدر,سيح,فِعَالَة,سفر الناس لأجل الاستمتاع والرؤية,MAPPED,,36
14182,1908,تَارِيخِي,اسم منسوب,تاريخ,فَاعِلِي,مشهور أو مهم في التاريخ,MAPPED,,36
14183,1908,كَتَبَ التَّارِيخ,تركيب,,,المشاركة في حدث تاريخي مهم,MAPPED,,36
15178,1908,ذُو أَهَمِّيَّة تَارِيخِيَّة,تركيب,,,متعلق بكيانات ذات أهمية تاريخية,MAPPED,,36
14215,1911,زَائِر,اسم فاعل,زار,فَاعِل,شخص يزور شخصاً أو مكاناً,MAPPED,,36
14216,1911,زَارَ,فعل,زار,فَعَلَ,الذهاب لرؤية شخص وقضاء وقت معه,MAPPED,,36
14224,1911,زِيَارَة,مصدر,زار,فِعَالَة,فعل زيارة شخص أو مكان,MAPPED,,36
14405,1911,أَعَادَ الزِّيَارَة,تركيب,,,العودة لزيارة مكان ثانية,MAPPED,,36
14630,1911,زِيَارَة,مصدر,زار,فِعَالَة,زيارة شخص أو مكان,MAPPED,,36
14237,1916,آوَى,فعل,اوي,أَفْعَلَ,توفير المأوى والإقامة,MAPPED,,36
14238,1916,أَسْكَنَ,فعل,سكن,أَفْعَلَ,توفير مكان إقامة مطلوب,MAPPED,,36
14239,1916,ضَيَّفَ,فعل,ضيف,فَعَّلَ,القيام بدور المضيف للزائر,MAPPED,,36
14240,1916,أَسْكَنَ ضَيْفاً,تركيب,,,توفير مكان إقامة للضيف,MAPPED,,36
14250,1919,شِيخُوخَة,مصدر,شيخ,فِعُولَة,حالة التقدم في السن,MAPPED,,36
14252,1919,شَاخَ,فعل,شيخ,فَعَلَ,التقدم في السن,MAPPED,,36
15349,1919,نَضَجَ,فعل,نضج,فَعَلَ,التقدم في السن والنضج,MAPPED,,36
14262,1921,مَوْقِع,اسم جامد,موق,فَوْعِل,المكان الذي يقع فيه حدث ما,MAPPED,,36
14263,1921,مَشْهَد,اسم جامد,شهد,فَعْل,المكان الذي حدث فيه شيء معين,MAPPED,,36
14265,1921,مَقَام,اسم جامد,قام,فَعَال,مكان انعقاد حدث منظم كبير,MAPPED,,36
14266,1921,مَسْرَح الحَرْب,تركيب,,,منطقة جغرافية كبيرة تجري فيها حرب,MAPPED,,36
14267,1921,حَقْل,اسم جامد,حقل,فَعْل,منطقة خارجية يحدث فيها نشاط ما,MAPPED,,36
14268,1921,سَاحَة مَعْرَكَة,تركيب,,,المكان الذي تجري فيه معركة مسلحة,MAPPED,,36
14269,1922,حَاضِر,اسم فاعل,حضر,فَاعِل,الوجود في مكان وزمان محدد,MAPPED,,36
14270,1922,حُضُور,مصدر,حضر,فُعُول,حالة الموجود في مكان ما,MAPPED,,36
16943,1922,غِيَاب,مصدر,غيب,فِعَال,الغياب والعدم الملحوظ,MAPPED,,36
14273,1923,حَوْلَ,حرف,,,بشكل تقريبي ومقارب,MAPPED,,36
14274,1923,جَيِّد,صفة مشبهة,جود,فَعِيل,تقريب واثق لقيمة ما,MAPPED,,36
14275,1923,فَوْقَ,ظرف,فوق,فَعْل,على الأقل قيمة معينة,MAPPED,,36
14276,1923,تِقْرِيباً,ظرف,قرب,تِفْعِيلاً,قريب جداً من القيمة,MAPPED,,36
14277,1923,تَقْرِيب,مصدر,قرب,تَفْعِيل,تقدير قيمة معينة تقريبياً,MAPPED,,36
14278,1923,حَوْلَ,حرف,,,بشكل تقريبي ومقارب,MAPPED,,36
14279,1923,حَوَالَيْ,ظرف,حول,فَوَالَي,بتاريخ تقريبي,MAPPED,,36
14280,1923,أَوْ نَحْوَهُ,تركيب,,,بقيمة مقاربة,MAPPED,,36
14281,1923,تِقْرِيباً,ظرف,قرب,تِفْعِيلاً,قريب جداً,MAPPED,,36
14283,1923,قَرِيب,صفة مشبهة,قرب,فَعِيل,قريب جداً ولكن ليس تماماً,MAPPED,,36
14284,1923,أَقَلّ مِن,ظرف,,,أقل من قيمة معينة,MAPPED,,36
14285,1923,قَرِيب مِن,تركيب,,,بالقرب من قيمة ما,MAPPED,,36
14286,1923,تَقْرِيباً,ظرف,قرب,تَفْعِيلاً,بشكل تقريبي وخشن,MAPPED,,36
14288,1923,بِدِقَّة,ظرف,دقق,بِفِعَّة,بدقة تامة,MAPPED,,36
14289,1923,تَمَاماً,ظرف,,,بدقة تامة وبلا زيادة ولا نقصان,MAPPED,,36
14290,1923,بَعْض,اسم جامد,بعض,فَعْل,تقريباً مع عدد,MAPPED,,36
14292,1923,عَلَى الأَقَلّ,ظرف,,,الحد الأدنى لقيمة ما,MAPPED,,36
14293,1923,عَلَى الأَكْثَر,ظرف,,,القيمة العليا على الأكثر,MAPPED,,36
14294,1923,أَقَلّ,اسم جامد,قلل,أَفْعَل,أقل حد ممكن,MAPPED,,36
14295,1923,عَلَى الأَكْثَر,ظرف,,,الحد الأقصى لقيمة ما,MAPPED,,36
14296,1923,هُنَاكَ بِقُرْب,تركيب,,,قريب من التاريخ أو الرقم,MAPPED,,36
14298,1923,بِالْكَاد,ظرف,,,بقليل جداً فوق قيمة معينة,MAPPED,,36
14340,1923,حَوْلَ,حرف,,,في محيط قيمة ما,MAPPED,,36
14525,1923,كَثِير,صفة مشبهة,كثر,فَعِيل,كمية كبيرة من الأشياء,MAPPED,,36
15244,1923,قَلِيل,صفة مشبهة,قلل,فَعِيل,ليس كثيراً من الكتلة,MAPPED,,36
18672,1923,أَكْثَر,اسم جامد,كثر,أَفْعَل,الجزء الأكبر من الكل,MAPPED,,36
14299,1924,اِنْظُرْ,فعل,نظر,اِفْعَل,الرجوع لمصدر معلومات إضافية,MAPPED,,36
14300,1924,قَارِن,فعل,قرن,فَاعِل,المقارنة مع نص آخر,MAPPED,,36
14301,1924,اِنْظُرْ,فعل,نظر,اِفْعَل,توجيه القارئ لجزء آخر من النص,MAPPED,,36
17121,1924,رَاجَعَ,فعل,رجع,فَاعَلَ,الرجوع لمصدر معلومات,MAPPED,,36
14306,1925,اعْتَمَدَ,فعل,عمد,اِفْتَعَلَ,إعطاء سلطة بموجب دور رسمي,MAPPED,,36
14307,1925,عَيَّنَ,فعل,عين,فَعَّلَ,إسناد وظيفة أو دور لشخص,MAPPED,,36
14308,1925,مُعْتَمَد,اسم مفعول,عمد,مُفْتَعَل,معتمد رسمياً,MAPPED,,36
14309,1925,حَدَّدَ,فعل,حدد,فَعَّلَ,إعطاء وضع أو منصب محدد,MAPPED,,36
14331,1925,أَشَارَ إِلَى,تركيب,,,اختيار شخص لغاية معينة,MAPPED,,36
14332,1925,اخْتَارَ,فعل,خير,اِفْتَعَلَ,تعيين شخص لمهمة أو تكريم,MAPPED,,36
14333,1925,سَمَّى,فعل,سمي,فَعَّلَ,تعيين شخص لتنفيذ واجب,MAPPED,,36
14316,1926,انْشِطَارِي,اسم منسوب,شطر,افْتِعَالِي,قابل للانشطار النووي,MAPPED,,36
14317,1926,اضْمِحْلال,مصدر,ضمحل,اِفْتِعَال,عملية التحول بانبعاث إشعاع,MAPPED,,36
14318,1926,انْحَلَّ,فعل,حلل,اِنْفَعَلَ,التحول بانبعاث إشعاع,MAPPED,,36
14319,1926,اِنْدَمَجَ,فعل,دمج,اِنْفَعَلَ,الاندماج في كيان واحد,MAPPED,,36
14320,1926,اِنْدِمَاج,مصدر,دمج,اِنْفِعَال,عملية الاندماج والتوحد,MAPPED,,36
14321,1926,انْشَطَرَ,فعل,شطر,اِنْفَعَلَ,انقسام نواة الذرة,MAPPED,,36
14322,1926,انْشِطَار,مصدر,شطر,اِنْفِعَال,عملية الانشطار النووي,MAPPED,,36
14324,1926,نَوَوِي,اسم منسوب,نوي,فَاعُلِي,متعلق بالطاقة النووية,MAPPED,,36
14325,1926,حَرَارِي نَوَوِي,تركيب,,,متعلق بتفاعلات الاندماج النووي,MAPPED,,36
14326,1926,قَابِل لِلاِنْدِمَاج,تركيب,,,قادر على الاندماج النووي,MAPPED,,36
14327,1926,مُشِع,اسم فاعل,شعع,مُفِل,يصدر إشعاعات نووية,MAPPED,,36
14328,1926,إِشْعَاع,مصدر,شعع,إِفْعَال,انبعاث الإشعاعات النووية,MAPPED,,36
14337,1927,نِطَاق,اسم جامد,نطق,فِعَال,عدد أو تنوع الأشياء المتأثرة,MAPPED,,36
14346,1928,تَمْهِيدِي,اسم منسوب,مهد,تَفْعِيلِي,سابق أو تحضيري,MAPPED,,36
14347,1928,تَمْهِيد,مصدر,مهد,تَفْعِيل,عمل تمهيدي أو حدث,MAPPED,,36
14348,1928,اسْتِكْشَافِي,اسم منسوب,كشف,اِسْتِفْعَالِي,بهدف اكتشاف الحقائق,MAPPED,,36
14349,1928,تَحْضِير,مصدر,حضر,تَفْعِيل,العمل التحضيري الأساسي,MAPPED,,36
14350,1928,تَمْهِيدِي,اسم منسوب,مهد,تَفْعِيلِي,افتتاحي تحضيري,MAPPED,,36
14351,1928,تَحْضِيرِي,اسم منسوب,حضر,تَفْعِيلِي,يخدم كتحضير,MAPPED,,36
14378,1930,سِحْر,اسم جامد,سحر,فِعْل,صفة غامضة وآسرة,MAPPED,,36
14379,1930,سِحْرِي,اسم منسوب,سحر,فِعْلِي,غامض وآسر,MAPPED,,36
14380,1930,مُسَحَّر,اسم مفعول,سحر,مُفَعَّل,ذو صفة غامضة آسرة,MAPPED,,36
14381,1930,لا يُوصَف,تركيب,,,عظيم جداً لا يمكن وصفه,MAPPED,,36
14382,1930,عَدَم الإِمْكَانِيَّة في الوَصْف,تركيب,,,كون الشيء لا يوصف,MAPPED,,36
14383,1930,غَمُوض,اسم جامد,غمض,فَعُول,عدم القدرة على الوصف,MAPPED,,36
14384,1930,سِحْرِيَّة,مصدر,سحر,فِعْلِيَّة,الصفة الغامضة الآسرة,MAPPED,,36
14385,1931,إِمْكَانِيَّة,مصدر,مكن,إِفْعَالِيَّة,شيء ممكن الحدوث,MAPPED,,36
14386,1931,طَرِيقَة,اسم جامد,طرق,فَعِيلَة,خيار بديل,MAPPED,,36
14387,1931,خِيَار,اسم جامد,خير,فِعَال,إمكانية يمكن اختيارها,MAPPED,,36
14388,1931,اسْتِخْدَام,مصدر,خدم,اِسْتِفْعَال,طريقة الاستخدام,MAPPED,,36
14406,1931,بَدِيل,اسم جامد,بدل,فَعِيل,واحد من خيارات ممكنة,MAPPED,,36
14407,1931,خِيَار,اسم جامد,خير,فِعَال,شيء يمكن اختياره,MAPPED,,36
14408,1931,مُسْتَقْبَل,اسم مفعول,قبل,مُسْتَفْعَل,إمكانية قد تحدث,MAPPED,,36
15320,1931,فُرْصَة,اسم جامد,فرص,فُعْلَة,فرصة متاحة,MAPPED,,36
14422,1933,مَلَكَ,فعل,ملك,فَعَلَ,العلاقة بين كيانين,MAPPED,,36
14423,1933,كَانَ لَهُ,تركيب,,,علاقة بين كيانين,MAPPED,,36
17660,1933,مَعَ,حرف,,,الارتباط بخاصية أو كيان آخر,MAPPED,,36
14445,1946,زَارَ عَابِراً,تركيب,,,زيارة غير معلنة مسبقاً,MAPPED,,36
14446,1946,أَوْقَفَ بِزِيَارَة,تركيب,,,زيارة قصيرة,MAPPED,,36
14447,1946,قَفَزَ دَاخِلاً,تركيب,,,زيارة قصيرة غير معلنة,MAPPED,,36
14440,1951,اسْتَقْبَلَ,فعل,قبل,اِسْتَفْعَلَ,استضافة زائر في مكان معين,MAPPED,,36
14460,1960,تَمْهِيدِي,اسم منسوب,مهد,تَفْعِيلِي,في المراحل الأولى,MAPPED,,36
14461,1960,ابْتِدَائِي,اسم منسوب,بدا,اِفْتِعَالِي,في البداية,MAPPED,,36
14463,1960,مَسَوَّدَة,اسم جامد,سود,فَعْوَلَة,نسخة أولية أو خشنة,MAPPED,,36
14464,1960,نِهَائِي,اسم منسوب,نهي,فِعَالِي,مكتمل وجاهز,MAPPED,,36
14468,1960,خَشِن,صفة مشبهة,خشن,فَعِل,قريب من البداية غير مصقول,MAPPED,,36
14469,1960,عَامِل,اسم فاعل,عمل,فَاعِل,مؤقت يحقق الغرض,MAPPED,,36
14470,1970,ضِيَافَة,مصدر,ضيف,فِعَالَة,الترحيب الحار بالضيوف,MAPPED,,36
14471,1970,ضَيْفِي,اسم منسوب,ضيف,فَعْلِي,مستقبل ودود للضيوف,MAPPED,,36
14472,1970,سِجَّاد أَحْمَر,تركيب,,,معاملة حفل واحترام للضيف,MAPPED,,36
14738,2000,دَعَمَ,فعل,دعم,فَعَلَ,تقوية بتحمل الوزن,MAPPED,,36
14739,2000,عَزَّزَ,فعل,عزز,فَعَّلَ,دعم بالتقوية,MAPPED,,36
14740,2000,قَوَّى,فعل,قوي,فَعَّلَ,تقوية بالتدعيم,MAPPED,,36
14742,2000,جِدّاً,ظرف,جدد,فِعّاً,بدرجة عالية,MAPPED,,36
14743,2000,قَلِيلاً,ظرف,قلل,فَعِيلاً,بدرجة صغيرة,MAPPED,,36
14744,2000,قَلِيلاً جِدّاً,ظرف,,,بدرجة صغيرة جداً,MAPPED,,36
14745,2000,جِدّاً,ظرف,جدد,فِعّاً,بشكل مفرط,MAPPED,,36
14746,2000,ذَلِك,اسم مبني,,,بدرجة عالية معينة,MAPPED,,36
14747,2000,تَمَاماً,ظرف,,,بأقصى حد ممكن,MAPPED,,36
14753,2000,بِشُكْل كَامِل,ظرف,,,بالدرجة القصوى,MAPPED,,36
14826,2000,بِكَثَافَة,ظرف,كثف,بِفَعَالَة,بدرجة كبيرة,MAPPED,,36
14978,2000,بِعِيد,ظرف,بعد,بِفِعْل,بدرجة كبيرة جداً,MAPPED,,36
15970,2000,إِلَى حَدّ مَا,ظرف,,,ليس كثيراً,MAPPED,,36
16165,2000,جُزْئِيّاً,ظرف,جزأ,فُعْلِيّاً,ليس بشكل كامل,MAPPED,,36
16311,2000,عَظِيم,صفة مشبهة,عظم,فَعِيل,أكثر من الطبيعي,MAPPED,,36
16356,2000,كَثِيراً,ظرف,كثر,فَعِيلاً,تأكيد التوصيف,MAPPED,,36
16667,2000,خَاصّ,صفة مشبهة,خصص,فَاعِل,مميز وفريد,MAPPED,,36
17659,2000,كَثِيراً,ظرف,كثر,فَعِيلاً,بدرجة كبيرة,MAPPED,,36
18810,2000,مُتَحَجِّر,اسم مفعول,حجر,مُتَفَعِّل,بارد جداً,MAPPED,,36
18811,2000,رَدِيء جِدّاً,تركيب,,,فقير جداً,MAPPED,,36
18812,2000,مُنْتِن,اسم فاعل,نتن,مُفْتِل,مبلول جداً,MAPPED,,36
18813,2000,وَاضِح تَمَاماً,تركيب,,,واضح تماماً,MAPPED,,36
18815,2000,بِشِدَّة,ظرف,شدد,بِفِعَّة,بطريقة مثيرة,MAPPED,,36
18816,2000,نَوْعاً مَا,ظرف,,,إلى حد ما,MAPPED,,36
14755,2005,فِي,حرف,,,موجود داخل النص,MAPPED,,36
14766,2006,صَادَ,فعل,صيد,فَعَلَ,محاولة الحصول على طعم بتتبعه,MAPPED,,36
14767,2006,صَادَ السَّمَك,تركيب,,,البحث عن الأسماك بأدوات,MAPPED,,36
15118,2006,صَادَ الفُقْمَة,تركيب,,,صيد الفقمات,MAPPED,,36
18751,2007,كِفَاف العَيْش,تركيب,,,الطريقة التي يحصل بها الفرد على غذاؤه,MAPPED,,36
14772,2008,جَمَعَ,فعل,جمع,فَعَلَ,جمع وإحضار المحاصيل الناضجة,MAPPED,,36
14773,2008,قَطَفَ,فعل,قطف,فَعَلَ,اختيار واسترجاع الأشياء,MAPPED,,36
14774,2008,حَصَدَ,فعل,حصد,فَعَلَ,جمع المحاصيل الناضجة,MAPPED,,36
14775,2008,أَحْضَرَ,فعل,حضر,أَفْعَلَ,إزالة وتجميع المحاصيل الناضجة,MAPPED,,36
14776,2010,أَمْسَكَ,فعل,مسك,أَفْعَلَ,إمساك ناجح بالفريسة,MAPPED,,36
14777,2010,صَادَ,فعل,صيد,فَعَلَ,إمساك الفريسة المطلوبة بنجاح,MAPPED,,36
14783,2012,رَبَّى,فعل,ربي,فَعَّلَ,تعزيز نمو المحاصيل من الأرض,MAPPED,,36
14786,2012,فَلاحَة,مصدر,فلح,فَعَالَة,عملية زراعة الأرض ورعاية الحيوانات,MAPPED,,36
14791,2012,زَارَعَ,فعل,زرع,فَاعَلَ,استخدام الأرض لزراعة المحاصيل,MAPPED,,36
14787,2014,نَمّى,فعل,نمي,فَعَّلَ,رعاية وتطوير المحاصيل والحيوانات,MAPPED,,36
14799,2014,رَبَّى,فعل,ربي,فَعَّلَ,رعاية الحيوانات والمحاصيل,MAPPED,,36
14788,2015,زَرَعَ,فعل,زرع,فَعَلَ,وضع البذور في الأرض لتنبت,MAPPED,,36
14789,2015,بَذَرَ,فعل,بذر,فَعَلَ,وضع البذور في التربة لتنمو,MAPPED,,36
14800,2021,فَتَحَ,فعل,فتح,فَعَلَ,السيطرة على أرض بالقوة,MAPPED,,36
14804,2021,اسْتِيلاء,مصدر,ولي,اِسْتِفْعَال,السيطرة على أرض وشعبها بالقوة,MAPPED,,36
14805,2021,احْتَلّ,فعل,حلل,اِفْتَعَلَ,السيطرة الإجبارية على أرض وشعبها,MAPPED,,36
14962,2021,سَقَطَ,فعل,سقط,فَعَلَ,السقوط والاحتلال من جيش,MAPPED,,36
15049,2021,احْتَلّ,فعل,حلل,اِفْتَعَلَ,احتلال أرض والسيطرة عليها,MAPPED,,36
17497,2021,قَهَرَ,فعل,قهر,فَعَلَ,السيطرة المجازية على شيء,MAPPED,,36
18537,2021,قَهَرَ,فعل,قهر,فَعَلَ,الانتصار والسيطرة على العدو,MAPPED,,36
14806,2022,غَزَا,فعل,غزو,فَعَلَ,الدخول العدواني لمنطقة ما,MAPPED,,36
14807,2022,غَزْو,مصدر,غزو,فَعْل,فعل الغزو والاجتياح,MAPPED,,36
15042,2022,أَغْرَقَ,فعل,غرق,أَفْعَلَ,الغزو بأعداد كبيرة,MAPPED,,36
15920,2022,غَازِ,اسم فاعل,غزو,فَاعِل,شخص يغزو منطقة,MAPPED,,36
14808,2026,صَدّ,فعل,صدد,فَعَّلَ,دفع العدو بنجاح,MAPPED,,36
15028,2026,قَاوَمَ,فعل,قوم,فَاعَلَ,الصمود أمام قوة معادية,MAPPED,,36
14817,2029,جَفّ,فعل,جفف,فَعَّلَ,فقدان الرطوبة والجفاف التام,MAPPED,,36
14818,2029,جَفَّفَ,فعل,جفف,فَعَّلَ,إزالة الرطوبة,MAPPED,,36
14819,2029,جَفّ,فعل,جفف,فَعَّلَ,فقدان الماء والرطوبة,MAPPED,,36
14882,2029,جَفّ,فعل,جفف,فَعَّلَ,فقدان الرطوبة,MAPPED,,36
14821,2030,حَضَرَ,فعل,حضر,فَعَلَ,الحضور في وقت ومكان محدد,MAPPED,,36
14822,2030,ذَهَبَ إِلَى,تركيب,,,الحضور والمشاركة في حدث,MAPPED,,36
14824,2030,حُضُور,مصدر,حضر,فُعُول,كون الشخص حاضراً في مكان,MAPPED,,36
14839,2031,هَجَرَ,فعل,هجر,فَعَلَ,ترك الشيء خلفاً,MAPPED,,36
14841,2031,تَرَكَ,فعل,ترك,فَعَلَ,ترك الشيء مهجوراً في مكان آخر,MAPPED,,36
14842,2031,هِجْرَان,مصدر,هجر,فِعْلَان,فعل التخلي عن شيء,MAPPED,,36
14843,2031,مَهْجُور,اسم مفعول,هجر,مَفْعُول,حالة المتروك,MAPPED,,36
15317,2031,نَسِيَ,فعل,نسي,فَعِلَ,ترك الشيء عن غير قصد,MAPPED,,36
14844,2032,امْتَصّ,فعل,مصص,اِفْتَعَّلَ,امتلاء بسائل من الخارج,MAPPED,,36
14845,2032,امْتَصّ,فعل,مصص,اِفْتَعَّلَ,امتصاص السائل,MAPPED,,36
14846,2032,امْتَصّ,فعل,مصص,اِفْتَعَّلَ,الامتصاص,MAPPED,,36
14865,2041,أَسَاءَ,فعل,ساء,أَفْعَلَ,إثارة شعور الإساءة,MAPPED,,36
14866,2041,أَسَاءَ,فعل,ساء,أَفْعَلَ,معاملة قاسية,MAPPED,,36
14867,2041,أَسَاءَ,فعل,ساء,أَفْعَلَ,السلوك الذي يثير الإساءة,MAPPED,,36
14868,2041,إِسَاءَة,مصدر,ساء,إِفَاعَة,الإساءة والسلوك الجارح,MAPPED,,36
14875,2041,مُسِيء,اسم فاعل,ساء,مُفِل,يسبب شعور الإساءة,MAPPED,,36
14952,2041,إِسَاءَة,مصدر,ساء,إِفَاعَة,كلام مسيء ومجرح,MAPPED,,36
14954,2041,إِسَاءَة,مصدر,ساء,إِفَاعَة,الشعور بالإساءة والجرح,MAPPED,,36
15080,2041,أَقَلَقَ,فعل,قلق,أَفْعَلَ,إثارة القلق والاهتمام,MAPPED,,36
18334,2041,شَتَمَ,فعل,شتم,فَعَلَ,إساءة باستخدام ألقاب جارحة,MAPPED,,36
14885,2042,فَرِح,صفة مشبهة,فرح,فَعِل,مليء بالفرح والسرور,MAPPED,,36
14886,2042,ابْتَهِج,فعل,بهج,اِفْتَعَلَ,فرح وحماس عظيم,MAPPED,,36
14887,2042,سَعِيد,صفة مشبهة,سعد,فَعِيل,سعيد وممتن,MAPPED,,36
14890,2043,غَيْر مُشْبَعٍ,تركيب,,,عدم الشعور بالرضا الكامل,MAPPED,,36
14891,2043,مُتَحَقِّق,اسم مفعول,حقق,مُتَفَعِّل,مكتمل وبأقصى إمكانية,MAPPED,,36
14892,2043,غَيْر رَاضِ,تركيب,,,عدم الشعور بالرضا,MAPPED,,36
14893,2043,رَاضِ,اسم فاعل,رضي,فَاعِل,الشعور بالرضا والاكتفاء,MAPPED,,36
14894,2044,مُهْتَمّ,صفة مشبهة,هتم,مُفْتَعِل,له اهتمام بشيء ما,MAPPED,,37
14895,2044,مُفْتُون,صفة مشبهة,فتن,مُفْتَعَل,مولع بشخص أو شيء,MAPPED,,37
14896,2044,مَسْحُور,اسم مفعول,سحر,مَفْعُول,مأخوذ بإعجاب شديد,MAPPED,,37
14901,2044,مُغْرَمّ,صفة مشبهة,غرم,مُفْعَل,مولع بشدة وبشكل سخيف,MAPPED,,37
14902,2044,مَأْسُور,اسم مفعول,اسر,مَفْعُول,مسحور ومأخوذ,MAPPED,,37
14903,2044,مُقَيَّد,اسم مفعول,قيد,مُفَعَّل,مجذوب ومحبوس,MAPPED,,37
14904,2044,مَشْغُول,اسم مفعول,شغل,مَفْعُول,منهمك بانتباه كامل,MAPPED,,37
14905,2044,مُنْهَمِك,صفة مشبهة,نهمك,مُفْتَعِل,مركز تماماً على شيء,MAPPED,,37
14906,2044,تَائِه,صفة مشبهة,تيه,فَاعِل,مستغرق في شيء ما,MAPPED,,37
14907,2044,مَشْغُول,اسم مفعول,شغل,مَفْعُول,منشغل ومشتت,MAPPED,,37
16021,2044,فَضُول,صفة مشبهة,فضل,فَعُول,راغب في معرفة,MAPPED,,37
16033,2044,شَكّ,اسم جامد,شكك,فَعْل,انطباع بأن الشيء مريب,MAPPED,,37
14908,2045,سُرُور,اسم جامد,سرر,فُعُول,فرح وسعادة شديدة,MAPPED,,37
14909,2045,لَذَّة,اسم جامد,لذذ,فَعْلَة,متعة واستمتاع,MAPPED,,37
14910,2045,نَعِيم,اسم جامد,نعم,فَعِيل,سعادة وراحة,MAPPED,,37
14911,2045,عَنَاء,اسم جامد,عنى,فَعَال,عمل شاق ومحبط,MAPPED,,37
14913,2045,اسْتَمْتَعَ,فعل,متع,اِسْتَفْعَلَ,يأخذ متعة من شيء,MAPPED,,37
14914,2045,اسْتَلَذَّ,فعل,لذذ,اِسْتَفْعَلَ,يجد لذة في شيء,MAPPED,,37
14918,2045,تَذَوَّقَ,فعل,ذوق,تَفَعَّلَ,يختبر بتقدير,MAPPED,,37
14919,2045,تَرَفَّهَ,فعل,رفه,تَفَعَّلَ,ينغمس في الراحة,MAPPED,,37
14956,2045,اسْتَبْشَرَ,فعل,بشر,اِسْتَفْعَلَ,يشعر بفرح من شيء,MAPPED,,37
15675,2045,اسْتَمْتَعَ,فعل,متع,اِسْتَفْعَلَ,يستمتع بشيء,MAPPED,,37
14920,2046,مُشَوِّق,اسم فاعل,شوق,مُفَعِّل,يثير الفضول,MAPPED,,37
14921,2046,مُفْتِن,اسم فاعل,فتن,مُفْتَعِل,جذاب جداً,MAPPED,,37
14922,2046,مُسْتَحْوِذ,اسم فاعل,حوذ,مُسْتَفْعِل,آسر للانتباه,MAPPED,,37
14923,2046,جَذَّاب,صيغة مبالغة,جذب,فَعَّال,يجذب الاهتمام,MAPPED,,37
14924,2046,مُسْتَحْوِذ,اسم فاعل,حوذ,مُسْتَفْعِل,يستغرق الانتباه,MAPPED,,37
14925,2046,مُشْغِل,اسم فاعل,شغل,مُفْعِل,يستهلك الانتباه,MAPPED,,37
14929,2048,عَطْف,اسم جامد,عطف,فَعْل,فهم معاناة الآخرين,MAPPED,,37
14930,2048,تَعَاطَفَ,فعل,عطف,تَفَاعَلَ,يفهم مشاعر الآخرين,MAPPED,,37
14931,2048,تَرَحَّمَ,فعل,رحم,تَفَعَّلَ,يفهم مشاعر الآخرين,MAPPED,,37
14932,2048,رَثَى,فعل,رثى,فَعَلَ,يشعر بأسف لمحنة,MAPPED,,37
14933,2048,تَعَاطَفَ,فعل,عطف,تَفَاعَلَ,يتعاطف مع المحنة,MAPPED,,37
14934,2049,مُزْعَج,اسم مفعول,زعج,مُفْعَل,شعور بالاستياء,MAPPED,,37
14935,2049,مُغِيظ,اسم فاعل,غيظ,مُفْعِل,عدم صبر وغضب,MAPPED,,37
14957,2049,مُحْبَط,اسم مفعول,خيب,مُفْعَل,متأذي من الإحباطات,MAPPED,,37
14936,2050,مُتَفَاجِئ,اسم فاعل,فجج,مُتَفَعِل,مصدوم من الغير متوقع,MAPPED,,37
14937,2050,مَهُول,صفة مشبهة,هول,فَعُول,مصاب بدهشة شديدة,MAPPED,,37
14939,2050,دَهْشَة,اسم جامد,دهش,فَعْلَة,حالة الدهشة,MAPPED,,37
14940,2050,مُفَاجَأَة,اسم جامد,فجج,مُفَاعَلَة,حدوث شيء غير متوقع,MAPPED,,37
14942,2052,رَعِد,صفة مشبهة,رعد,فَعِل,خوف شديد جداً,MAPPED,,37
14943,2052,قَلِق,صفة مشبهة,قلق,فَعِل,قلق وتوتر,MAPPED,,37
14944,2052,خَائِف,صفة مشبهة,خوف,فَاعِل,في حالة خوف,MAPPED,,37
14945,2052,مَفْزُوع,اسم مفعول,فزع,مَفْعُول,مرتاع,MAPPED,,37
14946,2052,قَلَق,اسم جامد,قلق,فَعَل,توتر وخوف,MAPPED,,37
14947,2052,خَوْف,اسم جامد,خوف,فَعْل,شعور من التهديد,MAPPED,,37
14948,2052,مُرْتَاع,اسم مفعول,رتع,مُفْتَعِل,مرتاع,MAPPED,,37
14949,2052,مَفْزُوع,اسم مفعول,فزع,مَفْعُول,يتصف بالخوف,MAPPED,,37
14950,2052,رَعْب,اسم جامد,رعب,فَعْل,خوف وقلق,MAPPED,,37
15005,2052,رُعْب,اسم جامد,رعب,فُعْل,شعور قوي بالخوف,MAPPED,,37
16357,2052,عَاشَ في خَوْف,تركيب,,,يبقى خائفاً باستمرار,MAPPED,,37
14979,2054,وَاجَهَ,فعل,وجه,فَاعَلَ,يضع نفسه للتعامل,MAPPED,,37
14980,2054,تَصَدَّى,فعل,صدي,تَفَعَّلَ,يبدأ حل المشكلة,MAPPED,,37
14967,2055,احْتَضَرَ,اسم فاعل,حضر,اِفْتِعَال,قريب من الموت,MAPPED,,37
14968,2055,مُحْتَضَر,اسم فاعل,حضر,مُفْتَعِل,على عتبة الموت,MAPPED,,37
14970,2056,حَرَمَ,فعل,حرم,فَعَلَ,يمنع من وجود شيء,MAPPED,,37
14971,2056,حَرَمَ,فعل,حرم,فَعَلَ,يترك بدون ملكية,MAPPED,,37
14972,2056,نَفَى,فعل,نفي,فَعَلَ,لا يسمح بوجود,MAPPED,,37
18784,2056,أَذِنَ,فعل,اذن,أَفْعَلَ,يترك لشخص أن يمتلك,MAPPED,,37
18785,2056,أَجَازَ,فعل,جوز,أَفْعَلَ,يسمح بامتلاك,MAPPED,,37
15000,2060,رَبَطَ,فعل,ربط,فَعَلَ,يجمع بين شيئين,MAPPED,,37
15001,2060,وَصَلَ,فعل,وصل,فَعَلَ,يربط شيئاً بآخر,MAPPED,,37
15002,2060,رَبَطَ,فعل,ربط,فَعَلَ,يعمل كدليل على ارتباط,MAPPED,,37
15003,2060,رَبَطَ,فعل,ربط,فَعَلَ,يربط ارتباطاً ضعيفاً,MAPPED,,37
15004,2060,وَرَبَطَ,فعل,ربط,فَعَلَ,يربط فكرتين,MAPPED,,37
15029,2061,قَوِيّ,صفة مشبهة,قوي,فَعِل,قادر على المقاومة,MAPPED,,37
15030,2061,حِصِين,صفة مشبهة,حصن,فِعِيل,قوي ضد الهجوم,MAPPED,,37
17309,2061,صَلْب,صفة مشبهة,صلب,فَعْل,قوي وصلب,MAPPED,,37
18269,2061,قُوَّة,اسم جامد,قوي,فُعَّلة,صفة القوة والمقاومة,MAPPED,,37
18270,2061,ضَعِيف,صفة مشبهة,ضعف,فَعِيل,غير قادر على المقاومة,MAPPED,,37
18271,2061,ضُعْف,اسم جامد,ضعف,فُعْل,عدم القدرة على المقاومة,MAPPED,,37
18273,2061,جَلْد,صفة مشبهة,جلد,فَعْل,قادر على تحمل القوة,MAPPED,,37
18274,2061,جَلَد,اسم جامد,جلد,فَعَل,صفة التحمل,MAPPED,,37
18275,2061,مَتِين,صفة مشبهة,متن,فَاعِل,قوي البناء,MAPPED,,37
18276,2061,صَلَابَة,اسم جامد,صلب,فَعَالَة,كون الشيء متيناً,MAPPED,,37
18277,2061,قَسْوَة,اسم جامد,قسا,فَعْلَة,كون الشيء قاسياً,MAPPED,,37
18278,2061,دَاوِم,صفة مشبهة,دوم,فَاعِل,يقاوم البلى,MAPPED,,37
18279,2061,دَوَام,اسم جامد,دوم,فَعَال,كون الشيء دائماً,MAPPED,,37
18280,2061,هَشّ,صفة مشبهة,هش,فَعْل,ينكسر بسهولة,MAPPED,,37
18281,2061,هَشَاشَة,اسم جامد,هش,فَعَالَة,سهولة الكسر,MAPPED,,37
18282,2061,وَاهِن,صفة مشبهة,وهن,فَاعِل,بدون صلابة,MAPPED,,37
18283,2061,وَهَن,اسم جامد,وهن,فَعَل,كون الشيء واهناً,MAPPED,,37
18284,2061,قَوِيّ,صفة مشبهة,قوي,فَعِل,بناء قوي,MAPPED,,37
18285,2061,قُوَّة,اسم جامد,قوي,فُعَّلة,كون الشيء قوياً,MAPPED,,37
18286,2061,مَرِن,صفة مشبهة,رين,فَاعِل,ينحني بسهولة,MAPPED,,37
18287,2061,مُرُونَة,اسم جامد,رين,فُعُولَة,سهولة الانحناء,MAPPED,,37
18288,2061,مُرِن,صفة مشبهة,رين,فُعِل,قابل للانحناء,MAPPED,,37
18289,2061,مُرُونَة,اسم جامد,رين,فُعُولَة,قابلية الانحناء,MAPPED,,37
18707,2061,ضَعِيف,صفة مشبهة,ضعف,فَعِيل,ليس قوياً,MAPPED,,37
15097,2070,أَطْلَقَ,فعل,طلق,أَفْعَلَ,يبدأ بطاقة وحماس,MAPPED,,37
15571,2071,سَلَّمَ,فعل,سلم,فَعَّلَ,ينقل شيئاً إلى شخص,MAPPED,,37
15119,2072,فَازَ,فعل,فوز,فَاعَ,ينهي بنتيجة ايجابية,MAPPED,,37
15124,2074,هَزَمَ,فعل,هزم,فَعَلَ,يفوز على فريق,MAPPED,,37
15125,2074,انْتَصَرَ,فعل,نصر,اِنْفَعَلَ,يفوز في منافسة,MAPPED,,37
15126,2074,سَحَقَ,فعل,سحق,فَعَلَ,يفوز بهامش كبير,MAPPED,,37
15127,2074,غَلَبَ,فعل,غلب,فَعَلَ,يخرج كفائز,MAPPED,,37
15128,2074,هَزِيمَة,اسم جامد,هزم,فَعِيلَة,حالة الهزيمة,MAPPED,,37
15129,2074,أَسْقَطَ,فعل,سقط,أَفْعَلَ,يهزم بقسوة,MAPPED,,37
15130,2074,قَلَبَ,فعل,قلب,فَعَلَ,يهزم,MAPPED,,37
15131,2074,انْسِحَاق,اسم جامد,سحق,اِنْفِعَال,هزيمة حاسمة,MAPPED,,37
15137,2074,سَحَقَ,فعل,سحق,فَعَلَ,يهزم حاسماً,MAPPED,,37
15132,2075,لَمَحَ,فعل,لمح,فَعَلَ,يرى بإيجاز,MAPPED,,37
15133,2075,لَمْحَة,اسم جامد,لمح,فَعْلَة,حدث رؤية موجزة,MAPPED,,37
15134,2075,شَاهَدَ,فعل,شهد,فَاعَلَ,يرى بإيجاز,MAPPED,,37
15140,2076,حَكَمَ,فعل,حكم,فَعَلَ,يصدر قراراً قانونياً,MAPPED,,37
16838,2076,قَضَى,فعل,قضى,فَعَلَ,يحكم قانونياً,MAPPED,,37
16839,2076,أَصْدَرَ,فعل,صدر,أَفْعَلَ,يحكم قانونياً,MAPPED,,37
16840,2076,حَكَّمَ,فعل,حكم,فَعَّلَ,يحكم قانونياً,MAPPED,,37
17332,2076,حُكْم,اسم جامد,حكم,فُعْل,قرار قانوني,MAPPED,,37
17333,2076,رَأَى,فعل,رأي,فَعَلَ,يحكم كسلطة قانونية,MAPPED,,37
15150,2080,ذَكَرَ,فعل,ذكر,فَعَلَ,يشير دون تفصيل,MAPPED,,37
17826,2080,أَشَارَ,فعل,شور,أَفْعَلَ,يذكر كموضوع ثانوي,MAPPED,,37
15160,2090,سَمَّى,فعل,سمى,فَعَّلَ,يعطي هوية لشيء,MAPPED,,37
18494,2090,أَشَارَ,فعل,شور,أَفْعَلَ,يشير أو يعلن,MAPPED,,37
18495,2090,عَرَّفَ,فعل,عرف,فَعَّلَ,يثبت كشخص معين,MAPPED,,37
18496,2090,أَشَارَ إِلَى,تركيب,,,يدل على أو يحدد,MAPPED,,37
18504,2090,أَدَلَى,فعل,دلي,أَفْعَلَ,يعرف أو يبلغ الشرطة,MAPPED,,37
15183,2104,تَلاشَى,فعل,لشا,تَفَاعَلَ,يقترب من عدم الوجود,MAPPED,,37
15184,2104,اخْتَفَى,فعل,خفي,اِفْتَعَلَ,يكف عن الوجود,MAPPED,,37
15185,2104,تَبَدَّدَ,فعل,بدد,تَفَعَّلَ,يكف تماماً عن الوجود,MAPPED,,37
15186,2104,ذَهَبَ,فعل,ذهب,فَعَلَ,يكف عن الوجود,MAPPED,,37
15187,2104,اخْتِفَاء,اسم جامد,خفي,اِفْتِعَال,حدث الاختفاء,MAPPED,,37
15188,2104,تَبَدُّد,اسم جامد,بدد,تَفَعُّل,حدث التبدد,MAPPED,,37
15189,2104,اسْتَحَالَ,فعل,حول,اِسْتَفْعَلَ,يكف عن الوجود,MAPPED,,37
15190,2104,ذَابَ,فعل,ذوب,فَاعَ,يكف عن الوجود تدريجياً,MAPPED,,37
15179,2105,هَالِك,صفة مشبهة,هلك,فَاعِل,غير موجود,MAPPED,,37
15180,2105,تَارِيخ,اسم جامد,توريخ,فَاعِل,مجموع الأحداث,MAPPED,,37
15181,2105,ذَاهِب,صفة مشبهة,ذهب,فَاعِل,لا يوجد أكثر,MAPPED,,37
15182,2105,مِن الْماضِي,تركيب,,,غير موجود,MAPPED,,37
15202,2113,تَارِيخ,اسم جامد,توريخ,فَاعِل,مجموع الأحداث,MAPPED,,37
15260,2120,يَسْتَطِيع,فعل,طوع,يَفْعَل,قادر على,MAPPED,,37
17411,2120,قَدْ,حرف,,,يعبر عن الاحتمالية,MAPPED,,37
17412,2120,قَدْ,حرف,,,يعبر عن الاحتمالية,MAPPED,,37
17413,2120,يَسْتَطِيع,فعل,طوع,يَفْعَل,يعبر عن الاحتمالية,MAPPED,,37
15261,2121,اسْتَمَرَّ,فعل,مرر,اِسْتَفْعَلَ,له مدة زمنية,MAPPED,,37
15262,2121,اسْتَمَرَّ,فعل,مرر,اِسْتَفْعَلَ,له مدة من الزمن,MAPPED,,37
17645,2121,لِـ,حرف,,,لمدة محددة,MAPPED,,37
15322,2131,احْتَمَلَ,فعل,حمل,اِفْتَعَلَ,يتحمل أو يحتمل,MAPPED,,37
15323,2131,صَبَرَ,فعل,صبر,فَعَلَ,يتحمل بدون فشل,MAPPED,,37
15324,2131,مُتَسَامِح,اسم فاعل,سمح,مُتَفَعِل,قادر على التقبل,MAPPED,,37
15325,2131,احْتَمَلَ,فعل,حمل,اِفْتَعَلَ,يتحمل الضرر,MAPPED,,37
15326,2131,تَسَامُح,اسم جامد,سمح,تَفَعُّل,القدرة على التقبل,MAPPED,,37
15327,2131,تَحَمَّلَ,فعل,حمل,تَفَعَّلَ,يقبل أو يتحمل,MAPPED,,37
15328,2132,حَاوَلَ,فعل,حول,فَاعَلَ,يحاول بوسيلة,MAPPED,,37
18807,2132,حَاوَلَ,فعل,حول,فَاعَلَ,يحاول استخدام شيء,MAPPED,,37
15335,2133,نَمَط,اسم جامد,نمط,فَعَل,تكوين كيانات,MAPPED,,37
15336,2133,تَشْكِيل,اسم جامد,شكل,تَفْعِيل,ترتيب كيانات,MAPPED,,37
15359,2135,تَسَلْسُل,اسم جامد,سلسل,تَفَعُّل,ترتيب زمني,MAPPED,,37
15360,2135,تَسَلْسُل,اسم جامد,سلسل,تَفَعُّل,تسلسل,MAPPED,,37
15361,2135,سِلْسِلَة,اسم جامد,سلسل,فِعْلَة,كيانات في ترتيب,MAPPED,,37
15362,2135,مُتَسَلْسِل,صفة مشبهة,سلسل,مُتَفَعِل,يحدث في تسلسل,MAPPED,,37
15363,2135,مُتَتَابِع,صفة مشبهة,تبع,مُتَفَاعِل,يحدث بدون فواصل,MAPPED,,37
15364,2135,تَرْتِيب,اسم جامد,رتب,تَفْعِيل,الترتيب حسب التسلسل,MAPPED,,37
15373,2136,لَفَّ,فعل,لفف,فَعَّلَ,يضع شيئاً في تشكيل,MAPPED,,37
15374,2136,عَقَدَ,فعل,عقد,فَعَلَ,يرتب في حلقة,MAPPED,,37
15375,2136,تَلَفَّفَ,فعل,لفف,تَفَعَّلَ,يدخل في تشكيل ملفوف,MAPPED,,37
15377,2136,التَّوَى,فعل,لوي,اِنْفَعَلَ,يصبح ملتوياً,MAPPED,,37
15573,2136,تَجَعَّدَ,فعل,جعد,تَفَعَّلَ,يصبح منحني,MAPPED,,37
17202,2136,شَكَّلَ,فعل,شكل,فَعَّلَ,يسبب تغيير الشكل,MAPPED,,37
17203,2136,دَحْرَجَ,فعل,دحرج,فَعْلَلَ,يدحرج لإنشاء شكل,MAPPED,,37
15618,2137,تَلَفَّفَ,فعل,لفف,تَفَعَّلَ,يدخل في تشكيل ملفوف,MAPPED,,37
15619,2137,تَجَعَّدَ,فعل,جعد,تَفَعَّلَ,يصبح منحني,MAPPED,,37
15620,2137,التَّوَى,فعل,لوي,اِنْفَعَلَ,يصبح ملتوياً,MAPPED,,37
16439,2137,انْطَوَى,فعل,طوى,اِنْفَعَلَ,ينحني أو يتغير,MAPPED,,37
16552,2137,انْطَوَى,فعل,طوى,اِنْفَعَلَ,يتغير شكل البروتين,MAPPED,,37
15380,2138,جَلَسَ,فعل,جلس,فَعَلَ,له القدرة على احتواء,MAPPED,,37
15381,2138,تَّسِعَ,فعل,سعع,تَفَعَّلَ,قادر على احتواء,MAPPED,,37
15382,2138,أَخَذَ,فعل,أخذ,أَفْعَلَ,قادر على احتواء,MAPPED,,37
15383,2138,نَامَ,فعل,نوم,فَاعَ,يحتوي على نائمين,MAPPED,,37
15591,2138,أَطْعَمَ,فعل,طعم,أَفْعَلَ,يستضيف لوجبة,MAPPED,,37
15592,2138,خَدَمَ,فعل,خدم,فَعَلَ,يخدم عدداً من الناس,MAPPED,,37
15396,2140,وَقْت,اسم جامد,وقت,فَعْل,فترة غير محددة,MAPPED,,37
15401,2140,مَرَّة,اسم جامد,مرر,فَعْلَة,حالة واحدة فقط,MAPPED,,37
15402,2140,مَرَّتَان,اسم جامد,مرر,فَعْلَة,حالتان,MAPPED,,37
17197,2140,ثَلاثَ مَرَّات,اسم جامد,مرر,فَعْلَة,ثلاث مرات,MAPPED,,37
18451,2140,مُتَكَرِّر,صفة مشبهة,كرر,مُتَفَعِّل,يحدث أكثر من مرة,MAPPED,,37
18452,2140,مِرَاراً,ظرف,مرر,فِعَالاً,في نمط متكرر,MAPPED,,37
18665,2140,مُنَاسَبَة,اسم جامد,نسب,مُفَاعَلَة,حالة من حدث,MAPPED,,37
15399,2141,وَقْت,اسم جامد,وقت,فَعْل,فترة غير محددة,MAPPED,,37
15730,2141,تَارِيخ,اسم جامد,توريخ,فَاعِل,مزيج من التاريخ,MAPPED,,37
16915,2141,فَتْرَة,اسم جامد,فتر,فَعْلَة,فترة زمنية,MAPPED,,37
15518,2142,فَتْرَة,اسم جامد,فتر,فَعْلَة,فترة زمنية,MAPPED,,37
15519,2142,وَقْت,اسم جامد,وقت,فَعْل,فترة غير محددة,MAPPED,,37
16371,2142,حَيَاة,اسم جامد,حيي,فَعَالَة,فترة من الحياة,MAPPED,,37
15421,2150,رَغْمَ,حرف,,,على الرغم من,MAPPED,,37
15423,2150,عَلَى الرَّغْمِ,تركيب,,,على الرغم من,MAPPED,,37
15424,2150,رَغْمَ أَنَّ,تركيب,,,على الرغم من أن,MAPPED,,37
15425,2150,وَإِنْ,تركيب,,,على الرغم من أن,MAPPED,,37
15431,2150,حِينَ أَنَّ,تركيب,,,من ناحية أخرى,MAPPED,,37
18041,2150,إِذَا,حرف,,,مع افتراض,MAPPED,,37
18750,2150,وَإِنْ,تركيب,,,حتى لو كان,MAPPED,,37
15460,2161,أَرَى,فعل,ريي,أَفْعَلَ,يجعل مرئياً,MAPPED,,37
15512,2161,أَظْهَرَ,فعل,ظهر,أَفْعَلَ,يعطي شرحاً,MAPPED,,37
15513,2161,عَرَضَ,فعل,عرض,فَعَلَ,يعرض على الآخرين,MAPPED,,37
15517,2161,أَشَارَ,فعل,شور,أَفْعَلَ,يشير إلى وجود,MAPPED,,37
15520,2161,صَوَّرَ,فعل,صور,فَعَّلَ,يمثل برسم,MAPPED,,37
15521,2161,مَثَّلَ,فعل,مثل,فَعَّلَ,يعبر بشكل غير مباشر,MAPPED,,37
15522,2161,عَرَضَ,فعل,عرض,فَعَلَ,يعرض أو يبرز,MAPPED,,37
16933,2161,ظَهَرَ,فعل,ظهر,فَعَلَ,خصائص عرضية,MAPPED,,37
17166,2161,لَفَتَ النَّظَرَ,تركيب,,,يلفت انتباهاً,MAPPED,,37
15496,2162,رَمَزَ,فعل,رمز,فَعَلَ,يمثل برمز,MAPPED,,37
15515,2162,رَمْز,تركيب,,,يمثل,MAPPED,,37
15470,2164,مَجْمُوع أَعْمَال,تركيب,,,أعمال الفنان,MAPPED,,37
15471,2164,عَمَل,اسم جامد,عمل,فَعَل,نتاج الجهد,MAPPED,,37
16300,2164,إِنْتَاج,اسم جامد,نتج,إِفْتِعَال,نتائج العمل,MAPPED,,37
15480,2170,عَالِي الصَّوْت,تركيب,,,عالي الحجم الصوتي,MAPPED,,37
15481,2170,هَادِئ,صفة مشبهة,هدي,فَاعِل,منخفض الحجم,MAPPED,,37
15472,2171,أَرْض,اسم جامد,ارض,فَعْل,موقع محدود بالملكية,MAPPED,,37
15493,2171,مِلْك,اسم جامد,ملك,فِعْل,مبنى والأرض,MAPPED,,37
15494,2171,ضَيْعَة,اسم جامد,ضيع,فَعْلَة,ملك كبير,MAPPED,,37
15511,2180,بَاعَ على المكشوف,تركيب,,,يبيع ويشتري أقل,MAPPED,,37
15562,2191,ثَبُتَ,فعل,ثبت,فَعُلَ,يعترف بصفات,MAPPED,,37
15564,2191,تَبَيَّنَ,فعل,بين,تَفَعَّلَ,يعترف به,MAPPED,,37
15565,2191,انْتَهَى,فعل,نهي,اِنْفَعَلَ,يعترف به في النهاية,MAPPED,,37
15580,2192,غَطَّسَ,فعل,غطس,فَعَّلَ,يضع مؤقتاً في سائل,MAPPED,,37
15581,2192,غَمَسَ,فعل,غمس,فَعَلَ,يضع مؤقتاً في سائل,MAPPED,,37
15593,2193,فَازَ,فعل,فوز,فَاعَ,ينهي بنتيجة ايجابية,MAPPED,,37
15594,2193,خَسِرَ,فعل,خسر,فَعِلَ,ينقص في الكمية,MAPPED,,37
15587,2196,خَسِرَ,فعل,خسر,فَعِلَ,ينقص في الكمية,MAPPED,,37
15588,2197,خَسِرَ,فعل,خسر,فَعِلَ,ينقص في الكمية,MAPPED,,37
15589,2197,أَضَاعَ,فعل,ضيع,أَفْعَلَ,يضع في مكان خاطئ,MAPPED,,37
15600,2199,خَسِرَ,فعل,خسر,فَعِلَ,ينقص في الكمية,MAPPED,,37
15601,2200,خَسِرَ,فعل,خسر,فَعِلَ,ينقص في الكمية,MAPPED,,37
15603,2201,كَسِبَ,فعل,كسب,فَعِلَ,يزيد في الكمية,MAPPED,,37
15604,2201,خَسِرَ,فعل,خسر,فَعِلَ,ينقص في الكمية,MAPPED,,37
15621,2202,قَرَأَ بِصَوْت عَالٍ,تركيب,,,ينطق نص مكتوب,MAPPED,,37
15948,2202,قَرَأَ بِصَوْت عَالٍ,تركيب,,,ينطق نص بصوت,MAPPED,,37
15636,2220,اسْتَنْفَدَ,فعل,نفد,اِسْتَفْعَلَ,ينضب مورد,MAPPED,,37
15637,2220,اسْتَهْلَكَ,فعل,هلك,اِسْتَفْعَلَ,يستخدم مورد,MAPPED,,37
15638,2220,أَنْفَقَ,فعل,نفق,أَفْعَلَ,ينفق,MAPPED,,37
15639,2220,ابْتَلَعَ,فعل,بلع,اِفْتَعَلَ,يستهلك كميات,MAPPED,,37
17170,2220,نَقَّصَ,فعل,نقص,فَعَّلَ,يقلل المورد,MAPPED,,37
17171,2220,اسْتَهْلَكَ,فعل,هلك,اِسْتَفْعَلَ,ينفق مورداً,MAPPED,,37
17172,2220,أَنْفَقَ,فعل,نفق,أَفْعَلَ,ينفق أو يستهلك,MAPPED,,37
17173,2220,بَذَّرَ,فعل,بذر,فَعَّلَ,يهدر أو يستهلك,MAPPED,,37
17174,2220,ابْتَلَعَ,فعل,بلع,اِفْتَعَلَ,يستهلك,MAPPED,,37
17175,2220,أَنْفَقَ,فعل,نفق,أَفْعَلَ,ينفق,MAPPED,,37
17697,2220,نَفِدَ,فعل,نفد,فَعِلَ,ينفق تماماً,MAPPED,,37
15651,2230,أَضَافَ,فعل,ضيف,أَفْعَلَ,يساهم في كتلة,MAPPED,,37
15812,2230,أَدْرَجَ,فعل,درج,أَفْعَلَ,يضع في مجموعة,MAPPED,,37
15652,2232,رَدّ,فعل,ردد,فَعّلَ,أَعْطَى رَدًّا أَوْ استِجَابَةً عَلَى المُحَفِّز,MAPPED,,38
15655,2233,أَرْضَى,فعل,رضي,أَفْعَلَ,وَفَّق الكيان بالمعيار المطلوب,MAPPED,,38
15657,2235,استَوْفَى,فعل,وفي,اِفْتَعَلَ,بَلَغَ المعيار المطلوب,MAPPED,,38
15658,2235,أَنْجَزَ,فعل,نجز,أَفْعَلَ,أَتَمّ ما هو مطلوب,MAPPED,,38
15667,2237,اجْتَمَع,فعل,جمع,اِفْتَعَلَ,التَقَى الأفراد معاً بقصد,MAPPED,,38
15719,2237,اجْتَمَع,فعل,جمع,اِفْتَعَلَ,تَجَمّع الناس معاً بنية جماعية,MAPPED,,38
15720,2237,عَقَدَ,فعل,عقد,فَعَلَ,جَمَعَ الناس لغرض عام,MAPPED,,38
15664,2238,الْتَقَى,فعل,لقي,اِفْتَعَلَ,تَقَابَل طَرْفَاه وتحاورا,MAPPED,,38
15659,2239,عَرَضَ,فعل,عرض,فَعَلَ,قَدَّمَ شيئاً للآخر,MAPPED,,38
15660,2239,قَدَّمَ,فعل,قدم,فَعّلَ,عَرَضَ شيئاً للأخذ,MAPPED,,38
15661,2239,مَدّ,فعل,مدد,فَعّلَ,قَدَّمَ بمبادرة,MAPPED,,38
17140,2239,قَدَّمَ,فعل,قدم,فَعّلَ,عَرَضَ الطعام للاستهلاك,MAPPED,,38
15665,2241,رَاهَن,فعل,رهن,فَاعَلَ,وَضَعَ المال على احتمال,MAPPED,,38
15666,2241,رِهَان,اسم جامد,رهن,فِعَال,وَضْعُ مال على نتيجة غير مؤكدة,MAPPED,,38
17214,2241,رَاهَن,فعل,رهن,فَاعَلَ,وَضَعَ مالاً على رهان,MAPPED,,38
15678,2243,جَمَعَ,فعل,جمع,فَعَلَ,ضَمّ عددين معاً,MAPPED,,38
15679,2243,ضَرَبَ,فعل,ضرب,فَعَلَ,حَسَبَ حاصل الضرب,MAPPED,,38
15680,2243,جَمْع,اسم جامد,جمع,فَعْل,نتيجة ضم عددين,MAPPED,,38
15681,2243,ضَرْب,اسم جامد,ضرب,فَعْل,نتيجة تكرار عدد,MAPPED,,38
15682,2244,مَجْموع,اسم جامد,جمع,مَفْعول,عدد نتج من الجمع,MAPPED,,38
15683,2244,حَاصِل,اسم جامد,حصل,فَاعِل,نتيجة الضرب الحسابي,MAPPED,,38
15810,2244,أَمْثَال,اسم جامد,ثيل,أَفْعَال,نسب من كمية أصلية,MAPPED,,38
15684,2246,طَرَحَ,فعل,طرح,فَعَلَ,أَزَالَ عدداً من آخر,MAPPED,,38
15685,2246,قَسَّمَ,فعل,قسم,فَعّلَ,وَزّعَ عدداً على آخر,MAPPED,,38
15686,2246,طَرْح,اسم جامد,طرح,فَعْل,نتيجة إزالة عدد من آخر,MAPPED,,38
15687,2246,قِسْمَة,اسم جامد,قسم,فِعْلَة,تقسيم عدد على آخر,MAPPED,,38
15688,2246,طَرَحَ,فعل,طرح,فَعَلَ,أَنْقَصَ عدداً من كمية,MAPPED,,38
15689,2247,خَارِج,اسم جامد,خرج,فَاعِل,نتيجة قسمة عدد على آخر,MAPPED,,38
15690,2247,فَرْق,اسم جامد,فرق,فَعْل,ما يبقى بعد الطرح,MAPPED,,38
15691,2247,,,,,,NO_ARABIC_EQUIVALENT,أداة جر إنجليزية تُرجمة بالعربية,38
15676,2248,عَفِنَ,فعل,عفن,فَعِلَ,تَحَلّلَ المادة العضوية,MAPPED,,38
15677,2248,تَعَفّن,فعل,عفن,تَفَعّلَ,حَدَثَ التعفّن والتحلّل,MAPPED,,38
15692,2249,صَادَفَ,فعل,صدف,فَاعَلَ,الْتَقَى بشخص دون قصد,MAPPED,,38
15693,2249,عَثَرَ,فعل,عثر,فَعَلَ,وَجِدَ شيئاً بالصدفة,MAPPED,,38
15695,2251,أَبْيَض,صفة مشبهة,بيض,أَفْعَل,من عرق القوقاز,MAPPED,,38
15696,2251,أَسْوَد,صفة مشبهة,سود,أَفْعَل,من عرق أفريقي,MAPPED,,38
15697,2251,لَوْن,اسم جامد,لون,فَعْل,لون البشرة العرقي,MAPPED,,38
15698,2251,أَصْفَر,صفة مشبهة,صفر,أَفْعَل,من عرق آسيوي,MAPPED,,38
15700,2251,آسِيوِيّ,اسم منسوب,سيا,فَاعِلِيّ,متعلق بآسيا,MAPPED,,38
15701,2251,إِسْبَانِيّ,اسم منسوب,سبن,إِفْعَالِيّ,متعلق بإسبانيا,MAPPED,,38
15702,2252,نُمُوذَج,اسم جامد,نمذج,فُعُول,عضو مثالي من فئة,MAPPED,,38
15703,2252,نَمُوذَج,اسم جامد,نمذج,فَعُول,مثال يُحتذى به من الفئة,MAPPED,,38
15704,2252,صُورَة,اسم جامد,صور,فُعْلَة,ما يطابق الشكل المثالي,MAPPED,,38
15709,2252,قِدْوَة,اسم جامد,قدا,فِعْوَة,نموذج إيجابي يُتّبع,MAPPED,,38
15713,2252,رَمْز,اسم جامد,رمز,فَعْل,ممثل مثالي من الفئة,MAPPED,,38
17055,2252,فَرِيد,اسم جامد,فرد,فَعِيل,نموذج مثالي استثنائي,MAPPED,,38
17056,2252,حَقِيقِيّ,صفة مشبهة,حقق,فَعِيلِيّ,يصف نموذجاً مثالياً,MAPPED,,38
15706,2253,مِثَالِيّ,اسم منسوب,مثل,فِعَالِيّ,يطابق الشكل المثالي,MAPPED,,38
15707,2253,نُمُوذَجِيّ,اسم منسوب,نمذج,فُعُولِيّ,يطابق النموذج الأولي,MAPPED,,38
16911,2253,مِعْيَار,اسم جامد,عيار,فِعْيَال,نموذجي من حيث الشكل,MAPPED,,38
15876,2261,صُورَة,اسم جامد,صور,فُعْلَة,نمط بصري يشبه كياناً,MAPPED,,38
15877,2261,ظِلّ,اسم جامد,ظلل,فِعّ,شكل مظلم على خلفية,MAPPED,,38
15878,2261,ظِلّ,اسم جامد,ظلل,فِعّ,مساحة مظلمة من جسم معتم,MAPPED,,38
15733,2262,انْطِبَاع,اسم جامد,طبع,اِنْفِعَال,رأي شخص عن شيء,MAPPED,,38
15734,2262,شَخْصِيَّة,اسم جامد,شخص,فَعْلِيَّة,الهوية المفترضة في السياق,MAPPED,,38
15760,2270,دَافِئ,صفة مشبهة,دفأ,فَاعِل,يشبه ألوان الحرارة,MAPPED,,38
15762,2270,زَاهِي,صفة مشبهة,زها,فَاعِل,قويّ الانطباع اللوني,MAPPED,,38
15765,2270,مُتَعَكِّر,اسم مفعول,عكر,مُتَفَعِّل,قليل التشبع اللوني,MAPPED,,38
15813,2270,بَاهِت,صفة مشبهة,بهت,فَاعِل,ضعيف الشدة اللونية,MAPPED,,38
15830,2270,فَاتِح,اسم فاعل,فتح,فَاعِل,عالي الإضاءة اللونية,MAPPED,,38
16955,2270,غَامِق,اسم فاعل,غمق,فَاعِل,عميق اللون غير فاتح,MAPPED,,38
16986,2270,سَاطِع,اسم فاعل,سطع,فَاعِل,حيّ اللون والتشبع,MAPPED,,38
15768,2280,خَرَج,فعل,خرج,فَعَلَ,شارك في حدث اجتماعي,MAPPED,,38
15767,2281,مَوْعِد,اسم جامد,وعد,مَفْعِل,تقابل اجتماعي مرتب مسبقاً,MAPPED,,38
15769,2282,كَبِير,صفة مشبهة,كبر,فَعِيل,فوق المتوسط في الحجم,MAPPED,,38
15771,2282,كَبِير,صفة مشبهة,كبر,فَعِيل,واسع من حيث الحجم,MAPPED,,38
15772,2282,ضَخْم,صفة مشبهة,ضخم,فَعْل,كبير جداً بشكل ملفت,MAPPED,,38
15773,2282,صَغِير,صفة مشبهة,صغر,فَعِيل,دون المتوسط في الحجم,MAPPED,,38
15774,2282,دَقِيق,صفة مشبهة,دقق,فَعِيل,صغير جداً,MAPPED,,38
15800,2282,صَغِير,صفة مشبهة,صغر,فَعِيل,قليل في الحجم,MAPPED,,38
15927,2282,هَائِل,اسم فاعل,هيل,فَاعِل,كبير بشكل مذهل,MAPPED,,38
16282,2282,عَظِيم,صفة مشبهة,عظم,فَعِيل,كبير استثنائياً,MAPPED,,38
17848,2282,,,,,,NO_ARABIC_EQUIVALENT,مصطلح رياضي متطرف,38
17849,2282,عَمْلَاق,اسم جامد,علق,فَعْلَال,ضخم جداً من حيث المساحة,MAPPED,,38
17850,2282,عَمْلَاق,اسم جامد,علق,فَعْلَال,كبير بشكل غير عادي,MAPPED,,38
17851,2282,صُغَرّ,اسم جامد,صغر,فُعَالّ,أصغر من الحجم الطبيعي,MAPPED,,38
17852,2282,فَخْم,صفة مشبهة,فخم,فَعْل,كبير وفخيم من المظهر,MAPPED,,38
17853,2282,سَاحِق,اسم فاعل,سحق,فَاعِل,كبير جداً في المساحة,MAPPED,,38
17854,2282,دَقِيق,صفة مشبهة,دقق,فَعِيل,صغير بشكل بارز,MAPPED,,38
17855,2282,ضَخْم,صفة مشبهة,ضخم,فَعْل,ضخم في الحجم والوزن,MAPPED,,38
17856,2282,لَا بَأْسَ بِه,تركيب,,,حجم معتبر إلى حد ما,MAPPED,,38
17857,2282,مِعْتَبَر,اسم فاعل,عتبر,مِفْتَعَل,كبير كفاية من الحجم,MAPPED,,38
17858,2282,وَاسِع,اسم فاعل,وسع,فَاعِل,كبير كفاية من المساحة,MAPPED,,38
17859,2282,ثَقِيل,صفة مشبهة,ثقل,فَعِيل,كبير حجماً وثقيل,MAPPED,,38
17860,2282,فَسِيح,صفة مشبهة,فسح,فَعِيل,قادر على احتواء الكثير,MAPPED,,38
17861,2282,ضَخْم جِدّا,تركيب,,,كبير بشكل استثنائي,MAPPED,,38
17862,2282,,,,,,NO_ARABIC_EQUIVALENT,كلمة دخيلة من اللغات الأخرى,38
17863,2282,غَيْرَ قَابِل,تركيب,,,كبير حتى لا يُقاس,MAPPED,,38
17864,2282,ضَخْم,صفة مشبهة,ضخم,فَعْل,كبير من حيث الحجم,MAPPED,,38
17865,2282,ضَخْم,صفة مشبهة,ضخم,فَعْل,كبير جداً,MAPPED,,38
17867,2282,صِغَار,اسم جامد,صغر,فِعَال,صغير من حيث الحجم,MAPPED,,38
17868,2282,نَحِيل,صفة مشبهة,نحل,فَعِيل,صغير وضئيل البنية,MAPPED,,38
17869,2282,صُغَيّر,اسم جامد,صغر,فُعَيِّل,صغير جداً,MAPPED,,38
17870,2282,دَقِيق,صفة مشبهة,دقق,فَعِيل,صغير جداً,MAPPED,,38
17871,2282,ضَعِيف,صفة مشبهة,ضعف,فَعِيل,صغير حجماً وضعيف,MAPPED,,38
17872,2282,,,,,,NO_ARABIC_EQUIVALENT,اسم متخيل من الأدب الإنجليزي,38
17873,2282,,,,,,NO_ARABIC_EQUIVALENT,اسم متخيل من الأدب الإنجليزي,38
17874,2282,مُتَوَسِّط,اسم فاعل,وسط,مُتَفَعِّل,بين الصغير والكبير,MAPPED,,38
17875,2282,مُتَوَسِّط,اسم فاعل,وسط,مُتَفَعِّل,حجم وسط,MAPPED,,38
17876,2282,مُتَوَسِّط,اسم فاعل,وسط,مُتَفَعِّل,ليس كبير وليس صغير,MAPPED,,38
15791,2284,دَافِئ,صفة مشبهة,دفأ,فَاعِل,يحفظ الحرارة الجسدية,MAPPED,,38
15792,2284,,,,,,NO_ARABIC_EQUIVALENT,كلمة إنجليزية غير شائعة,38
16125,2285,عَمِلَ,فعل,عمل,فَعِلَ,استخرج مورداً من الأرض,MAPPED,,38
16126,2285,عَامِل,اسم فاعل,عمل,فَاعِل,من يستخرج الموارد من الأرض,MAPPED,,38
16127,2285,اسْتَخْرَجَ,فعل,خرج,اِسْتَفْعَلَ,أخرج مورداً من الأرض,MAPPED,,38
15787,2286,حَار,صفة مشبهة,حرر,فَاعِل,درجة حرارة مزعجة,MAPPED,,38
15788,2286,دَافِئ,صفة مشبهة,دفأ,فَاعِل,درجة حرارة مريحة,MAPPED,,38
15789,2286,بَارِد,صفة مشبهة,برد,فَاعِل,درجة حرارة مريحة منخفضة,MAPPED,,38
15790,2286,بَارِد,صفة مشبهة,برد,فَاعِل,درجة حرارة مزعجة جداً,MAPPED,,38
15793,2286,احْتَرَقَ,فعل,حرق,اِفْتَعَلَ,اشتد الدفء بشكل غير طبيعي,MAPPED,,38
15816,2286,مُتَجَمِّد,اسم فاعل,جمد,مُتَفَعِّل,بارد جداً بشكل مؤلم,MAPPED,,38
15801,2290,نَافِذَة,اسم جامد,نفذ,فَاعِلَة,فترة زمنية تسمح بعمل,MAPPED,,38
15879,2320,حَكّ,فعل,حكك,فَعّلَ,سبب إحساساً غير مريح,MAPPED,,38
15880,2320,خَدّش,فعل,خدش,فَعّلَ,خفف احساساً غير مريح,MAPPED,,38
15881,2320,دَغْدَغَ,فعل,دغدغ,فَعْفَعَ,سبب إحساساً مرحاً,MAPPED,,38
15882,2320,دَلّك,فعل,دلك,فَعّلَ,ضغط على العضلات للتخفيف,MAPPED,,38
15883,2320,دَلّك,فعل,دلك,فَعّلَ,طبّق ضغطاً لتخفيف الألم,MAPPED,,38
15884,2320,احْتَكّ,فعل,حكك,اِفْتَعَلَ,احتك بطريقة غير مريحة,MAPPED,,38
17588,2320,آلَمَ,فعل,الم,أَفْعَلَ,سبب ألماً في جزء من الجسم,MAPPED,,38
15910,2330,ذَاقَ,فعل,ذوق,فَاعَ,تناول طعاماً لتقييم جودته,MAPPED,,38
15911,2330,ذَاقَ,فعل,ذوق,فَاعَ,أحسّ بطعم الطعام,MAPPED,,38
15921,2340,جَرّب,فعل,جرب,فَعّلَ,فعل شيئاً لتقييم جودته,MAPPED,,38
15924,2340,اخْتَبَر,فعل,خبر,اِفْتَعَلَ,استخدم شيئاً أول مرة,MAPPED,,38
15925,2340,جَرّب,فعل,جرب,فَعّلَ,جرب شيئاً للتقييم,MAPPED,,38
15950,2350,فُرْصَة,اسم جامد,فرص,فُعْلَة,موقف يسمح بفعل شيء,MAPPED,,38
15951,2350,صُدْفَة,اسم جامد,صدف,فُعْلَة,حالة تسمح بتحقيق شيء,MAPPED,,38
15967,2350,مُنَاسِب,اسم فاعل,نسب,مُفَاعِل,يعرض موقفاً مناسباً,MAPPED,,38
15968,2350,فُرْصَة,اسم جامد,فرص,فُعْلَة,فرصة مرغوبة جداً,MAPPED,,38
15962,2360,احْتِمَال,اسم جامد,حمل,اِفْتِعَال,احتمالية حدوث شيء,MAPPED,,38
15980,2360,نِسْبَة,اسم جامد,نسب,فِعْلَة,نسبة احتمالية نتيجة,MAPPED,,38
15981,2360,احْتِمَالِيَّة,اسم جامد,حمل,اِفْتِعَالِيَّة,احتمال وقوع حدث,MAPPED,,38
15982,2360,احْتِمَال,اسم جامد,حمل,اِفْتِعَال,وصف احتمالية حدث,MAPPED,,38
15983,2360,,,,,,NO_ARABIC_EQUIVALENT,مصطلح إحصائي متخصص,38
15995,2360,احْتِمَالَات,اسم جامد,حمل,اِفْتِعَالَات,احتمالات وقوع حدث,MAPPED,,38
15985,2370,سَدّ,فعل,سدد,فَعّلَ,أرجع ديناً,MAPPED,,38
15986,2370,سَدَاد,اسم جامد,سدد,فَعَال,إرجاع دين,MAPPED,,38
15988,2370,رَدّ,فعل,ردد,فَعّلَ,أرجع قرضاً,MAPPED,,38
15992,2371,اسْتَحَقّ,فعل,حقق,اِسْتَفْعَلَ,حان موعد الدفع,MAPPED,,38
15993,2371,اسْتِحْقَاق,اسم جامد,حقق,اِسْتِفْعَال,تاريخ استحقاق السند,MAPPED,,38
15994,2371,,,,,,NO_ARABIC_EQUIVALENT,المعنى الاستثماري لا يطابق اللغة العربية,38
16001,2380,شَهِير,صفة مشبهة,شهر,فَعِيل,مقبول لدى المجموعة,MAPPED,,38
16010,2380,مَرْغوب,اسم مفعول,رغب,مَفْعول,جدير بالتقليد,MAPPED,,38
16011,2380,,,,,,NO_ARABIC_EQUIVALENT,حالة اجتماعية مؤقتة,38
16670,2380,مَطْلوب,اسم مفعول,طلب,مَفْعول,مشهور ومطلوب,MAPPED,,38
17847,2380,شَهِير,صفة مشبهة,شهر,فَعِيل,معتبر مرغوب,MAPPED,,38
16030,2400,تَمَرّن,فعل,مرن,تَفَعّلَ,مارس نشاطاً لصحته,MAPPED,,38
16031,2400,تَمَرّن,فعل,مرن,تَفَعّلَ,قوّى جسده بالنشاط,MAPPED,,38
16043,2400,تَمَرِين,اسم جامد,مرن,تَفَعِيل,نشاط بدني للصحة,MAPPED,,38
16065,2411,نَاجِح,اسم فاعل,نجح,فَاعِل,شخص حقق الازدهار,MAPPED,,38
16066,2411,نَجَاح,اسم جامد,نجح,فَعَال,حدث أسفر عن ازدهار,MAPPED,,38
16067,2411,نَجَاح,اسم جامد,نجح,فَعَال,حالة الازدهار,MAPPED,,38
16068,2411,نَاجِح,اسم فاعل,نجح,فَاعِل,في حالة ازدهار,MAPPED,,38
16069,2411,نَجَحَ,فعل,نجح,فَعَلَ,حقق الازدهار والشهرة,MAPPED,,38
16070,2411,وَصَلَ,فعل,وصل,فَعَلَ,بلغ الازدهار بعد جهد,MAPPED,,38
16075,2411,نَجَحَ,فعل,نجح,فَعَلَ,حقق الازدهار والشهرة,MAPPED,,38
16091,2421,سَرِيع,صفة مشبهة,سرع,فَعِيل,معدل أعلى من المتوقع,MAPPED,,38
16092,2421,بِسُرْعَة,ظرف,سرع,بِفُعْلَة,بمعدل أعلى من المتوقع,MAPPED,,38
16093,2421,سَرِيع,صفة مشبهة,سرع,فَعِيل,معدل مرتفع,MAPPED,,38
16096,2425,مَعَدّل,اسم مفعول,عدل,مَفَعّل,كمية التغيير بين كميتين,MAPPED,,38
16099,2426,بَاب,اسم جامد,باب,فَاعِل,فتحة في جسم المركبة,MAPPED,,38
16100,2426,نَافِذَة,اسم جامد,نفذ,فَاعِلَة,فتحة في جدار المركبة,MAPPED,,38
16101,2426,مَقْعَد,اسم جامد,قعد,مَفْعَل,موضع الجلوس في المركبة,MAPPED,,38
16102,2426,حِزَام,اسم جامد,حزم,فِعَال,حزام لتثبيت الراكب,MAPPED,,38
16103,2426,إِطَار,اسم جامد,طير,إِفْعَال,العجلة المطاطية,MAPPED,,38
16104,2426,عَجَلَة,اسم جامد,عجل,فَعَلَة,جزء يحمل الإطار,MAPPED,,38
16105,2426,فَرامِل,اسم جامد,فرمل,فَاعِل,جهاز إيقاف المركبة,MAPPED,,38
16106,2426,مُحَرِّك,اسم فاعل,حرك,مُفَعِّل,مصدر قوة المركبة,MAPPED,,38
16107,2426,غِطَاء,اسم جامد,غطا,فِعَال,غطاء محرك المركبة,MAPPED,,38
16108,2426,صَنْدوق,اسم جامد,صندق,فَعْلول,حجرة تخزين خلفية,MAPPED,,38
16170,2426,جُزْء,اسم جامد,جزأ,فُعْل,مكون من مكونات المركبة,MAPPED,,38
16792,2426,زُجَاج,اسم جامد,زجج,فُعَال,زجاج أمامي للحماية,MAPPED,,38
16123,2427,نِسْبَة,اسم جامد,نسب,فِعْلَة,مقارنة عددية لكميتين,MAPPED,,38
16121,2430,سِعْر,اسم جامد,سعر,فِعْل,مقياس التكلفة الكلية,MAPPED,,38
16122,2431,نِسْبَة,اسم جامد,نسب,فِعْلَة,نسبة من مجموعة أعم,MAPPED,,38
16130,2434,مُعَقّد,اسم مفعول,عقد,مُفَعّل,نظام معقد الترابط,MAPPED,,38
16131,2434,بَسِيط,صفة مشبهة,بسط,فَعِيل,ترابط بسيط بين الأجزاء,MAPPED,,38
16132,2434,معقد جدا,تركيب,,,ترتيب معقد بشدة,MAPPED,,38
18290,2440,دَيْنَامِيكِيّ,اسم منسوب,دين,فَيْعَالِيّ,مليء بالطاقة والفعل,MAPPED,,38
18291,2440,دَيْنَامِيكِيَّة,اسم جامد,دين,فَيْعَالِيَّة,طاقة عظيمة وقوة,MAPPED,,38
18292,2440,نَشِيط,صفة مشبهة,نشط,فَعِيل,يملك طاقة وقوة,MAPPED,,38
18293,2440,طَاقَة,اسم جامد,طوق,فَاعَة,قوة أو قدرة متاحة,MAPPED,,38
18294,2440,شَدِيد,صفة مشبهة,شدد,فَعِيل,درجة عالية جداً,MAPPED,,38
18295,2440,شِدّة,اسم جامد,شدد,فِعْلَة,حالة الشدة والقوة,MAPPED,,38
18296,2440,كَسِل,صفة مشبهة,كسل,فَعِل,نافر من النشاط,MAPPED,,38
18297,2440,كَسَل,اسم جامد,كسل,فَعَل,ميل للراحة والخمول,MAPPED,,38
18298,2440,كَسِل,صفة مشبهة,كسل,فَعِل,خامل وغير متحمس,MAPPED,,38
18299,2440,خُمُول,اسم جامد,خمل,فُعول,حالة الخمول والكسل,MAPPED,,38
18300,2440,بَطِيء,صفة مشبهة,بطأ,فَعِيل,غير نشط في الحركة,MAPPED,,38
18301,2440,بُطْء,اسم جامد,بطأ,فُعْل,حالة البطء والكسل,MAPPED,,38
18302,2440,تَحَمّل,اسم جامد,حمل,تَفَعّل,قدرة على الاستمرار,MAPPED,,38
18303,2440,حَيوِيّ,اسم منسوب,حيي,فَعَوِيّ,مليء بالنشاط والقوة,MAPPED,,38
18304,2440,قَوِيّ,صفة مشبهة,قوي,فَعِيل,نشط وقوي الفعل,MAPPED,,38
18306,2440,نَشَاط,اسم جامد,نشط,فَعَال,قوة وفعل نشط,MAPPED,,38
16164,2451,نُفوذ,اسم جامد,نفذ,فُعول,تأثير على الآخرين,MAPPED,,38
18054,2451,سُلْطَة,اسم جامد,سلط,فُعْلَة,نفوذ على الأحداث والآخرين,MAPPED,,38
18055,2451,وِلَاية,اسم جامد,ولي,فِعَالَة,سلطة على أراض وأشخاص,MAPPED,,38
18056,2451,نُفوذ,اسم جامد,نفذ,فُعول,تأثير غير رسمي,MAPPED,,38
18520,2451,سِيَادَة,اسم جامد,سيد,فِعَالَة,حق الحكم والسيطرة,MAPPED,,38
16180,2470,جُزْء,اسم جامد,جزأ,فُعْل,مكون متخصص من الصنعة,MAPPED,,38
16222,2480,اسْتَخْدَمَ,فعل,خدم,اِسْتَفْعَلَ,استهلك جزء من مورد,MAPPED,,38
16289,2480,أَنْفَقَ,فعل,نفق,أَفْعَلَ,صرف من مورد محدود,MAPPED,,38
16224,2481,مَحَا,فعل,محا,فَعَلَ,حذف من وثيقة بخط,MAPPED,,38
16225,2481,حَذَفَ,فعل,حذف,فَعَلَ,أزال من ذاكرة,MAPPED,,38
16226,2481,مَحَا,فعل,محا,فَعَلَ,أزال نهائياً من وثيقة,MAPPED,,38
16227,2481,محا,فعل,محا,فَعَلَ,حذف أو شطب,MAPPED,,38
16408,2481,حَذَفَ,فعل,حذف,فَعَلَ,أزال من تخزين البيانات,MAPPED,,38
16230,2482,ضَرَبَ,فعل,ضرب,فَعَلَ,نشاط لتغيير السياسة,MAPPED,,38
16231,2482,إِضْرَاب,اسم جامد,ضرب,إِفْعَال,نشاط جماعي للمطالبة,MAPPED,,38
16232,2482,إِضْرَاب,اسم جامد,ضرب,إِفْعَال,ترك العمل احتجاجاً,MAPPED,,38
16240,2490,أُسْلوب,اسم جامد,سلب,أُفْعول,شكل عام للفن,MAPPED,,38
16241,2490,صَوْت,اسم جامد,صوت,فَعْل,أسلوب الموسيقى,MAPPED,,38
16242,2490,مَظْهَر,اسم جامد,ظهر,مَفْعَل,أسلوب المصمم الفاشن,MAPPED,,38
16874,2490,أُسْلوب,اسم جامد,سلب,أُفْعول,أسلوب العمارة الكلاسيكية,MAPPED,,38
16263,2500,,,,,,NO_ARABIC_EQUIVALENT,تعبير جر إنجليزي,38
16264,2500,,,,,,NO_ARABIC_EQUIVALENT,تعبير جر إنجليزي مختصر,38
16265,2500,رَغْمَ,حرف,,,بالرغم من العقبات,MAPPED,,38
16267,2500,وَسْط,ظرف,وسط,فَعْل,في وسط المحنة,MAPPED,,38
16268,2501,أَثَر,اسم جامد,أثر,فَعَل,دليل على حدث,MAPPED,,38
18180,2501,أَثَر,اسم جامد,أثر,فَعَل,علامة الحركة المتروكة,MAPPED,,38
18181,2501,مَسَار,اسم جامد,سير,مَفَال,خط يوضح المسار,MAPPED,,38
18182,2501,أَثَر,اسم جامد,أثر,فَعَل,ضجيج الماء خلف مركب,MAPPED,,38
18183,2501,أَثَر,اسم جامد,أثر,فَعَل,جزيئات من محرك نفاث,MAPPED,,38
18184,2501,رِمّة,اسم جامد,رمم,فِعْلَة,بقايا من كيان سابق,MAPPED,,38
16254,2502,أَثّر,فعل,أثر,أَفّلَ,أحدث تأثير ذهني,MAPPED,,38
16387,2502,أَصَابَ,فعل,صيب,فَعَلَ,أحدث تأثير معرفي,MAPPED,,38
16269,2510,إِضْرَاب,اسم جامد,ضرب,إِفْعَال,خطأ في البيسبول,MAPPED,,38
16270,2510,إِضْرَاب,اسم جامد,ضرب,إِفْعَال,نجاح في البولينج,MAPPED,,38
17213,2510,ضَرْبَة,اسم جامد,ضرب,فَعْلَة,الضربة الأولى في التنس,MAPPED,,38
16280,2520,مَسَار,اسم جامد,سير,مَفَال,المسار على المحاور,MAPPED,,38
16281,2520,نُقْطَة,اسم جامد,نقط,فُعْلَة,نمط البيانات على رسم,MAPPED,,38
16285,2521,خَدَمَ,فعل,خدم,فَعَلَ,قام بدور في مؤسسة,MAPPED,,38
16287,2523,وَظِفَ,فعل,وظف,فَعّلَ,أداء دور مقصود,MAPPED,,38
16288,2524,خَط,اسم جامد,خطط,فَعْل,مجموعة منتجات متعلقة,MAPPED,,38
17227,2524,مَجْموعَة,اسم جامد,جمع,مَفْعولَة,مجموعة منتجات شركة,MAPPED,,38
16301,2530,وَثِيق,صفة مشبهة,وثق,فَعِيل,متعلق بالموضوع الحالي,MAPPED,,38
16302,2530,غَيْرَ وَثِيق,تركيب,,,غير متصل بالموضوع,MAPPED,,38
16303,2530,مُتَصِل,اسم فاعل,وصل,مُتَفَعِّل,ذو صلة بالموضوع,MAPPED,,38
17420,2530,يَنْطَبِق,فعل,طبق,يَفْعِل,يكون ذا صلة,MAPPED,,38
16312,2542,عَظِيم,صفة مشبهة,عظم,فَعِيل,مؤثر بين نظرائه,MAPPED,,38
16330,2542,بَارِز,اسم فاعل,برز,فَاعِل,جدير بالذكر,MAPPED,,38
16320,2550,طُور,اسم جامد,طور,فُعُل,حالة الأمر الحراري والفيزيائي,MAPPED,,39
16332,2550,مَرْحَلَة,اسم جامد,مرح,فَعْلَة,كل مرحلة من مراحل تغيّر حالة المادة,MAPPED,,39
16353,2560,اقْتَاتَ,فعل,قوت,افْتَعَل,البقاء على الحياة برغم الضيق,MAPPED,,39
16354,2560,عَاشَ,فعل,عيش,فَعَل,الاستمرار في الحياة باستهلاك ما يتوفر,MAPPED,,39
16359,2562,عَاشَ,فعل,عيش,فَعَل,اتباع نمط سلوكي معين مدة طويلة,MAPPED,,39
16363,2562,نَمَط,اسم جامد,نمط,فَعَل,سلسلة متكررة من السلوكيات والعادات,MAPPED,,39
16377,2562,حَيَاة,اسم جامد,حيي,فَعَالَة,مجموع التجارب والسلوكيات التي تشكل وجود الشخص,MAPPED,,39
16360,2563,طَرِيقَة,اسم جامد,طرق,فَعِيلَة,الأسلوب الذي يُنفَّذ به النشاط,MAPPED,,39
16361,2563,طَرِيقَة,اسم جامد,طرق,فَعِيلَة,الآلية التي تتم بها الأفعال والعمليات,MAPPED,,39
16362,2564,عَاشَ,فعل,عيش,فَعَل,الاستمرار في الحياة تحت ظروف معينة,MAPPED,,39
16367,2566,مَسَار,اسم جامد,سير,فَعَال,الطريق المخطط الموصل إلى الهدف,MAPPED,,39
16372,2567,حَيَاة,اسم جامد,حيي,فَعَالَة,مجموعة الكائنات الحية والعضويات,MAPPED,,39
16374,2567,كَائِن,اسم جامد,كون,فَاعِل,كل ما يتمتع بصفات الحياة والعضوية,MAPPED,,39
16375,2567,كَائِن,اسم جامد,كون,فَاعِل,كل عضوي حي يتصف بالتمثيل الغذائي,MAPPED,,39
17342,2567,إِنسَانِي,اسم منسوب,انس,فُعَالِي,ما يتعلق بالإنسان أو الجنس البشري,MAPPED,,39
16379,2569,طَاقَة,اسم جامد,طوق,فَعَالَة,القوة والحيوية والنشاط الذاتي,MAPPED,,39
16380,2569,حَيَوِيَّة,صفة مشبهة,حيي,فَعَوِيَّة,الطاقة الحية والإقدام والنشاط,MAPPED,,39
16381,2569,رُوح,اسم جامد,روح,فُعُل,الطاقة والعزيمة والمثابرة في العمل,MAPPED,,39
16391,2570,خَدَعَ,فعل,خدع,فَعَل,جعل الآخر يقبل ما ليس بحقيقة عن قصد,MAPPED,,39
16392,2570,أَضَلَّ,فعل,ضلل,أَفْعَل,توجيه الآخر نحو فهم خاطئ للحقائق,MAPPED,,39
16393,2570,خَدَعَ,فعل,خدع,فَعَل,إيقاع الآخر في حكم أو قول خاطئ,MAPPED,,39
16394,2570,خَدَعَ,فعل,خدع,فَعَل,العمل على إيقاع الآخر في الخطأ,MAPPED,,39
16413,2570,خِدَاع,مصدر,خدع,فِعَال,فعل الخداع والتضليل المقصود,MAPPED,,39
18000,2570,خَدَعَ,فعل,خدع,فَعَل,التوفيق في الخداع بنجاح وغالباً بسخرية,MAPPED,,39
16396,2572,انخَدَعَ,فعل,خدع,افْتَعَل,الوقوع ضحية للخداع وتكوين معتقدات خاطئة,MAPPED,,39
16397,2572,صَدَّقَ,فعل,صدق,فَعَّل,قبول الخبر دون تمحيص أو تشكك,MAPPED,,39
17220,2573,خِدَاع,مصدر,خدع,فِعَال,فعل التضليل الناجح للغير,MAPPED,,39
17221,2573,خِدَاع,مصدر,خدع,فِعَال,نجاح المخادع في إيقاع الآخرين,MAPPED,,39
18170,2574,رَأَى,فعل,راي,فَعَل,إدراك محاولة الآخر الخداع والتضليل,MAPPED,,39
16398,2575,فَجَّرَ,فعل,فجر,فَعَّل,إشعال جهاز متفجّر لتفجيره بقصد,MAPPED,,39
16399,2575,فَجَّرَ,فعل,فجر,فَعَّل,إحداث انفجار قوي وسريع,MAPPED,,39
16614,2575,تَفْجِير,مصدر,فجر,تَفْعِيل,عملية إشعال جهاز متفجّر,MAPPED,,39
16695,2575,فَجَّرَ,فعل,فجر,فَعَّل,تفجير جهاز متفجّر بقصد,MAPPED,,39
16696,2575,فَجَّرَ,فعل,فجر,فَعَّل,إحداث انفجار قوي بإرادة,MAPPED,,39
16400,2576,مَخْبَأ,اسم جامد,خبا,مَفْعَل,إخفاء مخزون سري من المواد,MAPPED,,39
16401,2576,إِخْفَاء,مصدر,خفي,إِفْعَال,تجميع وإخفاء كمية من الأشياء,MAPPED,,39
16403,2577,انفِجَار,مصدر,فجر,افْعِلال,حدث تفجر جهاز متفجّر بقوة,MAPPED,,39
16404,2577,انفَجَرَ,فعل,فجر,افْتَعَل,التوسع الشديد السريع مع الإضرار,MAPPED,,39
16405,2577,انفَجَرَ,فعل,فجر,افْتَعَل,حدوث انفجار قوي مفاجئ,MAPPED,,39
16615,2577,انفِجَار,مصدر,فجر,افْعِلال,لحظة انفجار جهاز متفجّر,MAPPED,,39
16634,2577,دَوِي,اسم جامد,دوي,فَعِل,صوت الانفجار العالي القوي,MAPPED,,39
16697,2577,انفَجَرَ,فعل,فجر,افْتَعَل,حدوث انفجار شديد,MAPPED,,39
16699,2577,انفَجَرَ,فعل,فجر,افْتَعَل,التوسع والانفجار الشديد,MAPPED,,39
16406,2578,فَخّ,اسم جامد,فخخ,فَعّ,أداة أو خطة لتضليل وإيذاء الآخرين,MAPPED,,39
16428,2578,فَخّ,اسم جامد,فخخ,فَعّ,وسيلة للخديعة وحبس الفريسة,MAPPED,,39
16410,2579,حَفَّزَ,فعل,حفز,فَعَّل,تشغيل جهاز ليعمل وفق غرضه,MAPPED,,39
16568,2579,فَجَّرَ,فعل,فجر,فَعَّل,تشغيل آلية أو تفجير جهاز,MAPPED,,39
16419,2582,ظَهَرَ,فعل,ظهر,فَعَل,الخروج من الاختفاء إلى الرؤية المباشرة,MAPPED,,39
16424,2584,تَمَرُّد,مصدر,مرد,تَفَعُّل,انتفاضة مسلحة ضد السلطة القائمة,MAPPED,,39
16425,2584,تَمَرُّد,مصدر,مرد,تَفَعُّل,ثورة شعبية ضد النظام الحاكم,MAPPED,,39
16427,2584,مُتَمَرِّد,اسم فاعل,مرد,مُتَفَعِّل,شخص يشارك في التمرد المسلح,MAPPED,,39
16536,2584,تَمَرَّدَ,فعل,مرد,تَفَعَّل,الرفع عن السلطة والنظام القائم,MAPPED,,39
16537,2584,تَمَرَّدَ,فعل,مرد,تَفَعَّل,النهوض والثورة ضد الحكم الظالم,MAPPED,,39
16629,2584,مُتَمَرِّد,اسم فاعل,مرد,مُتَفَعِّل,شخص يقاتل من أجل تغيير الحكم,MAPPED,,39
16426,2585,ثَائِر,اسم فاعل,ثور,فَاعِل,شخص يقود أو يشارك في الثورة,MAPPED,,39
16429,2586,مِقْلَب,اسم جامد,قلب,مِفْعَل,خدعة ظريفة قد تسبب أذى أو إحراج,MAPPED,,39
16430,2586,نُكْتَة,اسم جامد,نكت,فُعْلَة,خدعة فكاهية تسبب ارتباك أو ضحك,MAPPED,,39
16431,2587,احْتِجَاج,مصدر,حجج,احْتِفَال,تظاهرة عامة للتعبير عن موقف سياسي,MAPPED,,39
16432,2587,احْتَجَّ,فعل,حجج,افْتَعَل,المشاركة في تجمع للتعبير عن الرأي,MAPPED,,39
16433,2587,احْتِجَاج,مصدر,حجج,احْتِفَال,عرض علني للمطالبة بتغيير سياسة ما,MAPPED,,39
16434,2587,احْتَجَّ,فعل,حجج,افْتَعَل,إظهار المعارضة أو التأييد للقضايا,MAPPED,,39
16613,2587,مُحْتَجّ,اسم فاعل,حجج,مُفْتَعِل,الشخص الذي يشارك في الاحتجاجات,MAPPED,,39
16435,2588,فِصِيل,اسم جامد,فصل,فِعِيل,جزء من منظمة عسكرية للمهمة المحددة,MAPPED,,39
16436,2588,فِصِيل,اسم جامد,فصل,فِعِيل,مجموعة صغيرة من عسكريين أو شرطيين,MAPPED,,39
16511,2590,أَفْلَسَ,فعل,فلس,أَفْعَل,فشل المشروع في الاستمرار والعمل,MAPPED,,39
16516,2590,أَغْلَقَ,فعل,غلق,أَفْعَل,توقف المحل عن تقديم الخدمات,MAPPED,,39
16524,2590,أَغْلَقَ,فعل,غلق,أَفْعَل,إنهاء العمليات التجارية للكيان,MAPPED,,39
16441,2591,حَاشِيَة,اسم جامد,حشي,فَاعِلَة,مجموعة من الأتباع والمرافقين,MAPPED,,39
16442,2591,بِطَانَة,اسم جامد,بطن,فِعَالَة,جماعة مرافقة لشخص مهم,MAPPED,,39
16443,2591,حَاشِيَة,اسم جامد,حشي,فَاعِلَة,الأتباع والمرافقون للشخص المهم,MAPPED,,39
16444,2591,مَوْكِب,اسم جامد,وكب,مَفْعِل,جماعة تتبع الشخص المهم والمشهور,MAPPED,,39
16446,2593,مَعْلُوم,اسم مفعول,علم,مَفْعُول,ما يُعتقد أنه حقيقي وثابت,MAPPED,,39
16447,2593,مَشْكُوك,صفة مشبهة,شكك,مَفْعُول,ما يُعتقد احتمالاً أنه قد يكون صحيحاً,MAPPED,,39
16448,2593,مَفْرُوض,اسم مفعول,فرض,مَفْعُول,ما يُفترض صحته بلا برهان,MAPPED,,39
16620,2593,مُمْكِن,صفة مشبهة,امك,مُفْعِل,ما يُعتقد أنه قد يحدث أو يكون,MAPPED,,39
16451,2597,قَافِلَة,اسم جامد,قفل,فَاعِلَة,مجموعة مركبات تتحرك معاً,MAPPED,,39
16452,2597,قَطَار,اسم جامد,قطر,فَعَال,سلسلة مركبات للنقل معاً,MAPPED,,39
16456,2598,مُقَاتِل,اسم فاعل,قتل,مُفَاعِل,شخص يقاتل في نزاع عسكري,MAPPED,,39
16457,2598,مِسْلِح,اسم فاعل,سلح,مِفْعِل,شخص مسلح يشارك في القتال,MAPPED,,39
16458,2598,مُقَاتِل,اسم فاعل,قتل,مُفَاعِل,شخص يشارك في العمليات العسكرية,MAPPED,,39
16459,2598,طَرَف,اسم جامد,طرف,فَعَل,جهة محاربة في النزاع المسلح,MAPPED,,39
16484,2598,عَدُو,اسم جامد,عدا,فَعُل,المحارب من الجانب المعادي,MAPPED,,39
16700,2598,عِصَابِي,اسم منسوب,عصب,فِعَالِي,عضو في جماعة حرب غير نظامية,MAPPED,,39
16462,2602,دِرْع,اسم جامد,درع,فِعْل,طبقة حماية صلبة ضد الهجمات,MAPPED,,39
16463,2602,دِرْع,اسم جامد,درع,فِعْل,درع من حلقات معدنية مترابطة,MAPPED,,39
16464,2602,سِتْرَة,اسم جامد,ستر,فِعْلَة,ملابس حماية ضد الرصاص,MAPPED,,39
16472,2602,سَاق,اسم جامد,سوق,فَاعِ,دعامة الساق وحمايتها,MAPPED,,39
16473,2602,سِتْرَة,اسم جامد,ستر,فِعْلَة,جاكيت مقاوم للرصاص والشظايا,MAPPED,,39
16483,2602,لَوْح,اسم جامد,لوح,فَعْل,درع معدنية صلبة للحماية,MAPPED,,39
16474,2603,حَرَسَ,فعل,حرس,فَعَل,العمل في موقع محدد للحراسة,MAPPED,,39
16475,2603,عَمِلَ,فعل,عمل,فَعِل,العمل ضمن فريق منظم,MAPPED,,39
16476,2603,عَمِلَ,فعل,عمل,فَعِل,تأدية واجب في موقع معين,MAPPED,,39
16477,2604,مُسْتَوى,اسم مفعول,سوا,مُفْتَعَل,كمية أو درجة من مادة,MAPPED,,39
16492,2604,كَمِّيَّة,اسم جامد,كمم,فَعِيلَة,مقدار من الشيء المحدد,MAPPED,,39
16493,2604,كَمِّيَّة,اسم جامد,كمم,فَعِيلَة,مجموع الشيء المقاس,MAPPED,,39
17504,2604,عَدَد,اسم جامد,عدد,فَعَل,حساب أو تقدير الكمية,MAPPED,,39
18662,2604,حَجْم,اسم جامد,حجم,فَعْل,درجة التمدد أو الانتشار,MAPPED,,39
18674,2604,دَرَجَة,اسم جامد,درج,فَعَلَة,مقياس كمي لشيء ما,MAPPED,,39
16480,2611,دَارَ,فعل,دور,فَعَل,البحث في منطقة للتأكد من السلامة,MAPPED,,39
16481,2611,شَرطَ,فعل,شرط,فَعَل,مراقبة منطقة لضمان الأمن والقانون,MAPPED,,39
16482,2611,دَوْرَة,اسم جامد,دور,فَعْلَة,عملية الدوران والتفتيش في منطقة,MAPPED,,39
16595,2611,دَوْرِيَّة,اسم جامد,دور,فَعْلِيَّة,مجموعة تقوم بالدوريات الأمنية,MAPPED,,39
16488,2612,ظَهَرَ,فعل,ظهر,فَعَل,الوجود المرئي في ظروف معينة,MAPPED,,39
16489,2612,وَقَعَ,فعل,وقع,فَعَل,حدوث شيء غير مادي في شروط محددة,MAPPED,,39
16490,2612,وُجِدَ,اسم مفعول,وجد,فُعِل,الوجود في مكان بعينه,MAPPED,,39
16485,2615,مِدْنِي,اسم منسوب,مدن,فِعْلِي,شخص لا يشارك في النزاع العسكري,MAPPED,,39
16486,2615,مِدْنِي,اسم منسوب,مدن,فِعْلِي,شخص ليس في القوات المسلحة,MAPPED,,39
16487,2615,مِدْنِي,اسم منسوب,مدن,فِعْلِي,الشخص العادي غير العسكري,MAPPED,,39
16494,2616,نَشَرَ,فعل,نشر,فَعَل,جعل النص متاحاً للنشر والتوزيع,MAPPED,,39
17194,2616,نَشَرَ,فعل,نشر,فَعَل,إتاحة العمل الفني للجمهور,MAPPED,,39
17893,2616,أَطْلَقَ,فعل,طلق,أَفْعَل,جعل العمل الفني متاحاً للعامة,MAPPED,,39
17894,2616,إِطْلاق,مصدر,طلق,إِفْعَال,ظهور عمل فني جديد للجمهور,MAPPED,,39
17896,2616,نَشْر,مصدر,نشر,فَعْل,إتاحة الكتاب أو العمل للعامة,MAPPED,,39
17897,2616,نَشَرَ,فعل,نشر,فَعَل,إصدار ونشر العمل الفني,MAPPED,,39
16506,2620,أَغْلَقَ,فعل,غلق,أَفْعَل,توقف الموقع عن تقديم الخدمات,MAPPED,,39
16525,2620,أَغْلَقَ,فعل,غلق,أَفْعَل,إغلاق الموقع الجغرافي نهائياً,MAPPED,,39
16504,2622,فَشِلَ,فعل,فشل,فَعِل,توقف المسعى عن الاستمرار والجدوى,MAPPED,,39
16512,2622,فَشِلَ,فعل,فشل,فَعِل,عدم النجاح في تحقيق الهدف,MAPPED,,39
16517,2622,انهَار,فعل,هور,افْعَل,تفكك المسعى واستحالة الاستمرار,MAPPED,,39
16518,2622,أَغْلَقَ,فعل,غلق,أَفْعَل,توقف الكيان عن العمل والإنتاج,MAPPED,,39
16522,2622,أَفْلَسَ,فعل,فلس,أَفْعَل,فشل المشروع التجاري تماماً,MAPPED,,39
16523,2622,أَفْلَسَ,فعل,فلس,أَفْعَل,إفلاس الكيان التجاري,MAPPED,,39
16528,2623,قُنْبُلَة,اسم جامد,قنبل,فُنْعُلَة,قنبلة مزروعة على جانب الطريق,MAPPED,,39
16593,2623,عُبْوَة,اسم جامد,عبا,فُعْلَة,جهاز متفجر مرتجل مخفي,MAPPED,,39
16594,2623,عُبْوَة,اسم جامد,عبا,فُعْلَة,العبوة الناسفة المرتجلة باختصار,MAPPED,,39
16693,2623,عُبْوَة,اسم جامد,عبا,فُعْلَة,عبوة ناسفة موضوعة للمشاة,MAPPED,,39
16774,2623,قُنْبُلَة,اسم جامد,قنبل,فُنْعُلَة,قنبلة في سيارة تُفجّر للإضرار,MAPPED,,39
16775,2623,عُبْوَة,اسم جامد,عبا,فُعْلَة,عبوة ناسفة في مركبة تُفجَّر عن بعد,MAPPED,,39
16739,2624,عُبْوَة,اسم جامد,عبا,فُعْلَة,عبوة تنفجر عند تحريك الضحية إياها,MAPPED,,39
16740,2624,عُبْوَة,اسم جامد,عبا,فُعْلَة,عبوة تنفجر عند الضغط على صفيحة معدنية,MAPPED,,39
16529,2626,مَوْقِع,اسم جامد,وقع,مَفْعِل,المكان المحدد الذي يقع فيه الكيان,MAPPED,,39
16530,2626,مَكَان,اسم جامد,مكن,مَفَال,المنطقة المحددة التي يوجد فيها الشيء,MAPPED,,39
16535,2627,أَقْلَعَ,فعل,قلع,أَفْعَل,ارتفاع المركبة للطيران,MAPPED,,39
16573,2627,أَقْلَعَ,فعل,قلع,أَفْعَل,بداية الطيران والارتفاع,MAPPED,,39
16714,2627,أَفْلَتَ,فعل,فلت,أَفْعَل,تحرر السفينة من الرسوليات,MAPPED,,39
16538,2628,مَرْكَز,اسم جامد,مرك,مَفْعَل,الموقع المعين للفرد للحراسة,MAPPED,,39
16539,2628,مَنْصَب,اسم جامد,نصب,مَفْعَل,الموقع المحدد المخصص للشخص,MAPPED,,39
16540,2628,مَكَان,اسم جامد,مكن,مَفَال,المكان المعيّن للفرد أو المجموعة,MAPPED,,39
16550,2630,انتَظَرَ,فعل,نظر,افْتَعَل,الانتظار والاستعداد للأوامر,MAPPED,,39
16551,2630,جَاهِز,صفة مشبهة,جهز,فَاعِل,الكون مستعداً لتلبية الطلب,MAPPED,,39
16567,2630,جَاهِز,صفة مشبهة,جهز,فَاعِل,استعداد قوة عسكرية للتدخل عند الحاجة,MAPPED,,39
16569,2640,انطَلَقَ,فعل,طلق,افْتَعَل,تفاعل النظام وتشغيله بسبب خارجي,MAPPED,,39
16570,2640,انفَجَرَ,فعل,فجر,افْتَعَل,تشغيل آلية عند تفاعل معين,MAPPED,,39
16571,2641,أَسْقَطَ,فعل,سقط,أَفْعَل,تعطيل طائرة وجعلها تهبط,MAPPED,,39
16572,2641,أَسْقَطَ,فعل,سقط,أَفْعَل,رمي طائرة لإجبارها على الهبوط,MAPPED,,39
16975,2641,إِسْقَاط,مصدر,سقط,إِفْعَال,عملية تعطيل طائرة وإسقاطها,MAPPED,,39
16574,2642,هَبَطَ,فعل,هبط,فَعَل,نزول الطائرة إلى الأرض,MAPPED,,39
16575,2642,هَبَطَ,فعل,هبط,فَعَل,الهبوط المتحكم به للمركبة الجوية,MAPPED,,39
16576,2642,هَبَطَ,فعل,هبط,فَعَل,لمس الأرض بهبوط محكوم,MAPPED,,39
16577,2643,أَنْزَلَ,فعل,نزل,أَفْعَل,إنزال مركبة جوية إلى اليابسة,MAPPED,,39
16578,2643,أَنْزَلَ,فعل,نزل,أَفْعَل,إحضار الطائرة إلى الأرض,MAPPED,,39
16580,2645,مَاشِي,اسم فاعل,مشي,فَاعِل,التنقل على الأقدام بلا مركبة,MAPPED,,39
16581,2645,رَاكِب,اسم فاعل,ركب,فَاعِل,الركوب في مركبة حيوان أو آلة,MAPPED,,39
16639,2645,رَاكِب,اسم فاعل,ركب,فَاعِل,الوجود على متن مركبة جوية أو بحرية,MAPPED,,39
16601,2651,امتَنَعَ,فعل,منع,افْتَعَل,محاولة الامتناع عن فعل الشيء,MAPPED,,39
18552,2651,امتَنَعَ,فعل,منع,افْتَعَل,الكف عن القيام بعمل ما,MAPPED,,39
18553,2651,امتَنَعَ,فعل,منع,افْتَعَل,الاستقصاء عن القيام بشيء مطلوب,MAPPED,,39
18554,2651,كَبَتَ,فعل,كبت,فَعَل,قمع الرغبات والأحاسيس والأفعال,MAPPED,,39
18555,2651,كَبْت,مصدر,كبت,فَعْل,عملية قمع المشاعر والرغبات,MAPPED,,39
18556,2651,قَاوَمَ,فعل,قوم,فَاعَل,الامتناع عن الانصياع للرغبات,MAPPED,,39
18557,2651,مُقَاوَمَة,مصدر,قوم,مُفَاعَلَة,القوة على مقاومة الرغبات,MAPPED,,39
18558,2651,مُقَاوِم,صفة مشبهة,قوم,مُفَاعِل,القادر على المقاومة والصمود,MAPPED,,39
18559,2651,كَبَتَ,فعل,كبت,فَعَل,إبقاء الشيء في الحد والتقيد,MAPPED,,39
18560,2651,ضَبْط,مصدر,ضبط,فَعْل,عملية كبح والتحكم في الأفعال,MAPPED,,39
18561,2651,كَبَتَ,فعل,كبت,فَعَل,دفع الشعور والفعل إلى الداخل,MAPPED,,39
18562,2651,كَبْت,مصدر,كبت,فَعْل,عملية إخفاء المشاعر والأفعال,MAPPED,,39
16616,2653,مُنتَدى,اسم جامد,ندا,مُفْعَل,موقع يعرض المعلومات والمناقشات,MAPPED,,39
16617,2653,سَبَّورَة,اسم جامد,سبر,فَعَّالَة,سطح لكتابة وعرض المعلومات,MAPPED,,39
17200,2653,شَاشَة,اسم جامد,شيش,فَاعَة,جهاز عرض المعلومات الرقمية,MAPPED,,39
16618,2654,زِرّ,اسم جامد,زرر,فِعّ,جهاز يُضغط للتحكم في الآلات,MAPPED,,39
16619,2654,لَوْحَة,اسم جامد,لوح,فَعْلَة,جهاز يحتوي على التحكم والتشغيل,MAPPED,,39
16679,2654,مِقْبَض,اسم جامد,قبض,مِفْعَل,جزء يُدار للتحكم بالآلة,MAPPED,,39
16680,2654,مُفَتَّاح,اسم جامد,فتح,مُفَعَّل,جهاز له موضعا تشغيل أو إيقاف,MAPPED,,39
16754,2654,تَحْكُّم,مصدر,حكم,تَفْعُّل,جهاز لتوجيه وقيادة الآلة,MAPPED,,39
16817,2654,لَوْحَة,اسم جامد,لوح,فَعْلَة,جهاز يوزع الكهربائية إلى المصادر,MAPPED,,39
16626,2656,شُرْطَة,اسم جامد,شرط,فُعْلَة,جهة منظمة لإنفاذ القانون,MAPPED,,39
16627,2656,قِسْم,اسم جامد,قسم,فِعْل,قسم شرطي في منطقة معينة,MAPPED,,39
17520,2656,إِطْفَاء,مصدر,طفا,إِفْعَال,جهة مسؤولة عن مكافحة الحرائق,MAPPED,,39
16631,2657,مَسْؤُولِيَّة,اسم جامد,سؤل,مَفْعُولِيَّة,المسؤولية عن تنفيذ عمل,MAPPED,,39
16632,2657,مِسْؤول,صفة مشبهة,سؤل,مِفْعُول,الشخص المسؤول عن الفعل,MAPPED,,39
16633,2657,وَرَاء,حرف,,,الشخص الذي يقف خلف الفعل والتخطيط,MAPPED,,39
16635,2658,هُجُوم,اسم جامد,هجم,فُعُول,هجوم يموت فيه المهاجم نفسه,MAPPED,,39
16636,2658,تفْجِير,مصدر,فجر,تَفْعِيل,انفجار يموت فيه من فجّره,MAPPED,,39
16637,2658,هُجُوم,اسم جامد,هجم,فُعُول,صدم طائرة بالهدف من قبل الطيار,MAPPED,,39
16638,2658,مُنتَحِر,اسم فاعل,حرم,مُنْتَفِل,شخص يفجر نفسه ضد الأهداف,MAPPED,,39
16776,2658,مُنتَحِر,اسم فاعل,حرم,مُنْتَفِل,مهاجم يموت في هجومه الانتحاري,MAPPED,,39
16937,2658,طَيّار,اسم جامد,طير,فَيّال,جندي ينفذ هجوماً انتحارياً,MAPPED,,39
16691,2659,عُبْوَة,اسم جامد,عبا,فُعْلَة,عبوة ناسفة تُفجّر عن بعد,MAPPED,,39
16692,2659,عُبْوَة,اسم جامد,عبا,فُعْلَة,عبوة متفجرة بسلك كهربائي,MAPPED,,39
16789,2659,عُبْوَة,اسم جامد,عبا,فُعْلَة,عبوة ناسفة على الطريق تنفجر عن أمر,MAPPED,,39
16645,2660,عَامِّي,اسم منسوب,عمم,فَاعِلِي,ما يتعلق بالعامة والشعب,MAPPED,,39
16646,2660,عَامِّي,اسم منسوب,عمم,فَاعِلِي,خاص بالطبقات الشعبية البسيطة,MAPPED,,39
16647,2660,مُتَوَاضِع,صفة مشبهة,وضع,مُتَفَاعِل,خاص بالناس البسطاء ولكن بإيجابية,MAPPED,,39
16648,2660,عَادِي,صفة مشبهة,عود,فَاعِل,عام وبسيط ومتوسط الرتبة,MAPPED,,39
16649,2660,دَنِيء,صفة مشبهة,دنا,فَعِيل,من الطبقة الاجتماعية المنخفضة,MAPPED,,39
16650,2660,عَامِل,اسم فاعل,عمل,فَاعِل,ما يتعلق بطبقة الشغالين,MAPPED,,39
16651,2660,وَضِيع,صفة مشبهة,وضع,فَعِيل,خاص بالناس الفقراء والعاديين,MAPPED,,39
16652,2660,عَامِل,اسم فاعل,عمل,فَاعِل,ما يتعلق بطبقة الكادحين المنتجين,MAPPED,,39
16654,2660,رَفِيع,صفة مشبهة,رفع,فَعِيل,من الطبقة الاجتماعية العليا,MAPPED,,39
16655,2662,نُقْطَة,اسم جامد,نقط,فُعْلَة,المكان الذي يُشغِّل منه الجهاز,MAPPED,,39
16657,2663,أَسَرَ,فعل,سير,أَفْعَل,أخذ الآخر تحت السيطرة ومنع هروبه,MAPPED,,39
16659,2663,أَسَرَ,فعل,سير,أَفْعَل,أخذ الشخص تحت الحراسة والحبس,MAPPED,,39
16690,2663,حَجَزَ,فعل,حجز,فَعَل,وضع الفرد تحت الحراسة والحبس,MAPPED,,39
16835,2663,أَسْر,مصدر,سير,أَفْعَل,حدث أخذ شخص تحت الحبس والسيطرة,MAPPED,,39
16661,2665,حَرَّرَ,فعل,حرر,فَعَّل,تحرير الأسير ضد إرادة آسره,MAPPED,,39
17195,2665,أَطْلَقَ,فعل,طلق,أَفْعَل,تحرير شخص من الحبس المفروض,MAPPED,,39
16673,2668,خَاص,صفة مشبهة,خصص,فَاعِل,فرد معين من مجموعة محددة,MAPPED,,39
16674,2668,مُعَيَّن,اسم مفعول,عين,مُفَعَّل,محدد وواضح الهوية بالذات,MAPPED,,39
16676,2668,مُعَيَّن,اسم مفعول,عين,مُفَعَّل,محدد لكن بلا اسم صريح,MAPPED,,39
16675,2669,مُتَبَادَل,صفة مشبهة,بدل,مُتَفَاعَل,ما يملكه أكثر من شخص,MAPPED,,39
16677,2669,مُشْتَرَك,صفة مشبهة,شرك,مُفْتَعَل,ما يُستعمل من عدة جهات,MAPPED,,39
16678,2669,مُشْتَرَك,صفة مشبهة,شرك,مُفْتَعَل,ما يملكه أكثر من شخص معاً,MAPPED,,39
16761,2669,مُشْتَرَك,صفة مشبهة,شرك,مُفْتَعَل,ما يملكه كل أفراد المجموعة,MAPPED,,39
16762,2669,جَمَاعِي,اسم منسوب,جمع,فَعَالِي,ما تملكه المجموعة وإن لم يملكه الفرد,MAPPED,,39
17373,2669,شَارَكَ,فعل,شرك,فَاعَل,امتلاك صفة مشتركة مع الآخرين,MAPPED,,39
16701,2670,جُندِي,اسم جامد,جند,فُعْلِي,شخص يخدم في الجيش,MAPPED,,39
16702,2670,مُشَاة,اسم جامد,شيا,مُفَاعَة,عضو في قوات المشاة البحرية,MAPPED,,39
16703,2670,بَحَّار,اسم جامد,بحر,فَعَّال,عضو في القوات البحرية والأسطول,MAPPED,,39
16704,2670,طَيَّار,اسم جامد,طير,فَعَّال,عضو في القوات الجوية,MAPPED,,39
16705,2670,جُندِي,اسم جامد,جند,فُعْلِي,فرد في القوات المسلحة,MAPPED,,39
16764,2670,عَسْكَرِي,اسم منسوب,عسكر,فَعْكَرِي,فرد ينتمي للقوات المسلحة,MAPPED,,39
16779,2670,مَشِي,اسم فاعل,شيا,فَاعِل,جندي في وحدة خاصة للعمليات,MAPPED,,39
16706,2671,مُدْفَعِي,اسم فاعل,دفع,مُفْعَلِي,عسكري يشغل المدفعية,MAPPED,,39
16707,2671,قَنَّاص,اسم جامد,قنص,فَعَّال,جندي يرمي من مسافة بعيدة,MAPPED,,39
16708,2671,مُرَابِط,اسم فاعل,ربط,مُفَاعِل,عسكري متخصص في الاتصالات,MAPPED,,39
16710,2671,مُشَاة,اسم جامد,شيا,مُفَاعَة,جندي يقاتل على الأقدام,MAPPED,,39
16711,2672,أَسْر,مصدر,سير,أَفْعَل,حالة الحبس والسيطرة على الفرد,MAPPED,,39
16712,2672,أَسِير,اسم جامد,سير,أَفِيل,شخص محبوس تحت سيطرة آخر,MAPPED,,39
16718,2673,مَسْجُون,اسم مفعول,سجن,مَفْعُول,شخص محبوس في السجن,MAPPED,,39
16719,2673,سِجْن,اسم جامد,سجن,فِعْل,العقوبة بالحبس في السجن,MAPPED,,39
16720,2673,سِجْن,اسم جامد,سجن,فِعْل,الحبس والعقوبة في السجن,MAPPED,,39
16721,2673,سَجِين,اسم جامد,سجن,فَعِيل,الشخص المحبوس في السجن,MAPPED,,39
16732,2673,قَضَى,فعل,قضا,فَعَل,قضاء العقوبة السجنية,MAPPED,,39
16733,2673,قَضَى,فعل,قضا,فَعَل,الجلوس في السجن مدة العقوبة,MAPPED,,39
18321,2673,سِجْن,اسم جامد,سجن,فِعْل,حالة الحبس في السجن أو الجيل,MAPPED,,39
18412,2673,سِجْن,اسم جامد,سجن,فِعْل,الجلوس في السجن باللغة العامية,MAPPED,,39
16713,2674,حَرَّرَ,فعل,حرر,فَعَّل,تحرير شخص مسجون من حبسه,MAPPED,,39
16727,2675,وَدّ,اسم جامد,ود,فَعْل,ينتمي إلى الطرف نفسه,MAPPED,,40
16728,2675,عَدائِي,اسم منسوب,عدو,فَعّالِي,ينتمي إلى طرف مخالف,MAPPED,,40
16729,2675,صَدِيق,اسم جامد,صدق,فَعِيل,شخص متعاطف ومنضم,MAPPED,,40
16730,2675,عَدُو,اسم جامد,عدو,فَعُل,فرد مناهض,MAPPED,,40
16731,2675,خَصْم,اسم جامد,خصم,فَعْل,طرف معارض,MAPPED,,40
16734,2676,عَمَلِيَّة,اسم جامد,عمل,فَعَالِيَّة,أنشطة عسكرية منظمة,MAPPED,,40
16735,2676,حَمْلَة,اسم جامد,حمل,فَعْلَة,عملية عسكرية واسعة,MAPPED,,40
16736,2677,هَجْمَة,اسم جامد,هجم,فَعْلَة,هجوم ردعي,MAPPED,,40
16737,2677,رَدَّ,فعل,رد,فَعَّ,يهاجم رداً,MAPPED,,40
16738,2677,هُجُوم,اسم جامد,هجم,فُعُول,هجوم واسع ردعي,MAPPED,,40
16743,2678,مُتَحَدّث,اسم فاعل,حدث,مُفَعَّل,يعبر عن الآخرين,MAPPED,,40
16749,2679,حَجَزَ,فعل,حجز,فَعَلَ,يحتفظ بشيء,MAPPED,,40
16750,2679,حَجْز,مصدر,حجز,فَعْل,احتفاظ مخصص,MAPPED,,40
16751,2679,احْتَفَظَ,فعل,حفظ,اِفْتَعَلَ,يبقي مخصص,MAPPED,,40
16752,2679,حَجْز,اسم جامد,حجز,فَعْل,ترتيب احتفاظ,MAPPED,,40
16757,2680,سِجِل,اسم جامد,سجل,فِعِل,كتاب حسابات,MAPPED,,40
16758,2680,سِجِل,اسم جامد,سجل,فِعِل,كتاب بيانات,MAPPED,,40
16759,2680,تَسْجِيل,مصدر,سجل,تَفْعِيل,كيان الحفظ,MAPPED,,40
16760,2680,يَوْمِيَّة,اسم جامد,يوم,فَعَالِيَّة,كتاب تسجيل,MAPPED,,40
16763,2676,عَمِلَ,فعل,عمل,فَعِلَ,يؤدي نشاطات عسكرية,MAPPED,,40
16780,2682,سَهْم,اسم جامد,سهم,فَعْل,جزء من رأس مال,MAPPED,,40
16781,2682,عَادِي,صفة مشبهة,عاد,فَاعِل,سهم عادي,MAPPED,,40
16782,2682,مُمَتَاز,اسم فاعل,متز,مُفَعَّل,سهم ممتاز,MAPPED,,40
16783,2682,رَأْس مَال,تركيب,,,المال الجماعي,MAPPED,,40
16784,2682,عَادِي,صفة مشبهة,عاد,فَاعِل,سهم عادي,MAPPED,,40
16785,2682,تَصْوِيتِي,اسم منسوب,صوت,تَفْعِيلِي,سهم التصويت,MAPPED,,40
16787,2683,مَجْمُوعَة ضَابِطَة,تركيب,,,مجموعة بدون معالجة,MAPPED,,40
16788,2683,مَجْمُوعَة,اسم جامد,جمع,فَعْلُوعَة,أفراد بدون معالجة,MAPPED,,40
16793,2683,تَجْرِبَة,اسم جامد,جرب,تَفْعِلَة,اختبار محكوم,MAPPED,,40
16794,2683,دِرَاسَة,اسم جامد,درس,فِعَالَة,تجربة محكومة,MAPPED,,40
16795,2683,مُعَالَجَة,مصدر,علج,مُفَاعَلَة,تطبيق على أفراد,MAPPED,,40
16796,2683,اخْتَبَرَ,فعل,خبر,اِفْتَعَلَ,يجري تجربة,MAPPED,,40
16797,2683,جَرَّبَ,فعل,جرب,فَعَّلَ,يجري تجربة,MAPPED,,40
16798,2683,فَرْد,اسم جامد,فرد,فَعْل,شخص التجربة,MAPPED,,40
16805,2684,هَارِب,اسم فاعل,هرب,فَاعِل,شخص هارب,MAPPED,,40
16806,2684,هَارِب,اسم فاعل,هرب,فَاعِل,يتفادى القبض,MAPPED,,40
16807,2684,هَارِب,اسم فاعل,هرب,فَاعِل,يفر من الاعتقال,MAPPED,,40
16808,2684,هَارِب,اسم فاعل,هرب,فَاعِل,شخص هارب,MAPPED,,40
16809,2684,هَارِب,اسم فاعل,هرب,فَاعِل,خارج الحبس,MAPPED,,40
16813,2685,عُنْف,اسم جامد,عنف,فُعْل,فعل يسبب ضرر,MAPPED,,40
16814,2685,وَحْشِيَّة,اسم جامد,وحش,فَعْلِيَّة,فعل قاسٍ,MAPPED,,40
16815,2685,غَلْظَة,اسم جامد,غلظ,فَعْلَة,فعل قسوة,MAPPED,,40
16816,2683,فَرْضِيَّة,اسم جامد,فرض,فَعْلِيَّة,تخمين قابل للاختبار,MAPPED,,40
16818,2686,سَدّ,فعل,سدد,فَعَّ,يحجب المدخل,MAPPED,,40
16819,2686,حَاصَرَ,فعل,حصر,فَاعَلَ,يمنع الدخول,MAPPED,,40
16820,2686,طَوَّقَ,فعل,طوق,فَعَّلَ,يحجب بالحصار,MAPPED,,40
16821,2686,حَاجِز,اسم فاعل,حجز,فَاعِل,حاجز طريق,MAPPED,,40
16822,2686,سَدّ,فعل,سدد,فَعَّ,يضع حواجز,MAPPED,,40
16824,2687,حَيّ,اسم جامد,حيي,فَعّ,جزء مدينة متميز,MAPPED,,40
16825,2687,جَيْب,اسم جامد,جيب,فَعْل,منطقة منعزلة,MAPPED,,40
16826,2687,حِزَام,اسم جامد,حزم,فِعَال,منطقة ممتدة,MAPPED,,40
16827,2688,تَسَاوُم,مصدر,سوم,تَفَاعُل,اتفاق بالتنازل,MAPPED,,40
16828,2688,تَسْوِيَة,مصدر,سوي,تَفْعِلَة,اتفاق متبادل,MAPPED,,40
16829,2688,تَوَاسُط,مصدر,وسط,تَفَاعُل,اتفاق بالتنازل,MAPPED,,40
16830,2689,ضَحّى,فعل,ضحي,فَعَّى,يتنازل من أجل,MAPPED,,40
16831,2689,تَسَاهَلَ,فعل,سهل,تَفَاعَلَ,يتنازل لصالح,MAPPED,,40
16833,2691,طَوّرَ,فعل,طور,فَعَّلَ,يتقدم بمنتج,MAPPED,,40
16834,2691,تَطْوِير,مصدر,طور,تَفْعِيل,تقدم المنتج,MAPPED,,40
16860,2693,تَطَوّرَ,فعل,طور,تَفَعَّلَ,ينتقل بيولوجياً,MAPPED,,40
16861,2693,تَطَوّر,مصدر,طور,تَفَعُّل,انتقال بيولوجي,MAPPED,,40
16862,2693,نَمَى,فعل,نمو,فَعَى,ينمو بيولوجياً,MAPPED,,40
16863,2693,نُمُو,مصدر,نمو,فُعُول,النمو البيولوجي,MAPPED,,40
16878,2700,طَلَبَ,فعل,طلب,فَعَلَ,يطلب شيئاً,MAPPED,,40
16879,2700,طَلَب,اسم جامد,طلب,فَعَل,طلب تقديم,MAPPED,,40
16880,2700,أَمْر,اسم جامد,امر,فَعْل,وثيقة طلب,MAPPED,,40
16883,2701,مَمْلَكَة,اسم جامد,ملك,فَعْلَة,أعلى تصنيف,MAPPED,,40
16884,2701,شُعْبَة,اسم جامد,شعب,فُعْلَة,فئة تصنيفية,MAPPED,,40
16885,2701,طَائِفَة,اسم جامد,طيف,فَاعِلَة,فئة تصنيفية,MAPPED,,40
16886,2701,رُتْبَة,اسم جامد,رتب,فُعْلَة,فئة تصنيفية,MAPPED,,40
16887,2701,فَصِيلَة,اسم جامد,فصل,فَعِيلَة,فئة تصنيفية,MAPPED,,40
16888,2701,جِنْس,اسم جامد,جنس,فِعْل,فئة تصنيفية,MAPPED,,40
16889,2701,نَوْع,اسم جامد,نوع,فَعْل,فئة متخصصة,MAPPED,,40
16890,2701,مَجَال,اسم جامد,مجل,فَعَال,أعلى مستوى,MAPPED,,40
16907,2703,تَرَنَّحَ,فعل,رنح,تَفَعَّلَ,قد يسقط,MAPPED,,40
16908,2703,مُتَوَازِن,اسم فاعل,وزن,مُتَفَاعِل,وضع غير مستقر,MAPPED,,40
16916,2705,فَوْضَى,اسم جامد,فوض,فَعْلَى,حالة اضطراب,MAPPED,,40
16917,2705,اضْطِرَاب,مصدر,طرب,اِفْتِعَال,حالة فوضى,MAPPED,,40
16918,2705,نِظَام,اسم جامد,نظم,فِعَال,حالة منظمة,MAPPED,,40
16919,2705,بِلْبِلَة,اسم جامد,بلبل,فِعْفِلَة,حالة فوضى,MAPPED,,40
16923,2705,فَوْضَوِيَّة,اسم جامد,فوض,فَعْلَوِيَّة,غياب النظام,MAPPED,,40
16926,2686,حِصَار,اسم جامد,حصر,فِعَال,منع الدخول,MAPPED,,40
16929,2708,مَرِيض,اسم جامد,مرض,فَاعِل,شخص تحت رعاية,MAPPED,,40
16930,2708,طَبِيب,اسم جامد,طبب,فَاعِل,متخصص طبي,MAPPED,,40
16931,2708,مُمَرّضَة,اسم جامد,مرض,مُفَعِّلَة,متخصصة طبية,MAPPED,,40
16932,2708,جَرّاح,اسم جامد,جرح,فَعّال,طبيب جراح,MAPPED,,40
16936,2708,رِعَايَة,مصدر,رعي,فِعَالَة,إشراف طبي,MAPPED,,40
16938,2680,تَسْجِيل,مصدر,سجل,تَفْعِيل,معلومات مخزنة,MAPPED,,40
16944,2709,غِيَاب,مصدر,غيب,فِعَال,عدم حضور,MAPPED,,40
16945,2709,إِجَازَة,اسم جامد,جوز,إِفَالَة,فترة غياب,MAPPED,,40
16946,2709,إِجَازَة,اسم جامد,جوز,إِفَالَة,فترة طويلة,MAPPED,,40
16947,2709,إِجَازَة,اسم جامد,جوز,إِفَالَة,إجازة موظف,MAPPED,,40
16949,2709,عُطْلَة,اسم جامد,عطل,فُعْلَة,فترة راحة,MAPPED,,40
16950,2709,عُطْلَة,اسم جامد,عطل,فُعْلَة,فترة عطلة,MAPPED,,40
16951,2709,إِجَازَة,اسم جامد,جوز,إِفَالَة,إجازة مدفوعة,MAPPED,,40
16952,2709,رَاحَة,مصدر,روح,فَاعَة,فترة بعيداً,MAPPED,,40
16968,2712,مُظْلِم,صفة مشبهة,ظلم,مُفْعِل,يفتقد الضوء,MAPPED,,40
16969,2712,خَافِت,صفة مشبهة,خفت,فَاعِل,به ضوء قليل,MAPPED,,40
16970,2712,أَسْوَد,صفة مشبهة,سود,أَفْعَل,بدون ضوء,MAPPED,,40
16971,2712,مُظْلِم,صفة مشبهة,ظلم,مُفْعِل,بدون إضاءة,MAPPED,,40
16972,2712,مُظْلِم,صفة مشبهة,ظلم,مُفْعِل,خالِ من النور,MAPPED,,40
16973,2712,مُضِيء,صفة مشبهة,ضيء,مُفِيل,به ضوء وافر,MAPPED,,40
16974,2712,مُشْرِق,صفة مشبهة,شرق,مُفْعِل,مليء بالضوء,MAPPED,,40
16976,2709,إِجَازَة مَدْفُوعَة,تركيب,,,إجازة برواتب,MAPPED,,40
16981,2712,مُشْمِس,صفة مشبهة,شمس,مُفْعِل,مضاء بالشمس,MAPPED,,40
16982,2712,مُضِيء,صفة مشبهة,ضيء,مُفِيل,منير,MAPPED,,40
16983,2712,بِلا شَمْس,تركيب,,,خالِ من الشمس,MAPPED,,40
16984,2712,بِلا قَمَر,تركيب,,,خالِ من القمر,MAPPED,,40
16985,2712,ظَلِيل,صفة مشبهة,ظلل,فَعِيل,يحجب الضوء,MAPPED,,40
16989,2713,مُتَفَائِل,اسم فاعل,فأل,مُتَفَاعِل,له نظرة إيجابية,MAPPED,,40
16990,2713,مُتَشَائِم,اسم فاعل,شأم,مُتَفَاعِل,له نظرة سلبية,MAPPED,,40
16991,2713,مُؤَمّل,اسم فاعل,أمل,مُفَعّل,موقف متفائل,MAPPED,,40
16992,2713,إِيجَابِي,اسم منسوب,يجب,إِفَالِي,نظرة إيجابية,MAPPED,,40
16993,2713,سَلْبِي,اسم منسوب,سلب,فَعْلِي,نظرة سلبية,MAPPED,,40
16994,2713,آيِس,اسم فاعل,ييس,فَاعِل,بلا أمل,MAPPED,,40
16995,2713,كَئِيب,صفة مشبهة,كيب,فَعِيل,موقف منقبض,MAPPED,,40
16997,2714,حَدّ,فعل,حدد,فَعَّ,يحدد الخيارات,MAPPED,,40
16999,2715,حَد,اسم جامد,حدد,فَعْل,حدود إمكانيات,MAPPED,,40
17000,2715,قَيْد,اسم جامد,قيد,فَعْل,حد الإمكانيات,MAPPED,,40
17007,2717,اسْتِخْدَام,مصدر,خدم,اِسْتِفْعَال,غرض الاستعمال,MAPPED,,40
17008,2717,وَظِيفَة,اسم جامد,وظف,فَاعِلَة,نشاط الأداة,MAPPED,,40
17009,2718,ظَهَرَ,فعل,ظهر,فَعَلَ,يظهر علامات,MAPPED,,40
17010,2718,ظُهُور,مصدر,ظهر,فُعُول,يظهر الحالة,MAPPED,,40
17011,2718,أَظْهَرَ,فعل,ظهر,أَفْعَلَ,يعرض علامات,MAPPED,,40
17012,2718,عَرَض,اسم جامد,عرض,فَعَل,انحراف عن الطبيعي,MAPPED,,40
17013,2718,عَرَضِي,اسم منسوب,عرض,فَعَلِي,يكون عرضاً,MAPPED,,40
17014,2718,بِلا عَرَض,تركيب,,,بدون أعراض,MAPPED,,40
17015,2718,سَبّب,فعل,سبب,فَعَّلَ,يُحدِث سبب,MAPPED,,40
17016,2716,وَظِيفَة,اسم جامد,وظف,فَاعِلَة,نشاط أساسي,MAPPED,,40
17017,2716,غَرَض,اسم جامد,غرض,فَعَل,سبب الوجود,MAPPED,,40
17018,2719,دَالَّة,اسم جامد,دول,فَاعِلَة,علاقة رياضية,MAPPED,,40
17019,2719,مُعَادَلَة,اسم جامد,عدل,مُفَاعَلَة,تساوي تعبيرين,MAPPED,,40
17020,2719,صِيغَة,اسم جامد,صيغ,فِعْلَة,علاقة بالرموز,MAPPED,,40
17024,2720,شَدِيد,صفة مشبهة,شدد,فَعِيل,عالِ الشدة,MAPPED,,40
17025,2721,فَائِدَة,اسم جامد,فيد,فَاعِلَة,ميزة أو ربح,MAPPED,,40
17026,2721,انْتَفَعَ,فعل,نفع,اِفْتَعَلَ,يحصل على ميزة,MAPPED,,40
17028,2722,قَاسِي,صفة مشبهة,قسي,فَاعِل,صارم بسيط,MAPPED,,40
17029,2722,بَسِيط,صفة مشبهة,بسط,فَعِيل,بدون زخرفة,MAPPED,,40
17030,2722,عَارِي,صفة مشبهة,عري,فَاعِل,بسيط جداً,MAPPED,,40
17031,2722,مُعَقّد,اسم فاعل,عقد,مُفَعَّل,معقد ومختلط,MAPPED,,40
17034,2723,تَنْبِيه,مصدر,نبه,تَفْعِيل,حالة استعداد,MAPPED,,40
17035,2723,حِرَاسَة,مصدر,حرس,فِعَالَة,موقف الحماية,MAPPED,,40
17036,2724,قَوِي,صفة مشبهة,قوي,فَعِيل,قوي التأثير,MAPPED,,40
17037,2724,فَعّال,صفة مشبهة,فعل,فَعّال,قوي التأثير,MAPPED,,40
17038,2724,قَاسِي,صفة مشبهة,قسي,فَاعِل,قوي التأثير,MAPPED,,40
17039,2720,قَوِي,صفة مشبهة,قوي,فَعِيل,عالِ الشدة,MAPPED,,40
17042,2730,حَذّرَ,فعل,حذر,فَعَّلَ,ينبه من خطر,MAPPED,,40
17043,2730,تَحْذِير,مصدر,حذر,تَفْعِيل,رسالة تنبيه,MAPPED,,40
17044,2730,إِنْذَار,مصدر,نذر,إِفْعَال,رسالة تحذير,MAPPED,,40
17045,2730,نَذّرَ,فعل,نذر,فَعَّلَ,ينبه مسبقاً,MAPPED,,40
17060,2718,سَبَب,اسم جامد,سبب,فَعَل,سبب الحالة,MAPPED,,40
17061,2718,رَبَطَ,فعل,ربط,فَعَلَ,يربط العرض,MAPPED,,40
17062,2718,حَاكَى,فعل,حكي,فَاعَلَ,يأخذ شكل,MAPPED,,40
17063,2718,أَظْهَرَ,فعل,ظهر,أَفْعَلَ,يعرض,MAPPED,,40
17064,2718,رَأَى,فعل,رأي,فَعَلَ,يلاحظ,MAPPED,,40
17065,2718,أَنْتَجَ,فعل,نتج,أَفْعَلَ,ينتج,MAPPED,,40
17066,2718,رَبَطَ,فعل,ربط,فَعَلَ,يربط,MAPPED,,40
17067,2718,تَضَمّنَ,فعل,ضمن,تَفَعَّلَ,يكون جزءاً,MAPPED,,40
17069,2740,دَفَنَ,فعل,دفن,فَعَلَ,يضع تحت الأرض,MAPPED,,40
17072,2718,ارْتَبَطَ,فعل,ربط,اِفْتَعَلَ,يرى معها,MAPPED,,40
17073,2741,عَالَجَ,فعل,علج,فَاعَلَ,يخفف الأعراض,MAPPED,,40
17074,2718,وَسَمَ,فعل,وسم,فَعَلَ,يعرّف,MAPPED,,40
17076,2743,مِفْتَاح,اسم جامد,فتح,مِفْعَال,جسم معدني,MAPPED,,40
17077,2743,تَرْكِيبَة,اسم جامد,ركب,تَفْعِلَة,سلسلة رموز,MAPPED,,40
17078,2743,كَلِمَة سِرّ,تركيب,,,سلسلة أحرف,MAPPED,,40
17079,2743,بِطَاقَة,اسم جامد,بطق,فِعَالَة,بطاقة الدخول,MAPPED,,40
17080,2743,بِطَاقَة مِفْتَاح,تركيب,,,بطاقة للدخول,MAPPED,,40
17090,2718,بِسَبَب,حرف,,,يشير للسبب,MAPPED,,40
17091,2718,نَتَجَ,فعل,نتج,فَعَلَ,يؤدي,MAPPED,,40
17093,2750,زَادَ,فعل,زيد,فَعَلَ,يرفع,MAPPED,,40
17094,2718,نَتِيجَة,اسم جامد,نتج,فَعِيلَة,نتيجة,MAPPED,,40
17101,2718,أَسْهَمَ,فعل,سهم,أَفْعَلَ,يساهم,MAPPED,,40
17102,2718,حَثّ,فعل,حثث,فَعَّ,يبدأ,MAPPED,,40
17103,2718,حَاضِر,صفة مشبهة,حضر,فَاعِل,موجود,MAPPED,,40
17104,2718,اسْتَثَارَ,فعل,ثور,اِسْتَفْعَلَ,يبدأ,MAPPED,,40
17105,2750,ضَعّفَ,فعل,ضعف,فَعَّلَ,يعيق,MAPPED,,40
17109,2718,نَتِيجَة,اسم جامد,نتج,فَعِيلَة,حاصل,MAPPED,,40
17110,2718,أَدّى,فعل,ادي,أَفّى,يؤثر,MAPPED,,40
17111,2750,حَفّزَ,فعل,حفز,فَعَّلَ,يجعل نشطاً,MAPPED,,40
17112,2750,مَنَعَ,فعل,منع,فَعَلَ,يعيق,MAPPED,,40
17113,2741,تَطَوّرَ,فعل,طور,تَفَعَّلَ,يصبح تدريجياً,MAPPED,,40
17114,2741,دَلّ,فعل,دلل,فَعَّ,يوصي,MAPPED,,40
17115,2718,دَلّ,فعل,دلل,فَعَّ,يقترح,MAPPED,,40
17116,2741,تَكَوّنَ,فعل,كون,تَفَعَّلَ,يتألف,MAPPED,,40
17117,2741,حَاوَلَ,فعل,حول,فَاعَلَ,يحاول,MAPPED,,40
17134,2741,مَنَعَ,فعل,منع,فَعَلَ,يوقف,MAPPED,,40
17136,2718,غَيْر شَائِع,تركيب,,,غير معتاد,MAPPED,,40
17137,2718,شَائِع,صفة مشبهة,شيع,فَاعِل,معتاد,MAPPED,,40
17138,2718,اقْتَرَحَ,فعل,قرح,اِفْتَعَلَ,يلمح,MAPPED,,40
17142,2718,أَضَرّ,فعل,ضرر,أَفْعَلَ,يؤذي,MAPPED,,40
17143,2750,حَفّزَ,فعل,حفز,فَعَّلَ,يسرع,MAPPED,,40
17144,2718,حَدَثَ,فعل,حدث,فَعَلَ,يقع,MAPPED,,40
17145,2718,لَاحَظَ,فعل,لحظ,فَاعَلَ,يشهد,MAPPED,,40
17146,2741,نَتَجَ,فعل,نتج,فَعَلَ,يحدث,MAPPED,,40
17147,2718,صِفَة,اسم جامد,صفة,فِعَلَة,علامة,MAPPED,,40
17150,2718,مُتَكَرِّر,اسم فاعل,كرر,مُتَفَعِّل,متكرر,MAPPED,,40
17160,2770,عَامَلَ,فعل,عمل,فَاعَلَ,يتعامل,MAPPED,,40
17161,2770,سَاءَ الْمُعَامَلَة,تركيب,,,يسيء التعامل,MAPPED,,40
17162,2770,اسْتَعْمَلَ,فعل,عمل,اِسْتَفْعَلَ,يسيء الاستعمال,MAPPED,,40
17180,2781,أَقْرَضَ,فعل,قرض,أَفْعَلَ,يعطي مؤقتاً,MAPPED,,40
17181,2781,أَقْرَضَ,فعل,قرض,أَفْعَلَ,يعطي مؤقتاً,MAPPED,,40
17182,2781,قَرْض,اسم جامد,قرض,فَعْل,شيء معطى مؤقتاً,MAPPED,,40
17183,2783,اسْتَقْرَضَ,فعل,قرض,اِسْتَفْعَلَ,يأخذ مؤقتاً,MAPPED,,40
17201,2720,ضَعِيف,صفة مشبهة,ضعف,فَعِيل,قليل الشدة,MAPPED,,40
17210,2678,مُمَثّل,اسم مفعول,مثل,مُفَعَّل,يتصرف نيابة,MAPPED,,40
17211,2678,مُتَحَدّثَة,اسم فاعل,حدث,مُفَعَّلَة,تعبر عن الآخرين,MAPPED,,40
17212,2678,نَاطِق,اسم فاعل,نطق,فَاعِل,يتحدث نيابة,MAPPED,,40
17265,2701,صِنْف,اسم جامد,صنف,فِعْل,تقسيم متميز,MAPPED,,40
17338,2800,احْتَفَظَ,فعل,حفظ,اِفْتَعَلَ,يستمر,MAPPED,,40
17339,2800,أَمْسَكَ,فعل,مسك,أَفْعَلَ,يحافظ,MAPPED,,40
17340,2800,تَمَسّكَ,فعل,مسك,تَفَعَّلَ,يحافظ,MAPPED,,40
17341,2800,تَشَبّثَ,فعل,شبث,تَفَعَّلَ,يحافظ,MAPPED,,40
17363,2709,تَغَيّبَ,فعل,غيب,تَفَعَّلَ,يبتعد عن,MAPPED,,40
17375,2810,شَارَكَ,فعل,شرك,فَاعَلَ,يستعمل مع,MAPPED,,40
17436,2820,أَطْفَأَ,فعل,طفا,أَفْعَلَ,يخمد النار,MAPPED,,40
17437,2820,خَنَقَ,فعل,خنق,فَعَلَ,يطفئ,MAPPED,,40
17438,2820,أَطْفَأَ,فعل,طفا,أَفْعَلَ,يخمد,MAPPED,,40
17439,2820,أَطْفَأَ,فعل,طفا,أَفْعَلَ,يخمد تماماً,MAPPED,,40
17440,2820,أَخْمَدَ,فعل,خمد,أَفْعَلَ,يوقف الاحتراق,MAPPED,,40
17441,2820,نَفَخَ,فعل,نفخ,فَعَلَ,يطفئ بالنفخ,MAPPED,,40
17442,2820,دَاسَ,فعل,دوس,فَعَلَ,يطفئ بالوطء,MAPPED,,40
17443,2820,طَفّأَ,فعل,طفا,فَعَّلَ,يطفئ اللهب,MAPPED,,40
17445,2823,انْطَفَأَ,فعل,طفا,اِنْفَعَلَ,توقف الاحتراق,MAPPED,,40
17446,2823,احْتَرَقَ,فعل,حرق,اِفْتَعَلَ,توقف الاحتراق,MAPPED,,40
17447,2823,انْطَفَأَ,فعل,طفا,اِنْفَعَلَ,توقف الاحتراق,MAPPED,,40
17449,2823,انْطَفَأَ,فعل,طفا,اِنْفَعَلَ,توقف مع تأرجح,MAPPED,,40
18045,2722,مُزدَحِم,اسم فاعل,زحم,مُفْتَعِل,مليء بالأشياء,MAPPED,,40
18549,2703,عَدَم اسْتِقْرَار,تركيب,,,نقص الاستقرار,MAPPED,,40
18550,2703,غَيْر مُسْتَقِرّ,صفة مشبهة,قرر,فَيْر فَاعِل,غير مستقر,MAPPED,,40
18551,2703,غَيْر ثَابِت,صفة مشبهة,ثبت,فَيْر فَاعِل,غير ثابت,MAPPED,,40
18613,2705,شَغَب,اسم جامد,شغب,فَعَل,اضطراب صاخب,MAPPED,,40
18652,2703,اسْتِقْرَار,مصدر,قرر,اِفْتِعَال,حالة الثبات,MAPPED,,40
18653,2703,مُسْتَقِرّ,اسم فاعل,قرر,مُفْتَعِل,ثابت الموضع,MAPPED,,40
18654,2703,رَاسِخ,اسم فاعل,رسخ,فَاعِل,ثابت القاعدة,MAPPED,,40
18809,2679,حَجْز,اسم جامد,حجز,فَعْل,ترتيب خدمة,MAPPED,,40
17450,2824,اشْتَعَلَ,فعل,شعل,اِفْتَعَلَ,إصدار الحرارة والضوء من احتراق الوقود,MAPPED,,41
17451,2824,حَرِيق,اسم جامد,حرق,فَعِيل,اشتعال ضخم وشديد ينجم عنه تدمير كامل,MAPPED,,41
17452,2824,جَحِيم,اسم جامد,جحم,فَعِيل,حريق كبير جداً ومروع,MAPPED,,41
17455,2824,نَار,اسم جامد,نور,فَعَل,احتراق المواد القابلة للاشتعال,MAPPED,,41
17460,2824,بُؤْرَة,اسم جامد,بأر,فُعْلَة,نقطة من الحرارة الشديدة داخل حريق مشتعل,MAPPED,,41
17466,2824,نَار مُضَادَّة,تركيب,,,حريق يحرق الوقود لمنع احتراقه من نار أخرى,MAPPED,,41
17481,2824,نَار المُخَيَّم,تركيب,,,نار مشعلة في موقع إقامة مؤقتة غالباً في البرية,MAPPED,,41
17483,2824,أَلْسِنَة,اسم جامد,لسن,فَعِلَة,وصف النار بالاستعارة من خلال ألسنتها,MAPPED,,41
17484,2824,حَرِيق الشَّرَر,تركيب,,,حريق ينشأ عندما تسقط جمرة على موقع قابل للاشتعال,MAPPED,,41
17489,2824,تَوَهُّج,اسم جامد,وهج,تَفَعُّل,حريق غير مسيطر عليه,MAPPED,,41
17490,2824,التَهَبَ,فعل,لهب,اِفْتَعَلَ,احتراق قوي وشديد,MAPPED,,41
17503,2824,مُشْتَعِل,صفة مشبهة,شعل,مُفْتَعِل,يوصف بكونه مشتعلاً,MAPPED,,41
17534,2824,حَرِيق الحَشَائِش,تركيب,,,حريق يتوقد بحطام الحشائش والنباتات,MAPPED,,41
17589,2824,اشْتَعَلَ,فعل,شعل,اِفْتَعَلَ,احتراق لا يمكن السيطرة عليه بدون حيز,MAPPED,,41
17625,2824,نَار الحَطَب,تركيب,,,نار مشعلة عادة من قبل شخص واحد تحضر عليها جماعة,MAPPED,,41
18462,2824,مُلْتَهِب,صفة مشبهة,لهب,مُفْتَعِل,يوصف بكونه محترقاً ومشتعلاً,MAPPED,,41
18463,2824,سَاطِع,صفة مشبهة,سطع,فَاعِل,محترق ومشتعل,MAPPED,,41
17461,2827,اشْتَعَلَ,فعل,شعل,اِفْتَعَلَ,فجأة تشتعل النار وتنتشر,MAPPED,,41
17462,2827,التَقَطَ,فعل,لقط,اِفْتَعَلَ,بدء الاحتراق والاستهلاك من قبل النار,MAPPED,,41
17464,2827,اشْتَعَلَ,فعل,شعل,اِفْتَعَلَ,التعرض للنار ثم الاستهلاك بها,MAPPED,,41
17491,2827,بَدَأَ,فعل,بدأ,فَعَلَ,تشتعل النار بدون قصد عادة في الماضي,MAPPED,,41
18505,2827,احْتَرَقَ,فعل,حرق,اِفْتَعَلَ,الاستهلاك أو الاستهلاك من قبل النار,MAPPED,,41
17456,2828,فَرِيق,اسم جامد,فريق,فَعِيل,مجموعة من الناس يعملون معاً,MAPPED,,41
17457,2828,طَاقِم,اسم جامد,طقم,فَاعِل,مجموعة من الناس موكلة لمهمة محددة,MAPPED,,41
17494,2828,إطْفَائِي,اسم فاعل,طفأ,إِفْعَائِي,فريق موكل بإطفاء الحرائق,MAPPED,,41
17619,2828,مُطَفِّي الحَرَائِق,تركيب,,,فريق يعمل على إطفاء الحرائق,MAPPED,,41
17459,2829,نَار مُضَادَّة,تركيب,,,نار تستهلك وقود النار الأخرى لتشكيل حاجز,MAPPED,,41
17468,2831,طَوَارِئ,اسم جامد,طور,فَوَاعِل,موقف يتطلب إجراء فوري لتجنب نتيجة سيئة,MAPPED,,41
17470,2832,قَاتَلَ,فعل,قتل,فَاعَلَ,محاولة إطفاء حريق ببذل جهود كبيرة,MAPPED,,41
17479,2832,تَقَدَّمَ,فعل,قدم,تَفَعَّلَ,التقدم نحو المنطقة التي كانت مشتعلة,MAPPED,,41
17482,2832,مُعَارَكَة,اسم جامد,عرك,مُفَاعَلَة,جهد إطفائي لا يُعرف نتيجته,MAPPED,,41
17486,2832,سَيْطَرَ,فعل,سيطر,فَاعَلَ,منع النار من الوصول إلى نقطة حرجة,MAPPED,,41
17487,2832,هَاجَمَ,فعل,هجم,فَاعَلَ,الدفع العنيف نحو النار للسيطرة عليها,MAPPED,,41
17559,2832,اسْتَخْدَمَ,فعل,خدم,اِسْتَفْعَلَ,توظيف رجال الإطفاء بجهد مركز ضد النار,MAPPED,,41
17613,2832,قَاتَلَ,فعل,قتل,فَاعَلَ,فريق يحارب النار دون ضعف واضح,MAPPED,,41
17620,2832,إطْفَاء,مصدر,طفأ,إِفْعَال,عملية إخماد الحرائق,MAPPED,,41
17495,2835,حَرِيق الأَرَاضِي البَرِّيَّة,تركيب,,,نار تشتعل في منطقة ريفية غير مأهولة,MAPPED,,41
17614,2835,حَرِيق بَرِّي,تركيب,,,حريق في مناطق غير حضرية يتطلب استجابة طوارئ,MAPPED,,41
17474,2836,قَرَأَ,فعل,قرأ,فَاعَلَ,الفحص البصري للنص لفهم محتواه,MAPPED,,41
17505,2837,حَاجِز نَار,تركيب,,,شريط أرض مُجَرَّد بقصد منع انتقال النار,MAPPED,,41
17506,2837,خَطّ النَّار,تركيب,,,شريط أرض مُجَرَّد بقصد منع انتقال النار,MAPPED,,41
17593,2838,جَدْوَلَ,فعل,جدول,فَعْلَلَ,التخطيط لحدث يقع في وقت محدد,MAPPED,,41
17595,2838,نَظَّمَ,فعل,نظم,فَعَّلَ,ترتيب وقت ومكان لحدوث حدث,MAPPED,,41
17597,2838,نَسَّقَ,فعل,نسق,فَعَّلَ,جدولة حدث في وقت ومكان محددين,MAPPED,,41
17603,2839,تَحْضِيرَات,اسم جامد,حضر,تَفْعِيل,التحضير لحدث ما,MAPPED,,41
17604,2839,خَطَّطَ,فعل,خطط,فَعَّلَ,تنظيم حدث ما,MAPPED,,41
17605,2839,نَظَّمَ,فعل,نظم,فَعَّلَ,التحضير لحدث أو نشاط,MAPPED,,41
17606,2839,جَهَّزَ,فعل,جهز,فَعَّلَ,التحضير لحدث أو نشاط,MAPPED,,41
17608,2839,جَمَعَ,فعل,جمع,فَاعَلَ,تنظيم نشاط أو حدث,MAPPED,,41
17627,2840,كَلْب,اسم جامد,كلب,فَعْل,حيوان ثديي مستأنس ينحدر من الذئاب,MAPPED,,41
17628,2840,قِطَّة,اسم جامد,قطط,فِعْلَة,حيوان صغير مستأنس يربى كحيوان أليف,MAPPED,,41
17629,2840,خِنْزِير,اسم جامد,خنزر,فِعْلِيل,حيوان ثديي مستأنس يربى للحوم,MAPPED,,41
17630,2840,بَقَرَة,اسم جامد,بقر,فَعَلَة,حيوان مستأنس يربى للبن أو اللحم,MAPPED,,41
17631,2840,نَعْجَة,اسم جامد,نعج,فَعْلَة,حيوان مستأنس يربى للصوف أو اللحم,MAPPED,,41
17632,2840,حَيَوَان,اسم جامد,حيا,فَعَوَال,كائن حي ينتمي إلى مملكة الحيوان,MAPPED,,41
17640,2841,أنْقَذَ,فعل,نقذ,أَفْعَلَ,إنقاذ شخص أو شيء من وضع خطير,MAPPED,,41
17641,2841,أنْقَذَ,فعل,نقذ,أَفْعَلَ,إنقاذ شخص من الضرر أو الخطر المحتمل,MAPPED,,41
17652,2844,جَدْوَل,اسم جامد,جدول,فَعْوَل,خطة عقلية للأحداث,MAPPED,,41
17653,2844,جَدْوَل زَمَنِي,تركيب,,,جدول ذهني للأحداث,MAPPED,,41
17654,2844,جِدَاول,اسم جامد,جدول,فِعَال,خطة من الأشياء المراد فعلها,MAPPED,,41
17655,2844,بَرْنَامِج,اسم جامد,برنج,فَرْنَل,جدول مخطط للأحداث والمسارات عند السفر,MAPPED,,41
17698,2850,شَجَرَة,اسم جامد,شجر,فَعَلَة,نبات معمّر له ساق وفروع وأوراق,MAPPED,,41
18052,2850,عُشْب,اسم جامد,عشب,فُعْل,نبات يُعتبر غير مرغوب في حالات معينة,MAPPED,,41
17700,2851,أعْدَىٰ,فعل,عدي,أَفْعَلَ,نشر عدوى إلى كائن بقصد أو بدونه,MAPPED,,41
18171,2851,أصَابَ,فعل,صيب,أَفْعَلَ,التسبب بمرض لدى شخص,MAPPED,,41
17711,2860,لَا,حرف,,,أداة نفي بسيطة غالباً تأتي بعد الأفعال المساعدة,MAPPED,,41
17730,2860,أَبَداً,ظرف,بدا,أَفْعَال,أداة نفي تسبق أو تتبع الأفعال المساعدة,MAPPED,,41
17732,2860,بِدُون,حرف جر,,,حرف جر نافي,MAPPED,,41
17733,2860,لا,حرف,,,حرف نفي يسبق اسماً,MAPPED,,41
17734,2860,لم يَعُد,تركيب,,,تركيب نفي يسبق أو يتبع فعلاً,MAPPED,,41
18632,2860,أبْداً,ظرف,بدا,أَفْعَال,نفي مطلق غالباً في سياق القضية المنفية كاذبة,MAPPED,,41
17751,2880,بِقُرْب,حرف جر,,,يقع غير بعيد من,MAPPED,,41
17752,2880,بِجَانِب,حرف جر,,,قريب وعلى جانب,MAPPED,,41
17754,2880,تَحْت,حرف جر,,,في اتجاه الجاذبية,MAPPED,,41
17757,2880,تَحْتَ,حرف جر,,,في مكان أسفل أو تحت,MAPPED,,41
17758,2880,خَلْف,حرف جر,,,على الجانب الآخر من,MAPPED,,41
17784,2880,أمَام,حرف جر,,,في موضع قبل أو أمام,MAPPED,,41
17785,2880,خَلْف,حرف جر,,,في موضع خلف أو باتجاه الظهر,MAPPED,,41
17786,2880,أمَام,ظرف,دوم,أَفْعَال,في موضع قبل أو في الأمام,MAPPED,,41
17787,2880,عَلَىٰ طُول,حرف جر,,,على أو بطول محور ما,MAPPED,,41
17793,2880,مُجَاوِر,صفة مشبهة,جور,مُفَاعِل,يقع أو يعيش قريباً,MAPPED,,41
17810,2880,فَوْق,حرف جر,,,في مكان أعلى من,MAPPED,,41
17811,2880,مُقَابِل,صفة مشبهة,قابل,مُفَاعِل,يقع وجهاً لوجه أو مقابلة,MAPPED,,41
17815,2880,يَسَار,اسم جامد,يسر,فَعَال,ما يقع على يسار المعلم المرجعي,MAPPED,,41
17816,2880,يَمِين,اسم جامد,يمن,فَعِيل,ما يقع على يمين المعلم المرجعي,MAPPED,,41
17817,2880,يَسَار,اسم جامد,يسر,فَعَال,ما يقع على يسار الناظر,MAPPED,,41
17818,2880,يَمِين,اسم جامد,يمن,فَعِيل,ما يقع على يمين الناظر,MAPPED,,41
17820,2880,تَحْتَ,حرف جر,,,يمتد أو يقع مباشرة تحت,MAPPED,,41
17821,2880,مُقَابِل,حرف جر,,,في موضع مقابل,MAPPED,,41
17823,2880,يَمِين,اسم جامد,يمن,فَعِيل,الجانب الأيمن في الاستخدام البحري,MAPPED,,41
17824,2880,يَسَار,اسم جامد,يسر,فَعَال,الجانب الأيسر في الاستخدام البحري,MAPPED,,41
17931,2880,عَلَىٰ,حرف جر,,,في تماس مباشر مع سطح,MAPPED,,41
17780,2890,عَلَىٰ,حرف جر,,,في تماس مع ومدعوم من,MAPPED,,41
17781,2890,فَوْق,حرف جر,,,في تماس مع الجزء العلوي ومدعوم من,MAPPED,,41
17782,2890,عَلَىٰ قِمَّة,تركيب,,,مدعوم وفي تماس مع السطح العلوي,MAPPED,,41
17783,2890,ضِدّ,حرف جر,,,الملامسة بطريقة تشكل ضغطاً,MAPPED,,41
17788,2890,لَامَسَ,فعل,لمس,فَاعَلَ,أن تكون الأسطح في تماس,MAPPED,,41
17790,2890,مُلَامِس,صفة مشبهة,لمس,مُفَاعِل,الأسطح في تماس,MAPPED,,41
17791,2890,لَمَسَ,فعل,لمس,فَاعَلَ,أن لا يكون هناك فصل بين الأسطح,MAPPED,,41
17794,2890,تَمَاس,اسم جامد,تمس,تَفَاعُل,حالة عدم الفصل بين الأسطح,MAPPED,,41
17808,2890,مُمَاس,صفة مشبهة,ممس,مُفَاعِل,الملامسة في مكان واحد فقط,MAPPED,,41
17809,2890,عَلَىٰ,حرف جر,,,الملامسة والدعم الجزئي,MAPPED,,41
17929,2890,بَعِيد,صفة مشبهة,بعد,فَعِيل,غير في تماس مع,MAPPED,,41
17795,2891,مُتَجَاوِر,صفة مشبهة,جور,مُتَفَاعِل,في منطقة مجاورة مباشرة,MAPPED,,41
17796,2891,حَدَّ,فعل,حدد,فَاعَلَ,مشاركة حد مع,MAPPED,,41
17797,2891,جَاوَرَ,فعل,جور,فَاعَلَ,أن يكون في منطقة مجاورة,MAPPED,,41
17798,2891,مُتَجَاوِر,صفة مشبهة,جور,مُتَفَاعِل,في منطقة مجاورة,MAPPED,,41
17799,2891,تَجَاوُر,اسم جامد,جور,تَفَاعُل,حالة الوجود في مناطق متاخمة,MAPPED,,41
17802,2891,مُتَلاصِق,صفة مشبهة,لصق,مُتَفَاعِل,مشاركة الحدود,MAPPED,,41
17803,2891,تَلاصَقَ,فعل,لصق,تَفَاعَلَ,الحدود المشتركة مع,MAPPED,,41
17804,2891,مُتَتَالي,صفة مشبهة,تالي,مُتَفَاعِل,مشاركة الحدود دون احتلال نفس المساحة,MAPPED,,41
17805,2891,تَتَالي,اسم جامد,تالي,تَفَاعُل,حالة مشاركة الحد,MAPPED,,41
17806,2891,بِجَانِب,حرف جر,,,بدون فاصل بينهما,MAPPED,,41
17807,2891,جَار,اسم جامد,جور,فَاعِل,كائن يقع بجانب آخر,MAPPED,,41
17827,2891,حَاذَىٰ,فعل,حذي,فَاعَلَ,أن تكون الأرض أو البناء مجاوراً,MAPPED,,41
17838,2891,حَادّ,صفة مشبهة,حدد,فَاعِل,مشاركة حد,MAPPED,,41
17828,2900,قَرِيب,صفة مشبهة,قرب,فَعِيل,ضمن مسافة قصيرة من,MAPPED,,41
17829,2900,قَرِيب جِدّاً,صفة مشبهة,قرب,فَعِيل,ضمن مسافة قصيرة جداً,MAPPED,,41
17830,2900,قُرْب,اسم جامد,قرب,فُعْل,حالة الوجود ضمن مسافة قصيرة,MAPPED,,41
17831,2900,بَعِيد,صفة مشبهة,بعد,فَعِيل,خارج مسافة معينة من,MAPPED,,41
17832,2900,بَعِيد,صفة مشبهة,بعد,فَعِيل,خارج مسافة معينة من,MAPPED,,41
17833,2903,إِذَا,حرف,,,يعتمد على وضع غير مؤكد,MAPPED,,41
18020,2903,في حَالَة,تركيب,,,إذا حدثت حالة غير محتملة إلى حد ما,MAPPED,,41
18021,2903,بِافْتِرَاض,حرف,,,إذا,MAPPED,,41
18023,2903,بِافْتِرَاض,حرف,,,إذا حدثت حالة غير محتملة,MAPPED,,41
18050,2903,بِشَرْط,حرف,,,إذا حدثت حالة محتملة,MAPPED,,41
18191,2903,في حَالَة,تركيب,,,يعتمد على احتمال غير محتمل أو غير مرغوب,MAPPED,,41
18192,2903,طَالَمَا,حرف,,,إذا / بشرط حدوث حالة محتملة,MAPPED,,41
18210,2903,لَو,حرف,,,افتراض حالة غير مؤكدة,MAPPED,,41
17835,2904,إلاّ إِذَا,حرف,,,يعتمد على عدم حدوث احتمال ما,MAPPED,,41
18040,2904,وَإلاّ,ظرف,وإلا,فَعْل,إذا لم يحدث الحدث السابق,MAPPED,,41
17841,2905,عِنْد,حرف جر,,,يقع حيث كائن ما بلا بنية سياقية,MAPPED,,41
17842,2905,حَيْث,ظرف,حيث,فَاعِل,في أي مكان,MAPPED,,41
17843,2905,هُنَا,ظرف,هنا,فُعَّال,في هذا المكان,MAPPED,,41
17844,2905,هُنَاك,ظرف,هنك,فُعَّال,في ذلك المكان,MAPPED,,41
17944,2905,أيْن,ظرف,اين,فَاعِل,في أي مكان,MAPPED,,41
17979,2905,في البَيْت,ظرف,,,يقع في المكان الذي يعيش فيه,MAPPED,,41
17884,2911,حَوْل,حرف جر,,,يحيط بالفعل أو تقريباً,MAPPED,,41
17885,2911,أحَاطَ,فعل,حيط,أَفْعَلَ,يقع على كل جانب من,MAPPED,,41
17887,2911,مُحِيط,صفة مشبهة,حيط,مُفِيل,على جميع الجوانب من,MAPPED,,41
17888,2911,مُشْرِق,حرف جر,,,مع جزء متطرف على كل جانب من,MAPPED,,41
17889,2911,عَقَالَ,فعل,عقل,فَاعَلَ,يقع على جانبي,MAPPED,,41
17890,2911,أحَاطَ,فعل,حيط,أَفْعَلَ,يقع على جميع الجوانب مشكلاً حلقة,MAPPED,,41
17891,2911,أحَاطَ,فعل,حيط,أَفْعَلَ,يحيط بالحافة,MAPPED,,41
17892,2911,أحَاطَ,فعل,حيط,أَفْعَلَ,يحيط تقريباً من الحافة,MAPPED,,41
18016,2911,مُشْرِق,صفة مشبهة,شرق,مُفْعِل,على جانبي,MAPPED,,41
17961,2912,فَوْق,حرف جر,,,في أو في مكان أعلى من,MAPPED,,41
17962,2912,تَحْت,حرف جر,,,في أو في مكان أسفل من,MAPPED,,41
17963,2912,شَرْقاً,ظرف,شرق,فَعْلاً,في اتجاه معيار البوصلة,MAPPED,,41
17964,2912,شَرْق,اسم جامد,شرق,فَعْل,الاتجاه المشار إليه من البوصلة,MAPPED,,41
17965,2912,شِمَالاً,ظرف,شمال,فِعَال,في اتجاه معيار البوصلة,MAPPED,,41
17966,2912,شِمَال,اسم جامد,شمال,فِعَال,الاتجاه المشار إليه من البوصلة,MAPPED,,41
17967,2912,شَمَالاً شَرْقاً,ظرف,,,في اتجاه معيار البوصلة,MAPPED,,41
17968,2912,شَمَال شَرْق,اسم جامد,,,الاتجاه المشار إليه من البوصلة,MAPPED,,41
17969,2912,شَمَالاً غَرْباً,ظرف,,,في اتجاه معيار البوصلة,MAPPED,,41
17970,2912,شَمَال غَرْب,اسم جامد,,,الاتجاه المشار إليه من البوصلة,MAPPED,,41
17971,2912,جَنُوباً شَرْقاً,ظرف,,,في اتجاه معيار البوصلة,MAPPED,,41
17972,2912,جَنُوب شَرْق,اسم جامد,,,الاتجاه المشار إليه من البوصلة,MAPPED,,41
17973,2912,جَنُوباً غَرْباً,ظرف,,,في اتجاه معيار البوصلة,MAPPED,,41
17974,2912,جَنُوب غَرْب,اسم جامد,,,الاتجاه المشار إليه من البوصلة,MAPPED,,41
17975,2912,غَرْباً,ظرف,غرب,فَعْلاً,في اتجاه معيار البوصلة,MAPPED,,41
17976,2912,غَرْب,اسم جامد,غرب,فَعْل,الاتجاه المشار إليه من البوصلة,MAPPED,,41
17977,2912,شَرْقاً,ظرف,شرق,فَعْلاً,في اتجاه معيار البوصلة,MAPPED,,41
17978,2912,شَرْق,اسم جامد,شرق,فَعْل,الاتجاه المشار إليه من البوصلة,MAPPED,,41
17932,2913,فَعَلَ,فعل,فعل,فَاعَلَ,أبسط معنى للفعل الجنسي,MAPPED,,41
17933,2913,مَارَسَ,فعل,مرس,فَاعَلَ,ممارسة النشاط الجنسي,MAPPED,,41
17935,2913,تَزَاوَجَ,فعل,زوج,تَفَاعَلَ,الاتصال الجنسي غالباً بمعنى بيولوجي,MAPPED,,41
17936,2913,مَارَسَ,فعل,مرس,فَاعَلَ,ممارسة النشاط الجنسي,MAPPED,,41
17937,2913,ضَاجَعَ,فعل,ضجع,فَاعَلَ,ممارسة النشاط الجنسي,MAPPED,,41
17939,2913,مَارَسَ,فعل,مرس,فَاعَلَ,ممارسة النشاط الجنسي,MAPPED,,41
17940,2913,مَارَسَ,فعل,مرس,فَاعَلَ,ممارسة النشاط الجنسي,MAPPED,,41
17941,2913,مَارَسَ,فعل,مرس,فَاعَلَ,ممارسة النشاط الجنسي,MAPPED,,41
17942,2913,مَارَسَ,فعل,مرس,فَاعَلَ,ممارسة النشاط الجنسي,MAPPED,,41
17945,2913,اتّصَالِ,اسم جامد,وصل,اِفْتِعَال,فعل جنسي,MAPPED,,41
17946,2913,تَزَاوَجَ,فعل,زوج,تَفَاعَلَ,ممارسة النشاط الجنسي,MAPPED,,41
17947,2913,مَارَسَ,فعل,مرس,فَاعَلَ,ممارسة اتصال جنسي حميمي,MAPPED,,41
17948,2913,مَارَسَ,فعل,مرس,فَاعَلَ,ممارسة النشاط الجنسي بطريقة ملطفة,MAPPED,,41
17949,2913,مَارَسَ,فعل,مرس,فَاعَلَ,ممارسة النشاط الجنسي بطريقة ملطفة,MAPPED,,41
17950,2913,مَارَسَ,فعل,مرس,فَاعَلَ,ممارسة النشاط الجنسي بطريقة فظة,MAPPED,,41
17951,2913,مَارَسَ,فعل,مرس,فَاعَلَ,ممارسة الاتصال الجنسي بطريقة غير رسمية,MAPPED,,41
17952,2913,مَارَسَ,فعل,مرس,فَاعَلَ,ممارسة النشاط الجنسي بطريقة ملطفة,MAPPED,,41
17953,2913,جِمَاع,اسم جامد,جمع,فِعَال,فعل من الحميمية قد يؤدي إلى الإنزال,MAPPED,,41
17954,2913,مَارَسَ,فعل,مرس,فَاعَلَ,ممارسة النشاط الجنسي بطريقة ملطفة,MAPPED,,41
17955,2913,مَارَسَ,فعل,مرس,فَاعَلَ,الاتصال الجنسي كفعل,MAPPED,,41
17958,2913,مَارَسَ,فعل,مرس,فَاعَلَ,ممارسة النشاط الجنسي بطريقة ملطفة,MAPPED,,41
17980,2913,عَمَلِيَّة سَرِيعَة,اسم جامد,,,جلسة جنسية بسبب قيود الوقت,MAPPED,,41
17981,2913,مَارَسَ,فعل,مرس,فَاعَلَ,ممارسة النشاط الجنسي بطريقة ملطفة,MAPPED,,41
17982,2913,قَفَزَ,فعل,قفز,فَاعَلَ,ممارسة النشاط الجنسي بطريقة ملطفة,MAPPED,,41
17983,2913,مَارَسَ,فعل,مرس,فَاعَلَ,الانخراط المتبادل والحماسي في النشاط الجنسي,MAPPED,,41
17956,2914,أنْجَبَ,فعل,نجب,أَفْعَلَ,جماع بقصد الإنجاب,MAPPED,,41
18001,2931,بَدَأَ,فعل,بدأ,فَعَلَ,يبدأ السريان والتطبيق,MAPPED,,41
18010,2931,بَدَأَ,فعل,بدأ,فَعَلَ,بدء التأثير,MAPPED,,41
18011,2931,أثَّرَ,فعل,أثر,فَعَّلَ,التأثير على,MAPPED,,41
18012,2931,بَدَأَ,فعل,بدأ,فَعَلَ,يبدأ السريان,MAPPED,,41
18013,2931,دَخَلَ,فعل,دخل,فَاعَلَ,يبدأ السريان,MAPPED,,41
18194,2960,قَلِيلاً,ظرف,قلل,فَعِيل,إشارة إلى التحفظ في التصنيف,MAPPED,,41
18195,2960,نَوْعاً مّا,ظرف,نوع,فَعْلاً,إشارة إلى عدم الدقة أو التحفظ,MAPPED,,41
18196,2960,مِثْل,ظرف,مثل,فِعْل,إشارة إلى التحفظ وعدم الدقة,MAPPED,,41
18197,2960,نَوْعاً مّا,ظرف,نوع,فَعْلاً,إشارة إلى عدم الدقة,MAPPED,,41
18198,2960,قَلِيلاً,ظرف,قلل,فَعِيل,إشارة إلى التحفظ عن الملاءمة,MAPPED,,41
18199,2960,شَيْء,اسم جامد,شيا,فَعْل,إشارة إلى الحذر في التصنيف,MAPPED,,41
18200,2960,بِطَرِيقَة مّا,ظرف,,,إشارة إلى نطاق محدود للتأكيد,MAPPED,,41
18201,2960,بِالأَحْرَىٰ,ظرف,,,إشارة إلى تلطيف التأثير العاطفي,MAPPED,,41
18221,2971,أصْبَحَ,فعل,صبح,أَفْعَلَ,انتهى إلى صفة نهائية,MAPPED,,41
18222,2971,تَحَوَّلَ,فعل,حول,تَفَعَّلَ,التغير في الطبيعة أو الحالة أو الشكل,MAPPED,,41
18224,2972,ذَهَبَ,فعل,ذهب,فَاعَلَ,الدخول إلى أو الكون في حالة محددة,MAPPED,,41
18225,2973,تَحَوُّل,اسم جامد,حول,تَفَعُّل,تغير في الشكل أو الطبيعة,MAPPED,,41
18226,2973,تَحَوَّلَ,فعل,حول,تَفَعَّلَ,تغير كامل,MAPPED,,41
18227,2973,تَحَوُّل,اسم جامد,حول,تَفَعُّل,تغير من صنف إلى آخر,MAPPED,,41
18228,2973,تَحَوَّلَ,فعل,حول,تَفَعَّلَ,تغير الشكل إلى حالة أفضل,MAPPED,,41
18230,2973,تَحَوُّل,اسم جامد,حول,تَفَعُّل,التحول إلى شيء مختلف جداً,MAPPED,,41
18231,2973,تَحَوَّلَ,فعل,حول,تَفَعَّلَ,التحول بطريقة مفاجئة,MAPPED,,41
18232,2973,تَحَوَّلَ,فعل,حول,تَفَعَّلَ,التحول إلى فئة مختلفة,MAPPED,,41
18233,2973,تَحَوُّل,اسم جامد,حول,تَفَعُّل,تحول عادة ما يحافظ على الفئة الأصلية,MAPPED,,41
18234,2973,تَحَوَّلَ,فعل,حول,تَفَعَّلَ,التحول الكامل إلى شيء آخر,MAPPED,,41
18235,2973,تَحَوَّلَ,فعل,حول,تَفَعَّلَ,التحول إلى جوهر مختلف,MAPPED,,41
18236,2973,تَحَوُّل,اسم جامد,حول,تَفَعُّل,التحول إلى جوهر مختلف,MAPPED,,41
18250,2973,انْتَقَلَ,فعل,نقل,اِنْفَعَلَ,التغير من فئة أو حالة إلى أخرى,MAPPED,,41
18237,2974,سَلَّمَ,فعل,سلم,فَعَّلَ,الاعتراف أخيراً بصحة شيء,MAPPED,,41
18238,2974,نَفَىٰ,فعل,نفي,فَاعَلَ,الادعاء بأن شيئاً غير صحيح,MAPPED,,41
18239,2974,أكَّدَ,فعل,أكد,فَعَّلَ,التأكيد على صحة شيء,MAPPED,,41
18240,2974,تَأْكِيد,اسم جامد,أكد,تَفْعِيل,فعل التأكيد على الصحة,MAPPED,,41
18241,2974,أكَّدَ,فعل,أكد,فَعَّلَ,تأسيس حقيقة أو صحة,MAPPED,,41
18242,2974,تَأْكِيد,اسم جامد,أكد,تَفْعِيل,فعل التأكيد,MAPPED,,41
18243,2974,نَفْي,اسم جامد,نفي,فَعْل,فعل النفي,MAPPED,,41
18244,2974,أعَادَ تَأْكِيد,فعل,أكد,أَفْعَلَ,التأكيد مرة أخرى,MAPPED,,41
18245,2974,فَنَّدَ,فعل,فند,فَعَّلَ,إثبات عدم صحة شيء,MAPPED,,41
18246,2974,شَهِدَ,فعل,شهد,فَاعِل,الإقرار بصحة أو صحة شيء,MAPPED,,41
18251,2980,انْتَهَىٰ,فعل,نهي,اِنْفَعَلَ,انتهى إلى وضع نهائي,MAPPED,,41
18253,2982,مَوَّلَ,فعل,مول,فَعَّلَ,توفير الأموال لمشروع,MAPPED,,41
18254,2982,مَوَّلَ,فعل,مول,فَعَّلَ,توفير الأموال والرأس المال,MAPPED,,41
18255,2982,دَعَمَ,فعل,دعم,فَاعَلَ,الدعم بتوفير الأموال,MAPPED,,41
18256,2982,مَوَّلَ,فعل,مول,فَعَّلَ,توفير الأموال لمشروع,MAPPED,,41
18257,2982,دَعَمَ,فعل,دعم,فَاعَلَ,الدعم المالي,MAPPED,,41
18258,2983,أرْسَلَ فَاتُورَة,فعل,,,إخطار بالدين كتابة,MAPPED,,41
18259,2983,أرْسَلَ فَاتُورَة,فعل,,,إنشاء وإرسال فاتورة,MAPPED,,41
18609,2983,فَاتُورَة,اسم جامد,فتر,فَاعُولَة,وثيقة تحتوي على ما هو مستحق,MAPPED,,41
18307,2984,اسْتَدْعَى,فعل,دعو,اِسْتَفْعَلَ,طَلَب رسمياً من شخص مثوله أمام المحكمة,MAPPED,invoke formally,42
18308,2984,أَصْدَرَ أَمْرَ حضور,تركيب,,,أصدر أمراً رسمياً بحضور المدّعى عليه,MAPPED,formal order to appear,42
18309,2984,اسْتَدْعَى,فعل,دعو,اِسْتَفْعَلَ,طَلَب مثول شخص أمام المحكمة,MAPPED,call to court,42
18310,2984,أَمْرُ حضور,تركيب,,,أمر رسمي بمثول المدّعى عليه أمام المحكمة,MAPPED,official citation/summons,42
18311,2984,اِسْتِدْعاء,مصدر,دعو,اِسْتِفْعال,طَلَب رسمي لمثول شخص أمام جهة قضائية,MAPPED,formal call/citation,42
18312,2984,إِشْعار حضور,تركيب,,,إخطار رسمي يطلب مثول المدّعى عليه أمام المحكمة,MAPPED,notice to appear,42
18570,2991,عَلَى أَيّ حال,تركيب,,,يُستخدَم لإظهار أن حالة أفضل ممكنة رغم الظروف,MAPPED,adverbial phrase,42
18571,2991,عَلَى أَيّ حال,تركيب,,,يُستخدَم لِتَخْفِيف من سوء الحال المحتمل,MAPPED,adverbial phrase variant,42
18572,2991,عَلى أَقَلّ تَقْدير,تركيب,,,يُظْهِر أَنَّ هناك جانب إيجابي على الأقل,MAPPED,at least some good,42
18573,2991,عَلَى أَيّ حال,تركيب,,,في أي حالة من الأحوال، رغم الظروف,MAPPED,any case/anyway,42
18574,2991,عَلى أَيّ حال,تركيب,,,في أي حدث، يظل هناك جانب إيجابي,MAPPED,any event/anyway,42
18577,2991,عَلى الأَقَلّ,تركيب,,,يُشار إلى أقلِّ حد مقبول من الإيجابية,MAPPED,minimum standard,42
18578,2991,عَلى الأَقَلّ,تركيب,,,يُستخدَم لتقليل توقعات أو لتخفيف الخيبة,MAPPED,at least/minimum,42
18579,2991,عَلى الأَقَلّ,تركيب,,,يُشار إلى الحد الأدنى من المقبول أو المرغوب,MAPPED,at the least,42
18673,3000,هُوِيَّة,اسم جامد,هوي,فُعِيلَة,السّمة الفريدة التي تميّز كل مصداق عن آخر,MAPPED,unique identifier,42
18709,3012,تَحَسَّنَ,فعل,حسن,تَفَعَّلَ,أَصْبَحَ أَفْضَلَ حالاً من قبل,MAPPED,become better,42
18710,3012,تَحَسَّنَ,فعل,حسن,تَفَعَّلَ,انْتَقَلَ إِلَى حالٍ أَفْضَلَ,MAPPED,improve/ameliorate,42
18711,3012,تَدَهْوَرَ,فعل,دهور,تَفَعَّلَ,أَصْبَحَ أَسْوَأَ حالاً,MAPPED,become worse,42
18713,3012,تَحَسَّنَ,فعل,حسن,تَفَعَّلَ,بَلَغَ الحد الأدنى المتوقَّع من الجودة,MAPPED,improve to standard,42
18714,3012,تَحَسَّنَ,فعل,حسن,تَفَعَّلَ,بَدَأَ يَتَّجِهُ نحو الأفضل ممّا يُبْعِثُ الأَمَلَ,MAPPED,get better/hopeful,42
18715,3012,تَدَهْوَرَ,فعل,دهور,تَفَعَّلَ,انْحَدَرَ مِن حالٍ جيدةٍ إِلَى أَسْوَأَ,MAPPED,deteriorate,42
18716,3012,أَسَاءَ,فعل,سوء,أَفْعَلَ,انْتَقَلَ مِن سِيءٍ إِلَى أَسْوَأَ,MAPPED,worsen,42
18717,3012,تَحَسُّن,مصدر,حسن,تَفَعُّل,الانْتِقالُ إِلَى حالٍ أَفْضَلَ,MAPPED,becoming better,42
18718,3012,تَحَسُّن,مصدر,حسن,تَفَعُّل,عمليةُ الانتقالِ نحو الأحسن,MAPPED,process of improving,42
18719,3012,تَدَهْوُر,مصدر,دهور,تَفَعُّل,عمليةُ الانتقالِ نحو الأسوأ,MAPPED,process of worsening,42
18720,3012,انْحِدار,مصدر,حدر,اِنْفِعال,الانْتِقالُ مِن حالٍ جيدةٍ إِلَى أَسْوَأَ,MAPPED,descent/decline,42
18722,3011,تَغَيَّرَ,فعل,غير,تَفَعَّلَ,صفة لما خضع للتحوّل أو التبدّل,MAPPED,underwent change,42
18723,3011,لَم يَتَغَيَّر,فعل,غير,تَفَعَّلَ,صفة لما بقي على حاله دون تحوّل,MAPPED,not changed,42
18724,3011,تَبَدَّلَ,فعل,بدل,تَفَعَّلَ,صفة لما تغيّرت سماته أو خصائصه,MAPPED,underwent alteration,42
18725,3011,بَقِيَ عَلى حالِه,فعل,قيم,فَعِلَ,صفة لما لم تتغيّر صفاته رغم الظروف,MAPPED,not altered,42
18727,3013,شَرِيك,اسم جامد,شرك,فَعِيل,الشخص المشترك مع آخر في المؤسسة,MAPPED,partner,42
18728,3013,زَمِيل,اسم جامد,زمل,فَعِيل,الشخص الذي يعمل مع آخر في نفس المؤسسة,MAPPED,colleague,42
18729,3013,زَمِيل عَمَل,تركيب,,,الشخص الذي يعمل مع آخر في نفس الشركة,MAPPED,co-worker,42
18730,3013,وَطَنِي,صفة مشبهة,وطن,فَعَلِي,الشخص من نفس الوطن أو الدولة,MAPPED,countryman,42
18731,3013,شَرِيك,اسم جامد,شرك,فَعِيل,عضو الشراكة أو الشركة,MAPPED,business partner,42
18732,3013,أَخ دِينِي,تركيب,,,الشخص من نفس الديانة أو الملة,MAPPED,co-religionist,42
18733,3013,زَمِيل,صفة مشبهة,زمل,فَعِيل,من نفس الجهة العملية أو المؤسسة,MAPPED,fellow/colleague,42
18734,3013,رَفِيق,اسم جامد,رفق,فَعِيل,عضو الحزب أو المؤسسة العسكرية ذاتها,MAPPED,comrade,42
18735,3013,أَخ,اسم جامد,أخو,فَعَل,عضو المنظمة أو النقابة الذكورية,MAPPED,brother/member,42
18736,3013,أُخْت,اسم جامد,أخو,فُعْل,عضوة المنظمة أو النقابة النسائية,MAPPED,sister/member,42
18737,3015,فَرْع,اسم جامد,فرع,فَعْل,جزء من منظمة انفصل عن الجسم الرئيس,MAPPED,branch/offshoot,42
18738,3016,أَصِيبَ بِمَرَض,فعل,صيب,أُفْعِلَ,بَدَأَ يعاني من مرض ما,MAPPED,suffer from disease,42
18739,3015,فِئَة,اسم جامد,فئي,فِعَلَة,مجموعة لها آراء مختلفة عن المجموعة الأكبر,MAPPED,faction,42
18740,3015,انْفِصالِي,اسم منسوب,فصل,اِنْفِعالِي,وصف لمن يحاول الانفصال بآراء مختلفة,MAPPED,breakaway/separatist,42
18741,3015,طائِفَة,اسم جامد,طيف,فاعِلَة,مجموعة دينية لها عقائد مختلفة,MAPPED,sect,42
18743,3015,مجموعة انْشِقاقِيَّة,تركيب,,,فصيل له اختلافات أيديولوجية مع المجموعة الأكبر,MAPPED,splinter group,42
18744,3016,أَصِيبَ,فعل,صيب,أُفْعِلَ,بَدَأَ يعاني من عدوى مرضية,MAPPED,get infected,42
18745,3016,أَصِيبَ,فعل,صيب,أُفْعِلَ,بَدَأَ يعاني من مرض معين,MAPPED,acquire disease,42
18746,3016,مَرِضَ,فعل,مرض,فَعِلَ,بَدَأَ يُعاني من مرض,MAPPED,get sick,42
18747,3016,عَدِيَ,فعل,عدي,فَعِلَ,نُقِلَتْ إِليه العدوى من مصدر ما,MAPPED,catch/transmit,42
1563,72,انقلاب,اسم جامد,نقل,اِنْفِعَال,الاستيلاء على السلطة بقوة غير شرعية,MAPPED,,43
1564,72,انتخب,فعل,خيب,اِفْتَعَلَ,تعيين شخص للمنصب بواسطة التصويت,MAPPED,,43
1565,72,تمرد,اسم جامد,مرد,تَفَعُّل,المقاومة المسلحة ضد السلطة القائمة,MAPPED,,43
1566,72,تمرد,اسم جامد,مرد,تَفَعُّل,الثورة المسلحة ضد السلطة المشروعة,MAPPED,,43
1567,72,تمرد,فعل,مرد,تَفَعَّلَ,الثورة على السلطة المستقرة,MAPPED,,43
1568,72,أطاح,فعل,طيح,أَفْعَلَ,عزل القائد بالقوة من منصبه,MAPPED,,43
1569,72,ثورة,اسم جامد,ثور,فَعْوَة,الانتفاضة المسلحة ضد الحكم القائم,MAPPED,,43
1570,72,تمرد,فعل,مرد,تَفَعَّلَ,الثورة على السلطة المقررة,MAPPED,,43
1571,72,ثورة,اسم جامد,ثور,فَعْوَة,الإطاحة القهرية بالحكومة لصالح نظام جديد,MAPPED,,43
1572,72,انتفاضة,اسم جامد,نفض,اِنْفِعَالَة,التمرد والمقاومة ضد السلطة,MAPPED,,43
1808,72,أخرج,فعل,خرج,أَفْعَلَ,إخراج شخص من منصبه بالقوة,MAPPED,,43
5254,72,عزل,فعل,عزل,فَعَلَ,إزاحة شخص من المنصب بشكل مباغت وقهري,MAPPED,,43
5255,72,خلع,فعل,خلع,فَعَلَ,إزالة الملك من سلطته,MAPPED,,43
8352,72,إطاحة,اسم جامد,طيح,إِفْعَالَة,إزاحة شخص من السلطة,MAPPED,,43
8353,72,ثورة,اسم جامد,ثور,فَعْوَة,محاولة إنهاء سلطة شخص أو هيئة بالتمرد,MAPPED,,43
10184,72,تولى,فعل,ولي,تَفَعَّلَ,السيطرة على شيء أو تحمل المسؤولية عنه,MAPPED,,43
10385,72,أطاح,فعل,طيح,أَفْعَلَ,الإطاحة بالحاكم من السلطة,MAPPED,,43
10900,72,انتخاب,اسم جامد,خيب,اِفْتِعَال,الإجراء الرسمي لاختيار شخص للمنصب,MAPPED,,43
12131,72,نصب,فعل,نصب,فَعَلَ,تنصيب شخص في منصب قيادي,MAPPED,,43
12132,72,تتويج,اسم جامد,تيج,تَفْعِيل,تنصيب الملك أو الأسقف على العرش,MAPPED,,43
12133,72,وتج,فعل,تيج,فَعَّلَ,نصب شخص ملكاً بحفل التتويج,MAPPED,,43
12134,72,وتج,فعل,تيج,فَعَّلَ,تتويج ملك بوضع التاج على رأسه,MAPPED,,43
12136,72,منح,فعل,منح,فَعَلَ,إعطاء السلطة الجديدة لشخص أو مجموعة,MAPPED,,43
13668,72,نصب,فعل,نصب,فَعَلَ,تعيين شخص في منصب قيادي,MAPPED,,43
13710,72,ثائر,اسم فاعل,ثور,فَاعِل,شخص يثور ويطالب بالتغيير السياسي,MAPPED,,43
15234,72,استقلال,اسم جامد,قيل,اِسْتِفْعَال,التحرر من حكم القائد السابق,MAPPED,,43
17302,72,انتفاضة,اسم جامد,نفض,اِنْفِعَالَة,التمرد ضد السلطة الموجودة,MAPPED,,43
17690,72,حرية,اسم جامد,حرر,فِعَالَة,عدم وجود سيطرة أو تحكم مركزي,MAPPED,,43
18701,72,عزل,اسم جامد,عزل,فَعَل,وضع يُزاح فيه الموظف من منصبه فجأة,MAPPED,,43
1614,74,ودود,صفة,ودد,فَعُول,الشخص المحب للصحبة والودود في التعامل,MAPPED,,43
1615,74,منفتح,صفة,فتح,مُنْفَعِل,شخص اجتماعي واثق من نفسه,MAPPED,,43
1616,74,ودود,صفة,ودد,فَعُول,صفة الشخص المحب للصحبة,MAPPED,,43
1617,74,اجتماعي,اسم منسوب,جمع,اِفْتِعَالِي,الشخص المتطلع لرفقة الآخرين,MAPPED,,43
1618,74,خجول,صفة,خجل,فَعُول,الشخص المنطوي اجتماعياً,MAPPED,,43
1619,74,منعزل,صفة,عزل,مُنْفَعِل,شخص يفضل العزلة ولا يحب الاختلاط,MAPPED,,43
1620,74,منفتح,صفة,فتح,مُنْفَعِل,الشخص الودود والواثق من نفسه,MAPPED,,43
1621,74,ناسك,صفة,نسك,فَاعِل,شخص يتجنب الآخرين ويعيش حياة منعزلة,MAPPED,,43
1622,74,خجول,صفة,خجل,فَعُول,الشخص القلق والخائف في حضور الآخرين,MAPPED,,43
1623,74,اجتماعي,اسم منسوب,جمع,اِفْتِعَالِي,الشخص المنشغل بسهولة مع الآخرين,MAPPED,,43
1624,74,جبان,صفة,جبن,فَعَال,الشخص الخائف والضعيف الثقة,MAPPED,,43
18466,74,لطيف,صفة,لطف,فَعِيل,الشخص الطيب الأخلاق والمحب للاختلاط,MAPPED,,43
1625,75,استبدادي,اسم منسوب,بدد,اِسْتِفْعَالِي,الشخص المؤمن بفرض الطاعة المطلقة,MAPPED,,43
1626,75,متساهل,صفة,سهل,مُتَفَعِّل,الشخص الغير صارم وسهل المراس,MAPPED,,43
1627,75,متسامح,صفة,سمح,مُتَفَعِّل,الشخص الرحيم والمتسامح,MAPPED,,43
1628,75,تحرري,اسم منسوب,حرر,تَفَعُّلِي,الشخص المحترم لآراء الآخرين المختلفة,MAPPED,,43
1629,75,صارم,صفة,صرم,فَاعِل,الشخص الملتزم بفرض احترام القواعد,MAPPED,,43
1630,75,متسامح,صفة,سمح,مُتَفَعِّل,الشخص الراغب في تحمل السلوك المزعج,MAPPED,,43
17021,75,قاسي,صفة,قسو,فَاعِل,الشخص الشديد والقاسي,MAPPED,,43
1631,76,زيّن,فعل,زين,فَعَّلَ,تغطية شيء بطريقة جميلة,MAPPED,,43
1632,76,غطى,فعل,غطي,فَعَلَ,التغطية الكاملة بطبقة سميكة,MAPPED,,43
1633,76,ستر,فعل,ستر,فَعَلَ,الستر والإخفاء بطريقة كاملة,MAPPED,,43
1634,76,غلف,فعل,غلف,فَعَلَ,تشكيل طبقة واقية على شيء,MAPPED,,43
1635,76,غطى,فعل,غطي,فَعَلَ,الوجود فوق شيء لحمايته أو إخفاؤه,MAPPED,,43
1636,76,زيّن,فعل,زين,فَعَّلَ,الزينة بطريقة براقة أو احتفالية,MAPPED,,43
1637,76,زخرف,فعل,زخرف,فَعَلَ,إضافة الزينة والجمال,MAPPED,,43
1639,76,لفّ,فعل,لفف,فَعَّلَ,الإحاطة والتغطية الكاملة,MAPPED,,43
1640,76,اكتنف,فعل,كنف,اِفْتَعَلَ,زينة بسلسلة أو إكليل زهور,MAPPED,,43
1641,76,امتلأ,فعل,ملا,اِفْتَعَلَ,صيرورة الشيء ممتلئاً,MAPPED,,43
1642,76,غطى,فعل,غطي,فَعَلَ,التغطية برقيقة رقيقة,MAPPED,,43
1643,76,اصطفّ,فعل,صفف,اِفْتَعَلَ,الوقوف على طول الحدود,MAPPED,,43
1644,76,رصف,فعل,رصف,فَعَلَ,التغطية كالرصيف,MAPPED,,43
1645,76,اكتنف,فعل,كنف,اِفْتَعَلَ,الإحاطة والالتفاف حول,MAPPED,,43
3929,76,نقط,فعل,نقط,فَعَلَ,التوزيع المتناثر على المساحة,MAPPED,,43
3977,76,نثر,فعل,نثر,فَعَلَ,نشر وتوزيع بطريقة متناثرة,MAPPED,,43
11857,76,زيّن,فعل,زين,فَعَّلَ,تزيين الطعام أو الشيء بالزينة,MAPPED,,43
11859,76,غطّى,فعل,غطي,فَعَّلَ,التغطية بقشرة صلبة,MAPPED,,43
17926,76,نثر,فعل,نثر,فَعَلَ,تغطية المساحة بأشياء غير مرغوبة,MAPPED,,43
17927,76,في كل مكان,تركيب,,,التغطية الشاملة,MAPPED,,43
17928,76,عبر,حرف,,,التغطية الموزعة عبر المناطق,MAPPED,,43
17959,76,فوق,حرف,,,التغطية من الأعلى,MAPPED,,43
17960,76,حول,حرف,,,الوجود في أماكن موزعة,MAPPED,,43
1646,77,تعظيم,اسم جامد,عظم,تَفْعِيل,جعل شيء يبدو أكبر,MAPPED,,43
1647,77,زيادة,اسم جامد,زيد,فِيَالَة,عملية إضافة أو زيادة شيء,MAPPED,,43
1648,77,انقباض,اسم جامد,قبض,اِنْفِعَال,عملية انكماش الحجم أو العدد,MAPPED,,43
1649,77,وسّع,فعل,وسع,فَعَّلَ,جعل شيء أوسع أو أكبر,MAPPED,,43
1650,77,وسّع,فعل,وسع,فَعَّلَ,جعل الشيء أكبر حجماً,MAPPED,,43
1651,77,توسيع,اسم جامد,وسع,تَفْعِيل,عملية جعل شيء أكبر,MAPPED,,43
1652,77,وسّع,فعل,وسع,فَعَّلَ,جعل الشيء أكبر في أي بعد,MAPPED,,43
1653,77,توسع,اسم جامد,وسع,تَفَعُّل,عملية الانتشار أو الزيادة,MAPPED,,43
1655,77,نمو,اسم جامد,نمي,فَعَل,عملية الزيادة في الحجم,MAPPED,,43
1656,77,نفخ,فعل,نفخ,فَعَلَ,توسيع بملء الهواء أو الغاز,MAPPED,,43
1657,77,طوّل,فعل,طول,فَعَّلَ,جعل الشيء أطول,MAPPED,,43
1658,77,تكبير,اسم جامد,كبر,تَفْعِيل,إظهار الشيء أكبر مما هو,MAPPED,,43
1659,77,كبّر,فعل,كبر,فَعَّلَ,إظهار الشيء أكبر بالعدسة,MAPPED,,43
1660,77,تقليل,اسم جامد,قلل,تَفْعِيل,عملية تصغير الحجم أو العدد,MAPPED,,43
1661,77,انكمش,فعل,كمش,اِنْفَعَلَ,صيرورة الشيء أصغر,MAPPED,,43
1662,77,تورم,فعل,ورم,تَفَعَّلَ,زيادة الحجم بشكل متضخم,MAPPED,,43
1663,77,وسّع,فعل,وسع,فَعَّلَ,جعل شيء أوسع,MAPPED,,43
4730,77,ضاق,فعل,ضيق,فَعَلَ,صيرورة الشيء أضيق,MAPPED,,43
11318,77,نما,فعل,نمي,فَعَلَ,جعل الشيء يزداد حجماً,MAPPED,,43
12041,77,نفخ,فعل,نفخ,فَعَلَ,توسيع أو نفخ الشيء,MAPPED,,43
15441,77,مدّ,فعل,مدد,فَعَّلَ,شد شيء من الطرفين ليزداد سطحه,MAPPED,,43
18527,77,ضغط,فعل,ضغط,فَعَلَ,جعل الشيء أكثر كثافة بالضغط,MAPPED,,43
18528,77,ضغط,اسم جامد,ضغط,فَعَل,عملية الضغط والتكثيف,MAPPED,,43
18529,77,كثّف,فعل,كثف,فَعَّلَ,جعل الشيء أكثر كثافة,MAPPED,,43
1711,79,دائم,صفة,دوم,فَاعِل,الشيء الذي يستمر أو يدوم,MAPPED,,43
1712,79,قصير,صفة,قصر,فَعِيل,الشيء ذو المدة القليلة,MAPPED,,43
1713,79,مزمن,صفة,زمن,مُفَعِّل,المرض أو المشكلة التي تستمر طويلاً,MAPPED,,43
1714,79,باق,صفة,بقي,فَاعِل,الشيء الذي يستمر ويدوم,MAPPED,,43
1715,79,زائل,صفة,زول,فَاعِل,الشيء الذي يمضي بسرعة,MAPPED,,43
1716,79,أبدي,صفة,بدد,أَفْعَالِي,الشيء الذي يدوم للأبد,MAPPED,,43
1717,79,ممتد,صفة,متد,مُفَعِّل,الشيء الطويل المدى,MAPPED,,43
1718,79,مؤقت,صفة,وقت,مُفَعِّل,الشيء غير الدائم أو المرحلي,MAPPED,,43
1719,79,دائم,صفة,دوم,فَاعِل,الشيء الذي يستمر لمدة طويلة,MAPPED,,43
1720,79,طويل,صفة,طول,فَعِيل,الشيء ذو المدة الطويلة,MAPPED,,43
1721,79,وجيز,صفة,وجز,فَعِيل,الشيء الذي يحدث للحظة,MAPPED,,43
1722,79,دائب,صفة,دوب,فَاعِل,الشيء الذي لا ينقطع,MAPPED,,43
1723,79,قصير,صفة,قصر,فَعِيل,الشيء ذو المدة المختصرة,MAPPED,,43
13915,79,طويل,صفة,طول,فَعِيل,الشيء الذي يستغرق وقتاً أطول من الطبيعي,MAPPED,,43
15849,79,مستمر,صفة,سمر,مُسْتَفْعِل,الشيء الطويل الأمد,MAPPED,,43
16090,79,سريع,صفة,سرع,فَعِيل,الحدث الذي ينتهي بسرعة,MAPPED,,43
16953,79,متواصل,صفة,وصل,مُتَفَاعِل,الشيء المستمر والدائم,MAPPED,,43
14712,117,متوافق,صفة,وفق,مُتَفَاعِل,الامتثال لمعيار أو قاعدة معينة,MAPPED,,43
17681,118,امتلك,فعل,ملك,اِفْتَعَلَ,الحيازة والملكية,MAPPED,,43
9211,131,تلألؤ,اسم جامد,لالا,تَفَعُّل,الومضة أو البريق,MAPPED,,43
9216,131,بريق,اسم جامد,برق,فَعِيل,الإضاءة الساطعة,MAPPED,,43
9218,131,بريق,اسم جامد,برق,فَعِيل,الإضاءة الناعمة على السطح,MAPPED,,43
9219,131,تلألؤ,اسم جامد,لالا,تَفَعُّل,الومضة القصيرة للضوء,MAPPED,,43
9220,131,تلألأ,فعل,لالا,تَفَعَّلَ,إصدار ومضات من الضوء,MAPPED,,43
9222,131,توهج,اسم جامد,وهج,تَفَعُّل,إضاءة ساطعة جداً,MAPPED,,43
9226,131,توهج,اسم جامد,وهج,تَفَعُّل,إشعاع ثابت من الضوء,MAPPED,,43
9229,131,برق,فعل,برق,فَعَلَ,إصدار ومضات براقة,MAPPED,,43
9230,131,بريق,اسم جامد,برق,فَعِيل,الضوء الشمسي العاكس,MAPPED,,43
9231,131,برق,فعل,برق,فَعَلَ,إصدار ومضة براقة,MAPPED,,43
9232,131,برق,اسم جامد,برق,فَعِيل,الومضة براقة,MAPPED,,43
9233,131,براق,صفة,برق,فَاعِل,الشيء الذي يصدر ومضات براقة,MAPPED,,43
9234,131,برق,فعل,برق,فَعَلَ,إصدار بريق على السطح الرطب,MAPPED,,43
9235,131,لمع,فعل,لمع,فَعَلَ,إصدار ومضات ضوئية صغيرة,MAPPED,,43
9236,131,لمعة,اسم جامد,لمع,فَعْلَة,ومضة صغيرة من الضوء,MAPPED,,43
9237,131,لمع,فعل,لمع,فَعَلَ,إصدار ضوء خافت متموج,MAPPED,,43
9238,131,لمعان,اسم جامد,لمع,فَعَلَان,ضوء خافت متموج,MAPPED,,43
9241,131,ألمع,اسم جامد,لمع,أَفْعَل,إضاءة خافتة أو قصيرة,MAPPED,,43
9242,131,رفرف,فعل,رفف,فَعْفَعَ,إصدار ضوء متقطع,MAPPED,,43
9243,131,رفرفة,اسم جامد,رفف,فَعْفَعَة,إصدار ضوء متقطع من المصدر,MAPPED,,43
9245,131,لمع,فعل,لمع,فَعَلَ,إضاءة ساطعة مختصرة أو متقطعة,MAPPED,,43
9246,131,لمعة,اسم جامد,لمع,فَعْلَة,انفجار مفاجئ من الضوء,MAPPED,,43
9247,131,اشتعل,فعل,شعل,اِفْتَعَلَ,إضاءة ساطعة مفاجئة,MAPPED,,43
9248,131,اشتعل,فعل,شعل,اِفْتَعَلَ,إصدار ضوء كالنار,MAPPED,,43
9249,131,توهج,اسم جامد,وهج,تَفَعُّل,الومضة أو البريق,MAPPED,,43
9250,131,توهج,فعل,وهج,تَفَعَّلَ,إصدار ومضات وبريق,MAPPED,,43
4409,133,انفجر,فعل,فجر,اِنْفَعَلَ,بدء حدث غير مرغوب فجأة,MAPPED,,43
4410,133,بداية,اسم جامد,بدء,فِعَالَة,بدء شيء ما,MAPPED,,43
4411,133,ناشئ,صفة,نشا,فَاعِل,الشيء الذي في مراحله الأولية,MAPPED,,43
4412,133,بدء,اسم جامد,بدء,فَعْل,بدء حدث غير سار,MAPPED,,43
4413,133,ناشئ,صفة,نشا,فَاعِل,الشيء الجديد القادم للوجود,MAPPED,,43
2672,135,تَذَكَّرَ,فعل,ذكر,تَفَعَّلَ,استعادة معلومة من الذاكرة إلى الوعي,MAPPED,,44
2673,135,تَذَكُّر,مصدر,ذكر,تَفَعُّل,فعل أو قدرة استعادة المضمون من الذاكرة,MAPPED,,44
7829,135,تَذَكَّرَ,فعل,ذكر,تَفَعَّلَ,استحضار المضمون الذهني بعد نسيان,MAPPED,,44
5957,343,سَافَرَ,فعل,سفر,فَعَلَ,انتقال المسافر من موقع إلى آخر,MAPPED,,44
5958,343,سَفَر,اسم جامد,سفر,فَعَل,رحلات التنقل خاصة البعيدة,MAPPED,,44
5959,343,رِحْلَة بَحْرِيَّة,تركيب,,,ركوب البحر أو الفضاء لمسافات طويلة,MAPPED,,44
5960,343,أَبْحَرَ,فعل,برح,أَفْعَلَ,الذهاب في رحلة بحرية,MAPPED,,44
5961,343,سَافَرَ,فعل,سفر,فَعَلَ,التنقل من مكان إلى آخر,MAPPED,,44
5962,343,رِحْلَة,اسم جامد,رحل,فِعْلَة,الانتقال من موقع إلى موقع آخر,MAPPED,,44
5963,343,رِحْلَة قَصِيرَة,تركيب,,,التنقل لغرض الترفيه لمسافات قريبة,MAPPED,,44
5964,343,رِحْلَة طَوِيلَة,تركيب,,,مسار طويل ومحفوف بالأحداث,MAPPED,,44
5965,343,حِمْلَة,اسم جامد,حمل,فِعْلَة,رحلة منظمة لهدف معين,MAPPED,,44
5966,343,تَنَقَّلَ,فعل,نقل,تَفَعَّلَ,السفر بانتظام بين السكن والعمل,MAPPED,,44
6059,343,ترحّل,مصدر,رحل,تَفَعُّل,الانتقال من مكان إلى آخر بصورة متكررة,MAPPED,,44
6060,343,حِجّ,اسم جامد,حجج,فِعّ,رحلة دينية للعبادة والنسك,MAPPED,,44
6061,343,جَالَ,فعل,جول,فَعَلَ,الذهاب لعدة أماكن للترفيه,MAPPED,,44
6062,343,جَوْلَة,اسم جامد,جول,فَعْلَة,رحلة للترفيه بزيارة أماكن متعددة,MAPPED,,44
6063,343,مَغَامَرَة,اسم جامد,غمر,مَفْعَلَة,حملة لمراقبة الحيوانات في موطنها,MAPPED,,44
6064,343,رِحْلَة,اسم جامد,رحل,فِعْلَة,التنقل بقصد الترفيه خاصة قصيرة,MAPPED,,44
7527,343,نُزْهَة,اسم جامد,نزه,فُعْلَة,رحلة فخمة للترفيه على حساب الدولة,MAPPED,,44
13976,343,,,,,,NO_ARABIC_EQUIVALENT,term not in standard Arabic lexicon,44
15204,343,إجَازَة,اسم جامد,جوز,فِعَالَة,عطلة لقضاء الوقت بسرور,MAPPED,,44
15212,343,نُزْهَة قَصِيرَة,تركيب,,,رحلة قصيرة للترفيه والاستمتاع,MAPPED,,44
5971,344,عَصَرَ,فعل,عصر,فَعَلَ,ضغط الشيء ليصبح كتلة صغيرة,MAPPED,,44
5973,344,سَطَّحَ,فعل,سطح,فَعَّلَ,جعل الشيء مسطحاً,MAPPED,,44
5974,344,جَعَّدَ,فعل,جعد,فَعَّلَ,تكسير الشيء وتجعيده بالضغط,MAPPED,,44
5975,344,سَحَقَ,فعل,سحق,فَعَلَ,ضغط الشيء حتى يتشوه,MAPPED,,44
5976,344,حَفَرَ,فعل,حفر,فَعَلَ,تكوين تجويف بالضغط على السطح,MAPPED,,44
5997,344,سَحَقَ,فعل,سحق,فَعَلَ,ضغط الشيء حتى يصير مسطحاً,MAPPED,,44
5998,344,سَحَقَ,فعل,سحق,فَعَلَ,تشويه الشيء بالضغط أو التجعيد,MAPPED,,44
6090,344,عَوَّجَ,فعل,عوج,فَعَّلَ,جعل الشيء منحني من الحرارة أو الرطوبة,MAPPED,,44
6114,344,سَحَنَ,فعل,سحن,فَعَلَ,تسطيح سطح الشيء بآلة محمولة,MAPPED,,44
6170,344,طَوَّى,فعل,طوي,فَعَّلَ,ثني الشيء على نفسه بحيث يغطيه,MAPPED,,44
7612,344,شَكَّلَ,فعل,شكل,فَعَّلَ,إعطاء الشيء صيغة معينة,MAPPED,,44
7613,344,صَوَّرَ,فعل,صور,فَعَّلَ,تشكيل الشيء على صورة معينة,MAPPED,,44
7614,344,صَاغَ,فعل,صيغ,فَاعَلَ,تشكيل الشيء المرن باليد أو بقالب,MAPPED,,44
7615,344,تَشْوِيه,مصدر,شوه,تَفْعِيل,تغيير الشكل الأصلي للشيء,MAPPED,,44
7616,344,ثَنَى,فعل,ثني,فَعَلَ,تطبيق قوة تجعل الشيء منحنياً,MAPPED,,44
15084,344,نَعَّمَ,فعل,نعم,فَعَّلَ,تسوية سطح الشيء بآلة,MAPPED,,44
15344,344,لَفَّ,فعل,لفف,فَعَّلَ,تكوين ملف أو شكل منحني,MAPPED,,44
6015,345,قَطَرَ,فعل,قطر,فَعَلَ,سقوط السائل نقطة تلو الأخرى,MAPPED,,44
6016,345,جَرَى,فعل,جري,فَعَلَ,تحرك السائل بانسيابية وتوالي,MAPPED,,44
6017,345,فَارَ,فعل,فور,فَاعَ,ارتفاع فقاعات هواء من السائل,MAPPED,,44
6018,345,تَسَرَّبَ,فعل,سرب,تَفَعَّلَ,تدفق السائل بكمية صغيرة,MAPPED,,44
6019,345,انْدَفَعَ,فعل,دفع,انْفَعَلَ,اندفاع السائل بسرعة وكثرة,MAPPED,,44
6020,345,تَدَفَّقَ,فعل,دفق,تَفَعَّلَ,تدفق السائل بسرعة نحو الأسفل,MAPPED,,44
6021,345,قَطَرَ,فعل,قطر,فَعَلَ,تساقط السائل قطرة فقطرة,MAPPED,,44
6022,345,رَشَّ,فعل,رشش,فَعَّلَ,تناثر السائل فوق السطح,MAPPED,,44
6023,345,انْفَجَرَ,فعل,فجر,انْفَعَلَ,خروج السائل بقوة وكثرة,MAPPED,,44
6024,345,رَشَحَ,فعل,رشح,فَعَلَ,تسرب السائل ببطء عبر مسام,MAPPED,,44
6025,345,رَشَحَ,فعل,رشح,فَعَلَ,تسرب السائل ببطء من الأسفل,MAPPED,,44
6026,345,تَسَرَّبَ,فعل,سرب,تَفَعَّلَ,تنقية السائل عبر مادة مسامية,MAPPED,,44
6027,345,تَسَرَّبَ,فعل,سرب,تَفَعَّلَ,خروج السائل أو الغاز عبر فتحة,MAPPED,,44
6028,345,انْدَفَعَ,فعل,دفع,انْفَعَلَ,خروج السائل بقوة في تيار,MAPPED,,44
6029,345,تَشَرَّبَ,فعل,شرب,تَفَعَّلَ,تسرب السائل عبر المادة,MAPPED,,44
6030,345,جَرَى,فعل,جري,فَعَلَ,تدفق السائل,MAPPED,,44
6030,345,سَالَ,فعل,سيل,فَاعَ,تحرك السائل بسهولة,MAPPED,variant,44
6031,345,رَشَّ,فعل,رشش,فَعَّلَ,خروج السائل بسرعة من حاوية ضيقة,MAPPED,,44
6032,345,انْدَفَعَ,فعل,دفع,انْفَعَلَ,اندفاع السائل بقوة فجأة,MAPPED,,44
6033,345,انْدَفَعَ,فعل,دفع,انْفَعَلَ,خروج السائل بقوة من الفتحة,MAPPED,,44
6151,345,انْدَفَعَ,فعل,دفع,انْفَعَلَ,تدفق الهواء أو السائل بقوة,MAPPED,,44
6152,345,جَرَى,فعل,جري,فَعَلَ,تحرك السائل بانسيابية مستمرة,MAPPED,,44
6153,345,خَرِرَ,فعل,خرر,فَعِلَ,جريان السائل بحركة حلزونية مع صوت,MAPPED,,44
6155,345,انْسَكَبَ,فعل,سكب,انْفَعَلَ,تدفق السائل فوق حافة الإناء,MAPPED,,44
6159,345,سَالَ,فعل,سيل,فَاعَ,تدفق السائل بتوالي مستمر,MAPPED,,44
9506,345,انْدَفَعَ,فعل,دفع,انْفَعَلَ,حركة الهواء محدثة صوتاً حاداً,MAPPED,,44
17522,345,تَحَرَّكَ,فعل,حرك,تَفَعَّلَ,حركة الشيء قفزات سريعة كالمضخة,MAPPED,,44
17523,345,تَنَاثَرَ,فعل,نثر,تَفَاعَلَ,تناثر السائل في قطرات,MAPPED,,44
17524,345,رَذَاذ,اسم جامد,رذذ,فَعَال,انتشار السائل في الهواء بشكل منفرق,MAPPED,,44
6043,346,فَاسِد,صفة مشبهة,فسد,فَاعِل,نخر الجسم الحي من التحلل,MAPPED,,44
6045,346,عَفِن,صفة مشبهة,عفن,فَعِل,رائحة الطعام الدهني من البلى,MAPPED,,44
6046,346,فَاسِد,صفة مشبهة,فسد,فَاعِل,جسم حي يعاني التحلل,MAPPED,,44
6048,346,عَفِن,صفة مشبهة,عفن,فَعِل,جسم عضوي يعاني من النخر الطبيعي,MAPPED,,44
6190,346,مُتَعَفِّن,اسم مفعول,عفن,مُتَفَعِّل,مغطى بالفطريات الدقيقة,MAPPED,,44
6191,346,عَفِن,صفة مشبهة,عفن,فَعِل,متحلل ومنبعث رائحة كريهة,MAPPED,,44
6056,347,انْتَقَمَ,فعل,نقم,انْفَعَلَ,إنزال الأذى جزاء ظلم سابق,MAPPED,,44
6057,347,مُنْتَقِم,اسم فاعل,نقم,مُفْتَعِل,شخص يأخذ ثأره,MAPPED,,44
6058,347,ثَأْر,اسم جامد,ثور,فَأْل,العقوبة للانتقام من الظلم,MAPPED,,44
6065,347,انْتَقَمَ,فعل,نقم,انْفَعَلَ,الهجوم ردّاً على هجوم مماثل,MAPPED,,44
6066,347,انْتَقَمَ,فعل,نقم,انْفَعَلَ,إنزال العقوبة على ظلم تجاهه,MAPPED,,44
6067,347,ثَأْر,اسم جامد,ثور,فَأْل,العقوبة الردية على الظلم,MAPPED,,44
6068,347,انْتِقَامِي,اسم منسوب,نقم,افْتِعَالِي,رغبة في إيذاء الآخر انتقاماً,MAPPED,,44
6069,347,حَاقِد,صفة مشبهة,حقد,فَاعِل,رغبة قوية غير معقولة بالانتقام,MAPPED,,44
6070,347,انْتِقَام,مصدر,نقم,افْتِعَال,العقوبة بروح من الغضب الأخلاقي,MAPPED,,44
6071,347,رد,اسم جامد,ردد,فَعّ,الهجوم ردّاً على هجوم مماثل,MAPPED,,44
6072,347,مُنْتَقِم,اسم فاعل,نقم,مُفْتَعِل,من يسعى للانتقام,MAPPED,,44
6073,347,منتقم,صفة مشبهة,نقم,مُفْتَعِل,يرغب في الانتقام بقوة,MAPPED,,44
6074,347,انتقامي,اسم منسوب,نقم,افْتِعَالِي,متعلق بالعقوبة الانتقامية,MAPPED,,44
6075,347,انتقام,مصدر,نقم,افْتِعَال,تغريم الدولة دولة أخرى,MAPPED,,44
6076,347,تَأْدِيبِي,اسم منسوب,أدب,تَأْفِيلِي,متعلق بالعقوبة الرادعة,MAPPED,,44
6076,347,عُقُوبِي,اسم منسوب,عقب,فُعُولِي,متعلق بالعقوبة الردية,MAPPED,variant,44
10003,347,اِنْتَقَمَ,فعل,نقم,افْتَعَلَ,إيقاع الأذى مماثل ردّاً,MAPPED,,44
10124,347,ثَأْر,اسم جامد,ثور,فَأْل,فعل الانتقام والثأر,MAPPED,,44
10676,347,عُقُوبَة,اسم جامد,عقب,فُعُولَة,تدابير دول لإرغام أخرى على الامتثال,MAPPED,,44
6104,348,صَدِئَ,فعل,صدا,فَعِلَ,إصابة المعدن بالصدأ,MAPPED,,44
6105,348,تَآكَلَ,فعل,آكل,تَفَاعَلَ,تدمير المعدن بفعل كيميائي,MAPPED,,44
17521,348,تَأَكْسَدَ,فعل,أكسد,تَفَعْلَ,اتحاد المادة بالأكسجين ناتجاً عن التآكل,MAPPED,,44
6095,349,تَحَيُّز,مصدر,حيز,تَفَعُّل,الميل الشخصي نحو جانب معين,MAPPED,,44
6096,349,مُنْحَاز,اسم مفعول,حيز,مُفْتَعِل,يفضل جانباً على آخر في نزاع,MAPPED,,44
6097,349,عَادِل,صفة مشبهة,عدل,فَاعِل,يعامل الأطراف بالتساوي,MAPPED,,44
6098,349,تَحَيُّز,مصدر,حيز,تَفَعُّل,الانحياز لجانب في نزاع,MAPPED,,44
6099,349,عِدْل,اسم جامد,عدل,فِعْل,عدم الانحياز في نزاع,MAPPED,,44
6100,349,حِيَادِي,اسم منسوب,حيد,فِعَالِي,لا ينحاز لأي جانب,MAPPED,,44
6101,349,حِيَاد,اسم جامد,حيد,فِعَال,عدم الانحياز بين جانبين,MAPPED,,44
6102,349,فَضَّلَ,فعل,فضل,فَعَّلَ,يعامل جانباً بتفضيل,MAPPED,,44
6103,349,فَضَّلَ,فعل,فضل,فَعَّلَ,الاختيار بين خيارات,MAPPED,,44
11254,349,حَاكَ,فعل,حيك,فَاعَ,التأثير على التقييم بانحياز,MAPPED,,44
11255,349,مُتَحَيِّز,اسم مفعول,حيز,مُتَفَعِّل,لديه ميل معين,MAPPED,,44
13304,349,مُتَحَيِّز,اسم مفعول,حيز,مُتَفَعِّل,لديه تحيز سابق,MAPPED,,44
13305,349,تَحَيُّز,مصدر,حيز,تَفَعُّل,رأي معمول بدون خبرة,MAPPED,,44
13306,349,حَكَمَ,فعل,حكم,فَعَلَ,إصدار حكم سريع بدون كفاية,MAPPED,,44
6106,350,آكَلَ,فعل,آكل,فَاعَلَ,تدمير معدن بفعل كيميائي,MAPPED,,44
6107,350,أَكْسَدَ,فعل,أكسد,أَفْعَلَ,تفاعل مادة مع الأكسجين,MAPPED,,44
6108,350,أَسْوَدَّ,فعل,سود,أَفْعَلَّ,فقدان البريق بسبب الرطوبة,MAPPED,,44
17584,350,صَدِّأَ,فعل,صدا,فَعَّلَ,تكوين طبقة صدأ على المعدن,MAPPED,,44
6109,351,تَقَشَّرَ,فعل,قشر,تَفَعَّلَ,الانقسام إلى قطع رقيقة,MAPPED,,44
6110,351,مَسَّ,فعل,مسس,فَعَّلَ,تحويل شيء إلى جزيئات دقيقة,MAPPED,,44
6111,351,طَحَنَ,فعل,طحن,فَعَلَ,تحويل إلى حبيبات بالضغط,MAPPED,,44
6112,351,تَفَتَّتَ,فعل,فتت,تَفَعَّلَ,تحطم الشيء إلى قطع,MAPPED,,44
6113,351,سَحَقَ,فعل,سحق,فَعَلَ,تحويل بالضغط القوي,MAPPED,,44
6182,351,طَحَنَ,فعل,طحن,فَعَلَ,تحويل الحبوب إلى دقيق بآلة,MAPPED,,44
6184,351,بَشَرَ,فعل,بشر,فَعَلَ,تقطيع الطعام إلى شرائح دقيقة,MAPPED,,44
6185,351,مَزَّقَ,فعل,مزق,فَعَّلَ,تمزيق إلى شرائح,MAPPED,,44
6186,351,قَرْقَرَ,فعل,قرقر,فَعْفَعَ,كسر الطعام الصلب بالأسنان,MAPPED,,44
6187,351,مَضَغَ,فعل,مضغ,فَعَلَ,عض ومضغ الطعام في الفم,MAPPED,,44
6188,351,مَضَغَ,فعل,مضغ,فَعَلَ,عملية المضغ في الفم,MAPPED,,44
8022,351,مَضْغ,مصدر,مضغ,فَعْل,عملية مضغ الطعام,MAPPED,,44
18460,351,هَرَسَ,فعل,هرس,فَعَلَ,تحويل إلى كتلة ناعمة,MAPPED,,44
18461,351,سَحَقَ,فعل,سحق,فَعَلَ,تحويل إلى لب أو عجينة,MAPPED,,44
6269,352,انْتَقَى,فعل,نقي,افْتَعَلَ,الاختيار الدقيق من البدائل,MAPPED,,44
6270,352,اِخْتَارَ,فعل,خير,افْتَعَلَ,اختيار من عدة خيارات,MAPPED,,44
6271,352,اِخْتَارَ,فعل,خير,افْتَعَلَ,الاختيار من عدة احتمالات,MAPPED,,44
6274,352,تَوَاضَعَ,فعل,وضع,تَفَاعَلَ,الاتفاق على قرار,MAPPED,,44
6274,352,اِتَّفَقَ,فعل,فقق,افْتَعَلَ,الوصول إلى اتفاق,MAPPED,variant,44
6276,352,انْتَخَبَ,فعل,نخب,افْتَعَلَ,الاختيار للقيام بعمل,MAPPED,,44
6277,352,اِخْتِيَار,مصدر,خير,افْتِعَال,الشيء المختار,MAPPED,,44
6279,352,انْتِقَاء,مصدر,نقي,افْتِعَال,عملية أو نتيجة الاختيار,MAPPED,,44
12780,352,اِخْتَارَ,فعل,خير,افْتَعَلَ,اتخاذ قرار من بين خيارات,MAPPED,,44
14593,352,انْتِقَاء,مصدر,نقي,افْتِعَال,الخيار المختار,MAPPED,,44
6115,353,قَارَنَ,فعل,قرن,فَاعَلَ,المماثلة أو الموازاة,MAPPED,,44
6116,353,نَاسَبَ,فعل,نسب,فَاعَلَ,الوفاء بالمستوى المطلوب,MAPPED,,44
6117,353,سَاوَى,فعل,ساي,فَاعَ,المساواة في القوة أو الجودة,MAPPED,,44
6118,353,نِدّ,اسم جامد,ندد,فِعّ,شخص قادر على المعادلة,MAPPED,,44
6119,353,سَاوَى,فعل,ساي,فَاعَ,المماثلة في القدر,MAPPED,,44
6121,353,سَاوَى,فعل,ساي,فَاعَ,المساواة في القيمة,MAPPED,,44
6148,353,مُتَسَاوٍ,اسم مفعول,ساي,مُتَفَاعِل,بنفس الجودة,MAPPED,,44
11170,353,تَوَازَى,فعل,وزي,تَفَاعَلَ,المقارنة بين الأشياء,MAPPED,,44
9974,910,تَحَاوَرَ,فعل,حور,تَفَاعَلَ,إجراء محادثة بين عدة أشخاص,MAPPED,,44
