ar_lu_id,lemma_ar,pos_ar,frame_id,en_lu_ids,definition_ar,root,wazn,evidence_primary,evidence_frame_level,metaphor_flag,owner_choice,status,wazn_note,note,flags
AR03949,سَبَّبَ,فعل,5,2;12013;15233,أَحْدَثَ السَّبَب تأثيراً,سبب,فَعَّلَ,,,,,CANDIDATE,,L2_017 haiku b01,
AR03950,سَبَب,اسم جامد,5,3;10844,ما يُحدِث أثراً أو تغييراً,سبب,فَعَلٌ,,,,,CANDIDATE,,L2_017 haiku b01,AL_STRIPPED
AR03951,صَنَعَ,فعل,5,4,أَحْدَثَ شيئاً بقصد,صنع,فَعَلَ,,,,,CANDIDATE,,L2_017 haiku b01,
AR03952,فَعَلَ,فعل,5,4,أَتَى بفعل ما,فعل,فَعَلَ,,,,,CANDIDATE,,L2_017 haiku b01,
AR03953,قَادَ,فعل,5,8591,أَدَّى إلى حدوث أمر ما,قود,فَعَلَ,,,,,CANDIDATE,,L2_017 haiku b01,
AR03954,أَرْسَلَ,فعل,5,10916,جَعَلَ شيئاً في حالة معيّنة,رسل,أَفْعَلَ,,,,,CANDIDATE,,L2_017 haiku b01,
AR03955,أَحْدَثَ,فعل,5,11493;12015,جَعَلَ شيئاً يحدُث,حدث,أَفْعَلَ,,,,,CANDIDATE,,L2_017 haiku b01,
AR03956,أَسْرَعَ,فعل,5,11495,جَعَلَ حدثاً يقع فجأة,سرع,أَفْعَلَ,,,,,CANDIDATE,,L2_017 haiku b01,
AR03957,مُسَبِّب,صفة مشبهة,5,11716,ما يَكون سبباً,سبب,مُفَعِّلٌ,,,,,CANDIDATE,,L2_017 haiku b01,
AR03958,جَعَلَ,فعل,5,11720,صَيَّرَ شيئاً بحالة ما,جعل,فَعَلَ,,,,,CANDIDATE,,L2_017 haiku b01,
AR03959,أَتَى,فعل,5,12012,جَعَلَ في حالة معيّنة,ءتي,أَفْعَلَ,,,,,CANDIDATE,,L2_017 haiku b01,ROOT_NORMALIZED
AR03960,حَفَّزَ,فعل,5,12014;18486,حَمَلَ على فعل ما,حفز,فَعَّلَ,,,,,CANDIDATE,,L2_017 haiku b01,
AR03961,وَضَعَ,فعل,5,13387,جَعَلَ في حالة معيّنة,وضع,فَعَلَ,,,,,CANDIDATE,,L2_017 haiku b01,
AR03962,لِأَنَّ,حرف,5,13417;13419;14984,حَرْفُ تعليل يُفيدُ السَّبَب,,,,,,,CANDIDATE,,L2_017 haiku b01,
AR03963,بِسَبَب,تركيب,5,13420;16910,حَرْفُ جَرٍّ يُفيدُ التَّعليل,,,,,,,CANDIDATE,,L2_017 haiku b01,
AR03964,رَفَعَ,فعل,5,14030,جَعَلَ مسموعاً أو ملحوظاً,رفع,فَعَلَ,,,,,CANDIDATE,,L2_017 haiku b01,
AR03965,أَسْفَرَ,فعل,5,14329,أَدَّى إلى نتيجة معيّنة,سفر,أَفْعَلَ,,,,,CANDIDATE,,L2_017 haiku b01,
AR03966,عَنَى,فعل,5,14369,كَانَ له تأثير أو نتيجة,عني,فَعَلَ,,,,,CANDIDATE,,L2_017 haiku b01,
AR03967,نَتيجَة,اسم جامد,5,14552;17002,ما يترتّب على حدث ما,نتج,فِعْلَةٌ,,,,,CANDIDATE,,L2_017 haiku b01,AL_STRIPPED
AR03968,تَرَكَ,فعل,5,14847,جَعَلَ بحالة معيّنة,ترك,فَعَلَ,,,,,CANDIDATE,,L2_017 haiku b01,
AR03969,أَدَّى,فعل,5,15046,لِأَجل وُجود سَبَب,ءدي,أَفْعَلَ,,,,,CANDIDATE,,L2_017 haiku b01,ROOT_NORMALIZED
AR03970,أَجْبَرَ,فعل,5,15112,حَمَلَ على فعل بالقَهْر,جبر,أَفْعَلَ,,,,,CANDIDATE,,L2_017 haiku b01,
AR03971,حَتَّى,حرف,5,15329,حَرْفٌ يُفيدُ التَّسَبُّب والتّأثير,,,,,,,CANDIDATE,,L2_017 haiku b01,
AR03972,مَسْؤول,اسم فاعل,5,16940,مَن يتحمّل المَسْؤولية,سءل,,,,,,CANDIDATE,مَفْعول,L2_017 haiku b01,WAZN_NOT_IN_INV
AR03973,نَاتِج,اسم فاعل,5,17003;17004;17005;17006,ما حَصَلَ نتيجة حدث,نتج,فَاعِلٌ,,,,,CANDIDATE,,L2_017 haiku b01,AL_STRIPPED
AR03974,يَملي,فعل,5,17071,يَتَحَكَّمُ في أمر ما,ملي,,,,,,CANDIDATE,يَفْعَل,L2_017 haiku b01,WAZN_NOT_IN_INV
AR03975,أَثَّرَ,فعل,5,18487,غَيَّرَ الرَّأي أو الفِعْل,ءثر,أَفْعَلَ,,,,,CANDIDATE,,L2_017 haiku b01,ROOT_NORMALIZED
AR03976,إِرْث,اسم جامد,5,18706,ما يَبْقَى كنتيجة استعارة,ورث,فِعْلٌ,,,,,CANDIDATE,,L2_017 haiku b01,AL_STRIPPED
AR03977,آثَار,اسم جامد,5,18706,النَّتَائِج المتبقّية,ءثر,,,,,,CANDIDATE,أَفْعَال,L2_017 haiku b01,AL_STRIPPED;ROOT_NORMALIZED;WAZN_NOT_IN_INV
AR03978,تَوَاصَلَ,فعل,6,5,نَقَلَ الرسالة لآخر,وصل,تَفَاعَلَ,,,,,CANDIDATE,,L2_017 haiku b01,
AR03979,كَلام,اسم جامد,6,4630,قُدْرَةُ النطق والتحدّث,كلم,فَعَالٍ,,,,,CANDIDATE,,L2_017 haiku b01,AL_STRIPPED
AR03980,أَشَارَ,فعل,6,10151;10152,أَظْهَرَ أو أَبَانَ عن شيء,شير,أَفْعَلَ,,,,,CANDIDATE,,L2_017 haiku b01,
AR03981,تَوَاصُل,مصدر,6,13211,فِعْلُ نقل الرسالة,وصل,تَفَاعُلٌ,,,,,CANDIDATE,,L2_017 haiku b01,AL_STRIPPED
AR03982,رسالة,اسم جامد,6,13212,ما يُنقَلُ من معلومات,رسل,فِعْلَةٌ,,,,,CANDIDATE,,L2_017 haiku b01,AL_STRIPPED;UNVOCALIZED
AR03983,اتصال,مصدر,6,13270,التواصل أو الصلة,ءتص,,,,,,CANDIDATE,افْتِعَال,L2_017 haiku b01,AL_STRIPPED;ROOT_NORMALIZED;UNVOCALIZED;WAZN_NOT_IN_INV
AR03984,كَلِمَة سِرّ,تركيب,6,13272,كلمة تحفظ السِّرّ,,,,,,,CANDIDATE,,L2_017 haiku b01,
AR03985,كَلِمَة السِّرّ,تركيب,6,13326,عبارة سريّة للدخول,,,,,,,CANDIDATE,,L2_017 haiku b01,
AR03986,نَقَلَ,فعل,6,13698,أَوْصَلَ فكرة أو شعوراً,نقل,فَعَلَ,,,,,CANDIDATE,,L2_017 haiku b01,
AR03987,قَالَ,فعل,6,15315,نَقَلَ الرسالة لسانياً,قول,فَعَلَ,,,,,CANDIDATE,,L2_017 haiku b01,
AR03988,شَارَكَ,فعل,6,17374,نَقَلَ معلومة لآخر,شرك,فَاعَلَ,,,,,CANDIDATE,,L2_017 haiku b01,
AR03989,تَحَرَّكَ,فعل,7,6,انتقل من مكان إلى آخر,حرك,تَفَعَّلَ,,,,,CANDIDATE,,L2_017 haiku b01,
AR03990,ذَهَبَ,فعل,7,4345,انتقل من مكان إلى آخر,ذهب,فَعَلَ,,,,,CANDIDATE,,L2_017 haiku b01,
AR03991,انْجَرَفَ,فعل,7,6164,حُمِلَ ببطء بتيّار,جرف,,,,,,CANDIDATE,انْفَعَلَ,L2_017 haiku b01,WAZN_NOT_IN_INV
AR03992,انْزَلَقَ,فعل,7,6166;6262;10922,تَحَرَّكَ بسلاسة وهدوء,زلق,,,,,,CANDIDATE,انْفَعَلَ,L2_017 haiku b01,WAZN_NOT_IN_INV
AR03993,هَبَّتْ,فعل,7,6168,حُمِلَتْ بالريح,هبب,فَعَّلَ,,,,,CANDIDATE,,L2_017 haiku b01,WAZN_LEMMA_MISMATCH
AR03994,طَافَ,فعل,7,6261,عَامَ فوق السائل أو الهواء,طيف,,,,,,CANDIDATE,فَاعَ,L2_017 haiku b01,WAZN_NOT_IN_INV
AR03995,تَدَحْرَجَ,فعل,7,6263,دَارَ حول محور,درج,تَفَعْلَلَ,,,,,CANDIDATE,,L2_017 haiku b01,WAZN_LEMMA_MISMATCH
AR03996,حَلَّقَ,فعل,7,6265,طَارَ عالياً,حلق,فَعَّلَ,,,,,CANDIDATE,,L2_017 haiku b01,
AR03997,طَارَ,فعل,7,6268,انطلق سريعاً في الهواء,طير,,,,,,CANDIDATE,فَاعَ,L2_017 haiku b01,WAZN_NOT_IN_INV
AR03998,انْحَرَفَ,فعل,7,12971,حَادَ عن المسار المستقيم,حرف,,,,,,CANDIDATE,انْفَعَلَ,L2_017 haiku b01,WAZN_NOT_IN_INV
AR03999,تَلَوَّى,فعل,7,12972,تَحَرَّكَ بحركة متعرجة,لوي,تَفَعَّلَ,,,,,CANDIDATE,,L2_017 haiku b01,
AR04000,اِنْعَطَفَ,فعل,7,12973,سَار بمسار متعرّج,عطف,,,,,,CANDIDATE,انْفَعَلَ,L2_017 haiku b01,WAZN_NOT_IN_INV
AR04001,تَمَوَّجَ,فعل,7,12974,تَحَرَّكَ بحركة موجية,موج,تَفَعَّلَ,,,,,CANDIDATE,,L2_017 haiku b01,
AR04002,تَعَرَّجَ,فعل,7,12975;12977,تَحَرَّكَ جنباً إلى جنب,عرج,تَفَعَّلَ,,,,,CANDIDATE,,L2_017 haiku b01,
AR04003,التَّفَّ,فعل,7,12976;12981,سَار بمسار ملتويّ,لفف,,,,,,CANDIDATE,افْتَعَلَ,L2_017 haiku b01,WAZN_LEMMA_MISMATCH;WAZN_NOT_IN_INV
AR04004,دَارَ,فعل,7,12980,تَحَرَّكَ بشكل دائري,دور,,,,,,CANDIDATE,فَاعَ,L2_017 haiku b01,WAZN_NOT_IN_INV
AR04005,تَأَرْجَحَ,فعل,7,12991,تَحَرَّكَ بسرعة بتغيير اتجاه,رجح,تَفَعْلَلَ,,,,,CANDIDATE,,L2_017 haiku b01,WAZN_LEMMA_MISMATCH
AR04006,سَافَرَ,فعل,7,15450,انتقل من مكان لآخر,سفر,فَاعَلَ,,,,,CANDIDATE,,L2_017 haiku b01,
AR04007,جَاءَ,فعل,7,17500,اقْتَرَبَ من المتكلم,جيء,,,,,,CANDIDATE,فَاعَ,L2_017 haiku b01,WAZN_NOT_IN_INV
AR04008,نُسْخَة,اسم جامد,11,8;9;11;5816,نسخة مطابقة لأصل,نسخ,فِعْلَةٌ,,,,,CANDIDATE,,L2_017 haiku b01,AL_STRIPPED
AR04009,نَسَخَ,فعل,11,10,صَنَعَ نسخة من شيء,نسخ,فَعَلَ,,,,,CANDIDATE,,L2_017 haiku b01,
AR04010,ضَاعَفَ,فعل,11,12,صَنَعَ نسخة مطابقة,ضعف,فَاعَلَ,,,,,CANDIDATE,,L2_017 haiku b01,
AR04011,الصورة الضوئية,تركيب,11,13,نسخة بطريقة ضوئية,,,,,,,CANDIDATE,,L2_017 haiku b01,UNVOCALIZED
AR04012,صَوَّرَ ضوئياً,تركيب,11,14,صَنَعَ نسخة ضوئية,,,,,,,CANDIDATE,,L2_017 haiku b01,
AR04013,كَرَّرَ,فعل,11,15;16,كَرَّرَ أو نَسَخَ مرة أخرى,كرر,فَعَّلَ,,,,,CANDIDATE,,L2_017 haiku b01,
AR04014,أَعَادَ الإِنْتَاج,تركيب,11,17,أَنْتَجَ نسخة من الأصل,,,,,,,CANDIDATE,,L2_017 haiku b01,
AR04015,مضاعفة,مصدر,11,5817,فِعْلُ صَنْعِ نسخة,ضعف,,,,,,CANDIDATE,افْتِعَال,L2_017 haiku b01,AL_STRIPPED;UNVOCALIZED;WAZN_LEMMA_MISMATCH;WAZN_NOT_IN_INV
AR04016,طَبَعَ,فعل,11,14101,أَنْتَجَ نسخة بآلة,طبع,فَعَلَ,,,,,CANDIDATE,,L2_017 haiku b01,
AR04017,اِسْتَنْسَخَ,فعل,11,17430,أَنْتَجَ نسخة مطابقة,نسخ,,,,,,CANDIDATE,اسْتَفْعَلَ,L2_017 haiku b01,WAZN_NOT_IN_INV
AR04018,زَيَّفَ,فعل,12,21,حَاكَى بقصد الخداع,زيف,فَعَّلَ,,,,,CANDIDATE,,L2_017 haiku b01,
AR04019,تَظَاهَرَ,فعل,12,25;28;13014;13020,حَاكَى شيئاً بقصد الإِيهَام,ظهر,تَفَاعَلَ,,,,,CANDIDATE,,L2_017 haiku b01,
AR04020,تَمَثَّلَ,فعل,12,4444,قَدَّمَ تمثيلاً مزيفاً,مثل,تَفَعَّلَ,,,,,CANDIDATE,,L2_017 haiku b01,
AR04021,حَاكَى,فعل,12,13021,أَظْهَرَ تشابهاً مزيفاً,حكي,فَاعَلَ,,,,,CANDIDATE,,L2_017 haiku b01,
AR04022,اِتَّحَدَ,فعل,13,38;44;12061,اجْتَمَعَ مع آخر لتكوين كل,حود,,,,,,CANDIDATE,افْتَعَلَ,L2_017 haiku b01,WAZN_NOT_IN_INV
AR04023,جَمَعَ,فعل,13,39;9289;12060;12083,أَجْمَعَ أشياء معاً,جمع,فَعَلَ,,,,,CANDIDATE,,L2_017 haiku b01,
AR04024,رَبَطَ,فعل,13,40,صَهَرَ أجزاء لتكوين واحد,ربط,فَعَلَ,,,,,CANDIDATE,,L2_017 haiku b01,
AR04025,وَصَلَ,فعل,13,41,رَبَطَ شيئين معاً,وصل,فَعَلَ,,,,,CANDIDATE,,L2_017 haiku b01,
AR04026,امْتَزَجَ,فعل,13,42;4832;4834;4835,أَدْمَجَ أشياء في واحد,مزج,,,,,,CANDIDATE,افْتَعَلَ,L2_017 haiku b01,WAZN_NOT_IN_INV
AR04027,وَحَّدَ,فعل,13,43,جَعَلَ متحدة أو متساوية,وحد,فَعَّلَ,,,,,CANDIDATE,,L2_017 haiku b01,
AR04028,خَلَطَ,فعل,13,4833;5308;12062;12080;12081,خَلَطَ شيئاً بآخر,خلط,فَعَلَ,,,,,CANDIDATE,,L2_017 haiku b01,
AR04029,دَمَجَ,فعل,13,12063;16438,جَمَعَ في واحد,دمج,فَعَلَ,,,,,CANDIDATE,,L2_017 haiku b01,
AR04030,دَعَّمَ,فعل,13,12064,جَعَلَ أقوى بالاجتماع,دعم,فَعَّلَ,,,,,CANDIDATE,,L2_017 haiku b01,
AR04031,ذَابَ,فعل,13,12065,ذَوَّبَ معادن معاً,ذوب,,,,,,CANDIDATE,فَاعَ,L2_017 haiku b01,WAZN_NOT_IN_INV
AR04032,زَوَّجَ,فعل,13,12082,جَمَعَ شيئين في زوج,زوج,فَعَّلَ,,,,,CANDIDATE,,L2_017 haiku b01,
AR04033,اندماج,مصدر,13,17098,فِعْلُ دَمْجِ كائنين,دمج,,,,,,CANDIDATE,افْتِعَال,L2_017 haiku b01,AL_STRIPPED;UNVOCALIZED;WAZN_LEMMA_MISMATCH;WAZN_NOT_IN_INV
AR04034,تَوليفة,مصدر,13,17099,نتيجة الجمع أو الدمج,وليف,,,,,,CANDIDATE,افْتِعَال,L2_017 haiku b01,AL_STRIPPED;WAZN_NOT_IN_INV
AR04035,قَسَّمَ,فعل,15,56;57;59;60;61,قَطَعَ إلى نصفين,قسم,فَعَّلَ,,,,,CANDIDATE,,L2_017 haiku b01,
AR04036,فَصَلَ,فعل,15,58;63,انفصل أو افترق,فصل,فَعَلَ,,,,,CANDIDATE,,L2_017 haiku b01,
AR04037,عَزَلَ,فعل,15,62,فَصَلَ عن الآخرين,عزل,فَعَلَ,,,,,CANDIDATE,,L2_017 haiku b01,
AR04038,انْقَسَمَ,فعل,15,64,قَسَّمَ إلى أجزاء,قسم,,,,,,CANDIDATE,انْفَعَلَ,L2_017 haiku b01,WAZN_NOT_IN_INV
AR04039,قِسْمَة,مصدر,15,13640,فِعْلُ التَّقْسِيم,قسم,فِعْلَةٌ,,,,,CANDIDATE,,L2_017 haiku b01,AL_STRIPPED
AR04040,قَطَعَ,فعل,15,15617,فَصَلَ بالقطع,قطع,فَعَلَ,,,,,CANDIDATE,,L2_017 haiku b01,
AR04041,قَبَضَ,فعل,17,109;111;113;114;9197,أَمْسَكَ بقوة باليد,قبض,فَعَلَ,,,,,CANDIDATE,,L2_017 haiku b01,
AR04042,خَدَشَ,فعل,17,110;120,حَاوَلَ تحريك بالمخالب,خدش,فَعَلَ,,,,,CANDIDATE,,L2_017 haiku b01,
AR04043,لَمَسَ,فعل,17,112;4882;11003,لَمَسَ بالأصابع,لمس,فَعَلَ,,,,,CANDIDATE,,L2_017 haiku b01,
AR04044,أَمْسَكَ,فعل,17,115;124;15043;15647,أَحْكَمَ الإِمْسَاك,ءمسك,أَفْعَلَ,,,,,CANDIDATE,,L2_017 haiku b01,ROOT_NORMALIZED
AR04045,عَجَنَ,فعل,17,116,عَامَلَ باليد,عجن,فَعَلَ,,,,,CANDIDATE,,L2_017 haiku b01,
AR04046,دَلَّكَ,فعل,17,117,فَرَكَ للتخفيف,دلك,فَعَّلَ,,,,,CANDIDATE,,L2_017 haiku b01,
AR04047,نَشَرَ,فعل,17,118,قَرَصَ أو عَصَرَ,نشر,فَعَلَ,,,,,CANDIDATE,,L2_017 haiku b01,
AR04048,دَفَعَ,فعل,17,119;123,لَكَمَ بلطف,دفع,فَعَلَ,,,,,CANDIDATE,,L2_017 haiku b01,
AR04049,قَرَصَ,فعل,17,121,عَصَرَ باليد,قرص,فَعَلَ,,,,,CANDIDATE,,L2_017 haiku b01,
AR04050,جَذَبَ,فعل,17,122;126;129,شَدَّ نحو الذات,جذب,فَعَلَ,,,,,CANDIDATE,,L2_017 haiku b01,
AR04051,عَصَرَ,فعل,17,125;128,ضَغَطَ من جميع الجوانب,عصر,فَعَلَ,,,,,CANDIDATE,,L2_017 haiku b01,
AR04052,لَفَّ,فعل,17,127,فَتَلَ بحركة صغيرة,لفف,فَعَّلَ,,,,,CANDIDATE,,L2_017 haiku b01,WAZN_LEMMA_MISMATCH
AR04053,عَبِثَ,فعل,17,4881;12787,تَحَرَّكَ باليد بشكل عشوائي,عبث,فَعِلَ,,,,,CANDIDATE,,L2_017 haiku b01,
AR04054,ضربة,اسم جامد,17,8189,حركة اليد برفق,ضرب,فَعْلَةٌ,,,,,CANDIDATE,,L2_017 haiku b01,AL_STRIPPED;UNVOCALIZED
AR04055,فَرَكَ,فعل,17,8190,طَبَّقَ ضغطاً متكرراً,فرك,فَعَلَ,,,,,CANDIDATE,,L2_017 haiku b01,
AR04056,سَحْبَة,مصدر,17,10910,فِعْلُ شَدِّ شيء,سحب,فَعْلَةٌ,,,,,CANDIDATE,,L2_017 haiku b01,AL_STRIPPED
AR04057,لَحِسَ,فعل,17,11002,مَرَّ اللِّسَان عليه,لحس,فَعِلَ,,,,,CANDIDATE,,L2_017 haiku b01,
AR04058,قَبَّلَ,فعل,17,11004,لَمَسَ بالشفاه,قبل,فَعَّلَ,,,,,CANDIDATE,,L2_017 haiku b01,
AR04059,لَاطَفَ,فعل,17,11005,لَمَسَ برفق وحب,لطف,فَاعَلَ,,,,,CANDIDATE,,L2_017 haiku b01,
AR04060,المُلاطفة,مصدر,17,11006,لَمْسَة حانية,لطف,,,,,,CANDIDATE,افْتِعَال,L2_017 haiku b01,WAZN_LEMMA_MISMATCH;WAZN_NOT_IN_INV
AR04061,مَسَحَ,فعل,17,11010,مَرَّ اليد برفق,مسح,فَعَلَ,,,,,CANDIDATE,,L2_017 haiku b01,
AR04062,دَغْدَغَ,فعل,17,15086,لَمَسَ بطريقة تُضحك,دغدغ,فَعْلَلَ,,,,,CANDIDATE,,L2_017 haiku b01,
AR04063,قُبْلَة,اسم جامد,17,17684,لَمْسَة بالشفاه,قبل,فِعْلَةٌ,,,,,CANDIDATE,,L2_017 haiku b01,AL_STRIPPED
AR04064,طَعَنَ,فعل,17,18202,لَمَسَ بقوة بشيء رفيع,طعن,فَعَلَ,,,,,CANDIDATE,,L2_017 haiku b01,
AR04065,انْحَنَى,فعل,18,130;132;135;138;142,تَوَضَّعَ في وضع منحني,حني,,,,,,CANDIDATE,انْفَعَلَ,L2_017 haiku b01,WAZN_NOT_IN_INV
AR04066,قَفَزَ,فعل,18,131,انْخَفَضَ بثني الركبتين,قفز,فَعَلَ,,,,,CANDIDATE,,L2_017 haiku b01,
AR04067,التَّفَّ,فعل,18,133,حَنَى الجسد في مساحة صغيرة,لفف,,,,,,CANDIDATE,افْتَعَلَ,L2_017 haiku b01,WAZN_LEMMA_MISMATCH;WAZN_NOT_IN_INV
AR04068,سَجَدَ,فعل,18,134,وضع الركبة على الأرض,سجد,فَعَلَ,,,,,CANDIDATE,,L2_017 haiku b01,
AR04069,اسْتَلْقَى,فعل,18,136,اسْتَرْخَى بشكل أفقي,لقي,,,,,,CANDIDATE,افْتَعَلَ,L2_017 haiku b01,WAZN_NOT_IN_INV
AR04070,جَلَسَ,فعل,18,137,اتَّخَذَ وضع الجلوس,جلس,فَعَلَ,,,,,CANDIDATE,,L2_017 haiku b01,
AR04071,تَمَدَّدَ,فعل,18,139,مَدَّ الأطراف عشوائياً,مدد,تَفَعَّلَ,,,,,CANDIDATE,,L2_017 haiku b01,
AR04072,اِسْتَقْعَدَ,فعل,18,140,جَلَسَ منخفضاً,قعد,,,,,,CANDIDATE,افْتَعَلَ,L2_017 haiku b01,WAZN_LEMMA_MISMATCH;WAZN_NOT_IN_INV
AR04073,وَقَفَ,فعل,18,141,اتَّخَذَ وضع الوقوف,وقف,فَعَلَ,,,,,CANDIDATE,,L2_017 haiku b01,
AR04074,مُنْحَنٍ,اسم فاعل,18,5362;5365;9421,له انحناء حاد,حني,مُفْعَلٌ,,,,,CANDIDATE,,L2_017 haiku b01,
AR04075,قَاعِد,اسم فاعل,18,5363,في وضع انخفاض,قعد,فَاعِلٌ,,,,,CANDIDATE,,L2_017 haiku b01,
AR04076,مُلْتَفّ,اسم فاعل,18,5364,أطرافه مطويّة,لفف,مُفْتَعِلٌ,,,,,CANDIDATE,,L2_017 haiku b01,WAZN_LEMMA_MISMATCH
AR04077,مُتَمَدِّد,اسم فاعل,18,9420,الأطراف مبسوطة,مدد,مُتَفَعِّلٌ,,,,,CANDIDATE,,L2_017 haiku b01,
AR04078,جَالِس,اسم فاعل,18,9422,في وضع الجلوس,جلس,فَاعِلٌ,,,,,CANDIDATE,,L2_017 haiku b01,
AR04079,وضعية,اسم جامد,18,10356;10871,وضع الجسم المعيّن,وضع,فَعْلَةٌ,,,,,CANDIDATE,,L2_017 haiku b01,AL_STRIPPED;UNVOCALIZED
AR04080,موقف,اسم جامد,18,10357,طريقة الوقوف المعيّنة,وقف,فِعْلٌ,,,,,CANDIDATE,,L2_017 haiku b01,AL_STRIPPED;UNVOCALIZED
AR04081,انْكَمَشَ,فعل,18,16554;17149,تَقَوَّسَ للحماية,كمش,,,,,,CANDIDATE,انْفَعَلَ,L2_017 haiku b01,WAZN_NOT_IN_INV
AR04082,وَاعٍ,صفة مشبهة,19,147,لديه معرفة بشيء,وعي,فَاعِلٌ,,,,,CANDIDATE,,L2_017 haiku b01,
AR04083,وعي,مصدر,19,148;11315,القدرة على الإِدْراك,وعي,فِعْلٌ,,,,,CANDIDATE,,L2_017 haiku b01,AL_STRIPPED;UNVOCALIZED
AR04084,آمَنَ,فعل,19,150,أَيْقَنَ بصحة أمر,ءمن,فَعَلَ,,,,,CANDIDATE,,L2_017 haiku b01,ROOT_NORMALIZED
AR04085,فَهِمَ,فعل,19,151;171,عَقَلَ معنى أمر ما,فهم,فَعِلَ,,,,,CANDIDATE,,L2_017 haiku b01,
AR04086,فَهْم,مصدر,19,152;172,القدرة على العقل,فهم,فِعْلٌ,,,,,CANDIDATE,,L2_017 haiku b01,AL_STRIPPED
AR04087,تَصَوَّرَ,فعل,19,153,ابْتَكَرَ في الذهن,صور,تَفَعَّلَ,,,,,CANDIDATE,,L2_017 haiku b01,
AR04088,تَصَوُّر,مصدر,19,154,كيف يُدْرَكُ شيء ما,صور,تَفَعُّلٌ,,,,,CANDIDATE,,L2_017 haiku b01,AL_STRIPPED
AR04089,مُدْرِك,اسم فاعل,19,155;12691,لديه وعي بشيء,درك,مُفْعِلٌ,,,,,CANDIDATE,,L2_017 haiku b01,
AR04090,حَدْس,مصدر,19,156,شعور بناءً على حدس,حدس,فَعْلٌ,,,,,CANDIDATE,,L2_017 haiku b01,AL_STRIPPED
AR04091,تَخَيَّلَ,فعل,19,157,شَكَّلَ صورة عقلية,خيل,تَفَعَّلَ,,,,,CANDIDATE,,L2_017 haiku b01,
AR04092,عَرَفَ,فعل,19,160,أَدْرَكَ بالملاحظة,عرف,فَعَلَ,,,,,CANDIDATE,,L2_017 haiku b01,
AR04093,معرفة,مصدر,19,161,الإِلْمَام بالحقائق,عرف,,,,,,CANDIDATE,افْتِعَال,L2_017 haiku b01,AL_STRIPPED;UNVOCALIZED;WAZN_LEMMA_MISMATCH;WAZN_NOT_IN_INV
AR04094,عَالِم,صفة مشبهة,19,162,مُطَّلِع وعارف,علم,فَاعِلٌ,,,,,CANDIDATE,,L2_017 haiku b01,
AR04095,افْتَرَضَ,فعل,19,163,افْتَرَضَ بدون إثبات,فرض,,,,,,CANDIDATE,افْتَعَلَ,L2_017 haiku b01,WAZN_NOT_IN_INV
AR04096,افْتِراض,مصدر,19,164;166,ظَنّ بدون إثبات,فرض,,,,,,CANDIDATE,افْتِعَال,L2_017 haiku b01,AL_STRIPPED;WAZN_NOT_IN_INV
AR04097,ظَنَّ,فعل,19,165,اعْتَقَدَ رأياً ما,ظنن,فَعَّلَ,,,,,CANDIDATE,,L2_017 haiku b01,WAZN_LEMMA_MISMATCH
AR04098,اِشْتَبَهَ,فعل,19,167,ظَنَّ احتمالية أمر,شبه,,,,,,CANDIDATE,افْتَعَلَ,L2_017 haiku b01,WAZN_NOT_IN_INV
AR04099,ريبة,اسم جامد,19,168,ظَنّ بأمر ما,ريب,فِعْلَةٌ,,,,,CANDIDATE,,L2_017 haiku b01,AL_STRIPPED;UNVOCALIZED
AR04100,فَكَّرَ,فعل,19,169,تَبِعَ اعْتِقَاداً ما,فكر,فَعَّلَ,,,,,CANDIDATE,,L2_017 haiku b01,
AR04101,فِكْر,مصدر,19,170,العملية العقلية أو النتيجة,فكر,فِعْلٌ,,,,,CANDIDATE,,L2_017 haiku b01,AL_STRIPPED
AR04102,جَهْل,مصدر,19,10862,عدم المعرفة,جهل,فِعْلٌ,,,,,CANDIDATE,,L2_017 haiku b01,AL_STRIPPED
AR04103,مَجْهول,اسم مفعول,19,13765,غير معروف أو مألوف,جهل,,,,,,CANDIDATE,مَفْعول,L2_017 haiku b01,WAZN_NOT_IN_INV
AR04104,فِكْرَة,اسم جامد,19,17321,خاطر لسبيل عمل,فكر,فِعْلَةٌ,,,,,CANDIDATE,,L2_017 haiku b01,AL_STRIPPED
AR04105,اكْتَشَفَ,فعل,20,173;11936;11949,عَثَرَ الْمُدْرِكُ عَلَىٰ حَقِيقَة,كشف,اِفْتَعَلَ,,,,,CANDIDATE,,L2_017 haiku b02,
AR04106,اكْتِشاف,مصدر,20,174,عَمَليَّةُ الْعُثورِ عَلَىٰ شَيْء,كشف,اِفْتِعَالٌ,,,,,CANDIDATE,,L2_017 haiku b02,
AR04107,وَجَدَ,فعل,20,175;16642,أَدْرَكَ الْمُدْرِكُ وُجودَ شَيْء,وجد,فَعَلَ,,,,,CANDIDATE,,L2_017 haiku b02,
AR04108,لاحَظَ,فعل,20,176;177;8191;11942,انْتَبَهَ الشَّخْصُ إِلَىٰ شَيْء,لحظ,فَاعَلَ,,,,,CANDIDATE,,L2_017 haiku b02,
AR04109,عَرَفَ,فعل,20,178,أَدْرَكَ الْمُدْرِكُ كِيَانًا سَبَقَتْ مَعْرِفَتُهُ بِهِ,عرف,فَعَلَ,,,,,CANDIDATE,,L2_017 haiku b02,
AR04110,أَدْرَكَ,فعل,20,179,شَعَرَ الشَّخْصُ بِحَقِيقَة,درك,أَفْعَلَ,,,,,CANDIDATE,,L2_017 haiku b02,
AR04111,رَمَقَ,فعل,20,4070,رَأَىٰ الْمُدْرِكُ شَيْئًا بِصُعوبَة,رمق,فَعَلَ,,,,,CANDIDATE,,L2_017 haiku b02,
AR04112,رَأَىٰ,فعل,20,4071,لاحَظَ الْمُدْرِكُ كِيَانًا,رءي,فَعَلَ,,,,,CANDIDATE,,L2_017 haiku b02,ROOT_NORMALIZED
AR04113,شَخَصَ,فعل,20,4072,رَأَىٰ الشَّخْصُ شَيْئًا بِنَظَر,خصص,فَعَلَ,,,,,CANDIDATE,,L2_017 haiku b02,WAZN_LEMMA_MISMATCH
AR04114,تَمَيَّزَ,فعل,20,4073,فَهِمَ الْمُدْرِكُ ظَاهِرَةً بِوَضوح,ميز,تَفَعَّلَ,,,,,CANDIDATE,,L2_017 haiku b02,
AR04115,عَيَّنَ,فعل,20,7465,حَدَّدَ الشَّخْصُ مَكانَ شَيْء,عين,فَعَّلَ,,,,,CANDIDATE,,L2_017 haiku b02,
AR04116,اسْتَكْشَفَ,فعل,20,9871,بَحَثَ الشَّخْصُ بِغَرَضِ رُؤْيَة,كشف,,,,,,CANDIDATE,اسْتَفْعَلَ,L2_017 haiku b02,WAZN_NOT_IN_INV
AR04117,صَادَفَ,فعل,20,11931;11940,الْتَقَىٰ الْمُدْرِكُ بِشَيْءٍ بِالصُّدْفَة,صدف,فَاعَلَ,,,,,CANDIDATE,,L2_017 haiku b02,
AR04118,الْتَقَىٰ,فعل,20,11933;11935;11937,وَجَدَ الْمُدْرِكُ شَيْئًا بِالْمُصادفَة,لقي,فَاعَلَ,,,,,CANDIDATE,,L2_017 haiku b02,
AR04119,عَثَرَ,فعل,20,11934,أَدْرَكَ الْمُدْرِكُ ظَاهِرَةً جَدِيدَة,عثر,فَعَلَ,,,,,CANDIDATE,,L2_017 haiku b02,
AR04120,وَقَعَ,فعل,20,11939,صَادَفَتْ عَيْنا الْمُدْرِكِ ظَاهِرَة,وقع,فَعَلَ,,,,,CANDIDATE,,L2_017 haiku b02,
AR04121,عَلِمَ,فعل,20,11941,اِتَّصَلَتْ بِالْمُدْرِكِ مَعْلومَة,علم,فَعِلَ,,,,,CANDIDATE,,L2_017 haiku b02,
AR04122,شَعَرَ,فعل,20,11943;15350,أَصْبَحَ الْمُدْرِكُ وَاعِيًا بِشَيْء,شعر,فَعَلَ,,,,,CANDIDATE,,L2_017 haiku b02,
AR04123,تَصْنِيف,مصدر,21,180;185,عَمَليَّةُ وَضْعِ الشَّيْءِ فِي صِنْف,صنف,تَفْعِيلٌ,,,,,CANDIDATE,,L2_017 haiku b02,
AR04124,صَنَّفَ,فعل,21,181;184;186;8202;13516;15671,وَضَعَ الْمُدْرِكُ الْعُنْصُرَ فِي صِنْف,صنف,فَعَّلَ,,,,,CANDIDATE,,L2_017 haiku b02,
AR04125,فَسَّرَ,فعل,21,187;194;204;15711,فَهِمَ الشَّخْصُ الشَّيْءَ بِطَرِيقَة,فسر,فَعَّلَ,,,,,CANDIDATE,,L2_017 haiku b02,
AR04126,تَفْسِير,مصدر,21,195,الْمَعْنَىٰ الَّذِي أُعْطِيَ لِلشَّيْء,فسر,تَفْعِيلٌ,,,,,CANDIDATE,,L2_017 haiku b02,
AR04127,اعْتَبَرَ,فعل,21,196;200;8201;10819;12011;13643,نَظَرَ الْمُدْرِكُ إِلَىٰ الشَّيْءِ,عبر,اِفْتَعَلَ,,,,,CANDIDATE,,L2_017 haiku b02,
AR04128,حَشَرَ,فعل,21,8203,حَدَّدَ الشَّخْصُ مَكانَ الشَّيْء,حشر,فَعَلَ,,,,,CANDIDATE,,L2_017 haiku b02,
AR04129,قَالَبَ,فعل,21,8601;8602,نَظَرَ الْمُدْرِكُ إِلَىٰ الشَّيْء,قالب,فَاعَلَ,,,,,CANDIDATE,,L2_017 haiku b02,ROOT_ALIF
AR04130,فَهِمَ,فعل,21,8980,فَسَّرَ الْمُدْرِكُ الشَّيْءَ بِطَرِيقَة,فهم,فَعِلَ,,,,,CANDIDATE,,L2_017 haiku b02,
AR04131,تَصَوَّرَ,فعل,21,8992,صَنَّفَ الشَّخْصُ الشَّيْءَ عَقْلِيًّا,صور,تَفَعَّلَ,,,,,CANDIDATE,,L2_017 haiku b02,
AR04132,عَرَّفَ,فعل,21,11114,مَيَّزَ الشَّخْصُ خَصائِصَ الشَّيْء,عرف,فَعَّلَ,,,,,CANDIDATE,,L2_017 haiku b02,
AR04133,نَظَرَ,فعل,21,11759,اعْتَبَرَ الْمُدْرِكُ الشَّيْءَ,نظر,فَعَلَ,,,,,CANDIDATE,,L2_017 haiku b02,
AR04134,أَصْبَحَ,فعل,21,12010,أَعْلَنَ الشَّخْصُ انْتِماءَ الشَّيْء,صبح,أَفْعَلَ,,,,,CANDIDATE,,L2_017 haiku b02,
AR04135,صِنْف,اسم جامد,21,16925,التَّصْنِيفاتُ الَّتِي تَشْتَرِكُ,صنف,فِعْلٌ,,,,,CANDIDATE,,L2_017 haiku b02,
AR04136,تَفَكَّرَ,فعل,22,205;217;218;220,فَكَّرَ الشَّخْصُ بِحُزْن,فكر,تَفَعَّلَ,,,,,CANDIDATE,,L2_017 haiku b02,
AR04137,تَدَبَّرَ,فعل,22,206,أَخَذَ الْمُدْرِكُ فِي الْحِسابِ,دبر,تَفَعَّلَ,,,,,CANDIDATE,,L2_017 haiku b02,
AR04138,تَدَبُّر,مصدر,22,207,التَّفْكِيرُ الْعَمِيقُ فِي شَيْء,دبر,تَفَعُّلٌ,,,,,CANDIDATE,,L2_017 haiku b02,
AR04139,تَأَمَّلَ,فعل,22,208;213,فَكَّرَ الشَّخْصُ بِعُمْق,ءمل,تَفَعَّلَ,,,,,CANDIDATE,,L2_017 haiku b02,ROOT_NORMALIZED
AR04140,تَأَمُّل,مصدر,22,209;214,التَّفْكِيرُ العَمِيقُ فِي الشَّيْء,ءمل,تَفَعُّلٌ,,,,,CANDIDATE,,L2_017 haiku b02,ROOT_NORMALIZED
AR04141,تَرَوَّىٰ,فعل,22,210,فَكَّرَ الْمُدْرِكُ بِعِنايَة,روي,تَفَعَّلَ,,,,,CANDIDATE,,L2_017 haiku b02,
AR04142,تَرَوِّي,مصدر,22,211,التَّفْكِيرُ الطَّوِيلُ الْعَمِيق,روي,تَفَعُّلٌ,,,,,CANDIDATE,,L2_017 haiku b02,
AR04143,أَطالَ,فعل,22,212,تَحَدَّثَ الشَّخْصُ بِتَفْصِيل,طول,أَفْعَلَ,,,,,CANDIDATE,,L2_017 haiku b02,
AR04144,رَاجَعَ,فعل,22,215,فَكَّرَ الْمُدْرِكُ طَوِيلاً,راجع,فَاعَلَ,,,,,CANDIDATE,,L2_017 haiku b02,ROOT_ALIF
AR04145,انْشَغَلَ,فعل,22,216,اِنْغَمَسَ الشَّخْصُ فِي التَّفْكِير,شغل,اِنْفَعَلَ,,,,,CANDIDATE,,L2_017 haiku b02,
AR04146,تَفَكُّر,مصدر,22,219,التَّفْكِيرُ الْعَمِيقُ أَوْ الِاعْتِبارُ,فكر,تَفَعُّلٌ,,,,,CANDIDATE,,L2_017 haiku b02,
AR04147,تَسَاءَلَ,فعل,22,10866,حاولَ الشَّخْصُ فَهْمَ شَيْء,سءل,تَفَاعَلَ,,,,,CANDIDATE,,L2_017 haiku b02,
AR04148,فَكَّرَ,فعل,22,10867;11142,وَجَّهَ الْمُدْرِكُ عَقْلَهُ نَحْوَ شَيْء,فكر,فَعَّلَ,,,,,CANDIDATE,,L2_017 haiku b02,
AR04149,فِكْرَة,اسم جامد,22,11144,الرَّأْيُ أَوْ الْمَبْدَأُ الَّذِي يَنْشَأُ عَنِ التَّفْكِير,فكر,فِعْلَةٌ,,,,,CANDIDATE,,L2_017 haiku b02,
AR04150,تَحَقَّقَ,فعل,23,221;9732;12688,تَوَصَّلَ الشَّخْصُ إِلَىٰ مَعْرِفَة,حقق,تَفَعَّلَ,,,,,CANDIDATE,,L2_017 haiku b02,
AR04151,خَلَصَ,فعل,23,222,تَوَصَّلَ الْمُدْرِكُ إِلَىٰ حُكْم,خلص,فَعَلَ,,,,,CANDIDATE,,L2_017 haiku b02,
AR04152,نتِيجَة,اسم جامد,23,223,الْحُكْمُ الَّذِي تَوَصَّلَ إِلَيْهِ,نتج,فِعْلَةٌ,,,,,CANDIDATE,,L2_017 haiku b02,
AR04153,اسْتَنْتَجَ,فعل,23,224;9731;12314;17285,توَصَّلَ الشَّخْصُ إِلَىٰ حَقِيقَة,نتج,,,,,,CANDIDATE,اسْتَفْعَلَ,L2_017 haiku b02,WAZN_NOT_IN_INV
AR04154,اسْتِنْتاج,مصدر,23,225,النَّتِيجَةُ الَّتِي اسْتُنْتِجَتْ,نتج,,,,,,CANDIDATE,اسْتِفْعال,L2_017 haiku b02,WAZN_NOT_IN_INV
AR04155,تَخْمِين,مصدر,23,226,التَّقْدِيرُ بِدونِ حُجَّة,خمن,تَفْعِيلٌ,,,,,CANDIDATE,,L2_017 haiku b02,
AR04156,خَمَّنَ,فعل,23,227,قَدَّرَ الْمُدْرِكُ بِدونِ مَعْلومَات,خمن,فَعَّلَ,,,,,CANDIDATE,,L2_017 haiku b02,
AR04157,اسْتَدَلَّ,فعل,23,228,اسْتَنْتَجَ الشَّخْصُ مِنْ دَلائِل,دلل,,,,,,CANDIDATE,اسْتَفْعَلَ,L2_017 haiku b02,WAZN_LEMMA_MISMATCH;WAZN_NOT_IN_INV
AR04158,اسْتِدلال,مصدر,23,229,النَّتِيجَةُ الَّتِي اسْتُدِلَّ عَلَيْها,دلل,,,,,,CANDIDATE,اسْتِفْعال,L2_017 haiku b02,WAZN_NOT_IN_INV
AR04159,عَلِمَ,فعل,23,230,اِكْتَسَبَ الشَّخْصُ مَعْرِفَة,علم,فَعِلَ,,,,,CANDIDATE,,L2_017 haiku b02,
AR04160,إِدْراك,مصدر,23,231,الْفَهْمُ الشَّامِلُ لِشَيْء,درك,إِفْعَالٌ,,,,,CANDIDATE,,L2_017 haiku b02,
AR04161,أَدْرَكَ,فعل,23,232,فَهِمَ الشَّخْصُ تَمامًا,درك,أَفْعَلَ,,,,,CANDIDATE,,L2_017 haiku b02,
AR04162,افْتَرَضَ,فعل,23,233;13780,حَزَرَ الْمُدْرِكُ بِدونِ دَليل,فرض,اِفْتَعَلَ,,,,,CANDIDATE,,L2_017 haiku b02,
AR04163,حَلَّ,فعل,23,12313,فَهِمَ الشَّخْصُ الشَّيْءَ الْغَامِضَ,حلل,فَعَّلَ,,,,,CANDIDATE,,L2_017 haiku b02,WAZN_LEMMA_MISMATCH
AR04164,بَادَرَ,فعل,23,16258,جاءَتْ لِلْمُدْرِكِ فِكْرَة,بدر,فَاعَلَ,,,,,CANDIDATE,,L2_017 haiku b02,
AR04165,مَيَّزَ,فعل,24,234;235;237;13462;14532;15860,وَجَدَ الْمُدْرِكُ الْفُرُوقَ,ميز,فَعَّلَ,,,,,CANDIDATE,,L2_017 haiku b02,
AR04166,تَمْيِيز,مصدر,24,236,الْفَهْمُ الْعَمِيقُ لِلْفُرُوقِ,ميز,تَفْعِيلٌ,,,,,CANDIDATE,,L2_017 haiku b02,
AR04167,فَرَزَ,فعل,24,238,انْتَقَىٰ الشَّخْصُ مِنْ مَجْموعَة,فرز,فَعَلَ,,,,,CANDIDATE,,L2_017 haiku b02,
AR04168,عَرَفَ,فعل,24,15395,مَيَّزَ الشَّخْصُ بَيْنَ شَيْئَيْن,عرف,فَعَلَ,,,,,CANDIDATE,,L2_017 haiku b02,
AR04169,مُمَيَّز,صفة مشبهة,24,15971,يُمْكِنُ فَصْلُهُ عَنْ غَيْرِهِ,ميز,مُفَعَّلٌ,,,,,CANDIDATE,,L2_017 haiku b02,
AR04170,حُجَّة,اسم جامد,25,240,مَجْموعَةُ أَسْبابٍ لِتَدْعِيم شَيْء,حجج,فُعْلَةٌ,,,,,CANDIDATE,,L2_017 haiku b02,WAZN_LEMMA_MISMATCH
AR04171,شَهِدَ,فعل,25,241;251,قَدَّمَ الشَّخْصُ دَلِيلاً,شهد,فَعِلَ,,,,,CANDIDATE,,L2_017 haiku b02,
AR04172,أَكَّدَ,فعل,25,242,أَثْبَتَ الشَّخْصُ صِحَّةَ شَيْء,ءكد,أَفْعَلَ,,,,,CANDIDATE,,L2_017 haiku b02,ROOT_NORMALIZED
AR04173,أَيَّدَ,فعل,25,243;14741,دَعَّمَ الشَّخْصُ ادْعاءً,ءيد,أَفْعَلَ,,,,,CANDIDATE,,L2_017 haiku b02,ROOT_NORMALIZED
AR04174,أَظْهَرَ,فعل,25,244,بَيَّنَ الشَّخْصُ وُجودَ شَيْء,ظهر,أَفْعَلَ,,,,,CANDIDATE,,L2_017 haiku b02,
AR04175,دَلَّ,فعل,25,245;8690;11448;15307,كانَ إِشارَةً عَلَىٰ شَيْء,دلل,فَعَّلَ,,,,,CANDIDATE,,L2_017 haiku b02,WAZN_LEMMA_MISMATCH
AR04176,كَشَفَ,فعل,25,246;248,أَظْهَرَ الشَّخْصُ وُجودَ شَيْء,كشف,فَعَلَ,,,,,CANDIDATE,,L2_017 haiku b02,
AR04177,أَثْبَتَ,فعل,25,247;249,بَرْهَنَ الشَّخْصُ عَلَىٰ حَقِيقَة,ثبت,أَفْعَلَ,,,,,CANDIDATE,,L2_017 haiku b02,
AR04178,دَعَّمَ,فعل,25,250,قَدَّمَ الشَّخْصُ دَلِيلاً,دعم,فَعَّلَ,,,,,CANDIDATE,,L2_017 haiku b02,
AR04179,حَقَّقَ,فعل,25,252,أَثْبَتَ الشَّخْصُ صِحَّةَ شَيْء,حقق,فَعَّلَ,,,,,CANDIDATE,,L2_017 haiku b02,
AR04180,نَفَىٰ,فعل,25,7799,أَثْبَتَ كِذْبَ شَيْء,نفي,فَعَلَ,,,,,CANDIDATE,,L2_017 haiku b02,
AR04181,نَاقَضَ,فعل,25,7800,أَثْبَتَ عَكْسَ تَصْرِيح,نقض,فَاعَلَ,,,,,CANDIDATE,,L2_017 haiku b02,
AR04182,احْتَجَّ,فعل,25,8340,كانَ دَلِيلاً عَلَىٰ نتِيجَة,حجج,اِفْتَعَلَ,,,,,CANDIDATE,,L2_017 haiku b02,WAZN_LEMMA_MISMATCH
AR04183,دَليل,اسم جامد,25,10843;11738,مَعْلومَاتٌ تُشِيرُ إِلَىٰ حَقِيقَة,دلل,فَعِيلٌ,,,,,CANDIDATE,,L2_017 haiku b02,
AR04184,,حرف,25,10878,يُشِيرُ إِلَىٰ مَصْدَرِ الدَّليل,,,,,,,CANDIDATE,,L2_017 haiku b02,UNVOCALIZED
AR04185,أَشارَ,فعل,25,11414;13329,أَوْحَىٰ الشَّخْصُ بِشَيْء,شير,أَفْعَلَ,,,,,CANDIDATE,,L2_017 haiku b02,
AR04186,اسْتَتْبَعَ,فعل,25,11449,أَدَّىٰ الشَّيْءُ إِلَىٰ نتِيجَة,تبع,,,,,,CANDIDATE,اسْتَفْعَلَ,L2_017 haiku b02,WAZN_NOT_IN_INV
AR04187,مَثَّلَ,فعل,25,12782,كانَ مِثالاً عَلَىٰ شَيْء,مثل,فَعَّلَ,,,,,CANDIDATE,,L2_017 haiku b02,
AR04188,مَصْداقِيَّة,اسم جامد,25,13551,قابِلِيَّةُ التَّصْدِيق,صدق,,,,,,CANDIDATE,فَعْلاليَّة,L2_017 haiku b02,WAZN_LEMMA_MISMATCH;WAZN_NOT_IN_INV
AR04189,استَبْعَدَ,فعل,25,16870,رَفَضَ الشَّخْصُ إِمْكانِيَّة,بعد,,,,,,CANDIDATE,اسْتَفْعَلَ,L2_017 haiku b02,WAZN_NOT_IN_INV
AR04190,عَرْض,اسم جامد,25,16961,الإِظْهارُ الوَاضِحُ لِحَقِيقَة,عرض,فَعْلٌ,,,,,CANDIDATE,,L2_017 haiku b02,
AR04191,أَيْقَنَ,فعل,25,17683,أَثْبَتَ الشَّخْصُ لِآخَرَ,يقن,أَفْعَلَ,,,,,CANDIDATE,,L2_017 haiku b02,
AR04192,توَقَّعَ,فعل,26,253;255;256,رَأَىٰ الشَّخْصُ احْتِمالاً,وقع,تَفَعَّلَ,,,,,CANDIDATE,,L2_017 haiku b02,
AR04193,انْتَظَرَ,فعل,26,254;16597,انْتَظَرَ الشَّخْصُ حُدوثَ شَيْء,نظر,اِنْفَعَلَ,,,,,CANDIDATE,,L2_017 haiku b02,WAZN_LEMMA_MISMATCH
AR04194,تَنَبَّأَ,فعل,26,257,أَخْبَرَ الشَّخْصُ عَنْ حَدَث,نبء,تَفَعَّلَ,,,,,CANDIDATE,,L2_017 haiku b02,ROOT_NORMALIZED
AR04195,مُتَوَقَّع,صفة مشبهة,26,3585;3588,يُمْكِنُ توَقُّعُهُ,وقع,مُتَفَعَّلٌ,,,,,CANDIDATE,,L2_017 haiku b02,
AR04196,غَيْرُ مُتَوَقَّع,صفة مشبهة,26,3586;3587,لا يُمْكِنُ توَقُّعُهُ,وقع,فَعِيلٌ,,,,,CANDIDATE,,L2_017 haiku b02,
AR04197,توَقُّع,مصدر,26,13081,اعْتِقادُ الْمُدْرِكِ بِحُدوثِ شَيْء,وقع,تَفَعُّلٌ,,,,,CANDIDATE,,L2_017 haiku b02,
AR04198,تَنَبُّؤ,مصدر,26,13082,فِكْرَةٌ مُحَدَّدَةٌ عَمَّا سيَحْدُث,نبء,تَفَعُّلٌ,,,,,CANDIDATE,,L2_017 haiku b02,ROOT_NORMALIZED
AR04199,إِحْساس,اسم جامد,26,13083,شُعورٌ قَوِيٌّ بِاقْتِرابِ شَيْء,حس,إِفْعَالٌ,,,,,CANDIDATE,,L2_017 haiku b02,ROOT_LEN
AR04200,مُفاجِئ,صفة مشبهة,26,13928,لَيْسَ متَوَقَّعًا,فجج,مُفَاعِلٌ,,,,,CANDIDATE,,L2_017 haiku b02,WAZN_LEMMA_MISMATCH
AR04201,تَصَوَّرَ,فعل,27,260,ابْتَدَعَ الشَّخْصُ فِكْرَة,صور,تَفَعَّلَ,,,,,CANDIDATE,,L2_017 haiku b02,
AR04202,ابْتَكَرَ,فعل,27,261;264;265;270;5186;5187,أَنْشَأَ الشَّخْصُ قِصَّة,بكر,اِفْتَعَلَ,,,,,CANDIDATE,,L2_017 haiku b02,
AR04203,ابْتِكار,مصدر,27,262,نَتِيجَةُ إِنْشاءِ قِصَّة,بكر,اِفْتِعَالٌ,,,,,CANDIDATE,,L2_017 haiku b02,
AR04204,حِيلَة,اسم جامد,27,263,عَمَلِيَّةُ التَّخْطِيطِ بِمَهارَة,حيل,فِعْلَةٌ,,,,,CANDIDATE,,L2_017 haiku b02,
AR04205,صَمَّمَ,فعل,27,267,ابْتَكَرَ الشَّخْصُ خُطَّة,صمم,فَعَّلَ,,,,,CANDIDATE,,L2_017 haiku b02,
AR04206,وَضَعَ,فعل,27,268,ابْتَكَرَ الشَّخْصُ آلِيَّة,وضع,فَعَلَ,,,,,CANDIDATE,,L2_017 haiku b02,
AR04207,صِيغَ,فعل,27,269,أَنْشَأَ الشَّخْصُ بِمَنْهَجِيَّة,صيغ,,,,,,CANDIDATE,فُعِلَ,L2_017 haiku b02,WAZN_NOT_IN_INV
AR04208,ارْتَجَلَ,فعل,27,271,أَنْشَأَ الشَّخْصُ مِمَّا يَتَوَفَّر,رجل,اِفْتَعَلَ,,,,,CANDIDATE,,L2_017 haiku b02,
AR04209,اخْتَرَعَ,فعل,27,272,أَنْشَأَ الشَّخْصُ شَيْئًا جَدِيدًا,خرع,اِفْتَعَلَ,,,,,CANDIDATE,,L2_017 haiku b02,
AR04210,اخْتِراع,مصدر,27,273;13080,الْكِيَانُ الَّذِي نَتَجَ عَنِ الْاخْتِراعِ,خرع,اِفْتِعَالٌ,,,,,CANDIDATE,,L2_017 haiku b02,
AR04211,تَصْمِيم,مصدر,27,11721,الْخُطَّةُ أَوْ الرَّسْمُ قَبْلَ الْبِناءِ,صمم,تَفْعِيلٌ,,,,,CANDIDATE,,L2_017 haiku b02,
AR04212,توَصَّلَ,فعل,27,17281,توَصَّلَ الشَّخْصُ إِلَىٰ فِكْرَة,وصل,تَفَعَّلَ,,,,,CANDIDATE,,L2_017 haiku b02,
AR04213,غَليظ,صفة مشبهة,32,459,غَيْرُ مُتَحَفِّظ فِي الْكَلام,غلظ,فَاعِلٌ,,,,,CANDIDATE,,L2_017 haiku b02,
AR04214,صَرِيح,صفة مشبهة,32,460;466;469;11748,صادِقٌ وَمُبَاشِرٌ,صرح,فَاعِلٌ,,,,,CANDIDATE,,L2_017 haiku b02,
AR04215,خَجول,صفة مشبهة,32,461,مُتَحَفِّظٌ عَنْ كِشْفِ التَّفاصِيل,خجل,فَاعُولٌ,,,,,CANDIDATE,,L2_017 haiku b02,
AR04216,مُتَحَفِّظ,صفة مشبهة,32,462,حَذِرٌ فِي التَّعْبِيرِ,حفظ,مُتَفَاعِلٌ,,,,,CANDIDATE,,L2_017 haiku b02,
AR04217,واضِح,صفة مشبهة,32,463,صَرِيحٌ وَمُفَصَّلٌ تَمامًا,وضح,فَاعِلٌ,,,,,CANDIDATE,,L2_017 haiku b02,
AR04218,مُستَعِدّ,صفة مشبهة,32,464,مُستَعِدٌّ لِلْإِفْصاحِ,عدد,مُسْتَفْعِلٌ,,,,,CANDIDATE,,L2_017 haiku b02,WAZN_LEMMA_MISMATCH
AR04219,مُبَاشِر,صفة مشبهة,32,465;472,مُصَرِّحٌ وَحَادّ الْكَلامِ,بشر,مُفَاعِلٌ,,,,,CANDIDATE,,L2_017 haiku b02,
AR04220,أَمِين,صفة مشبهة,32,467,بَرِيءٌ مِنْ الْخِداعِ,ءمن,فَاعِلٌ,,,,,CANDIDATE,,L2_017 haiku b02,ROOT_NORMALIZED
AR04221,مَكْشوف,صفة مشبهة,32,468,صَرِيحٌ وَمُتَحَدِّثٌ,كشف,,,,,,CANDIDATE,مَفْعول,L2_017 haiku b02,WAZN_NOT_IN_INV
AR04222,كَتوم,صفة مشبهة,32,470,مُيَّالٌ لِكِتْمانِ الشُّعورِ,كتم,فَاعُولٌ,,,,,CANDIDATE,,L2_017 haiku b02,
AR04223,صادِق,صفة مشبهة,32,471;473;17054,نابِعٌ مِنْ مَشاعِرِ حَقِيقِيَّة,صدق,فَاعِلٌ,,,,,CANDIDATE,,L2_017 haiku b02,
AR04224,غَيْرُ صادِق,صفة مشبهة,32,5810,لَيْسَ صَادِقًا أَوْ صَرِيحًا,صدق,فَاعِلٌ,,,,,CANDIDATE,,L2_017 haiku b02,WAZN_LEMMA_MISMATCH
AR04225,مُتَهَرِّب,صفة مشبهة,32,5811,يَتَجَنَّبُ الْالْتِزامَ,هرب,مُتَفَاعِلٌ,,,,,CANDIDATE,,L2_017 haiku b02,
AR04226,حَذِر,صفة مشبهة,32,5812,حَرِيصٌ وَحَذِر,حذر,فَاعِلٌ,,,,,CANDIDATE,,L2_017 haiku b02,
AR04227,صِدْق,اسم جامد,32,5813,الصِّفَةُ الَّتِي تَتَمَتَّعُ بِالصِّدْق,صدق,فِعْلٌ,,,,,CANDIDATE,,L2_017 haiku b02,
AR04228,بَرِيء,صفة مشبهة,32,5814,بَسِيطٌ وَغَيْرُ مُخَادِع,بريء,فَاعِلٌ,,,,,CANDIDATE,,L2_017 haiku b02,
AR04229,غِلاظَة,اسم جامد,32,5815,الصِّفَةُ الَّتِي تَتَمَتَّعُ بِالْغِلاظَة,غلظ,فِعَالَةٌ,,,,,CANDIDATE,,L2_017 haiku b02,
AR04230,صَراحَة,اسم جامد,32,7651,الصِّفَةُ الَّتِي تَتَمَتَّعُ بِالصَّراحَة,صرح,فَعَالَةٌ,,,,,CANDIDATE,,L2_017 haiku b02,
AR04231,مُبَاشَرَة,اسم جامد,32,11745,الصِّفَةُ الَّتِي تَتَمَتَّعُ بِالْمُبَاشَرَة,بشر,مُفَاعَلَةٌ,,,,,CANDIDATE,,L2_017 haiku b02,
AR04232,جادّ,صفة مشبهة,32,15575,صادِقٌ وَجِدِّيّ,جدد,فَاعِلٌ,,,,,CANDIDATE,,L2_017 haiku b02,WAZN_LEMMA_MISMATCH
AR04233,جِدِّيَّة,اسم جامد,32,15576,الصِّفَةُ الَّتِي تَتَمَتَّعُ بِالْجِدِّيَّة,جدد,فِعْلِيَّةٌ,,,,,CANDIDATE,,L2_017 haiku b02,WAZN_LEMMA_MISMATCH
AR04234,غَيْرُ أَمِين,صفة مشبهة,32,15577,لَيْسَ صادِقًا أَوْ موثوقًا,ءمن,فَاعِلٌ,,,,,CANDIDATE,,L2_017 haiku b02,ROOT_NORMALIZED
AR04235,ملتَوٍ,صفة مشبهة,32,15578,غَيْرُ مُبَاشِر وَغامِض,لوي,فَاعِلٌ,,,,,CANDIDATE,,L2_017 haiku b02,
AR04236,وافَقَ,فعل,33,474,وافَقَ الشَّخْصُ عَلَىٰ خُطَّة,وفق,فَاعَلَ,,,,,CANDIDATE,,L2_017 haiku b02,
AR04237,عَهْد,اسم جامد,33,475,اتِّفاقٌ مُقَدَّسٌ,عهد,فَعْلٌ,,,,,CANDIDATE,,L2_017 haiku b02,
AR04238,تَعاهَدَ,فعل,33,476,اتَّفَقَ الشَّخْصُ بِعَهْد,عهد,تَفَاعَلَ,,,,,CANDIDATE,,L2_017 haiku b02,
AR04239,يَمِين,اسم جامد,33,477,تَعْهُدٌ مُقَدَّسٌ,يمن,فَاعِلٌ,,,,,CANDIDATE,,L2_017 haiku b02,
AR04240,تَعَهُّد,مصدر,33,478;486,وَعْدٌ مُسْتَقِرّ,عهد,تَفَعُّلٌ,,,,,CANDIDATE,,L2_017 haiku b02,
AR04241,تَعَهَّدَ,فعل,33,479;485,وَعَدَ الشَّخْصُ بِشَيْء,عهد,تَفَعَّلَ,,,,,CANDIDATE,,L2_017 haiku b02,
AR04242,وَعْد,اسم جامد,33,480,تَأْكِيدٌ بِفِعْلِ شَيْء,وعد,فَعْلٌ,,,,,CANDIDATE,,L2_017 haiku b02,
AR04243,وَعَدَ,فعل,33,481,تَعَهَّدَ الشَّخْصُ بِفِعْلِ شَيْء,وعد,فَعَلَ,,,,,CANDIDATE,,L2_017 haiku b02,
AR04244,أَقْسَمَ,فعل,33,482,حَلَفَ الشَّخْصُ عَلَىٰ شَيْء,قسم,أَفْعَلَ,,,,,CANDIDATE,,L2_017 haiku b02,
AR04245,تَهْدِيد,مصدر,33,483,إِعْلانٌ عَنْ نِيَّةِ إِلْحاقِ ضَرَر,هدد,تَفْعِيلٌ,,,,,CANDIDATE,,L2_017 haiku b02,
AR04246,هَدَّدَ,فعل,33,484,أَعْلَنَ الشَّخْصُ نِيَّةَ الْإِضْرار,هدد,فَعَّلَ,,,,,CANDIDATE,,L2_017 haiku b02,
AR04247,تَطَوَّعَ,فعل,33,487,عَرَضَ الشَّخْصُ خِدْمَتَهُ,طوع,تَفَعَّلَ,,,,,CANDIDATE,,L2_017 haiku b02,
AR04248,نَذْر,اسم جامد,33,488,وَعْدٌ مُقَدَّسٌ,نذر,فَعْلٌ,,,,,CANDIDATE,,L2_017 haiku b02,
AR04249,التَزَمَ,فعل,33,10650,وَعَدَ الشَّخْصُ نَفْسَهُ,زمم,,,,,,CANDIDATE,اِلْتَفَعَلَ,L2_017 haiku b02,WAZN_LEMMA_MISMATCH;WAZN_NOT_IN_INV
AR04250,تِزام,مصدر,33,10651,وَعْدٌ أَوْ تَعَهُّد,زمم,,,,,,CANDIDATE,اِلْتِفْعال,L2_017 haiku b02,AL_STRIPPED;WAZN_LEMMA_MISMATCH;WAZN_NOT_IN_INV
AR04251,نَذَرَ,فعل,33,12692,تَعَهَّدَ الشَّخْصُ بِعَهْد,نذر,فَعَلَ,,,,,CANDIDATE,,L2_017 haiku b02,
AR04252,تَشاوَرَ,فعل,34,499,تَحَدَّثَ الشَّخْصانِ مَعًا,شور,تَفَاعَلَ,,,,,CANDIDATE,,L2_017 haiku b02,
AR04253,نِقاش,اسم جامد,34,502;507,نِقاشٌ رَسْمِيٌّ,نقش,فِعَالٌ,,,,,CANDIDATE,,L2_017 haiku b02,
AR04254,نَاقَشَ,فعل,34,503,تَحاوَرَ الشَّخْصانِ حَوْلَ مَوْضوع,نقش,فَاعَلَ,,,,,CANDIDATE,,L2_017 haiku b02,
AR04255,حِوار,اسم جامد,34,504;509;11454,نِقاشٌ يَهْدِفُ إِلَىٰ فَهْم,حور,فِعَالٌ,,,,,CANDIDATE,,L2_017 haiku b02,
AR04256,ناقَشَ,فعل,34,506;17353,تَحَدَّثَ الشَّخْصانِ بِالتَّفْصِيلِ,نقش,فَاعَلَ,,,,,CANDIDATE,,L2_017 haiku b02,
AR04257,اجْتِماع,مصدر,34,514,نِقاشٌ بَيْنَ أَشْخاصٍ,جمع,اِفْتِعَالٌ,,,,,CANDIDATE,,L2_017 haiku b02,
AR04258,مُؤتَمِر,اسم فاعل,34,4007,اجْتِماعٌ رَسْمِيٌّ,ءتمر,مُفْتَعِلٌ,,,,,CANDIDATE,,L2_017 haiku b02,ROOT_NORMALIZED
AR04259,تَفاوَضَ,فعل,34,4008;10649,عَقَدَ الشَّخْصانِ مُفاوَضات,فوض,تَفَاعَلَ,,,,,CANDIDATE,,L2_017 haiku b02,
AR04260,مُفاوَضات,مصدر,34,4009,اجْتِماعٌ بَيْنَ جانِبَيْن,فوض,مُفَاعَلَةٌ,,,,,CANDIDATE,,L2_017 haiku b02,
AR04261,مُحاوِر,اسم فاعل,34,4012,شَخْصٌ يُشارِكُ فِي الْحِوار,حور,مُفَاعِلٌ,,,,,CANDIDATE,,L2_017 haiku b02,
AR04262,مُناقِش,اسم فاعل,34,4016,شَخْصٌ يُشارِكُ فِي النِّقاشِ,نقش,مُفَاعِلٌ,,,,,CANDIDATE,,L2_017 haiku b02,
AR04263,تَفاوُض,مصدر,34,10648,نِقاشٌ لِتَحْقِيقِ اتِّفاق,فوض,تَفَاعُلٌ,,,,,CANDIDATE,,L2_017 haiku b02,
AR04264,استِشارَة,مصدر,34,14253,نِقاشٌ يَسْعَىٰ لِلنَّصِيحَة,شور,,,,,,CANDIDATE,اسْتِفْعالَة,L2_017 haiku b02,WAZN_NOT_IN_INV
AR04265,تَحَدَّثَ,فعل,34,14628,نَاقَشَ الشَّخْصانِ,حدث,تَفَعَّلَ,,,,,CANDIDATE,,L2_017 haiku b02,
AR04266,صاغَ,فعل,35,523;528;529;13000,عبّر عن فكرة بأسلوب معيّن,صوغ,فَعَلَ,,,,,CANDIDATE,,L2_017 haiku b03,
AR04267,تعبير,اسم جامد,35,525,الفعل أو المحصول الذي يعبّر عن شيء,عبر,تَفْعِيلٌ,,,,,CANDIDATE,,L2_017 haiku b03,UNVOCALIZED
AR04268,صيغة,اسم جامد,35,527;533,الطريقة التي يتم التعبير بها عن شيء,صيغ,فَعْلَةٌ,,,,,CANDIDATE,,L2_017 haiku b03,UNVOCALIZED
AR04269,أعرب,فعل,35,530,عبّر عن فكرة بطريقة محددة,عرب,أَفْعَلَ,,,,,CANDIDATE,,L2_017 haiku b03,UNVOCALIZED
AR04270,صَاغَ,فعل,35,532,اختار كلمات معينة للتعبير عن فكرة,صوغ,فَعَلَ,,,,,CANDIDATE,,L2_017 haiku b03,
AR04271,صياغة,اسم جامد,35,7429,كيفية تنسيق وصياغة النص,صيغ,,,,,,CANDIDATE,فِيَاعَة,L2_017 haiku b03,UNVOCALIZED;WAZN_NOT_IN_INV
AR04272,أساء الصياغة,تركيب,35,10421,عبّر عن الفكرة بكلمات غير صحيحة,,,,,,,CANDIDATE,,L2_017 haiku b03,UNVOCALIZED
AR04273,عَبّرَ,فعل,35,11169,أوصل المشاعر أو الرسالة بأسلوب محدّد,عبر,فَعَّلَ,,,,,CANDIDATE,,L2_017 haiku b03,
AR04274,أومأ,فعل,36,534;537,أشار برأسه أو يده ليطلب من شخص الاقتراب,ومء,أَفْعَلَ,,,,,CANDIDATE,,L2_017 haiku b03,ROOT_NORMALIZED;UNVOCALIZED
AR04275,لوّح,فعل,36,535;540,حرّك الذراعين بحماس للتعبير أو التأكيد,لوح,فَعَّلَ,,,,,CANDIDATE,,L2_017 haiku b03,
AR04276,أشار,فعل,36,536;539,حرّك الجسد للتواصل غير اللفظي,شور,أَفْعَلَ,,,,,CANDIDATE,,L2_017 haiku b03,UNVOCALIZED
AR04277,أومأ برأسه,تركيب,36,538,حرّك الرأس لأعلى وأسفل للتعبير أو التفاهم,,,,,,,CANDIDATE,,L2_017 haiku b03,UNVOCALIZED
AR04278,إشارة,اسم جامد,36,10886,حركة جسدية تنقل معلومة أو أمراً,شور,فِعَالَةٌ,,,,,CANDIDATE,,L2_017 haiku b03,UNVOCALIZED
AR04279,سَمِعَ,فعل,37,541,اطّلع على معلومة أو استقبلها,سمع,فَعِلَ,,,,,CANDIDATE,,L2_017 haiku b03,
AR04280,اطّلع,فعل,37,543,عرف شيئاً من خلال الكتابة المكتوبة,طلع,اِفْتَعَلَ,,,,,CANDIDATE,,L2_017 haiku b03,WAZN_LEMMA_MISMATCH
AR04281,ثرثرَ,فعل,38,544;547;551;556;557;17599,تحدّث بسرعة وبغباء أو بانفعال,ثرث,فَعْلَلَ,,,,,CANDIDATE,,L2_017 haiku b03,WAZN_LEMMA_MISMATCH
AR04282,تنمّرَ,فعل,38,545,تحدّث بصوت عالٍ وعدواني بدون تأثير,نمر,تَفَعَّلَ,,,,,CANDIDATE,,L2_017 haiku b03,
AR04283,رتّلَ,فعل,38,546,كرّر الكلام بنغمة موسيقية,رتل,فَعَّلَ,,,,,CANDIDATE,,L2_017 haiku b03,
AR04284,تمطّقَ,فعل,38,548,تحدّث ببطء مع إطالة الأصوات,مطق,تَفَعَّلَ,,,,,CANDIDATE,,L2_017 haiku b03,
AR04285,التفتَ,فعل,38,549,تحدّث بسرعة وبعدم وضوح,لفت,اِفْتَعَلَ,,,,,CANDIDATE,,L2_017 haiku b03,
AR04286,هَذّرَ,فعل,38,550;559,تحدّث بسرعة وبدون وضوح من الخوف,هذر,فَعَّلَ,,,,,CANDIDATE,,L2_017 haiku b03,
AR04287,ألثغَ,فعل,38,552,تحدّث مع نطق الحروف بشكل غير صحيح,لثغ,أَفْعَلَ,,,,,CANDIDATE,,L2_017 haiku b03,
AR04288,نطقَ,فعل,38,553,قالَ شيئاً بطريقة صنعية أو متكلفة,نطق,فَعَلَ,,,,,CANDIDATE,,L2_017 haiku b03,
AR04289,همسَ,فعل,38,554;566,تحدّث بصوت غير واضح وخافت,همس,فَعَلَ,,,,,CANDIDATE,,L2_017 haiku b03,
AR04290,نمّ,فعل,38,555,قالَ شيئاً بصوت بالكاد مسموع,نمم,فَعَّلَ,,,,,CANDIDATE,,L2_017 haiku b03,WAZN_LEMMA_MISMATCH
AR04291,هاجمَ,فعل,38,558,تحدّث بطول وشدة وانفعال,هجم,فَعَلَ,,,,,CANDIDATE,,L2_017 haiku b03,
AR04292,صرخَ,فعل,38,560,تحدّث أو ناداً بصوت عالٍ جداً,صرخ,فَعَلَ,,,,,CANDIDATE,,L2_017 haiku b03,
AR04293,تبسّمَ,فعل,38,561,تحدّث بابتسامة سخيفة وخجولة,بسم,تَفَعَّلَ,,,,,CANDIDATE,,L2_017 haiku b03,
AR04294,غنّىْ,فعل,38,562,أصدرَ أصواتاً موسيقية بالصوت مع كلمات,غنو,فَعَّلَ,,,,,CANDIDATE,,L2_017 haiku b03,
AR04295,لحنَ,فعل,38,563,تحدّث بطريقة غير واضحة,لحن,فَعَلَ,,,,,CANDIDATE,,L2_017 haiku b03,
AR04296,تعتعَ,فعل,38,564;565,تحدّث مع توقفات عصبية بغير إرادة,عتع,تَفَعَّلَ,,,,,CANDIDATE,,L2_017 haiku b03,
AR04297,استجوبَ,فعل,40,627;630,سأل بشدة وإصرار,جوب,اِسْتَفْعَلَ,,,,,CANDIDATE,,L2_017 haiku b03,
AR04298,سألَ,فعل,40,628;633;635;8421,استفسرَ عن شيء,سءل,فَعَلَ,,,,,CANDIDATE,,L2_017 haiku b03,
AR04299,استفسار,اسم جامد,40,629,السؤال أو مجموعة أسئلة,سءل,اِسْتِفْعَالٌ,,,,,CANDIDATE,,L2_017 haiku b03,UNVOCALIZED
AR04300,استجواب,اسم جامد,40,631;636,فعل السؤال المكثّف والرسمي,جوب,اِسْتِفْعَالٌ,,,,,CANDIDATE,,L2_017 haiku b03,UNVOCALIZED
AR04301,استفهام,اسم جامد,40,632,السؤال خاصة من يعبّر عن شك,فهم,اِسْتِفْعَالٌ,,,,,CANDIDATE,,L2_017 haiku b03,UNVOCALIZED
AR04302,سؤال,اسم جامد,40,634,جملة صيغت لاستخراج معلومة,سءل,فُعَالٌ,,,,,CANDIDATE,,L2_017 haiku b03,UNVOCALIZED
AR04303,اختبرَ,فعل,40,637,أجرى اختباراً على معارف شخص,خبر,اِفْتَعَلَ,,,,,CANDIDATE,,L2_017 haiku b03,
AR04304,ناداه,فعل,41,638,قدّمَ طلباً جادّاً أو مؤثراً,نود,فَعَلَ,,,,,CANDIDATE,,L2_017 haiku b03,UNVOCALIZED
AR04305,سألَ,فعل,41,639,طلبَ الفعل أو العطاء,سءل,فَعَلَ,,,,,CANDIDATE,,L2_017 haiku b03,
AR04306,توسّلَ,فعل,41,640;653,طلبَ بجدية أو تذلّل,وسل,تَفَعَّلَ,,,,,CANDIDATE,,L2_017 haiku b03,
AR04307,استرحمَ,فعل,41,641;648,طلبَ بإلحاح وحماس,رحم,اِسْتَفْعَلَ,,,,,CANDIDATE,,L2_017 haiku b03,
AR04308,أمرٌ,اسم جامد,41,642;649,الأمر الاستبدادي الحاتم,ءمر,فُعْلٌ,,,,,CANDIDATE,,L2_017 haiku b03,ROOT_NORMALIZED
AR04309,أمرَ,فعل,41,643;650;658;17184,أصدرَ أمراً قاطعاً,ءمر,فَعَلَ,,,,,CANDIDATE,,L2_017 haiku b03,ROOT_NORMALIZED
AR04310,طلبٌ,اسم جامد,41,644,الطلب الإلحاحي والمصرّ,طلب,فُعْلٌ,,,,,CANDIDATE,,L2_017 haiku b03,
AR04311,طالبَ,فعل,41,645,طلبَ بحزم أو وقاحة,طلب,فَعَلَ,,,,,CANDIDATE,,L2_017 haiku b03,
AR04312,تضرّعَ,فعل,41,646,طلبَ بجدية أو قلق,ضرع,تَفَعَّلَ,,,,,CANDIDATE,,L2_017 haiku b03,
AR04313,تضرّع,اسم جامد,41,647,الطلب بجدية,ضرع,تَفَعُّلٌ,,,,,CANDIDATE,,L2_017 haiku b03,
AR04314,عريضة,اسم جامد,41,651,الالتماس أو الطلب الموقّع,عرض,فَعِيلَةٌ,,,,,CANDIDATE,,L2_017 haiku b03,UNVOCALIZED
AR04315,التماس,اسم جامد,41,652,الطلب بانفعال وإلحاح,لمس,اِفْتِعَالٌ,,,,,CANDIDATE,,L2_017 haiku b03,UNVOCALIZED
AR04316,طلب,اسم جامد,41,654,طلب هادئ أو رسمي,طلب,فُعْلٌ,,,,,CANDIDATE,,L2_017 haiku b03,UNVOCALIZED
AR04317,طلبَ,فعل,41,655,طلبَ بأدب أو رسمية,طلب,فَعَلَ,,,,,CANDIDATE,,L2_017 haiku b03,
AR04318,استدعىْ,فعل,41,657,طلبَ حضور شخص بسلطة,دعو,,,,,,CANDIDATE,اِسْتَفْعَىْ,L2_017 haiku b03,WAZN_NOT_IN_INV
AR04319,حثّ,فعل,41,659,شجّعَ أو استرحمَ بجدية,حثث,فَعَّلَ,,,,,CANDIDATE,,L2_017 haiku b03,WAZN_LEMMA_MISMATCH
AR04320,استدعاء,اسم جامد,41,10219,الالهام أو الطلب الرسمي,دعو,,,,,,CANDIDATE,اِسْتِفْعَاء,L2_017 haiku b03,UNVOCALIZED;WAZN_NOT_IN_INV
AR04321,دعاه,فعل,41,11045,طلبَ بأدب من شخص,دعو,,,,,,CANDIDATE,فَعَاه,L2_017 haiku b03,UNVOCALIZED;WAZN_NOT_IN_INV
AR04322,دعوة,اسم جامد,41,14693;17288,الطلب الرسمي نسبياً,دعو,,,,,,CANDIDATE,فَعْوَة,L2_017 haiku b03,UNVOCALIZED;WAZN_NOT_IN_INV
AR04323,جواب,اسم جامد,42,660,ما يُقال أو يُكتب ردّاً على سؤال,جوب,فِعَالٌ,,,,,CANDIDATE,,L2_017 haiku b03,UNVOCALIZED
AR04324,أجابَ,فعل,42,661,ردّ على سؤال,جوب,أَفْعَلَ,,,,,CANDIDATE,,L2_017 haiku b03,
AR04325,ردّ سريع,تركيب,42,662,جواب فوري ذكي على انتقاد,,,,,,,CANDIDATE,,L2_017 haiku b03,
AR04326,ردّ,فعل,42,663;664;667;668;671;13269,تحدّثَ أو تصرّفَ اعتراضاً,ردد,فَعَّلَ,,,,,CANDIDATE,,L2_017 haiku b03,WAZN_LEMMA_MISMATCH
AR04327,ردّ ذكي,تركيب,42,665,جواب حاد أو فطن,,,,,,,CANDIDATE,,L2_017 haiku b03,
AR04328,ردّ,اسم جامد,42,666;669,كلام أو كتابة ترد على تحدّث,ردد,فَعْلٌ,,,,,CANDIDATE,,L2_017 haiku b03,WAZN_LEMMA_MISMATCH
AR04329,ردّ حاد,تركيب,42,670,جواب حاد أو غاضب أو ذكي,,,,,,,CANDIDATE,,L2_017 haiku b03,
AR04330,ردّ فطن,تركيب,42,672,جواب ذكي وسريع,,,,,,,CANDIDATE,,L2_017 haiku b03,
AR04331,ردّ فعل,تركيب,42,13323,ردّ لفظي على موقف,,,,,,,CANDIDATE,,L2_017 haiku b03,
AR04332,أقرّ,فعل,42,17434,ردّ على التواصل دون معلومات إضافية,قرر,أَفْعَلَ,,,,,CANDIDATE,,L2_017 haiku b03,WAZN_LEMMA_MISMATCH
AR04333,متحمّس,صفة مشبهة,44,759;5226,يعبّر بحماس غير متحفّظ,حمس,مُتَفَعِّلٌ,,,,,CANDIDATE,,L2_017 haiku b03,
AR04334,سطحي,صفة مشبهة,44,760,بليغ لكن غير أمين وسطحي,سطح,فَعِيلٌ,,,,,CANDIDATE,,L2_017 haiku b03,UNVOCALIZED
AR04335,موجز,صفة مشبهة,44,761;5230,يستخدم كلمات قليلة,وجز,فَعِيلٌ,,,,,CANDIDATE,,L2_017 haiku b03,UNVOCALIZED
AR04336,ثرثار,صفة مشبهة,44,762;765;5225;5234,يميل إلى الحديث الكثير,ثرث,فَعَّالٌ,,,,,CANDIDATE,,L2_017 haiku b03,UNVOCALIZED;WAZN_LEMMA_MISMATCH
AR04337,صامت,صفة مشبهة,44,763;764;5228;6935;10842,لا يكشف أفكاره بسهولة,صمت,فَاعِلٌ,,,,,CANDIDATE,,L2_017 haiku b03,UNVOCALIZED
AR04338,ودّي,صفة مشبهة,44,5220,يحب الحوار الودي,ودد,فَعِيلٌ,,,,,CANDIDATE,,L2_017 haiku b03,
AR04339,فم كبير,تركيب,44,5221,شخص عديم الحذر أو مختال بالكلام,,,,,,,CANDIDATE,,L2_017 haiku b03,UNVOCALIZED
AR04340,فظّ,صفة مشبهة,44,5222,غير مهذّب أو بدون تدرّج,فظظ,,,,,,CANDIDATE,فَعّ,L2_017 haiku b03,WAZN_NOT_IN_INV
AR04341,غليظ,صفة مشبهة,44,5223,بحشمة أو بغلظة,غلظ,فَعِيلٌ,,,,,CANDIDATE,,L2_017 haiku b03,UNVOCALIZED
AR04342,متواصل,اسم فاعل,44,5224,متساهل وودّي وناطق,وصل,مُفَاعِلٌ,,,,,CANDIDATE,,L2_017 haiku b03,UNVOCALIZED
AR04343,متحمّس جداً,صفة مشبهة,44,5227,مفرط التحمّس والعاطفة,حمس,فَاعِلٌ,,,,,CANDIDATE,,L2_017 haiku b03,WAZN_LEMMA_MISMATCH
AR04344,مفوّه,صفة مشبهة,44,5229,يتحدّث بتدفّق وبطلاقة,فوه,,,,,,CANDIDATE,مُفَوَّه,L2_017 haiku b03,WAZN_NOT_IN_INV
AR04345,منطوٍ,صفة مشبهة,44,5231,غير مستعدّ للحديث,نطو,فَاعِلٌ,,,,,CANDIDATE,,L2_017 haiku b03,
AR04346,ثرثرة,اسم جامد,44,5232,كثرة الحديث والثرثرة,ثرث,فَعْلَلَةٌ,,,,,CANDIDATE,,L2_017 haiku b03,UNVOCALIZED;WAZN_LEMMA_MISMATCH
AR04347,كثير الثرثرة,تركيب,44,5233,شخص يتحدّث كثيراً بلا حذر,,,,,,,CANDIDATE,,L2_017 haiku b03,UNVOCALIZED
AR04348,انطواء,اسم جامد,44,5235,عدم الكشف عن الأفكار بسهولة,نطو,اِفْتِعَالٌ,,,,,CANDIDATE,,L2_017 haiku b03,UNVOCALIZED
AR04349,محتفظ,صفة مشبهة,44,5236,بطيء في الكشف عن الآراء,حفظ,مُفَاعَلٌ,,,,,CANDIDATE,,L2_017 haiku b03,UNVOCALIZED;WAZN_LEMMA_MISMATCH
AR04350,هادئ,صفة مشبهة,44,15391,يميل للصمت والهدوء,هدو,فَاعِلٌ,,,,,CANDIDATE,,L2_017 haiku b03,UNVOCALIZED
AR04351,قَلِقَ,فعل,45,766;768,يقلق باستمرار ويظهر انزعاجاً,قلق,فَعِلَ,,,,,CANDIDATE,,L2_017 haiku b03,
AR04352,ركبَ,فعل,45,767,يبالي بقلق مفرط,ركب,فَعَلَ,,,,,CANDIDATE,,L2_017 haiku b03,
AR04353,فقدَ النوم,تركيب,45,5340,قلقَ إلى درجة عدم النوم,,,,,,,CANDIDATE,,L2_017 haiku b03,
AR04354,تألّمَ,فعل,45,7260,عانى قلقاً عقلياً شديداً,ءلم,تَفَعَّلَ,,,,,CANDIDATE,,L2_017 haiku b03,ROOT_NORMALIZED
AR04355,اهتمّ,فعل,45,10180,اشغلَ بالتفكير المستمرّ,هتم,اِفْتَعَلَ,,,,,CANDIDATE,,L2_017 haiku b03,WAZN_LEMMA_MISMATCH
AR04356,هوس,اسم جامد,45,10382,الاشتغال المستمرّ المزعج,هوس,فُعْلٌ,,,,,CANDIDATE,,L2_017 haiku b03,UNVOCALIZED
AR04357,غَلىَ,فعل,49,891;895,يثار أو يشتعل من انفعال,غلو,فَعِلَ,,,,,CANDIDATE,,L2_017 haiku b03,
AR04358,احترقَ,فعل,49,892;897,يتملّكه رغبة أو انفعال,حرق,اِفْتَعَلَ,,,,,CANDIDATE,,L2_017 haiku b03,
AR04359,استاء,فعل,49,893,يزعجه قيد أو إزعاج,ساء,اِسْتَفْعَلَ,,,,,CANDIDATE,,L2_017 haiku b03,ROOT_ALIF;UNVOCALIZED
AR04360,غَضِبَ,فعل,49,894,يشعر بغضب شديد,غضب,فَعِلَ,,,,,CANDIDATE,,L2_017 haiku b03,
AR04361,تَرنّحَ,فعل,49,896,في حالة غضب مكبوت,رنح,تَفَعَّلَ,,,,,CANDIDATE,,L2_017 haiku b03,
AR04362,قَلىَ,فعل,49,898,بقيَ قلقاً أو منزعجاً,قلو,فَعِلَ,,,,,CANDIDATE,,L2_017 haiku b03,
AR04363,خفّفَ,فعل,50,899;4035,جعل الألم أو الصعوبة أقلّ حدة,خفف,فَعَّلَ,,,,,CANDIDATE,,L2_017 haiku b03,
AR04364,علاج,اسم جامد,50,900;4023;4025;4040,مادة أو علاج يشفي,علج,فِعَالٌ,,,,,CANDIDATE,,L2_017 haiku b03,UNVOCALIZED
AR04365,شفىَ,فعل,50,901;902,أنهىَ مرضاً بعلاج,شفو,فَعِلَ,,,,,CANDIDATE,,L2_017 haiku b03,
AR04366,أعادَ,فعل,50,903,استرجعَ الصحة بالعلاج,عود,أَفْعَلَ,,,,,CANDIDATE,,L2_017 haiku b03,
AR04367,إعادة تأهيل,تركيب,50,904,عملية إعادة الصحة أو الحياة الطبيعية,,,,,,,CANDIDATE,,L2_017 haiku b03,UNVOCALIZED
AR04368,عالجَ,فعل,50,905;14873,قدّم عناية طبية,علج,فَعَلَ,,,,,CANDIDATE,,L2_017 haiku b03,
AR04369,معالجة,اسم جامد,50,906,العناية الطبية,علج,مُفَاعَلَةٌ,,,,,CANDIDATE,,L2_017 haiku b03,UNVOCALIZED
AR04370,شافي,اسم فاعل,50,4019,قابل للشفاء,شفو,فَاعِلٌ,,,,,CANDIDATE,,L2_017 haiku b03,UNVOCALIZED
AR04371,عسر الشفاء,تركيب,50,4020,غير قابل للشفاء,,,,,,,CANDIDATE,,L2_017 haiku b03,UNVOCALIZED
AR04372,معالج,اسم فاعل,50,4021,شخص يشفي,علج,مُفَاعِلٌ,,,,,CANDIDATE,,L2_017 haiku b03,UNVOCALIZED
AR04373,علاجي,صفة مشبهة,50,4022;4041,قادر على الشفاء,علج,,,,,,CANDIDATE,فِعَالِي,L2_017 haiku b03,UNVOCALIZED;WAZN_NOT_IN_INV
AR04374,تخفيف,اسم جامد,50,4024,جعل الحالة أكثر تحمّلاً,خفف,تَفْعِيلٌ,,,,,CANDIDATE,,L2_017 haiku b03,UNVOCALIZED
AR04375,تأهيلي,صفة مشبهة,50,4034,له وظيفة الاستشفاء,ءهل,,,,,,CANDIDATE,فِعَالِي,L2_017 haiku b03,ROOT_NORMALIZED;UNVOCALIZED;WAZN_NOT_IN_INV
AR04376,سكّنَ,فعل,50,4036,خفّفَ أعراض المرض,سكن,فَعَّلَ,,,,,CANDIDATE,,L2_017 haiku b03,
AR04377,تسكين,اسم جامد,50,4037,تخفيف آثار المرض,سكن,تَفْعِيلٌ,,,,,CANDIDATE,,L2_017 haiku b03,UNVOCALIZED
AR04378,مسكّن,اسم فاعل,50,4038,علاج مسكّن,سكن,مُفَعِّلٌ,,,,,CANDIDATE,,L2_017 haiku b03,
AR04379,مسكّن,صفة مشبهة,50,4039,يخفّف الألم بدون شفاء,سكن,مُفَعِّلٌ,,,,,CANDIDATE,,L2_017 haiku b03,
AR04380,معالج,اسم جامد,50,4042,متخصّص بعلاج معيّن,علج,مُفَاعِلٌ,,,,,CANDIDATE,,L2_017 haiku b03,UNVOCALIZED
AR04381,أحيىَ,فعل,50,7849,جعل نشطاً أو حيويّاً مجدداً,حيو,,,,,,CANDIDATE,أَفْعَىْ,L2_017 haiku b03,WAZN_NOT_IN_INV
AR04382,مرّض,فعل,50,15101,عمل كممرّضة وبعناية,رض,فَعَّلَ,,,,,CANDIDATE,,L2_017 haiku b03,ROOT_LEN
AR04383,تعافىَ,فعل,51,907;910;912,تحسّنَ تدريجياً من مرض,عاف,تَفَاعَلَ,,,,,CANDIDATE,,L2_017 haiku b03,ROOT_ALIF
AR04384,نقاهة,اسم جامد,51,908,الحالة أثناء التعافي,قوه,فِعَالَةٌ,,,,,CANDIDATE,,L2_017 haiku b03,UNVOCALIZED
AR04385,شفىَ,فعل,51,909,صار سليماً أو معافىً,شفو,فَعِلَ,,,,,CANDIDATE,,L2_017 haiku b03,
AR04386,تعافي,اسم جامد,51,911;913,عملية العودة للصحة,عاف,تَفَعُّلٌ,,,,,CANDIDATE,,L2_017 haiku b03,ROOT_ALIF;UNVOCALIZED
AR04387,تحسّنَ,فعل,51,10007;17535,أصبحَ أفضل,حسن,تَفَعَّلَ,,,,,CANDIDATE,,L2_017 haiku b03,
AR04388,حسّاس,صفة مشبهة,52,914;916,متعلّق بحساسية,حسس,فَاعِلٌ,,,,,CANDIDATE,,L2_017 haiku b03,
AR04389,حساسية,اسم جامد,52,915;917,رد فعل مناعي ضارّ,حسس,فَعَالِيَّةٌ,,,,,CANDIDATE,,L2_017 haiku b03,UNVOCALIZED
AR04390,عرضة,صفة مشبهة,52,918,قابل للتأثّر أو الضرر,عرض,فَعْلَةٌ,,,,,CANDIDATE,,L2_017 haiku b03,UNVOCALIZED
AR04391,استعداد,اسم جامد,52,919,احتمال التأثّر الضرر,عدد,اِسْتِفْعَالٌ,,,,,CANDIDATE,,L2_017 haiku b03,UNVOCALIZED
AR04392,موت,اسم جامد,53,922,فعل أو حقيقة الموت,موت,فُعْلٌ,,,,,CANDIDATE,,L2_017 haiku b03,UNVOCALIZED
AR04393,وفاة,اسم جامد,53,923,موت الشخص,وفو,فِعَالَةٌ,,,,,CANDIDATE,,L2_017 haiku b03,UNVOCALIZED
AR04394,مَاتَ,فعل,53,924;2097;5307;8649,توقّفَ عن الحياة,موت,فَعَلَ,,,,,CANDIDATE,,L2_017 haiku b03,
AR04395,هَلَكَ,فعل,53,933,مَاتَ خاصة بأعداد كبيرة,هلك,فَعَلَ,,,,,CANDIDATE,,L2_017 haiku b03,
AR04396,قاتل,اسم فاعل,53,2079,شخص يقتل,قتل,فَاعِلٌ,,,,,CANDIDATE,,L2_017 haiku b03,UNVOCALIZED
AR04397,تُوُفِّيَ,فعل,53,2098,مَاتَ (أرشايّ),وفو,,,,,,CANDIDATE,فُعِّلَ,L2_017 haiku b03,WAZN_NOT_IN_INV
AR04398,جُوّعَ,فعل,53,2099,عانى أو مَاتَ من الجوع,جوع,,,,,,CANDIDATE,فُعِّلَ,L2_017 haiku b03,WAZN_NOT_IN_INV
AR04399,جوع,اسم جامد,53,2230,الموت من الجوع,جوع,فُعْلٌ,,,,,CANDIDATE,,L2_017 haiku b03,UNVOCALIZED
AR04400,انقضىَ,فعل,53,3990,مَاتَ الشخص,قضو,اِنْفَعَلَ,,,,,CANDIDATE,,L2_017 haiku b03,
AR04401,وافىَ,فعل,53,4049,تُوُفِّيَ,وفو,فَاعَلَ,,,,,CANDIDATE,,L2_017 haiku b03,
AR04402,غَرِقَ,فعل,53,6933,مَاتَ من الغرق,غرق,فَعِلَ,,,,,CANDIDATE,,L2_017 haiku b03,
AR04403,اختنقَ,فعل,53,8916;9089,مَاتَ من نقص الأكسجين,خنق,اِفْتَعَلَ,,,,,CANDIDATE,,L2_017 haiku b03,
AR04404,اختناق,اسم جامد,53,9127,الموت من نقص الهواء,خنق,اِفْتِعَالٌ,,,,,CANDIDATE,,L2_017 haiku b03,UNVOCALIZED
AR04405,وفيات,اسم جامد,53,14966,موت الشخص أو الكائن,وفو,,,,,,CANDIDATE,فَعِيَات,L2_017 haiku b03,UNVOCALIZED;WAZN_NOT_IN_INV
AR04406,نهاية,اسم جامد,53,17334,الموت,نهو,فِعَالَةٌ,,,,,CANDIDATE,,L2_017 haiku b03,UNVOCALIZED
AR04407,فانٍ,صفة مشبهة,53,18820,مقدّرٌ أن يموت,فني,فَاعِلٌ,,,,,CANDIDATE,,L2_017 haiku b03,
AR04408,اقتراب,اسم جامد,54,937,فعل الاقتراب,قرب,اِفْتِعَالٌ,,,,,CANDIDATE,,L2_017 haiku b03,UNVOCALIZED
AR04409,اقتربَ,فعل,54,938,تحرّكَ نحو بقرب,قرب,اِفْتَعَلَ,,,,,CANDIDATE,,L2_017 haiku b03,
AR04410,وصول,اسم جامد,54,939,فعل الوصول,وصل,فُعُولٌ,,,,,CANDIDATE,,L2_017 haiku b03,UNVOCALIZED
AR04411,وَصَلَ,فعل,54,940;4883;4884;4885;11062;16383;16602,وصلَ المقصد,وصل,فَعَلَ,,,,,CANDIDATE,,L2_017 haiku b03,
AR04412,جَاءَ,فعل,54,941,تحرّكَ نحو مكان,جيء,,,,,,CANDIDATE,فَاعَ,L2_017 haiku b03,WAZN_NOT_IN_INV
AR04413,دَخَلَ,فعل,54,942,دَخَلَ مكاناً,دخل,فَعَلَ,,,,,CANDIDATE,,L2_017 haiku b03,
AR04414,دخول,اسم جامد,54,943;13510,فعل الدخول,دخل,فُعُولٌ,,,,,CANDIDATE,,L2_017 haiku b03,UNVOCALIZED
AR04415,عودة,اسم جامد,54,944,فعل العودة,عود,فُعْلَةٌ,,,,,CANDIDATE,,L2_017 haiku b03,UNVOCALIZED
AR04416,عَادَ,فعل,54,945,عَادَ إلى مكان,عود,فَعَلَ,,,,,CANDIDATE,,L2_017 haiku b03,
AR04417,زيارة,اسم جامد,54,946,فعل الزيارة,زور,,,,,,CANDIDATE,فِيَاعَة,L2_017 haiku b03,UNVOCALIZED;WAZN_NOT_IN_INV
AR04418,زَارَ,فعل,54,947,ذهبَ لرؤية شخص,زور,,,,,,CANDIDATE,فَاعَ,L2_017 haiku b03,WAZN_NOT_IN_INV
AR04419,هبطَ,فعل,54,12883,نزلَ على مكان,هبط,فَعَلَ,,,,,CANDIDATE,,L2_017 haiku b03,
AR04420,تجاوزَ,فعل,54,12963,وصلَ إلى قمة,جوز,تَفَاعَلَ,,,,,CANDIDATE,,L2_017 haiku b03,
AR04421,هجرة,اسم جامد,54,14271,وصول أعداد كبيرة,هجر,فِعْلَةٌ,,,,,CANDIDATE,,L2_017 haiku b03,UNVOCALIZED
AR04422,ظهرَ,فعل,54,16415,وصلَ فجأة,ظهر,فَعَلَ,,,,,CANDIDATE,,L2_017 haiku b03,
AR04423,رَمَى,فعل,55,948;950;952;956;960;962;17187,إطلاق الشيء بقوة من اليد عبر الهواء,رمي,فَعَلَ,,,,,CANDIDATE,,L2_017 haiku b04,
AR04424,قَذَفَ,فعل,55,949;954;15094,رمي الشيء بقوة عظيمة كأنه برنقة,قذف,فَعَلَ,,,,,CANDIDATE,,L2_017 haiku b04,
AR04425,جَرَّ,فعل,55,951;10904,سحب شيء بقوة وخشونة,جرر,فَعَّلَ,,,,,CANDIDATE,,L2_017 haiku b04,WAZN_LEMMA_MISMATCH
AR04426,دَفَعَ,فعل,55,955;958;959;961;15089;18533,دفع شيء برفق تدريجي,دفع,فَعَلَ,,,,,CANDIDATE,,L2_017 haiku b04,
AR04427,ضَغَطَ,فعل,55,957,الضغط على شيء لتحريكه,ضغط,فَعَلَ,,,,,CANDIDATE,,L2_017 haiku b04,
AR04428,سَحَبَ,فعل,55,963;964;10905;11121;12058;15083,جذب شيء بقوة وفجأة,سحب,فَعَلَ,,,,,CANDIDATE,,L2_017 haiku b04,
AR04429,حَرَّكَ,فعل,55,11008;12056;17676,تحريك شيء بخفة,حرك,فَعَّلَ,,,,,CANDIDATE,,L2_017 haiku b04,
AR04430,زَحْلَقَ,فعل,55,11009,تمرير شيء على سطح بنعومة,زحلق,فَعْلَلَ,,,,,CANDIDATE,,L2_017 haiku b04,
AR04431,قَادَ,فعل,55,12055,دفع شيء بقوة في اتجاه معين,قود,فَعَلَ,,,,,CANDIDATE,,L2_017 haiku b04,
AR04432,أَجْبَرَ,فعل,55,12057,إجبار شيء على الانتقال بالقوة,جبر,أَفْعَلَ,,,,,CANDIDATE,,L2_017 haiku b04,
AR04433,جَذَبَ,فعل,55,14418;18534;18535,جذب شيء بقوة الجاذبية,جذب,فَعَلَ,,,,,CANDIDATE,,L2_017 haiku b04,
AR04434,ضَرَبَ,فعل,55,15048;16382,ضرب شيء فجأة لتحريكه,ضرب,فَعَلَ,,,,,CANDIDATE,,L2_017 haiku b04,
AR04435,رَكَلَ,فعل,55,15050,ضرب الكرة برجل كاللعبة,ركل,فَعَلَ,,,,,CANDIDATE,,L2_017 haiku b04,
AR04436,دَحْرَجَ,فعل,55,15053,تدوير شيء على محوره,درج,فَعْلَلَ,,,,,CANDIDATE,,L2_017 haiku b04,WAZN_LEMMA_MISMATCH
AR04437,أَدْخَلَ,فعل,55,15120,إدخال جسم حاد في شيء,دخل,أَفْعَلَ,,,,,CANDIDATE,,L2_017 haiku b04,
AR04438,نَقَلَ,فعل,55,16133,نقل شيء من مكان إلى آخر,نقل,فَعَلَ,,,,,CANDIDATE,,L2_017 haiku b04,
AR04439,أَسْقَطَ,فعل,55,17646,ترك الشيء يسقط للأسفل,سقط,أَفْعَلَ,,,,,CANDIDATE,,L2_017 haiku b04,
AR04440,رَفَعَ,فعل,55,18566,رفع شيء نحو الأعلى,رفع,فَعَلَ,,,,,CANDIDATE,,L2_017 haiku b04,
AR04441,رَافَقَ,فعل,56,965;968;7659;10617,الذهاب مع شخص إلى مكان,رفق,فَاعَلَ,,,,,CANDIDATE,,L2_017 haiku b04,
AR04442,طَارَدَ,فعل,56,966;972,متابعة شخص لإمساكه,طرد,فَاعَلَ,,,,,CANDIDATE,,L2_017 haiku b04,
AR04443,قَادَ,فعل,56,967;973;976;17673,توجيه شخص إلى مكان,قود,فَعَلَ,,,,,CANDIDATE,,L2_017 haiku b04,
AR04444,تَابَعَ,فعل,56,970;975;977;979;15138;15139,المسير خلف شخص,تبع,فَاعَلَ,,,,,CANDIDATE,,L2_017 haiku b04,
AR04445,أَرْشَدَ,فعل,56,971;4126;15235,الدلالة على الطريق,رشد,أَفْعَلَ,,,,,CANDIDATE,,L2_017 haiku b04,
AR04446,طَالَبَ,فعل,56,974;6442,المتابعة للإمساك أو الهجوم,طلب,فَاعَلَ,,,,,CANDIDATE,,L2_017 haiku b04,
AR04447,تَتَبَّعَ,فعل,56,978,متابعة المسار,تبع,تَفَعَّلَ,,,,,CANDIDATE,,L2_017 haiku b04,
AR04448,مُطَارَدَة,مصدر,56,4124,فعل متابعة شخص,طرد,مُفَاعَلَةٌ,,,,,CANDIDATE,,L2_017 haiku b04,
AR04449,مُطَارِد,اسم فاعل,56,4125,من يطارد,طرد,مُفَاعِلٌ,,,,,CANDIDATE,,L2_017 haiku b04,
AR04450,مَقُودٌ,صفة مشبهة,56,14365,من يُقاد بواسطة آخر,قود,مَفْعُولٌ,,,,,CANDIDATE,,L2_017 haiku b04,
AR04451,رَحَلَ,فعل,57,980,مغادرة المكان بسرعة وسرية,رحل,فَعَلَ,,,,,CANDIDATE,,L2_017 haiku b04,
AR04452,غَادَرَ,فعل,57,983,ترك المكان للسفر,غدر,فَاعَلَ,,,,,CANDIDATE,,L2_017 haiku b04,
AR04453,مُغَادَرَة,مصدر,57,984,فعل ترك المكان,غدر,مُفَاعَلَةٌ,,,,,CANDIDATE,,L2_017 haiku b04,
AR04454,اخْتَفَى,فعل,57,987;999,عدم الظهور بعد الآن,خفي,اِفْتَعَلَ,,,,,CANDIDATE,,L2_017 haiku b04,
AR04455,اخْتِفَاء,مصدر,57,988,فعل عدم الظهور,خفي,اِفْتِعَالٌ,,,,,CANDIDATE,,L2_017 haiku b04,
AR04456,هُرُوب,اسم جامد,57,991,فعل الفرار,هرب,فُعُولٌ,,,,,CANDIDATE,,L2_017 haiku b04,
AR04457,هَرَبَ,فعل,57,992;4030,الفرار من مكان,هرب,فَعَلَ,,,,,CANDIDATE,,L2_017 haiku b04,
AR04458,تَوَارَى,فعل,57,998,الاختفاء بسرعة وكمال,وري,تَفَاعَلَ,,,,,CANDIDATE,,L2_017 haiku b04,
AR04459,خَرَجَ,فعل,57,4031;9104,الخروج من المكان,خرج,فَعَلَ,,,,,CANDIDATE,,L2_017 haiku b04,
AR04460,تَرَكَ,فعل,57,8622,المغادرة والابتعاد,ترك,فَعَلَ,,,,,CANDIDATE,,L2_017 haiku b04,
AR04461,خُرُوج,اسم جامد,57,10125,فعل مغادرة المكان,خرج,فُعُولٌ,,,,,CANDIDATE,,L2_017 haiku b04,
AR04462,هِجْرَة,اسم جامد,57,11762,مغادرة جماعية,هجر,فِعْلَةٌ,,,,,CANDIDATE,,L2_017 haiku b04,
AR04463,فَرَّغَ,فعل,58,1002;1003;1004;4149;4151;6267;15631,تفريغ المكان من العوائق,فرغ,فَعَّلَ,,,,,CANDIDATE,,L2_017 haiku b04,
AR04464,طَهَّرَ,فعل,58,1005;4152;13213,تنقية من الشوائب,طهر,فَعَّلَ,,,,,CANDIDATE,,L2_017 haiku b04,
AR04465,تَجَرَّدَ,فعل,58,1006,إزالة الملحقات,جرد,تَفَعَّلَ,,,,,CANDIDATE,,L2_017 haiku b04,
AR04466,عَزَلَ,فعل,58,2477,حرمان من الملكية,عزل,فَعَلَ,,,,,CANDIDATE,,L2_017 haiku b04,
AR04467,تَخَلَّصَ,فعل,58,2478,تحرير من الأشياء الضارة,خلص,تَفَعَّلَ,,,,,CANDIDATE,,L2_017 haiku b04,
AR04468,اسْتَخْرَجَ,فعل,58,2479,استخراج الأحشاء,خرج,اِسْتَفْعَلَ,,,,,CANDIDATE,,L2_017 haiku b04,
AR04469,سَلَخَ,فعل,58,2480,إزالة الجلد,سلخ,فَعَلَ,,,,,CANDIDATE,,L2_017 haiku b04,
AR04470,لَبَّ,فعل,58,2481,إزالة النواة,لبب,فَعَّلَ,,,,,CANDIDATE,,L2_017 haiku b04,WAZN_LEMMA_MISMATCH
AR04471,قَشَّرَ,فعل,58,2482;14828,إزالة الغلاف الخارجي,قشر,فَعَّلَ,,,,,CANDIDATE,,L2_017 haiku b04,
AR04472,أَفْرَغَ,فعل,58,2483;4088,استخراج الأحشاء,فرغ,أَفْعَلَ,,,,,CANDIDATE,,L2_017 haiku b04,
AR04473,نَزَعَ,فعل,58,2485;13108;13111;14829;14830,إزالة العظام,نزع,فَعَلَ,,,,,CANDIDATE,,L2_017 haiku b04,
AR04474,أَزَالَ,فعل,58,2593;2594;2595;2596;13110;15780,إزالة الخلل البرمجي,زيل,أَفْعَلَ,,,,,CANDIDATE,,L2_017 haiku b04,
AR04475,أَخَذَ,فعل,58,2597,أخذ الجلد من العدو,ءخذ,فَعَلَ,,,,,CANDIDATE,,L2_017 haiku b04,ROOT_NORMALIZED
AR04476,ذَابَ,فعل,58,2658,إزالة الجليد المتراكم,ذوب,فَاعَلَ,,,,,CANDIDATE,,L2_017 haiku b04,
AR04477,نَظَّفَ,فعل,58,3871,تنظيف من القمل,نظف,فَعَّلَ,,,,,CANDIDATE,,L2_017 haiku b04,
AR04478,عَرَّى,فعل,58,4089,تعرية من الملابس,عري,فَعَّلَ,,,,,CANDIDATE,,L2_017 haiku b04,
AR04479,أَخْلَى,فعل,58,9471,إخلاء المبنى من الأشخاص,خلي,أَفْعَلَ,,,,,CANDIDATE,,L2_017 haiku b04,
AR04480,نَزْع,اسم جامد,58,13112,فعل نزع السلاح,نزع,فَعْلٌ,,,,,CANDIDATE,,L2_017 haiku b04,
AR04481,تَطْهِير,مصدر,58,13214,فعل إزالة السموم,طهر,تَفْعِيلٌ,,,,,CANDIDATE,,L2_017 haiku b04,
AR04482,نَوَى,فعل,58,14827,إزالة النواة من الفاكهة,نوي,فَعَلَ,,,,,CANDIDATE,,L2_017 haiku b04,
AR04483,حَذَفَ,فعل,58,15633,الحذف التام للآثار,حذف,فَعَلَ,,,,,CANDIDATE,,L2_017 haiku b04,
AR04484,طَقَّ,فعل,60,1017;1020;1022;1024;1025;1027;1036;1038,الحركة بصوت حاد,طقق,فَعَّلَ,,,,,CANDIDATE,,L2_017 haiku b04,WAZN_LEMMA_MISMATCH
AR04485,طَنَّ,فعل,60,1018,الحركة بصوت طنين,طنن,فَعَّلَ,,,,,CANDIDATE,,L2_017 haiku b04,WAZN_LEMMA_MISMATCH
AR04486,تَمَّ,فعل,60,1019,الحركة بصوت انفجاري,تمم,فَعَّلَ,,,,,CANDIDATE,,L2_017 haiku b04,WAZN_LEMMA_MISMATCH
AR04487,رَنَّ,فعل,60,1021,الحركة بصوت معادني عالٍ,رنن,فَعَّلَ,,,,,CANDIDATE,,L2_017 haiku b04,WAZN_LEMMA_MISMATCH
AR04488,خَطَّ,فعل,60,1023;1026,الحركة بصوت خرخشة,خطط,فَعَّلَ,,,,,CANDIDATE,,L2_017 haiku b04,WAZN_LEMMA_MISMATCH
AR04489,خَشّ,فعل,60,1028;1041;1045,الحركة بأصوات خاشة,خشش,فَعَّلَ,,,,,CANDIDATE,,L2_017 haiku b04,WAZN_LEMMA_MISMATCH
AR04490,دَوَّ,فعل,60,1029,الحركة بصوت تحطم,دوو,فَعَّلَ,,,,,CANDIDATE,,L2_017 haiku b04,
AR04491,صَرَّ,فعل,60,1030,الحركة بصوت حاد مؤلم,صرر,فَعَّلَ,,,,,CANDIDATE,,L2_017 haiku b04,WAZN_LEMMA_MISMATCH
AR04492,حَطّ,فعل,60,1031,الحركة بصوت طحن,حطط,فَعَّلَ,,,,,CANDIDATE,,L2_017 haiku b04,WAZN_LEMMA_MISMATCH
AR04493,فَزّ,فعل,60,1032,الحركة بصوت فرقعة,فزز,فَعَّلَ,,,,,CANDIDATE,,L2_017 haiku b04,WAZN_LEMMA_MISMATCH
AR04494,غَرْغَرَ,فعل,60,1033,الحركة بصوت غرغرة,غرغر,فَعْلَلَ,,,,,CANDIDATE,,L2_017 haiku b04,
AR04495,عَوَى,فعل,60,1034,الحركة بصوت عويل,عوي,فَعَلَ,,,,,CANDIDATE,,L2_017 haiku b04,
AR04496,خَطّ,فعل,60,1035;1044;1050,الجري بصوت طقات خفيفة,خطط,فَعَّلَ,,,,,CANDIDATE,,L2_017 haiku b04,WAZN_LEMMA_MISMATCH
AR04497,خَرّ,فعل,60,1037,الحركة بصوت خرخرة,خرر,فَعَّلَ,,,,,CANDIDATE,,L2_017 haiku b04,WAZN_LEMMA_MISMATCH
AR04498,صَرَخَ,فعل,60,1039;1042,الحركة بصوت رعد,صرخ,فَعَلَ,,,,,CANDIDATE,,L2_017 haiku b04,
AR04499,دَوّ,فعل,60,1040;1049,الحركة بصوت رعدي,دوو,فَعَّلَ,,,,,CANDIDATE,,L2_017 haiku b04,
AR04500,رَشّ,فعل,60,1043,الضربة أو الحركة في الماء,رشش,فَعَّلَ,,,,,CANDIDATE,,L2_017 haiku b04,WAZN_LEMMA_MISMATCH
AR04501,خَفّ,فعل,60,1046;1052,الحركة بصوت هسهسة,خفف,فَعَّلَ,,,,,CANDIDATE,,L2_017 haiku b04,WAZN_LEMMA_MISMATCH
AR04502,دَقّ,فعل,60,1047;1048,الحركة بصوت مملّ,دقق,فَعَّلَ,,,,,CANDIDATE,,L2_017 haiku b04,WAZN_LEMMA_MISMATCH
AR04503,أَنّ,فعل,60,1051,الحركة بصوت عالٍ متصل,ءنن,أَفْعَلَ,,,,,CANDIDATE,,L2_017 haiku b04,ROOT_NORMALIZED
AR04504,طَارَ,فعل,60,1053,الحركة السريعة,طير,فَاعَلَ,,,,,CANDIDATE,,L2_017 haiku b04,
AR04505,صَفّ,فعل,60,9505,الحركة بصوت صفير,صفف,فَعَّلَ,,,,,CANDIDATE,,L2_017 haiku b04,WAZN_LEMMA_MISMATCH
AR04506,اتّجَهَ,فعل,61,1054;1055,الحركة بزاوية,جهة,اِفْتَعَلَ,,,,,CANDIDATE,,L2_017 haiku b04,WAZN_LEMMA_MISMATCH
AR04507,عَبّ,فعل,61,1056;1057;1075;10920,التنقل عبر مكان ذهاباً وإياباً,عبب,فَعَّلَ,,,,,CANDIDATE,,L2_017 haiku b04,WAZN_LEMMA_MISMATCH
AR04508,نَزَلَ,فعل,61,1058,الحركة نحو الأسفل كمسار,نزل,فَعَلَ,,,,,CANDIDATE,,L2_017 haiku b04,
AR04509,انْحَدَرَ,فعل,61,1059;1071,الميل نحو الأسفل,حدر,اِنْفَعَلَ,,,,,CANDIDATE,,L2_017 haiku b04,
AR04510,هَبَطَ,فعل,61,1060,السقوط الرأسي,هبط,فَعَلَ,,,,,CANDIDATE,,L2_017 haiku b04,
AR04511,زَحَفَ,فعل,61,1061,الحركة على الحافة الخارجية,زحف,فَعَلَ,,,,,CANDIDATE,,L2_017 haiku b04,
AR04512,ظَهَرَ,فعل,61,1062,الظهور التدريجي المرئي,ظهر,فَعَلَ,,,,,CANDIDATE,,L2_017 haiku b04,
AR04513,خَرَجَ,فعل,61,1063,الخروج من المكان,خرج,فَعَلَ,,,,,CANDIDATE,,L2_017 haiku b04,
AR04514,رَحَلَ,فعل,61,1064,المسار البعيد عن المكان,رحل,فَعَلَ,,,,,CANDIDATE,,L2_017 haiku b04,
AR04515,تَعَرّجَ,فعل,61,1065;1079,اتباع مسار متعرج,عرج,تَفَعَّلَ,,,,,CANDIDATE,,L2_017 haiku b04,
AR04516,وَصَلَ,فعل,61,1068,التمدد إلى الوجهة,وصل,فَعَلَ,,,,,CANDIDATE,,L2_017 haiku b04,
AR04517,ارْتَفَعَ,فعل,61,1069,الميل نحو الأعلى,رفع,اِفْتَعَلَ,,,,,CANDIDATE,,L2_017 haiku b04,
AR04518,أَحَاطَ,فعل,61,1070,المسير حول حافة شيء,حيط,أَفْعَلَ,,,,,CANDIDATE,,L2_017 haiku b04,
AR04519,التَوَى,فعل,61,1072;1078;13087,التواء المسار,لوي,اِفْتَعَلَ,,,,,CANDIDATE,,L2_017 haiku b04,
AR04520,اِنْحَرَفَ,فعل,61,1073;1074;1076;5052,الانحراف المفاجئ,حرف,اِنْفَعَلَ,,,,,CANDIDATE,,L2_017 haiku b04,
AR04521,انْسَاجَ,فعل,61,1077,التحرك من جانب لآخر,سوج,اِنْفَعَلَ,,,,,CANDIDATE,,L2_017 haiku b04,
AR04522,تَمَوّجَ,فعل,61,5034,المسار الموجي الناعم,موج,تَفَعَّلَ,,,,,CANDIDATE,,L2_017 haiku b04,
AR04523,التِوَاء,اسم جامد,61,5036;5037,حركة ملتوية,لوي,اِفْتِعَالٌ,,,,,CANDIDATE,,L2_017 haiku b04,
AR04524,ملتَوٍ,صفة مشبهة,61,5038;5040,متعرج ملتوٍ,لوي,,,,,,CANDIDATE,مَفْتُول,L2_017 haiku b04,WAZN_NOT_IN_INV
AR04525,ارْتَقَى,فعل,61,5050,الصعود للأعلى,رقي,اِفْتَعَلَ,,,,,CANDIDATE,,L2_017 haiku b04,
AR04526,صُعُود,اسم جامد,61,5051,مسار منحدر للأعلى,صعد,فُعُولٌ,,,,,CANDIDATE,,L2_017 haiku b04,
AR04527,نُزُول,اسم جامد,61,5053,مسار منحدر للأسفل,نزل,فُعُولٌ,,,,,CANDIDATE,,L2_017 haiku b04,
AR04528,غَاصَ,فعل,61,5054,الهبوط الحاد للأسفل,غيص,فَاعَلَ,,,,,CANDIDATE,,L2_017 haiku b04,
AR04529,ظُهُور,اسم جامد,61,5055,فعل الظهور التدريجي,ظهر,فُعُولٌ,,,,,CANDIDATE,,L2_017 haiku b04,
AR04530,بَلَغَ,فعل,61,5727,الانتهاء في القمة,بلغ,فَعَلَ,,,,,CANDIDATE,,L2_017 haiku b04,
AR04531,الْتَفّ,فعل,61,8397,المرور حول شيء,لفف,اِفْتَعَلَ,,,,,CANDIDATE,,L2_017 haiku b04,WAZN_LEMMA_MISMATCH
AR04532,دَخَلَ,فعل,61,9285,دخول الطريق الماء إلى منطقة,دخل,فَعَلَ,,,,,CANDIDATE,,L2_017 haiku b04,
AR04533,خَاضَ,فعل,61,11971,العبور في مكان ضحل,خوض,فَاعَلَ,,,,,CANDIDATE,,L2_017 haiku b04,
AR04534,مَرّ,فعل,61,17740,المرور دون توقف,مرر,فَعَّلَ,,,,,CANDIDATE,,L2_017 haiku b04,WAZN_LEMMA_MISMATCH
AR04535,طَارَ,فعل,65,1265;9740,الحركة بواسطة منطاد,طير,فَاعَلَ,,,,,CANDIDATE,,L2_017 haiku b04,
AR04536,رَكِبَ,فعل,65,1266;1273;1282;1283;1288;1291;8880,الركوب على دراجة,ركب,فَعِلَ,,,,,CANDIDATE,,L2_017 haiku b04,
AR04537,قَادَ,فعل,65,1267;1278;8858;8863,قيادة الدراجة الهوائية,قود,فَعَلَ,,,,,CANDIDATE,,L2_017 haiku b04,
AR04538,أَبْحَرَ,فعل,65,1268;1289;8882,السفر بالقارب,بحر,أَفْعَلَ,,,,,CANDIDATE,,L2_017 haiku b04,
AR04539,جَذّ,فعل,65,1269;1279;1285,السفر في الكانو,جذذ,فَعَّلَ,,,,,CANDIDATE,,L2_017 haiku b04,WAZN_LEMMA_MISMATCH
AR04540,رَحَلَ,فعل,65,1270,السفر في صف من المركبات,رحل,فَعَلَ,,,,,CANDIDATE,,L2_017 haiku b04,
AR04541,نَزَلَ,فعل,65,1280,الهبوط بالمظلة,نزل,فَعَلَ,,,,,CANDIDATE,,L2_017 haiku b04,
AR04542,دَاسَ,فعل,65,1281,تحريك الدراجة بالدواسات,دوس,فَاعَلَ,,,,,CANDIDATE,,L2_017 haiku b04,
AR04543,انْزَلَقَ,فعل,65,1287,الحركة على الجليد,زلق,اِنْفَعَلَ,,,,,CANDIDATE,,L2_017 haiku b04,
AR04544,تَحَرَّكَ,فعل,65,1290,حركة الطائرة ببطء على الأرض,حرك,تَفَعَّلَ,,,,,CANDIDATE,,L2_017 haiku b04,
AR04545,حَضَرَ,فعل,66,1292,وجّه انتباهه بقصد نحو شيء لإدراكه حسياً,حضر,فَعَلَ,,,,,CANDIDATE,,L2_017 haiku b05,
AR04546,تَنَصَّتَ,فعل,66,1294,استرق السمع إلى حديث دون علم المتحدثين,نصت,تَفَعَّلَ,,,,,CANDIDATE,,L2_017 haiku b05,
AR04547,لَمَسَ,فعل,66,1295,أدرك شيئاً باللمس للفحص أو البحث,لمس,فَعَلَ,,,,,CANDIDATE,,L2_017 haiku b05,
AR04548,نَظَرَة,اسم جامد,66,1296,إطلاق البصر المركّز والمتواصل على شيء,نظر,فَعَلَةٌ,,,,,CANDIDATE,,L2_017 haiku b05,
AR04549,حَدَقَ,فعل,66,1297;1316,نظر نظراً متواصلاً وشديداً بقصد,حدق,فَعَلَ,,,,,CANDIDATE,,L2_017 haiku b05,
AR04550,لَمْحَة,اسم جامد,66,1298,نظرة سريعة أو عجلى,لمح,فَعْلَةٌ,,,,,CANDIDATE,,L2_017 haiku b05,
AR04551,لَمَحَ,فعل,66,1299,نظر نظرة سريعة أو مستعجلة,لمح,فَعَلَ,,,,,CANDIDATE,,L2_017 haiku b05,
AR04552,سَمِعَ,فعل,66,1300,أدرك صوتاً بقصد أو اهتمام,سمع,فَعِلَ,,,,,CANDIDATE,,L2_017 haiku b05,
AR04553,نَظَر,اسم جامد,66,1301,فعل توجيه البصر في اتجاه معيّن,نظر,فَعَلٌ,,,,,CANDIDATE,,L2_017 haiku b05,
AR04554,نَظَرَ,فعل,66,1302,وجّه بصره بقصد في اتجاه معيّن,نظر,فَعَلَ,,,,,CANDIDATE,,L2_017 haiku b05,
AR04555,مُلاحَظَة,مصدر,66,1303,فعل الرقابة الدقيقة والمتابعة المركّزة,لاحظ,مُفَاعَلَةٌ,,,,,CANDIDATE,,L2_017 haiku b05,ROOT_ALIF
AR04556,جَسَّ,فعل,66,1305,فحص عضواً من الجسم باللمس لأغراض طبية,جسس,فَعَّلَ,,,,,CANDIDATE,,L2_017 haiku b05,WAZN_LEMMA_MISMATCH
AR04557,نَظْرَة,اسم جامد,66,1306,نظر سريع أو خاطف أو مختلس,نظر,فَعْلَةٌ,,,,,CANDIDATE,,L2_017 haiku b05,
AR04558,اطَّلَعَ,فعل,66,1307,نظر بسرعة أو التفاتاً خاطفاً,طلع,اِفْتَعَلَ,,,,,CANDIDATE,,L2_017 haiku b05,WAZN_LEMMA_MISMATCH
AR04559,نَظَرَ خِلْسَة,تركيب,66,1308,نظر سريعاً وخاطفاً بدون إظهار,,,,,,,CANDIDATE,,L2_017 haiku b05,
AR04560,تَفَحَّصَ,فعل,66,1309,نظر بجهد أو انتباه عميق,فحص,تَفَعَّلَ,,,,,CANDIDATE,,L2_017 haiku b05,
AR04561,تَذَوَّقَ,فعل,66,1310,استمتع بطعم الطعام والشراب الطيب بقصد,ذوق,تَفَعَّلَ,,,,,CANDIDATE,,L2_017 haiku b05,
AR04562,شَمَّ,فعل,66,1311;1313,أدرك رائحة الشيء بنية معرفة رائحته,شمم,فَعَّلَ,,,,,CANDIDATE,,L2_017 haiku b05,WAZN_LEMMA_MISMATCH
AR04563,شَمٌّ,اسم جامد,66,1312,سحب الهواء من الأنف للشم بقصد,شمم,فَعْلٌ,,,,,CANDIDATE,,L2_017 haiku b05,WAZN_LEMMA_MISMATCH
AR04564,تَجَسَّسَ,فعل,66,1314,راقب بقصد وسرية دون علم الآخرين,جسس,تَفَعَّلَ,,,,,CANDIDATE,,L2_017 haiku b05,
AR04565,حَدْقَة,اسم جامد,66,1315,نظرة شديدة ثابتة بعيون مفتوحة كبيرة,حدق,فَعْلَةٌ,,,,,CANDIDATE,,L2_017 haiku b05,
AR04566,طَعْم,اسم جامد,66,1317,الإحساس الذي يعطيه الطعام في الفم,طعم,فَعْلٌ,,,,,CANDIDATE,,L2_017 haiku b05,
AR04567,ذَاقَ,فعل,66,1318,أدرك طعم الطعام بالفم لتمييزه,ذوق,فَعَلَ,,,,,CANDIDATE,,L2_017 haiku b05,
AR04568,شَاهَدَ,فعل,66,1319,نظر بانتباه لفحص شيء أو مراقبته,شهد,فَاعَلَ,,,,,CANDIDATE,,L2_017 haiku b05,
AR04569,رَاقَبَ,فعل,66,1320,نظر بانتباه واستمرار لمراقبة شيء,رقب,فَاعَلَ,,,,,CANDIDATE,,L2_017 haiku b05,
AR04570,أَغْمَضَ,فعل,66,8089,نظر بعيون منغمضة جزئياً,غمض,أَفْعَلَ,,,,,CANDIDATE,,L2_017 haiku b05,
AR04571,أَعْجِبَ,فعل,66,8707,نظر بلذة واستحسان,عجب,أَفْعَلَ,,,,,CANDIDATE,,L2_017 haiku b05,
AR04572,رَمَقَ,فعل,66,10188,نظر بانتباه وتمعّن,رمق,فَعَلَ,,,,,CANDIDATE,,L2_017 haiku b05,
AR04573,فَغَرَ,فعل,66,13235,فتح الفم وحدّق بدهشة أو تعجب,فغر,فَعَلَ,,,,,CANDIDATE,,L2_017 haiku b05,
AR04574,حَدَّقَ,فعل,66,13236,حدّق بحماقة أو بلاهة وبصراحة,حدق,فَعَّلَ,,,,,CANDIDATE,,L2_017 haiku b05,
AR04575,جَحَظَ,فعل,66,13237,فتح العيون جداً بدهشة أو عجب,جحظ,فَعَلَ,,,,,CANDIDATE,,L2_017 haiku b05,
AR04576,بَدَا,فعل,67,1321;1322;1323;1325;1327,أعطى انطباعاً أوليّاً معيّناً,بدو,فَعَلَ,,,,,CANDIDATE,,L2_017 haiku b05,
AR04577,نَتَنَ,فعل,67,1324,أطلق رائحة سيئة شديدة,نتن,فَعَلَ,,,,,CANDIDATE,,L2_017 haiku b05,
AR04578,نَتِنَ,فعل,67,1326;1328,أطلق رائحة كريهة أو قوية,نتن,فَعِلَ,,,,,CANDIDATE,,L2_017 haiku b05,
AR04579,طَعِمَ,فعل,67,1329,أعطى طعماً محدّداً معيّناً,طعم,فَعِلَ,,,,,CANDIDATE,,L2_017 haiku b05,
AR04580,آلَمَ,فعل,68,1330;1332,شعر بألم مستمرّ في الجسم,ءلم,أَفْعَلَ,,,,,CANDIDATE,,L2_017 haiku b05,ROOT_NORMALIZED
AR04581,حَرِقَ,فعل,68,1331,شعر بألم كما لو من حرق,حرق,فَعِلَ,,,,,CANDIDATE,,L2_017 haiku b05,
AR04582,حَكَّ,فعل,68,1333,شعر برغبة في الحك من إحساس مزعج,حكك,فَعَّلَ,,,,,CANDIDATE,,L2_017 haiku b05,WAZN_LEMMA_MISMATCH
AR04583,وَخَزَ,فعل,68,1334,شعر بإحساس وخز أو طعن في الجلد,وخز,فَعَلَ,,,,,CANDIDATE,,L2_017 haiku b05,
AR04584,وَجَعَ,فعل,68,1335,شعر بألم حادّ ولاذع,وجع,فَعَلَ,,,,,CANDIDATE,,L2_017 haiku b05,
AR04585,لَسَعَ,فعل,68,1336,أحسّ بألم حادّ كاللسع,لسع,فَعَلَ,,,,,CANDIDATE,,L2_017 haiku b05,
AR04586,دَغْدَغَ,فعل,68,1337,شعر بإحساس الدغدغة والضحك,دغدغ,فَعْلَلَ,,,,,CANDIDATE,,L2_017 haiku b05,
AR04587,خَفِقَ,فعل,68,1338;15047,شعر بإحساس طنين أو اهتزاز خفيف,خفق,فَعِلَ,,,,,CANDIDATE,,L2_017 haiku b05,
AR04588,أَسَاءَ,فعل,68,10118,أصاب بمرض أو ألم جسدي,سوء,أَفْعَلَ,,,,,CANDIDATE,,L2_017 haiku b05,
AR04589,قِشْعَرِيرَة,اسم جامد,68,11118,انتصاب الشعر في الجسم من برد أو خوف,قشعر,,,,,,CANDIDATE,فِعْلِيرَة,L2_017 haiku b05,WAZN_NOT_IN_INV
AR04590,أَلَمَ,فعل,68,11560,سبّب ألماً جسديّاً أو عقليّاً,ءلم,أَفْعَلَ,,,,,CANDIDATE,,L2_017 haiku b05,ROOT_NORMALIZED
AR04591,أَلَم,اسم جامد,68,11561,إحساس غير سار قوي من مرض أو ألم,ءلم,أَفْعَلُ,,,,,CANDIDATE,,L2_017 haiku b05,ROOT_NORMALIZED
AR04592,دَارَ,فعل,68,15056,شعر بدوار أو دوران الرأس,دور,فَاعَلَ,,,,,CANDIDATE,,L2_017 haiku b05,
AR04593,أَوْجَعَ,فعل,68,15554,سبّب ألماً شديداً في عضو ما,وجع,أَفْعَلَ,,,,,CANDIDATE,,L2_017 haiku b05,
AR04594,عَدَم ارْتِيَاح,تركيب,68,16906,حالة من الضيق والألم الجسدي,,,,,,,CANDIDATE,,L2_017 haiku b05,
AR04595,تَسَحَّجَ,فعل,68,17567,احتكّ الجلد حتى أصبح موجوعاً,سحج,تَفَعَّلَ,,,,,CANDIDATE,,L2_017 haiku b05,
AR04596,رَصَدَ,فعل,70,1530,أدرك شيئاً غير ملموس أو بالكاد يُرى,رصد,فَعَلَ,,,,,CANDIDATE,,L2_017 haiku b05,
AR04597,شَعَرَ,فعل,70,1531;1536,أدرك حدثاً من خلال إحساس جسدي,شعر,فَعَلَ,,,,,CANDIDATE,,L2_017 haiku b05,
AR04598,سَمِعَ,فعل,70,1532,أدرك صوتاً بالأذن دون قصد,سمع,فَعِلَ,,,,,CANDIDATE,,L2_017 haiku b05,
AR04599,أَدْرَكَ,فعل,70,1533,أصبح واعياً أو مدركاً لشيء ما,درك,أَفْعَلَ,,,,,CANDIDATE,,L2_017 haiku b05,
AR04600,إِدْرَاك,مصدر,70,1534,عملية الوعي والإدراك عبر الحواس,درك,إِفْعَالٌ,,,,,CANDIDATE,,L2_017 haiku b05,
AR04601,رَأَى,فعل,70,1535,أدرك شيئاً بالعين دون قصد,رءي,فَعَلَ,,,,,CANDIDATE,,L2_017 haiku b05,ROOT_NORMALIZED
AR04602,شَمَّ,فعل,70,1537,أدرك أو كتشف رائحة بدون قصد,شمم,فَعَّلَ,,,,,CANDIDATE,,L2_017 haiku b05,WAZN_LEMMA_MISMATCH
AR04603,ذَاقَ,فعل,70,1538,أدرك أو اختبر طعماً ما,ذوق,فَعَلَ,,,,,CANDIDATE,,L2_017 haiku b05,
AR04604,سَمِعَ خِلْسَة,تركيب,70,9100,سمع حديثاً دون قصد أو بالصدفة,,,,,,,CANDIDATE,,L2_017 haiku b05,
AR04605,خِبْرَة,اسم جامد,70,10123,حدث أو حالة تترك انطباعاً عميقاً,خبر,فِعْلَةٌ,,,,,CANDIDATE,,L2_017 haiku b05,
AR04606,شَهِدَ,فعل,70,14553,رأى حدثاً يقع أمامه كشاهد,شهد,فَعِلَ,,,,,CANDIDATE,,L2_017 haiku b05,
AR04607,اِخْتَبَرَ,فعل,70,16899,مرّ بتجربة أو حدث ما,خبر,اِفْتَعَلَ,,,,,CANDIDATE,,L2_017 haiku b05,
AR04608,رَائِحَة عَطِرَة,تركيب,71,1539;1540;1544;1549,رائحة لطيفة وممتعة,,,,,,,CANDIDATE,,L2_017 haiku b05,
AR04609,إِحْسَاس,مصدر,71,1541;1553,الإحساس الذي يعطيه الجسم عند اللمس,حسس,إِفْعَالٌ,,,,,CANDIDATE,,L2_017 haiku b05,
AR04610,شُعُور,اسم جامد,71,1542;1554,حالة عاطفية أو انفعالية,شعر,فُعُولٌ,,,,,CANDIDATE,,L2_017 haiku b05,
AR04611,طَعْم,اسم جامد,71,1543;1551;1559,الطعم المميز للطعام أو الشراب,طعم,فَعْلٌ,,,,,CANDIDATE,,L2_017 haiku b05,
AR04612,بُخُور,اسم جامد,71,1545,مادة تُحرّق لرائحتها الطيبة,بخر,فُعُولٌ,,,,,CANDIDATE,,L2_017 haiku b05,
AR04613,ضَجِيج,اسم جامد,71,1546,صوت مرتفع وغير سار,ضجج,فَعِيلٌ,,,,,CANDIDATE,,L2_017 haiku b05,
AR04614,رَائِحَة,اسم جامد,71,1547;1556,رائحة مميزة تُدرك بالشم,رايح,فَاعِلَةٌ,,,,,CANDIDATE,,L2_017 haiku b05,ROOT_ALIF
AR04615,إِدْرَاك,مصدر,71,1548,المقدرة على الإدراك عبر الحواس,درك,إِفْعَالٌ,,,,,CANDIDATE,,L2_017 haiku b05,
AR04616,رَائِحَة كَرِيهَة,تركيب,71,1550;1558,رائحة سيئة وغير محتملة,,,,,,,CANDIDATE,,L2_017 haiku b05,
AR04617,رَائِحَة طَيِّبَة,تركيب,71,1552,رائحة عطرة مميزة وممتعة,,,,,,,CANDIDATE,,L2_017 haiku b05,
AR04618,رُؤْيَة,اسم جامد,71,1555,فعل الرؤية أو المقدرة على الرؤية,رءي,فُعْلَةٌ,,,,,CANDIDATE,,L2_017 haiku b05,ROOT_NORMALIZED
AR04619,صَوْت,اسم جامد,71,1557,الذبذبات التي تُسمع بالأذن,صوت,فَعْلٌ,,,,,CANDIDATE,,L2_017 haiku b05,
AR04620,نَفْحَة,اسم جامد,71,1561,رائحة خفيفة تُشم للحظات قصيرة,نفح,فَعْلَةٌ,,,,,CANDIDATE,,L2_017 haiku b05,
AR04621,مَشْهَد,اسم جامد,71,10189,صورة بصرية معقدة توحي بحالة أو موقف,شهد,مَفْعَلٌ,,,,,CANDIDATE,,L2_017 haiku b05,
AR04622,صُورَة,اسم جامد,71,15717,ما يستحضره العقل من صور بصرية,صور,فُعْلَةٌ,,,,,CANDIDATE,,L2_017 haiku b05,
AR04623,سابِق,صفة مشبهة,81,1743;1754;1757;1758;12549,ما جاء قبل في الترتيب الزمني,سبق,فَاعِلٌ,,,,,CANDIDATE,,L2_017 haiku b06,
AR04624,متأخِّر,صفة مشبهة,81,1744;1750;1761,من جاء متأخراً عن الموعد,ءخر,مُفَعَّلٌ,,,,,CANDIDATE,,L2_017 haiku b06,ROOT_NORMALIZED
AR04625,مبكِّر,اسم فاعل,81,1747,من حدث قبل الموعد المتوقع,بكر,مُفَعِّلٌ,,,,,CANDIDATE,,L2_017 haiku b06,
AR04626,تابَعَ,فعل,81,1748,حدث يأتي بعد حدث آخر,تبع,فَعَلَ,,,,,CANDIDATE,,L2_017 haiku b06,
AR04627,تالٍ,اسم فاعل,81,1749,ما يأتي بعد في الترتيب,تلو,فَاعِلٌ,,,,,CANDIDATE,,L2_017 haiku b06,
AR04628,متأخِّر عن الموعد,تركيب,81,1751,حدث تجاوز موعده المحدد,,,,,,,CANDIDATE,,L2_017 haiku b06,
AR04629,تقدَّمَ,فعل,81,1753,شيء يأتي قبل آخر زمناً,قدم,تَفَعَّلَ,,,,,CANDIDATE,,L2_017 haiku b06,
AR04630,سَبَقَ,فعل,81,1755,وجود الشيء قبل زمن آخر,سبق,فَعَلَ,,,,,CANDIDATE,,L2_017 haiku b06,
AR04631,مبكِّر جداً,تركيب,81,1756,حدث قبل الوقت الملائم كثيراً,,,,,,,CANDIDATE,,L2_017 haiku b06,
AR04632,دقيق الموعد,تركيب,81,1759,من يفعل في وقته المحدد,,,,,,,CANDIDATE,,L2_017 haiku b06,UNVOCALIZED
AR04633,لاحِق,اسم فاعل,81,1760,ما يأتي بعد في الزمن,لحق,فَاعِلٌ,,,,,CANDIDATE,,L2_017 haiku b06,
AR04634,تابَعَ على الفور,تركيب,81,10427,حدث يتبع آخر فوراً,,,,,,,CANDIDATE,,L2_017 haiku b06,
AR04635,مبكِّراً,ظرف,81,11630,قبل الموعد المخطط المتوقع,,,,,,,CANDIDATE,,L2_017 haiku b06,ROOT_MISSING;WAZN_MISSING
AR04636,متأخِّراً,ظرف,81,11631,بعد الموعد المخطط المتوقع,,,,,,,CANDIDATE,,L2_017 haiku b06,ROOT_MISSING;WAZN_MISSING
AR04637,لاحِقاً,ظرف,81,11640;12311,في وقت قريب من الآن,,,,,,,CANDIDATE,,L2_017 haiku b06,ROOT_MISSING;WAZN_MISSING
AR04638,بعدَ,حرف,81,11746,يدل على معقبية الحدث لآخر,,,,,,,CANDIDATE,,L2_017 haiku b06,
AR04639,أسبَقُ,صفة,81,11799,من يحدث قبل وقت آخر,سبق,أَفْعَلُ,,,,,CANDIDATE,,L2_017 haiku b06,POS_NOT_CLOSED
AR04640,أسبَقُ للضرورة,تركيب,81,11807,ما يحدث قريباً لأهمية,,,,,,,CANDIDATE,,L2_017 haiku b06,
AR04641,مع,ظرف,81,13228,حدث مع آخر في نفس الوقت,,,,,,,CANDIDATE,,L2_017 haiku b06,ROOT_MISSING;UNVOCALIZED;WAZN_MISSING
AR04642,متزامِن,اسم فاعل,81,13298,ما يحدث في نفس الوقت,زمن,مُتَفَاعِلٌ,,,,,CANDIDATE,,L2_017 haiku b06,
AR04643,بينما,حرف,81,13300,يدل على التزامن الزمني,,,,,,,CANDIDATE,,L2_017 haiku b06,UNVOCALIZED
AR04644,حديث,صفة مشبهة,81,13771,ما حدث قريباً من الآن,حدث,فَعِيلٌ,,,,,CANDIDATE,,L2_017 haiku b06,UNVOCALIZED
AR04645,أخير,صفة,81,13865,الأكثر حداثة في الزمن,ءخر,أَفْعَلُ,,,,,CANDIDATE,,L2_017 haiku b06,POS_NOT_CLOSED;ROOT_NORMALIZED;UNVOCALIZED
AR04646,ماضٍ,صفة مشبهة,81,13868,ما مضى زمانه ولم يعد,مضي,فَاعِلٌ,,,,,CANDIDATE,,L2_017 haiku b06,ROOT_NORMALIZED
AR04647,في الموعد,تركيب,81,14220,في الوقت المحدد بدقة,,,,,,,CANDIDATE,,L2_017 haiku b06,UNVOCALIZED
AR04648,بدقة الموعد,تركيب,81,14222,بالالتزام بالوقت المقرر,,,,,,,CANDIDATE,,L2_017 haiku b06,UNVOCALIZED
AR04649,دقة الموعد,مصدر,81,14223,الالتزام بالوقت المقرر,دقق,فَعْلَةٌ,,,,,CANDIDATE,,L2_017 haiku b06,UNVOCALIZED;WAZN_LEMMA_MISMATCH
AR04650,قادِم,اسم فاعل,81,14603;17320,ما سيأتي بعد الحاضر,قدم,فَاعِلٌ,,,,,CANDIDATE,,L2_017 haiku b06,AL_STRIPPED
AR04651,أحدَث,صفة,81,14794,الأكثر قرباً من الآن,حدث,أَفْعَلُ,,,,,CANDIDATE,,L2_017 haiku b06,AL_STRIPPED;POS_NOT_CLOSED
AR04652,في الليل,تركيب,81,16412,في الساعات الأخيرة من اليوم,,,,,,,CANDIDATE,,L2_017 haiku b06,UNVOCALIZED
AR04653,حَدَثَ بعدُ,تركيب,81,17325,حدث يقع بعد آخر,,,,,,,CANDIDATE,,L2_017 haiku b06,
AR04654,سِعْر,اسم جامد,82,2894,مقدار المال مقابل السلعة,سعر,فِعْلٌ,,,,,CANDIDATE,,L2_017 haiku b06,
AR04655,بِضاعَة,اسم جامد,82,2899;16140,الأشياء المعروضة للبيع,بضع,فِعَالَةٌ,,,,,CANDIDATE,,L2_017 haiku b06,
AR04656,تِجارَة,اسم جامد,82,11145,نشاط البيع والشراء,جور,فِعَالَةٌ,,,,,CANDIDATE,,L2_017 haiku b06,
AR04657,مُهَرِّب,اسم فاعل,82,11783,من يتاجر بالبضائع المحرمة,هرب,مُفَعِّلٌ,,,,,CANDIDATE,,L2_017 haiku b06,
AR04658,عَرْض,مصدر,82,14394,مجموع البائعين في المعاملات,عرض,فَعْلٌ,,,,,CANDIDATE,,L2_017 haiku b06,
AR04659,مُحتَمَل,اسم فاعل,83,1772,السعر الذي يطيقه الشخص,حمل,مُفْتَعِلٌ,,,,,CANDIDATE,,L2_017 haiku b06,
AR04660,رخيص,صفة مشبهة,83,1773;1778,قليل الثمن والقيمة,رخص,فَعِيلٌ,,,,,CANDIDATE,,L2_017 haiku b06,UNVOCALIZED
AR04661,غالٍ,اسم فاعل,83,1774;1776;1782,عالي الثمن والقيمة,غلو,فَاعِلٌ,,,,,CANDIDATE,,L2_017 haiku b06,
AR04662,مُفْرِط,اسم فاعل,83,1775,السعر المرتفع جداً بلا معقول,فرط,مُفْعِلٌ,,,,,CANDIDATE,,L2_017 haiku b06,
AR04663,مَجّاني,صفة,83,1777,بلا ثمن ولا قيمة مالية,جون,,,,,,CANDIDATE,مَفْعال,L2_017 haiku b06,POS_NOT_CLOSED;WAZN_NOT_IN_INV
AR04664,رخيص الثمن,تركيب,83,1779,بسعر منخفض نسبياً,,,,,,,CANDIDATE,,L2_017 haiku b06,UNVOCALIZED
AR04665,منخفِض السعر,تركيب,83,1780,بأقل من السعر المعتاد,,,,,,,CANDIDATE,,L2_017 haiku b06,
AR04666,مُبالَغ فيه,اسم مفعول,83,1781,السعر المرتفع بلا حق,بالغ,مُفَاعَلٌ,,,,,CANDIDATE,,L2_017 haiku b06,ROOT_ALIF
AR04667,كلَّفَ,فعل,83,9190;17380,الثمن المطلوب لشراء الشيء,كلف,فَعَّلَ,,,,,CANDIDATE,,L2_017 haiku b06,
AR04668,كُلْفَة,مصدر,83,9191,مقدار المال المصروف,كلف,فُعْلَةٌ,,,,,CANDIDATE,,L2_017 haiku b06,
AR04669,نَفَقَة,مصدر,83,9192,التكاليف والمصروفات المالية,نفق,فَعْلَةٌ,,,,,CANDIDATE,,L2_017 haiku b06,
AR04670,احْتِمال الثمن,تركيب,83,9193,القدرة على تحمل ثمن,,,,,,,CANDIDATE,,L2_017 haiku b06,
AR04671,قاسٍ,صفة مشبهة,84,1783,خالٍ من الترف والنعيم,قسو,فَاعِلٌ,,,,,CANDIDATE,,L2_017 haiku b06,
AR04672,مُقْتَصِد,اسم فاعل,84,1784,من ينفق المال بحكمة,قصد,مُفْتَعِلٌ,,,,,CANDIDATE,,L2_017 haiku b06,
AR04673,مُسْرِف,اسم فاعل,84,1785;4190;4194;9173,من ينفق بلا حساب,سرف,مُفْعِلٌ,,,,,CANDIDATE,,L2_017 haiku b06,
AR04674,وَفِر,اسم فاعل,84,1786,من لا ينفق إلا الضروري,وفر,فَاعِلٌ,,,,,CANDIDATE,,L2_017 haiku b06,
AR04675,بخيل,صفة مشبهة,84,1790,من يكره إنفاق المال,بخل,فَعِيلٌ,,,,,CANDIDATE,,L2_017 haiku b06,UNVOCALIZED
AR04676,محتاطٌ,اسم فاعل,84,1791,من يقلل من الإنفاق,حوط,مُفْتَعِلٌ,,,,,CANDIDATE,,L2_017 haiku b06,
AR04677,حَكيم,صفة مشبهة,84,1793,من يدير أمواله بحكمة,حكم,فَعِيلٌ,,,,,CANDIDATE,,L2_017 haiku b06,
AR04678,قَسْوَة,مصدر,84,4184,الخلو من الراحة والرفاهية,قسو,فَعْلَةٌ,,,,,CANDIDATE,,L2_017 haiku b06,
AR04679,مُوَفِّر,اسم فاعل,84,4187,من يحرص على عدم الإسراف,وفر,مُفَعِّلٌ,,,,,CANDIDATE,,L2_017 haiku b06,
AR04680,حِكْمَة الإنفاق,تركيب,84,4191,عدم الإسراف والحكمة في المال,,,,,,,CANDIDATE,,L2_017 haiku b06,
AR04681,بَدَّدَ,فعل,84,4192,إهدار المال بلا حكمة,بدد,فَعَّلَ,,,,,CANDIDATE,,L2_017 haiku b06,
AR04682,إسبارطي,صفة,84,4193,قاسٍ في الحياة دخيل,,,,,,,CANDIDATE,,L2_017 haiku b06,POS_NOT_CLOSED;ROOT_MISSING;UNVOCALIZED;WAZN_MISSING
AR04683,إسراف,مصدر,84,4195,الإنفاق بلا حساب والتبذير,سرف,,,,,,CANDIDATE,إفْعال,L2_017 haiku b06,UNVOCALIZED;WAZN_NOT_IN_INV
AR04684,تَوَفُّر,مصدر,84,4196,الاقتصاد في الإنفاق,وفر,تَفَعُّلٌ,,,,,CANDIDATE,,L2_017 haiku b06,
AR04685,بُخْل,مصدر,84,5337,عدم الرغبة في إنفاق المال,بخل,فُعْلٌ,,,,,CANDIDATE,,L2_017 haiku b06,
AR04686,أَهْدَرَ,فعل,84,5338,إهدار المورد بلا فائدة,هدر,أَفْعَلَ,,,,,CANDIDATE,,L2_017 haiku b06,
AR04687,تَصَرَّفَ بحكمة,تركيب,84,5339,استخدام المورد بحنكة,,,,,,,CANDIDATE,,L2_017 haiku b06,
AR04688,تَقَتَّرَ,فعل,84,10381,كان شديد الاقتصاد,قتر,تَفَعَّلَ,,,,,CANDIDATE,,L2_017 haiku b06,
AR04689,اِقْتِصاد,مصدر,84,15942,الحكمة في استخدام المال,قصد,اِفْتِعَالٌ,,,,,CANDIDATE,,L2_017 haiku b06,
AR04690,غَنِي,صفة مشبهة,85,1794;1801;1803,من يملك الكثير من المال,غنو,فَعِلٌ,,,,,CANDIDATE,,L2_017 haiku b06,
AR04691,مُفْلِس,اسم فاعل,85,1795,من نفد ماله تماماً,فلس,مُفْعِلٌ,,,,,CANDIDATE,,L2_017 haiku b06,
AR04692,فَقير,صفة مشبهة,85,1796;1798,من لا يملك مالاً كافياً,فقر,فَعِيلٌ,,,,,CANDIDATE,,L2_017 haiku b06,
AR04693,مِسْكين,صفة مشبهة,85,1797,من يفتقد ضروريات الحياة,سكن,فِعِّيلٌ,,,,,CANDIDATE,,L2_017 haiku b06,WAZN_LEMMA_MISMATCH
AR04694,مُمَتَّع,اسم فاعل,85,1799,من يتمتع بالثروة,متع,مُفَعَّلٌ,,,,,CANDIDATE,,L2_017 haiku b06,
AR04695,مُزْدَهِر,اسم فاعل,85,1800,من يملك الثروة والنجاح,زهر,مُفْتَعِلٌ,,,,,CANDIDATE,,L2_017 haiku b06,WAZN_LEMMA_MISMATCH
AR04696,مَحْرُوم,اسم مفعول,85,1802,من لم يتمتع بحقوقه,حرم,مَفْعُولٌ,,,,,CANDIDATE,,L2_017 haiku b06,
AR04697,مُيَسَّر,اسم مفعول,85,1804,من يتمتع بحالة مالية جيدة,يسر,مُفَعَّلٌ,,,,,CANDIDATE,,L2_017 haiku b06,
AR04698,فَقْر,مصدر,85,10302,حالة عدم امتلاك المال,فقر,فَعْلٌ,,,,,CANDIDATE,,L2_017 haiku b06,
AR04699,مُفْقَّر,اسم مفعول,85,13786,من أصبح فقيراً جداً,فقر,مُفَعَّلٌ,,,,,CANDIDATE,,L2_017 haiku b06,
AR04700,حَثَّ,فعل,87,1805,طلب إقناع الآخر بقوة,حثث,فَعَّلَ,,,,,CANDIDATE,,L2_017 haiku b06,WAZN_LEMMA_MISMATCH
AR04701,أَنْذَرَ,فعل,87,1809,تحذير الآخر بحزم,نذر,أَفْعَلَ,,,,,CANDIDATE,,L2_017 haiku b06,
AR04702,نَصَحَ,فعل,87,1810,تقديم مسار عمل مقترح,نصح,فَعَلَ,,,,,CANDIDATE,,L2_017 haiku b06,
AR04703,سأَلَ بتضرع,تركيب,87,1812,طلب بتذلل وتوسل,,,,,,,CANDIDATE,,L2_017 haiku b06,
AR04704,تَمَلَّقَ,فعل,87,1813,إقناع بالمجاملة المستمرة,ملق,تَفَعَّلَ,,,,,CANDIDATE,,L2_017 haiku b06,
AR04705,حَثَّ بقوة,تركيب,87,1818,تشجيع قوي على عمل,,,,,,,CANDIDATE,,L2_017 haiku b06,
AR04706,ضَغَطَ,فعل,87,1820,محاولة إجبار على الفعل,ضغط,فَعَلَ,,,,,CANDIDATE,,L2_017 haiku b06,
AR04707,أَقْنَعَ,فعل,87,1821,جعل الآخر يقتنع,قنع,أَفْعَلَ,,,,,CANDIDATE,,L2_017 haiku b06,
AR04708,ضَغَطَ بقوة,تركيب,87,10117,بذل جهد قوي للإقناع,,,,,,,CANDIDATE,,L2_017 haiku b06,
AR04709,ضَغْط,مصدر,87,11455,استخدام الإرغام,ضغط,فَعْلٌ,,,,,CANDIDATE,,L2_017 haiku b06,
AR04710,لَوَّح,فعل,87,13116,محاولة التأثير على القرار,لوح,فَعَّلَ,,,,,CANDIDATE,,L2_017 haiku b06,
AR04711,دَافَعَ عن,فعل,87,13475,دعم فكرة بقوة,دفع,فَاعَلَ,,,,,CANDIDATE,,L2_017 haiku b06,WAZN_LEMMA_MISMATCH
AR04712,اقْتَرَحَ,فعل,87,16340,عرض فكرة للتفكير فيها,قرح,اِفْتَعَلَ,,,,,CANDIDATE,,L2_017 haiku b06,
AR04713,أَوْصَى,فعل,87,16934,اقتراح مسار عمل,وصي,,,,,,CANDIDATE,أَفْعَى,L2_017 haiku b06,ROOT_NORMALIZED;WAZN_NOT_IN_INV
AR04714,اقْتِراح,مصدر,87,18450,عرض فكرة للنظر فيها,قرح,اِفْتِعَالٌ,,,,,CANDIDATE,,L2_017 haiku b06,
AR04715,فَرَضَ,فعل,87,18519,الأمر الحتمي لفعل شيء,فرض,فَعَلَ,,,,,CANDIDATE,,L2_017 haiku b06,
AR04716,حَدَثَ,فعل,88,2500,تحقق واقعة أو حدث,حدث,فَعَلَ,,,,,CANDIDATE,,L2_017 haiku b06,
AR04717,أَثَّرَ سلباً,تركيب,88,15115,حدث بتأثير سيء,,,,,,,CANDIDATE,,L2_017 haiku b06,
AR04718,شَهِدَ,فعل,88,16366,تجربة وقوع حدث ما,شهد,فَعِلَ,,,,,CANDIDATE,,L2_017 haiku b06,
AR04719,ضَرَبَ بقوة,تركيب,88,16385,حدث مفاجئ بتأثير سيء,,,,,,,CANDIDATE,,L2_017 haiku b06,
AR04720,أَصابَ,فعل,88,17475,حدث بتأثير سيء,صوب,أَفْعَلَ,,,,,CANDIDATE,,L2_017 haiku b06,
AR04721,عانَى,فعل,88,18704,تحمل الشخص لأذى,عون,فَاعَلَ,,,,,CANDIDATE,,L2_017 haiku b06,
AR04722,أَقْنَعَ,فعل,89,1859;1862,جعل الآخر يصدق,قنع,أَفْعَلَ,,,,,CANDIDATE,,L2_017 haiku b06,
AR04723,ثَنَى عن,فعل,89,1860,إثناء عن الفعل,ثنو,فَعَلَ,,,,,CANDIDATE,,L2_017 haiku b06,
AR04724,حَرَّكَ,فعل,89,1861,إعطاء دافع لفعل,حرك,فَعَّلَ,,,,,CANDIDATE,,L2_017 haiku b06,
AR04725,أَثَّرَ على,تركيب,89,1863,تغيير رأي الآخر,,,,,,,CANDIDATE,,L2_017 haiku b06,
AR04726,حَرَّضَ,فعل,89,18493,تشجيع السلوك السيء,حرض,فَعَّلَ,,,,,CANDIDATE,,L2_017 haiku b06,
AR04727,حَرَّضَ,فعل,90,1864,تحفيز بالكلام على عمل,حرض,فَعَّلَ,,,,,CANDIDATE,,L2_017 haiku b06,
AR04728,دَفَعَ,فعل,90,1865,إنجاح إقناع الآخر,دفع,فَعَلَ,,,,,CANDIDATE,,L2_017 haiku b06,
AR04729,أَثَّرَ,فعل,90,1866,وجود تأثير على الآخر,ءثر,أَفْعَلَ,,,,,CANDIDATE,,L2_017 haiku b06,ROOT_NORMALIZED
AR04730,دَفَعَ بهم,تركيب,90,1868,حمل الآخر على الفعل,,,,,,,CANDIDATE,,L2_017 haiku b06,
AR04731,تَكَلَّمَ عن,تركيب,90,1869,إقناع بوجهة نظر بالحديث,,,,,,,CANDIDATE,,L2_017 haiku b06,
AR04732,خَدَعَ,فعل,92,1895;13105;13106,تضليل الآخر عن الحقيقة,خدع,فَعَلَ,,,,,CANDIDATE,,L2_017 haiku b06,
AR04733,احْتالَ,فعل,92,1896,الحصول على المال بخداع,حول,اِفْتَعَلَ,,,,,CANDIDATE,,L2_017 haiku b06,
AR04734,نَصَبَ الفخ,تركيب,92,1897,خداع الآخر للقيام بفعل,,,,,,,CANDIDATE,,L2_017 haiku b06,
AR04735,ألحّ,فعل,92,1898,الإلحاح المزعج على الآخر,لحح,فَعَّلَ,,,,,CANDIDATE,,L2_017 haiku b06,WAZN_LEMMA_MISMATCH
AR04736,خَادَعَ,فعل,92,1899,غش الآخر بالماكرة,خدع,فَاعَلَ,,,,,CANDIDATE,,L2_017 haiku b06,
AR04737,تَمَلَّقَ,فعل,92,1951;1958,الإفراط في المدح,ملق,تَفَعَّلَ,,,,,CANDIDATE,,L2_017 haiku b06,
AR04738,أَغْرَى,فعل,92,1952,إغراء الآخر بفعل شيء,غرو,,,,,,CANDIDATE,أَفْعَى,L2_017 haiku b06,WAZN_NOT_IN_INV
AR04739,غَشَّ,فعل,92,1953,التصرف بعدم أمانة,غش,فَعَّلَ,,,,,CANDIDATE,,L2_017 haiku b06,ROOT_LEN
AR04740,تَحَكَّمَ,فعل,92,1955,السيطرة على الآخر بمكر,حكم,تَفَعَّلَ,,,,,CANDIDATE,,L2_017 haiku b06,
AR04741,أَتْعَبَ,فعل,92,1956,إزعاج الآخر بالتكرار,تعب,أَفْعَلَ,,,,,CANDIDATE,,L2_017 haiku b06,
AR04742,تَوَعَّدَ,فعل,92,1957,التهديد للسيطرة,وعد,تَفَعَّلَ,,,,,CANDIDATE,,L2_017 haiku b06,
AR04743,تَنَمَّرَ على,تركيب,92,1959,الإرهاب والتخويف,,,,,,,CANDIDATE,,L2_017 haiku b06,
AR04744,الْتَحَمَ بقوة,تركيب,92,18509,الإرغام على الفعل,,,,,,,CANDIDATE,,L2_017 haiku b06,
AR04745,سَرَقَ,فعل,94,1960;1965;1968,أخذ ملك الآخر بدون حق,سرق,فَعَلَ,,,,,CANDIDATE,,L2_017 haiku b06,
AR04746,اخْتَلَسَ,فعل,94,1961;1962,السرقة بخيانة الثقة,خلس,اِفْتَعَلَ,,,,,CANDIDATE,,L2_017 haiku b06,
AR04747,سَرَقَ بسرعة,تركيب,94,1963;2061;15116,سرقة أشياء صغيرة,,,,,,,CANDIDATE,,L2_017 haiku b06,
AR04748,نَهَبَ,فعل,94,1964,سرقة مستمرة صغيرة,نهب,فَعَلَ,,,,,CANDIDATE,,L2_017 haiku b06,
AR04749,حَمَلَ بلا إذن,تركيب,94,1966,السرقة غير القانونية,,,,,,,CANDIDATE,,L2_017 haiku b06,
AR04750,قَرَصَ,فعل,94,1967,السرقة غير الرسمية,قرص,فَعَلَ,,,,,CANDIDATE,,L2_017 haiku b06,
AR04751,لِصّ,اسم جامد,94,1969,من يقوم بالسرقة,لصص,فِعْلٌ,,,,,CANDIDATE,,L2_017 haiku b06,WAZN_LEMMA_MISMATCH
AR04752,نَشَّال,اسم جامد,94,1970,من يسرق من الجيوب,نشل,فَعَّالٌ,,,,,CANDIDATE,,L2_017 haiku b06,
AR04753,خاطِف محافظ,تركيب,94,1972,من يسرق المحافظ,,,,,,,CANDIDATE,,L2_017 haiku b06,
AR04754,سارِق صغير,تركيب,94,1973,من يسرق أشياء بسيطة,,,,,,,CANDIDATE,,L2_017 haiku b06,
AR04755,خاطِف,اسم فاعل,94,1974,من يسرق أو يخطف,خطف,فَاعِلٌ,,,,,CANDIDATE,,L2_017 haiku b06,
AR04756,سِرْقَة,مصدر,94,1975;1976;2076,فعل أخذ ملك الآخر,سرق,فِعْلَةٌ,,,,,CANDIDATE,,L2_017 haiku b06,
AR04757,اخْتِلاس,مصدر,94,1977;2073;17262,سرقة مستمرة صغيرة,خلس,اِفْتِعَالٌ,,,,,CANDIDATE,,L2_017 haiku b06,
AR04758,خَفيف اليَد,تركيب,94,1978,ماهر بالسرقة الصغيرة,,,,,,,CANDIDATE,,L2_017 haiku b06,
AR04759,سارِق,اسم فاعل,94,1979,ماهر في السرقة,سرق,فَاعِلٌ,,,,,CANDIDATE,,L2_017 haiku b06,
AR04760,خَطَفَ,فعل,94,2060,سرقة أو خطف بسرعة,خطف,فَعَلَ,,,,,CANDIDATE,,L2_017 haiku b06,
AR04761,أَساءَ الاستعمال,تركيب,94,2062,سرقة من المال الموكول,,,,,,,CANDIDATE,,L2_017 haiku b06,
AR04762,سَرَقَ بخيانة,تركيب,94,2063,أخذ بخيانة الثقة,,,,,,,CANDIDATE,,L2_017 haiku b06,
AR04763,سَرَقَ من متجر,تركيب,94,2064,سرقة من المتاجر,,,,,,,CANDIDATE,,L2_017 haiku b06,
AR04764,سارِق متجر,تركيب,94,2065,من يسرق من المحلات,,,,,,,CANDIDATE,,L2_017 haiku b06,
AR04765,سرقة من متجر,تركيب,94,2066,سرقة من المحلات,,,,,,,CANDIDATE,,L2_017 haiku b06,UNVOCALIZED
AR04766,اخْتِلاس صغير,تركيب,94,2068,سرقة مستمرة صغيرة,,,,,,,CANDIDATE,,L2_017 haiku b06,
AR04767,مَسْروق,اسم مفعول,94,2069,ما تم أخذه بالسرقة,سرق,مَفْعُولٌ,,,,,CANDIDATE,,L2_017 haiku b06,
AR04768,اخْتِلاس أموال,تركيب,94,2070,سرقة من الأموال الموكولة,,,,,,,CANDIDATE,,L2_017 haiku b06,
AR04769,مُخْتَلِس,اسم فاعل,94,2071,من يسرق الأموال,خلس,مُفْتَعِلٌ,,,,,CANDIDATE,,L2_017 haiku b06,
AR04770,اخْتِلاس عام,تركيب,94,2072,سرقة من الأموال الحكومية,,,,,,,CANDIDATE,,L2_017 haiku b06,
AR04771,سِرْقَة الأملاك,تركيب,94,2074,سرقة من الممتلكات,,,,,,,CANDIDATE,,L2_017 haiku b06,
AR04772,خَطْفَة,مصدر,94,2075,فعل السرقة الخاطفة,خطف,فَعْلَةٌ,,,,,CANDIDATE,,L2_017 haiku b06,
AR04773,سَرَقَ من الجيب,تركيب,94,5610,سرقة من الجيوب,,,,,,,CANDIDATE,,L2_017 haiku b06,
AR04774,سَرْقَة كبيرة,تركيب,94,8423,نهب أو سرقة ضخمة,,,,,,,CANDIDATE,,L2_017 haiku b06,
AR04775,أَخَذَ سراً,تركيب,94,15615,سرقة بلطف,,,,,,,CANDIDATE,,L2_017 haiku b06,
AR04776,أَمْسَكَ,فعل,94,15634,السرقة عامية,مسك,فَعَلَ,,,,,CANDIDATE,,L2_017 haiku b06,WAZN_LEMMA_MISMATCH
AR04777,سَرَقَ الماشية,تركيب,94,15635,سرقة الماشية,,,,,,,CANDIDATE,,L2_017 haiku b06,
AR04778,أَخَذَ بدون إذن,تركيب,94,17255,أخذ ملك دون حق,,,,,,,CANDIDATE,,L2_017 haiku b06,
AR04779,هَرَبَ بـ,تركيب,94,18481,سرقة والهروب بها,,,,,,,CANDIDATE,,L2_017 haiku b06,
AR04780,اهْتَرَبَ بـ,فعل,94,18482,السرقة والفرار,هرب,اِفْتَعَلَ,,,,,CANDIDATE,,L2_017 haiku b06,WAZN_LEMMA_MISMATCH
AR04781,عالٍ,صفة مشبهة,95,1980,كبير الكمية أو القيمة,علو,فَاعِلٌ,,,,,CANDIDATE,,L2_017 haiku b06,
AR04782,منخفِض,صفة مشبهة,95,1981,دون المتوسط في الكمية,نخفض,مُفْعَلٌ,,,,,CANDIDATE,,L2_017 haiku b06,
AR04783,غَنِي,صفة مشبهة,95,1982,يحتوي على كمية كبيرة,غنو,فَعِلٌ,,,,,CANDIDATE,,L2_017 haiku b06,
AR04784,ناقِص,اسم فاعل,95,1983,غير كافٍ أو ناقص,نقص,فَاعِلٌ,,,,,CANDIDATE,,L2_017 haiku b06,
AR04785,خالٍ من,تركيب,95,1984,عديم أو غير موجود,,,,,,,CANDIDATE,,L2_017 haiku b06,
AR04786,متقدِّم,اسم فاعل,95,1985,معقد وليس بسيط,قدم,,,,,,CANDIDATE,مُتَقَدِّم,L2_017 haiku b06,WAZN_NOT_IN_INV
AR04787,متوسِّط,اسم فاعل,95,14032,بين الطرفين,وسط,,,,,,CANDIDATE,مُتَوَسِّط,L2_017 haiku b06,WAZN_NOT_IN_INV
AR04788,سيِّئ في,تركيب,95,16251,كمية قليلة من شيء,,,,,,,CANDIDATE,,L2_017 haiku b06,
AR04789,عالٍ جداً,تركيب,95,18382,كمية عالية جداً,,,,,,,CANDIDATE,,L2_017 haiku b06,
AR04790,معتدِل,صفة مشبهة,95,18664,في الموضع المتوسط,ءعتدل,مُفْتَعِلٌ,,,,,CANDIDATE,,L2_017 haiku b06,ROOT_LEN;ROOT_NORMALIZED
AR04791,زادَ,فعل,96,1987,جعل الكمية أكبر,زيد,فَعَلَ,,,,,CANDIDATE,,L2_017 haiku b06,
AR04792,قَلَّلَ,فعل,96,1989;10119,جعل الكمية أصغر,قلل,فَعَّلَ,,,,,CANDIDATE,,L2_017 haiku b06,
AR04793,خَفَّفَ,فعل,96,1990,تقليل الكمية أو الحدة,خفف,فَعَّلَ,,,,,CANDIDATE,,L2_017 haiku b06,
AR04794,تقليل,مصدر,96,1991,فعل تقليل الكمية,قلل,تَفْعِيلٌ,,,,,CANDIDATE,,L2_017 haiku b06,UNVOCALIZED
AR04795,خَفَّضَ,فعل,96,1992;17561,تقليل المقدار أو المستوى,خفض,فَعَّلَ,,,,,CANDIDATE,,L2_017 haiku b06,
AR04796,رفَعَ,فعل,96,1995,زيادة المستوى أو الدرجة,رفع,فَعَلَ,,,,,CANDIDATE,,L2_017 haiku b06,
AR04797,انتفَخَ,فعل,96,9502,زيادة القيمة,نفخ,اِنْفَعَلَ,,,,,CANDIDATE,,L2_017 haiku b06,WAZN_LEMMA_MISMATCH
AR04798,نُمُوّ,مصدر,96,9503,تحرك للأعلى على المقياس,نمو,فُعُولٌ,,,,,CANDIDATE,,L2_017 haiku b06,
AR04799,قَطَعَ,فعل,96,10820,تقليل الكمية,قطع,فَعَلَ,,,,,CANDIDATE,,L2_017 haiku b06,
AR04800,تقطيع,مصدر,96,10821,تقليل الكمية,قطع,تَفْعِيلٌ,,,,,CANDIDATE,,L2_017 haiku b06,UNVOCALIZED
AR04801,حَرَّكَ,فعل,96,11116,تغيير الموضع على المقياس,حرك,فَعَّلَ,,,,,CANDIDATE,,L2_017 haiku b06,
AR04802,قَصَّرَ,فعل,96,12580,تقليل الحد أو النطاق,قصر,فَعَّلَ,,,,,CANDIDATE,,L2_017 haiku b06,
AR04803,خَفَّضَ السعر,تركيب,96,12773,تقليل سعر المنتج,,,,,,,CANDIDATE,,L2_017 haiku b06,
AR04804,زادَ المستوى,تركيب,96,12774,زيادة السرعة أو الشدة,,,,,,,CANDIDATE,,L2_017 haiku b06,
AR04805,دَفَعَ,فعل,96,13327,إرغام على تغيير الموضع,دفع,فَعَلَ,,,,,CANDIDATE,,L2_017 haiku b06,
AR04806,دَفْعَة,مصدر,96,13328,تغيير الموضع بقوة,دفع,فَعْلَةٌ,,,,,CANDIDATE,,L2_017 haiku b06,
AR04807,عزَّزَ,فعل,96,13372,زيادة النشاط,عزز,فَعَّلَ,,,,,CANDIDATE,,L2_017 haiku b06,
AR04808,حَسَّنَ,فعل,96,13373,زيادة الجودة,حسن,فَعَّلَ,,,,,CANDIDATE,,L2_017 haiku b06,
AR04809,أَضافَ,فعل,96,15656,إضافة قيمة أو صفة,ضيف,أَفْعَلَ,,,,,CANDIDATE,,L2_017 haiku b06,
AR04810,تطوّر,مصدر,96,16855,عملية النمو والتطور,طور,تَفَعُّلٌ,,,,,CANDIDATE,,L2_017 haiku b06,
AR04811,أَدارَ بقوة,تركيب,96,17351,زيادة الشدة,,,,,,,CANDIDATE,,L2_017 haiku b06,
AR04812,قَلَّلَ بشدة,تركيب,96,17381,تقليل كبير الحد,,,,,,,CANDIDATE,,L2_017 haiku b06,
AR04813,ضاعَفَ,فعل,96,17562,جعل الكمية ضعف السابق,ضعف,فَاعَلَ,,,,,CANDIDATE,,L2_017 haiku b06,
AR04814,رَفَعَ,فعل,96,18567,زيادة المستوى,رفع,فَعَلَ,,,,,CANDIDATE,,L2_017 haiku b06,
AR04815,أَقْنَعَ,فعل,98,7348,جعل المدرِك يصدق شيئاً,قنع,أَفْعَلَ,,,,,CANDIDATE,,L2_017 haiku b06,
AR04816,حَرَّكَ إلى النتيجة,تركيب,98,13415,جعل يصل إلى استنتاج,,,,,,,CANDIDATE,,L2_017 haiku b06,
AR04817,سَطَا,فعل,99,1999;12742;12772;15670,أخذ الشيء بالقوة أو التهديد,سطو,فَعَلَ,,,,,CANDIDATE,,L2_017 haiku b07,
AR04818,لِص,اسم جامد,99,2000,شخص يسطو على الآخرين,لصص,فِعْلٌ,,,,,CANDIDATE,,L2_017 haiku b07,WAZN_LEMMA_MISMATCH
AR04819,سارِق,اسم فاعل,99,2000,من يأخذ المال بدون إذن,سرق,فَاعِلٌ,,,,,CANDIDATE,,L2_017 haiku b07,
AR04820,اِعْتَدَى,فعل,99,2001,هاجم وأخذ المال من شخص,عدي,اِفْتَعَلَ,,,,,CANDIDATE,,L2_017 haiku b07,
AR04821,سَطْو,مصدر,99,2002;2005,أخذ المال أو البضاعة بالقوة,سطو,فَعْلٌ,,,,,CANDIDATE,,L2_017 haiku b07,
AR04822,سِرقَة,مصدر,99,2002,الاستيلاء على شيء لا يملكه الشخص,سرق,فِعْلَةٌ,,,,,CANDIDATE,,L2_017 haiku b07,
AR04823,مُعْتَدٍ,اسم فاعل,99,2003,شخص يهاجم ويسطو على الآخرين,عدي,مُفْتَعِلٌ,,,,,CANDIDATE,,L2_017 haiku b07,
AR04824,اِعْتِداء,مصدر,99,2004,فعل الاعتداء والسطو على الآخرين,عدي,اِفْتِعَالٌ,,,,,CANDIDATE,,L2_017 haiku b07,
AR04825,حِصار,مصدر,99,2006,إيقاف الشخص بالقوة والاستيلاء على ماله,حصر,فِعَالٌ,,,,,CANDIDATE,,L2_017 haiku b07,
AR04826,حاصَرَ,فعل,99,11570,وقف شخص بالقوة بهدف سلبه,حصر,فَاعَلَ,,,,,CANDIDATE,,L2_017 haiku b07,
AR04827,نَهَبَ,فعل,99,15122,سرق كل الأشياء الثمينة من مكان,نهب,فَعَلَ,,,,,CANDIDATE,,L2_017 haiku b07,
AR04828,أفرَغَ,فعل,99,15122,أخذ كل الأشياء القيّمة من موقع,فرغ,أَفْعَلَ,,,,,CANDIDATE,,L2_017 haiku b07,
AR04829,تَوَهَّجَ,فعل,105,2175,أرسل نورا ثابتا بدون لهب,وهج,تَفَعَّلَ,,,,,CANDIDATE,,L2_017 haiku b07,
AR04830,بَرَقَ,فعل,105,3234;3245,لمع بسبب رطوبة على السطح,برق,فَعَلَ,,,,,CANDIDATE,,L2_017 haiku b07,
AR04831,لَمَعَ,فعل,105,3235,أرسل نورا ضعيفا متذبذبا,لمع,فَعَلَ,,,,,CANDIDATE,,L2_017 haiku b07,
AR04832,رَمَقَ,فعل,105,3236,أشع بنور يتغير من مشرق إلى خافت,رمق,فَعَلَ,,,,,CANDIDATE,,L2_017 haiku b07,
AR04833,ومَضَ,فعل,105,3236,بريق متقطع يتغير,ومض,فَعَلَ,,,,,CANDIDATE,,L2_017 haiku b07,
AR04834,رَقَّ,فعل,105,3237,أرسل نورا ناعما مرتجفا,رقق,فَعَّلَ,,,,,CANDIDATE,,L2_017 haiku b07,WAZN_LEMMA_MISMATCH
AR04835,برَقَ,فعل,105,3238;3246;3253;3255;3283,أرسل وميض قصير من النور,برق,فَعَلَ,,,,,CANDIDATE,,L2_017 haiku b07,
AR04836,لمَعَ,فعل,105,3245;3251,أرسل وميضا مفاجئا,لمع,فَعَلَ,,,,,CANDIDATE,,L2_017 haiku b07,
AR04837,تَأَلَّقَ,فعل,105,3246,أشع بنور براق مع ومضات,ءلق,تَفَعَّلَ,,,,,CANDIDATE,,L2_017 haiku b07,ROOT_NORMALIZED
AR04838,تَلَأَلَأَ,فعل,105,3249;3250,أشع بنور مشرق,ءلء,تَفَاعَلَ,,,,,CANDIDATE,,L2_017 haiku b07,ROOT_NORMALIZED
AR04839,براقَ,فعل,105,3250,أشع بنور براق ومتقطع,برق,فَاعَلَ,,,,,CANDIDATE,,L2_017 haiku b07,
AR04840,أَشْرَقَ,فعل,105,3251,أضاء بنور مشرق,شرق,أَفْعَلَ,,,,,CANDIDATE,,L2_017 haiku b07,
AR04841,رَفْرَفَ,فعل,105,3252,انعكس النور بشكل متقطع,رفف,,,,,,CANDIDATE,فَعْفَعَ,L2_017 haiku b07,WAZN_NOT_IN_INV
AR04842,تَرَقْرَقَ,فعل,105,3252,أرسل نورا متذبذبا,رقق,,,,,,CANDIDATE,تَفَعْلَقَ,L2_017 haiku b07,WAZN_LEMMA_MISMATCH;WAZN_NOT_IN_INV
AR04843,اشْتَعَلَ,فعل,105,3254;3256,أضاء وكأنه بنار,علع,اِفْتَعَلَ,,,,,CANDIDATE,,L2_017 haiku b07,WAZN_LEMMA_MISMATCH
AR04844,ألَهَبَ,فعل,105,3254,أشع كالنار,لهب,أَفْعَلَ,,,,,CANDIDATE,,L2_017 haiku b07,
AR04845,وَمِيض,اسم جامد,105,3257;3262;3265;3269,وميض قصير من النور,ومض,فَعِيلٌ,,,,,CANDIDATE,,L2_017 haiku b07,
AR04846,بَريق,اسم جامد,105,3258;3263;3274;3284,نور مشرق ضعيف,برق,فَعِيلٌ,,,,,CANDIDATE,,L2_017 haiku b07,
AR04847,نور ضعيف,تركيب,105,3259,نور خافت متذبذب,,,,,,,CANDIDATE,,L2_017 haiku b07,UNVOCALIZED
AR04848,تَرَقْرُق,مصدر,105,3260,انعكاس النور المتقطع,رقق,تَفَعْلُلٌ,,,,,CANDIDATE,,L2_017 haiku b07,WAZN_LEMMA_MISMATCH
AR04849,تَوَهُّج,مصدر,105,3261,برقان ومضات,وهج,تَفَعُّلٌ,,,,,CANDIDATE,,L2_017 haiku b07,
AR04850,نور ساطع,تركيب,105,3264;3272,نور ساطع يضيء شيئا,,,,,,,CANDIDATE,,L2_017 haiku b07,UNVOCALIZED
AR04851,لمّاع,صفة مشبهة,105,3266;3270;3280,يصدر وميضا حادا ومفاجئا,لمع,فَعَّالٌ,,,,,CANDIDATE,,L2_017 haiku b07,
AR04852,مُتَلَأْلِئ,اسم فاعل,105,3267,يشع بنور مشرق,ءلء,مُتَفَاعِلٌ,,,,,CANDIDATE,,L2_017 haiku b07,ROOT_NORMALIZED
AR04853,بَرَّاق,صفة مشبهة,105,3268,يعكس نورا لامعا متقطعا,برق,فَعَّالٌ,,,,,CANDIDATE,,L2_017 haiku b07,
AR04854,مُشِعّ,اسم فاعل,105,3271;3276;3279,يعكس النور بوضوح,شعع,مُفْعِلٌ,,,,,CANDIDATE,,L2_017 haiku b07,WAZN_LEMMA_MISMATCH
AR04855,بَريق ناعم,تركيب,105,3273,بريق ناعم على السطح,,,,,,,CANDIDATE,,L2_017 haiku b07,
AR04856,مُتَوَهِّج,اسم فاعل,105,3275,يشع بنور ناعم مرتعش,وهج,مُتَفَعِّلٌ,,,,,CANDIDATE,,L2_017 haiku b07,
AR04857,توَهُّج,مصدر,105,3277,نور ناعم مرتعش,وهج,تَفَعُّلٌ,,,,,CANDIDATE,,L2_017 haiku b07,
AR04858,إشْعاع,مصدر,105,3278,نور براق جدا,شعع,إِفْعَالٌ,,,,,CANDIDATE,,L2_017 haiku b07,
AR04859,براق,صفة مشبهة,105,3281;3282,ناعم وعاكس للنور,برق,فَاعِلٌ,,,,,CANDIDATE,,L2_017 haiku b07,UNVOCALIZED
AR04860,نور,اسم جامد,105,14248,العامل الطبيعي الذي يحفز البصر,نور,,,,,,CANDIDATE,فُعول,L2_017 haiku b07,UNVOCALIZED;WAZN_NOT_IN_INV
AR04861,أَضاءَ,فعل,105,17686;17687,جعل النور ينعكس من شيء,ضيء,أَفْعَلَ,,,,,CANDIDATE,,L2_017 haiku b07,
AR04862,أداة,اسم جامد,106,2178;2181;2184;2205,جهاز يستخدم لتحقيق وظيفة معينة,ءدي,,,,,,CANDIDATE,فاعِلة,L2_017 haiku b07,ROOT_NORMALIZED;UNVOCALIZED;WAZN_NOT_IN_INV
AR04863,آلة,اسم جامد,106,2181;10127,معدة تستخدم لغرض معين,ءلي,,,,,,CANDIDATE,فاعِلة,L2_017 haiku b07,ROOT_NORMALIZED;UNVOCALIZED;WAZN_NOT_IN_INV
AR04864,جِهاز,اسم جامد,106,2182;2183;2208,معدات لغرض أو نشاط معين,جهز,فِعَالٌ,,,,,CANDIDATE,,L2_017 haiku b07,
AR04865,معدات,اسم جامد,106,2206;12213,الأشياء المطلوبة لغرض معين,عدد,,,,,,CANDIDATE,مَفاعِل,L2_017 haiku b07,UNVOCALIZED;WAZN_LEMMA_MISMATCH;WAZN_NOT_IN_INV
AR04866,أداة صغيرة,تركيب,106,2207,جهاز صغير أو أداة ميكانيكية,,,,,,,CANDIDATE,,L2_017 haiku b07,UNVOCALIZED
AR04867,آلة غريبة,تركيب,106,2209,آلة أو جهاز غريب أو معقد,,,,,,,CANDIDATE,,L2_017 haiku b07,UNVOCALIZED
AR04868,ميكانيكي,اسم منسوب,106,10310,متعلق بالآلات والآليات,ميك,,,,,,CANDIDATE,فِعالي,L2_017 haiku b07,UNVOCALIZED;WAZN_NOT_IN_INV
AR04869,طاردة مركزية,تركيب,106,10701,آلة بحاوية دوّارة سريعة,,,,,,,CANDIDATE,,L2_017 haiku b07,UNVOCALIZED
AR04870,تِقنية,اسم جامد,106,11612,آلات ومعدات بناء على العلم,قني,,,,,,CANDIDATE,فِعالة,L2_017 haiku b07,WAZN_NOT_IN_INV
AR04871,نِظام,اسم جامد,106,11690,آلة معقدة تعمل أجزاؤها معا,نظم,فِعَالٌ,,,,,CANDIDATE,,L2_017 haiku b07,
AR04872,نواة,اسم جامد,106,12686,الجزء المركزي من المفاعل النووي,نوي,,,,,,CANDIDATE,فُعالة,L2_017 haiku b07,UNVOCALIZED;WAZN_NOT_IN_INV
AR04873,شغّال,صفة مشبهة,106,15961,آلة تقرأ وتشفّر معلومات رقمية,شغل,فَعَّالٌ,,,,,CANDIDATE,,L2_017 haiku b07,
AR04874,موقد,اسم جامد,106,16286,فرن مطبخ للطهي,وقد,مَفْعَلٌ,,,,,CANDIDATE,,L2_017 haiku b07,UNVOCALIZED
AR04875,ميزان,اسم جامد,106,16418,جهاز لتحديد استقامة السطح,زين,فِعَالٌ,,,,,CANDIDATE,,L2_017 haiku b07,UNVOCALIZED
AR04876,اختِبار,مصدر,107,2185,فحص قصير للكفاءة,خبر,اِفْتِعَالٌ,,,,,CANDIDATE,,L2_017 haiku b07,
AR04877,اِمْتِحان,مصدر,107,2186;2211,اختبار رسمي للمعرفة,متح,اِفْتِعَالٌ,,,,,CANDIDATE,,L2_017 haiku b07,WAZN_LEMMA_MISMATCH
AR04878,فَحْص,مصدر,107,2186,اختبار للمهارة أو المعرفة,فحص,فَعْلٌ,,,,,CANDIDATE,,L2_017 haiku b07,
AR04879,تَقْويم,مصدر,107,2203,تحديد مستوى المهارات,قيم,تَفْعِيلٌ,,,,,CANDIDATE,,L2_017 haiku b07,
AR04880,اِمْتَحَنَ,فعل,107,2210,اختبر المعرفة أو الكفاءة,متح,اِفْتَعَلَ,,,,,CANDIDATE,,L2_017 haiku b07,WAZN_LEMMA_MISMATCH
AR04881,طَويل,صفة مشبهة,108,2187;2193,المسافة من قاعدة الشيء إلى أعلاه,طول,فَعِيلٌ,,,,,CANDIDATE,,L2_017 haiku b07,
AR04882,عالٍ,صفة مشبهة,108,2188,قياس رأسي من خط أساس,علو,فَاعِلٌ,,,,,CANDIDATE,,L2_017 haiku b07,
AR04883,عَريض,صفة مشبهة,108,2189;2190,عرض أكبر من المتوسط,عرض,فَعِيلٌ,,,,,CANDIDATE,,L2_017 haiku b07,
AR04884,غَليظ,صفة مشبهة,108,2191,قياس سمك الشيء,غلظ,فَعِيلٌ,,,,,CANDIDATE,,L2_017 haiku b07,
AR04885,عَميق,صفة مشبهة,108,2192,المسافة من الأعلى إلى الأسفل,عمق,فَعِيلٌ,,,,,CANDIDATE,,L2_017 haiku b07,
AR04886,عَرْض,مصدر,108,2195;2198,المسافة من جانب إلى جانب,عرض,فَعْلٌ,,,,,CANDIDATE,,L2_017 haiku b07,
AR04887,عُمْق,مصدر,108,2196,المسافة من الأعلى إلى الأسفل,عمق,فُعْلٌ,,,,,CANDIDATE,,L2_017 haiku b07,
AR04888,طول,اسم جامد,108,2197,قياس الطول من طرف إلى آخر,طول,,,,,,CANDIDATE,فُعول,L2_017 haiku b07,UNVOCALIZED;WAZN_NOT_IN_INV
AR04889,ارتِفاع,مصدر,108,2199,قياس الارتفاع من القاعدة إلى الأعلى,رفع,اِفْتِعَالٌ,,,,,CANDIDATE,,L2_017 haiku b07,
AR04890,وَزَنَ,فعل,108,2201,له وزن معين,وزن,فَعَلَ,,,,,CANDIDATE,,L2_017 haiku b07,
AR04891,قاسَ,فعل,108,2202,له حجم أو عرض محدد,قيس,فَاعَلَ,,,,,CANDIDATE,,L2_017 haiku b07,
AR04892,وَزْن,مصدر,108,2204,الكتلة النسبية للجسم,وزن,فَعْلٌ,,,,,CANDIDATE,,L2_017 haiku b07,
AR04893,مِساحة,مصدر,108,2236,قياس السطح,سيح,,,,,,CANDIDATE,فِعالة,L2_017 haiku b07,WAZN_NOT_IN_INV
AR04894,مُحِيط,اسم فاعل,108,5475,الحد المحيط بالدائرة,حيط,مُفْعِلٌ,,,,,CANDIDATE,,L2_017 haiku b07,
AR04895,حَوْل,ظرف,108,5476,يدل على قياس محيط أو محيط,حول,فَعْلٌ,,,,,CANDIDATE,,L2_017 haiku b07,
AR04896,شُغْل,مصدر,108,15535,بذل القوة بمقاومة,شغل,فُعْلٌ,,,,,CANDIDATE,,L2_017 haiku b07,
AR04897,عَبْر,ظرف,108,15784,يدل على قياس الطول من جانب إلى آخر,عبر,فَعْلٌ,,,,,CANDIDATE,,L2_017 haiku b07,
AR04898,مُسْتَوى,اسم فاعل,108,16420,ارتفاع غير محدد,ستوي,مُفْتَعَلٌ,,,,,CANDIDATE,,L2_017 haiku b07,
AR04899,أقاَمَ,فعل,110,2213,يسكن سكنا دائما في مكان معين,قيم,أَفْعَلَ,,,,,CANDIDATE,,L2_017 haiku b07,
AR04900,ساكِن,اسم فاعل,110,2214;2219;2366;2369,شخص يعيش في مكان بشكل دائم,سكن,فَاعِلٌ,,,,,CANDIDATE,,L2_017 haiku b07,
AR04901,سَكَنَ,فعل,110,2215;2218;2220;2365,يعيش في مكان,سكن,فَعَلَ,,,,,CANDIDATE,,L2_017 haiku b07,
AR04902,بِتَ,فعل,110,2216,ينام في منزل شخص آخر,بيت,,,,,,CANDIDATE,فِعْل,L2_017 haiku b07,WAZN_NOT_IN_INV
AR04903,نَزَلَ,فعل,110,2217,يستأجر مسكنا في منزل آخر,نزل,فَعَلَ,,,,,CANDIDATE,,L2_017 haiku b07,
AR04904,خَيَّمَ,فعل,110,2221;14241,ينام في خيمة أو مقطورة,خيم,فَعَّلَ,,,,,CANDIDATE,,L2_017 haiku b07,
AR04905,اِسْتَقرَّ,فعل,110,2222,يشغل مبنى دون إذن,قرر,اِسْتَفْعَلَ,,,,,CANDIDATE,,L2_017 haiku b07,WAZN_LEMMA_MISMATCH
AR04906,مُعَسْكَر,اسم مكان,110,2353,مكان به مساكن مؤقتة,عسك,,,,,,CANDIDATE,مُفَعْكَل,L2_017 haiku b07,WAZN_LEMMA_MISMATCH;WAZN_NOT_IN_INV
AR04907,في المعسكر,تركيب,110,2354,في معسكر في موقع,,,,,,,CANDIDATE,,L2_017 haiku b07,UNVOCALIZED
AR04908,رَفِيق غُرْفَة,تركيب,110,2363,شخص يشارك الغرفة أو الغرف,,,,,,,CANDIDATE,,L2_017 haiku b07,
AR04909,مُسْتَقْرِّ غَيْر قانونِي,تركيب,110,2364,شخص يشغل الملك دون إذن,,,,,,,CANDIDATE,,L2_017 haiku b07,
AR04910,معسكِر,اسم فاعل,110,2368,شخص يقضي عطلة في معسكر,عسك,,,,,,CANDIDATE,مُفَعْكِل,L2_017 haiku b07,WAZN_LEMMA_MISMATCH;WAZN_NOT_IN_INV
AR04911,شارَكَ السُّكنى,تركيب,110,2372,يشارك السكن في كلية أو معهد,,,,,,,CANDIDATE,,L2_017 haiku b07,
AR04912,سَكَنَ مَعَ,تركيب,110,2416,يبقى أو يسكن مع شخص آخر,,,,,,,CANDIDATE,,L2_017 haiku b07,
AR04913,مُعَسْكَر مؤقت,تركيب,110,14242,معسكر مؤقت بدون خيم,,,,,,,CANDIDATE,,L2_017 haiku b07,
AR04914,مُسْتَأْجِر,اسم فاعل,110,17307,شخص يعيش في عقار مستأجر,ءجر,مُسْتَفْعِلٌ,,,,,CANDIDATE,,L2_017 haiku b07,ROOT_NORMALIZED
AR04915,طالِب,اسم فاعل,111,2243,شخص يتلقى التعليم من شخص آخر,طلب,فَاعِلٌ,,,,,CANDIDATE,,L2_017 haiku b07,
AR04916,تِلْميذ,اسم جامد,111,2244;14761,شخص يتلقى التعليم من معلم,لمذ,فِعْلِيلٌ,,,,,CANDIDATE,,L2_017 haiku b07,WAZN_LEMMA_MISMATCH
AR04917,مُعَلِّم,اسم فاعل,111,2247;2296,شخص يعلم في مؤسسة تعليمية,علم,مُفَعِّلٌ,,,,,CANDIDATE,,L2_017 haiku b07,
AR04918,أسْتاذ,اسم جامد,111,2253,أكاديمي جامعي بأعلى رتبة,ستذ,فِعْلالٌ (رباعي),,,,,CANDIDATE,,L2_017 haiku b07,WAZN_LEMMA_MISMATCH
AR04919,مُعَلِّم خاصّ,تركيب,111,2273,معلم يعلم طالبا واحدا أو مجموعة صغيرة,,,,,,,CANDIDATE,,L2_017 haiku b07,
AR04920,مُحاضِر,اسم فاعل,111,2283,شخص يلقي محاضرات في التعليم العالي,حضر,مُفَاعِلٌ,,,,,CANDIDATE,,L2_017 haiku b07,
AR04921,طالِب خاصّ,تركيب,111,2292,طالب أو تلميذ يدرس مع معلم خاص,,,,,,,CANDIDATE,,L2_017 haiku b07,
AR04922,مُعَلِّم ذَكَر,تركيب,111,2294,معلم ذكر في مدرسة,,,,,,,CANDIDATE,,L2_017 haiku b07,
AR04923,مُعَلِّمَة,اسم فاعل,111,2295,معلمة في مدرسة,علم,,,,,,CANDIDATE,مُفَعِّلة,L2_017 haiku b07,WAZN_NOT_IN_INV
AR04924,دَرَسَ,فعل,111,2297,اكتسب معرفة في موضوع,درس,فَعَلَ,,,,,CANDIDATE,,L2_017 haiku b07,
AR04925,عَلَّمَ,فعل,111,2299;10740,يعمل معلما لطالب أو مجموعة,علم,فَعَّلَ,,,,,CANDIDATE,,L2_017 haiku b07,
AR04926,دَرَّبَ,فعل,111,10144;10148;10149,يعلم أو يدرب كمدرب,درب,فَعَّلَ,,,,,CANDIDATE,,L2_017 haiku b07,
AR04927,رَبَّى,فعل,111,10145,يدرب أو يعطي معلومات في موضوع,ربي,فَعَّلَ,,,,,CANDIDATE,,L2_017 haiku b07,
AR04928,تَعَلَّمَ,فعل,111,10147,اكتسب معرفة أو مهارة,علم,تَفَعَّلَ,,,,,CANDIDATE,,L2_017 haiku b07,
AR04929,تَدْريب,مصدر,111,10312,تعليم مهارة معينة,درب,تَفْعِيلٌ,,,,,CANDIDATE,,L2_017 haiku b07,
AR04930,أرْشَدَ,فعل,111,10556,يعلم,رشد,أَفْعَلَ,,,,,CANDIDATE,,L2_017 haiku b07,
AR04931,تَعْليم,مصدر,111,10830;10841,تعليم,علم,تَفْعِيلٌ,,,,,CANDIDATE,,L2_017 haiku b07,
AR04932,أتْقَنَ,فعل,111,10889,اكتسب معرفة أو مهارة كاملة,قن,أَفْعَلَ,,,,,CANDIDATE,,L2_017 haiku b07,ROOT_LEN
AR04933,تَعْليمي,اسم منسوب,111,12622,متعلق بعملية التعليم,علم,,,,,,CANDIDATE,فَعْلِي,L2_017 haiku b07,WAZN_LEMMA_MISMATCH;WAZN_NOT_IN_INV
AR04934,خَرِّيج,اسم فاعل,111,14364,شخص حصل على درجة أكاديمية,خرج,فَاعِلٌ,,,,,CANDIDATE,,L2_017 haiku b07,
AR04935,حَفِظَ,فعل,111,15063,يدرس بشكل مكثف,حفظ,فَعِلَ,,,,,CANDIDATE,,L2_017 haiku b07,
AR04936,مُؤكَّد,اسم فاعل,114,2277;2293,يمكن الاعتماد عليه بقوة,ءكد,مُفَعَّلٌ,,,,,CANDIDATE,,L2_017 haiku b07,ROOT_NORMALIZED
AR04937,مُحْتَمَل,اسم فاعل,114,2278;2286;15902,قد يحدث أو يكون صحيحا,حتم,مُفْتَعَلٌ,,,,,CANDIDATE,,L2_017 haiku b07,WAZN_LEMMA_MISMATCH
AR04938,اِحْتِمال,مصدر,114,2279,احتمالية وقوع حدث,حتم,اِفْتِعَالٌ,,,,,CANDIDATE,,L2_017 haiku b07,WAZN_LEMMA_MISMATCH
AR04939,يَقِين,اسم جامد,114,2280,خاصية الحدث المحتوم,يقن,فَعِيلٌ,,,,,CANDIDATE,,L2_017 haiku b07,
AR04940,مُمْكِن,اسم فاعل,114,2281,قادر على الوجود أو الحدوث,مكن,مُفْعِلٌ,,,,,CANDIDATE,,L2_017 haiku b07,
AR04941,إمْكانية,مصدر,114,2282,احتمالية الوجود أو الحدوث,مكن,,,,,,CANDIDATE,إِفْعالية,L2_017 haiku b07,WAZN_NOT_IN_INV
AR04942,فُرْصة,اسم جامد,114,2284,احتمالية حدوث شيء ما,فرص,,,,,,CANDIDATE,فُعْلة,L2_017 haiku b07,WAZN_NOT_IN_INV
AR04943,غَيْر مُحْتَمَل,تركيب,114,2287,ليس محتمل الحدوث,,,,,,,CANDIDATE,,L2_017 haiku b07,
AR04944,مُسْتَحيل,اسم فاعل,114,2288,غير قادر على الوجود أو الحدوث,حيل,مُسْتَفْعَلٌ,,,,,CANDIDATE,,L2_017 haiku b07,
AR04945,عَدَم اِحْتِمال,تركيب,114,2289,مدى عدم احتمالية الحدوث,,,,,,,CANDIDATE,,L2_017 haiku b07,
AR04946,عُرْضة,صفة مشبهة,114,2290,محتمل التعرض لشيء ما,عرض,,,,,,CANDIDATE,فُعْلة,L2_017 haiku b07,WAZN_NOT_IN_INV
AR04947,اِحْتِمالية,مصدر,114,2300,مدى احتمالية حدوث شيء,حتم,,,,,,CANDIDATE,اِفْتِعالية,L2_017 haiku b07,WAZN_LEMMA_MISMATCH;WAZN_NOT_IN_INV
AR04948,رُبَّما,ظرف,114,2304,ربما,ربب,,,,,,CANDIDATE,فُعَّا,L2_017 haiku b07,WAZN_LEMMA_MISMATCH;WAZN_NOT_IN_INV
AR04949,يَمِيل,فعل,114,2659,محتمل الحدوث,ميل,فَعِلَ,,,,,CANDIDATE,,L2_017 haiku b07,
AR04950,مُقَدَّر,اسم فاعل,114,3286,محتوم الفعل أو الحصول,قدر,مُفَعَّلٌ,,,,,CANDIDATE,,L2_017 haiku b07,
AR04951,قد,حرف,114,6505;6506,يعبر عن الإمكانية,,,,,,,CANDIDATE,,L2_017 haiku b07,UNVOCALIZED
AR04952,غالِبا,ظرف,114,10854;11701,بشكل محتمل تقريبا,غلب,,,,,,CANDIDATE,فاعِلا,L2_017 haiku b07,WAZN_NOT_IN_INV
AR04953,بِالتأكيد,تركيب,114,13145;17306,بدون شك,,,,,,,CANDIDATE,,L2_017 haiku b07,
AR04954,مُضْمون,اسم فاعل,114,13670,محتوم الحدوث,ضمن,,,,,,CANDIDATE,مُفْعول,L2_017 haiku b07,WAZN_NOT_IN_INV
AR04955,يَسْتَطيع,فعل,114,14403,يدل على أن شيء محتمل عادة,ستع,,,,,,CANDIDATE,يَفْتَعِل,L2_017 haiku b07,WAZN_LEMMA_MISMATCH;WAZN_NOT_IN_INV
AR04956,طَويل,صفة مشبهة,114,15390,احتمالية أكبر من 10:1,طول,فَعِيلٌ,,,,,CANDIDATE,,L2_017 haiku b07,
AR04957,مُحْمي,اسم فاعل,114,15433,محمي من التوقف أو التغيير,حمي,مُفْعَلٌ,,,,,CANDIDATE,,L2_017 haiku b07,
AR04958,بدون شك,تركيب,114,17312,بدون شعور بعدم اليقين,,,,,,,CANDIDATE,,L2_017 haiku b07,UNVOCALIZED
AR04959,لابد أن,تركيب,114,17390,يدل على ثقة عالية من المتحدث,,,,,,,CANDIDATE,,L2_017 haiku b07,UNVOCALIZED
AR04960,سوف,ظرف,114,17410,يشير إلى حالة شرطية أو فعل,,,,,,,CANDIDATE,,L2_017 haiku b07,ROOT_MISSING;UNVOCALIZED;WAZN_MISSING
AR04961,حَلَّ,فعل,115,2298;2305,حدث (خاصة شيء سيء),حلل,فَعَّلَ,,,,,CANDIDATE,,L2_017 haiku b07,WAZN_LEMMA_MISMATCH
AR04962,كارِثَة,اسم جامد,115,2302;2308;14621,حادث مفاجئ أو كارثة طبيعية,كرث,,,,,,CANDIDATE,فاعِلة,L2_017 haiku b07,WAZN_NOT_IN_INV
AR04963,عانى,فعل,115,2306,تعرض لشيء سيء,عني,فَاعَلَ,,,,,CANDIDATE,,L2_017 haiku b07,UNVOCALIZED
AR04964,حادِثة,اسم فاعل,115,2313;13350;17621,حادثة سوء الحظ,حدث,,,,,,CANDIDATE,فاعِلة,L2_017 haiku b07,WAZN_NOT_IN_INV
AR04965,حادِثة سوء,تركيب,115,2316,حدث سيء الحظ,,,,,,,CANDIDATE,,L2_017 haiku b07,
AR04966,مِحْنَة,اسم جامد,115,2318,حدث غير محظوظ,محن,,,,,,CANDIDATE,فِعْلة,L2_017 haiku b07,WAZN_NOT_IN_INV
AR04967,تَراجيديا,اسم جامد,115,2324,حدث سبب معاناة وتدمير,تجد,,,,,,CANDIDATE,فاعِليا,L2_017 haiku b07,WAZN_LEMMA_MISMATCH;WAZN_NOT_IN_INV
AR04968,مُصيبة,اسم فاعل,115,2328,حدث سبب ضررا عظيما,صيب,,,,,,CANDIDATE,مُفْعَلة,L2_017 haiku b07,WAZN_NOT_IN_INV
AR04969,كارِثَة عظيمة,تركيب,115,2335,دمار أو كارثة عظيمة,,,,,,,CANDIDATE,,L2_017 haiku b07,
AR04970,نِهاية,اسم جامد,115,2347,حدث يسبب تدمير شامل,نهي,,,,,,CANDIDATE,فِعالة,L2_017 haiku b07,WAZN_NOT_IN_INV
AR04971,مُؤْسِف,اسم فاعل,115,2348,له تأثير سلبي عميق,ءسف,مُفْعِلٌ,,,,,CANDIDATE,,L2_017 haiku b07,ROOT_NORMALIZED
AR04972,كارِثي,اسم منسوب,115,2349;15008,يشكل كارثة,كرث,,,,,,CANDIDATE,فاعِلي,L2_017 haiku b07,WAZN_NOT_IN_INV
AR04973,ضَحِيَّة,اسم جامد,115,13725;18492,شخص مضروب أو قتيل,ضحي,,,,,,CANDIDATE,فاعِلة,L2_017 haiku b07,WAZN_NOT_IN_INV
AR04974,أزْمة,اسم جامد,115,14524,موقف صعب أو خطير,زمن,,,,,,CANDIDATE,فُعْلة,L2_017 haiku b07,WAZN_LEMMA_MISMATCH;WAZN_NOT_IN_INV
AR04975,مِحاوَلة,مصدر,116,2301;2920;10531;13507;13508,فعل المحاولة,حول,,,,,,CANDIDATE,فِعالة,L2_017 haiku b07,WAZN_NOT_IN_INV
AR04976,حاوَلَ,فعل,116,2303;2465;11713,بذل جهد لتحقيق أو إكمال شيء,حول,فَاعَلَ,,,,,CANDIDATE,,L2_017 haiku b07,
AR04977,سَعى,فعل,116,2452,يسعى بجد لفعل أو تحقيق شيء,سعي,فَعَلَ,,,,,CANDIDATE,,L2_017 haiku b07,
AR04978,جُهْد,اسم جامد,116,2453;10187,فعل السعي؛ مشروع,جهد,فُعْلٌ,,,,,CANDIDATE,,L2_017 haiku b07,
AR04979,بَحْث طَويل,تركيب,116,13777,بحث طويل أو شاق,,,,,,,CANDIDATE,,L2_017 haiku b07,
AR04980,جُهْد قَوِي,تركيب,116,16770,جهد قوي لتحقيق هدف,,,,,,,CANDIDATE,,L2_017 haiku b07,
AR04981,تمسَّكَ,فعل,117,2331,الاعتقاد بشيء والتمسّك به واتّباع أصوله وقواعده,تمسك,تَفَعَّلَ,,,,,CANDIDATE,,L2_017 haiku b08,
AR04982,امتثلَ,فعل,117,2332;12695,تنفيذ الأوامر والقواعد المعيارية بطاعة,متثل,اِفْتَعَلَ,,,,,CANDIDATE,,L2_017 haiku b08,
AR04983,راعَى,فعل,117,2333,الالتزام بالقواعد والشروط والتعهدات,روي,فَاعَلَ,,,,,CANDIDATE,,L2_017 haiku b08,
AR04984,حافظَ,فعل,117,2333,الحفاظ على الالتزام بالقواعد والأصول,حفظ,فَاعَلَ,,,,,CANDIDATE,,L2_017 haiku b08,
AR04985,تمسُّك,مصدر,117,2334,الاعتقاد بشيء والالتزام باتّباعه,تمسك,تَفَعُّلٌ,,,,,CANDIDATE,,L2_017 haiku b08,
AR04986,امتثال,مصدر,117,2336,تنفيذ الأوامر والقواعد بطاعة والالتزام بها,متثل,اِفْتِعَالٌ,,,,,CANDIDATE,,L2_017 haiku b08,UNVOCALIZED
AR04987,اتّبعَ,فعل,117,2337,السير في طريق الغير والعمل برأيه وأوامره,تبع,اِفْتَعَلَ,,,,,CANDIDATE,,L2_017 haiku b08,WAZN_LEMMA_MISMATCH
AR04988,مراعاة,مصدر,117,2338,الحرص على تطبيق القواعد والأحكام الدينية والقانونية,روي,مُفَاعَلَةٌ,,,,,CANDIDATE,,L2_017 haiku b08,UNVOCALIZED
AR04989,خرقَ,فعل,117,2339;2342,عدم التزام شخص بالقانون أو القواعد المعيارية,خرق,فَعَلَ,,,,,CANDIDATE,,L2_017 haiku b08,
AR04990,انتهكَ,فعل,117,2339;2340,التعدي على القواعد والاتفاقيات بتجاوزها,نهك,اِفْتَعَلَ,,,,,CANDIDATE,,L2_017 haiku b08,
AR04991,خالفَ,فعل,117,2341,مخالفة الأوامر والقوانين وعدم الالتزام بها,خلف,فَاعَلَ,,,,,CANDIDATE,,L2_017 haiku b08,
AR04992,نقضَ,فعل,117,2342,فسخ الاتفاق أو الوعد أو المعاهدة,نقض,فَعَلَ,,,,,CANDIDATE,,L2_017 haiku b08,
AR04993,انتهاك,مصدر,117,2343,عمل يتنافى مع القواعد والاتفاقيات,نهك,اِفْتِعَالٌ,,,,,CANDIDATE,,L2_017 haiku b08,UNVOCALIZED
AR04994,مخالفة,مصدر,117,2344,عدم الالتزام بأحكام القانون أو المعاهدة,خلف,مُفَاعَلَةٌ,,,,,CANDIDATE,,L2_017 haiku b08,UNVOCALIZED
AR04995,خرق,اسم جامد,117,2345,كسر الاتفاق أو الالتزام بالقواعد,خرق,فَعْلٌ,,,,,CANDIDATE,,L2_017 haiku b08,UNVOCALIZED
AR04996,نقض,اسم جامد,117,2345,فسخ المعاهدة أو الاتفاق,نقض,فَعْلٌ,,,,,CANDIDATE,,L2_017 haiku b08,UNVOCALIZED
AR04997,استهزأَ,فعل,117,2346,الاستخفاف بالقواعس والقوانين وعدم احترامها,هزء,اِسْتَفْعَلَ,,,,,CANDIDATE,,L2_017 haiku b08,ROOT_NORMALIZED
AR04998,ملكَ,فعل,118,2358,كون شيء ملكاً لشخص خاص به,ملك,فَعَلَ,,,,,CANDIDATE,,L2_017 haiku b08,
AR04999,امتلكَ,فعل,118,2378;2418;13983,حيازة شيء والسيطرة عليه,ملك,اِفْتَعَلَ,,,,,CANDIDATE,,L2_017 haiku b08,
AR05000,حازَ,فعل,118,2378;11073,الاستيلاء على شيء والاحتفاظ به,حوز,فَاعَلَ,,,,,CANDIDATE,,L2_017 haiku b08,
AR05001,افتقرَ,فعل,118,2417,عدم امتلاك شيء ضروري أو مهم,فقر,اِفْتَعَلَ,,,,,CANDIDATE,,L2_017 haiku b08,
AR05002,ملك,اسم جامد,118,2419;2498,شيء مملوك ومحوز من قبل شخص,ملك,فَعْلٌ,,,,,CANDIDATE,,L2_017 haiku b08,UNVOCALIZED
AR05003,توافقَ,فعل,117,2420,التوافق مع القواعد والمعايير والقوانين المطلوبة,وفق,تَفَاعَلَ,,,,,CANDIDATE,,L2_017 haiku b08,
AR05004,ملكية,اسم جامد,118,2423;5300,حالة امتلاك شخص لشيء معين,ملك,فِعَالَةٌ,,,,,CANDIDATE,,L2_017 haiku b08,UNVOCALIZED
AR05005,محاكمة,اسم جامد,120,2425,استدعاء المتهم أمام القاضي للإجابة عن الاتهامات,حكم,فِعَالَةٌ,,,,,CANDIDATE,,L2_017 haiku b08,UNVOCALIZED;WAZN_LEMMA_MISMATCH
AR05006,حدّدَ,فعل,121,2426,تحديد مبلغ مالي كضمان للإفراج عن المتهم,حدد,فَعَّلَ,,,,,CANDIDATE,,L2_017 haiku b08,
AR05007,عيّنَ,فعل,121,2427,تحديد مبلغ الكفالة المطلوب دفعه,عين,فَعَّلَ,,,,,CANDIDATE,,L2_017 haiku b08,
AR05008,كفالة,اسم جامد,121,2429,مبلغ مالي يدفع لضمان حضور المتهم المحكمة,كفل,فِعَالَةٌ,,,,,CANDIDATE,,L2_017 haiku b08,UNVOCALIZED
AR05009,رهن,اسم جامد,121,2430,مبلغ مالي يدفع ضماناً لالتزام المتهم بالحضور,رهن,فَعْلٌ,,,,,CANDIDATE,,L2_017 haiku b08,UNVOCALIZED
AR05010,مالك,اسم فاعل,118,2431,الشخص الذي يملك شيئاً معيناً,ملك,فَاعِلٌ,,,,,CANDIDATE,,L2_017 haiku b08,UNVOCALIZED
AR05011,حائز,اسم فاعل,118,2432,من يحوز على شيء ويتمتع به,حوز,فَاعِلٌ,,,,,CANDIDATE,,L2_017 haiku b08,UNVOCALIZED
AR05012,فاقد,اسم فاعل,118,2436,ما ينقصه شيء ضروري أو مهم,فقد,فَاعِلٌ,,,,,CANDIDATE,,L2_017 haiku b08,UNVOCALIZED
AR05013,افتقار,مصدر,118,2437,عدم وجود شيء ضروري ومهم,فقر,اِفْتِعَالٌ,,,,,CANDIDATE,,L2_017 haiku b08,UNVOCALIZED
AR05014,ناقص,صفة مشبهة,118,2439,ما يخلو من شيء ضروري أو معتاد,نقص,فَاعِلٌ,,,,,CANDIDATE,,L2_017 haiku b08,UNVOCALIZED
AR05015,رغبة,اسم جامد,118,2446,الحاجة والرغبة في امتلاك شيء معين,رغب,فِعَالَةٌ,,,,,CANDIDATE,,L2_017 haiku b08,UNVOCALIZED
AR05016,رغبَ,فعل,118,2450,الاشتياق والحاجة إلى امتلاك أو فعل شيء,رغب,فَعَلَ,,,,,CANDIDATE,,L2_017 haiku b08,
AR05017,اختطفَ,فعل,122,2456,أخذ شخص بالقوة واحتجازه قسراً للحصول على فدية,خطف,اِفْتَعَلَ,,,,,CANDIDATE,,L2_017 haiku b08,
AR05018,خطفَ,فعل,122,2457;2460,أخذ شخص بعيداً بالقوة أو الخداع بطريقة غير قانونية,خطف,فَعَلَ,,,,,CANDIDATE,,L2_017 haiku b08,
AR05019,اسطحَ,فعل,122,2458,إجبار شخص على الانضمام لطاقم سفينة بالقوة,سطح,اِفْتَعَلَ,,,,,CANDIDATE,,L2_017 haiku b08,WAZN_LEMMA_MISMATCH
AR05020,اختطاف,مصدر,122,2461,أخذ شخص قسراً وعلى غير إرادته للحصول على فدية,خطف,اِفْتِعَالٌ,,,,,CANDIDATE,,L2_017 haiku b08,UNVOCALIZED
AR05021,خطف,اسم جامد,122,2462,أخذ شخص بعيداً بالقوة أو الخداع بطريقة غير قانونية,خطف,فَعْلٌ,,,,,CANDIDATE,,L2_017 haiku b08,UNVOCALIZED
AR05022,أطاعَ,فعل,117,2464,الانقياد والطاعة للأوامر والقواعس المفروضة,طوع,أَفْعَلَ,,,,,CANDIDATE,,L2_017 haiku b08,
AR05023,خاطف,اسم فاعل,122,2466;2467;2468,الشخص الذي يقوم باختطاف الآخرين للحصول على فدية,خطف,فَاعِلٌ,,,,,CANDIDATE,,L2_017 haiku b08,UNVOCALIZED
AR05024,مخطوف,اسم مفعول,122,2469;2470,الشخص الذي تم اختطافه واحتجازه قسراً,خطف,,,,,,CANDIDATE,مُفْعُول,L2_017 haiku b08,UNVOCALIZED;WAZN_NOT_IN_INV
AR05025,قرصنَ,فعل,123,2471;4805,الاستيلاء غير القانوني على طائرة أو سفينة أثناء الحركة,قرصن,فَعَلَ,,,,,CANDIDATE,,L2_017 haiku b08,
AR05026,قرصنة,مصدر,123,2472;2476,الاستيلاء غير القانوني على وسيلة نقل أثناء الرحلة,قرصن,فِعْلَةٌ,,,,,CANDIDATE,,L2_017 haiku b08,UNVOCALIZED
AR05027,قرصان,اسم جامد,123,2473,من يستولي على وسيلة نقل غير قانونياً,قرصن,فِعْلانٌ,,,,,CANDIDATE,,L2_017 haiku b08,UNVOCALIZED
AR05028,مقرصن,اسم مفعول,123,2475,وسيلة النقل التي تم الاستيلاء عليها غير قانونياً,قرصن,مُفَعَّلٌ,,,,,CANDIDATE,,L2_017 haiku b08,UNVOCALIZED
AR05029,انتمى,فعل,118,2492,كون شيء ملكاً وحقاً خاصاً لشخص,نمي,اِفْتَعَلَ,,,,,CANDIDATE,,L2_017 haiku b08,UNVOCALIZED
AR05030,متعلقات,اسم جامد,118,2494;8621,الأشياء الشخصية الصغيرة التي يملكها شخص,علق,,,,,,CANDIDATE,مِفْعَالات,L2_017 haiku b08,UNVOCALIZED;WAZN_LEMMA_MISMATCH;WAZN_NOT_IN_INV
AR05031,أصول,اسم جامد,118,2495,الممتلكات والأموال التي تملكها شركة أو فرد,صول,فُعُولٌ,,,,,CANDIDATE,,L2_017 haiku b08,UNVOCALIZED
AR05032,حفلة,اسم جامد,125,2521;3386,تجمع اجتماعي يشمل الطعام والشراب والترفيه,حفل,فِعْلَةٌ,,,,,CANDIDATE,,L2_017 haiku b08,UNVOCALIZED
AR05033,نوع,اسم جامد,128,2555,فئة من الأشياء تشترك في صفات معينة,نوع,فَعْلٌ,,,,,CANDIDATE,,L2_017 haiku b08,UNVOCALIZED
AR05034,فئة,اسم جامد,128,2556,مجموعة من الأشياء تشترك في خاصية واحدة,فءو,فِعْلَةٌ,,,,,CANDIDATE,,L2_017 haiku b08,ROOT_NORMALIZED;UNVOCALIZED
AR05035,صنف,اسم جامد,128,2557,نوع من الأشياء ذات خصائص متشابهة,صنف,فَعْلٌ,,,,,CANDIDATE,,L2_017 haiku b08,UNVOCALIZED
AR05036,اغتصبَ,فعل,127,2558,إجبار شخص على الجماع دون رضاه أو إرادته,غصب,اِفْتَعَلَ,,,,,CANDIDATE,,L2_017 haiku b08,
AR05037,ضرب,اسم جامد,128,2559,فئة من الأشياء تشترك في صفة واحدة,ضرب,فَعْلٌ,,,,,CANDIDATE,,L2_017 haiku b08,UNVOCALIZED
AR05038,تنويعة,اسم جامد,128,2560,شيء يختلف قليلاً عن آخرين من نفس النوع,نوع,,,,,,CANDIDATE,تَفْعيلَة,L2_017 haiku b08,UNVOCALIZED;WAZN_NOT_IN_INV
AR05039,سلالة,اسم جامد,128,2561;2562,تنويعة مميزة من حيوان أو نبات,سلل,فِعَالَةٌ,,,,,CANDIDATE,,L2_017 haiku b08,UNVOCALIZED
AR05040,نمط,اسم جامد,128,2563,نوع من الأشياء عادة بقيمة سلبية,نمط,فَعْلٌ,,,,,CANDIDATE,,L2_017 haiku b08,UNVOCALIZED
AR05041,عرق,اسم جامد,128,2566,فرقة من البشر لها خصائص جسدية مميزة,عرق,فَعْلٌ,,,,,CANDIDATE,,L2_017 haiku b08,UNVOCALIZED
AR05042,خصلة,اسم جامد,126,2600,حزمة من شعر الرأس تتجمع معاً,خصل,فِعْلَةٌ,,,,,CANDIDATE,,L2_017 haiku b08,UNVOCALIZED
AR05043,ظفيرة,اسم جامد,126,2601,خصلة طويلة من شعر المرأة المصفوفة,ظفر,,,,,,CANDIDATE,فِعيلَة,L2_017 haiku b08,UNVOCALIZED;WAZN_NOT_IN_INV
AR05044,اتهمَ,فعل,129,2602;7943,الإعلان الرسمي بأن شخصاً مرتكب جريمة,تهم,اِفْتَعَلَ,,,,,CANDIDATE,,L2_017 haiku b08,WAZN_LEMMA_MISMATCH
AR05045,دفعَ,فعل,130,2603,تقديم حجة قانونية للرد على الاتهام,دفع,فَعَلَ,,,,,CANDIDATE,,L2_017 haiku b08,
AR05046,تجعّدَ,فعل,126,2605,تشكيل الشعر في حلزونات أو موجات,جعد,تَفَعَّلَ,,,,,CANDIDATE,,L2_017 haiku b08,
AR05047,أشقر,صفة,126,2607,ما يكون لونه فاتحاً أو أصفر فاتحاً,شقر,أَفْعَلُ,,,,,CANDIDATE,,L2_017 haiku b08,POS_NOT_CLOSED;UNVOCALIZED
AR05048,شقراء,صفة,126,2609,ذات شعر فاتح اللون أو أصفر فاتح,شقر,فِعْلاءٌ,,,,,CANDIDATE,,L2_017 haiku b08,POS_NOT_CLOSED;UNVOCALIZED
AR05049,مجعد,اسم فاعل,126,2615,ما يتخذ شعره شكلاً حلزونياً طبيعياً,جعد,مُفَعَّلٌ,,,,,CANDIDATE,,L2_017 haiku b08,UNVOCALIZED
AR05050,ضفيرة,اسم جامد,126,2617;2619,شعر مضفور من خيوط متشابكة,ضفر,,,,,,CANDIDATE,فِعيلَة,L2_017 haiku b08,UNVOCALIZED;WAZN_NOT_IN_INV
AR05051,اغتصاب,مصدر,127,2620,جريمة إجبار شخص على الجماع قسراً,غصب,اِفْتِعَالٌ,,,,,CANDIDATE,,L2_017 haiku b08,UNVOCALIZED
AR05052,مغتصب,اسم فاعل,127,2621,الرجل الذي يرتكب جريمة الاغتصاب,غصب,مُفْتَعِلٌ,,,,,CANDIDATE,,L2_017 haiku b08,UNVOCALIZED
AR05053,مضفور,اسم مفعول,126,2623,الشعر الذي تم ضفره في خيوط,ضفر,,,,,,CANDIDATE,مُفْعُول,L2_017 haiku b08,UNVOCALIZED;WAZN_NOT_IN_INV
AR05054,موجي,صفة,126,2628,ما يتخذ شعره شكل موجات,موج,,,,,,CANDIDATE,فُعَّالِي,L2_017 haiku b08,POS_NOT_CLOSED;UNVOCALIZED;WAZN_NOT_IN_INV
AR05055,تسريحة,اسم جامد,126,2630,طريقة تمشيط وتنسيق الشعر,سرح,,,,,,CANDIDATE,فِعيلَة,L2_017 haiku b08,UNVOCALIZED;WAZN_LEMMA_MISMATCH;WAZN_NOT_IN_INV
AR05056,ذهبي,صفة,126,2631,لون الشعر الذي يشبه لون الذهب,ذهب,,,,,,CANDIDATE,فِعَّالِي,L2_017 haiku b08,POS_NOT_CLOSED;UNVOCALIZED;WAZN_NOT_IN_INV
AR05057,توهجَ,فعل,131,2632,إصدار ضوء هادئ ومستمر من المصدر,وهج,تَفَعَّلَ,,,,,CANDIDATE,,L2_017 haiku b08,
AR05058,كتاني,صفة,126,2636,لون فاتح مثل لون الكتان,كتن,,,,,,CANDIDATE,فِعَّالِي,L2_017 haiku b08,POS_NOT_CLOSED;UNVOCALIZED;WAZN_NOT_IN_INV
AR05059,مصفف,اسم مفعول,126,2637,شعر تمت تسريحته بطريقة معينة,صفف,مُفَعَّلٌ,,,,,CANDIDATE,,L2_017 haiku b08,UNVOCALIZED
AR05060,قصة,اسم جامد,126,2640,نمط قص الشعر وتشكيله,قصص,فِعْلَةٌ,,,,,CANDIDATE,,L2_017 haiku b08,UNVOCALIZED;WAZN_LEMMA_MISMATCH
AR05061,مقصوص,اسم مفعول,126,2642,الشعر الذي تمت معالجته بالقص,قصص,مَفْعُولٌ,,,,,CANDIDATE,,L2_017 haiku b08,UNVOCALIZED
AR05062,عينة,اسم جامد,132,2651,مثال يمثل نوعاً أو فئة معينة من الأشياء,عين,فِعْلَةٌ,,,,,CANDIDATE,,L2_017 haiku b08,UNVOCALIZED
AR05063,مثال,اسم جامد,132,2653,شيء يمثل نوعه أو يوضح قاعدة عامة,متل,مِفْعَالٌ,,,,,CANDIDATE,,L2_017 haiku b08,UNVOCALIZED;WAZN_LEMMA_MISMATCH
AR05064,حالة,اسم جامد,132,2654;6915,مثال محدد من حالة معينة أو ظاهرة,حول,فِعَالَةٌ,,,,,CANDIDATE,,L2_017 haiku b08,UNVOCALIZED
AR05065,بدأَ,فعل,133,2655;2656,الشروع في عملية أو حدث معين,بدء,فَعَلَ,,,,,CANDIDATE,,L2_017 haiku b08,
AR05066,تذكّرَ,فعل,135,2668,استدعاء حدث أو شخص من الماضي إلى الذاكرة,ذكر,تَفَعَّلَ,,,,,CANDIDATE,,L2_017 haiku b08,
AR05067,ذاكرة,اسم جامد,135,2670,القدرة على تذكر الأحداث والأشياء من الماضي,ذكر,فِعَالَةٌ,,,,,CANDIDATE,,L2_017 haiku b08,UNVOCALIZED
AR05068,استحضرَ,فعل,135,2671,إحضار صورة من الماضي إلى الذهن,حضر,اِسْتَفْعَلَ,,,,,CANDIDATE,,L2_017 haiku b08,
AR05069,احتفظَ,فعل,135,2674,الحفاظ على ذكرى أو معلومة في الذاكرة,حفظ,,,,,,CANDIDATE,اِحْتَفَظَ,L2_017 haiku b08,WAZN_LEMMA_MISMATCH;WAZN_NOT_IN_INV
AR05070,مغتصب,اسم مفعول,127,2714,الشخص الذي تعرض للاغتصاب,غصب,مُفْتَعَلٌ,,,,,CANDIDATE,,L2_017 haiku b08,UNVOCALIZED
AR05071,شرعَ,فعل,133,2720,الانطلاق والشروع في عملية ما,شرع,فَعَلَ,,,,,CANDIDATE,,L2_017 haiku b08,
AR05072,متوافق,اسم فاعل,117,2730,ما ينطبق على القواعد والمعايير المطلوبة,وفق,مُتَفَاعِلٌ,,,,,CANDIDATE,,L2_017 haiku b08,UNVOCALIZED
AR05073,وليمة,اسم جامد,125,3151;3382,وجبة طعام فخمة ورسمية تقدم لعدد كبير من الناس,ولم,,,,,,CANDIDATE,فُعيلَة,L2_017 haiku b08,UNVOCALIZED;WAZN_NOT_IN_INV
AR05074,احتفال,اسم جامد,125,3153,حفل اجتماعي بسيط أو احتفاء بمناسبة,حفل,اِفْتِعَالٌ,,,,,CANDIDATE,,L2_017 haiku b08,UNVOCALIZED
AR05075,احتفالية,اسم جامد,125,3154;3390,حدث اجتماعي يكرم مناسبة خاصة,حفل,,,,,,CANDIDATE,اِفْتِعَالِية,L2_017 haiku b08,UNVOCALIZED;WAZN_NOT_IN_INV
AR05076,نزهة,اسم جامد,125,3240,وجبة طعام في الهواء الطلق أو حفل في الطبيعة,نزه,فِعْلَةٌ,,,,,CANDIDATE,,L2_017 haiku b08,UNVOCALIZED
AR05077,معرض,اسم جامد,125,3241,تجمع عام يضم أكشاك وألعاب للترفيه,عرض,مِفْعَالٌ,,,,,CANDIDATE,,L2_017 haiku b08,UNVOCALIZED
AR05078,استقبال,مصدر,125,3242,حفل رسمي يقام لاستقبال شخص أو الاحتفاء بمناسبة,قبل,اِسْتِفْعَالٌ,,,,,CANDIDATE,,L2_017 haiku b08,UNVOCALIZED
AR05079,رقصة,اسم جامد,125,3247,تجمع اجتماعي يرقص فيه الحاضرون,رقص,فِعْلَةٌ,,,,,CANDIDATE,,L2_017 haiku b08,UNVOCALIZED
AR05080,مهرجان,اسم جامد,125,3248,احتفالية كبيرة تضم عروضاً فنية وثقافية متنوعة,هرج,مِفْعَالٌ,,,,,CANDIDATE,,L2_017 haiku b08,UNVOCALIZED;WAZN_LEMMA_MISMATCH
AR05081,سهرة,اسم جامد,125,3392,حفل اجتماعي في المساء,سهر,,,,,,CANDIDATE,فُعيلَة,L2_017 haiku b08,UNVOCALIZED;WAZN_NOT_IN_INV
AR05082,اتهام,مصدر,129,3647,الاتهام الرسمي الموجه لشخص في محاكمة,تهم,اِفْتِعَالٌ,,,,,CANDIDATE,,L2_017 haiku b08,UNVOCALIZED;WAZN_LEMMA_MISMATCH
AR05083,انفجرَ,فعل,133,4408,حدث مفاجئ وسريع ينطلق بشكل متفجر,فجر,اِنْفَعَلَ,,,,,CANDIDATE,,L2_017 haiku b08,
AR05084,انفجار,مصدر,133,4414,حدث انطلاق مفاجئ وقوي,فجر,اِنْفِعَالٌ,,,,,CANDIDATE,,L2_017 haiku b08,UNVOCALIZED
AR05085,حيازة,مصدر,118,5301,السيطرة والاحتفاظ بالأموال والممتلكات الثمينة,حوز,,,,,,CANDIDATE,فِيَالَة,L2_017 haiku b08,UNVOCALIZED;WAZN_NOT_IN_INV
AR05086,شكل,اسم جامد,128,7718,نوع أو تنويعة من الشيء,شكل,فَعْلٌ,,,,,CANDIDATE,,L2_017 haiku b08,UNVOCALIZED
AR05087,درجة,اسم جامد,128,7820,قيمة محددة ونوع فرعي من اللون,درج,فِعْلَةٌ,,,,,CANDIDATE,,L2_017 haiku b08,UNVOCALIZED
AR05088,دفع,اسم جامد,130,8973,البيان الرسمي للمتهم بالتعهد بالذنب أو البراءة,دفع,فَعْلٌ,,,,,CANDIDATE,,L2_017 haiku b08,UNVOCALIZED
AR05089,ومضَ,فعل,131,9210,إصدار ضوء متقطع ومتغير من الإضاءة,وما,فَعَلَ,,,,,CANDIDATE,,L2_017 haiku b08,ROOT_ALIF
AR05090,تلألأَ,فعل,131,9212,إرسال براق من الضوء بشكل مفاجئ مكرر,ءلء,تَفَاعَلَ,,,,,CANDIDATE,,L2_017 haiku b08,ROOT_NORMALIZED
AR05091,أشعَّ,فعل,131,9215,إطلاق نور ساطع وقوي من الجسم,شعع,أَفْعَلَ,,,,,CANDIDATE,,L2_017 haiku b08,WAZN_LEMMA_MISMATCH
AR05092,لمعَ,فعل,131,9217;9240,إصدار ضوء ناعم ورقيق ومتغير باستمرار,لمع,فَعَلَ,,,,,CANDIDATE,,L2_017 haiku b08,
AR05093,نسخة,اسم جامد,128,10121,شكل محدد من شيء يختلف عن شكل آخر,نسخ,فِعْلَةٌ,,,,,CANDIDATE,,L2_017 haiku b08,UNVOCALIZED
AR05094,اجتماع,اسم جامد,125,10227,تجمع اجتماعي لأفراد بغرض التشاور,جمع,اِفْتِعَالٌ,,,,,CANDIDATE,,L2_017 haiku b08,UNVOCALIZED
AR05095,تجاوزَ,فعل,117,10491;16823,تخطي الحدود المرسومة بالقواعس الدينية والقانونية,جوز,تَفَاعَلَ,,,,,CANDIDATE,,L2_017 haiku b08,
AR05096,تجاوز,مصدر,117,10492,تخطي حدود الأخلاق والقوانين المرعية,جوز,تَفَاعُلٌ,,,,,CANDIDATE,,L2_017 haiku b08,UNVOCALIZED
AR05097,شعر,اسم جامد,126,11188,مجموع الشعرات التي تغطي الرأس,شعر,فَعْلٌ,,,,,CANDIDATE,,L2_017 haiku b08,UNVOCALIZED
AR05098,مخالف,اسم فاعل,117,12167,ما يتناقض مع المعايير والقواعس المتوقعة,خلف,مُفَاعِلٌ,,,,,CANDIDATE,,L2_017 haiku b08,UNVOCALIZED
AR05099,توافق,مصدر,117,12689,الانسجام والالتزام بالقواعس والأعراف الموضوعة,وفق,تَفَاعُلٌ,,,,,CANDIDATE,,L2_017 haiku b08,UNVOCALIZED
AR05100,وفّى,فعل,117,12693,إتمام الالتزام والعهد بكل أمانة,وفي,فَعَّلَ,,,,,CANDIDATE,,L2_017 haiku b08,
AR05101,احترمَ,فعل,117,12694,تنفيذ الالتزام والعهد باحترام وتقدير,حرم,اِفْتَعَلَ,,,,,CANDIDATE,,L2_017 haiku b08,
AR05102,التزمَ,فعل,117,12695,الالتزام الثابت بالقواعس والأحكام,زمم,اِفْتَعَلَ,,,,,CANDIDATE,,L2_017 haiku b08,WAZN_LEMMA_MISMATCH
AR05103,طائع,اسم فاعل,117,12696,من يمتثل للأوامر والقواعس بانقياد,طوع,فَاعِلٌ,,,,,CANDIDATE,,L2_017 haiku b08,UNVOCALIZED
AR05104,متدين,اسم فاعل,117,12697,من يحافظ على احترام أحكام الشريعة والدين,دين,مُتَفَعِّلٌ,,,,,CANDIDATE,,L2_017 haiku b08,UNVOCALIZED
AR05105,تحايلَ,فعل,117,12776,خرق الاتفاق بطريقة غير مباشرة مع إخفاء الانتهاك,حيل,تَفَاعَلَ,,,,,CANDIDATE,,L2_017 haiku b08,
AR05106,توافق,اسم جامد,117,14632,حالة الالتزام بالقواعس والمتطلبات المعيارية,وفق,فَعَالٍ,,,,,CANDIDATE,,L2_017 haiku b08,UNVOCALIZED
AR05107,عصى,فعل,117,14652,عدم الالتزام بأوامر السلطة أو القواعس المعيارية,عصي,فَعَلَ,,,,,CANDIDATE,,L2_017 haiku b08,UNVOCALIZED
AR05108,فرقة,اسم جامد,126,16080,خط الفصل بين الشعر عند الجبين,فرق,فِعْلَةٌ,,,,,CANDIDATE,,L2_017 haiku b08,UNVOCALIZED
AR05109,أضاءَ,فعل,131,16211,تنور جسم بسبب مصدر الضوء,ضوء,أَفْعَلَ,,,,,CANDIDATE,,L2_017 haiku b08,
AR05110,حفل,اسم جامد,125,16791,تجمع احتفالي بمناسبة معينة,حفل,فِعْلٌ,,,,,CANDIDATE,,L2_017 haiku b08,UNVOCALIZED
AR05111,أَعْطَىٰ,فعل,139,4344,نَقَلَ المِلْكَ مِنْ شَخْصٍ إِلَىٰ آخَرَ,عطي,أَفْعَلَ,,,,,CANDIDATE,,L2_017 haiku b09,
AR05112,تَبَرَّعَ,فعل,139,5344,وَهَبَ المَالَ أَوْ الْمِلْكَ لِجِهَةٍ خَيْرِيَّة,برع,تَفَعَّلَ,,,,,CANDIDATE,,L2_017 haiku b09,
AR05113,تَبَرُّع,مصدر,139,5345,هِبَة الْمَالِ أَوْ الْمِلْكِ لِلْخَيْرِ,برع,تَفَعُّلٌ,,,,,CANDIDATE,,L2_017 haiku b09,
AR05114,مُتَبَرِّع,اسم فاعل,139,5346,مَنْ يُعْطِي مَالًا أَوْ مِلْكًا,برع,مُفَعِّلٌ,,,,,CANDIDATE,,L2_017 haiku b09,WAZN_LEMMA_MISMATCH
AR05115,فَرَضَ,فعل,139,5347,أَلْزَمَ بِشَيْءٍ غَيْرِ مَرْغُوبٍ,فرض,فَعَلَ,,,,,CANDIDATE,,L2_017 haiku b09,
AR05116,وَقَفَ,فعل,139,5348,خَصَّصَ مَالًا أَوْ عَقَارًا لِمَقْصَدٍ خَيْرِيّ,وقف,فَعَلَ,,,,,CANDIDATE,,L2_017 haiku b09,
AR05117,تَخَلَّصَ,فعل,139,5353,أَعْطَىٰ شَيْئًا رَدِيئًا كَبَدِيل,خلص,تَفَعَّلَ,,,,,CANDIDATE,,L2_017 haiku b09,
AR05118,وَزَّعَ,فعل,139,5361;5370;5374,قَسَّمَ وَأَعْطَىٰ لِعَدَدٍ كَبِيرٍ,وزع,فَعَّلَ,,,,,CANDIDATE,,L2_017 haiku b09,
AR05119,سَلَّمَ,فعل,139,5369;9138,نَقَلَ إِلَىٰ آخَرَ بِالْيَدِ,سلم,فَعَّلَ,,,,,CANDIDATE,,L2_017 haiku b09,
AR05120,أَهْدَىٰ,فعل,139,5371,قَدَّمَ كَهَدِيَّة,هدي,أَفْعَلَ,,,,,CANDIDATE,,L2_017 haiku b09,
AR05121,هَدِيَّة,اسم جامد,139,5372,شَيْءٌ يُقَدَّمُ لِآخَرَ بِطِيبَةِ نَفْسٍ,هدي,فَعِيلَةٌ,,,,,CANDIDATE,,L2_017 haiku b09,
AR05122,أَوْصَىٰ,فعل,139,7214;15059,تَرَكَ الْمِلْكَ لِشَخْصٍ بِوَصِيَّة,وصي,أَفْعَلَ,,,,,CANDIDATE,,L2_017 haiku b09,
AR05123,سَقَىٰ,فعل,139,8033,قَدَّمَ طَعَامًا أَوْ شَرَابًا,سقي,فَعَلَ,,,,,CANDIDATE,,L2_017 haiku b09,
AR05124,نَاوَلَ,فعل,139,8905,أَعْطَىٰ بِالْيَدِ مُبَاشَرَة,نول,فَاعَلَ,,,,,CANDIDATE,,L2_017 haiku b09,
AR05125,ساهَمَ,فعل,139,12046,شَارَكَ بِمَالٍ أَوْ جُهْدٍ,سهم,فَاعَلَ,,,,,CANDIDATE,,L2_017 haiku b09,
AR05126,مُساهَمَة,مصدر,139,12047,مَا يُشَارَكُ بِهِ فِي عَمَلٍ,سهم,مُفَاعَلَةٌ,,,,,CANDIDATE,,L2_017 haiku b09,
AR05127,صَدَقَة,اسم جامد,139,14695,عَطِيَّةٌ لِمُحْتَاجٍ أَوْ جِهَةٍ خَيْرِيَّة,صدق,فَعَلَةٌ,,,,,CANDIDATE,,L2_017 haiku b09,
AR05128,تَطَوَّعَ,فعل,139,15057,قَدَّمَ خِدْمَةً أَوْ مَالًا بِاخْتِيَار,طوع,تَفَعَّلَ,,,,,CANDIDATE,,L2_017 haiku b09,
AR05129,تَرَكَ,فعل,139,15099,خَلَّفَ مِلْكًا لِلْوَرَثَة,ترك,فَعَلَ,,,,,CANDIDATE,,L2_017 haiku b09,
AR05130,أَسْبَغَ,فعل,139,15102,أَعْطَىٰ قَبْلَ الْأَوَانِ,سبغ,أَفْعَلَ,,,,,CANDIDATE,,L2_017 haiku b09,
AR05131,مَنَحَ,فعل,139,18516,أَعْطَىٰ حَقًّا أَوْ مِلْكًا,منح,فَعَلَ,,,,,CANDIDATE,,L2_017 haiku b09,
AR05132,وَصِيَّة,اسم جامد,139,18517,مَا يُتْرَكُ بِالْوَصِيَّة,وصي,فَعِيلَةٌ,,,,,CANDIDATE,,L2_017 haiku b09,
AR05133,جُزْء,اسم جامد,140,2784,قِطْعَةٌ مِنْ كُلٍّ,جزء,فُعْلٌ,,,,,CANDIDATE,,L2_017 haiku b09,
AR05134,شَظِيَّة,اسم جامد,140,2785,قِطْعَةٌ مَكْسُورَة,شظي,فَعِيلَةٌ,,,,,CANDIDATE,,L2_017 haiku b09,
AR05135,نِصْف,اسم جامد,140,5882,أَحَدُ الْجُزْأَيْنِ الْمُتَسَاوِيَيْنِ,نصف,فِعْلٌ,,,,,CANDIDATE,,L2_017 haiku b09,
AR05136,قِطْعَة,اسم جامد,140,5883,جُزْءٌ مِنْ كُلٍّ مُقَسَّم,قطع,فِعْلَةٌ,,,,,CANDIDATE,,L2_017 haiku b09,
AR05137,قِسْم,اسم جامد,140,5903,جُزْءٌ مُمَيَّزٌ مِنْ كُلٍّ,قسم,فِعْلٌ,,,,,CANDIDATE,,L2_017 haiku b09,
AR05138,ثُمُن,اسم جامد,140,10303,وَاحِدٌ مِنْ ثَمَانِيَةِ أَجْزَاء,ثمن,فُعُلٌ,,,,,CANDIDATE,,L2_017 haiku b09,
AR05139,خُمُس,اسم جامد,140,10304,وَاحِدٌ مِنْ خَمْسَةِ أَجْزَاء,خمس,فُعُلٌ,,,,,CANDIDATE,,L2_017 haiku b09,
AR05140,جُزْءٌ مِنْ مِائَة,تركيب,140,10305,وَاحِدٌ مِنْ مِائَةِ جُزْء,,,,,,,CANDIDATE,,L2_017 haiku b09,
AR05141,ثُلُث,اسم جامد,140,10306,وَاحِدٌ مِنْ ثَلَاثَةِ أَجْزَاء,ثلث,فُعُلٌ,,,,,CANDIDATE,,L2_017 haiku b09,
AR05142,رُبُع,اسم جامد,140,10307,وَاحِدٌ مِنْ أَرْبَعَةِ أَجْزَاء,ربع,فُعُلٌ,,,,,CANDIDATE,,L2_017 haiku b09,
AR05143,عُشْر,اسم جامد,140,10308,وَاحِدٌ مِنْ عَشَرَةِ أَجْزَاء,عشر,فُعْلٌ,,,,,CANDIDATE,,L2_017 haiku b09,
AR05144,حِصَّة,اسم جامد,140,12653,جُزْءٌ أَوْ حَظٌّ مِنْ شَيْءٍ,حصص,,,,,,CANDIDATE,فِعَّة,L2_017 haiku b09,WAZN_NOT_IN_INV
AR05145,تَطَوُّر,مصدر,140,16853,جُزْءٌ مِنَ الْمُوسِيقَىٰ حَيْثُ تَتْجَسَّدُ الْمَوْضِيعَات,طور,تَفَعُّلٌ,,,,,CANDIDATE,,L2_017 haiku b09,
AR05146,مُتَأَكِّد,اسم فاعل,141,2745,عَلَىٰ يَقِينٍ تَامٍّ مِنْ شَيْءٍ,ءكد,مُتَفَعِّلٌ,,,,,CANDIDATE,,L2_017 haiku b09,ROOT_NORMALIZED
AR05147,غَيْرُ مُتَأَكِّد,تركيب,141,2746,لَيْسَ عَلَىٰ يَقِينٍ مِنْ أَمْرٍ,,,,,,,CANDIDATE,,L2_017 haiku b09,
AR05148,وَاثِق,صفة مشبهة,141,2747,مُطْمَئِنٌّ إِلَىٰ صِحَّةِ أَمْرٍ,وثق,فَاعِلٌ,,,,,CANDIDATE,,L2_017 haiku b09,
AR05149,مُتَيَقِّن,اسم فاعل,141,2748,عَلَىٰ عِلْمٍ أَكِيدٍ بِأَمْرٍ,يقن,مُتَفَعِّلٌ,,,,,CANDIDATE,,L2_017 haiku b09,
AR05150,ثِقَة,اسم جامد,141,2749,الاطْمِئْنَانُ إِلَىٰ صِحَّةِ أَمْرٍ,ثقة,فِعَةٌ,,,,,CANDIDATE,,L2_017 haiku b09,
AR05151,مُقْتَنِع,اسم فاعل,141,2750,عَلَىٰ إِقْنَاعٍ تَامٍّ بِأَمْرٍ,قنع,مُفْتَعِلٌ,,,,,CANDIDATE,,L2_017 haiku b09,
AR05152,مُؤَكَّد,اسم مفعول,141,2751,بِلَا شَكٍّ؛ مَقْطُوعٌ,ءكد,مُفَعَّلٌ,,,,,CANDIDATE,,L2_017 haiku b09,ROOT_NORMALIZED
AR05153,مُتَرَدِّد,اسم فاعل,141,2752,غَيْرُ وَاثِقٍ فِي أَمْرٍ,ردد,مُتَفَعِّلٌ,,,,,CANDIDATE,,L2_017 haiku b09,
AR05154,يَقِين,اسم جامد,141,2753,الْعِلْمُ الْأَكِيدُ بِصِحَّةِ أَمْرٍ,يقن,فَعِيلٌ,,,,,CANDIDATE,,L2_017 haiku b09,
AR05155,شَكَّ,فعل,141,2754,عَدَمُ الْيَقِينِ بِصِحَّةِ أَمْرٍ,شكك,فَعَّلَ,,,,,CANDIDATE,,L2_017 haiku b09,WAZN_LEMMA_MISMATCH
AR05156,مَشْكُوك,اسم مفعول,141,2755,غَيْرُ مُتَأَكِّدٍ,شكك,مَفْعُولٌ,,,,,CANDIDATE,,L2_017 haiku b09,
AR05157,صَدَّقَ,فعل,141,2756,ظَنَّ أَوْ تَيَقَّنَ مِنْ أَمْرٍ,صدق,فَعَّلَ,,,,,CANDIDATE,,L2_017 haiku b09,
AR05158,شَكّ,اسم جامد,141,2757;3401,عَدَمُ الْيَقِينِ بِأَمْرٍ,شكك,فَعْلٌ,,,,,CANDIDATE,,L2_017 haiku b09,WAZN_LEMMA_MISMATCH
AR05159,غَيْرُ وَاثِق,تركيب,141,3285,لَا يَثِقُ فِي أَمْرٍ,,,,,,,CANDIDATE,,L2_017 haiku b09,
AR05160,اعْتَقَدَ,فعل,141,12113,كَانَ عَلَىٰ اعْتِقَادٍ رَاسِخٍ,عقد,,,,,,CANDIDATE,افْتَعَلَ,L2_017 haiku b09,WAZN_NOT_IN_INV
AR05161,مُتَشَكِّك,اسم فاعل,141,14303;14305,يَتَرَدَّدُ فِي الْحُكْمِ,شكك,مُتَفَعِّلٌ,,,,,CANDIDATE,,L2_017 haiku b09,
AR05162,تَشَكُّك,مصدر,141,14304,الْقِسْطُ مِنَ الْحُكْمِ وَالشَّكِّ,شكك,تَفَعُّلٌ,,,,,CANDIDATE,,L2_017 haiku b09,
AR05163,عَلِمَ,فعل,141,15553,كَانَ عَلَىٰ عِلْمٍ أَكِيدٍ,علم,فَعِلَ,,,,,CANDIDATE,,L2_017 haiku b09,
AR05164,قِصَاصَة,اسم جامد,142,2758,قِطْعَةٌ صَغِيرَةٌ متبقية,قصص,فِعَالَةٌ,,,,,CANDIDATE,,L2_017 haiku b09,
AR05165,شَظِيَّة,اسم جامد,142,2759;2770;5904,شَرِيحَةٌ رَقِيقَةٌ مِنْ شَيْءٍ,شظي,فَعِيلَةٌ,,,,,CANDIDATE,,L2_017 haiku b09,
AR05166,خِيط,اسم جامد,142,2761,شَيْءٌ جِدًّا صَغِيرٌ,خيط,,,,,,CANDIDATE,فِيعَل,L2_017 haiku b09,WAZN_NOT_IN_INV
AR05167,مَقْطَع,اسم جامد,142,2762,جُزْءٌ صَغِيرٌ مِنْ نَصٍّ,قطع,مَفْعَلٌ,,,,,CANDIDATE,,L2_017 haiku b09,
AR05168,كُتْلَة,اسم جامد,142,2763;5868;5999;6014,قِطْعَةٌ كَبِيرَةٌ وَثَقِيلَة,كتل,فُعْلَةٌ,,,,,CANDIDATE,,L2_017 haiku b09,
AR05169,قِطْعَة,اسم جامد,142,2764;2786,قِطْعَةٌ كَثِيفَةٌ صَلْبَة,قطع,فِعْلَةٌ,,,,,CANDIDATE,,L2_017 haiku b09,
AR05170,مِقْدَار,اسم جامد,142,2765,كَمِيَّةٌ صَغِيرَةٌ جِدًّا,قدر,مِفْعَالٌ,,,,,CANDIDATE,,L2_017 haiku b09,
AR05171,فُتَات,اسم جامد,142,2769,قِطْعَةٌ صَغِيرَةٌ مُتَكَسِّرَة,فتت,فُعَالٌ,,,,,CANDIDATE,,L2_017 haiku b09,
AR05172,لُقْمَة,اسم جامد,142,2771,قِطْعَةٌ صَغِيرَةٌ مِنَ الطَّعَام,لقم,فُعْلَةٌ,,,,,CANDIDATE,,L2_017 haiku b09,
AR05173,شَرِيحَة,اسم جامد,142,5835,قِطْعَةٌ رَقِيقَةٌ مِنَ الطَّعَامِ,شرح,فَعِيلَةٌ,,,,,CANDIDATE,,L2_017 haiku b09,
AR05174,رِقَاقَة,اسم جامد,142,5869,قِطْعَةٌ رَقِيقَةٌ جِدًّا,رقق,فِعَالَةٌ,,,,,CANDIDATE,,L2_017 haiku b09,
AR05175,رَقْقَة,اسم جامد,142,16599,لَوْحَةٌ سِيليكونِيَّة,رقق,فَعْلَةٌ,,,,,CANDIDATE,,L2_017 haiku b09,
AR05176,أَعْلَىٰ,صفة مشبهة,143,2772,الْجُزْءُ الْأَعْلَىٰ,علو,,,,,,CANDIDATE,أَفْعَلَ,L2_017 haiku b09,WAZN_NOT_IN_INV
AR05177,أَسْفَل,صفة مشبهة,143,2773,الْجُزْءُ الْأَسْفَلُ,سفل,,,,,,CANDIDATE,أَفْعَلَ,L2_017 haiku b09,WAZN_NOT_IN_INV
AR05178,أَمَام,ظرف,143,2774,الْجَانِبُ الْمُقَابِلُ,ءمم,فَعَالٍ,,,,,CANDIDATE,,L2_017 haiku b09,ROOT_NORMALIZED
AR05179,خَلْف,ظرف,143,2775;5736,الْجَانِبُ الْخَلْفِيُّ,خلف,فَعْلٌ,,,,,CANDIDATE,,L2_017 haiku b09,
AR05180,جَانِب,اسم جامد,143,2776,جُزْءٌ مِنَ الْيَمِينِ أَوِ الْيَسَار,جنب,فَاعِلٌ,,,,,CANDIDATE,,L2_017 haiku b09,
AR05181,سُفْلَىٰ,صفة مشبهة,143,2778,السَّطْحُ الْأَسْفَلُ,سفل,,,,,,CANDIDATE,فُعْلَىٰ,L2_017 haiku b09,WAZN_NOT_IN_INV
AR05182,بَطْن,اسم جامد,143,5728,الْجُزْءُ الضَّعِيفُ,بطن,فَعْلٌ,,,,,CANDIDATE,,L2_017 haiku b09,
AR05183,قِمَّة,اسم جامد,143,5729;5733;5819;5820,أَعْلَىٰ نُقْطَةٍ,قمم,,,,,,CANDIDATE,فِعَّة,L2_017 haiku b09,WAZN_NOT_IN_INV
AR05184,خَلْفِيّ,اسم منسوب,143,5730;5739;5740,الْمُتَجِّهُ لِلْخَلْفِ,خلف,فَعْلِيٌّ,,,,,CANDIDATE,,L2_017 haiku b09,
AR05185,عُلْوِيّ,اسم منسوب,143,5731,الْمُتَجِّهُ لِلْأَعْلَىٰ,علو,,,,,,CANDIDATE,فُعْوِيّ,L2_017 haiku b09,WAZN_NOT_IN_INV
AR05186,سُفْلِيّ,اسم منسوب,143,5732,الْمُتَجِّهُ لِلْأَسْفَلِ,سفل,فُعْلِيٌّ,,,,,CANDIDATE,,L2_017 haiku b09,
AR05187,أَسَاس,اسم جامد,143,5734,الْقَاعِدَةُ السُّفْلَىٰ,ءسس,فِعَالٌ,,,,,CANDIDATE,,L2_017 haiku b09,ROOT_NORMALIZED
AR05188,رَأْس,اسم جامد,143,5735,الطَّرَفُ الْمُدَبَّب,رءس,فَعْلٌ,,,,,CANDIDATE,,L2_017 haiku b09,ROOT_NORMALIZED
AR05189,قَدَم,اسم جامد,143,5737,وحدة قياس طول,قدم,فَعَلٌ,,,,,CANDIDATE,,L2_017 haiku b09,
AR05190,سَطْح,اسم جامد,143,5738,السَّطْحُ الظَّاهِر,سطح,فَعْلٌ,,,,,CANDIDATE,,L2_017 haiku b09,
AR05191,قَلْب,اسم جامد,143,5742,الْجُزْءُ الْمَرْكَزِيُّ,قلب,فَعْلٌ,,,,,CANDIDATE,,L2_017 haiku b09,
AR05192,يَسَار,اسم جامد,143,5745,الْجَانِبُ الْأَيْسَر,يسر,فَعَالٍ,,,,,CANDIDATE,,L2_017 haiku b09,
AR05193,أَيْسَر,صفة مشبهة,143,5746,عَلَىٰ جَانِبِ الْيَسَار,يسر,أَفْعَلُ,,,,,CANDIDATE,,L2_017 haiku b09,
AR05194,أَيْمَن,صفة مشبهة,143,5747,عَلَىٰ جَانِبِ الْيَمِين,يمن,أَفْعَلُ,,,,,CANDIDATE,,L2_017 haiku b09,
AR05195,يَمِين,اسم جامد,143,5748,الْجَانِبُ الْأَيْمَن,يمن,فَعِيلٌ,,,,,CANDIDATE,,L2_017 haiku b09,
AR05196,شَرْقِيّ,اسم منسوب,143,5821;5875,نَحْوَ الشَّرْقِ,شرق,فَعْلِيٌّ,,,,,CANDIDATE,,L2_017 haiku b09,
AR05197,غَرْبِيّ,اسم منسوب,143,5822;5877,نَحْوَ الْغَرْبِ,غرب,فَعْلِيٌّ,,,,,CANDIDATE,,L2_017 haiku b09,
AR05198,شَمَالِيّ,اسم منسوب,143,5823;5872,نَحْوَ الشَّمَالِ,شمل,فَعَالِيٌّ,,,,,CANDIDATE,,L2_017 haiku b09,
AR05199,جَنُوبِيّ,اسم منسوب,143,5824;5871,نَحْوَ الْجَنُوبِ,جنب,فَعُولِيٌّ,,,,,CANDIDATE,,L2_017 haiku b09,
AR05200,أَقْصَىٰ شَمَال,تركيب,143,5873,فِي أَبْعَدِ شَمَالٍ,,,,,,,CANDIDATE,,L2_017 haiku b09,
AR05201,أَقْصَىٰ جَنُوب,تركيب,143,5874,فِي أَبْعَدِ جَنُوبٍ,,,,,,,CANDIDATE,,L2_017 haiku b09,
AR05202,أَقْصَىٰ شَرْق,تركيب,143,5876,فِي أَبْعَدِ شَرْقٍ,,,,,,,CANDIDATE,,L2_017 haiku b09,
AR05203,أَقْصَىٰ غَرْب,تركيب,143,5878,فِي أَبْعَدِ غَرْبٍ,,,,,,,CANDIDATE,,L2_017 haiku b09,
AR05204,شِمَال,اسم جامد,143,6077,الْجِهَةُ الشَّمَالِيَّة,شمل,فِعَالٌ,,,,,CANDIDATE,,L2_017 haiku b09,
AR05205,جَنُوب,اسم جامد,143,6078,الْجِهَةُ الْجَنُوبِيَّة,جنب,فَعُولٌ,,,,,CANDIDATE,,L2_017 haiku b09,
AR05206,غَرْب,اسم جامد,143,6079,الْجِهَةُ الْغَرْبِيَّة,غرب,فَعْلٌ,,,,,CANDIDATE,,L2_017 haiku b09,
AR05207,شَرْق,اسم جامد,143,6080,الْجِهَةُ الشَّرْقِيَّة,شرق,فَعْلٌ,,,,,CANDIDATE,,L2_017 haiku b09,
AR05208,شَمَالُ غَرْب,تركيب,143,14363,الْجِهَةُ الشَّمَالِيَّة الْغَرْبِيَّة,,,,,,,CANDIDATE,,L2_017 haiku b09,
AR05209,شَمَالُ جَنُوب,تركيب,143,14393,الْمِحْوَرُ بَيْنَ الشَّمَالِ وَالْجَنُوبِ,,,,,,,CANDIDATE,,L2_017 haiku b09,
AR05210,أَمَامِيّ,اسم منسوب,143,17256,فِي الْجَانِبِ الْأَمَامِيّ,ءمم,فَعَالِيٌّ,,,,,CANDIDATE,,L2_017 haiku b09,ROOT_NORMALIZED
AR05211,تَوَقَّفَ,فعل,144,2788;2789;2793,أَنْهَىٰ عَمَلًا,وقف,تَفَعَّلَ,,,,,CANDIDATE,,L2_017 haiku b09,
AR05212,أَقْلَعَ,فعل,144,2791,تَرَكَ الاسْتِمْرَار,قلع,أَفْعَلَ,,,,,CANDIDATE,,L2_017 haiku b09,
AR05213,تَرَكَ,فعل,144,2792,أَنْهَىٰ عَمَلًا,ترك,فَعَلَ,,,,,CANDIDATE,,L2_017 haiku b09,
AR05214,توقُّف,مصدر,144,2794;2795;14507,حَالَةُ إِنْهَاءِ حَدَثٍ,وقف,تَفَعُّلٌ,,,,,CANDIDATE,,L2_017 haiku b09,
AR05215,إِطْفَاء,مصدر,144,16135,إِيقافُ نِظَامٍ,طفء,إِفْعَالٌ,,,,,CANDIDATE,,L2_017 haiku b09,ROOT_NORMALIZED
AR05216,أَنْهَىٰ,فعل,144,16389,أَنْهَىٰ عَمَلِيَّةً قَبْلَ أَوَانِهَا,نهي,أَفْعَلَ,,,,,CANDIDATE,,L2_017 haiku b09,
AR05217,أَطْفَأَ,فعل,144,18331,أَوْقَفَ نِظَامًا,طفء,أَفْعَلَ,,,,,CANDIDATE,,L2_017 haiku b09,ROOT_NORMALIZED
AR05218,اسْتَمَرَّ,فعل,145,2799;4092;4095,ظَلَّ فِي الاسْتِمْرَارِ,سمر,,,,,,CANDIDATE,افْتَعَلَ,L2_017 haiku b09,WAZN_NOT_IN_INV
AR05219,مُسْتَمِرّ,اسم فاعل,145,2802,لَازَالَ جَارِيًا,سمر,مُفْتَعِلٌ,,,,,CANDIDATE,,L2_017 haiku b09,
AR05220,اسْتَطَالَ,فعل,145,4094,اسْتَمَرَّ أَطْوَلَ مِمَّا هُوَ مَطْلُوب,طول,,,,,,CANDIDATE,افْتَعَلَ,L2_017 haiku b09,WAZN_NOT_IN_INV
AR05221,اسْتِمْرَار,مصدر,145,4098,حَالَةُ الاسْتِمْرَارِ المُسْتَمِرّ,سمر,,,,,,CANDIDATE,افْتِعَال,L2_017 haiku b09,WAZN_LEMMA_MISMATCH;WAZN_NOT_IN_INV
AR05222,تَابَعَ,فعل,145,11693,اسْتَمَرَّ فِي الْعَمَلِ,تبع,فَاعَلَ,,,,,CANDIDATE,,L2_017 haiku b09,
AR05223,جَارٍ,اسم فاعل,145,14024,فِي طَرِيقِ التَّنْفِيذِ,جري,فَاعِلٌ,,,,,CANDIDATE,,L2_017 haiku b09,
AR05224,عَلَىٰ,حرف,145,17648,حُرْفُ جَرٍّ يَدُلُّ عَلَىٰ الاسْتِمْرَارِ,,,,,,,CANDIDATE,,L2_017 haiku b09,
AR05225,بَدَأَ,فعل,146,4447;4448;13283;16261;17846,بَدَأَ نَشَاطًا,بدء,فَعَلَ,,,,,CANDIDATE,,L2_017 haiku b09,ROOT_NORMALIZED
AR05226,تَسَلَّمَ,فعل,146,4449,شَرَعَ فِي وَظِيفَةٍ,سلم,تَفَعَّلَ,,,,,CANDIDATE,,L2_017 haiku b09,
AR05227,مُبْتَدِئ,اسم فاعل,146,4450;4451,مَنْ يَبْدَأُ نَشَاطًا,بدء,مُفْتَعِلٌ,,,,,CANDIDATE,,L2_017 haiku b09,ROOT_NORMALIZED
AR05228,انْخَرَطَ,فعل,146,9272,بَدَأَ الاشْتِغَالَ,خرط,,,,,,CANDIDATE,افْتَعَلَ,L2_017 haiku b09,WAZN_LEMMA_MISMATCH;WAZN_NOT_IN_INV
AR05229,شَرَعَ,فعل,146,12881;15098;17845,بَدَأَ نَشَاطًا بِقُوَّة,شرع,فَعَلَ,,,,,CANDIDATE,,L2_017 haiku b09,
AR05230,بَدَّأَ,فعل,146,13233,أَطْلَقَ عَمَلِيَّة,بدء,فَعَّلَ,,,,,CANDIDATE,,L2_017 haiku b09,ROOT_NORMALIZED
AR05231,فَتَحَ,فعل,146,16542,بَدَأَ هُجُومًا,فتح,فَعَلَ,,,,,CANDIDATE,,L2_017 haiku b09,
AR05232,كِيلُو,اسم جامد,147,2804,وحدة قياس كتلة = ألف غرام (دخيل),,,,,,,CANDIDATE,,L2_017 haiku b09,ROOT_MISSING;WAZN_MISSING
AR05233,كِيلُوغْرَام,اسم جامد,147,2805,وحدة قياس الكتلة = ألف غرام (دخيل),,,,,,,CANDIDATE,,L2_017 haiku b09,ROOT_MISSING;WAZN_MISSING
AR05234,غْرَام,اسم جامد,147,2806,وحدة قياس كتلة (دخيل),,,,,,,CANDIDATE,,L2_017 haiku b09,ROOT_MISSING;WAZN_MISSING
AR05235,طُن,اسم جامد,147,2807,وحدة قياس الوزن الثقيل (دخيل),,,,,,,CANDIDATE,,L2_017 haiku b09,ROOT_MISSING;WAZN_MISSING
AR05236,رِطْل,اسم جامد,147,2808,وحدة قياس الوزن,رطل,فِعْلٌ,,,,,CANDIDATE,,L2_017 haiku b09,
AR05237,أُونْصَة,اسم جامد,147,2810,وحدة قياس الوزن (دخيل),,,,,,,CANDIDATE,,L2_017 haiku b09,ROOT_MISSING;WAZN_MISSING
AR05238,مِيلِيغْرَام,اسم جامد,147,2811,جزء من ألف غرام (دخيل),,,,,,,CANDIDATE,,L2_017 haiku b09,ROOT_MISSING;WAZN_MISSING
AR05239,طُنّ مِتْرِيّ,تركيب,147,12406,ألف كيلوغرام (دخيل),,,,,,,CANDIDATE,,L2_017 haiku b09,
AR05240,اسْتأْنَفَ,فعل,148,4434,عَاوَدَ عَمَلًا بَعْدَ انْقِطَاع,ءنف,,,,,,CANDIDATE,افْتَعَلَ,L2_017 haiku b09,ROOT_NORMALIZED;WAZN_NOT_IN_INV
AR05241,أَعَادَ,فعل,148,17586,بَدَأَ مَرَّةً أُخْرَىٰ,عود,أَفْعَلَ,,,,,CANDIDATE,,L2_017 haiku b09,
AR05242,إِنْش,اسم جامد,154,2812,وحدة قياس طول (دخيل),,,,,,,CANDIDATE,,L2_017 haiku b09,ROOT_MISSING;WAZN_MISSING
AR05243,مِيل,اسم جامد,154,2813,وحدة قياس مسافة (دخيل),,,,,,,CANDIDATE,,L2_017 haiku b09,ROOT_MISSING;WAZN_MISSING
AR05244,يَارْدَة,اسم جامد,154,2814,وحدة قياس طول (دخيل),,,,,,,CANDIDATE,,L2_017 haiku b09,ROOT_MISSING;WAZN_MISSING
AR05245,قَدَم,اسم جامد,154,2815,وحدة قياس طول,قدم,فَعَلٌ,,,,,CANDIDATE,,L2_017 haiku b09,
AR05246,مِتْر,اسم جامد,154,2816,وحدة قياس الطول الأساسية (دخيل),,,,,,,CANDIDATE,,L2_017 haiku b09,ROOT_MISSING;WAZN_MISSING
AR05247,كِيلُومِتْر,اسم جامد,154,2817,ألف متر (دخيل),,,,,,,CANDIDATE,,L2_017 haiku b09,ROOT_MISSING;WAZN_MISSING
AR05248,سَنْتِيمِتْر,اسم جامد,154,2818,جزء من مئة متر (دخيل),,,,,,,CANDIDATE,,L2_017 haiku b09,ROOT_MISSING;WAZN_MISSING
AR05249,مِيلِيمِتْر,اسم جامد,154,2819,جزء من ألف متر (دخيل),,,,,,,CANDIDATE,,L2_017 haiku b09,ROOT_MISSING;WAZN_MISSING
AR05250,فَرْلُونْغ,اسم جامد,154,13486,وحدة قياس مسافة (دخيل),,,,,,,CANDIDATE,,L2_017 haiku b09,ROOT_MISSING;WAZN_MISSING
AR05251,سَنَة ضَوْئِيَّة,تركيب,154,13487,وحدة قياس مسافة كونية,,,,,,,CANDIDATE,,L2_017 haiku b09,
AR05252,كُتْلَة مَدِينَة,تركيب,154,14502,طول شارع واحد,,,,,,,CANDIDATE,,L2_017 haiku b09,
AR05253,بِنْت,اسم جامد,155,2820,وحدة قياس حجم (دخيل),,,,,,,CANDIDATE,,L2_017 haiku b09,ROOT_MISSING;WAZN_MISSING
AR05254,كُوب,اسم جامد,155,2821;2825,وحدة قياس حجم (دخيل),,,,,,,CANDIDATE,,L2_017 haiku b09,ROOT_MISSING;WAZN_MISSING
AR05255,زُجَاجَة,اسم جامد,155,2822,وعاء للسوائل,زجج,فُعَالَةٌ,,,,,CANDIDATE,,L2_017 haiku b09,
AR05256,بُوشِل,اسم جامد,155,2823,وحدة قياس حجم (دخيل),,,,,,,CANDIDATE,,L2_017 haiku b09,ROOT_MISSING;WAZN_MISSING
AR05257,صُندُوق,اسم جامد,155,2824;18681,وعاء مستطيل الشكل,صندق,فُعْلُولٌ,,,,,CANDIDATE,,L2_017 haiku b09,
AR05258,جَالُون,اسم جامد,155,2826,وحدة قياس حجم (دخيل),,,,,,,CANDIDATE,,L2_017 haiku b09,ROOT_MISSING;WAZN_MISSING
AR05259,بِرْمِيل,اسم جامد,155,2827,وعاء كبير (دخيل),,,,,,,CANDIDATE,,L2_017 haiku b09,ROOT_MISSING;WAZN_MISSING
AR05260,عِلْبَة,اسم جامد,155,2828;2877;7204,وعاء من الكرتون,علب,فِعْلَةٌ,,,,,CANDIDATE,,L2_017 haiku b09,
AR05261,وِعَاء,اسم جامد,155,2829,إناء عميق مستدير,وعي,فِعَالٌ,,,,,CANDIDATE,,L2_017 haiku b09,
AR05262,مِلْعَقَة شَاي,تركيب,155,2832,حجم ملعقة الشاي,,,,,,,CANDIDATE,,L2_017 haiku b09,
AR05263,إِبْرِيق,اسم جامد,155,2833,وعاء للسوائل,برق,إِفْعِيلٌ,,,,,CANDIDATE,,L2_017 haiku b09,
AR05264,مِلْعَقَة,اسم جامد,155,2834,حجم الملعقة,لعق,فِعْلَةٌ,,,,,CANDIDATE,,L2_017 haiku b09,WAZN_LEMMA_MISMATCH
AR05265,مِلْعَقَة طَعَام,تركيب,155,2835,حجم ملعقة الطعام,,,,,,,CANDIDATE,,L2_017 haiku b09,
AR05266,كِيس,اسم جامد,155,2836,حجم الكيس المرن,كيس,,,,,,CANDIDATE,فِيعَل,L2_017 haiku b09,WAZN_NOT_IN_INV
AR05267,كْوَرْت,اسم جامد,155,2837,وحدة قياس حجم (دخيل),,,,,,,CANDIDATE,,L2_017 haiku b09,ROOT_MISSING;WAZN_MISSING
AR05268,مِلْءُ مِلْعَقَة,تركيب,155,2838,حجم ملء الملعقة,,,,,,,CANDIDATE,,L2_017 haiku b09,
AR05269,مِلْءُ مِلْعَقَةِ شَاي,تركيب,155,2839,حجم ملء ملعقة الشاي,,,,,,,CANDIDATE,,L2_017 haiku b09,
AR05270,مِلْءُ كِيس,تركيب,155,2840,حجم ملء الكيس,,,,,,,CANDIDATE,,L2_017 haiku b09,
AR05271,مِلْءُ صُندُوق,تركيب,155,2841,حجم ملء الصندوق,,,,,,,CANDIDATE,,L2_017 haiku b09,
AR05272,مِلْءُ دَلْو,تركيب,155,2842,حجم ملء الدلو,,,,,,,CANDIDATE,,L2_017 haiku b09,
AR05273,مِلْءُ خَزَّان,تركيب,155,2843,حجم ملء الخزان,,,,,,,CANDIDATE,,L2_017 haiku b09,
AR05274,مِلْءُ جِوَال,تركيب,155,2844,حجم ملء الجوال,,,,,,,CANDIDATE,,L2_017 haiku b09,
AR05275,إِنَاء,اسم جامد,155,3147,حجم الكوب الكبير,نوع,,,,,,CANDIDATE,إِفَاء,L2_017 haiku b09,WAZN_NOT_IN_INV
AR05276,مِعْيَار,اسم جامد,155,3340,حجم المعيار,معر,فِعْيالٌ,,,,,CANDIDATE,,L2_017 haiku b09,
AR05277,مِلْءُ مِعْيَار,تركيب,155,3341,حجم ملء المعيار,,,,,,,CANDIDATE,,L2_017 haiku b09,
AR05278,طَبَق,اسم جامد,155,3421,حجم ما على الطبق,طبق,فَعَلٌ,,,,,CANDIDATE,,L2_017 haiku b09,
AR05279,صِينِيَة,اسم جامد,155,3422,حجم ما على الصينية,صين,,,,,,CANDIDATE,فِيعِلَة,L2_017 haiku b09,WAZN_NOT_IN_INV
AR05280,مِلْءُ حَافِلَة,تركيب,155,3424,حجم ملء الحافلة,,,,,,,CANDIDATE,,L2_017 haiku b09,
AR05281,مِلْءُ طَائِرَة,تركيب,155,3425,حجم ملء الطائرة,,,,,,,CANDIDATE,,L2_017 haiku b09,
AR05282,مِلْءُ شَاحِنَة,تركيب,155,3426,حجم ملء الشاحنة,,,,,,,CANDIDATE,,L2_017 haiku b09,
AR05283,مِلْءُ سَيَّارَة,تركيب,155,3427,حجم ملء السيارة,,,,,,,CANDIDATE,,L2_017 haiku b09,
AR05284,مِلْءُ غُرْفَة,تركيب,155,3428,حجم ملء الغرفة,,,,,,,CANDIDATE,,L2_017 haiku b09,
AR05285,مِلْءُ قِطَار,تركيب,155,3434,حجم ملء القطار,,,,,,,CANDIDATE,,L2_017 haiku b09,
AR05286,مِلْءُ قَارِب,تركيب,155,3664,حجم ملء القارب,,,,,,,CANDIDATE,,L2_017 haiku b09,
AR05287,لِتْر,اسم جامد,155,6989,وحدة قياس حجم (دخيل),,,,,,,CANDIDATE,,L2_017 haiku b09,ROOT_MISSING;WAZN_MISSING
AR05288,هِكْتَار,اسم جامد,156,2857,وحدة قياس مساحة (دخيل),,,,,,,CANDIDATE,,L2_017 haiku b09,ROOT_MISSING;WAZN_MISSING
AR05289,فَدَّان,اسم جامد,156,2858,وحدة قياس مساحة أرض,فدن,فَعَّالٌ,,,,,CANDIDATE,,L2_017 haiku b09,
AR05290,نَحِيل,صفة مشبهة,157,2860;2931;3053;3058;3589,نحيل الجسم طويل,نحل,فَعِيلٌ,,,,,CANDIDATE,,L2_017 haiku b10,
AR05291,ممتلئ,اسم مفعول,157,2863;3061;3595;3596,ممتلئ الجسم دائري,ملء,مُفْتَعَلٌ,,,,,CANDIDATE,,L2_017 haiku b10,ROOT_NORMALIZED;UNVOCALIZED
AR05292,رَخْو,صفة مشبهة,157,2865,رخو اللحم غير مشدود,رخو,فَعْلٌ,,,,,CANDIDATE,,L2_017 haiku b10,
AR05293,سَمِين,صفة مشبهة,157,2921;3049,سمين الجسم كثير الشحم,سمن,فَعِيلٌ,,,,,CANDIDATE,,L2_017 haiku b10,
AR05294,بَدِين,صفة مشبهة,157,2922,بدين الجسم سمين,بدن,فَعِيلٌ,,,,,CANDIDATE,,L2_017 haiku b10,
AR05295,وَقور,صفة مشبهة,157,2923,وقور كبير الجسم,وقر,,,,,,CANDIDATE,فَعول,L2_017 haiku b10,WAZN_NOT_IN_INV
AR05296,رَشِيق,صفة مشبهة,157,2924;3052,رشيق ممشوق القوام,رشق,فَعِيلٌ,,,,,CANDIDATE,,L2_017 haiku b10,
AR05297,قَصِير,صفة مشبهة,157,2928;2934;3592,قصير القامة قوي,قصر,فَعِيلٌ,,,,,CANDIDATE,,L2_017 haiku b10,
AR05298,غَلِيظ,صفة مشبهة,157,2929;3063;3065;3593,غليظ قصير ممتلئ,غلظ,فَعِيلٌ,,,,,CANDIDATE,,L2_017 haiku b10,
AR05299,أَسِير,صفة مشبهة,157,2930,أسير هزيل معذب,سير,فَعِيلٌ,,,,,CANDIDATE,,L2_017 haiku b10,
AR05300,عَضِل,صفة مشبهة,157,2932;3038;3149,عضل قوي البنية,عضل,فَعِلٌ,,,,,CANDIDATE,,L2_017 haiku b10,
AR05301,بَطِين,صفة مشبهة,157,3040,بطين ممتلئ الكرش,بطن,فَعِيلٌ,,,,,CANDIDATE,,L2_017 haiku b10,
AR05302,رَقِيق,صفة مشبهة,157,3050;3150;3597,رقيق الجسم قليل,رقق,فَعِيلٌ,,,,,CANDIDATE,,L2_017 haiku b10,
AR05303,طَوِيل,صفة مشبهة,157,3051;3148;3591,طويل رقيق ممشوق,طول,فَعِيلٌ,,,,,CANDIDATE,,L2_017 haiku b10,
AR05304,ضَئِيل,صفة مشبهة,157,3054,ضئيل صغير ضعيف,ضيل,فَعِيلٌ,,,,,CANDIDATE,,L2_017 haiku b10,
AR05305,عَظْمِيّ,اسم منسوب,157,3590,عظمي رقيق,عظم,فَعْلِيٌّ,,,,,CANDIDATE,,L2_017 haiku b10,
AR05306,مَرِن,صفة مشبهة,157,3594,مرن رقيق أنيق,مرن,فَعِلٌ,,,,,CANDIDATE,,L2_017 haiku b10,
AR05307,ثَقِيل,صفة مشبهة,157,3598,ثقيل قوي كبير,ثقل,فَعِيلٌ,,,,,CANDIDATE,,L2_017 haiku b10,
AR05308,متوسط,اسم فاعل,157,9819,متوسط الحجم,وسط,مُتَفَعِّلٌ,,,,,CANDIDATE,,L2_017 haiku b10,UNVOCALIZED
AR05309,عَرِيض,صفة مشبهة,157,10490,عريض الهيكل,عرض,فَعِيلٌ,,,,,CANDIDATE,,L2_017 haiku b10,
AR05310,ذَكَر,اسم جامد,157,18670,ذكر يلد النسل,ذكر,فَعَلٌ,,,,,CANDIDATE,,L2_017 haiku b10,
AR05311,أُنْثَى,اسم جامد,157,18671,أنثى تضع النسل,ءنث,فُعْلَى,,,,,CANDIDATE,,L2_017 haiku b10,ROOT_NORMALIZED
AR05312,اسْتَحَمَّ,فعل,159,2861,استحم بالماء,حمم,اِفْتَعَلَ,,,,,CANDIDATE,,L2_017 haiku b10,WAZN_LEMMA_MISMATCH
AR05313,غَسَلَ,فعل,159,4734;4735;5429;5447,غسل بالماء والصابون,غسل,فَعَلَ,,,,,CANDIDATE,,L2_017 haiku b10,
AR05314,اسْتَحْمَّ,فعل,159,4736,استحم بالدش,حمم,اِفْتَعَلَ,,,,,CANDIDATE,,L2_017 haiku b10,WAZN_LEMMA_MISMATCH
AR05315,نَتَفَ,فعل,159,5422,نتف الحاجبين,نتف,فَعَلَ,,,,,CANDIDATE,,L2_017 haiku b10,
AR05316,تَنْظِيف,مصدر,159,5423,تنظيف بين الأسنان,نظف,تَفْعِيلٌ,,,,,CANDIDATE,,L2_017 haiku b10,
AR05317,حَلَقَ,فعل,159,5424,حلق الشعر بالموس,حلق,فَعَلَ,,,,,CANDIDATE,,L2_017 haiku b10,
AR05318,إزالة,مصدر,159,5426,إزالة الشعر بالشمع,زيل,,,,,,CANDIDATE,إفَالَة,L2_017 haiku b10,UNVOCALIZED;WAZN_NOT_IN_INV
AR05319,مَشَطَ,فعل,159,5427,مشط الشعر,مشط,فَعَلَ,,,,,CANDIDATE,,L2_017 haiku b10,
AR05320,عَمِل,فعل,159,5430;5433,عمل مانيكير,عمل,,,,,,CANDIDATE,فَعِل,L2_017 haiku b10,WAZN_NOT_IN_INV
AR05321,غُسْل,مصدر,159,5445,غسل الجسم الطقسي,غسل,فُعْلٌ,,,,,CANDIDATE,,L2_017 haiku b10,
AR05322,رَطَّبَ,فعل,159,5446,رطب الجلد,رطب,فَعَّلَ,,,,,CANDIDATE,,L2_017 haiku b10,
AR05323,نَظَّفَ,فعل,159,5448,نظف الجسم,نظف,فَعَّلَ,,,,,CANDIDATE,,L2_017 haiku b10,
AR05324,عِنَاية,مصدر,159,5449;5450,عناية للوجه,عني,فِعَالَةٌ,,,,,CANDIDATE,,L2_017 haiku b10,
AR05325,عَنَى,فعل,159,5451,عنى بالظهور,عني,فَعَلَ,,,,,CANDIDATE,,L2_017 haiku b10,
AR05326,تَفْرِيش,مصدر,159,7217,تفريش الأسنان,فرش,تَفْعِيلٌ,,,,,CANDIDATE,,L2_017 haiku b10,
AR05327,تَسْرِيح,مصدر,159,7219,تسريح الشعر,سرح,تَفْعِيلٌ,,,,,CANDIDATE,,L2_017 haiku b10,
AR05328,ضَفَرَ,فعل,159,11262,ضفر الشعر,ضفر,فَعَلَ,,,,,CANDIDATE,,L2_017 haiku b10,
AR05329,بَرَدَ,فعل,159,15595,برد الأظافر,برد,فَعَلَ,,,,,CANDIDATE,,L2_017 haiku b10,
AR05330,ابْتِسَامَة,مصدر,161,2916;2918;2959,ابتسامة سعيدة,بسم,اِفْتِعَالَةٌ,,,,,CANDIDATE,,L2_017 haiku b10,
AR05331,تَشَنُّج,مصدر,161,2917,تشنج الوجه,شنج,تَفَعُّلٌ,,,,,CANDIDATE,,L2_017 haiku b10,
AR05332,عُبوس,مصدر,161,2919;2962,عبوس الوجه,عبس,,,,,,CANDIDATE,فُعول,L2_017 haiku b10,WAZN_NOT_IN_INV
AR05333,تَعْبِير,مصدر,161,2927,تعبير الوجه,عبر,تَفْعِيلٌ,,,,,CANDIDATE,,L2_017 haiku b10,
AR05334,تَجَمُّد,مصدر,161,2960,تجمد الوجه,جمد,تَفَعُّلٌ,,,,,CANDIDATE,,L2_017 haiku b10,
AR05335,نَظْرَة,مصدر,161,2961,نظرة عن انفعال,نظر,فَعْلَةٌ,,,,,CANDIDATE,,L2_017 haiku b10,
AR05336,وَجْه,اسم جامد,161,2963,وجه يدل على,وجه,فَعْلٌ,,,,,CANDIDATE,,L2_017 haiku b10,
AR05337,تَكْشِير,مصدر,161,2964,تكشير بأسنان,كشر,تَفْعِيلٌ,,,,,CANDIDATE,,L2_017 haiku b10,
AR05338,سُخْرِيَة,مصدر,161,2965,سخرية باستهزاء,سخر,فُعْلِيَةٌ,,,,,CANDIDATE,,L2_017 haiku b10,
AR05339,تَكَشُّر,مصدر,161,3039,تكشر الشفة,كشر,تَفَعُّلٌ,,,,,CANDIDATE,,L2_017 haiku b10,
AR05340,اسْتَمَرَّ,فعل,164,4347;5435;11353;13201;13202,استمر في النشاط,مرر,اِفْتَعَلَ,,,,,CANDIDATE,,L2_017 haiku b10,WAZN_LEMMA_MISMATCH
AR05341,صِيَانَة,مصدر,164,12166,صيانة بقاء الشيء,صين,فِعَالَةٌ,,,,,CANDIDATE,,L2_017 haiku b10,
AR05342,أَنْهَى,فعل,165,4482;13181,أنهى العمل,نهي,أَفْعَلَ,,,,,CANDIDATE,,L2_017 haiku b10,
AR05343,انْتَهَى,فعل,165,4483;11351,انتهى من العمل,نهي,اِفْتَعَلَ,,,,,CANDIDATE,,L2_017 haiku b10,
AR05344,أَكْمَلَ,فعل,165,11352,أكمل العمل,كمل,أَفْعَلَ,,,,,CANDIDATE,,L2_017 haiku b10,
AR05345,إِكْمَال,مصدر,165,12162,إكمال العمل,كمل,إِفْعَالٌ,,,,,CANDIDATE,,L2_017 haiku b10,
AR05346,تَخَرَّجَ,فعل,165,17692,تخرج من المدرسة,خرج,تَفَعَّلَ,,,,,CANDIDATE,,L2_017 haiku b10,
AR05347,توَقَّفَ,فعل,166,11312;11358;11360,توقف عن العمل,وقف,تَفَعَّلَ,,,,,CANDIDATE,,L2_017 haiku b10,
AR05348,أَوْقَفَ,فعل,166,11359,أوقف العمل,وقف,أَفْعَلَ,,,,,CANDIDATE,,L2_017 haiku b10,
AR05349,أَنْهَى,فعل,166,11856,أنهى الكامل,نهي,أَفْعَلَ,,,,,CANDIDATE,,L2_017 haiku b10,
AR05350,تَرَكَ,فعل,166,13410;14637,ترك العمل تماماً,ترك,فَعَلَ,,,,,CANDIDATE,,L2_017 haiku b10,
AR05351,توَقُّف,مصدر,167,4508,توقف مؤقت,وقف,تَفَعُّلٌ,,,,,CANDIDATE,,L2_017 haiku b10,
AR05352,علَّقَ,فعل,167,11354,علق العمل,علق,فَعَّلَ,,,,,CANDIDATE,,L2_017 haiku b10,
AR05353,أَخَذَ,فعل,167,11355,أخذ راحة,ءخذ,فَعَلَ,,,,,CANDIDATE,,L2_017 haiku b10,ROOT_NORMALIZED
AR05354,جَمَّدَ,فعل,167,11450,جمد الحالة,جمد,فَعَّلَ,,,,,CANDIDATE,,L2_017 haiku b10,
AR05355,تَجَمُّد,مصدر,167,11451,تجمد مستوى,جمد,تَفَعُّلٌ,,,,,CANDIDATE,,L2_017 haiku b10,
AR05356,وَقْفَة,مصدر,167,11452,وقفة منع,وقف,فَعْلَةٌ,,,,,CANDIDATE,,L2_017 haiku b10,
AR05357,عَطَّلَ,فعل,167,17366,عطل الجلسة,عطل,فَعَّلَ,,,,,CANDIDATE,,L2_017 haiku b10,
AR05358,مُسْتَعِدّ,اسم فاعل,169,12293;13418,مستعد للنشاط,عدد,مُفْتَعِلٌ,,,,,CANDIDATE,,L2_017 haiku b10,WAZN_LEMMA_MISMATCH
AR05359,مُجَهَّز,اسم مفعول,169,13001,مجهز لنشاط,جهز,مُفَعَّلٌ,,,,,CANDIDATE,,L2_017 haiku b10,
AR05360,أَعَدَّ,فعل,170,5507;11356;11357;11852,أعد نفسه,عدد,أَفْعَلَ,,,,,CANDIDATE,,L2_017 haiku b10,WAZN_LEMMA_MISMATCH
AR05361,تَأَهَّبَ,فعل,170,11883,تأهب واستعد,ءهب,تَفَعَّلَ,,,,,CANDIDATE,,L2_017 haiku b10,ROOT_NORMALIZED
AR05362,تَحْضِير,مصدر,170,13867,تحضير للنشاط,حضر,تَفْعِيلٌ,,,,,CANDIDATE,,L2_017 haiku b10,
AR05363,تَهَيَّأَ,فعل,170,17679,تهيأ نفسه,هيء,تَفَعَّلَ,,,,,CANDIDATE,,L2_017 haiku b10,ROOT_NORMALIZED
AR05364,اشْتَرَى,فعل,171,2966;2971,اشترى بالمال,شري,اِفْتَعَلَ,,,,,CANDIDATE,,L2_017 haiku b10,ROOT_NORMALIZED
AR05365,شِرَاء,مصدر,171,2973,شراء البضاعة,شري,فِعَالٌ,,,,,CANDIDATE,,L2_017 haiku b10,ROOT_NORMALIZED
AR05366,مُشْتَرٍ,اسم فاعل,171,17240;17241,مشتري يدفع,شري,مُفْتَعِلٌ,,,,,CANDIDATE,,L2_017 haiku b10,ROOT_NORMALIZED
AR05367,عَمِيل,اسم جامد,171,18663,عميل يدفع,عمل,فَعِيلٌ,,,,,CANDIDATE,,L2_017 haiku b10,
AR05368,بَاعَ,فعل,172,2983;2986;2988;14624,باع التفصيل,بيع,,,,,,CANDIDATE,فَاعَ,L2_017 haiku b10,WAZN_NOT_IN_INV
AR05369,بَائِع,اسم فاعل,172,2984;2989;17242,بائع السلع,بيع,فَاعِلٌ,,,,,CANDIDATE,,L2_017 haiku b10,
AR05370,بَيْع,مصدر,172,8745,بيع تبديل,بيع,فَعْلٌ,,,,,CANDIDATE,,L2_017 haiku b10,
AR05371,مَزَاد,اسم جامد,172,14675,مزاد مزايدة,زيد,فَعَالٍ,,,,,CANDIDATE,,L2_017 haiku b10,
AR05372,هَرَّبَ,فعل,175,3041,هرب السلعة,هرب,فَعَّلَ,,,,,CANDIDATE,,L2_017 haiku b10,
AR05373,تَهْرِيب,مصدر,175,3042,تهريب محظورة,هرب,تَفْعِيلٌ,,,,,CANDIDATE,,L2_017 haiku b10,
AR05374,مُهَرِّب,اسم فاعل,175,3043,مهرب ينقل,هرب,مُفَعِّلٌ,,,,,CANDIDATE,,L2_017 haiku b10,
AR05375,مُحَظَّر,اسم مفعول,175,3044,محظر غير,حظر,مُفَعَّلٌ,,,,,CANDIDATE,,L2_017 haiku b10,
AR05376,بِضَاعَة,اسم جامد,175,3045,بضاعة محظورة,بضع,فِعَالَةٌ,,,,,CANDIDATE,,L2_017 haiku b10,
AR05377,صَفْقَة,اسم جامد,177,11459,صفقة بيع,صفق,فَعْلَةٌ,,,,,CANDIDATE,,L2_017 haiku b10,
AR05378,نَقْل,مصدر,178,10813,نقل من مكان,نقل,فَعْلٌ,,,,,CANDIDATE,,L2_017 haiku b10,
AR05379,نَقَلَ,فعل,178,11593,نقل لآخر,نقل,فَعَلَ,,,,,CANDIDATE,,L2_017 haiku b10,
AR05380,حَصَلَ,فعل,179,4343;7499;12163,حصل على الشيء,حصل,فَعَلَ,,,,,CANDIDATE,,L2_017 haiku b10,
AR05381,امْتَلَكَ,فعل,179,7500,امتلك الشيء,ملك,اِفْتَعَلَ,,,,,CANDIDATE,,L2_017 haiku b10,
AR05382,اقْتِنَاء,مصدر,179,7501,اقتناء الشيء,قني,اِفْتِعَالٌ,,,,,CANDIDATE,,L2_017 haiku b10,ROOT_NORMALIZED
AR05383,مُكْتَسَب,اسم مفعول,179,7502,مكتسب حديث,كسب,مُفْتَعَلٌ,,,,,CANDIDATE,,L2_017 haiku b10,
AR05384,كَسَبَ,فعل,179,7503,كسب مواتياً,كسب,فَعَلَ,,,,,CANDIDATE,,L2_017 haiku b10,
AR05385,أَمِن,اسم فاعل,179,7504,آمن الشيء,ءمن,فَاعِلٌ,,,,,CANDIDATE,,L2_017 haiku b10,ROOT_NORMALIZED
AR05386,حُصول,مصدر,179,12712,حصول على الشيء,حصل,,,,,,CANDIDATE,فُعول,L2_017 haiku b10,WAZN_NOT_IN_INV
AR05387,نَالَ,فعل,179,13200,نال المرغوب,نول,فَعَلَ,,,,,CANDIDATE,,L2_017 haiku b10,
AR05388,فَازَ,فعل,179,15586,فاز بالشيء,فوز,,,,,,CANDIDATE,فَاعَ,L2_017 haiku b10,WAZN_NOT_IN_INV
AR05389,دَفَعَ,فعل,180,3083;13473,دفع الثمن,دفع,فَعَلَ,,,,,CANDIDATE,,L2_017 haiku b10,
AR05390,دَفْعَة,مصدر,180,8742,دفعة مستحقة,دفع,فَعْلَةٌ,,,,,CANDIDATE,,L2_017 haiku b10,
AR05391,صَرَفَ,فعل,180,8743,صرف المال,صرف,فَعَلَ,,,,,CANDIDATE,,L2_017 haiku b10,
AR05392,صَرْف,مصدر,180,8744,صرف من صندوق,صرف,فَعْلٌ,,,,,CANDIDATE,,L2_017 haiku b10,
AR05393,دَافِع,اسم فاعل,180,17294,دافع يدفع,دفع,فَاعِلٌ,,,,,CANDIDATE,,L2_017 haiku b10,
AR05394,انْتَهَى,فعل,182,5506;5763,انتهى العمل,نهي,اِفْتَعَلَ,,,,,CANDIDATE,,L2_017 haiku b10,
AR05395,بَدْء,مصدر,182,6985,بدء إلى نهاية,بدء,فَعْلٌ,,,,,CANDIDATE,,L2_017 haiku b10,ROOT_NORMALIZED
AR05396,حَدَثَ,فعل,187,4886;4887;4888;11456,حدث الزمان,حدث,فَعَلَ,,,,,CANDIDATE,,L2_017 haiku b10,
AR05397,حَدَث,اسم جامد,187,13390;13923,حدث مرحلة جديدة,حدث,فَعَلٌ,,,,,CANDIDATE,,L2_017 haiku b10,
AR05398,حَلْقَة,اسم جامد,187,16965,حلقة حادثة,حلق,فَعْلَةٌ,,,,,CANDIDATE,,L2_017 haiku b10,
AR05399,حَادِثَة,اسم فاعل,187,17287,حادثة وقوع,حدث,فَاعِلَةٌ,,,,,CANDIDATE,,L2_017 haiku b10,
AR05400,يَجْرِي,فعل,187,18327,يجري الحدث,جري,,,,,,CANDIDATE,يَفْعِل,L2_017 haiku b10,WAZN_NOT_IN_INV
AR05401,منطقة,اسم جامد,192,3694,منطقة جغرافية,نطق,مَفْعَلَةٌ,,,,,CANDIDATE,,L2_017 haiku b10,UNVOCALIZED
AR05402,نِطَاق,اسم جامد,192,3695,نطاق محدد,نطق,فِعَالٌ,,,,,CANDIDATE,,L2_017 haiku b10,
AR05403,إِقْلِيم,اسم جامد,192,3696,إقليم منطقة,قلم,إِفْعِيلٌ,,,,,CANDIDATE,,L2_017 haiku b10,
AR05404,مَكَان,اسم جامد,192,3697,مكان موقع,مكن,مَفْعَلٌ,,,,,CANDIDATE,,L2_017 haiku b10,WAZN_LEMMA_MISMATCH
AR05405,بُقْعَة,اسم جامد,192,7513,بقعة موقع,بقع,فُعْلَةٌ,,,,,CANDIDATE,,L2_017 haiku b10,
AR05406,موقع,اسم جامد,192,7514;13783,موقع مكان,وقع,مُفْعَلٌ,,,,,CANDIDATE,,L2_017 haiku b10,UNVOCALIZED
AR05407,مَحْكَى,اسم جامد,192,10383,محكى مكان,حكي,مَفْعَلٌ,,,,,CANDIDATE,,L2_017 haiku b10,
AR05408,جَيْب,اسم جامد,192,10384,جيب منطقة,جيب,فَعْلٌ,,,,,CANDIDATE,,L2_017 haiku b10,
AR05409,إِقْلِيمِيّ,اسم منسوب,192,13360,إقليمي متعلق,قلم,إِفْعِيلِيٌّ,,,,,CANDIDATE,,L2_017 haiku b10,
AR05410,نُقْطَة,اسم جامد,192,14526,نقطة موقع,نقط,فُعْلَةٌ,,,,,CANDIDATE,,L2_017 haiku b10,
AR05411,أَرْض,اسم جامد,192,14558;15544,أرض ملكية,ءرض,فَعْلٌ,,,,,CANDIDATE,,L2_017 haiku b10,ROOT_NORMALIZED
AR05412,غابة,اسم جامد,193,3464;3469;3471;3474;3495,غابة بأشجار,غيب,فَاعِلَةٌ,,,,,CANDIDATE,,L2_017 haiku b10,UNVOCALIZED
AR05413,سِبَاخ,اسم جامد,193,3465,سباخ طينية,سبخ,فِعَالٌ,,,,,CANDIDATE,,L2_017 haiku b10,
AR05414,مُسْتَنْقَع,اسم مفعول,193,3466;3470,مستنقع أرض,نقع,مُفْتَعَلٌ,,,,,CANDIDATE,,L2_017 haiku b10,WAZN_LEMMA_MISMATCH
AR05415,سَهْل,اسم جامد,193,3467;3475,سهل عشبية,سهل,فَعْلٌ,,,,,CANDIDATE,,L2_017 haiku b10,
AR05416,صَحْرَاء,اسم جامد,193,3468;3477,صحراء جافة,صحر,فَعْلاءُ,,,,,CANDIDATE,,L2_017 haiku b10,
AR05417,غَابَة,اسم جامد,193,3472;3491,غابة ملتفة,غيب,فَاعِلَةٌ,,,,,CANDIDATE,,L2_017 haiku b10,
AR05418,مَسْتَنْقَع,اسم مفعول,193,3473;3482;3483,مستنقع رطبة,نقع,,,,,,CANDIDATE,مَفْتَعَل,L2_017 haiku b10,WAZN_LEMMA_MISMATCH;WAZN_NOT_IN_INV
AR05419,مَرْج,اسم جامد,193,3476;3487;3488,مرج عشب,مرج,فَعْلٌ,,,,,CANDIDATE,,L2_017 haiku b10,
AR05420,غيضة,اسم جامد,193,3478,غيضة مجموعة,غيض,,,,,,CANDIDATE,فَيْعَة,L2_017 haiku b10,UNVOCALIZED;WAZN_NOT_IN_INV
AR05421,فَسْحَة,اسم جامد,193,3479,فسحة مفتوحة,فسح,فَعْلَةٌ,,,,,CANDIDATE,,L2_017 haiku b10,
AR05422,تُندْرَا,اسم جامد,193,3480,تندرا متجمدة,تندر,,,,,,CANDIDATE,فُنْدْرَا,L2_017 haiku b10,WAZN_NOT_IN_INV
AR05423,تَيغَا,اسم جامد,193,3481,التيغا غابة,تيغ,فِعَالَةٌ,,,,,CANDIDATE,,L2_017 haiku b10,AL_STRIPPED
AR05424,فِين,اسم جامد,193,3484,فين موحلة,فين,فِعْلٌ,,,,,CANDIDATE,,L2_017 haiku b10,
AR05425,عِلْق,اسم جامد,193,3485,علق مرتفعة,علق,فِعْلٌ,,,,,CANDIDATE,,L2_017 haiku b10,
AR05426,أَرْضِيَّة,اسم منسوب,193,3486,أرضية عشبية,ءرض,,,,,,CANDIDATE,أَفْعِلِيَّة,L2_017 haiku b10,ROOT_NORMALIZED;WAZN_NOT_IN_INV
AR05427,سَافَنَّا,اسم جامد,193,3489;3492,سافنا عشبي,سافن,,,,,,CANDIDATE,فَاعَلَّا,L2_017 haiku b10,ROOT_ALIF;WAZN_NOT_IN_INV
AR05428,هَضْبَة,اسم جامد,193,3490,هضبة مرتفعة,هضب,فَعْلَةٌ,,,,,CANDIDATE,,L2_017 haiku b10,
AR05429,رُطوبة,اسم جامد,193,3493,رطوبة موحلة,رطب,,,,,,CANDIDATE,فُعولَة,L2_017 haiku b10,WAZN_NOT_IN_INV
AR05430,أُرْطُة,اسم جامد,193,3494,أرطة برية,ءرط,فُعْلَةٌ,,,,,CANDIDATE,,L2_017 haiku b10,ROOT_NORMALIZED
AR05431,بُستَان,اسم جامد,193,3704,بستان صغير,بست,فُعْلانٌ,,,,,CANDIDATE,,L2_017 haiku b10,
AR05432,رَوْشَنَة,اسم جامد,193,14498,روشنة طبيعية,روشن,فَعْلَنَةٌ,,,,,CANDIDATE,,L2_017 haiku b10,
AR05433,واحة,اسم جامد,193,14627,واحة خضراء,وحي,فَاعِلَةٌ,,,,,CANDIDATE,,L2_017 haiku b10,UNVOCALIZED
AR05434,شُجَيْرَات,اسم جامد,193,17303,شجيرات كثيفة,شجر,,,,,,CANDIDATE,فُعَيْلَات,L2_017 haiku b10,WAZN_NOT_IN_INV
AR05435,سِيْر,اسم جامد,194,3709;3717;3731,حبل أو جديلة لربط الحذاء,سير,فِعْلٌ,,,,,CANDIDATE,,L2_017 haiku b11,ROOT_NORMALIZED
AR05436,شِرَاك,اسم جامد,194,3710,حبل يمرّ عبر ثقوب الحذاء,شرك,فِعَالٌ,,,,,CANDIDATE,,L2_017 haiku b11,ROOT_NORMALIZED
AR05437,رِبَاط,اسم جامد,194,3711,حبل أو شريط لربط الحذاء,ربط,فِعَالٌ,,,,,CANDIDATE,,L2_017 haiku b11,ROOT_NORMALIZED
AR05438,زِرّ,اسم جامد,194,3712;3716;3984,قطعة صغيرة مخيطة على الملبس,زرر,فِعْلٌ,,,,,CANDIDATE,,L2_017 haiku b11,ROOT_NORMALIZED;WAZN_LEMMA_MISMATCH
AR05439,سِحّاب,صيغة مبالغة,194,3713;3714,مشبك معدني للملابس,سحب,فِعَّالٌ,,,,,CANDIDATE,,L2_017 haiku b11,MUBALAGHA_NOT_FAAAL;ROOT_NORMALIZED
AR05440,إِبْزِيم,اسم جامد,194,3715;3767,مشبك بإبرة للحزام,بزم,إِفْعِيلٌ,,,,,CANDIDATE,,L2_017 haiku b11,ROOT_NORMALIZED
AR05441,يَقَة,اسم جامد,194,3718,شريط حول عنق الملبس,يقي,فَعَةٌ,,,,,CANDIDATE,,L2_017 haiku b11,ROOT_NORMALIZED
AR05442,عُنُق,اسم جامد,194,3719,جزء ضيق من الملبس,عنق,فُعُلٌ,,,,,CANDIDATE,,L2_017 haiku b11,ROOT_NORMALIZED
AR05443,كُمّ,اسم جامد,194,3720,الجزء الذي يغطي الذراع,كمم,فُعْلٌ,,,,,CANDIDATE,,L2_017 haiku b11,ROOT_NORMALIZED;WAZN_LEMMA_MISMATCH
AR05444,رِسْغ,اسم جامد,194,3721,نهاية الكم عند المعصم,رسغ,فِعْلٌ,,,,,CANDIDATE,,L2_017 haiku b11,ROOT_NORMALIZED
AR05445,خَصْر,اسم جامد,194,3722;3998,جزء الملبس عند الخصر,خصر,فَعْلٌ,,,,,CANDIDATE,,L2_017 haiku b11,ROOT_NORMALIZED
AR05446,شُرْبُط,اسم جامد,194,3723,عقدة خيوط معلقة,شرب,فُعْلُلٌ,,,,,CANDIDATE,,L2_017 haiku b11,ROOT_NORMALIZED;WAZN_LEMMA_MISMATCH
AR05447,شَرَابَة,اسم جامد,194,3724,شريط خيوط على الحافة,شرب,فَعَالَةٌ,,,,,CANDIDATE,,L2_017 haiku b11,ROOT_NORMALIZED
AR05448,جَيْب,اسم جامد,194,3725,كيس صغير على الملبس,جيب,فَعْلٌ,,,,,CANDIDATE,,L2_017 haiku b11,ROOT_NORMALIZED
AR05449,ضَفِيرَة,اسم جامد,194,3726,نسيج زينة على الملبس,ضفر,فَعِيلَةٌ,,,,,CANDIDATE,,L2_017 haiku b11,ROOT_NORMALIZED
AR05450,مَقْعَد,اسم مكان,194,3727,جزء الملبس على الأرداف,قعد,مَفْعَلٌ,,,,,CANDIDATE,,L2_017 haiku b11,ROOT_NORMALIZED
AR05451,سَاق,اسم جامد,194,3729,جزء الملبس على الرجل,سوق,فَاعِلٌ,,,,,CANDIDATE,,L2_017 haiku b11,ROOT_NORMALIZED
AR05452,حِزَام,اسم جامد,194,3730,شريط عريض حول الخصر,حزم,فِعَالٌ,,,,,CANDIDATE,,L2_017 haiku b11,ROOT_NORMALIZED
AR05453,قُنَّة,اسم جامد,194,3732,غطاء رأس متصل,قنن,,,,,,CANDIDATE,فُعَّة,L2_017 haiku b11,ROOT_NORMALIZED;WAZN_NOT_IN_INV
AR05454,عِمَامَة,اسم جامد,194,3733,غطاء رأس كبير,عمم,فِعَالَةٌ,,,,,CANDIDATE,,L2_017 haiku b11,ROOT_NORMALIZED
AR05455,تَنُّورَة,اسم جامد,194,3734,جزء الثوب تحت الخصر,نور,,,,,,CANDIDATE,تَفَعِّلَة,L2_017 haiku b11,ROOT_NORMALIZED;WAZN_NOT_IN_INV
AR05456,دِرْع,اسم جامد,194,3735,قطعة حماية معدنية,درع,فِعْلٌ,,,,,CANDIDATE,,L2_017 haiku b11,ROOT_NORMALIZED
AR05457,حِزام,اسم جامد,194,3736;3992,شريط قماشي حول الخصر,حزم,فِعَالٌ,,,,,CANDIDATE,,L2_017 haiku b11,ROOT_NORMALIZED
AR05458,خِيَاطَة,اسم جامد,194,3909,خط بين قطع القماش,خيط,فِعَالَةٌ,,,,,CANDIDATE,,L2_017 haiku b11,ROOT_NORMALIZED
AR05459,فَتْحَة,اسم مرة,194,3910,فتحة صغيرة في الملبس,فتح,فَعْلَةٌ,,,,,CANDIDATE,,L2_017 haiku b11,ROOT_NORMALIZED
AR05460,وَسْم,اسم جامد,194,3982,علامة حروف متشابكة,وسم,فَعْلٌ,,,,,CANDIDATE,,L2_017 haiku b11,ROOT_NORMALIZED
AR05461,فَتْحَة,اسم جامد,194,3983,فتحة عنق منخفضة,فتح,فَعْلَةٌ,,,,,CANDIDATE,,L2_017 haiku b11,ROOT_NORMALIZED
AR05462,حاشِيَة,اسم جامد,194,3985,حافة الملبس المطوية,حشي,,,,,,CANDIDATE,فاعِيَة,L2_017 haiku b11,ROOT_NORMALIZED;WAZN_NOT_IN_INV
AR05463,نِعْل,اسم جامد,194,3991,قطعة ناعمة داخل الحذاء,نعل,فِعْلٌ,,,,,CANDIDATE,,L2_017 haiku b11,ROOT_NORMALIZED
AR05464,نَعْل,اسم جامد,194,4001,جزء الحذاء السفلي,نعل,فَعْلٌ,,,,,CANDIDATE,,L2_017 haiku b11,ROOT_NORMALIZED
AR05465,حافَة,اسم جامد,194,4002,طرف القبعة البارز,حفف,,,,,,CANDIDATE,فاعِيَة,L2_017 haiku b11,ROOT_NORMALIZED;WAZN_NOT_IN_INV
AR05466,رِبْطَة,اسم جامد,194,4057,شريط حول العنق,ربط,فِعْلَةٌ,,,,,CANDIDATE,,L2_017 haiku b11,ROOT_NORMALIZED
AR05467,إِمَارَة,اسم جامد,195,3681;3689,إقليم يحكمه أمير,مرا,إِفَالَةٌ,,,,,CANDIDATE,,L2_017 haiku b11,ROOT_ALIF;ROOT_NORMALIZED
AR05468,إِقْلِيم,اسم جامد,195,3682,منطقة تحت سلطة واحدة,قلم,إِفْعِيلٌ,,,,,CANDIDATE,,L2_017 haiku b11,ROOT_NORMALIZED
AR05469,دَوْلَة,اسم جامد,195,3683;3688,جماعة منظمة تحت حكومة,دول,فَعْلَةٌ,,,,,CANDIDATE,,L2_017 haiku b11,ROOT_NORMALIZED
AR05470,وِلَايَة,اسم جامد,195,3684;16339,قسم إداري من دولة,ولي,فِعَالَةٌ,,,,,CANDIDATE,,L2_017 haiku b11,ROOT_NORMALIZED
AR05471,دوقِيَّة,اسم جامد,195,3685,إقليم يحكمه دوق,دوق,فُعْلِيَّةٌ,,,,,CANDIDATE,,L2_017 haiku b11,ROOT_NORMALIZED
AR05472,كُنْتِيَّة,اسم جامد,195,3686,حكم نائب الكونت,كنت,فُعْتِيَّةٌ,,,,,CANDIDATE,,L2_017 haiku b11,ROOT_NORMALIZED
AR05473,مُحَافَظَة,اسم جامد,195,3687,قسم إداري من الدولة,حفظ,مُفَاعَلَةٌ,,,,,CANDIDATE,,L2_017 haiku b11,ROOT_NORMALIZED
AR05474,مَدِينَة,اسم جامد,195,3690;3691;3764,مدينة بحكومة محلية,دين,مَفْعَلَةٌ,,,,,CANDIDATE,,L2_017 haiku b11,ROOT_NORMALIZED
AR05475,مَمْلَكَة,اسم جامد,195,3692;3693,دولة يحكمها ملك,ملك,مَفْعَلَةٌ,,,,,CANDIDATE,,L2_017 haiku b11,ROOT_NORMALIZED
AR05476,بَلَدِيَّة,اسم جامد,195,3699,مدينة بحكومة محلية,بلد,فَعَلِيَّةٌ,,,,,CANDIDATE,,L2_017 haiku b11,ROOT_NORMALIZED
AR05477,حَاضِرَة,اسم جامد,195,3700,عاصمة الدولة الكبرى,حضر,,,,,,CANDIDATE,فاعِيَة,L2_017 haiku b11,ROOT_NORMALIZED;WAZN_LEMMA_MISMATCH;WAZN_NOT_IN_INV
AR05478,عَالَم,اسم جامد,195,10179,الأرض بكل دولها,علم,فَاعَلٌ,,,,,CANDIDATE,,L2_017 haiku b11,ROOT_NORMALIZED
AR05479,فِدْرَالِي,اسم منسوب,195,10234,متعلق بنظام فيدرالي,,,,,,,CANDIDATE,,L2_017 haiku b11,ROOT_MISSING;WAZN_MISSING
AR05480,عَالَمِي,اسم منسوب,195,10235,متعلق بالعالم كله,علم,,,,,,CANDIDATE,فَاعَلِي,L2_017 haiku b11,ROOT_NORMALIZED;WAZN_NOT_IN_INV
AR05481,أَسْقُفِيَّة,اسم جامد,195,10237,إقليم تحت أسقف,سقف,,,,,,CANDIDATE,أَفْعُلِيَّة,L2_017 haiku b11,ROOT_NORMALIZED;WAZN_NOT_IN_INV
AR05482,دَوْلِي,اسم منسوب,195,10238;13543,متعلق بدول متعددة,دول,,,,,,CANDIDATE,فَعَلِي,L2_017 haiku b11,ROOT_NORMALIZED;WAZN_NOT_IN_INV
AR05483,مَحَلِّي,اسم منسوب,195,10239,متعلق بمنطقة محدودة,محل,,,,,,CANDIDATE,مَفْعَلِي,L2_017 haiku b11,ROOT_NORMALIZED;WAZN_LEMMA_MISMATCH;WAZN_NOT_IN_INV
AR05484,مِنْطَقَة,اسم جامد,195,10240,منطقة جغرافية,نطق,فِعْلَةٌ,,,,,CANDIDATE,,L2_017 haiku b11,ROOT_NORMALIZED;WAZN_LEMMA_MISMATCH
AR05485,بَلَدِي,اسم منسوب,195,10242,متعلق ببلدية,بلد,,,,,,CANDIDATE,فَعَلِي,L2_017 haiku b11,ROOT_NORMALIZED;WAZN_NOT_IN_INV
AR05486,وَطَنِي,اسم منسوب,195,10243,تابع للحكومة,وطن,,,,,,CANDIDATE,فَاعَلِي,L2_017 haiku b11,ROOT_NORMALIZED;WAZN_NOT_IN_INV
AR05487,إِمْبِرَاطُورِيَّة,اسم جامد,195,11051,مجموعة دول تحت إمبراطور,مبر,,,,,,CANDIDATE,إِفْعَالُورِيَّة,L2_017 haiku b11,ROOT_NORMALIZED;WAZN_LEMMA_MISMATCH;WAZN_NOT_IN_INV
AR05488,قَرْيَة,اسم جامد,195,11299,تجمع سكني صغير,قري,فَعْلَةٌ,,,,,CANDIDATE,,L2_017 haiku b11,ROOT_NORMALIZED
AR05489,شَعْب,اسم جامد,195,12775,مجموعة بشرية موحدة,شعب,فَعْلٌ,,,,,CANDIDATE,,L2_017 haiku b11,ROOT_NORMALIZED
AR05490,مِحَافِظ,اسم جامد,195,14551,منطقة محددة من المدينة,محف,,,,,,CANDIDATE,فِعَالِل,L2_017 haiku b11,ROOT_NORMALIZED;WAZN_LEMMA_MISMATCH;WAZN_NOT_IN_INV
AR05491,إِقْطَاعَة,اسم جامد,195,14834,أرض لشخص موال,قطع,إِفْعَالَةٌ,,,,,CANDIDATE,,L2_017 haiku b11,ROOT_NORMALIZED
AR05492,أَرْض,اسم جامد,195,15330,إقليم تحت حكومة,ءرض,فَعْلٌ,,,,,CANDIDATE,,L2_017 haiku b11,ROOT_NORMALIZED
AR05493,وِلَائِي,اسم منسوب,195,16445,متعلق بولاية,ولي,,,,,,CANDIDATE,فِعَائِي,L2_017 haiku b11,ROOT_NORMALIZED;WAZN_NOT_IN_INV
AR05494,إِقْلِيمِي,اسم منسوب,195,16771,متعلق بإقليم,قلم,,,,,,CANDIDATE,إِفْعِيلِي,L2_017 haiku b11,ROOT_NORMALIZED;WAZN_NOT_IN_INV
AR05495,نَاحِيَة,اسم جامد,195,17639,منطقة قروية,نيح,,,,,,CANDIDATE,فاعِيَة,L2_017 haiku b11,ROOT_NORMALIZED;WAZN_NOT_IN_INV
AR05496,فِعْل,اسم جامد,198,10611;13488,شيء منفذ أو إجراء,فعل,فِعْلٌ,,,,,CANDIDATE,,L2_017 haiku b11,ROOT_NORMALIZED
AR05497,فَعَلَ,فعل,198,10612,قام بتنفيذ عمل,فعل,فَعَلَ,,,,,CANDIDATE,,L2_017 haiku b11,ROOT_NORMALIZED
AR05498,خُطْوَة,اسم جامد,198,10613;14600,إجراء في سلسلة,خطو,فُعْلَةٌ,,,,,CANDIDATE,,L2_017 haiku b11,ROOT_NORMALIZED
AR05499,عَمِلَ,فعل,198,10614,اتخذ إجراء أو قام,عمل,فَعِلَ,,,,,CANDIDATE,,L2_017 haiku b11,ROOT_NORMALIZED
AR05500,نَشَاط,اسم جامد,198,10615;10616,أنشطة وأعمال,نشط,فَعَالٍ,,,,,CANDIDATE,,L2_017 haiku b11,ROOT_NORMALIZED
AR05501,أَدَّى,فعل,198,10912,قام بتنفيذ عمل,ءدي,أَفْعَلَ,,,,,CANDIDATE,,L2_017 haiku b11,ROOT_NORMALIZED
AR05502,نَفَّذَ,فعل,198,11705,قام بتنفيذ مهمة,نفذ,فَعَّلَ,,,,,CANDIDATE,,L2_017 haiku b11,ROOT_NORMALIZED
AR05503,أَجْرَى,فعل,198,11736,نظم وقام بتنفيذ,جري,أَفْعَلَ,,,,,CANDIDATE,,L2_017 haiku b11,ROOT_NORMALIZED
AR05504,أَعْدَمَ,فعل,198,11839,نفذ أو أصدر أمراً,عدم,أَفْعَلَ,,,,,CANDIDATE,,L2_017 haiku b11,ROOT_NORMALIZED
AR05505,اِشْتَرَكَ,فعل,198,12777,شارك أو انخرط,شرك,اِفْتَعَلَ,,,,,CANDIDATE,,L2_017 haiku b11,ROOT_NORMALIZED
AR05506,إِجْرَاء,اسم جامد,198,12778,وسيلة لتحقيق,جري,إِفْعَالٌ,,,,,CANDIDATE,,L2_017 haiku b11,ROOT_NORMALIZED
AR05507,فاعِل,اسم فاعل,198,14863,الشخص الذي يعمل,فعل,فَاعِلٌ,,,,,CANDIDATE,,L2_017 haiku b11,ROOT_NORMALIZED
AR05508,عامِل,اسم فاعل,198,14864,شخص يتصرف بإرادة,عمل,فَاعِلٌ,,,,,CANDIDATE,,L2_017 haiku b11,ROOT_NORMALIZED
AR05509,عَمَل,اسم جامد,198,17271,عمل متعمد,عمل,فَعَلٌ,,,,,CANDIDATE,,L2_017 haiku b11,ROOT_NORMALIZED
AR05510,عِنْد,حرف,199,6735,يعبر عن موقع ما,,,,,,,CANDIDATE,,L2_017 haiku b11,
AR05511,عَبْرَ,حرف,199,6752;15334,من جانب إلى آخر,,,,,,,CANDIDATE,,L2_017 haiku b11,ROOT_NORMALIZED;ROOT_WAZN_CLEARED_NO_ROOT_POS
AR05512,فَوْق,حرف,199,6758,في مستوى أعلى,,,,,,,CANDIDATE,,L2_017 haiku b11,ROOT_NORMALIZED;ROOT_WAZN_CLEARED_NO_ROOT_POS
AR05513,وَرَاء,حرف,199,6761,في الجانب الآخر,,,,,,,CANDIDATE,,L2_017 haiku b11,ROOT_NORMALIZED;ROOT_WAZN_CLEARED_NO_ROOT_POS
AR05514,عَلَى,حرف,199,6765,ممتد على خط,,,,,,,CANDIDATE,,L2_017 haiku b11,ROOT_NORMALIZED;ROOT_WAZN_CLEARED_NO_ROOT_POS
AR05515,إِلَى أَعْلَى,حرف,199,6767,من نقطة منخفضة,,,,,,,CANDIDATE,,L2_017 haiku b11,ROOT_NORMALIZED;ROOT_WAZN_CLEARED_NO_ROOT_POS
AR05516,لِأَسْفَل,حرف,199,6768,نحو مكان منخفض,,,,,,,CANDIDATE,,L2_017 haiku b11,
AR05517,فَارِسِي,اسم فاعل,199,7714,بساق على كل جانب,فرس,فَاعِلٌ,,,,,CANDIDATE,,L2_017 haiku b11,ROOT_NORMALIZED
AR05518,فِي كُل مَكَان,ظرف,199,10883;14102,على المساحة كاملة,,,,,,,CANDIDATE,,L2_017 haiku b11,ROOT_MISSING;WAZN_MISSING
AR05519,حَدَّ,فعل,199,11905,يكون متاخماً,حدد,فَعَّلَ,,,,,CANDIDATE,,L2_017 haiku b11,ROOT_NORMALIZED;WAZN_LEMMA_MISMATCH
AR05520,حَيْث,ظرف,199,13318,في أي مكان أو إلى,حيث,فَعْلٌ,,,,,CANDIDATE,,L2_017 haiku b11,ROOT_NORMALIZED
AR05521,بِقُرْب,حرف,199,13764,على مسافة قصيرة,,,,,,,CANDIDATE,,L2_017 haiku b11,ROOT_NORMALIZED;ROOT_WAZN_CLEARED_NO_ROOT_POS
AR05522,تَحْتَانِي,اسم منسوب,199,13961,أسفل سطح الأرض,,,,,,,CANDIDATE,,L2_017 haiku b11,ROOT_MISSING;WAZN_MISSING
AR05523,فَوْقَانِي,اسم منسوب,199,13962,فوق سطح الأرض,,,,,,,CANDIDATE,,L2_017 haiku b11,ROOT_MISSING;WAZN_MISSING
AR05524,تَحْتَ الأَرْض,ظرف,199,14061,نحو مكان تحت,,,,,,,CANDIDATE,,L2_017 haiku b11,ROOT_MISSING;WAZN_MISSING
AR05525,فِي مَكَان آخَر,ظرف,199,14172,في مكان مختلف,,,,,,,CANDIDATE,,L2_017 haiku b11,ROOT_MISSING;WAZN_MISSING
AR05526,هُنَا,ظرف,199,14175,في هذا الموقع,,,,,,,CANDIDATE,,L2_017 haiku b11,ROOT_MISSING;WAZN_MISSING
AR05527,مُحِيط,اسم فاعل,199,14302,يحيط بمنطقة,حيط,,,,,,CANDIDATE,مُفِعِل,L2_017 haiku b11,ROOT_NORMALIZED;WAZN_NOT_IN_INV
AR05528,بَعِيد,صفة مشبهة,199,14362,في مسافة كبيرة,بعد,فَعِيلٌ,,,,,CANDIDATE,,L2_017 haiku b11,ROOT_NORMALIZED
AR05529,نَائِي,اسم فاعل,199,14374,بعيد ومعزول,نوي,فَاعِلٌ,,,,,CANDIDATE,,L2_017 haiku b11,ROOT_NORMALIZED
AR05530,شِمَال,حرف,199,14396,نحو الشمال,,,,,,,CANDIDATE,,L2_017 haiku b11,ROOT_NORMALIZED;ROOT_WAZN_CLEARED_NO_ROOT_POS
AR05531,جَنُوب,حرف,199,14397,نحو الجنوب,,,,,,,CANDIDATE,,L2_017 haiku b11,ROOT_NORMALIZED;ROOT_WAZN_CLEARED_NO_ROOT_POS
AR05532,خَارِج,حرف,199,14398,بعيداً عن المقر,,,,,,,CANDIDATE,,L2_017 haiku b11,ROOT_NORMALIZED;ROOT_WAZN_CLEARED_NO_ROOT_POS
AR05533,غَرْب,حرف,199,14415,نحو الغرب,,,,,,,CANDIDATE,,L2_017 haiku b11,ROOT_NORMALIZED;ROOT_WAZN_CLEARED_NO_ROOT_POS
AR05534,مَوْجُود فِي كُل مَكَان,صفة مشبهة,199,14473,موجود في كل الأماكن,,,,,,,CANDIDATE,,L2_017 haiku b11,ROOT_MISSING;WAZN_MISSING
AR05535,هُنَاك,ظرف,199,14589,في مكان بعيد,,,,,,,CANDIDATE,,L2_017 haiku b11,ROOT_MISSING;WAZN_MISSING
AR05536,سَاحِلِي,اسم منسوب,199,14619,قريب من شاطئ,سحل,,,,,,CANDIDATE,فاعِلِي,L2_017 haiku b11,ROOT_NORMALIZED;WAZN_NOT_IN_INV
AR05537,دَاخِلِي,اسم منسوب,199,14620,في الداخل عن ساحل,دخل,,,,,,CANDIDATE,فاعِلِي,L2_017 haiku b11,ROOT_NORMALIZED;WAZN_NOT_IN_INV
AR05538,بَعْد,حرف,199,14634,بعد الحدث,,,,,,,CANDIDATE,,L2_017 haiku b11,ROOT_NORMALIZED;ROOT_WAZN_CLEARED_NO_ROOT_POS
AR05539,إِلَى,حرف,199,14798,في اتجاه ما,,,,,,,CANDIDATE,,L2_017 haiku b11,
AR05540,جَنُوب شَرْق,ظرف,199,14814,نحو الجهة الجنوبية الشرقية,,,,,,,CANDIDATE,,L2_017 haiku b11,ROOT_MISSING;WAZN_MISSING
AR05541,قارّة,اسم جامد,199,15076,الجزء الرئيسي,قار,,,,,,CANDIDATE,فاعِيَة,L2_017 haiku b11,ROOT_ALIF;ROOT_NORMALIZED;WAZN_NOT_IN_INV
AR05542,لَامَسَ,فعل,199,15622,يكون متماساً جسدياً,لمس,فَعَلَ,,,,,CANDIDATE,,L2_017 haiku b11,ROOT_NORMALIZED
AR05543,أَحَاطَ,فعل,199,15673,يحيط من الجوانب,حيط,أَفْعَلَ,,,,,CANDIDATE,,L2_017 haiku b11,ROOT_NORMALIZED
AR05544,جَنُوب غَرْب,ظرف,199,17881,نحو الجهة الجنوبية الغربية,,,,,,,CANDIDATE,,L2_017 haiku b11,ROOT_MISSING;WAZN_MISSING
AR05545,شَمَال شَرْق,ظرف,199,17882,نحو الجهة الشمالية الشرقية,,,,,,,CANDIDATE,,L2_017 haiku b11,ROOT_MISSING;WAZN_MISSING
AR05546,شَمَال غَرْب,ظرف,199,17883,نحو الجهة الشمالية الغربية,,,,,,,CANDIDATE,,L2_017 haiku b11,ROOT_MISSING;WAZN_MISSING
AR05547,مُحَاكَمَة,اسم جامد,201,8820,فحص للأدلة,محك,مُفَاعَلَةٌ,,,,,CANDIDATE,,L2_017 haiku b11,ROOT_NORMALIZED;WAZN_LEMMA_MISMATCH
AR05548,قَضِيَّة,اسم جامد,201,8830,حادثة تحت التحقيق,قضي,فَعِيلَةٌ,,,,,CANDIDATE,,L2_017 haiku b11,ROOT_NORMALIZED
AR05549,اِعْتَقَلَ,فعل,202,4733;5674;5676,أمسك بصلاحية,عقل,اِفْتَعَلَ,,,,,CANDIDATE,,L2_017 haiku b11,ROOT_NORMALIZED
AR05550,اِلْتَقَطَ,فعل,202,5673,أمسك أثناء عمل,لقط,اِفْتَعَلَ,,,,,CANDIDATE,,L2_017 haiku b11,ROOT_NORMALIZED
AR05551,قَبَضَ,فعل,202,5675;5677,أمسك بمجرم,قبض,فَعَلَ,,,,,CANDIDATE,,L2_017 haiku b11,ROOT_NORMALIZED
AR05552,اِعْتِقَال,اسم جامد,202,5678;5681,فعل إلقاء القبض,عقل,اِفْتِعَالٌ,,,,,CANDIDATE,,L2_017 haiku b11,ROOT_NORMALIZED
AR05553,مَداهَمَة,اسم جامد,202,5679,عملية بحث,مده,,,,,,CANDIDATE,مَفَاعَلَة,L2_017 haiku b11,ROOT_NORMALIZED;WAZN_LEMMA_MISMATCH;WAZN_NOT_IN_INV
AR05554,دَوَّنَ,فعل,202,7900,سجل رسمياً,dwn,فَعَّلَ,,,,,CANDIDATE,,L2_017 haiku b11,ROOT_NORMALIZED;WAZN_LEMMA_MISMATCH
AR05555,طَلَبَ,فعل,202,11865,خدم بأمر بالحضور,طلب,فَعَلَ,,,,,CANDIDATE,,L2_017 haiku b11,ROOT_NORMALIZED
AR05556,طَرِيق,اسم جامد,203,3772;3774;3799;3802;7133;7136;7168,مسار عريض,طرق,فَعِيلٌ,,,,,CANDIDATE,,L2_017 haiku b11,ROOT_NORMALIZED
AR05557,مَسَار,اسم جامد,203,3773;3787;3795;3796;3798;3801,ممر للمشي,مسر,,,,,,CANDIDATE,مَفْعَال,L2_017 haiku b11,ROOT_NORMALIZED;WAZN_LEMMA_MISMATCH;WAZN_NOT_IN_INV
AR05558,شَارِع,اسم جامد,203,3775;3797,مسار عام,شرع,فَاعِلٌ,,,,,CANDIDATE,,L2_017 haiku b11,ROOT_NORMALIZED
AR05559,شَارِع عَرِيض,تركيب,203,3776,مسار عريض بأشجار,,,,,,,CANDIDATE,,L2_017 haiku b11,
AR05560,طَرِيق رَئِيسِيَّة,تركيب,203,3777,مسار مهم,,,,,,,CANDIDATE,,L2_017 haiku b11,
AR05561,طَرِيق سَرِيعَة,تركيب,203,3778;3793,طريق للنقل السريع,,,,,,,CANDIDATE,,L2_017 haiku b11,
AR05562,طَرِيق سِريعَة حَضَرِيَّة,تركيب,203,3779,طريق سريعة,,,,,,,CANDIDATE,,L2_017 haiku b11,
AR05563,طَرِيق سِريعَة,تركيب,203,3780,طريق متعدد الممرات,,,,,,,CANDIDATE,,L2_017 haiku b11,
AR05564,رَصِيف,اسم جامد,203,3781;3782,ممر للمشاة,رصف,فَعِيلٌ,,,,,CANDIDATE,,L2_017 haiku b11,ROOT_NORMALIZED
AR05565,مَمَرّ,اسم جامد,203,3783,ممر تحت الأرض,ممر,مَفْعَلٌ,,,,,CANDIDATE,,L2_017 haiku b11,ROOT_NORMALIZED;WAZN_LEMMA_MISMATCH
AR05566,جِسْر,اسم جامد,203,3784;3790;7169,جسر فوق طريق,جسر,فِعْلٌ,,,,,CANDIDATE,,L2_017 haiku b11,ROOT_NORMALIZED
AR05567,سِكَّة,اسم جامد,203,3785;3786;14493,مسار للقطارات,skk,,,,,,CANDIDATE,فِعَّة,L2_017 haiku b11,ROOT_NORMALIZED;WAZN_LEMMA_MISMATCH;WAZN_NOT_IN_INV
AR05568,خَط,اسم جامد,203,3788,مسار الخط,خطط,فَعْلٌ,,,,,CANDIDATE,,L2_017 haiku b11,ROOT_NORMALIZED;WAZN_LEMMA_MISMATCH
AR05569,مُعَبَر,اسم جامد,203,3789,ممر معبد,mbr,مُفْعَلٌ,,,,,CANDIDATE,,L2_017 haiku b11,ROOT_NORMALIZED;WAZN_LEMMA_MISMATCH
AR05570,نَفَق,اسم جامد,203,3791,ممر تحت الأرض,نفق,فَعَلٌ,,,,,CANDIDATE,,L2_017 haiku b11,ROOT_NORMALIZED
AR05571,زُقَاق,اسم جامد,203,3794;7134,طريق ضيقة,زقق,فُعَالٌ,,,,,CANDIDATE,,L2_017 haiku b11,ROOT_NORMALIZED
AR05572,مَمْشَى,اسم جامد,203,3800,ممر المشي,مشي,مَفْعَلٌ,,,,,CANDIDATE,,L2_017 haiku b11,ROOT_NORMALIZED
AR05573,مَدْخَل,اسم جامد,203,7135,طريق خاصة,دخل,مَفْعَلٌ,,,,,CANDIDATE,,L2_017 haiku b11,ROOT_NORMALIZED
AR05574,مَدْرَج,اسم جامد,203,7137,ممر للطائرات,drj,مَفْعَلٌ,,,,,CANDIDATE,,L2_017 haiku b11,ROOT_NORMALIZED;WAZN_LEMMA_MISMATCH
AR05575,اِسْتَجْمَعَ,فعل,210,8740,طلب مال,جمع,اِسْتَفْعَلَ,,,,,CANDIDATE,,L2_017 haiku b11,ROOT_NORMALIZED
AR05576,تَحْصِيل,اسم جامد,210,18252,استقبال مال,حصل,تَفْعِيلٌ,,,,,CANDIDATE,,L2_017 haiku b11,ROOT_NORMALIZED
AR05577,مُدْمِن,اسم فاعل,213,3810;3811;3814;3817;13509,شخص مدمن,dmn,مُفْعِلٌ,,,,,CANDIDATE,,L2_017 haiku b11,ROOT_NORMALIZED;WAZN_LEMMA_MISMATCH
AR05578,إِدْمَان,اسم جامد,213,3812,الاعتماد الشديد,dmn,إِفْعَالٌ,,,,,CANDIDATE,,L2_017 haiku b11,ROOT_NORMALIZED;WAZN_LEMMA_MISMATCH
AR05579,قَهْرِي,صفة مشبهة,213,3813,ناتج عن دافع,qhr,,,,,,CANDIDATE,فَعْلِي,L2_017 haiku b11,ROOT_NORMALIZED;WAZN_LEMMA_MISMATCH;WAZN_NOT_IN_INV
AR05580,عَادَة,اسم جامد,213,3816,الإدمان على سلوك,awd,,,,,,CANDIDATE,فاعَة,L2_017 haiku b11,ROOT_NORMALIZED;WAZN_LEMMA_MISMATCH;WAZN_NOT_IN_INV
AR05581,مَخْمُور,اسم مفعول,214,3820;3821;12947,تحت تأثير مادة,khmr,مَفْعُولٌ,,,,,CANDIDATE,,L2_017 haiku b11,
AR05582,سَكْرَان,صفة مشبهة,214,3822;3827;3829;3922;12945;12946,فاقد التحكم,skr,فَعْلانُ,,,,,CANDIDATE,,L2_017 haiku b11,WAZN_LEMMA_MISMATCH
AR05583,مُسْكَر,اسم مفعول,214,3824,فاقد السيطرة,skr,مُفْعَلٌ,,,,,CANDIDATE,,L2_017 haiku b11,WAZN_LEMMA_MISMATCH
AR05584,صاحٍ,صفة مشبهة,214,3825,غير متأثر,swh,فَاعِلٌ,,,,,CANDIDATE,,L2_017 haiku b11,WAZN_LEMMA_MISMATCH
AR05585,نَشْوَان,صفة مشبهة,214,3828,في سكر خفيف,nsw,فَعْلانُ,,,,,CANDIDATE,,L2_017 haiku b11,WAZN_LEMMA_MISMATCH
AR05586,هَلْوَسَة,اسم جامد,214,7038,تجربة هلوسية,hls,,,,,,CANDIDATE,فَعْلَسَة,L2_017 haiku b11,WAZN_LEMMA_MISMATCH;WAZN_NOT_IN_INV
AR05587,شَرْق,ظرف,215,7359,نحو الشروق,shrq,فَعْلٌ,,,,,CANDIDATE,,L2_017 haiku b11,
AR05588,لِأَعْلَى,ظرف,215,7360,نحو مرتفع,,,,,,,CANDIDATE,,L2_017 haiku b11,ROOT_MISSING;WAZN_MISSING
AR05589,إِلَى الأَمَام,ظرف,215,11164,في اتجاه الحركة,,,,,,,CANDIDATE,,L2_017 haiku b11,ROOT_MISSING;WAZN_MISSING
AR05590,يَسَار,ظرف,215,12496,الجانب الأيسر,ysr,فَاعَلٌ,,,,,CANDIDATE,,L2_017 haiku b11,WAZN_LEMMA_MISMATCH
AR05591,يَمِين,ظرف,215,12497,الجانب الأيمن,ymn,فَعِيلٌ,,,,,CANDIDATE,,L2_017 haiku b11,WAZN_LEMMA_MISMATCH
AR05592,شِمَال,ظرف,215,13838,الاتجاه الشمالي,shml,فِعَالٌ,,,,,CANDIDATE,,L2_017 haiku b11,
AR05593,جَنُوب,اسم جامد,215,13839,الاتجاه الجنوبي,jnb,فَعُولٌ,,,,,CANDIDATE,,L2_017 haiku b11,WAZN_LEMMA_MISMATCH
AR05594,شَرْق,اسم جامد,215,13954,اتجاه الشروق,shrq,فَعْلٌ,,,,,CANDIDATE,,L2_017 haiku b11,
AR05595,جَنُوب,ظرف,215,13955,نحو الجنوب,jnb,فَعُولٌ,,,,,CANDIDATE,,L2_017 haiku b11,WAZN_LEMMA_MISMATCH
AR05596,لِأَسْفَل,ظرف,215,14495,نحو منخفض,,,,,,,CANDIDATE,,L2_017 haiku b11,ROOT_MISSING;WAZN_MISSING
AR05597,لِلْخَارِج,ظرف,215,14964,بعيداً عن مكان,khrj,فَاعِلٌ,,,,,CANDIDATE,,L2_017 haiku b11,
AR05598,شِمَال,اسم جامد,215,16200,الاتجاه الشمالي,shml,فِعَالٌ,,,,,CANDIDATE,,L2_017 haiku b11,
AR05599,غَرْب,ظرف,215,16201,نحو الغروب,ghrb,فَعْلٌ,,,,,CANDIDATE,,L2_017 haiku b11,
AR05600,شِمَال حَقِيقِي,تركيب,215,17051,الشمال الجغرافي,,,,,,,CANDIDATE,,L2_017 haiku b11,
AR05601,اتِّجَاه,اسم جامد,215,18565,اتجاه محدد,itjh,اِفْتِعَالٌ,,,,,CANDIDATE,,L2_017 haiku b11,
AR05602,عَاقَبَ,فعل,216,3846,فرض عقوبة,aqb,فَعَلَ,,,,,CANDIDATE,,L2_017 haiku b11,WAZN_LEMMA_MISMATCH
AR05603,مُكَافَأَة,اسم جامد,216,3847,شيء يُعطى تقديراً,kwf,مُفَاعَلَةٌ,,,,,CANDIDATE,,L2_017 haiku b11,WAZN_LEMMA_MISMATCH
AR05604,كَافَأَ,فعل,216,3849,أعطى مكافأة,kwf,فَاعَلَ,,,,,CANDIDATE,,L2_017 haiku b11,WAZN_LEMMA_MISMATCH
AR05605,أَدَّبَ,فعل,216,3850,عاقب رسمياً,adb,أَفْعَلَ,,,,,CANDIDATE,,L2_017 haiku b11,WAZN_LEMMA_MISMATCH
AR05606,تَأْدِيبِي,اسم منسوب,216,3851,متعلق بالتأديب,adb,,,,,,CANDIDATE,تَفْعِيلِي,L2_017 haiku b11,WAZN_LEMMA_MISMATCH;WAZN_NOT_IN_INV
AR05607,عُقُوبَة,اسم جامد,216,3852;3854,الجزاء المفروض,aqb,فُعُولَةٌ,,,,,CANDIDATE,,L2_017 haiku b11,WAZN_LEMMA_MISMATCH
AR05608,عِقَابِي,اسم منسوب,216,3853,متعلق بالعقاب,aqb,,,,,,CANDIDATE,فِعَالِي,L2_017 haiku b11,WAZN_LEMMA_MISMATCH;WAZN_NOT_IN_INV
AR05609,عِقَاب,اسم جامد,216,3855,فعل العقاب,aqb,فِعَالٌ,,,,,CANDIDATE,,L2_017 haiku b11,WAZN_LEMMA_MISMATCH
AR05610,عَوَّضَ,فعل,216,3886,أعطى تعويضاً,awz,فَعَّلَ,,,,,CANDIDATE,,L2_017 haiku b11,WAZN_LEMMA_MISMATCH
AR05611,واحِد,اسم جامد,218,3843,أَصْغَرُ عَدَد,وحد,فَاعِلٌ,,,,,CANDIDATE,,L2_017 haiku b12,
AR05612,اثنَان,اسم جامد,218,3844,الثَّانِي فِي العَدّ,ثني,فَعْلانُ,,,,,CANDIDATE,,L2_017 haiku b12,ROOT_NORMALIZED
AR05613,ثَلاثَة,اسم جامد,218,3845,الثَّالِثُ,ثلث,فَعْلَةٌ,,,,,CANDIDATE,,L2_017 haiku b12,
AR05614,مِليون,اسم جامد,218,5605,عَدَدٌ كَبِيرٌ,,,,,,,CANDIDATE,,L2_017 haiku b12,ROOT_MISSING;WAZN_MISSING
AR05615,صِفْر,اسم جامد,218,5606,الْعَدَمُ,صفر,فِعْلٌ,,,,,CANDIDATE,,L2_017 haiku b12,
AR05616,زَوْج,اسم جامد,218,8077;8079,اِثْنَانِ,زوج,فَعْلٌ,,,,,CANDIDATE,,L2_017 haiku b12,
AR05617,ثُنَائِيّ,اسم منسوب,218,8078;11626,زَوْجٌ,ثني,فُعَالِيٌّ,,,,,CANDIDATE,,L2_017 haiku b12,ROOT_NORMALIZED
AR05618,عِشْرُون,اسم جامد,218,8080;14580,أَرْبَعُون,عشر,,,,,,CANDIDATE,فِعْلُون,L2_017 haiku b12,WAZN_NOT_IN_INV
AR05619,خَمْسَة,اسم جامد,218,10285,الخَمْسُ,خمس,فَعْلَةٌ,,,,,CANDIDATE,,L2_017 haiku b12,
AR05620,سَبْعَة,اسم جامد,218,10716,السَّبْعُ,سبع,فَعْلَةٌ,,,,,CANDIDATE,,L2_017 haiku b12,
AR05621,ثَلاثُون,اسم جامد,218,11327,ثَلاثُونَ,ثلث,,,,,,CANDIDATE,فَعْلُون,L2_017 haiku b12,WAZN_NOT_IN_INV
AR05622,مائَة,اسم جامد,218,11330,المِئَة,ماء,فَاعَلَةٌ,,,,,CANDIDATE,,L2_017 haiku b12,ROOT_ALIF;ROOT_NORMALIZED
AR05623,مِليار,اسم جامد,218,11331,أَلْفُ مِليونٍ,,,,,,,CANDIDATE,,L2_017 haiku b12,ROOT_MISSING;WAZN_MISSING
AR05624,أَلْف,اسم جامد,218,11782,عَشَرُ مِئَات,ءلف,فَعْلٌ,,,,,CANDIDATE,,L2_017 haiku b12,ROOT_NORMALIZED
AR05625,تِسْعُون,اسم جامد,218,11804,تِسْعُونَ,تسع,,,,,,CANDIDATE,فِعْلُون,L2_017 haiku b12,WAZN_NOT_IN_INV
AR05626,أَرْبَعَةَ عَشَرَ,تركيب,218,13753,الرَّابِعَ عَشَرَ,,,,,,,CANDIDATE,,L2_017 haiku b12,
AR05627,خَمْسُ مائَة,تركيب,218,13757,خَمْسُ مِئَاتٍ,,,,,,,CANDIDATE,,L2_017 haiku b12,
AR05628,خَمْسَة وَعِشْرُون,تركيب,218,14171,خَمْسَةٌ وَعِشْرُونَ,,,,,,,CANDIDATE,,L2_017 haiku b12,
AR05629,مائَتَان,اسم جامد,218,14184,مِئَتَانِ,ماء,,,,,,CANDIDATE,فاعَلان,L2_017 haiku b12,ROOT_ALIF;ROOT_NORMALIZED;WAZN_NOT_IN_INV
AR05630,خَمْسَةَ عَشَرَ,تركيب,218,14339,خَمْسَةَ عَشَرَ,,,,,,,CANDIDATE,,L2_017 haiku b12,
AR05631,خَمْسُون,اسم جامد,218,14345,خَمْسُونَ,خمس,,,,,,CANDIDATE,فِعْلُون,L2_017 haiku b12,WAZN_NOT_IN_INV
AR05632,أَرْبَعُون,اسم جامد,218,14497,أَرْبَعُونَ,ربع,,,,,,CANDIDATE,فِعْلُون,L2_017 haiku b12,WAZN_LEMMA_MISMATCH;WAZN_NOT_IN_INV
AR05633,عَشَرَة,اسم جامد,218,14505,عَشَرَة,عشر,فَعْلَةٌ,,,,,CANDIDATE,,L2_017 haiku b12,
AR05634,أَرْبَعَة,اسم جامد,218,14531,أَرْبَعَة,ربع,فَعْلَةٌ,,,,,CANDIDATE,,L2_017 haiku b12,WAZN_LEMMA_MISMATCH
AR05635,سِتَّة,اسم جامد,218,14578,سِتَّة,ستت,,,,,,CANDIDATE,فِتْلَة,L2_017 haiku b12,WAZN_LEMMA_MISMATCH;WAZN_NOT_IN_INV
AR05636,سِتُّون,اسم جامد,218,14581,سِتُّونَ,ستت,,,,,,CANDIDATE,فِعْلُون,L2_017 haiku b12,WAZN_LEMMA_MISMATCH;WAZN_NOT_IN_INV
AR05637,سَبْعُون,اسم جامد,218,14582,سَبْعُونَ,سبع,,,,,,CANDIDATE,فِعْلُون,L2_017 haiku b12,WAZN_NOT_IN_INV
AR05638,واحِد وَعِشْرُون,تركيب,218,14591,وَاحِدٌ وَعِشْرُونَ,,,,,,,CANDIDATE,,L2_017 haiku b12,
AR05639,ثَمانِيَة,اسم جامد,218,14681,ثَمانِيَة,ثمن,فَعَالِيَةٌ,,,,,CANDIDATE,,L2_017 haiku b12,
AR05640,اثنَان وَخَمْسُون,تركيب,218,14682,اثْنَانِ وَخَمْسُونَ,,,,,,,CANDIDATE,,L2_017 haiku b12,
AR05641,اثنَا عَشَرَ,تركيب,218,14684,اثْنَا عَشَرَ,,,,,,,CANDIDATE,,L2_017 haiku b12,
AR05642,أَرْبَعَة وَسَبْعُون,تركيب,218,15221,أَرْبَعَةٌ وَسَبْعُونَ,,,,,,,CANDIDATE,,L2_017 haiku b12,
AR05643,عَدَد,اسم جامد,218,16310,عَدَدٌ,عدد,فَعَلٌ,,,,,CANDIDATE,,L2_017 haiku b12,
AR05644,تِسْعَة,اسم جامد,218,17649,تِسْعَة,تسع,فِعْلَةٌ,,,,,CANDIDATE,,L2_017 haiku b12,
AR05645,سَبْعَة وَعِشْرُون,تركيب,218,17651,سَبْعَةٌ وَعِشْرُونَ,,,,,,,CANDIDATE,,L2_017 haiku b12,
AR05646,لَقَّبَ,فعل,221,3856,أَطْلَقَ لَقَباً,لقب,فَعَّلَ,,,,,CANDIDATE,,L2_017 haiku b12,
AR05647,دَعَاهُ,فعل,221,3858;17566,أَطْلَقَ اسْماً,دعو,فَعَلَ,,,,,CANDIDATE,,L2_017 haiku b12,
AR05648,عَمَّدَ,فعل,221,3859;3864,أَعْطَى اسْماً,عمد,فَعَّلَ,,,,,CANDIDATE,,L2_017 haiku b12,
AR05649,سَمَّاهُ,فعل,221,3860;15346,سَمَّى,سمو,فَعَّلَ,,,,,CANDIDATE,,L2_017 haiku b12,
AR05650,أَعَادَ التَّسْمِيَة,تركيب,221,14617,غَيَّرَ الاسْمَ,,,,,,,CANDIDATE,,L2_017 haiku b12,
AR05651,جَلَدَ,فعل,222,3865;3870,ضَرَبَ,جلد,فَعَلَ,,,,,CANDIDATE,,L2_017 haiku b12,
AR05652,جَلْد,مصدر,222,3866,ضَرْبٌ,جلد,فَعْلٌ,,,,,CANDIDATE,,L2_017 haiku b12,
AR05653,ضَرَبَ بِالعَصَا,تركيب,222,3867,ضَرَبَ,,,,,,,CANDIDATE,,L2_017 haiku b12,
AR05654,ضَرْبٌ بِالعَصَا,تركيب,222,3868,ضَرْبٌ,,,,,,,CANDIDATE,,L2_017 haiku b12,
AR05655,ضَرْبَة,اسم مرة,222,3869,لَدْمَة,ضرب,فَعْلَةٌ,,,,,CANDIDATE,,L2_017 haiku b12,
AR05656,ضَرَبَ,فعل,222,15069,لَطَمَ,ضرب,فَعَلَ,,,,,CANDIDATE,,L2_017 haiku b12,
AR05657,ضَرَبَ الأَرْدَاف,تركيب,222,15070,أَوْجَعَ,,,,,,,CANDIDATE,,L2_017 haiku b12,
AR05658,غَرَّمَ,فعل,223,3882;10562;15778,فَرَضَ غَرَامَةً,غرم,فَعَّلَ,,,,,CANDIDATE,,L2_017 haiku b12,
AR05659,غَرَامَة,اسم جامد,223,3883,غَرَامَةٌ,غرم,فَعَالَةٌ,,,,,CANDIDATE,,L2_017 haiku b12,
AR05660,تَعْوِيضَات,اسم جامد,223,3884;3885,تَعْوِيضٌ,عوض,,,,,,CANDIDATE,تَفْعِيلات,L2_017 haiku b12,WAZN_NOT_IN_INV
AR05661,إِنْذَار,اسم جامد,223,10961,إِنْذَارٌ,نذر,إِفْعَالٌ,,,,,CANDIDATE,,L2_017 haiku b12,
AR05662,أَصْدَرَ إِنْذَاراً,تركيب,223,10962,أَصْدَرَ,,,,,,,CANDIDATE,,L2_017 haiku b12,
AR05663,سَاعَة,اسم جامد,224,3872,سَاعَةٌ,سعو,فَاعَلَةٌ,,,,,CANDIDATE,,L2_017 haiku b12,
AR05664,دَقِيقَة,اسم جامد,224,3873,دَقِيقَةٌ,دقق,فَعِيلَةٌ,,,,,CANDIDATE,,L2_017 haiku b12,
AR05665,ثَانِيَة,اسم جامد,224,3874,ثَانِيَةٌ,ثني,فَاعِلَةٌ,,,,,CANDIDATE,,L2_017 haiku b12,ROOT_NORMALIZED
AR05666,يَوْم,اسم جامد,224,3875,يَوْمٌ,يوم,فَعْلٌ,,,,,CANDIDATE,,L2_017 haiku b12,
AR05667,أُسْبُوع,اسم جامد,224,3876,أُسْبُوعٌ,سبع,فُعْلُولٌ,,,,,CANDIDATE,,L2_017 haiku b12,WAZN_LEMMA_MISMATCH
AR05668,شَهْر,اسم جامد,224,3877,شَهْرٌ,شهر,فَعْلٌ,,,,,CANDIDATE,,L2_017 haiku b12,
AR05669,سَنَة,اسم جامد,224,3878,سَنَةٌ,سنن,فَعْلَةٌ,,,,,CANDIDATE,,L2_017 haiku b12,WAZN_LEMMA_MISMATCH
AR05670,عَقْد,اسم جامد,224,3879,عَقْدٌ,عقد,فَعْلٌ,,,,,CANDIDATE,,L2_017 haiku b12,
AR05671,قَرْن,اسم جامد,224,3880,قَرْنٌ,قرن,فَعْلٌ,,,,,CANDIDATE,,L2_017 haiku b12,
AR05672,أَلْفِيَّة,اسم منسوب,224,13484,أَلْفِيَّةٌ,ءلف,فُعَلِيَّةٌ,,,,,CANDIDATE,,L2_017 haiku b12,ROOT_NORMALIZED
AR05673,أُسْبُوعَان,اسم جامد,224,13485,أُسْبُوعَانِ,سبع,فُعْلانٌ,,,,,CANDIDATE,,L2_017 haiku b12,WAZN_LEMMA_MISMATCH
AR05674,وَقْت,اسم جامد,224,14571;15397,وَقْتٌ,وقت,فَعْلٌ,,,,,CANDIDATE,,L2_017 haiku b12,
AR05675,نَانُوثَانِيَة,اسم جامد,224,14969,نَانُوثَانِيَةٌ,,,,,,,CANDIDATE,,L2_017 haiku b12,ROOT_MISSING;WAZN_MISSING
AR05676,أَعْدَمَ,فعل,225,3887;11174,أَعْدَمَ,عدم,أَفْعَلَ,,,,,CANDIDATE,,L2_017 haiku b12,
AR05677,إِعْدَام,مصدر,225,3888,إِعْدَامٌ,عدم,إِفْعَالٌ,,,,,CANDIDATE,,L2_017 haiku b12,
AR05678,جَلاَّد,اسم جامد,225,3889;3891,جَلاَّدٌ,جلد,فَعَّالٌ,,,,,CANDIDATE,,L2_017 haiku b12,
AR05679,حَبَّال,اسم جامد,225,3890,حَبَّالٌ,حبل,فَعَّالٌ,,,,,CANDIDATE,,L2_017 haiku b12,
AR05680,فِرْقَةُ الإِعْدَامِ,تركيب,225,3892,فِرْقَةٌ,,,,,,,CANDIDATE,,L2_017 haiku b12,
AR05681,شَنَقَ,فعل,225,9094,شَنَقَ,شنق,فَعَلَ,,,,,CANDIDATE,,L2_017 haiku b12,
AR05682,قَطَعَ الرَّأْسَ,تركيب,225,9095,قَطَعَ,,,,,,,CANDIDATE,,L2_017 haiku b12,
AR05683,قَطْعُ الرَّأْسِ,تركيب,225,9096,قَطْعٌ,,,,,,,CANDIDATE,,L2_017 haiku b12,
AR05684,شَنْق,مصدر,225,14701,شَنْقٌ,شنق,فَعْلٌ,,,,,CANDIDATE,,L2_017 haiku b12,
AR05685,اسْمٌ مُسْتَعَار,تركيب,228,3930;3938;3942;5240;7462,اسْمٌ,,,,,,,CANDIDATE,,L2_017 haiku b12,
AR05686,اسْم,اسم جامد,228,3931,اسْمٌ,سمو,فَعْلٌ,,,,,CANDIDATE,,L2_017 haiku b12,
AR05687,لَقَب,اسم جامد,228,3932;3941;7455;7463,لَقَبٌ,لقب,فَعَلٌ,,,,,CANDIDATE,,L2_017 haiku b12,
AR05688,اسْمُ العَائِلَة,تركيب,228,3933;3937,اسْمٌ,,,,,,,CANDIDATE,,L2_017 haiku b12,
AR05689,الاسْمُ الأَوَّلُ,تركيب,228,3934;3943,اسْمٌ,,,,,,,CANDIDATE,,L2_017 haiku b12,
AR05690,الاسْمُ الأَسْلَفِيّ,تركيب,228,3935,اسْمٌ,,,,,,,CANDIDATE,,L2_017 haiku b12,
AR05691,الاسْمُ المَسِيحِيّ,تركيب,228,3936,اسْمٌ,,,,,,,CANDIDATE,,L2_017 haiku b12,
AR05692,اسْمٌ حَرْبِيّ,تركيب,228,3939,اسْمٌ,,,,,,,CANDIDATE,,L2_017 haiku b12,
AR05693,الاسْمُ العَائِلِيّ,تركيب,228,3944,اسْمٌ,,,,,,,CANDIDATE,,L2_017 haiku b12,
AR05694,الاسْمُ الأَوْسَطُ,تركيب,228,3945,اسْمٌ,,,,,,,CANDIDATE,,L2_017 haiku b12,
AR05695,اسْمٌ فَنِّيّ,تركيب,228,5239,اسْمٌ,,,,,,,CANDIDATE,,L2_017 haiku b12,
AR05696,الاسْمُ المُعْطَىً,تركيب,228,5241,اسْمٌ,,,,,,,CANDIDATE,,L2_017 haiku b12,
AR05697,مُسَمًّى,اسم مفعول,228,5474;5544,مُسَمًّى,سمو,مُفَعَّلٌ,,,,,CANDIDATE,,L2_017 haiku b12,
AR05698,اسْمٌ رَمْزِيّ,تركيب,228,5549,اسْمٌ,,,,,,,CANDIDATE,,L2_017 haiku b12,
AR05699,مُرَمَّز,اسم مفعول,228,5550,مُرَمَّزٌ,رمز,مُفَعَّلٌ,,,,,CANDIDATE,,L2_017 haiku b12,
AR05700,اسْمٌ دَاخِلِيّ,تركيب,228,7452,اسْمٌ,,,,,,,CANDIDATE,,L2_017 haiku b12,
AR05701,اسْمٌ إِضَافِيّ,تركيب,228,7453;7454,اسْمٌ,,,,,,,CANDIDATE,,L2_017 haiku b12,
AR05702,اسْمٌ خَاطِئ,تركيب,228,7456;7459,اسْمٌ,,,,,,,CANDIDATE,,L2_017 haiku b12,
AR05703,الاسْمُ الشَّخْصِيّ,تركيب,228,7457,اسْمٌ,,,,,,,CANDIDATE,,L2_017 haiku b12,
AR05704,الاسْمُ الزَّوْجِيّ,تركيب,228,7460,اسْمٌ,,,,,,,CANDIDATE,,L2_017 haiku b12,
AR05705,مِنْ قَبْلِ,حرف,228,7464,حَرْفٌ,,,,,,,CANDIDATE,,L2_017 haiku b12,
AR05706,اسْمٌ تِجَارِيّ,تركيب,228,7467,اسْمٌ,,,,,,,CANDIDATE,,L2_017 haiku b12,
AR05707,اسْمٌ أَبَوِيّ,تركيب,228,7468,اسْمٌ,,,,,,,CANDIDATE,,L2_017 haiku b12,
AR05708,اسْمٌ أُمَّوِيّ,تركيب,228,7469,اسْمٌ,,,,,,,CANDIDATE,,L2_017 haiku b12,
AR05709,الاسْمُ الشَّعْبِيّ,تركيب,228,7470,اسْمٌ,,,,,,,CANDIDATE,,L2_017 haiku b12,
AR05710,اسْمٌ مُشْتَقّ,تركيب,228,7472,اسْمٌ,,,,,,,CANDIDATE,,L2_017 haiku b12,
AR05711,يُعْرَفُ أَيْضاً بـ,حرف,228,7478;7479,حَرْفٌ,,,,,,,CANDIDATE,,L2_017 haiku b12,
AR05712,ذَهَبَ,فعل,228,7830,عُرِفَ,ذهب,فَعَلَ,,,,,CANDIDATE,,L2_017 haiku b12,
AR05713,بِلا اسْم,تركيب,228,8900,بِلا,,,,,,,CANDIDATE,,L2_017 haiku b12,
AR05714,مَعْرُوفٌ بـ,حرف,228,11461,حَرْفٌ,,,,,,,CANDIDATE,,L2_017 haiku b12,
AR05715,يُدْعَى,فعل,228,12279,يُدْعَى,دعو,,,,,,CANDIDATE,يُفْعَل,L2_017 haiku b12,WAZN_NOT_IN_INV
AR05716,مُحَدَّد,اسم مفعول,228,12659,مُحَدَّدٌ,حدد,مُفَعَّلٌ,,,,,CANDIDATE,,L2_017 haiku b12,
AR05717,الاسْمُ الكَامِل,تركيب,228,16641,اسْمٌ,,,,,,,CANDIDATE,,L2_017 haiku b12,
AR05718,فَعَلَ,فعل,230,4348,فَعَلَ,فعل,فَعَلَ,,,,,CANDIDATE,,L2_017 haiku b12,
AR05719,أَثَّرَ,فعل,230,14334;14336,أَثَّرَ,ءثر,أَفْعَلَ,,,,,CANDIDATE,,L2_017 haiku b12,ROOT_NORMALIZED
AR05720,انْتَهَى,فعل,232,4426;4427;4428;4429;4430;4431,انْتَهَى,نهو,,,,,,CANDIDATE,انْفَعَلَ,L2_017 haiku b12,WAZN_NOT_IN_INV
AR05721,نِهَايَة,اسم جامد,232,4432;4433;4439;13280,نِهَايَةٌ,نهو,فِعَالَةٌ,,,,,CANDIDATE,,L2_017 haiku b12,
AR05722,أَخِير,صفة مشبهة,232,4438,أَخِيرٌ,ءخر,,,,,,CANDIDATE,أَفِيل,L2_017 haiku b12,ROOT_NORMALIZED;WAZN_NOT_IN_INV
AR05723,مَضَى,فعل,232,10865,مَضَى,مضو,فَعَلَ,,,,,CANDIDATE,,L2_017 haiku b12,
AR05724,عَمَلِيَّة,اسم جامد,233,8610,عَمَلِيَّةٌ,عمل,,,,,,CANDIDATE,فَعَالِيّة,L2_017 haiku b12,WAZN_NOT_IN_INV
AR05725,مُنْتَهٍ,اسم مفعول,234,5764;5765,مُنْتَهٍ,نهو,مُفْتَعِلٌ,,,,,CANDIDATE,,L2_017 haiku b12,
AR05726,مُكْتَمِل,اسم مفعول,234,5766,مُكْتَمِلٌ,كمل,مُفْتَعِلٌ,,,,,CANDIDATE,,L2_017 haiku b12,
AR05727,انْتَهَى,فعل,234,5767,انْتَهَى,نهو,,,,,,CANDIDATE,انْفَعَلَ,L2_017 haiku b12,WAZN_NOT_IN_INV
AR05728,أَشْقَرُ,صفة مشبهة,235,5649;15352,أَشْقَرُ,شقر,أَفْعَلُ,,,,,CANDIDATE,,L2_017 haiku b12,
AR05729,أَسْمَرُ,صفة مشبهة,235,5650,أَسْمَرُ,سمر,أَفْعَلُ,,,,,CANDIDATE,,L2_017 haiku b12,
AR05730,أَزْرَقُ العَيْنَيْنِ,تركيب,235,5651,أَزْرَقُ,,,,,,,CANDIDATE,,L2_017 haiku b12,
AR05731,أَحْمَرُ الشَّعْرِ,تركيب,235,5652;11111,أَحْمَرُ,,,,,,,CANDIDATE,,L2_017 haiku b12,
AR05732,أَفْلَطِحُ القَدَمَيْنِ,تركيب,235,5653,أَفْلَطِحُ,,,,,,,CANDIDATE,,L2_017 haiku b12,
AR05733,أَبْيَضُ,صفة مشبهة,235,5654;5655,أَبْيَضُ,بيض,أَفْعَلُ,,,,,CANDIDATE,,L2_017 haiku b12,
AR05734,أَقْوَسُ السَّاقَيْنِ,تركيب,235,5656;5657,أَقْوَسُ,,,,,,,CANDIDATE,,L2_017 haiku b12,
AR05735,أَحْوَلُ,صفة مشبهة,235,5658,أَحْوَلُ,حول,أَفْعَلُ,,,,,CANDIDATE,,L2_017 haiku b12,
AR05736,أَسْوَدُ الشَّعْرِ,تركيب,235,5660,أَسْوَدُ,,,,,,,CANDIDATE,,L2_017 haiku b12,
AR05737,أَشْيَبُ,صفة مشبهة,235,5661,أَشْيَبُ,شيب,أَفْعَلُ,,,,,CANDIDATE,,L2_017 haiku b12,
AR05738,مُلْتَحٍ,اسم مفعول,235,5662,مُلْتَحٍ,لحي,مُفْتَعِلٌ,,,,,CANDIDATE,,L2_017 haiku b12,
AR05739,ذُو شَارِب,تركيب,235,5663,ذُو,,,,,,,CANDIDATE,,L2_017 haiku b12,
AR05740,ضَفِيرَة,اسم جامد,235,5741,ضَفِيرَةٌ,ضفر,فَعِيلَةٌ,,,,,CANDIDATE,,L2_017 haiku b12,
AR05741,خَشَبِيّ السَّاق,تركيب,235,12843,خَشَبِيّ,,,,,,,CANDIDATE,,L2_017 haiku b12,
AR05742,طَهَى,فعل,236,4169;4174;4176;4259;4727;15776,طَهَى,طهو,فَعَلَ,,,,,CANDIDATE,,L2_017 haiku b12,
AR05743,سَلَقَ,فعل,236,4170;4178;4258,سَلَقَ,سلق,فَعَلَ,,,,,CANDIDATE,,L2_017 haiku b12,
AR05744,حَمَّرَ,فعل,236,4171,حَمَّرَ,حمر,فَعَّلَ,,,,,CANDIDATE,,L2_017 haiku b12,
AR05745,شَوَى,فعل,236,4172;4256;4257;11861,شَوَى,شوو,فَعَلَ,,,,,CANDIDATE,,L2_017 haiku b12,
AR05746,سَلَقَ جُزْئِيّاً,تركيب,236,4173,سَلَقَ,,,,,,,CANDIDATE,,L2_017 haiku b12,
AR05747,سَخَّنَ,فعل,236,4175,سَخَّنَ,سخن,فَعَّلَ,,,,,CANDIDATE,,L2_017 haiku b12,
AR05748,فَحَّمَ,فعل,236,4177,فَحَّمَ,فحم,فَعَّلَ,,,,,CANDIDATE,,L2_017 haiku b12,
AR05749,حَمَّصَ,فعل,236,4180,حَمَّصَ,حمص,فَعَّلَ,,,,,CANDIDATE,,L2_017 haiku b12,
AR05750,قَلَى,فعل,236,4181;4255;11862,قَلَى,قلو,فَعَلَ,,,,,CANDIDATE,,L2_017 haiku b12,
AR05751,طَهَى بِالمِيكْرَوِيف,تركيب,236,4182,طَهَى,,,,,,,CANDIDATE,,L2_017 haiku b12,
AR05752,بَخَّرَ,فعل,236,4183,بَخَّرَ,بخر,فَعَّلَ,,,,,CANDIDATE,,L2_017 haiku b12,
AR05753,خَبَزَ,فعل,236,4971,خَبَزَ,خبز,فَعَلَ,,,,,CANDIDATE,,L2_017 haiku b12,
AR05754,حَرَّقَ,فعل,236,11877,حَرَّقَ,حرق,فَعَّلَ,,,,,CANDIDATE,,L2_017 haiku b12,
AR05755,كَوَى,فعل,236,11885;17558,كَوَى,كوو,فَعَلَ,,,,,CANDIDATE,,L2_017 haiku b12,
AR05756,قَلْي,مصدر,236,17909,قَلْيٌ,قلو,فَعْلٌ,,,,,CANDIDATE,,L2_017 haiku b12,
AR05757,شَيّ,مصدر,236,17911;17913;17916,شَيٌّ,شوو,فَعْلٌ,,,,,CANDIDATE,,L2_017 haiku b12,
AR05758,سَلْق,مصدر,236,17912,سَلْقٌ,سلق,فَعْلٌ,,,,,CANDIDATE,,L2_017 haiku b12,
AR05759,ذَوْبَان,مصدر,236,17914,ذَوْبَانٌ,ذوب,فَعْلانُ,,,,,CANDIDATE,,L2_017 haiku b12,
AR05760,ذَابَ,فعل,236,17915,ذَابَ,ذوب,فَعَلَ,,,,,CANDIDATE,,L2_017 haiku b12,
AR05761,تَحْمِيص,مصدر,236,17917,تَحْمِيصٌ,حمص,تَفْعِيلٌ,,,,,CANDIDATE,,L2_017 haiku b12,
AR05762,طَهْي,مصدر,236,17918;17920;17922,طَهْيٌ,طهو,فَعْلٌ,,,,,CANDIDATE,,L2_017 haiku b12,
AR05763,تَبْخِير,مصدر,236,17919,تَبْخِيرٌ,بخر,تَفْعِيلٌ,,,,,CANDIDATE,,L2_017 haiku b12,
AR05764,خَبْز,مصدر,236,17921,خَبْزٌ,خبز,فَعْلٌ,,,,,CANDIDATE,,L2_017 haiku b12,
AR05765,جَرَّ,فعل,240,4457;8734,جَرّ شَيْء بِقُوَّة عَلَى الأَرْض,جرر,فَعَّلَ,,,,,CANDIDATE,,L2_017 haiku b13,WAZN_LEMMA_MISMATCH
AR05766,دَحْرَجَ,فعل,240,4458;8739,نَقْل شَيْء عَلَى عَجَل,درج,فَعْلَلَ,,,,,CANDIDATE,,L2_017 haiku b13,WAZN_LEMMA_MISMATCH
AR05767,نَقَلَ,فعل,240,4459;8731;8735;9175;14508,نَقْل شَيْء فِي عَرَبَة,نقل,فَعَلَ,,,,,CANDIDATE,,L2_017 haiku b13,
AR05768,حَمَلَ,فعل,240,4470;8738;12026,فِعْل يَدُلّ عَلَى حَمْل شَيْء مِن مَكَان إِلَى آخَر,حمل,فَعَلَ,,,,,CANDIDATE,,L2_017 haiku b13,
AR05769,طَارَ,فعل,240,8730;8865,نَقْل شَيْء بِالطَّائِرَة,طير,فَعَلَ,,,,,CANDIDATE,,L2_017 haiku b13,
AR05770,أَخَذَ,فعل,240,8732,إِحْضَار شَيْء أَو شَخْص مَعَك,خذذ,أَفْعَلَ,,,,,CANDIDATE,,L2_017 haiku b13,WAZN_LEMMA_MISMATCH
AR05771,قَادَ,فعل,240,8733;8870,نَقْل شَخْص فِي السَّيَّارَة,قود,فَعَلَ,,,,,CANDIDATE,,L2_017 haiku b13,
AR05772,عَبَّرَ,فعل,240,8755,نَقْل شَخْص عَبْر الْمَاء,عبر,فَعَّلَ,,,,,CANDIDATE,,L2_017 haiku b13,
AR05773,جَدَّفَ,فعل,240,8867;8881,نَقْل شَيْء بِالمجداف,جدف,فَعَّلَ,,,,,CANDIDATE,,L2_017 haiku b13,
AR05774,رَكِبَ,فعل,240,9176,نَقْل شَيْء بِالدَّرَّاجَة,ركب,فَعِلَ,,,,,CANDIDATE,,L2_017 haiku b13,
AR05775,أَحْضَرَ,فعل,240,9920,إِحْضَار شَيْء مَعَ الشَّخْص,حضر,أَفْعَلَ,,,,,CANDIDATE,,L2_017 haiku b13,
AR05776,جَاءَ,فعل,240,12027,الذِّهَاب وَإِحْضَار شَيْء,جيي,,,,,,CANDIDATE,فَاعَ,L2_017 haiku b13,WAZN_NOT_IN_INV
AR05777,أَتَى,فعل,240,12028,إِحْضَار شَيْء,ءتي,فَعَلَ,,,,,CANDIDATE,,L2_017 haiku b13,ROOT_NORMALIZED
AR05778,حَمّال,صفة مشبهة,240,13641,يُمْكِن حَمْله بِسُهُولَة,حمل,فَعَّالٌ,,,,,CANDIDATE,,L2_017 haiku b13,
AR05779,متحرِّك,صفة مشبهة,240,13901,قَابِل لِلْحَرَكَة,حرك,مُتَفَعِّلٌ,,,,,CANDIDATE,,L2_017 haiku b13,
AR05780,مُنَافَسَة,مصدر,241,4467;13799,كلمة تدل على معنى في هذا الإطار,نفس,مُفَاعَلَةٌ,,,,,CANDIDATE,,L2_017 haiku b13,
AR05781,مُنَافِس,صفة مشبهة,241,4468;4469,كلمة تدل على معنى في هذا الإطار,نفس,مُفَاعِلٌ,,,,,CANDIDATE,,L2_017 haiku b13,
AR05782,نَافَسَ,فعل,241,9837,كلمة تدل على معنى في هذا الإطار,نفس,فَاعَلَ,,,,,CANDIDATE,,L2_017 haiku b13,
AR05783,لَعِبَ,فعل,241,9838,كلمة تدل على معنى في هذا الإطار,لعب,فَعِلَ,,,,,CANDIDATE,,L2_017 haiku b13,
AR05784,تَحَدٍّ,مصدر,241,12501,كلمة تدل على معنى في هذا الإطار,حدي,تَفَعُّلٌ,,,,,CANDIDATE,,L2_017 haiku b13,
AR05785,مُنَافِس,اسم فاعل,241,13800,كلمة تدل على معنى في هذا الإطار,نفس,مُفَاعِلٌ,,,,,CANDIDATE,,L2_017 haiku b13,
AR05786,لَاعِب,اسم فاعل,241,16012,كلمة تدل على معنى في هذا الإطار,لعب,فَاعِلٌ,,,,,CANDIDATE,,L2_017 haiku b13,
AR05787,أَرْسَلَ,فعل,242,4485;4486;4489;4490;11146;17822,كلمة تدل على معنى في هذا الإطار,رسل,أَفْعَلَ,,,,,CANDIDATE,,L2_017 haiku b13,
AR05788,اتَّصَلَ,فعل,242,4487;7206;17196,كلمة تدل على معنى في هذا الإطار,وصل,اِفْتَعَلَ,,,,,CANDIDATE,,L2_017 haiku b13,
AR05789,أَشَارَ,فعل,242,4488,كلمة تدل على معنى في هذا الإطار,شور,أَفْعَلَ,,,,,CANDIDATE,,L2_017 haiku b13,
AR05790,بَثَّ,فعل,242,4493,كلمة تدل على معنى في هذا الإطار,بثث,فَعَّلَ,,,,,CANDIDATE,,L2_017 haiku b13,WAZN_LEMMA_MISMATCH
AR05791,أَرْسَلَ,فعل,243,4491;4606;4608;4657;9000;9001;14835;15085,كلمة تدل على معنى في هذا الإطار,رسل,أَفْعَلَ,,,,,CANDIDATE,,L2_017 haiku b13,
AR05792,بَرَّدَ,فعل,243,4492,كلمة تدل على معنى في هذا الإطار,برد,فَعَّلَ,,,,,CANDIDATE,,L2_017 haiku b13,
AR05793,شَحَنَ,فعل,243,4494;14838,كلمة تدل على معنى في هذا الإطار,شحن,فَعَلَ,,,,,CANDIDATE,,L2_017 haiku b13,
AR05794,صَدَّرَ,فعل,243,4607,كلمة تدل على معنى في هذا الإطار,صدر,فَعَّلَ,,,,,CANDIDATE,,L2_017 haiku b13,
AR05795,وَجَّهَ,فعل,243,4609,كلمة تدل على معنى في هذا الإطار,وجه,فَعَّلَ,,,,,CANDIDATE,,L2_017 haiku b13,
AR05796,أَحَالَ,فعل,243,17095,كلمة تدل على معنى في هذا الإطار,حول,أَفْعَلَ,,,,,CANDIDATE,,L2_017 haiku b13,
AR05797,شَحْن,مصدر,243,18628,كلمة تدل على معنى في هذا الإطار,شحن,فَعْلٌ,,,,,CANDIDATE,,L2_017 haiku b13,
AR05798,مَلِيء,صفة مشبهة,244,4497,كلمة تدل على معنى في هذا الإطار,ملي,فَعِيلٌ,,,,,CANDIDATE,,L2_017 haiku b13,
AR05799,فَارِغ,صفة مشبهة,244,4498,كلمة تدل على معنى في هذا الإطار,فرغ,فَاعِلٌ,,,,,CANDIDATE,,L2_017 haiku b13,
AR05800,فَرَاغ,مصدر,244,4499,كلمة تدل على معنى في هذا الإطار,فرغ,فِعَالٌ,,,,,CANDIDATE,,L2_017 haiku b13,
AR05801,امْتِلَاء,مصدر,244,4501,كلمة تدل على معنى في هذا الإطار,ملي,اِفْتِعَالٌ,,,,,CANDIDATE,,L2_017 haiku b13,
AR05802,قَيَّدَ,فعل,245,4506;4759;18548,كلمة تدل على معنى في هذا الإطار,قيد,فَعَّلَ,,,,,CANDIDATE,,L2_017 haiku b13,
AR05803,أَغْلَقَ,فعل,245,4513;4758,كلمة تدل على معنى في هذا الإطار,غلق,أَفْعَلَ,,,,,CANDIDATE,,L2_017 haiku b13,
AR05804,رَبَطَ,فعل,245,4514,كلمة تدل على معنى في هذا الإطار,ربط,فَعَلَ,,,,,CANDIDATE,,L2_017 haiku b13,
AR05805,سَجَنَ,فعل,245,7654;13490,كلمة تدل على معنى في هذا الإطار,سجن,فَعَلَ,,,,,CANDIDATE,,L2_017 haiku b13,
AR05806,سَجْن,مصدر,245,7655,كلمة تدل على معنى في هذا الإطار,سجن,فَعْلٌ,,,,,CANDIDATE,,L2_017 haiku b13,
AR05807,احْتَجَزَ,فعل,245,12040,كلمة تدل على معنى في هذا الإطار,حجز,اِفْتَعَلَ,,,,,CANDIDATE,,L2_017 haiku b13,
AR05808,أَمْسَكَ,فعل,245,13132,كلمة تدل على معنى في هذا الإطار,مسك,أَفْعَلَ,,,,,CANDIDATE,,L2_017 haiku b13,
AR05809,قَيْد,مصدر,245,18547,كلمة تدل على معنى في هذا الإطار,قيد,فَعْلٌ,,,,,CANDIDATE,,L2_017 haiku b13,
AR05810,رَبَطَ,فعل,246,4507,كلمة تدل على معنى في هذا الإطار,ربط,فَعَلَ,,,,,CANDIDATE,,L2_017 haiku b13,
AR05811,عَقَدَ,فعل,246,4510,كلمة تدل على معنى في هذا الإطار,عقد,فَعَلَ,,,,,CANDIDATE,,L2_017 haiku b13,
AR05812,خَبَطَ,فعل,246,4511,كلمة تدل على معنى في هذا الإطار,خبط,فَعَلَ,,,,,CANDIDATE,,L2_017 haiku b13,
AR05813,ضَفَرَ,فعل,246,5905,كلمة تدل على معنى في هذا الإطار,ضفر,فَعَلَ,,,,,CANDIDATE,,L2_017 haiku b13,
AR05814,رَبَطَ,فعل,247,4509,كلمة تدل على معنى في هذا الإطار,ربط,فَعَلَ,,,,,CANDIDATE,,L2_017 haiku b13,
AR05815,عِلَاقَة,مصدر,248,7362,كلمة تدل على معنى في هذا الإطار,علق,فِعَالَةٌ,,,,,CANDIDATE,,L2_017 haiku b13,
AR05816,قَيَّدَ,فعل,250,4512;5669;15611,كلمة تدل على معنى في هذا الإطار,قيد,فَعَّلَ,,,,,CANDIDATE,,L2_017 haiku b13,
AR05817,أَغْلَقَ,فعل,250,4760,كلمة تدل على معنى في هذا الإطار,غلق,أَفْعَلَ,,,,,CANDIDATE,,L2_017 haiku b13,
AR05818,كَبَّلَ,فعل,250,4761,كلمة تدل على معنى في هذا الإطار,كبل,فَعَّلَ,,,,,CANDIDATE,,L2_017 haiku b13,
AR05819,شَيْء,اسم جامد,251,13137;16928,كلمة تدل على معنى في هذا الإطار,شيي,,,,,,CANDIDATE,,L2_017 haiku b13,WAZN_MISSING
AR05820,كِيَان,مصدر,251,13412,كلمة تدل على معنى في هذا الإطار,كون,,,,,,CANDIDATE,فِيَال,L2_017 haiku b13,WAZN_NOT_IN_INV
AR05821,جِسْم,اسم جامد,251,16927,كلمة تدل على معنى في هذا الإطار,جسم,,,,,,CANDIDATE,,L2_017 haiku b13,WAZN_MISSING
AR05822,فَرْد,اسم جامد,251,16996,كلمة تدل على معنى في هذا الإطار,فرد,,,,,,CANDIDATE,,L2_017 haiku b13,WAZN_MISSING
AR05823,مَا,مبني,251,18440,كلمة تدل على معنى في هذا الإطار,,,,,,,CANDIDATE,,L2_017 haiku b13,
AR05824,رَبَطَ,فعل,252,4516;4518;4519;4520;4521,كلمة تدل على معنى في هذا الإطار,ربط,فَعَلَ,,,,,CANDIDATE,,L2_017 haiku b13,
AR05825,عِلَاقَة,مصدر,252,4517,كلمة تدل على معنى في هذا الإطار,علق,فِعَالَةٌ,,,,,CANDIDATE,,L2_017 haiku b13,
AR05826,مَرْبُوط,صفة مشبهة,252,13216,كلمة تدل على معنى في هذا الإطار,ربط,مَفْعُولٌ,,,,,CANDIDATE,,L2_017 haiku b13,
AR05827,رَبَطَ,فعل,253,4524;17289,كلمة تدل على معنى في هذا الإطار,ربط,فَعَلَ,,,,,CANDIDATE,,L2_017 haiku b13,
AR05828,عِلَاقَة,مصدر,253,4525,كلمة تدل على معنى في هذا الإطار,علق,فِعَالَةٌ,,,,,CANDIDATE,,L2_017 haiku b13,
AR05829,رَابِط,اسم فاعل,253,7339,كلمة تدل على معنى في هذا الإطار,ربط,فَاعِلٌ,,,,,CANDIDATE,,L2_017 haiku b13,
AR05830,أَغْلَقَ,فعل,253,7340,كلمة تدل على معنى في هذا الإطار,غلق,أَفْعَلَ,,,,,CANDIDATE,,L2_017 haiku b13,
AR05831,قُرْب,مصدر,253,7341,كلمة تدل على معنى في هذا الإطار,قرب,فِعْلٌ,,,,,CANDIDATE,,L2_017 haiku b13,
AR05832,مَرْبُوط,صفة مشبهة,253,13230,كلمة تدل على معنى في هذا الإطار,ربط,مَفْعُولٌ,,,,,CANDIDATE,,L2_017 haiku b13,
AR05833,حَمِيم,صفة مشبهة,253,13837,كلمة تدل على معنى في هذا الإطار,حمم,فَعِيلٌ,,,,,CANDIDATE,,L2_017 haiku b13,
AR05834,أَزَرَّ,فعل,254,4544,كلمة تدل على معنى في هذا الإطار,زرر,أَفْعَلَ,,,,,CANDIDATE,,L2_017 haiku b13,WAZN_LEMMA_MISMATCH
AR05835,فَتَحَ,فعل,254,4545;4553,كلمة تدل على معنى في هذا الإطار,فتح,فَعَلَ,,,,,CANDIDATE,,L2_017 haiku b13,
AR05836,أَغْلَقَ,فعل,254,4546;4551;4625,كلمة تدل على معنى في هذا الإطار,غلق,أَفْعَلَ,,,,,CANDIDATE,,L2_017 haiku b13,
AR05837,ثَبَّتَ,فعل,254,4547;4677,كلمة تدل على معنى في هذا الإطار,ثبت,فَعَّلَ,,,,,CANDIDATE,,L2_017 haiku b13,
AR05838,غَطَّى,فعل,254,4550,كلمة تدل على معنى في هذا الإطار,غطي,فَعَّلَ,,,,,CANDIDATE,,L2_017 haiku b13,
AR05839,رَبَطَ,فعل,254,4552;4757,كلمة تدل على معنى في هذا الإطار,ربط,فَعَلَ,,,,,CANDIDATE,,L2_017 haiku b13,
AR05840,فَكَّ,فعل,254,4555;4556;4557;4711,كلمة تدل على معنى في هذا الإطار,فكك,فَعَّلَ,,,,,CANDIDATE,,L2_017 haiku b13,WAZN_LEMMA_MISMATCH
AR05841,طَبِيب,اسم جامد,255,4561;4564,كلمة تدل على معنى في هذا الإطار,طبب,,,,,,CANDIDATE,,L2_017 haiku b13,WAZN_MISSING
AR05842,جَرَّاح,اسم فاعل,255,4562,كلمة تدل على معنى في هذا الإطار,جرح,فَعَّالٌ,,,,,CANDIDATE,,L2_017 haiku b13,
AR05843,طَبِيب الْحَسَاسِيَّة,تركيب,255,4563,كلمة تدل على معنى في هذا الإطار,,,,,,,CANDIDATE,,L2_017 haiku b13,
AR05844,طَبِيب الْقَلْب,تركيب,255,4566,كلمة تدل على معنى في هذا الإطار,,,,,,,CANDIDATE,,L2_017 haiku b13,
AR05845,طَبِيب التَّخْدِير,تركيب,255,4567,كلمة تدل على معنى في هذا الإطار,,,,,,,CANDIDATE,,L2_017 haiku b13,
AR05846,مُعَالِج الْعَمُود,تركيب,255,4568,كلمة تدل على معنى في هذا الإطار,,,,,,,CANDIDATE,,L2_017 haiku b13,
AR05847,طَبِيب الْجِلْد,تركيب,255,4569,كلمة تدل على معنى في هذا الإطار,,,,,,,CANDIDATE,,L2_017 haiku b13,
AR05848,طَبِيب الْغُدَد,تركيب,255,4570,كلمة تدل على معنى في هذا الإطار,,,,,,,CANDIDATE,,L2_017 haiku b13,
AR05849,طَبِيب الْجِهَاز الْهَضْمِي,تركيب,255,4571,كلمة تدل على معنى في هذا الإطار,,,,,,,CANDIDATE,,L2_017 haiku b13,
AR05850,طَبِيب الشَّيْخُوخَة,تركيب,255,4572,كلمة تدل على معنى في هذا الإطار,,,,,,,CANDIDATE,,L2_017 haiku b13,
AR05851,مُعَالِج بِالْمِثْلِيَّة,تركيب,255,4573,كلمة تدل على معنى في هذا الإطار,,,,,,,CANDIDATE,,L2_017 haiku b13,
AR05852,طَبِيب الْمَنَاعَة,تركيب,255,4574,كلمة تدل على معنى في هذا الإطار,,,,,,,CANDIDATE,,L2_017 haiku b13,
AR05853,طَبِيب أَطْفَال الْوِلَادَة,تركيب,255,4575,كلمة تدل على معنى في هذا الإطار,,,,,,,CANDIDATE,,L2_017 haiku b13,
AR05854,طَبِيب الْكُلَى,تركيب,255,4576,كلمة تدل على معنى في هذا الإطار,,,,,,,CANDIDATE,,L2_017 haiku b13,
AR05855,طَبِيب الأَعْصَاب,تركيب,255,4577,كلمة تدل على معنى في هذا الإطار,,,,,,,CANDIDATE,,L2_017 haiku b13,
AR05856,طَبِيب التَّوْلِيد,تركيب,255,4578,كلمة تدل على معنى في هذا الإطار,,,,,,,CANDIDATE,,L2_017 haiku b13,
AR05857,طَبِيب النِّسَائِيَّة,تركيب,255,4579,كلمة تدل على معنى في هذا الإطار,,,,,,,CANDIDATE,,L2_017 haiku b13,
AR05858,طَبِيب الأَوْرَام,تركيب,255,4580,كلمة تدل على معنى في هذا الإطار,,,,,,,CANDIDATE,,L2_017 haiku b13,
AR05859,طَبِيب الْعِظَام,تركيب,255,4581,كلمة تدل على معنى في هذا الإطار,,,,,,,CANDIDATE,,L2_017 haiku b13,
AR05860,طَبِيب الأَطْفَال,تركيب,255,4582,كلمة تدل على معنى في هذا الإطار,,,,,,,CANDIDATE,,L2_017 haiku b13,
AR05861,طَبِيب الشَّرْج,تركيب,255,4583,كلمة تدل على معنى في هذا الإطار,,,,,,,CANDIDATE,,L2_017 haiku b13,
AR05862,طَبِيب نَفْسِي,تركيب,255,4584,كلمة تدل على معنى في هذا الإطار,,,,,,,CANDIDATE,,L2_017 haiku b13,
AR05863,مُحَلِّل نَفْسِي,تركيب,255,4585,كلمة تدل على معنى في هذا الإطار,,,,,,,CANDIDATE,,L2_017 haiku b13,
AR05864,طَبِيب الأَشْعَات,تركيب,255,4586,كلمة تدل على معنى في هذا الإطار,,,,,,,CANDIDATE,,L2_017 haiku b13,
AR05865,طَبِيب الرُّومَاتِيزْم,تركيب,255,4587,كلمة تدل على معنى في هذا الإطار,,,,,,,CANDIDATE,,L2_017 haiku b13,
AR05866,طَبِيب الْعَائِلَة,تركيب,255,4589,كلمة تدل على معنى في هذا الإطار,,,,,,,CANDIDATE,,L2_017 haiku b13,
AR05867,مُعَالِج,اسم فاعل,255,4626,كلمة تدل على معنى في هذا الإطار,علج,مُفَاعِلٌ,,,,,CANDIDATE,,L2_017 haiku b13,
AR05868,طَبِيب الْعُيُون,تركيب,255,4641,كلمة تدل على معنى في هذا الإطار,,,,,,,CANDIDATE,,L2_017 haiku b13,
AR05869,طَبِيب أَوْرَام الأَشْعَات,تركيب,255,4668,كلمة تدل على معنى في هذا الإطار,,,,,,,CANDIDATE,,L2_017 haiku b13,
AR05870,قَابِلَة,اسم فاعل,255,5206,كلمة تدل على معنى في هذا الإطار,قبل,فَاعِلَةٌ,,,,,CANDIDATE,,L2_017 haiku b13,
AR05871,عَالِم نَفْس,تركيب,255,5207,كلمة تدل على معنى في هذا الإطار,,,,,,,CANDIDATE,,L2_017 haiku b13,
AR05872,مُعَالِج نَفْسِي,تركيب,255,5208,كلمة تدل على معنى في هذا الإطار,,,,,,,CANDIDATE,,L2_017 haiku b13,
AR05873,سَاحِر,صفة مشبهة,255,5209,كلمة تدل على معنى في هذا الإطار,سحر,فَاعِلٌ,,,,,CANDIDATE,,L2_017 haiku b13,
AR05874,طَبِيب الْمَسَالِك الْبَوْلِيَّة,تركيب,255,7717,كلمة تدل على معنى في هذا الإطار,,,,,,,CANDIDATE,,L2_017 haiku b13,
AR05875,مُعَالِج النُّطْق,تركيب,255,9851,كلمة تدل على معنى في هذا الإطار,,,,,,,CANDIDATE,,L2_017 haiku b13,
AR05876,مُمَرِّضَة,اسم فاعل,255,13342,كلمة تدل على معنى في هذا الإطار,مرض,مُفَعِّلَةٌ,,,,,CANDIDATE,,L2_017 haiku b13,
AR05877,أَمْرَاض الْقَلْب,تركيب,256,4590,كلمة تدل على معنى في هذا الإطار,,,,,,,CANDIDATE,,L2_017 haiku b13,
AR05878,طِب الأَسْنَان,تركيب,256,4591,كلمة تدل على معنى في هذا الإطار,,,,,,,CANDIDATE,,L2_017 haiku b13,
AR05879,أَمْرَاض الْجِلْد,تركيب,256,4592,كلمة تدل على معنى في هذا الإطار,,,,,,,CANDIDATE,,L2_017 haiku b13,
AR05880,أَمْرَاض الْغُدَد,تركيب,256,4593,كلمة تدل على معنى في هذا الإطار,,,,,,,CANDIDATE,,L2_017 haiku b13,
AR05881,عِلْم الأَوْبِئَة,تركيب,256,4594,كلمة تدل على معنى في هذا الإطار,,,,,,,CANDIDATE,,L2_017 haiku b13,
AR05882,أَمْرَاض الْجِهَاز الْهَضْمِي,تركيب,256,4595,كلمة تدل على معنى في هذا الإطار,,,,,,,CANDIDATE,,L2_017 haiku b13,
AR05883,أَمْرَاض النِّسَائِيَّة,تركيب,256,4596,كلمة تدل على معنى في هذا الإطار,,,,,,,CANDIDATE,,L2_017 haiku b13,
AR05884,أَمْرَاض الدَّم,تركيب,256,4597,كلمة تدل على معنى في هذا الإطار,,,,,,,CANDIDATE,,L2_017 haiku b13,
AR05885,تَقْوِيم الْعَمُود الْفِقْرِي,تركيب,256,4598,كلمة تدل على معنى في هذا الإطار,,,,,,,CANDIDATE,,L2_017 haiku b13,
AR05886,عِلْم الأَنْسِجَة,تركيب,256,4599,كلمة تدل على معنى في هذا الإطار,,,,,,,CANDIDATE,,L2_017 haiku b13,
AR05887,مِثْلِيَّة,مصدر,256,4600,كلمة تدل على معنى في هذا الإطار,ثلي,,,,,,CANDIDATE,,L2_017 haiku b13,AL_STRIPPED;WAZN_MISSING
AR05888,الطِّب التَّقْلِيدِي,تركيب,256,4601,كلمة تدل على معنى في هذا الإطار,,,,,,,CANDIDATE,,L2_017 haiku b13,
AR05889,تَوْلِيد,مصدر,256,4602;4613,كلمة تدل على معنى في هذا الإطار,ولد,فِعَالَةٌ,,,,,CANDIDATE,,L2_017 haiku b13,AL_STRIPPED
AR05890,الْعِلَاج النَّفْسِي,تركيب,256,4603,كلمة تدل على معنى في هذا الإطار,,,,,,,CANDIDATE,,L2_017 haiku b13,
AR05891,التَّحْلِيل النَّفْسِي,تركيب,256,4604,كلمة تدل على معنى في هذا الإطار,,,,,,,CANDIDATE,,L2_017 haiku b13,
AR05892,عِلْم الْمَنَاعَة,تركيب,256,4605,كلمة تدل على معنى في هذا الإطار,,,,,,,CANDIDATE,,L2_017 haiku b13,
AR05893,طِب أَطْفَال الْوِلَادَة,تركيب,256,4610,كلمة تدل على معنى في هذا الإطار,,,,,,,CANDIDATE,,L2_017 haiku b13,
AR05894,أَمْرَاض الْكُلَى,تركيب,256,4611,كلمة تدل على معنى في هذا الإطار,,,,,,,CANDIDATE,,L2_017 haiku b13,
AR05895,أَمْرَاض الأَعْصَاب,تركيب,256,4612,كلمة تدل على معنى في هذا الإطار,,,,,,,CANDIDATE,,L2_017 haiku b13,
AR05896,أَمْرَاض الأَوْرَام,تركيب,256,4614,كلمة تدل على معنى في هذا الإطار,,,,,,,CANDIDATE,,L2_017 haiku b13,
AR05897,أَمْرَاض الْعِظَام,تركيب,256,4615,كلمة تدل على معنى في هذا الإطار,,,,,,,CANDIDATE,,L2_017 haiku b13,
AR05898,طِب الأَطْفَال,تركيب,256,4616,كلمة تدل على معنى في هذا الإطار,,,,,,,CANDIDATE,,L2_017 haiku b13,
AR05899,أَمْرَاض الْقَدَم,تركيب,256,4617,كلمة تدل على معنى في هذا الإطار,,,,,,,CANDIDATE,,L2_017 haiku b13,
AR05900,عِلْم الأَشْعَات,تركيب,256,4618,كلمة تدل على معنى في هذا الإطار,,,,,,,CANDIDATE,,L2_017 haiku b13,
AR05901,أَمْرَاض الرُّومَاتِيزْم,تركيب,256,4619,كلمة تدل على معنى في هذا الإطار,,,,,,,CANDIDATE,,L2_017 haiku b13,
AR05902,طِب,مصدر,256,4622,كلمة تدل على معنى في هذا الإطار,طبب,فِعْلٌ,,,,,CANDIDATE,,L2_017 haiku b13,WAZN_LEMMA_MISMATCH
AR05903,عِلَاج,مصدر,256,4629,كلمة تدل على معنى في هذا الإطار,علج,فِعَالٌ,,,,,CANDIDATE,,L2_017 haiku b13,
AR05904,عِلَاج النُّطْق,تركيب,256,4632,كلمة تدل على معنى في هذا الإطار,,,,,,,CANDIDATE,,L2_017 haiku b13,
AR05905,سَمَّاعَة طَبِيب,تركيب,257,4637,كلمة تدل على معنى في هذا الإطار,,,,,,,CANDIDATE,,L2_017 haiku b13,
AR05906,مِنْظَار الشُّعَب,تركيب,257,4638,كلمة تدل على معنى في هذا الإطار,,,,,,,CANDIDATE,,L2_017 haiku b13,
AR05907,مِنْظَار الْقُولُون,تركيب,257,4639,كلمة تدل على معنى في هذا الإطار,,,,,,,CANDIDATE,,L2_017 haiku b13,
AR05908,مِنْظَار,اسم جامد,257,4640;4674,كلمة تدل على معنى في هذا الإطار,نظر,,,,,,CANDIDATE,,L2_017 haiku b13,WAZN_MISSING
AR05909,أُنْبُوب طِبِّي,تركيب,257,4659,كلمة تدل على معنى في هذا الإطار,,,,,,,CANDIDATE,,L2_017 haiku b13,
AR05910,مِلْقَط,اسم جامد,257,4661,كلمة تدل على معنى في هذا الإطار,لقط,,,,,,CANDIDATE,,L2_017 haiku b13,WAZN_MISSING
AR05911,مِنْظَار الْمَرَارَة,تركيب,257,4662,كلمة تدل على معنى في هذا الإطار,,,,,,,CANDIDATE,,L2_017 haiku b13,
AR05912,جِهَاز الْفُلُورُو,تركيب,257,4665,كلمة تدل على معنى في هذا الإطار,,,,,,,CANDIDATE,,L2_017 haiku b13,
AR05913,مِنْظَار الْمَعِدَة,تركيب,257,4666,كلمة تدل على معنى في هذا الإطار,,,,,,,CANDIDATE,,L2_017 haiku b13,
AR05914,مِنْظَار الْبَطْن,تركيب,257,4667,كلمة تدل على معنى في هذا الإطار,,,,,,,CANDIDATE,,L2_017 haiku b13,
AR05915,مِنْظَار الْعَيْن,تركيب,257,4669,كلمة تدل على معنى في هذا الإطار,,,,,,,CANDIDATE,,L2_017 haiku b13,
AR05916,رَاسِم ذَبْذَبَات,تركيب,257,4670,كلمة تدل على معنى في هذا الإطار,,,,,,,CANDIDATE,,L2_017 haiku b13,
AR05917,مِنْظَار السِّينِي,تركيب,257,4671,كلمة تدل على معنى في هذا الإطار,,,,,,,CANDIDATE,,L2_017 haiku b13,
AR05918,إِبْرَة,اسم جامد,257,4672,كلمة تدل على معنى في هذا الإطار,برر,,,,,,CANDIDATE,,L2_017 haiku b13,WAZN_MISSING
AR05919,مِشْرَط,اسم جامد,257,4673,كلمة تدل على معنى في هذا الإطار,شرط,,,,,,CANDIDATE,,L2_017 haiku b13,WAZN_MISSING
AR05920,حُقْنَة,اسم جامد,257,4675,كلمة تدل على معنى في هذا الإطار,حقن,,,,,,CANDIDATE,,L2_017 haiku b13,WAZN_MISSING
AR05921,مِنْظَار الأُذُن,تركيب,257,4680,كلمة تدل على معنى في هذا الإطار,,,,,,,CANDIDATE,,L2_017 haiku b13,
AR05922,جِهَاز قِيَاس ضَغْط الدَّم,تركيب,257,9850,كلمة تدل على معنى في هذا الإطار,,,,,,,CANDIDATE,,L2_017 haiku b13,
AR05923,مَع,حرف,258,4685;4704,كلمة تدل على معنى في هذا الإطار,,,,,,,CANDIDATE,,L2_017 haiku b13,
AR05924,وَحْدَه,ظرف,258,17130;17131,كلمة تدل على معنى في هذا الإطار,وحد,,,,,,CANDIDATE,,L2_017 haiku b13,WAZN_MISSING
AR05925,مَعًا,ظرف,258,17132;17133,كلمة تدل على معنى في هذا الإطار,عود,,,,,,CANDIDATE,,L2_017 haiku b13,WAZN_MISSING
AR05926,جَمَّعَ,فعل,259,4731;4740;4750,كلمة تدل على معنى في هذا الإطار,جمع,فَعَّلَ,,,,,CANDIDATE,,L2_017 haiku b13,
AR05927,لَصَقَ,فعل,259,4737,كلمة تدل على معنى في هذا الإطار,لصق,فَعَلَ,,,,,CANDIDATE,,L2_017 haiku b13,
AR05928,بَنَى,فعل,259,4738;4741,كلمة تدل على معنى في هذا الإطار,بني,فَعَلَ,,,,,CANDIDATE,,L2_017 haiku b13,
AR05929,لَحَمَ,فعل,259,4739,كلمة تدل على معنى في هذا الإطار,لحم,فَعَلَ,,,,,CANDIDATE,,L2_017 haiku b13,
AR05930,تَجْمِيع,مصدر,259,4745,كلمة تدل على معنى في هذا الإطار,جمع,تَفْعِيلٌ,,,,,CANDIDATE,,L2_017 haiku b13,
AR05931,بِنَاء,مصدر,259,4746,كلمة تدل على معنى في هذا الإطار,بني,فِعَالٌ,,,,,CANDIDATE,,L2_017 haiku b13,
AR05932,صَنَعَ,فعل,259,4748,كلمة تدل على معنى في هذا الإطار,صنع,فَعَلَ,,,,,CANDIDATE,,L2_017 haiku b13,
AR05933,ألَّفَ,فعل,259,4749,كلمة تدل على معنى في هذا الإطار,ءلف,فَعَّلَ,,,,,CANDIDATE,,L2_017 haiku b13,ROOT_NORMALIZED
AR05934,أَقَامَ,فعل,259,11990,كلمة تدل على معنى في هذا الإطار,قوم,أَفْعَلَ,,,,,CANDIDATE,,L2_017 haiku b13,
AR05935,رَفَعَ,فعل,259,11991,كلمة تدل على معنى في هذا الإطار,رفع,فَعَلَ,,,,,CANDIDATE,,L2_017 haiku b13,
AR05936,صَاغَ,فعل,259,11992,كلمة تدل على معنى في هذا الإطار,صوغ,فَعَلَ,,,,,CANDIDATE,,L2_017 haiku b13,
AR05937,جَمَعَ,فعل,260,4732;4751;12424,اجتمع الأشياء في مكان واحد,جمع,فَعَلَ,,,,,CANDIDATE,,L2_017 haiku b14,
AR05938,ضَمَّ,فعل,260,4752,أحضر الأفراد أو الأشياء معاً,ضمم,فَعَّلَ,,,,,CANDIDATE,,L2_017 haiku b14,WAZN_LEMMA_MISMATCH
AR05939,دَعَا,فعل,260,4755,استدعى الناس للاجتماع لغرض معين,دعو,فَعَلَ,,,,,CANDIDATE,,L2_017 haiku b14,
AR05940,يَوْمُ الهِدْنَةِ,تركيب,261,4763,الذكرى السنوية للهدنة في الحادي عشر من نوفمبر,,,,,,,CANDIDATE,,L2_017 haiku b14,
AR05941,لَحِسَ,فعل,263,4780,لعق الحيوان السائل بلسانه,لحس,فَعِلَ,,,,,CANDIDATE,,L2_017 haiku b14,
AR05942,رَشَفَ,فعل,263,4781;4786,شرب الشراب مع صوت مسموع,رشف,فَعَلَ,,,,,CANDIDATE,,L2_017 haiku b14,
AR05943,جَرَعَ,فعل,263,4782,شرب الخمر أو السائل دفعة واحدة,جرع,فَعَلَ,,,,,CANDIDATE,,L2_017 haiku b14,
AR05944,ابْتَلَعَ,فعل,263,4783;4784;4803;4829;7724,أكل أو شرب بنهم وجشع,بلع,اِفْتَعَلَ,,,,,CANDIDATE,,L2_017 haiku b14,
AR05945,شَرِبَ,فعل,263,4785;4808;7722,استهلاك الشراب,شرب,فَعِلَ,,,,,CANDIDATE,,L2_017 haiku b14,
AR05946,تَعَشّىَ,فعل,263,4787,تناول العشاء,عشو,تَفَعَّلَ,,,,,CANDIDATE,,L2_017 haiku b14,
AR05947,مَضَغَ,فعل,263,4788,أكل الطعام مضغاً مستمراً,مضغ,فَعَلَ,,,,,CANDIDATE,,L2_017 haiku b14,
AR05948,تَنَاوَلَ,فعل,263,4790;5171,أكل وجبة خفيفة,نول,تَفَاعَلَ,,,,,CANDIDATE,,L2_017 haiku b14,
AR05949,أَقَامَ وَلِيمَة,تركيب,263,4791,أكل وشرب بإسراف فخم,,,,,,,CANDIDATE,,L2_017 haiku b14,
AR05950,أَكَلَ,فعل,263,4792;4807,تناول الطعام,ءكل,أَفْعَلَ,,,,,CANDIDATE,,L2_017 haiku b14,ROOT_NORMALIZED
AR05951,تَنَاوَلَ وَجْبَة خَفِيفَة,تركيب,263,4793,أكل وجبة خفيفة بين الوجبات الرئيسية,,,,,,,CANDIDATE,,L2_017 haiku b14,
AR05952,تَنَاوَلَ الفِطُور,تركيب,263,4794,أكل أول وجبة في اليوم,,,,,,,CANDIDATE,,L2_017 haiku b14,
AR05953,تَنَاوَلَ الغَدَاء,تركيب,263,4795,أكل وجبة الظهيرة,,,,,,,CANDIDATE,,L2_017 haiku b14,
AR05954,تَنَاوَلَ العَشَاء,تركيب,263,4796,أكل وجبة المساء,,,,,,,CANDIDATE,,L2_017 haiku b14,
AR05955,احْتَسَى,فعل,263,4804,أمسك بالكأس وشرب منها تدريجياً,حسو,اِفْتَعَلَ,,,,,CANDIDATE,,L2_017 haiku b14,
AR05956,قَضَمَ,فعل,263,4806,أكل بعض الشيء بكميات صغيرة,قضم,فَعَلَ,,,,,CANDIDATE,,L2_017 haiku b14,
AR05957,نَعَسَ,فعل,264,4814;4815;4817,نام الإنسان نوماً خفيفاً قصيراً,نعس,فَعَلَ,,,,,CANDIDATE,,L2_017 haiku b14,
AR05958,غَفَا,فعل,264,4816,نام قيلولة قصيرة خفيفة,غفو,فَعَلَ,,,,,CANDIDATE,,L2_017 haiku b14,
AR05959,نَامَ,فعل,264,4818;4825;4827,استرخى في نوم عميق,نوم,فَعَلَ,,,,,CANDIDATE,,L2_017 haiku b14,
AR05960,سَبَاتَ,فعل,264,4819,قضت الحيوانات فصل الشتاء في حالة سكون,سبت,فَاعَلَ,,,,,CANDIDATE,,L2_017 haiku b14,
AR05961,قَطَّعَ,فعل,265,4820;4821;4823,قسّم الشيء إلى أجزاء رقيقة عريضة,قطع,فَعَّلَ,,,,,CANDIDATE,,L2_017 haiku b14,
AR05962,فَرَّمَ,فعل,265,4822;4824,قطّع اللحم إلى قطع صغيرة جداً,فرم,فَعَّلَ,,,,,CANDIDATE,,L2_017 haiku b14,
AR05963,سَبَعَ,فعل,264,4826,بقي في حالة بين النوم واليقظة,سبع,فَعَلَ,,,,,CANDIDATE,,L2_017 haiku b14,
AR05964,نَزَعَ الشَّوْكَ,تركيب,265,4828,قطّع السمك أو اللحم إلى أجزاء خالية من العظم,,,,,,,CANDIDATE,,L2_017 haiku b14,
AR05965,الْتَهَمَ,فعل,263,4830,أكل الفريسة بجشع وسرعة,لهم,اِفْتَعَلَ,,,,,CANDIDATE,,L2_017 haiku b14,
AR05966,اسْتَهْلَكَ,فعل,263,4831,أكل أو شرب أو امتص شيئاً,هلك,اِسْتَفْعَلَ,,,,,CANDIDATE,,L2_017 haiku b14,
AR05967,تَفَرَّقَ,فعل,267,4837;4840,ذهب أو توزّع في اتجاهات مختلفة,فرق,تَفَعَّلَ,,,,,CANDIDATE,,L2_017 haiku b14,
AR05968,تَفَكَّكَ,فعل,267,4839,انحلّ الشيء الصلب في السائل,فكك,تَفَعَّلَ,,,,,CANDIDATE,,L2_017 haiku b14,
AR05969,تَفَكُّكٌ,مصدر,267,4841,عملية الانحلال أو الاختفاء,فكك,تَفَعُّلٌ,,,,,CANDIDATE,,L2_017 haiku b14,
AR05970,تَشَتُّتٌ,مصدر,267,4842;4843,توزيع في اتجاهات مختلفة,شتت,تَفَعُّلٌ,,,,,CANDIDATE,,L2_017 haiku b14,
AR05971,وَزَّعَ,فعل,267,4844,أعطى أو قسّم بين عدة متلقين,وزع,فَعَّلَ,,,,,CANDIDATE,,L2_017 haiku b14,
AR05972,توزيع,مصدر,267,4845,فعل تقسيم بين متعددين,وزع,تَفْعِيلٌ,,,,,CANDIDATE,,L2_017 haiku b14,UNVOCALIZED
AR05973,نَشَرَ,فعل,267,4846;11707,وسّع المساحة أو أعداداً على سطح,نشر,فَعَلَ,,,,,CANDIDATE,,L2_017 haiku b14,
AR05974,مُتَخَبِّطٌ,اسم فاعل,266,4847;4860;4866,شخص يرتكب أخطاء حمقاء متكررة,خبط,مُتَفَعِّلٌ,,,,,CANDIDATE,,L2_017 haiku b14,
AR05975,فَضِيحَةٌ,اسم جامد,266,4848,فشل مخزٍ ومُضحك,فضح,فَعِيلَةٌ,,,,,CANDIDATE,,L2_017 haiku b14,
AR05976,فَشِلَ تَمَاماً,تركيب,266,4849,أفسد الفرصة تماماً,,,,,,,CANDIDATE,,L2_017 haiku b14,
AR05977,تَخَبَّطَ,فعل,266,4850;4862;12003,أدّى المهمة بطريقة غير ماهرة,خبط,تَفَعَّلَ,,,,,CANDIDATE,,L2_017 haiku b14,
AR05978,أَفْسَدَ,فعل,266,4851;11999;12001,أدّى المهمة بإهمال وسوء,فسد,أَفْعَلَ,,,,,CANDIDATE,,L2_017 haiku b14,
AR05979,خَرَّبَ,فعل,266,4853;4856;11993;12002,فسد الشيء بشكل لا يمكن إصلاحه,خرب,فَعَّلَ,,,,,CANDIDATE,,L2_017 haiku b14,
AR05980,فَسَدَ,فعل,266,4855;4857;4864;11995,أساء التعامل مع الموقف,فسد,فَعَلَ,,,,,CANDIDATE,,L2_017 haiku b14,
AR05981,فَوْضَىٌ,اسم جامد,266,4858,حالة من الخبط والفساد,فوض,فَعْلَةٌ,,,,,CANDIDATE,,L2_017 haiku b14,
AR05982,تَخَبُّطٌ,مصدر,266,4859;4863,خطأ صغير,خبط,تَفَعُّلٌ,,,,,CANDIDATE,,L2_017 haiku b14,
AR05983,غَبِيٌّ,صفة,266,4861;4867,شخص يرتكب أخطاء بشكل متكرر,غبي,فَعِيلٌ,,,,,CANDIDATE,,L2_017 haiku b14,POS_NOT_CLOSED
AR05984,فَسَدَ تَمَاماً,تركيب,266,4865,أدار الموقف بسوء تام,,,,,,,CANDIDATE,,L2_017 haiku b14,
AR05985,رَشْفَة,اسم جامد,263,4869;4871;4874,كمية صغيرة من السائل تُشرب دفعة واحدة,رشف,فَعْلَةٌ,,,,,CANDIDATE,,L2_017 haiku b14,
AR05986,جُرْعَة,اسم جامد,263,4870,كمية كبيرة من السائل تُبلع دفعة واحدة,جرع,فُعْلَةٌ,,,,,CANDIDATE,,L2_017 haiku b14,
AR05987,غَرِقَ,فعل,266,4879,سقط أو انهار تماماً,غرق,فَعِلَ,,,,,CANDIDATE,,L2_017 haiku b14,
AR05988,قَشَّرَ,فعل,265,4889,أزال الطبقة الخارجية بالقطع,قشر,فَعَّلَ,,,,,CANDIDATE,,L2_017 haiku b14,
AR05989,حَضَّرَ,فعل,268,4890;4894,صنع طبقاً بمزج مكونات مختلفة,حضر,فَعَّلَ,,,,,CANDIDATE,,L2_017 haiku b14,
AR05990,طَهَا,فعل,268,4891;4893,صنع وجبة طعام,طهي,فَعَلَ,,,,,CANDIDATE,,L2_017 haiku b14,
AR05991,حَضَّرَ بسرعة,تركيب,268,4892,أعدّ أو صنع الطعام بسرعة,,,,,,,CANDIDATE,,L2_017 haiku b14,
AR05992,صَنَعَ,فعل,268,4895,أنتج وجبة أو جزءاً من وجبة,صنع,فَعَلَ,,,,,CANDIDATE,,L2_017 haiku b14,
AR05993,خَبَزَ,فعل,268,4896,طهي الطعام بالحرارة الجافة في الفرن,خبز,فَعَلَ,,,,,CANDIDATE,,L2_017 haiku b14,
AR05994,جَمَعَ,فعل,268,4897,صنع طعاماً بمزج مكونات,جمع,فَعَلَ,,,,,CANDIDATE,,L2_017 haiku b14,
AR05995,شَمَّ,فعل,269,4898;4907,اكتشف شيئاً بالبحث الخفي,شمم,فَعَّلَ,,,,,CANDIDATE,,L2_017 haiku b14,WAZN_LEMMA_MISMATCH
AR05996,اسْتَمَعَ,فعل,269,4899,بذل جهداً للسماع,سمع,اِسْتَفْعَلَ,,,,,CANDIDATE,,L2_017 haiku b14,WAZN_LEMMA_MISMATCH
AR05997,رَاقَبَ,فعل,269,4900,ظلّ منتبهاً للبحث عن شيء,رقب,فَاعَلَ,,,,,CANDIDATE,,L2_017 haiku b14,
AR05998,تَحَسَّسَ,فعل,269,4902;4903,بحث عمياء بأحرج اليدين,حسس,تَفَعَّلَ,,,,,CANDIDATE,,L2_017 haiku b14,
AR05999,لَمَسَ,فعل,269,4904,ادرك أو افحص بواسطة اللمس,لمس,فَعَلَ,,,,,CANDIDATE,,L2_017 haiku b14,
AR06000,بَحَثَ,فعل,269,4905;4906,ابحث بحماس عن الغذاء,بحث,فَعَلَ,,,,,CANDIDATE,,L2_017 haiku b14,
AR06001,غَسَلَ الرَّمْل,تركيب,269,4912,اغسل الحصى في حوض لاستخلاص الذهب,,,,,,,CANDIDATE,,L2_017 haiku b14,
AR06002,فَتَّشَ,فعل,269,4913,استخدم يديك للبحث عن المحظورات,فتش,فَعَّلَ,,,,,CANDIDATE,,L2_017 haiku b14,
AR06003,طَلَبَ,فعل,269,4915,حاول أن يجد,طلب,فَعَلَ,,,,,CANDIDATE,,L2_017 haiku b14,
AR06004,جَسَّ,فعل,269,4917,افحص بالضغط باليد لأغراض طبية,جسس,فَعَّلَ,,,,,CANDIDATE,,L2_017 haiku b14,WAZN_LEMMA_MISMATCH
AR06005,تَبَوَّلَ,فعل,270,4919;4947;4948;8086,افرز البول من الجسم,بول,تَفَعَّلَ,,,,,CANDIDATE,,L2_017 haiku b14,
AR06006,تَغَوَّطَ,فعل,270,4920;4921,افرز البراز من الجسم,غوط,تَفَعَّلَ,,,,,CANDIDATE,,L2_017 haiku b14,
AR06007,أَفْرَغَ,فعل,270,4922;9472,صرف أو ابعد شيئاً,فرغ,أَفْعَلَ,,,,,CANDIDATE,,L2_017 haiku b14,
AR06008,تَجَشَّأَ,فعل,270,4923;4924,أفرج غاز من المعدة,جشء,تَفَعَّلَ,,,,,CANDIDATE,,L2_017 haiku b14,ROOT_NORMALIZED
AR06009,أَطْلَقَ رِيحاً,تركيب,270,4925,افرز الغاز من الشرج,,,,,,,CANDIDATE,,L2_017 haiku b14,
AR06010,لَذِيذٌ,صفة,271,4927;4930;4935,طعم الطعام لطيف ومميز,لذذ,فَعِيلٌ,,,,,CANDIDATE,,L2_017 haiku b14,POS_NOT_CLOSED
AR06011,لَاذِعٌ,صفة,271,4929;4972,طعم حاد لاذع وشهي,لذع,فَاعِلٌ,,,,,CANDIDATE,,L2_017 haiku b14,POS_NOT_CLOSED
AR06012,غَنِيٌّ بالطَّعْم,تركيب,271,4932,يتمتع بطعم قوي ملموس,,,,,,,CANDIDATE,,L2_017 haiku b14,
AR06013,شَهِيٌّ,صفة,271,4933;4937,طعم الطعام لذيذ جداً,شهي,فَعِيلٌ,,,,,CANDIDATE,,L2_017 haiku b14,POS_NOT_CLOSED
AR06014,مُرْضٍ,اسم فاعل,271,4934,لطيف الطعم,رضي,مُفْعِلٌ,,,,,CANDIDATE,,L2_017 haiku b14,
AR06015,غَنِيٌّ,صفة,271,4936,كامل الطعم,غني,فَعِيلٌ,,,,,CANDIDATE,,L2_017 haiku b14,POS_NOT_CLOSED
AR06016,إلَهِيٌّ,صفة,271,4938,طعم فائق اللذاذة,ءله,فِعَالِيٌّ,,,,,CANDIDATE,,L2_017 haiku b14,POS_NOT_CLOSED;ROOT_NORMALIZED
AR06017,ذُو طَعْم,تركيب,271,4939,له طعم واضح مميز,,,,,,,CANDIDATE,,L2_017 haiku b14,
AR06018,مَالِحٌ,صفة,271,4940,ذو طعم الملح,ملح,فَاعِلٌ,,,,,CANDIDATE,,L2_017 haiku b14,POS_NOT_CLOSED
AR06019,حَامِضٌ,صفة,271,4941;4973,ذو طعم حمضي كالليمون,حمض,فَاعِلٌ,,,,,CANDIDATE,,L2_017 haiku b14,POS_NOT_CLOSED
AR06020,مُرٌّ,صفة,271,4942,ذو طعم حاد قاسٍ ليس حلو,مرر,فُعْلٌ,,,,,CANDIDATE,,L2_017 haiku b14,POS_NOT_CLOSED;WAZN_LEMMA_MISMATCH
AR06021,حَارٌّ,صفة,271,4943;4945,ذو طعم بهاري,حرر,فَاعِلٌ,,,,,CANDIDATE,,L2_017 haiku b14,POS_NOT_CLOSED;WAZN_LEMMA_MISMATCH
AR06022,حُلْوٌ,صفة,271,4944,ذو طعم السكر الحلو,حلي,فُعْلٌ,,,,,CANDIDATE,,L2_017 haiku b14,POS_NOT_CLOSED
AR06023,تَقَيَّأَ,فعل,270,4946;4949;5471;9913;13547,أفرج المواد من المعدة عبر الفم,قيء,تَفَعَّلَ,,,,,CANDIDATE,,L2_017 haiku b14,
AR06024,أَرْجَعَ,فعل,270,4950,أعاد الطعام المبلوع إلى الفم,رجع,أَفْعَلَ,,,,,CANDIDATE,,L2_017 haiku b14,
AR06025,مالح,صفة,271,4954,ذو طعم مملح أو بهاري,ملح,فَاعِلٌ,,,,,CANDIDATE,,L2_017 haiku b14,POS_NOT_CLOSED;UNVOCALIZED
AR06026,لَذِيذٌ جِدّاً,تركيب,271,4956,طعم الطعام لطيف جداً,,,,,,,CANDIDATE,,L2_017 haiku b14,
AR06027,بِلاَ طَعْم,تركيب,271,4974;6052,خالي من الطعم,,,,,,,CANDIDATE,,L2_017 haiku b14,
AR06028,فَاتِرٌ,صفة,271,4975;4976,طعم الطعام ضعيف أو بلا مذاق,فتر,فَاعِلٌ,,,,,CANDIDATE,,L2_017 haiku b14,POS_NOT_CLOSED
AR06029,غَيْرُ لَذِيذ,تركيب,271,4977,غير لطيف الطعم,,,,,,,CANDIDATE,,L2_017 haiku b14,
AR06030,رَائِحَةٌ,اسم جامد,271,4978;4979;4980;4982;4984;4985;4986;4987;4988,رائحة قوية جداً غير مريحة,روح,فَاعِلَةٌ,,,,,CANDIDATE,,L2_017 haiku b14,
AR06031,نَتَنَ,فعل,271,4981;4983;8920,رائحة الشيء كريهة,نتن,فَعَلَ,,,,,CANDIDATE,,L2_017 haiku b14,
AR06032,عَطِرٌ,صفة,271,4989;4991,ذو رائحة زكية,عطر,فَعِلٌ,,,,,CANDIDATE,,L2_017 haiku b14,POS_NOT_CLOSED
AR06033,عِيدُ الملَاكِمَة,تركيب,261,4994,عطلة عامة في أول يوم بعد عيد الميلاد,,,,,,,CANDIDATE,,L2_017 haiku b14,
AR06034,عِيدُ العُمَّال,تركيب,261,4995,عطلة عامة تكريماً للعمال في الأول من مايو,,,,,,,CANDIDATE,,L2_017 haiku b14,
AR06035,يَوْمُ كِذْبَة نِيسَان,تركيب,261,5147,يوم تقليدي للمزح والخدع في شهر نيسان,,,,,,,CANDIDATE,,L2_017 haiku b14,
AR06036,عِيدُ الميلاد المجيد,تركيب,261,5148,العطلة المسيحية السنوية في خمسة وعشرين ديسمبر,,,,,,,CANDIDATE,,L2_017 haiku b14,
AR06037,سَاقَ,فعل,260,5313,جمع القطيع أو المجموعة من الناس,سوق,فَعَلَ,,,,,CANDIDATE,,L2_017 haiku b14,
AR06038,نَوْمٌ,اسم جامد,264,5316;5322;5324;5325,الاستسلام للنوم,نوم,فَعْلٌ,,,,,CANDIDATE,,L2_017 haiku b14,
AR06039,غَفْوَة,اسم جامد,264,5317;5326,كمية صغيرة من النوم,غفو,فَعْلَةٌ,,,,,CANDIDATE,,L2_017 haiku b14,
AR06040,نُعَاسٌ,اسم جامد,264,5318,نوم قصير خفيف,نعس,فُعَالٌ,,,,,CANDIDATE,,L2_017 haiku b14,
AR06041,قَيْلُولَة,اسم جامد,264,5319;5323,نوم قصير أثناء النهار,قيل,فَيْعُولَةٌ,,,,,CANDIDATE,,L2_017 haiku b14,
AR06042,سُبَاتٌ,اسم جامد,264,5320;5321,حالة من النعاس والتثاؤب,سبت,فُعَالٌ,,,,,CANDIDATE,,L2_017 haiku b14,
AR06043,نَائِمٌ,اسم فاعل,264,5327;15504,في حالة النوم,نوم,فَاعِلٌ,,,,,CANDIDATE,,L2_017 haiku b14,
AR06044,فَاقِدٌ الوَعْيِ,تركيب,264,5381,غائب عن الوعي أو فاقد للإدراك,,,,,,,CANDIDATE,,L2_017 haiku b14,
AR06045,عَرِقَ,فعل,270,5452,أفرز العرق من الجسم,عرق,فَعِلَ,,,,,CANDIDATE,,L2_017 haiku b14,
AR06046,تَقَزَّزَ,فعل,270,5472,أصدر صوت القيء دون قيء فعلي,قزز,تَفَعَّلَ,,,,,CANDIDATE,,L2_017 haiku b14,
AR06047,لَيْلَةُ الفِصْح,تركيب,261,6686,عطلة يهودية ربيعية تذكر تحرير بني إسرائيل من العبودية,,,,,,,CANDIDATE,,L2_017 haiku b14,
AR06048,كَرِيهُ الرَّائِحَة,تركيب,271,6906,رائحة غير سارة جداً,,,,,,,CANDIDATE,,L2_017 haiku b14,
AR06049,شَرِبَ بنهم,تركيب,263,7723,شرب السائل بحماس وسرور,,,,,,,CANDIDATE,,L2_017 haiku b14,
AR06050,بَثَّ,فعل,267,9970,نثر بشكل غير منظم على سطح,بثث,فَعَّلَ,,,,,CANDIDATE,,L2_017 haiku b14,WAZN_LEMMA_MISMATCH
AR06051,رَشَّ,فعل,267,9971,ألقى قطرات أو جزيئات على سطح,رشش,فَعَّلَ,,,,,CANDIDATE,,L2_017 haiku b14,WAZN_LEMMA_MISMATCH
AR06052,تَعَرَّقَ,فعل,270,10153,افرز العرق,عرق,تَفَعَّلَ,,,,,CANDIDATE,,L2_017 haiku b14,
AR06053,عَرَقٌ,اسم جامد,270,10359;10360,السائل المفرز من الجسم,عرق,فَعَلٌ,,,,,CANDIDATE,,L2_017 haiku b14,
AR06054,مُدَّةُ النَّوْم,تركيب,264,11053,كمية الوقت المستغرق في النوم,,,,,,,CANDIDATE,,L2_017 haiku b14,
AR06055,خَرَّبَ تَمَاماً,تركيب,266,11994,تسبب بوضع سيء جداً بالخطأ,,,,,,,CANDIDATE,,L2_017 haiku b14,
AR06056,فَشِلَ,فعل,266,11996;11998;12000,فشل تماماً في تحقيق الهدف,فشل,فَعِلَ,,,,,CANDIDATE,,L2_017 haiku b14,
AR06057,لَخْبَطَ,فعل,266,11997,خبط في سلسلة من الإجراءات,لخبط,فَعَلَ,,,,,CANDIDATE,,L2_017 haiku b14,
AR06058,احْتَفَظَ,فعل,263,12709,استهلاك الطعام أو الشراب بكثرة,حفظ,,,,,,CANDIDATE,اِحْتَفَلَ,L2_017 haiku b14,WAZN_LEMMA_MISMATCH;WAZN_NOT_IN_INV
AR06059,شَرِبَ بسرعة,تركيب,263,12710,شرب السائل بسرعة لافتة,,,,,,,CANDIDATE,,L2_017 haiku b14,
AR06060,تَنَاوَلَ بنهم,تركيب,263,12711,أكل الطعام بشهية وحماس,,,,,,,CANDIDATE,,L2_017 haiku b14,
AR06061,قَطَعَ,فعل,265,12848,قسّم الشيء إلى أجزاء بسكين أو آلة حادة,قطع,فَعَلَ,,,,,CANDIDATE,,L2_017 haiku b14,
AR06062,رَاكَمَ,فعل,260,12852,تجميع شيء تدريجياً عبر الزمن,ركم,فَاعَلَ,,,,,CANDIDATE,,L2_017 haiku b14,
AR06063,نَحَتَ,فعل,265,13439,قطع المادة الصلبة بأداة حادة,نحت,فَعَلَ,,,,,CANDIDATE,,L2_017 haiku b14,
AR06064,عِيدُ المِيلاد,تركيب,261,14520,يوم السنة الموافق لتاريخ الولادة,,,,,,,CANDIDATE,,L2_017 haiku b14,
AR06065,فَاقِدُ الوَعْيِ,اسم فاعل,264,15505,غافل عن المحيط بسبب الضربة أو التسمم,فقد,فَاعِلٌ,,,,,CANDIDATE,,L2_017 haiku b14,WAZN_LEMMA_MISMATCH
AR06066,نَقَلَ,فعل,267,15567,أرسل شيئاً لآخر دون فقدان الملكية,نقل,فَعَلَ,,,,,CANDIDATE,,L2_017 haiku b14,
AR06067,طَاهٍ,اسم فاعل,268,16786,شخص طهى وجبة أو يطهي عموماً,طهي,فَاعِلٌ,,,,,CANDIDATE,,L2_017 haiku b14,
AR06068,مُطَارَدَةٌ,اسم جامد,269,17046,بحث من قبل السلطات عن مشبوه,طرد,مُفَاعَلَةٌ,,,,,CANDIDATE,,L2_017 haiku b14,
AR06069,حَاصَرَ,فعل,260,17108,جمع الناس المتفرقين في حيز ضيق,حصر,فَاعَلَ,,,,,CANDIDATE,,L2_017 haiku b14,
AR06070,حَفَرَ,فعل,269,17682,ابحث باللمس وحده في مساحة مغلقة,حفر,فَعَلَ,,,,,CANDIDATE,,L2_017 haiku b14,
AR06071,حَضْرٌ,مصدر,268,17898,عملية جعل الطعام جاهزاً للطهي,حضر,فَعْلٌ,,,,,CANDIDATE,,L2_017 haiku b14,
AR06072,خَبْزٌ,مصدر,268,17899,عملية طهي الطعام بالحرارة الجافة,خبز,فَعْلٌ,,,,,CANDIDATE,,L2_017 haiku b14,
AR06073,طَهْيٌ,مصدر,268,17900,عملية تحضير الطعام بالحرارة,طهي,فَعْلٌ,,,,,CANDIDATE,,L2_017 haiku b14,
AR06074,شَوَىٰ,فعل,268,17901,طهي الطعام بالحرارة المباشرة,شوي,فَعَلَ,,,,,CANDIDATE,,L2_017 haiku b14,
AR06075,شَوْيٌ,مصدر,268,17902,عملية الطهي بالحرارة المباشرة,شوي,فَعْلٌ,,,,,CANDIDATE,,L2_017 haiku b14,
AR06076,حَمَّصَ,فعل,268,17903,طهي الطعام بالحرارة الطويلة في الفرن,حمص,فَعَّلَ,,,,,CANDIDATE,,L2_017 haiku b14,
AR06077,حَمْصٌ,مصدر,268,17904,عملية الطهي بالحرارة الطويلة,حمص,فَعْلٌ,,,,,CANDIDATE,,L2_017 haiku b14,
AR06078,قَلَىٰ,فعل,268,17905,طهي الطعام في دهن ساخن,قلي,فَعَلَ,,,,,CANDIDATE,,L2_017 haiku b14,
AR06079,قَلْيٌ,مصدر,268,17907,عملية الطهي بالدهن الساخن,قلي,فَعْلٌ,,,,,CANDIDATE,,L2_017 haiku b14,
AR06080,أَعَدَّ,فعل,268,17923,صنع وجبة أو جزءاً من وجبة,ءعد,أَفْعَلَ,,,,,CANDIDATE,,L2_017 haiku b14,ROOT_NORMALIZED
AR06081,بِلْعُ,مصدر,263,17934,عملية إدخال الطعام أو الشراب في الجسم,بلع,,,,,,CANDIDATE,الفِعْل,L2_017 haiku b14,AL_STRIPPED;WAZN_LEMMA_MISMATCH;WAZN_NOT_IN_INV
AR06082,تَنَفَّسَ,فعل,272,4957;11969,إخراج وإدخال الهواء بانتظام من الرئتين,نفس,تَفَعَّلَ,,,,,CANDIDATE,,L2_017 haiku b15,
AR06083,شَهِقَ,فعل,272,4958;11966,سحب الهواء إلى الداخل بسرعة,شهق,فَعِلَ,,,,,CANDIDATE,,L2_017 haiku b15,
AR06084,نَفَس,اسم جامد,272,4959,الهواء المسحوب والمخرج من الرئتين,نفس,فَعَلٌ,,,,,CANDIDATE,,L2_017 haiku b15,
AR06085,زَفَرَ,فعل,272,4960;11964,إخراج الهواء من الرئتين,زفر,فَعَلَ,,,,,CANDIDATE,,L2_017 haiku b15,
AR06086,لَهَثَ,فعل,272,4961;4968;11968,التقاط النفس بسرعة من إرهاق أو فزع,لهث,فَعِلَ,,,,,CANDIDATE,,L2_017 haiku b15,
AR06087,تَنَهُّد,مصدر,272,4962,إخراج الهواء بعمق يعبر عن حزن أو تعب,نهد,تَفَعُّلٌ,,,,,CANDIDATE,,L2_017 haiku b15,
AR06088,زَفِير,اسم جامد,272,4963,الهواء المُخرَج من الرئتين,زفر,فَعِيلٌ,,,,,CANDIDATE,,L2_017 haiku b15,
AR06089,تَنَفُّس,مصدر,272,4964,عملية إخراج الهواء من الجسم,نفس,تَفَعُّلٌ,,,,,CANDIDATE,,L2_017 haiku b15,
AR06090,شَهِيق,اسم جامد,272,4965;4966,عملية سحب الهواء إلى الداخل,شهق,فَعِيلٌ,,,,,CANDIDATE,,L2_017 haiku b15,
AR06091,نَفَخَ,فعل,272,4967;11963;11967,إخراج الهواء بقوة من الفم,نفخ,فَعَلَ,,,,,CANDIDATE,,L2_017 haiku b15,
AR06092,تَنَهَّدَ,فعل,272,4992;11970,إصدار نَحْنَحة تعبر عن شعور,نهد,تَفَعَّلَ,,,,,CANDIDATE,,L2_017 haiku b15,
AR06093,تَجَنَّبَ,فعل,274,4993,البعد والامتناع عن شيء مكروه,جنب,تَفَعَّلَ,,,,,CANDIDATE,,L2_017 haiku b15,
AR06094,تَهَرَّبَ,فعل,274,4996;4998,الإفلات من شيء بمكر ودهاء,هرب,تَفَعَّلَ,,,,,CANDIDATE,,L2_017 haiku b15,
AR06095,تَفَادَى,فعل,274,4997,تجنب الشيء بمهارة ودهاء,فيد,تَفَاعَلَ,,,,,CANDIDATE,,L2_017 haiku b15,
AR06096,أَفْلَتَ,فعل,274,4999,النجاح في تجنب خطر,فلت,أَفْعَلَ,,,,,CANDIDATE,,L2_017 haiku b15,
AR06097,تَنَصَّلَ,فعل,274,5000,تجنب أو إهمال الواجب,نصل,تَفَعَّلَ,,,,,CANDIDATE,,L2_017 haiku b15,
AR06098,اِجْتَنَبَ,فعل,274,5001,الامتناع المستمر عن شيء,جنب,اِفْتَعَلَ,,,,,CANDIDATE,,L2_017 haiku b15,
AR06099,تَجَاوَزَ,فعل,274,5002;5003,تجنب التعامل مع الموضوع,جوز,تَفَاعَلَ,,,,,CANDIDATE,,L2_017 haiku b15,
AR06100,تَجَنُّب,مصدر,274,5004,فعل الامتناع والبعد عن شيء,جنب,تَفَعُّلٌ,,,,,CANDIDATE,,L2_017 haiku b15,
AR06101,تَفَادِي,مصدر,274,5006,عملية تجنب موقف ما,فيد,تَفَاعُلٌ,,,,,CANDIDATE,,L2_017 haiku b15,
AR06102,إفْلات,مصدر,274,5007,فعل الإفلات من شيء,فلت,,,,,,CANDIDATE,إفْعال,L2_017 haiku b15,WAZN_NOT_IN_INV
AR06103,هَرَبَ,فعل,273,5008,الخروج من الحبس أو القيد بسرعة,هرب,فَعَلَ,,,,,CANDIDATE,,L2_017 haiku b15,
AR06104,أَخْلَى,فعل,273,5009,مغادرة مكان خطير بسرعة,خلا,أَفْعَلَ,,,,,CANDIDATE,,L2_017 haiku b15,ROOT_ALIF
AR06105,تَمَكَّنَ,فعل,273,5010,النجاح في الخروج من الحبس,مكن,تَفَعَّلَ,,,,,CANDIDATE,,L2_017 haiku b15,
AR06106,اِنْطَلَقَ,فعل,273,5015,الهروب بقوة من المكان,طلق,اِفْتَعَلَ,,,,,CANDIDATE,,L2_017 haiku b15,WAZN_LEMMA_MISMATCH
AR06107,فَرَّ,فعل,273,5016;6619,الهروب من موقف طويل الأمد,فرر,فَعَّلَ,,,,,CANDIDATE,,L2_017 haiku b15,WAZN_LEMMA_MISMATCH
AR06108,تَهَرَّبَ,فعل,275,5017,الإفلات من شيء بمهارة ودهاء,هرب,تَفَعَّلَ,,,,,CANDIDATE,,L2_017 haiku b15,
AR06109,إفْلات,مصدر,275,5018,عملية الإفلات من القبض,فلت,,,,,,CANDIDATE,إفْعال,L2_017 haiku b15,WAZN_NOT_IN_INV
AR06110,هَرَب,صفة مشبهة,275,5019,موجه نحو الإفلات والهروب,هرب,فَاعِلٌ,,,,,CANDIDATE,,L2_017 haiku b15,
AR06111,أَفْلَتَ,فعل,275,5023;5336;9135,الإفلات أو الهروب بمهارة,فلت,أَفْعَلَ,,,,,CANDIDATE,,L2_017 haiku b15,
AR06112,اِمْتَنَعَ,فعل,274,5030;11922,الإقلاع والامتناع عن شيء,منع,اِفْتَعَلَ,,,,,CANDIDATE,,L2_017 haiku b15,
AR06113,بَعِيد,صفة مشبهة,275,5039,صعب التقاط أو إيجاد,بعد,فَعِيلٌ,,,,,CANDIDATE,,L2_017 haiku b15,
AR06114,دَوَّرَ,فعل,276,5042;5049,إدارة شيء بسرعة وخفة,دور,فَعَّلَ,,,,,CANDIDATE,,L2_017 haiku b15,
AR06115,دَارَ,فعل,276,5043;5048,إحداث دوران سريع حول محور,دور,فَاعَلَ,,,,,CANDIDATE,,L2_017 haiku b15,
AR06116,اِهْتَزَّ,فعل,276,5044,إحداث حركات صغيرة سريعة,هزز,,,,,,CANDIDATE,اِفْتَعَّلَ,L2_017 haiku b15,WAZN_LEMMA_MISMATCH;WAZN_NOT_IN_INV
AR06117,هَزَّ,فعل,276,5045;17515;18206,إحداث اهتزاز أو ارتجاج,هزز,فَعَّلَ,,,,,CANDIDATE,,L2_017 haiku b15,WAZN_LEMMA_MISMATCH
AR06118,تَمَايَلَ,فعل,276,5046;18207,حركة ذهاباً وإياباً أو جانباً,ميل,تَفَاعَلَ,,,,,CANDIDATE,,L2_017 haiku b15,
AR06119,تَبَدَّلَ,فعل,276,5047,تغير سريع ومتكرر بين حالتين,بدل,تَفَعَّلَ,,,,,CANDIDATE,,L2_017 haiku b15,
AR06120,كَتَبَ,فعل,278,5065;5067;5071;5210;5212;14897,التأليف والكتابة بالقلم,كتب,فَعَلَ,,,,,CANDIDATE,,L2_017 haiku b15,
AR06121,أَلَّفَ,فعل,278,5066;5068,كون النص أو المؤلفة الأدبية,ءلف,أَفْعَلَ,,,,,CANDIDATE,,L2_017 haiku b15,ROOT_NORMALIZED
AR06122,صَاغَ,فعل,278,5069,إعداد نسخة أولية من النص,صيغ,فَاعَلَ,,,,,CANDIDATE,,L2_017 haiku b15,
AR06123,دَوَّنَ,فعل,278,5070;5190;5256,الكتابة السريعة على ورقة,دون,فَعَّلَ,,,,,CANDIDATE,,L2_017 haiku b15,
AR06124,نَطَقَ,فعل,278,5072;5074,نطق الصيغة الشفهية,نطق,فَعَلَ,,,,,CANDIDATE,,L2_017 haiku b15,
AR06125,تَلاَ,فعل,278,5073,تلاوة أو إنشاء نص منطوق ذو معنى,تلا,فَعَلَ,,,,,CANDIDATE,,L2_017 haiku b15,ROOT_ALIF
AR06126,قَرَأَ,فعل,279,5134,النظر والفهم للمادة المكتوبة,قرا,فَعَلَ,,,,,CANDIDATE,,L2_017 haiku b15,ROOT_ALIF
AR06127,انْهَمَكَ,فعل,279,5135,الانشغال بالقراءة والدراسة,همك,اِنْفَعَلَ,,,,,CANDIDATE,,L2_017 haiku b15,
AR06128,تَصَفَّحَ,فعل,279,5136,النظر السريع لتحديد المعلومات,صفح,تَفَعَّلَ,,,,,CANDIDATE,,L2_017 haiku b15,
AR06129,طَالَعَ,فعل,279,5137;17472,القراءة السريعة لنقاط مهمة,طلع,فَاعَلَ,,,,,CANDIDATE,,L2_017 haiku b15,
AR06130,اِلْتَهَمَ,فعل,279,5146,القراءة السريعة والحريصة,لهم,اِفْتَعَلَ,,,,,CANDIDATE,,L2_017 haiku b15,
AR06131,وَلَدَتْ,فعل,281,5150;5153;5164;5165;5166;6921;11948,الإنجاب والإنجاز للمولود,ولد,فَعَلَ,,,,,CANDIDATE,,L2_017 haiku b15,
AR06132,وِلاَدَة,مصدر,281,5151;5188;5189,ظهور الطفل من جسم أمه,ولد,فِعَالَةٌ,,,,,CANDIDATE,,L2_017 haiku b15,
AR06133,وَلَدَ,فعل,281,5154;5155,كون الآب للطفل بالإنسال,ولد,فَعَلَ,,,,,CANDIDATE,,L2_017 haiku b15,
AR06134,سِيرَ,فعل,281,5156,كون الفحل أو الذكر للنسل,سير,فَعِلَ,,,,,CANDIDATE,,L2_017 haiku b15,
AR06135,وَلَّدَ,فعل,281,5157;11952,إنتاج الأجنة بأعداد كبيرة,ولد,فَعَّلَ,,,,,CANDIDATE,,L2_017 haiku b15,
AR06136,حَمَلَتْ,فعل,281,5160;5299,الحمل والإنجاب,حمل,فَعَلَ,,,,,CANDIDATE,,L2_017 haiku b15,WAZN_LEMMA_MISMATCH
AR06137,بَاضَتْ,فعل,281,5167,إنتاج البيضة من جسم الطائر,بيض,فَاعَلَ,,,,,CANDIDATE,,L2_017 haiku b15,
AR06138,أَشْعَلَ,فعل,283,5181;5182;5193;5195;17502;18411;18464;18465,إشعال شيء والإحداث للنار,شعل,أَفْعَلَ,,,,,CANDIDATE,,L2_017 haiku b15,
AR06139,تَجَمَّعَ,فعل,284,5196;5200;5203;5309,التحرك معاً بأعداد كبيرة,جمع,تَفَعَّلَ,,,,,CANDIDATE,,L2_017 haiku b15,
AR06140,اِنْدَفَعَ,فعل,284,5197,الحركة كمجموعة سائلة,دفع,اِنْفَعَلَ,,,,,CANDIDATE,,L2_017 haiku b15,
AR06141,تَزَاحَمَ,فعل,284,5198,التزاحم والتجمع بأعداد كبيرة,زحم,تَفَاعَلَ,,,,,CANDIDATE,,L2_017 haiku b15,
AR06142,انْسَابَ,فعل,284,5199;5202,حركة مستمرة لمجموعة,سيب,اِنْفَعَلَ,,,,,CANDIDATE,,L2_017 haiku b15,
AR06143,انْهَالَ,فعل,284,5201;5204;5358,الوصول والتدفق بأعداد ضخمة,هول,اِنْفَعَلَ,,,,,CANDIDATE,,L2_017 haiku b15,
AR06144,أَرْسَلَ,فعل,278,5211,إرسال رسالة إلى جهة معينة,رسل,أَفْعَلَ,,,,,CANDIDATE,,L2_017 haiku b15,
AR06145,طَبَعَ,فعل,278,5213;5214;5215;5216;5218;5219,الكتابة الواضحة بحروف منفصلة,طبع,فَعَلَ,,,,,CANDIDATE,,L2_017 haiku b15,
AR06146,أَدْخَلَ,فعل,278,5217,الإدخال بالطباعة,دخل,أَفْعَلَ,,,,,CANDIDATE,,L2_017 haiku b15,
AR06147,أَسْكَتَ,فعل,285,5242;5244;5245;5246;5247,جعل شخص يصمت,سكت,أَفْعَلَ,,,,,CANDIDATE,,L2_017 haiku b15,
AR06148,هَدَّأَ,فعل,285,5248;5249,جعل الكيان يصدر ضوضاء أقل,هدء,فَعَّلَ,,,,,CANDIDATE,,L2_017 haiku b15,ROOT_NORMALIZED
AR06149,تَواصَلَ,فعل,286,5257;5258,الاتصال والتواصل مع شخص,وصل,تَفَاعَلَ,,,,,CANDIDATE,,L2_017 haiku b15,
AR06150,اتِّصال,مصدر,286,5259,حالة التواصل والتحدث,وصل,اِفْتِعَالٌ,,,,,CANDIDATE,,L2_017 haiku b15,
AR06151,كَتَبَ,فعل,286,5260;5261,الاتصال برسالة بريدية,كتب,فَعَلَ,,,,,CANDIDATE,,L2_017 haiku b15,
AR06152,بَعَثَ,فعل,286,5262,الاتصال والإرسال بالبريد الإلكتروني,بعث,فَعَلَ,,,,,CANDIDATE,,L2_017 haiku b15,
AR06153,اتَّصَلَ,فعل,286,5264;5265;5267;5268;5269;5270;5272;11154,الاتصال بالهاتف,وصل,اِفْتَعَلَ,,,,,CANDIDATE,,L2_017 haiku b15,
AR06154,تَمَكَّنَ,فعل,286,5271;17431,بدء الاتصال مع شخص,مكن,تَفَعَّلَ,,,,,CANDIDATE,,L2_017 haiku b15,
AR06155,مُكالَمَة,مصدر,286,5273,تواصل هاتفي,كلم,مُفَاعَلَةٌ,,,,,CANDIDATE,,L2_017 haiku b15,
AR06156,كَذَبَ,فعل,287,5274,قول أكاذيب وأقوال زائفة,كذب,فَعَلَ,,,,,CANDIDATE,,L2_017 haiku b15,
AR06157,مَاوَرَ,فعل,287,5275,الكلام بطريقة غامضة التفافاً,ورا,فَاعَلَ,,,,,CANDIDATE,,L2_017 haiku b15,ROOT_ALIF
AR06158,كِذْب,اسم جامد,287,5276,قول مقصود كاذب,كذب,فِعْلٌ,,,,,CANDIDATE,,L2_017 haiku b15,
AR06159,أَضَلَّ,فعل,287,5277,إعطاء انطباع خاطئ,ضلل,أَفْعَلَ,,,,,CANDIDATE,,L2_017 haiku b15,WAZN_LEMMA_MISMATCH
AR06160,خَدَعَ,فعل,287,5278;5287;5292;5294;10435;10436,خداع مرحاً وبراعة,خدع,فَعَلَ,,,,,CANDIDATE,,L2_017 haiku b15,
AR06161,لَوَّى,فعل,287,5280,تمثيل كاذب ومضلل,لوا,فَعَّلَ,,,,,CANDIDATE,,L2_017 haiku b15,ROOT_ALIF
AR06162,خِدْعَة,اسم جامد,287,5281,فعل الخداع والتضليل,خدع,فِعْلَةٌ,,,,,CANDIDATE,,L2_017 haiku b15,
AR06163,تَمْثِيل,مصدر,287,5282,فعل الكذب والتمثيل,ثمل,تَفْعِيلٌ,,,,,CANDIDATE,,L2_017 haiku b15,WAZN_LEMMA_MISMATCH
AR06164,مُوارَاة,مصدر,287,5283,فعل الكلام الغامض,ورا,,,,,,CANDIDATE,مُفاعالة,L2_017 haiku b15,ROOT_ALIF;WAZN_NOT_IN_INV
AR06165,قَالَ,فعل,287,5284;15386,الخداع المرحاني والفكاهة,قول,فَاعَلَ,,,,,CANDIDATE,,L2_017 haiku b15,
AR06166,هَزَلَ,فعل,287,5285,قول شيء كاذب للفكاهة,هزل,فَعَلَ,,,,,CANDIDATE,,L2_017 haiku b15,
AR06167,غَمَّضَ,فعل,287,5286,استخدام لغة غامضة التفافاً,غمض,فَعَّلَ,,,,,CANDIDATE,,L2_017 haiku b15,
AR06168,غُموض,اسم جامد,287,5288,فعل الكلام الغامض,غمض,,,,,,CANDIDATE,فُعول,L2_017 haiku b15,WAZN_NOT_IN_INV
AR06169,كِذْبَة,اسم جامد,287,5290;5298,كذبة صغيرة تافهة,كذب,فِعْلَةٌ,,,,,CANDIDATE,,L2_017 haiku b15,
AR06170,أَفْشَى,فعل,287,5291,الكلام بهراء للخداع,فشا,أَفْعَلَ,,,,,CANDIDATE,,L2_017 haiku b15,ROOT_ALIF
AR06171,أَرْسَلَ,فعل,286,5297;9002;9003;9004;9007,الاتصال بالبريد والمعلومات,رسل,أَفْعَلَ,,,,,CANDIDATE,,L2_017 haiku b15,
AR06172,احْتَفَلَ,فعل,284,5310,الحركة كمجموعة للعرض,حفل,اِفْتَعَلَ,,,,,CANDIDATE,,L2_017 haiku b15,
AR06173,انْهَمَرَ,فعل,284,5357;5359;5360,السقوط بكميات كبيرة,همر,اِنْفَعَلَ,,,,,CANDIDATE,,L2_017 haiku b15,
AR06174,وَثَّقَ,فعل,278,5421,تسجيل سلسلة أحداث بدقة,وثق,فَعَّلَ,,,,,CANDIDATE,,L2_017 haiku b15,
AR06175,صَنَعَ,فعل,280,5436,تكوين شيء بجمع أجزاء أو مكونات,صنع,فَعَلَ,,,,,CANDIDATE,,L2_017 haiku b15,
AR06176,خَلَقَ,فعل,280,5437,إحضار شيء جديد إلى الوجود,خلق,فَعَلَ,,,,,CANDIDATE,,L2_017 haiku b15,
AR06177,عَمِلَ,فعل,282,5780;5925;5930,القيام بالعمل كمهنة,عمل,فَعِلَ,,,,,CANDIDATE,,L2_017 haiku b15,
AR06178,عَمَل,اسم جامد,282,5781,النشاط كوسيلة لكسب الدخل,عمل,فَعَلٌ,,,,,CANDIDATE,,L2_017 haiku b15,
AR06179,اسْتِخْدام,مصدر,282,5783,حالة التوظيف والعمل,خدم,اِسْتِفْعَالٌ,,,,,CANDIDATE,,L2_017 haiku b15,
AR06180,خَدَمَ,فعل,282,5784,العمل كنادل أو خادم,خدم,فَعَلَ,,,,,CANDIDATE,,L2_017 haiku b15,
AR06181,خِدْمَة,اسم جامد,282,5784,خدمة النادل في المطعم,خدم,فِعْلَةٌ,,,,,CANDIDATE,,L2_017 haiku b15,
AR06182,وَظِيفَة,اسم جامد,282,5785,منصب عمل براتب منتظم,وظف,فَعِيلَةٌ,,,,,CANDIDATE,,L2_017 haiku b15,
AR06183,فِتْرَة,اسم جامد,282,6050,فترة محددة من العمل,فتر,فِعْلَةٌ,,,,,CANDIDATE,,L2_017 haiku b15,
AR06184,فَرَّ,فعل,275,8997;18483,الركض والهروب وهو مطارَد,فرر,فَعَّلَ,,,,,CANDIDATE,,L2_017 haiku b15,WAZN_LEMMA_MISMATCH
AR06185,نَادَى,فعل,286,9005,الاتصال عبر الصفحة,نيد,فَاعَلَ,,,,,CANDIDATE,,L2_017 haiku b15,
AR06186,أَذَاعَ,فعل,286,9006,التواصل عبر الراديو,ذيع,أَفْعَلَ,,,,,CANDIDATE,,L2_017 haiku b15,
AR06187,تَحَرَّرَ,فعل,273,9846,الخروج من مكان الحبس,حرر,تَفَعَّلَ,,,,,CANDIDATE,,L2_017 haiku b15,
AR06188,اِنْفَلَتَ,فعل,273,9847,الخروج من الأسر والقيد,فلت,اِنْفَعَلَ,,,,,CANDIDATE,,L2_017 haiku b15,
AR06189,مُوَظَّف,اسم مفعول,282,10533,ذو وظيفة محددة,وظف,مُفَعَّلٌ,,,,,CANDIDATE,,L2_017 haiku b15,
AR06190,خَلْق,مصدر,280,10703,عملية إنشاء أو تكوين شيء,خلق,فَعْلٌ,,,,,CANDIDATE,,L2_017 haiku b15,
AR06191,ضَغَطَ,فعل,276,11136,الضغط بقوة من جميع الاتجاهات,ضغط,فَعَلَ,,,,,CANDIDATE,,L2_017 haiku b15,
AR06192,أَسَّسَ,فعل,280,11430;11708,تأسيس على أساس دائم,ءسس,أَفْعَلَ,,,,,CANDIDATE,,L2_017 haiku b15,ROOT_NORMALIZED
AR06193,أَنْشَأَ,فعل,280,11431,تأسيس مؤسسة أو عمل,نشء,أَفْعَلَ,,,,,CANDIDATE,,L2_017 haiku b15,ROOT_NORMALIZED
AR06194,أَنْتَجَ,فعل,280,11432;11694,الإنتاج المقصود لكيان,نتج,أَفْعَلَ,,,,,CANDIDATE,,L2_017 haiku b15,
AR06195,تَأْسِيس,مصدر,280,11433,عملية التأسيس والإنشاء,ءسس,تَفْعِيلٌ,,,,,CANDIDATE,,L2_017 haiku b15,ROOT_NORMALIZED
AR06196,إنْتاج,مصدر,280,11434;11709,عملية الإنتاج المقصود,نتج,,,,,,CANDIDATE,إفْعال,L2_017 haiku b15,WAZN_NOT_IN_INV
AR06197,رَكَّبَ,فعل,280,11710,التركيب الكيميائي,ركب,فَعَّلَ,,,,,CANDIDATE,,L2_017 haiku b15,
AR06198,تَرْكِيب,مصدر,280,11711,عملية الإنتاج الكيميائي,ركب,تَفْعِيلٌ,,,,,CANDIDATE,,L2_017 haiku b15,
AR06199,اِسْتَغْنَى,فعل,274,11919,الاستغناء عن شيء مرغوب,غنا,اِفْتَعَلَ,,,,,CANDIDATE,,L2_017 haiku b15,ROOT_ALIF
AR06200,اِنْقَمَعَ,فعل,274,11921,كراهية أو عدم الرغبة في فعل شيء,قمع,اِنْفَعَلَ,,,,,CANDIDATE,,L2_017 haiku b15,
AR06201,أَنَابَ,فعل,282,11946,استئجار شركة خارجية للعمل,ناب,أَفْعَلَ,,,,,CANDIDATE,,L2_017 haiku b15,ROOT_ALIF
AR06202,أَسْنَدَ,فعل,282,11947,إرسال العمل للآخرين,سند,أَفْعَلَ,,,,,CANDIDATE,,L2_017 haiku b15,
AR06203,أَنْجَبَتْ,فعل,281,11951;11961,الإنجاب والإحضار للوجود,نجب,أَفْعَلَ,,,,,CANDIDATE,,L2_017 haiku b15,WAZN_LEMMA_MISMATCH
AR06204,تَكَاثَرَ,فعل,281,11953,الإنسال والتكاثر الطبيعي,كثر,تَفَاعَلَ,,,,,CANDIDATE,,L2_017 haiku b15,
AR06205,اِنْدَفَعَ,فعل,276,12107,حركة حلزونية أو دائرية,دفع,اِنْفَعَلَ,,,,,CANDIDATE,,L2_017 haiku b15,
AR06206,تَوَظِيف,مصدر,282,12590,حالة كون الموظف,وظف,تَفْعِيلٌ,,,,,CANDIDATE,,L2_017 haiku b15,
AR06207,بَطالَة,اسم جامد,282,12592,عدم وجود عمل لكن مستعد,بطل,فَعَالَةٌ,,,,,CANDIDATE,,L2_017 haiku b15,
AR06208,عاطِل,صفة مشبهة,282,12593;12594,بلا عمل لكن متوفر للعمل,عطل,فَاعِلٌ,,,,,CANDIDATE,,L2_017 haiku b15,
AR06209,وَقَّعَ,فعل,278,13320,كتابة الاسم لتعريف أو تصريح,وقع,فَعَّلَ,,,,,CANDIDATE,,L2_017 haiku b15,
AR06210,قَارِئ,اسم فاعل,279,13502,شخص يقرأ المادة المكتوبة,قرا,فَاعِلٌ,,,,,CANDIDATE,,L2_017 haiku b15,ROOT_ALIF
AR06211,مُخَادِع,اسم فاعل,287,13544,شخص يعرف بالخداع,خدع,مُفَاعِلٌ,,,,,CANDIDATE,,L2_017 haiku b15,
AR06212,مُتَسَتِّر,اسم فاعل,287,13784,من يخفي حقيقته ونواياه,ستر,مُتَفَعِّلٌ,,,,,CANDIDATE,,L2_017 haiku b15,
AR06213,تَسَتَّرَ,فعل,287,13785,إخفاء النوايا والمشاعر الحقيقية,ستر,تَفَعَّلَ,,,,,CANDIDATE,,L2_017 haiku b15,
AR06214,مُضَلِّل,صفة مشبهة,287,14585,لا يكشف الحقيقة ويضلل,ضلل,مُفَعِّلٌ,,,,,CANDIDATE,,L2_017 haiku b15,
AR06215,اِبْتَعَدَ,فعل,274,15531;18323,البقاء بعيداً أو الامتناع,بعد,اِفْتَعَلَ,,,,,CANDIDATE,,L2_017 haiku b15,
AR06216,طَوَّرَ,فعل,280,16856,الخلق والإنشاء المتعمد,طور,فَعَّلَ,,,,,CANDIDATE,,L2_017 haiku b15,
AR06217,تَطْوِير,مصدر,280,16858,الإنشاء والتطوير المتعمد,طور,تَفْعِيلٌ,,,,,CANDIDATE,,L2_017 haiku b15,
AR06218,مَنْصِب,اسم مكان,282,17297,وظيفة محددة,نصب,مَفْعِلٌ,,,,,CANDIDATE,,L2_017 haiku b15,
AR06219,سَرَدَ,فعل,278,17372,تواصل عن طريق تعداد منطوق أو مكتوب,سرد,فَعَلَ,,,,,CANDIDATE,,L2_017 haiku b15,
AR06220,إخْلاء,مصدر,273,17454,عملية منظمة للخروج من مكان خطير,خلا,,,,,,CANDIDATE,إفْعال,L2_017 haiku b15,ROOT_ALIF;WAZN_NOT_IN_INV
AR06221,طِلاعة,مصدر,279,17473,نشاط القراءة العابرة,طلع,فِعَالَةٌ,,,,,CANDIDATE,,L2_017 haiku b15,
AR06222,دَحْرَجَ,فعل,276,17516,إحداث حركة بالانقلاب المتكرر,درج,فَعْلَلَ,,,,,CANDIDATE,,L2_017 haiku b15,WAZN_LEMMA_MISMATCH
AR06223,لَوَّحَ,فعل,276,17517,حركة ذهاباً وإياباً مع البقاء متصلاً,لوح,فَعَّلَ,,,,,CANDIDATE,,L2_017 haiku b15,
AR06224,اِشْتَعَلَ,فعل,283,17671,الاشتعال والاحتراق,شعل,اِفْتَعَلَ,,,,,CANDIDATE,,L2_017 haiku b15,
AR06225,أَرْجَحَ,فعل,276,18205,إلقاء والتقاط بمهارة متكررة,رجح,أَفْعَلَ,,,,,CANDIDATE,,L2_017 haiku b15,
AR06226,خَوَّفَ,فعل,288,5293,إحداث شعور بالرعب والخوف في نفس شخص ما,خوف,,,,,,CANDIDATE,فَوَّلَ,L2_017 haiku b16,WAZN_NOT_IN_INV
AR06227,عَذَّبَ,فعل,288,5295,إيذاء شخص بإزعاج أو سخرية قاسية,عذب,فَعَّلَ,,,,,CANDIDATE,,L2_017 haiku b16,
AR06228,أَطْلَقَ,فعل,289,5314;5667,إطلاق جسم بقوة من جهاز أو سلاح,طلق,أَفْعَلَ,,,,,CANDIDATE,,L2_017 haiku b16,
AR06229,أَطْلَقَ,فعل,290,5315,جعل السلاح الناري يُطلق النار,طلق,أَفْعَلَ,,,,,CANDIDATE,,L2_017 haiku b16,
AR06230,أَيْقَظَ,فعل,293,5328;5332,إخراج شخص من النوم بقصد,يقظ,أَفْعَلَ,,,,,CANDIDATE,,L2_017 haiku b16,
AR06231,اسْتَيْقَظَ,فعل,293,5329;5331,الخروج من النوم أو إجبار شخص على الخروج منه,يقظ,,,,,,CANDIDATE,اسْتَفْعَلَ,L2_017 haiku b16,WAZN_NOT_IN_INV
AR06232,نَهَضَ,فعل,293,5333,القيام من السرير بعد النوم,نهض,فَعَلَ,,,,,CANDIDATE,,L2_017 haiku b16,
AR06233,حَكَمَ عَلَيْهِ,تركيب,297,5341,إصدار حكم بالعقوبة على المتهم,,,,,,,CANDIDATE,,L2_017 haiku b16,
AR06234,حُكْمٌ قَضَائِيٌّ,تركيب,297,5342,العقوبة المفروضة على المدان من قبل المحكمة,,,,,,,CANDIDATE,,L2_017 haiku b16,
AR06235,أَفَاقَ,فعل,295,5375,العودة للوعي والإدراك,ءفق,فَعَلَ,,,,,CANDIDATE,,L2_017 haiku b16,ROOT_NORMALIZED
AR06236,مَأْزَقٌ,اسم جامد,300,5463;5466;5467;5469,موقف صعب وحرج غير مرغوب فيه,زيق,فَعْلَةٌ,,,,,CANDIDATE,,L2_017 haiku b16,
AR06237,مَشْكِلَةٌ,اسم جامد,300,5464,موقف محرج وصعب يحتاج حلاً,شكل,مَفْعِلَةٌ,,,,,CANDIDATE,,L2_017 haiku b16,
AR06238,ضِيقٌ,اسم جامد,300,5465,حالة صعبة وضيقة,ضيق,فِعْلٌ,,,,,CANDIDATE,,L2_017 haiku b16,
AR06239,حَرْجٌ,اسم جامد,300,5468,موقف صعب أو محرج بشكل غير رسمي,حرج,فَعْلٌ,,,,,CANDIDATE,,L2_017 haiku b16,
AR06240,فَوْضَىٌ,اسم جامد,300,5470,وضع مربك ومعقد وغير منتظم,فوض,فَعْلَى (لغير التأنيث),,,,,CANDIDATE,,L2_017 haiku b16,
AR06241,عَمَّدَ,فعل,301,5484;5539,تعميد شخص بتيه الماء كفعل ديني مسيحي,عمد,فَعَّلَ,,,,,CANDIDATE,,L2_017 haiku b16,
AR06242,تَعْمِيدُ,مصدر,301,5485,طقس ديني مسيحي رش الماء على الشخص,عمد,,,,,,CANDIDATE,التَّفْعِيلُ,L2_017 haiku b16,AL_STRIPPED;WAZN_LEMMA_MISMATCH;WAZN_NOT_IN_INV
AR06243,قُدَّاسٌ,اسم جامد,301,5486;5490,الطقس المسيحي الذي يتذكر فيه آخر عشاء,قدس,فُعَّالٌ,,,,,CANDIDATE,,L2_017 haiku b16,
AR06244,تَثْبِيتُ,مصدر,301,5487,طقس ديني مسيحي لتأكيد إيمان المعمد,ثبت,,,,,,CANDIDATE,التَّفْعِيلُ,L2_017 haiku b16,AL_STRIPPED;WAZN_LEMMA_MISMATCH;WAZN_NOT_IN_INV
AR06245,دَعَا,فعل,301,5488,توجيه دعاء إلى الله أو إله آخر,دعو,فَعَلَ,,,,,CANDIDATE,,L2_017 haiku b16,
AR06246,دُعَاءٌ,اسم جامد,301,5489,طلب متضرع إلى الله أو إله آخر,دعو,فُعَالٌ,,,,,CANDIDATE,,L2_017 haiku b16,
AR06247,شُركَةُ,اسم جامد,301,5491,طقس ديني مسيحي شرب الخمر وأكل الخبز,شرك,,,,,,CANDIDATE,الْفُعْلَةُ,L2_017 haiku b16,AL_STRIPPED;WAZN_LEMMA_MISMATCH;WAZN_NOT_IN_INV
AR06248,بَارَكَ,فعل,301,5492,استدعاء البركة الإلهية على شيء أو شخص,برك,فَاعَلَ,,,,,CANDIDATE,,L2_017 haiku b16,
AR06249,بَرَكَةٌ,اسم جامد,301,5493,دعاء يستدعي رحمة الله وحمايته,برك,فَعَلَةٌ,,,,,CANDIDATE,,L2_017 haiku b16,
AR06250,قَدَّسَ,فعل,301,5494,جعل شيء مقدساً ومحترماً دينياً,قدس,فَعَّلَ,,,,,CANDIDATE,,L2_017 haiku b16,
AR06251,دَهْنُ,اسم جامد,301,5495,فرك أو تطبيق الزيت كفعل ديني,دهن,,,,,,CANDIDATE,الْفَعْلُ,L2_017 haiku b16,AL_STRIPPED;WAZN_LEMMA_MISMATCH;WAZN_NOT_IN_INV
AR06252,دَهْنٌ مُقَدَّسٌ,تركيب,301,5496,عملية تطبيق الزيت المقدس طقسياً,,,,,,,CANDIDATE,,L2_017 haiku b16,
AR06253,طَقْسُ,اسم جامد,301,5497,احتفال ديني يتبع نظام معين,طقس,,,,,,CANDIDATE,الْفَعْلُ,L2_017 haiku b16,AL_STRIPPED;WAZN_LEMMA_MISMATCH;WAZN_NOT_IN_INV
AR06254,حَفْلُ,اسم جامد,301,5498,احتفال ديني يتم وفقاً لترتيب معين,حفل,,,,,,CANDIDATE,الْفَعْلُ,L2_017 haiku b16,AL_STRIPPED;WAZN_LEMMA_MISMATCH;WAZN_NOT_IN_INV
AR06255,أَقَرَّ,فعل,301,5499,منح حكم ديني مسيحي للمعمد بتثبيت إيمانه,قرر,أَفْعَلَ,,,,,CANDIDATE,,L2_017 haiku b16,WAZN_LEMMA_MISMATCH
AR06256,ختَنَ,فعل,301,5500,قطع جزء من الجسد كفعل ديني يهودي أو إسلامي,ختن,فَعَلَ,,,,,CANDIDATE,,L2_017 haiku b16,
AR06257,خِتَانُ,مصدر,301,5501,ممارسة أو عملية قطع جزء من الجسد دينياً,ختن,,,,,,CANDIDATE,الْفِعَالُ,L2_017 haiku b16,AL_STRIPPED;WAZN_LEMMA_MISMATCH;WAZN_NOT_IN_INV
AR06258,خِدْمَةٌ دِينِيَّةٌ,تركيب,301,5502,احتفال ديني وعبادة وفقاً لشكل محدد,,,,,,,CANDIDATE,,L2_017 haiku b16,
AR06259,تَنْصِيبٌ دِينِيٌّ,تركيب,301,5504,تعيين شخص لمنصب ديني مسيحي عالي,,,,,,,CANDIDATE,,L2_017 haiku b16,
AR06260,إِنَاطَةُ,مصدر,301,5505,منح منصب ديني مسيحي عالي,ناط,,,,,,CANDIDATE,الإِفْعَالُ,L2_017 haiku b16,AL_STRIPPED;ROOT_ALIF;WAZN_NOT_IN_INV
AR06261,اعْتِرَافٌ,مصدر,301,5510,إقرار رسمي بالذنوب أمام كاهن مسيحي,عرف,,,,,,CANDIDATE,افْتِعَالٌ,L2_017 haiku b16,WAZN_NOT_IN_INV
AR06262,نَاسٌ,اسم جامد,304,5511,البشر بشكل عام أو مجموعة منهم,نيس,,,,,,CANDIDATE,فَاعٌ,L2_017 haiku b16,WAZN_NOT_IN_INV
AR06263,إِنْسَانٌ,اسم جامد,304,5512;11740,فرد من البشر يُعتبر كوحدة منفصلة,نسي,إِفْعَالٌ,,,,,CANDIDATE,,L2_017 haiku b16,
AR06264,وَاحِدٌ,اسم جامد,304,5518,واحد أو فرد واحد,وحد,فَاعِلٌ,,,,,CANDIDATE,,L2_017 haiku b16,
AR06265,رَجُلٌ,اسم جامد,304,5520;5526;5528;7220,رجل أو ذكر بالغ من البشر,رجل,فَعُلٌ,,,,,CANDIDATE,,L2_017 haiku b16,
AR06266,شَابٌّ,صفة مشبهة,304,5521,رجل شاب أو صبي,شيب,فَاعِلٌ,,,,,CANDIDATE,,L2_017 haiku b16,
AR06267,سَيِّدَةٌ,اسم جامد,304,5525,امرأة بالغة من البشر,سيد,فَيْعِلَةٌ,,,,,CANDIDATE,,L2_017 haiku b16,
AR06268,امْرَأَةٌ,اسم جامد,304,5527,أنثى بالغة من البشر,رءي,,,,,,CANDIDATE,افْعَالٌ,L2_017 haiku b16,ROOT_NORMALIZED;WAZN_NOT_IN_INV
AR06269,رَفِيقٌ,صفة مشبهة,305,5532,صديق مقرب يخاطب باحترام ودية,رفق,فَعِيلٌ,,,,,CANDIDATE,,L2_017 haiku b16,
AR06270,سَيِّدِي,اسم جامد,305,5533,تحية احترام موجهة لرجل,سيد,,,,,,CANDIDATE,فَيْعِلِي,L2_017 haiku b16,WAZN_NOT_IN_INV
AR06271,سَيِّدَتِي,اسم جامد,305,5534,تحية احترام موجهة لامرأة,سيد,,,,,,CANDIDATE,فَيْعِلَتِي,L2_017 haiku b16,WAZN_NOT_IN_INV
AR06272,صَاحِبِي,اسم فاعل,305,5535;5543,تحية ودية موجهة لصديق,صحب,,,,,,CANDIDATE,فَاعِلِي,L2_017 haiku b16,WAZN_NOT_IN_INV
AR06273,يَا صَغِيرِي,تركيب,305,5536,خطاب موجه لطفل أو شخص صغير,,,,,,,CANDIDATE,,L2_017 haiku b16,
AR06274,يَا شَابُّ,تركيب,305,5537,خطاب موجه لشخص شاب,,,,,,,CANDIDATE,,L2_017 haiku b16,
AR06275,يَا فَتًى,تركيب,305,5538,نداء قاسٍ أو عدواني لرجل شاب,,,,,,,CANDIDATE,,L2_017 haiku b16,
AR06276,يَا رَجُلُ,تركيب,305,5540,نداء موجه لأي رجل,,,,,,,CANDIDATE,,L2_017 haiku b16,
AR06277,آنِسَةٌ,اسم جامد,305,5541,تحية رسمية موجهة لموظفة امرأة,ءنس,فَاعِلَةٌ,,,,,CANDIDATE,,L2_017 haiku b16,ROOT_NORMALIZED
AR06278,أَخِي,اسم جامد,305,5542,تحية ودية وصديقية,ءخو,,,,,,CANDIDATE,فَعِيلِي,L2_017 haiku b16,ROOT_NORMALIZED;WAZN_NOT_IN_INV
AR06279,سَيِّدٌ,اسم جامد,304,5547,رجل محترم ومهذب بشكل رسمي,سيد,فَيْعِلٌ,,,,,CANDIDATE,,L2_017 haiku b16,
AR06280,مُرْتَبِطٌ,اسم مفعول,307,5554;13665,حالة كون الشيء مثبتاً ومرتبطاً,ربط,مُفْتَعِلٌ,,,,,CANDIDATE,,L2_017 haiku b16,
AR06281,مُرْبَوطٌ,اسم مفعول,307,5555,مثبت بحبل أو وسيلة ربط,ربط,,,,,,CANDIDATE,مُفْعَولٌ,L2_017 haiku b16,WAZN_NOT_IN_INV
AR06282,مُحْكَمٌ بِمِسْمَارٍ,تركيب,307,5556,مثبت بإحكام بمسمار,,,,,,,CANDIDATE,,L2_017 haiku b16,
AR06283,مُلْصَقٌ بِالْغِرَاءِ,تركيب,307,5557,ملتصق بالصمغ والمادة اللاصقة,,,,,,,CANDIDATE,,L2_017 haiku b16,
AR06284,مُلْصَقٌ,اسم مفعول,307,5558;5575,مثبت مباشرة على شيء آخر,لصق,مُفْعَلٌ,,,,,CANDIDATE,,L2_017 haiku b16,
AR06285,مُرْسٍ بِإِحْكَامٍ,تركيب,307,5559,مثبت بإحكام شديد في موضعه,,,,,,,CANDIDATE,,L2_017 haiku b16,
AR06286,مَرْبُوطٌ,اسم مفعول,307,5560,مثبت ومشدود بحبل أو رابط,ربط,مَفْعُولٌ,,,,,CANDIDATE,,L2_017 haiku b16,
AR06287,مُقَيَّدٌ بِسِلْسِلَةٍ,تركيب,307,5561,متصل بسلسلة معدنية,,,,,,,CANDIDATE,,L2_017 haiku b16,
AR06288,مُثَبَّتٌ,اسم مفعول,307,5562,محكم التثبيت والربط,ثبت,مُفَعَّلٌ,,,,,CANDIDATE,,L2_017 haiku b16,
AR06289,مُنْصَهِرٌ,اسم مفعول,307,5563,متحد مع شيء آخر بالانصهار,نصهر,مُفْتَعِلٌ,,,,,CANDIDATE,,L2_017 haiku b16,
AR06290,مُقَيَّدٌ بِالْأَغْلَالِ,تركيب,307,5564;5573,مثبت والقيد بالأساور المعدنية,,,,,,,CANDIDATE,,L2_017 haiku b16,
AR06291,مَرْبُوطٌ بِحَبْلٍ,تركيب,307,5565;5577,مثبت ومقيد بحبل أو حزام,,,,,,,CANDIDATE,,L2_017 haiku b16,
AR06292,مَقْيُودٌ,اسم مفعول,307,5566,مثبت مع شيء آخر,قيد,مَفْعُولٌ,,,,,CANDIDATE,,L2_017 haiku b16,
AR06293,مِسْمَارٌ,اسم جامد,307,5567,مثبت بالمسامير,سمر,فِعْلالٌ (رباعي),,,,,CANDIDATE,,L2_017 haiku b16,WAZN_LEMMA_MISMATCH
AR06294,مُلْصَقٌ بِالصَّمْغِ,تركيب,307,5568,مثبت بمادة اللصق والصمغ,,,,,,,CANDIDATE,,L2_017 haiku b16,
AR06295,مُثَبَّتٌ بِدَبُّوسٍ,تركيب,307,5569,مثبت بإبرة أو دبوس,,,,,,,CANDIDATE,,L2_017 haiku b16,
AR06296,مَرْبُوطٌ بِمِسْمَارٍ,تركيب,307,5570,مثبت بمسمار حديدي,,,,,,,CANDIDATE,,L2_017 haiku b16,
AR06297,مِشْدَادٌ,اسم جامد,307,5571,مثبت بربط محكم,شدد,فِعْلالٌ (رباعي),,,,,CANDIDATE,,L2_017 haiku b16,WAZN_LEMMA_MISMATCH
AR06298,مَخْيُوطٌ,اسم مفعول,307,5572,مثبت بخيط وإبرة,خيط,مَفْعُولٌ,,,,,CANDIDATE,,L2_017 haiku b16,
AR06299,مُدَبَّسٌ,اسم مفعول,307,5574,مثبت بالدبابس المعدنية,دبس,مُفَعَّلٌ,,,,,CANDIDATE,,L2_017 haiku b16,
AR06300,مُلْحَوْمٌ,اسم مفعول,307,5578,ملحوم بالحرارة,لحم,,,,,,CANDIDATE,مُفْعَولٌ,L2_017 haiku b16,WAZN_NOT_IN_INV
AR06301,الْتَحَمَ,فعل,306,5579,التصق بإحكام ليشكل كتلة واحدة,حمم,,,,,,CANDIDATE,افْتَعَلَ,L2_017 haiku b16,WAZN_LEMMA_MISMATCH;WAZN_NOT_IN_INV
AR06302,رَبَطَ,فعل,306,5580;5582,تثبيت شيء بحبل أو وسيلة ربط,ربط,فَعَلَ,,,,,CANDIDATE,,L2_017 haiku b16,
AR06303,ثَبَّتَ,فعل,306,5581,جعل شيء ثابتاً ومحكماً,ثبت,فَعَّلَ,,,,,CANDIDATE,,L2_017 haiku b16,
AR06304,سِرُّ,اسم جامد,301,5583,فعل ديني يمنح النعمة الإلهية,سرر,,,,,,CANDIDATE,الْفِعْلُ,L2_017 haiku b16,AL_STRIPPED;WAZN_LEMMA_MISMATCH;WAZN_NOT_IN_INV
AR06305,نَصَّبَ,فعل,301,5584;15171,منح منصب ديني وسلطة كنسية,نصب,فَعَّلَ,,,,,CANDIDATE,,L2_017 haiku b16,
AR06306,احْتَجَّ,فعل,308,5585,تقديم حجج وأدلة لدعم موقف,حجج,,,,,,CANDIDATE,افْتَعَلَ,L2_017 haiku b16,WAZN_LEMMA_MISMATCH;WAZN_NOT_IN_INV
AR06307,أَثْبَتَ,فعل,308,5586,إظهار صحة شيء بالبرهان والدليل,ثبت,أَفْعَلَ,,,,,CANDIDATE,,L2_017 haiku b16,
AR06308,فَكَّرَ,فعل,308,5587,التفكير المنطقي في قضية ما,فكر,فَعَّلَ,,,,,CANDIDATE,,L2_017 haiku b16,
AR06309,أَظْهَرَ,فعل,308,5588;5589,إظهار صحة أو وجود شيء بوضوح,ظهر,أَفْعَلَ,,,,,CANDIDATE,,L2_017 haiku b16,
AR06310,نَفَى,فعل,308,5590,إثبات كذب قضية بالحجة والمنطق,نفي,فَعَلَ,,,,,CANDIDATE,,L2_017 haiku b16,
AR06311,حُجَّةٌ,اسم جامد,308,5591,مجموعة أسباب وأدلة تدعم موقفاً,حجج,فُعْلَةٌ,,,,,CANDIDATE,,L2_017 haiku b16,WAZN_LEMMA_MISMATCH
AR06312,جَدَلٌ,اسم جامد,308,5594,نقد حاد وهجوم لفظي قوي,جدل,فَعَلٌ,,,,,CANDIDATE,,L2_017 haiku b16,
AR06313,حَالَةٌ,اسم جامد,308,5597,مجموعة حقائق أو حجج تدعم موقفاً,حول,فَاعِلَةٌ,,,,,CANDIDATE,,L2_017 haiku b16,
AR06314,فَتَاةٌ,اسم جامد,304,5600,أنثى صغيرة من البشر,فتي,فَعَالَةٌ,,,,,CANDIDATE,,L2_017 haiku b16,
AR06315,نَقَعَ,فعل,309,5602;5603,تغطيس شيء في ماء ليبتل تماماً,نقع,فَعَلَ,,,,,CANDIDATE,,L2_017 haiku b16,
AR06316,بَلَّلَ,فعل,309,5604,تغطية أو ملامسة شيء بسائل,بلل,فَعَّلَ,,,,,CANDIDATE,,L2_017 haiku b16,
AR06317,مَتَوَفًّى,اسم مفعول,310,5607,توفي منذ وقت قريب,وفي,مَفْعُولٌ,,,,,CANDIDATE,,L2_017 haiku b16,
AR06318,بِلَا حَيَاةٍ,تركيب,310,5609,فاقد للحياة تماماً,,,,,,,CANDIDATE,,L2_017 haiku b16,
AR06319,وَشْمٌ,اسم جامد,299,5612,نقش دائم في الجلد بإدخال صبغة,وشم,فَعْلٌ,,,,,CANDIDATE,,L2_017 haiku b16,
AR06320,كُحْلُ,اسم جامد,299,5614;5622,مستحضر تجميل لتغطية الرموش والتدكين,كحل,,,,,,CANDIDATE,الْفُعْلُ,L2_017 haiku b16,AL_STRIPPED;WAZN_LEMMA_MISMATCH;WAZN_NOT_IN_INV
AR06321,كُحْلٌ لِلْعُيُونِ,تركيب,299,5615,خط تجميلي حول العينين,,,,,,,CANDIDATE,,L2_017 haiku b16,
AR06322,أَحْمَرُ,صفة مشبهة,299,5616,مسحوق أحمر أو كريم لتلوين الخدود,حمر,,,,,,CANDIDATE,الْفِعْلُ,L2_017 haiku b16,AL_STRIPPED;WAZN_LEMMA_MISMATCH;WAZN_NOT_IN_INV
AR06323,أَحْمَرَةٌ,اسم جامد,299,5617,مستحضر تجميل لإعطاء لون وردي للخدود,حمر,أَفْعَلَةٌ,,,,,CANDIDATE,,L2_017 haiku b16,
AR06324,إِخْفَاءُ,مصدر,299,5618,مستحضر تجميل لتغطية العيوب والبثور,خفي,,,,,,CANDIDATE,الإِفْعَالُ,L2_017 haiku b16,AL_STRIPPED;WAZN_NOT_IN_INV
AR06325,أَحْمَرُ الشِّفَاهِ,تركيب,299,5619,مستحضر تجميل ملون للشفاه,,,,,,,CANDIDATE,,L2_017 haiku b16,
AR06326,أَسَاسُ,اسم جامد,299,5620,مستحضر كريمي يطبق تحت المكياج,سيس,,,,,,CANDIDATE,الْفَعَالُ,L2_017 haiku b16,AL_STRIPPED;WAZN_NOT_IN_INV
AR06327,ظِلُّ العُيُونِ,تركيب,299,5621,مستحضر تجميل ملون على الجفون,,,,,,,CANDIDATE,,L2_017 haiku b16,
AR06328,مَيِّتٌ,صفة مشبهة,310,5643,لا يحمل الحياة ضم الموت,موت,فَيْعِلٌ,,,,,CANDIDATE,,L2_017 haiku b16,
AR06329,حَيٌّ,صفة مشبهة,310,5644;12771,يمتلك حياة بيولوجية نشطة,حيي,فَعِيلٌ,,,,,CANDIDATE,,L2_017 haiku b16,
AR06330,أَشْبَاحٌ,اسم جامد,310,5646;5647,تقنياً ميت لكن لا يزال متحركاً,شبح,,,,,,CANDIDATE,أَفْعَالٌ,L2_017 haiku b16,WAZN_NOT_IN_INV
AR06331,شَبَحٌ,اسم جامد,310,5648,كائن ميت من الناحية التقنية لكنه متحرك,شبح,فَعَلٌ,,,,,CANDIDATE,,L2_017 haiku b16,
AR06332,أَطْلَقَ النَّارَ,تركيب,290,5659,تشغيل السلاح الناري بإطلاق رصاصة,,,,,,,CANDIDATE,,L2_017 haiku b16,
AR06333,أَطْلَقَ النَّارَ,تركيب,289,5664,إطلاق الرصاص من السلاح,,,,,,,CANDIDATE,,L2_017 haiku b16,
AR06334,أَطْلَقَ الرَّصَاصَ,تركيب,289,5665,إطلاق الرصاص من السلاح في اتجاه معين,,,,,,,CANDIDATE,,L2_017 haiku b16,
AR06335,أَطْلَقَ الرَّصَاصَ,تركيب,290,5666,تفريغ السلاح الناري من الذخيرة,,,,,,,CANDIDATE,,L2_017 haiku b16,
AR06336,غَايَبَ الْوَعْيَ,فعل,292,5670,فقدان الوعي العميق بالنوم,وعي,فَاعَلَ,,,,,CANDIDATE,,L2_017 haiku b16,
AR06337,فَرْدٌ,اسم جامد,304,5671,إنسان واحد يُعتبر وحدة منفصلة,فرد,فَعْلٌ,,,,,CANDIDATE,,L2_017 haiku b16,
AR06338,عَاصِفٌ,صفة مشبهة,303,5688,متأثر أو مضطرب بعاصفة,عصف,فَاعِلٌ,,,,,CANDIDATE,,L2_017 haiku b16,
AR06339,مُثْلِجٌ,صفة مشبهة,303,5689,مغطى بالثلج أو يبدو كالثلج,ثلج,مُفْعِلٌ,,,,,CANDIDATE,,L2_017 haiku b16,
AR06340,عَاصِفَةُ ثَلْجٍ,تركيب,303,5690;5695,عاصفة عنيفة مع تساقط ثلج كثيف ورياح عالية,,,,,,,CANDIDATE,,L2_017 haiku b16,
AR06341,عَاصِفَةٌ,اسم جامد,303,5691,اضطراب عنيف للجو برياح وأمطار ورعد,عصف,فَاعِلَةٌ,,,,,CANDIDATE,,L2_017 haiku b16,
AR06342,عَصَفَتْ,فعل,303,5692,حدثت عاصفة شديدة,عصف,فَعَلَ,,,,,CANDIDATE,,L2_017 haiku b16,WAZN_LEMMA_MISMATCH
AR06343,عَاصِفَةُ بَرَدٍ,تركيب,303,5693,عاصفة تحتوي على حبات برد كبيرة وريح,,,,,,,CANDIDATE,,L2_017 haiku b16,
AR06344,عَاصِفَةُ مَطَرٍ,تركيب,303,5694,عاصفة مع هطول أمطار غزيرة وشديدة,,,,,,,CANDIDATE,,L2_017 haiku b16,
AR06345,طَقْسٌ,اسم جامد,303,5696,حالة الجو والمناخ في مكان وزمان معينين,طقس,فَعْلٌ,,,,,CANDIDATE,,L2_017 haiku b16,
AR06346,شَبَّعَ,فعل,309,5850,تشريب الشيء السائل بالكامل,شبع,فَعَّلَ,,,,,CANDIDATE,,L2_017 haiku b16,
AR06347,صَبَّ عَلَيْهِ,تركيب,309,5851,صب السائل على الشيء بكثرة,,,,,,,CANDIDATE,,L2_017 haiku b16,
AR06348,غَطَّسَ,فعل,309,5852,تغطيس الشيء كاملاً في السائل,غطس,فَعَّلَ,,,,,CANDIDATE,,L2_017 haiku b16,
AR06349,رَطَّبَ,فعل,309,5853,جعل الشيء رطباً قليلاً,رطب,فَعَّلَ,,,,,CANDIDATE,,L2_017 haiku b16,
AR06350,رَشَّ عَلَيْهِ,تركيب,309,5854,رش السائل على الشيء برفق,,,,,,,CANDIDATE,,L2_017 haiku b16,
AR06351,رَطَّبَ الْهَوَاءَ,تركيب,309,5924,زيادة الرطوبة في الهواء,,,,,,,CANDIDATE,,L2_017 haiku b16,
AR06352,تَسْمِيَةٌ مَقْدَسَةٌ,تركيب,301,6236,طقس إعطاء الاسم المقدس في حفل التعميد,,,,,,,CANDIDATE,,L2_017 haiku b16,
AR06353,تَقْدِيسُ,مصدر,301,6238,الطقس الديني الذي يجعل الشيء مقدساً,قدس,,,,,,CANDIDATE,التَّفْعِيلُ,L2_017 haiku b16,AL_STRIPPED;WAZN_LEMMA_MISMATCH;WAZN_NOT_IN_INV
AR06354,الْبَلُوغُ الدِّينِيُّ,تركيب,301,6240,طقس ديني يهودي يحتفل ببلوغ الصبي سن الثالثة عشرة,,,,,,,CANDIDATE,,L2_017 haiku b16,
AR06355,قُرْبَانُ,اسم جامد,301,6472,فعل ديني قتل حيوان كقربان للإله,قرب,,,,,,CANDIDATE,الْفُعْلَانُ,L2_017 haiku b16,AL_STRIPPED;WAZN_LEMMA_MISMATCH;WAZN_NOT_IN_INV
AR06356,الِابْتِدَاءُ,مصدر,301,6474,طقس دخول رسمي إلى جماعة بطقس معين,بدء,,,,,,CANDIDATE,الِافْتِعَالُ,L2_017 haiku b16,AL_UNRESOLVED;ROOT_NORMALIZED;WAZN_NOT_IN_INV
AR06357,أَدْخَلَ رَسْمِيّاً,تركيب,301,6477,إدراج شخص في مجموعة أو جماعة بطقس معين,,,,,,,CANDIDATE,,L2_017 haiku b16,
AR06358,اسْتَيْقَظَ,فعل,295,6926;6927;6928,التوقف عن النوم والوعي بالمحيط,يقظ,,,,,,CANDIDATE,اسْتَفْعَلَ,L2_017 haiku b16,WAZN_NOT_IN_INV
AR06359,مُلْصَقٌ بِالشَّرِيطِ,تركيب,307,6936,مثبت بشريط الالتصاق,,,,,,,CANDIDATE,,L2_017 haiku b16,
AR06360,مُغَطًّى بِقُوَّةٍ,تركيب,307,6971,مثبت ومغطى بإحكام,,,,,,,CANDIDATE,,L2_017 haiku b16,
AR06361,مَرْحَلَةٌ حَتْمِيَّةٌ,تركيب,301,7215,طقس أو حفل يحتفل ببداية مرحلة جديدة من الحياة,,,,,,,CANDIDATE,,L2_017 haiku b16,
AR06362,مَوْتَىٰ,اسم جامد,310,7216,البشر الذين توفوا وليسوا أحياء,موت,,,,,,CANDIDATE,الْفَعْلَىٰ,L2_017 haiku b16,AL_STRIPPED;WAZN_NOT_IN_INV
AR06363,سَلَّى,فعل,288,7344,تقديم الاستمتاع والتسلية للآخرين,سلو,فَعَّلَ,,,,,CANDIDATE,,L2_017 haiku b16,
AR06364,فَقَدَ الْوَعْيَ,تركيب,292,7353;15498,فقدان الوعي المفاجئ,,,,,,,CANDIDATE,,L2_017 haiku b16,
AR06365,بَلِيَّةٌ,اسم جامد,300,7354,حالة خطرة وصعبة جداً,بلي,فَعِيلَةٌ,,,,,CANDIDATE,,L2_017 haiku b16,
AR06366,نَكْبَةٌ,اسم جامد,300,7355,حدث مؤسف وسيء,نكب,فَعْلَةٌ,,,,,CANDIDATE,,L2_017 haiku b16,
AR06367,مُشْكِلَةٌ,اسم جامد,300,7356,أمر غير مرغوب يحتاج معالجة,شكل,مُفْعِلَةٌ,,,,,CANDIDATE,,L2_017 haiku b16,
AR06368,عَنَاءٌ,اسم جامد,300,7357,حالة صعبة ومشكلة,عني,فَعَالٍ,,,,,CANDIDATE,,L2_017 haiku b16,
AR06369,مُدَاوَلَةُ,اسم جامد,296,7363,نقاش هيئة المحلفين للقضية والعقوبة,دول,,,,,,CANDIDATE,الْمُفَاعَلَةُ,L2_017 haiku b16,AL_STRIPPED;WAZN_NOT_IN_INV
AR06370,عَلِقَ,فعل,306,7825,التصق شيء بآخر,علق,فَعِلَ,,,,,CANDIDATE,,L2_017 haiku b16,
AR06371,تَدَاوَلَ,فعل,296,8007,نقاش هيئة المحلفين بعناية للوصول للحكم,دول,تَفَاعَلَ,,,,,CANDIDATE,,L2_017 haiku b16,
AR06372,أَلْزَمَ,فعل,297,8700,فرض دفع مال أو قضاء مدة في السجن,لزم,أَفْعَلَ,,,,,CANDIDATE,,L2_017 haiku b16,
AR06373,نَعَسَ,فعل,292,9082;15500,الدخول في نوم خفيف نتيجة الإرهاق,نعس,فَعَلَ,,,,,CANDIDATE,,L2_017 haiku b16,
AR06374,اسْتَيْقَظَ وَقَامَ,تركيب,295,9130,الاستيقاظ من النوم والنهوض من الفراش,,,,,,,CANDIDATE,,L2_017 haiku b16,
AR06375,تَمَسَّكَ,فعل,306,9196,إمساك قوي بشيء والتمسك به,مسك,تَفَعَّلَ,,,,,CANDIDATE,,L2_017 haiku b16,
AR06376,صَلَوَاتُ الْمَسَاءِ,تركيب,301,10220,صلاة كنسية مسيحية في المساء مع ترانيم,,,,,,,CANDIDATE,,L2_017 haiku b16,
AR06377,سَجَنَ,فعل,297,10524,إرسال إلى السجن كعقوبة قضائية,سجن,فَعَلَ,,,,,CANDIDATE,,L2_017 haiku b16,
AR06378,عِبَادَةُ,مصدر,301,10914,طقوس دينية وحفلات احتفالية مقدسة,عبد,,,,,,CANDIDATE,الْفِعَالَةُ,L2_017 haiku b16,AL_STRIPPED;WAZN_LEMMA_MISMATCH;WAZN_NOT_IN_INV
AR06379,لَصِقَ,فعل,306,11370,التصق شيء بآخر,لصق,فَعِلَ,,,,,CANDIDATE,,L2_017 haiku b16,
AR06380,إِطْلَاقٌ,مصدر,289,11728,فعل إطلاق شيء من جهاز معين,طلق,إِفْعَالٌ,,,,,CANDIDATE,,L2_017 haiku b16,
AR06381,كَائِنٌ بَشَرِيٌّ,تركيب,304,11741,رجل أو امرأة أو طفل من البشر,,,,,,,CANDIDATE,,L2_017 haiku b16,
AR06382,رَوَّى,فعل,309,12084,جعل الشيء يمتص الماء,روي,فَعَّلَ,,,,,CANDIDATE,,L2_017 haiku b16,
AR06383,رَطَّبَ الْجِلْدَ,تركيب,309,12085,جعل الجلد أقل جفافاً برطوبة,,,,,,,CANDIDATE,,L2_017 haiku b16,
AR06384,امْتَصَّ,فعل,309,12086,امتصاص السائل بسرعة,مصص,,,,,,CANDIDATE,افْتَعَلَ,L2_017 haiku b16,WAZN_LEMMA_MISMATCH;WAZN_NOT_IN_INV
AR06385,أَضْحَكَ,فعل,288,12087,جعل شخصاً يشعر بالفرح والضحك,ضحك,أَفْعَلَ,,,,,CANDIDATE,,L2_017 haiku b16,
AR06386,أَلْهَى,فعل,288,12088,تحويل اهتمام شخص عن شيء آخر,لهو,أَفْعَلَ,,,,,CANDIDATE,,L2_017 haiku b16,
AR06387,عَادَ إِلَى الْوَعْيِ,تركيب,295,12099,استعادة الوعي بعد الفقدان,,,,,,,CANDIDATE,,L2_017 haiku b16,
AR06388,اِلْتَصَقَ,فعل,307,12699,الالتصاق بشيء آخر,لصق,,,,,,CANDIDATE,افْتَعَلَ,L2_017 haiku b16,WAZN_NOT_IN_INV
AR06389,الِالْتِصَاقُ,مصدر,307,12700,حالة الالتصاق والالتحام,لصق,,,,,,CANDIDATE,الِافْتِعَالُ,L2_017 haiku b16,WAZN_LEMMA_MISMATCH;WAZN_NOT_IN_INV
AR06390,صَلَوَاتٌ مَسَائِيَّةٌ,تركيب,301,13292,صلوات دينية مسائية في الكنيسة المسيحية,,,,,,,CANDIDATE,,L2_017 haiku b16,
AR06391,عَاصِفَةٌ رَعْدِيَّةٌ,تركيب,303,13476,عاصفة تحتوي على رعد وبرق وأمطار غزيرة,,,,,,,CANDIDATE,,L2_017 haiku b16,
AR06392,إِظْهَارٌ,مصدر,308,13480,فعل توضيح وإثبات قضية,ظهر,إِفْعَالٌ,,,,,CANDIDATE,,L2_017 haiku b16,
AR06393,قَرَّبَ,فعل,301,13515,تقديم قربان أو ذبيحة للإله,قرب,فَعَّلَ,,,,,CANDIDATE,,L2_017 haiku b16,
AR06394,مُتَّصِلٌ,اسم فاعل,307,13664,مرتبط ومتصل بشيء آخر,وصل,مُتَفَعِّلٌ,,,,,CANDIDATE,,L2_017 haiku b16,
AR06395,أَدَانَ,فعل,297,13787,إصدار حكم بالعقوبة والإدانة,دين,أَفْعَلَ,,,,,CANDIDATE,,L2_017 haiku b16,
AR06396,مُنَاخٌ,اسم جامد,303,13818,الحالة المناخية العامة لمنطقة جغرافية معينة,ناخ,,,,,,CANDIDATE,مُفْعَالٌ,L2_017 haiku b16,ROOT_ALIF;WAZN_NOT_IN_INV
AR06397,جَمَادٌ,اسم جامد,310,13914,غير حي أو خامل,جمد,فَعَالٍ,,,,,CANDIDATE,,L2_017 haiku b16,
AR06398,أَشِعَّةُ شَمْسٍ,تركيب,303,14208,ضوء الشمس الصافي بدون غيوم تحجبها,,,,,,,CANDIDATE,,L2_017 haiku b16,
AR06399,أَقْوَامٌ,اسم جامد,304,14631,مجموعة من الناس والبشر,قوم,,,,,,CANDIDATE,أَفْعَالٌ,L2_017 haiku b16,WAZN_NOT_IN_INV
AR06400,حَفْلَةٌ احْتِفَالِيَّةٌ,تركيب,301,15347,موكب وحفل احتفالي ديني,,,,,,,CANDIDATE,,L2_017 haiku b16,
AR06401,طَقْسٌ صَحْوٌ,تركيب,303,15351,طقس صاف وجميل بدون أمطار أو غيوم,,,,,,,CANDIDATE,,L2_017 haiku b16,
AR06402,أُغْمِيَ عَلَيْهِ,تركيب,292,15499,فقدان الوعي نتيجة صدمة عاطفية,,,,,,,CANDIDATE,,L2_017 haiku b16,
AR06403,نَامَ عَمِيقاً,تركيب,292,15501,الدخول في نوم عميق وسريع,,,,,,,CANDIDATE,,L2_017 haiku b16,
AR06404,نَامَ تَدْرِيجِيّاً,تركيب,292,15502,الدخول التدريجي والبطيء إلى النوم,,,,,,,CANDIDATE,,L2_017 haiku b16,
AR06405,اسْتَعَادَ الْوَعْيَ بِصُعُوبَةٍ,تركيب,295,15503,عودة الوعي بعناء وصعوبة,,,,,,,CANDIDATE,,L2_017 haiku b16,
AR06406,يَا,حرف,305,15532,صيغة نداء جذب الانتباه,,,,,,,CANDIDATE,,L2_017 haiku b16,ROOT_WAZN_CLEARED_NO_ROOT_POS
AR06407,أَهْلًا وَسَهْلًا,تركيب,305,15533,تحية غير رسمية للترحيب,,,,,,,CANDIDATE,,L2_017 haiku b16,
AR06408,مَعْ الْعُذْرِ,تركيب,305,15534,تحية رسمية قبل سؤال أو طلب,,,,,,,CANDIDATE,,L2_017 haiku b16,
AR06409,آهِ,مبني,305,15796,,,,,,,,CANDIDATE,,L2_017 haiku b16 | تعجب وصرخة لجذب الانتباه,
AR06410,ضَابِطُ شُرْطَةٍ,تركيب,305,16014,نداء رسمي موجه لضابط شرطة,,,,,,,CANDIDATE,,L2_017 haiku b16,
AR06411,عَاشَ,فعل,310,16350,امتلاك حياة عضوية نشطة,عيش,فَعَلَ,,,,,CANDIDATE,,L2_017 haiku b16,
AR06412,حَيٌّ,صفة مشبهة,304,16364,شخص حي أو كائن حي معين,حيي,فَعِيلٌ,,,,,CANDIDATE,,L2_017 haiku b16,
AR06413,حَيَاةٌ,اسم جامد,310,16365,حالة الكائن الحي والعمليات البيولوجية,حيي,فَعَالَةٌ,,,,,CANDIDATE,,L2_017 haiku b16,
AR06414,مُتَوَفَّىٰ,اسم مفعول,310,16411,الشخص الذي توفي مؤخراً,وفي,,,,,,CANDIDATE,الْمُفَتَعِّل,L2_017 haiku b16,AL_STRIPPED;WAZN_NOT_IN_INV
AR06415,شَخْصٌ,اسم جامد,304,16526;18618,فرد واحد من البشر,شخص,فَعْلٌ,,,,,CANDIDATE,,L2_017 haiku b16,
AR06416,نِيرَانٌ,اسم جامد,289,17068,الرصاص المطلق من السلاح الناري,نار,فِعَالٌ,,,,,CANDIDATE,,L2_017 haiku b16,ROOT_ALIF
AR06417,قَوْمٌ,اسم جامد,304,17293,مجموعة عامة أو محددة من الناس,قوم,فَعْلٌ,,,,,CANDIDATE,,L2_017 haiku b16,
AR06418,تَعْلِيلٌ,مصدر,308,17300,تقديم تفسير أو سبب منطقي لشيء,علل,تَفْعِيلٌ,,,,,CANDIDATE,,L2_017 haiku b16,
AR06419,طَلْقَةٌ,اسم جامد,290,18518,مرة واحدة من إطلاق السلاح الناري,طلق,فَعْلَةٌ,,,,,CANDIDATE,,L2_017 haiku b16,
AR06420,شَخْصٌ مَا,تركيب,304,18615;18616,فرد واحد غير محدد من البشر,,,,,,,CANDIDATE,,L2_017 haiku b16,
AR06421,شَخْصِيَّةٌ,اسم جامد,304,18617,فرد بارز أو شخص مهم من الناس,شخص,فَعْلِيَّةٌ,,,,,CANDIDATE,,L2_017 haiku b16,
AR06422,طَبِيعَةٌ,اسم جامد,304,18619,مجموع السمات والخصائص التي تشكل فردية الشخص,طبع,فَعِيلَةٌ,,,,,CANDIDATE,,L2_017 haiku b16,
AR06423,خَدَشَ,فعل,311,5623;15103,لَمْسٌ خَفِيفٌ عَابِرٌ يُحْدِثُ خَدْشًا,خدش,فَعَلَ,,,,,CANDIDATE,,L2_017 haiku b17,
AR06424,مائِل,صفة مشبهة,311,5624,ضَرْبَةٌ تَنْحَرِفُ عَنْ الخَطّ المُستقيم,ميل,فَاعِلٌ,,,,,CANDIDATE,,L2_017 haiku b17,
AR06425,اصْطَدَمَ,فعل,311,5625;5630;9759;18532,لِقاءٌ قَوِيٌّ مُفاجِئٌ بَيْنَ جِسْمَيْن,صدم,اِفْتَعَلَ,,,,,CANDIDATE,,L2_017 haiku b17,WAZN_LEMMA_MISMATCH
AR06426,ضَرَبَ,فعل,311,5626;5638;6842,اِتِّصالٌ قَوِيٌّ بَيْنَ جِسْمٍ متحرّك وآخر ساكِن,ضرب,فَعَلَ,,,,,CANDIDATE,,L2_017 haiku b17,
AR06427,اندَفَعَ,فعل,311,5627;5633,حَرَكَةٌ سَرِيعَةٌ نَحْوَ شَيْءٍ بِهَدَفِ الاِصْطِدام,دفع,اِنْفَعَلَ,,,,,CANDIDATE,,L2_017 haiku b17,
AR06428,لَطَمَ,فعل,311,5628;6843,ضَرْبَةٌ حادَّةٌ بِقُوَّةٍ عَلَى الوَجْه,لطم,فَعَلَ,,,,,CANDIDATE,,L2_017 haiku b17,
AR06429,تَصَادَمَ,فعل,311,5629;5635;9752,اِصْطِدامٌ عَنِيفٌ بِعَائِقٍ أَوْ مَرْكَبَة,صدم,تَفَاعَلَ,,,,,CANDIDATE,,L2_017 haiku b17,
AR06430,دَقَّ,فعل,311,5632;6838;9756,ضَرْبَةٌ قَوِيَّةٌ عَلَى سَطْحٍ تُحْدِثُ صَوْتًا,دقق,فَعَّلَ,,,,,CANDIDATE,,L2_017 haiku b17,WAZN_LEMMA_MISMATCH
AR06431,صَدَمَ,فعل,311,5634;6840,ضَرْبَةٌ قَوِيَّةٌ مُزْعِجَةٌ غَيْرُ إرادِيَّة,صدم,فَعَلَ,,,,,CANDIDATE,,L2_017 haiku b17,
AR06432,تَصَادُم,مصدر,311,5636,حَادِثَةُ اِصْطِدامِ جِسْمَيْنِ بِبَعْضِهِما,صدم,تَفَاعُلٌ,,,,,CANDIDATE,,L2_017 haiku b17,
AR06433,حَطَّمَ,فعل,311,5637;6839,ضَرْبَةٌ قَوِيَّةٌ تُسَبِّبُ تَكْسِيرًا,حطم,فَعَّلَ,,,,,CANDIDATE,,L2_017 haiku b17,
AR06434,اصْطِدام,مصدر,311,5639,اِتِّصالٌ قَسْرِيٌّ بَيْنَ جِسْمٍ وآخَر,صدم,اِفْتِعَالٌ,,,,,CANDIDATE,,L2_017 haiku b17,WAZN_LEMMA_MISMATCH
AR06435,ضَرْبَة,اسم مرة,311,5640,حَادِثَةُ ضَرْبٍ أَوْ إصابَة,ضرب,فَعْلَةٌ,,,,,CANDIDATE,,L2_017 haiku b17,
AR06436,خَرَّ,فعل,311,5641,سُقُوطٌ ثَقِيلٌ مَسْحُوبٌ بِضَرْبَة,خرر,فَعَّلَ,,,,,CANDIDATE,,L2_017 haiku b17,WAZN_LEMMA_MISMATCH
AR06437,حَطْم,مصدر,311,5642,حَادِثَةُ اِصْطِدامِ مُدَمِّرَة,حطم,فَعْلٌ,,,,,CANDIDATE,,L2_017 haiku b17,
AR06438,سَقَطَ,فعل,311,6841,سُقُوطٌ مِنْ أَعْلَى مَعَ ضَرْبَة,سقط,فَعَلَ,,,,,CANDIDATE,,L2_017 haiku b17,
AR06439,لَكَمَ,فعل,311,6855,ضَرْبَةٌ ثَقِيلَةٌ بِالقَبْضَة,لكم,فَعَلَ,,,,,CANDIDATE,,L2_017 haiku b17,
AR06440,طَرْطَقَ,فعل,311,9751,اِحْتِكاكٌ متكرّر لِلأَسْنان مِنَ البَرْد,طرق,فَعْلَلَ,,,,,CANDIDATE,,L2_017 haiku b17,WAZN_LEMMA_MISMATCH
AR06441,لَمَسَ,فعل,311,9753;11007,اِتِّصالٌ خَفِيفٌ قَصِيرٌ,لمس,فَعَلَ,,,,,CANDIDATE,,L2_017 haiku b17,
AR06442,خَفَقَ,فعل,311,9754,أَصْوات طَرْقَاتٍ خَفِيفَةٍ متكرّرة,خفق,فَعَلَ,,,,,CANDIDATE,,L2_017 haiku b17,
AR06443,رَشّ,فعل,311,9755,ضَرْبَةٌ تُحْدِثُ رَشّاً مِنَ الماء,رشش,,,,,,CANDIDATE,فَعَّ,L2_017 haiku b17,WAZN_NOT_IN_INV
AR06444,رَنّ,فعل,311,9757,سُقُوطٌ يُحْدِثُ صَوْتًا مَعْدِنِيًّا,رنن,,,,,,CANDIDATE,فَعَّ,L2_017 haiku b17,WAZN_NOT_IN_INV
AR06445,صَرْصَرَ,فعل,311,9758;9782,أَصْوات مِنَ الاِصْطِدام بِتكرار,صرر,فَعْلَلَ,,,,,CANDIDATE,,L2_017 haiku b17,WAZN_LEMMA_MISMATCH
AR06446,فَرْقَعَ,فعل,311,9760,اِصْطِدامٌ يُحْدِثُ صَفِيرًا خَفِيفًا,فرق,فَعْلَلَ,,,,,CANDIDATE,,L2_017 haiku b17,WAZN_LEMMA_MISMATCH
AR06447,طَرَقَ,فعل,311,15599,ضَرْبَاتٌ مُسْمَعَةٌ بِقُوَّةٍ متوسِّطة,طرق,فَعَلَ,,,,,CANDIDATE,,L2_017 haiku b17,
AR06448,سَجْن,مصدر,313,5682,حَبْسٌ قَبْلَ الحُكْمِ في القَضِيَّة,سجن,فَعْلٌ,,,,,CANDIDATE,,L2_017 haiku b17,
AR06449,احْتَجَزَ,فعل,313,5684;5685,تَحْتَفِظُ السُّلُطَاتُ بِالشَّخْصِ,حجز,اِفْتَعَلَ,,,,,CANDIDATE,,L2_017 haiku b17,
AR06450,اعْتَقَلَ,فعل,313,5686,حَبْسُ شَخْصٍ كَأَسِيرٍ,عقل,اِفْتَعَلَ,,,,,CANDIDATE,,L2_017 haiku b17,
AR06451,اعْتِقال,مصدر,313,5687,حَبْسٌ وَتَحْديدٌ لِحُرِّيَّة الحَرَكَة,عقل,اِفْتِعَالٌ,,,,,CANDIDATE,,L2_017 haiku b17,
AR06452,هارِب,اسم فاعل,313,9360,شَخْصٌ فَقَدَ وَلَمْ يُوقَفْ بَعْدُ,هرب,فَاعِلٌ,,,,,CANDIDATE,,L2_017 haiku b17,
AR06453,مَقْبُوض عليه,تركيب,313,18388,شَخْصٌ تَمَّ القَبْضُ عَلَيْهِ رَسْمِيًّا,,,,,,,CANDIDATE,,L2_017 haiku b17,
AR06454,مَطَر,اسم جامد,314,5697,رُطُوبَةُ الجَوِّ تَسْقُطُ نُقَاطًا مُنْفَصِلَة,مطر,,,,,,CANDIDATE,,L2_017 haiku b17,WAZN_MISSING
AR06455,مَطَرَ,فعل,314,5698,سُقُوطُ الماء مِنَ السَّماء,مطر,فَعَلَ,,,,,CANDIDATE,,L2_017 haiku b17,
AR06456,حَدَثُ مَطَر,تركيب,314,5699,الحَدَثُ الكَامِلُ لِسُقُوطِ الأَمْطار,,,,,,,CANDIDATE,,L2_017 haiku b17,
AR06457,ثَلَجَ,فعل,314,5700,سُقُوطُ الثَّلْجِ مِنَ السَّماء,ثلج,فَعَلَ,,,,,CANDIDATE,,L2_017 haiku b17,
AR06458,ثَلْج,اسم جامد,314,5701,بُخارُ الماء المُتَجَمِّدُ نُزُولاً,ثلج,,,,,,CANDIDATE,,L2_017 haiku b17,WAZN_MISSING
AR06459,تَسَاقُطُ ثَلْج,تركيب,314,5702,حَدَثُ سُقُوطِ الثَّلْجِ,,,,,,,CANDIDATE,,L2_017 haiku b17,
AR06460,هُطولُ أَمْطار,تركيب,314,5703,حَدَثُ سُقُوطِ الأَمْطار,,,,,,,CANDIDATE,,L2_017 haiku b17,
AR06461,رَذاذ,فعل,314,5704,سُقُوطُ أَمْطارٍ خَفِيفَةٍ جِدًّا,رذذ,,,,,,CANDIDATE,فَعَّ,L2_017 haiku b17,WAZN_LEMMA_MISMATCH;WAZN_NOT_IN_INV
AR06462,رَذاذ,اسم جامد,314,5705,أَمْطارٌ خَفِيفَةٌ جِدًّا دَقِيقَة,رذذ,,,,,,CANDIDATE,,L2_017 haiku b17,WAZN_MISSING
AR06463,جَليد ممطِر,تركيب,314,5706;5707,سُقُوطُ الثَّلْجِ المَخْلُوطِ بِالماء,,,,,,,CANDIDATE,,L2_017 haiku b17,
AR06464,غَيْثٌ شَدِيد,تركيب,314,5708,سُقُوطٌ كَثِيفٌ مِنَ الأَمْطار,,,,,,,CANDIDATE,,L2_017 haiku b17,
AR06465,بَرَد,اسم جامد,314,5710,حُبَيْباتُ ماءٍ مُتَجَمِّدَةٌ تَسْقُطُ,برد,,,,,,CANDIDATE,,L2_017 haiku b17,WAZN_MISSING
AR06466,بَرَدَ,فعل,314,5711,سُقُوطُ البَرَدِ مِنَ السَّماء,برد,فَعَلَ,,,,,CANDIDATE,,L2_017 haiku b17,
AR06467,هُطول,مصدر,314,5712,سُقُوطُ ماءٍ أَوْ جَليدٍ مِنَ السَّماء,هطل,,,,,,CANDIDATE,فُعول,L2_017 haiku b17,WAZN_NOT_IN_INV
AR06468,حَدَثُ هُطول,تركيب,314,5713,الحَدَثُ الكَامِلُ لِلْهُطول,,,,,,,CANDIDATE,,L2_017 haiku b17,
AR06469,وَابِل,اسم جامد,314,5714,سُقُوطٌ خَفِيفٌ مِنَ الأَمْطار أَوِ الثَّلْج,وبل,,,,,,CANDIDATE,,L2_017 haiku b17,WAZN_MISSING
AR06470,فَيِّض,مصدر,314,5715,تَيّارٌ قَوِيٌّ سَرِيعٌ مِنَ الماء,فيض,فَعِيلٌ,,,,,CANDIDATE,,L2_017 haiku b17,
AR06471,رَذّ,فعل,314,5716;15054,سُقُوطُ أَمْطارٍ خَفِيفَةٍ جِدًّا,رذذ,,,,,,CANDIDATE,فَعَّ,L2_017 haiku b17,WAZN_NOT_IN_INV
AR06472,غَزِير,صفة مشبهة,314,6876,سُقُوطٌ كَثِيفٌ سَرِيعٌ كِالتَّيّار,غزر,فَاعِلٌ,,,,,CANDIDATE,,L2_017 haiku b17,
AR06473,حَدَثُ ثَلْج,تركيب,314,18328,الحَدَثُ الكَامِلُ لِسُقُوطِ الثَّلْج,,,,,,,CANDIDATE,,L2_017 haiku b17,
AR06474,تَشَكَّلَ,فعل,316,5749,نُشُوءُ الكَيانِ وتَطَوُّره,شكل,تَفَعَّلَ,,,,,CANDIDATE,,L2_017 haiku b17,
AR06475,وُجِدَ,فعل,316,5750,دُخُولُ الكَيانِ إِلَى الوُجود,وجد,,,,,,CANDIDATE,فُعِلَ,L2_017 haiku b17,WAZN_NOT_IN_INV
AR06476,ظَهَرَ,فعل,316,5751;5753,دُخُولُ الكَيانِ إِلَى الوُجود,ظهر,فَعَلَ,,,,,CANDIDATE,,L2_017 haiku b17,
AR06477,نَشَأَ,فعل,316,5752,بِدايَةُ وُجُودِ الكَيان,نشء,فَعَلَ,,,,,CANDIDATE,,L2_017 haiku b17,ROOT_NORMALIZED
AR06478,أَخَذَ شَكْل,تركيب,316,5754,بِدايَةُ تَحَقُّقِ الكِيانِ المُجَرَّد,,,,,,,CANDIDATE,,L2_017 haiku b17,
AR06479,نَمَا,فعل,316,5756,بِدايَةُ وُجُودِ الكَيان,نمو,فَعَلَ,,,,,CANDIDATE,,L2_017 haiku b17,
AR06480,تَلاحَمَ,فعل,316,5758,اِتِّحادُ أَجْزاءٍ لِتَشْكِيلِ كُل,لحم,تَفَاعَلَ,,,,,CANDIDATE,,L2_017 haiku b17,
AR06481,تَجَسَّدَ,فعل,316,5818,ظُهُورٌ مادِيّ لِكَيان,جسد,تَفَعَّلَ,,,,,CANDIDATE,,L2_017 haiku b17,
AR06482,طَفِقَ,فعل,316,6246,نُشُوءٌ مُفاجِئٌ لِلْكَيان,طفق,فَعِلَ,,,,,CANDIDATE,,L2_017 haiku b17,
AR06483,بَدَأَ في الوُجود,تركيب,316,7346,بِدايَةُ الوُجود الفِعْلِيّ,,,,,,,CANDIDATE,,L2_017 haiku b17,
AR06484,تَطَوَّرَ,فعل,316,13978,تَطَوُّرٌ تَدْرِيجِيٌّ لِلْكَيان,طور,تَفَعَّلَ,,,,,CANDIDATE,,L2_017 haiku b17,
AR06485,تَطَوُّر,مصدر,316,16844;17278,تَشَكُّلٌ غَيْرُ إرادِيّ لِلْكَيان,طور,تَفَعُّلٌ,,,,,CANDIDATE,,L2_017 haiku b17,
AR06486,أَطْلَقَ,فعل,317,5760,تَحْرِيرُ الموضوعِ مِنَ الأَسْرِ,طلق,أَفْعَلَ,,,,,CANDIDATE,,L2_017 haiku b17,
AR06487,أَرْسَلَ,فعل,317,5761,السَّماحُ بِالذِّهابِ بِحُرِّيَّة,رسل,أَفْعَلَ,,,,,CANDIDATE,,L2_017 haiku b17,
AR06488,حَرَّرَ,فعل,317,5762,السَّماحُ بِالخُرُوجِ مِنَ الحَبْس,حرر,فَعَّلَ,,,,,CANDIDATE,,L2_017 haiku b17,
AR06489,إِطْلاق,مصدر,317,13133,الفِعْلُ الَّذِي يُحَرِّر,طلق,إِفْعَالٌ,,,,,CANDIDATE,,L2_017 haiku b17,
AR06490,أَعْلَنَ,فعل,318,6172,إِعْلانُ النَّتِيجَةِ رَسْمِيًّا,علن,أَفْعَلَ,,,,,CANDIDATE,,L2_017 haiku b17,
AR06491,قَرَّرَ,فعل,318,6173,إِصْدارُ قَرارٍ رَسْمِيّ مِنَ المَحْكَمَة,قرر,فَعَّلَ,,,,,CANDIDATE,,L2_017 haiku b17,
AR06492,قَرار,اسم جامد,318,6174,النَّتِيجَةُ المُتَوَصَّلُ إِلَيْها بَعْدَ التَّحْقِيق,قرر,,,,,,CANDIDATE,,L2_017 haiku b17,WAZN_MISSING
AR06493,حُكْم,اسم جامد,318,6176;6183,قَرارٌ رَسْمِيٌّ مِنَ السُّلْطَة,حكم,,,,,,CANDIDATE,,L2_017 haiku b17,WAZN_MISSING
AR06494,أَدَانَ,فعل,318,6177,إِعْلانُ إِدانَةِ المُتَّهَم,دين,أَفْعَلَ,,,,,CANDIDATE,,L2_017 haiku b17,
AR06495,إِدانَة,مصدر,318,6178,عَمَلُ إِدانَةِ الموظَّف بِالذَّنْب,دين,إِفْعَالَةٌ,,,,,CANDIDATE,,L2_017 haiku b17,
AR06496,بَرَّأَ,فعل,318,6180;8315,إِعْلانُ براءَةِ المُتَّهَم,برء,فَعَّلَ,,,,,CANDIDATE,,L2_017 haiku b17,ROOT_NORMALIZED
AR06497,بَراءَة,مصدر,318,6181,إِعْلانٌ رَسْمِيٌّ بِعَدَمِ الذَّنْب,برء,فَعَالَةٌ,,,,,CANDIDATE,,L2_017 haiku b17,ROOT_NORMALIZED
AR06498,مُذْنِب,صفة مشبهة,318,8316,قابِلٌ لِلْإِدانَةِ بِجُرْمٍ,ذنب,,,,,,CANDIDATE,فُعْلِل,L2_017 haiku b17,WAZN_LEMMA_MISMATCH;WAZN_NOT_IN_INV
AR06499,بَريء,صفة مشبهة,318,8317,غَيْرُ قابِلٍ لِلْإِدانَة,برء,فَعِيلٌ,,,,,CANDIDATE,,L2_017 haiku b17,ROOT_NORMALIZED
AR06500,خَلَقَ,فعل,319,11320,إِحْضارُ كَيانٍ إِلَى الوُجود,خلق,فَعَلَ,,,,,CANDIDATE,,L2_017 haiku b17,
AR06501,شَكَّلَ,فعل,319,11321,تَجْمِيعُ الأَجْزاءِ لِتَشْكِيل,شكل,فَعَّلَ,,,,,CANDIDATE,,L2_017 haiku b17,
AR06502,جَمَّعَ,فعل,319,11322,تَجْهِيزُ أَجْزاءِ المَكُون,جمع,فَعَّلَ,,,,,CANDIDATE,,L2_017 haiku b17,
AR06503,أَنْتَجَ,فعل,319,11686;13433,خَلْقٌ كَجُزْءٍ مِنْ عَمَلِيَّة,نتج,أَفْعَلَ,,,,,CANDIDATE,,L2_017 haiku b17,
AR06504,إِنْتاج,مصدر,319,11689,عَمَلِيَّةُ الخَلْقِ الفِيزِيائِيَّة,نتج,إِفْعَالٌ,,,,,CANDIDATE,,L2_017 haiku b17,
AR06505,تَشْكِيل,مصدر,319,11719,الفِعْلُ بِجَمْعِ المُكَوِّنات,شكل,تَفْعِيلٌ,,,,,CANDIDATE,,L2_017 haiku b17,
AR06506,وَلَّدَ,فعل,319,12548,إِنْتاجُ كَيانٍ,ولد,فَعَّلَ,,,,,CANDIDATE,,L2_017 haiku b17,
AR06507,أَصْدَرَ,فعل,319,14258,إِبْلاغٌ رَسْمِيٌّ بِقَرار,صدر,أَفْعَلَ,,,,,CANDIDATE,,L2_017 haiku b17,
AR06508,إِصْدار,مصدر,319,14259,حالَةُ الإِبْلاغِ الرَّسْمِيّ,صدر,إِفْعَالٌ,,,,,CANDIDATE,,L2_017 haiku b17,
AR06509,صَنَعَ,فعل,319,17501,خَلْقٌ مَرْكِزٌ عَلَى النَّتِيجَة,صنع,فَعَلَ,,,,,CANDIDATE,,L2_017 haiku b17,
AR06510,حاكَمَ,فعل,320,9131,عَرْضُ المُتَّهَمِ عَلَى المَحْكَمَة,حكم,فَاعَلَ,,,,,CANDIDATE,,L2_017 haiku b17,
AR06511,وَظَّفَ,فعل,322,5774;10534,إِشْتِغالٌ بِأُجْرَة,وظف,فَعَّلَ,,,,,CANDIDATE,,L2_017 haiku b17,
AR06512,وَقَّعَ,فعل,322,5775;15645,تعيينُ شَخْصٍ بِعَقْد,وقع,فَعَّلَ,,,,,CANDIDATE,,L2_017 haiku b17,
AR06513,اسْتَبْقَى,فعل,322,5776,الاِحْتِفاظُ بِخِدْمَات,بقي,اِسْتَفْعَلَ,,,,,CANDIDATE,,L2_017 haiku b17,
AR06514,كَلَّفَ,فعل,322,5777,طَلَبُ تَنْفِيذِ عَمَل,كلف,فَعَّلَ,,,,,CANDIDATE,,L2_017 haiku b17,
AR06515,اسْتَقْدَمَ,فعل,322,5778,قَبُولُ شَخْصٍ كَموظَّف,قدم,اِسْتَفْعَلَ,,,,,CANDIDATE,,L2_017 haiku b17,
AR06516,تَوْظِيف,مصدر,322,5779,عَمَلِيَّةُ قَبُولِ موظَّف,وظف,تَفْعِيلٌ,,,,,CANDIDATE,,L2_017 haiku b17,
AR06517,تكليف,مصدر,322,13257,عَمَلِيَّةُ تَكْلِيفِ شَخْص,كلف,تَفْعِيلٌ,,,,,CANDIDATE,,L2_017 haiku b17,UNVOCALIZED
AR06518,تَعاقَدَ,فعل,322,15643;15646,إِسْنادُ عَمَل بِعَقْد,عقد,تَفَاعَلَ,,,,,CANDIDATE,,L2_017 haiku b17,
AR06519,عَقَّدَ,فعل,322,15644,تَوْكِيلُ عَمَل بِعَقْدِ فَرْعِيّ,عقد,فَعَّلَ,,,,,CANDIDATE,,L2_017 haiku b17,
AR06520,وَظَّفَ,فعل,323,5786,اسْتِخْدامُ شَخْصٍ مُقابِلَ أُجْرَة,وظف,فَعَّلَ,,,,,CANDIDATE,,L2_017 haiku b17,
AR06521,صاحِبُ عَمَل,تركيب,323,8395,الشَّخْصُ الَّذِي يَسْتَخْدِمُ موظَّفًا,,,,,,,CANDIDATE,,L2_017 haiku b17,
AR06522,موظَّف,اسم مفعول,323,8396,شَخْصٌ مَأْجُورٌ لِلْعَمَل,وظف,مُفَعَّلٌ,,,,,CANDIDATE,,L2_017 haiku b17,
AR06523,كَلَّفَ,فعل,323,11168,طَلَبُ تَنْفِيذِ عَمَل مِنْ قِبَل,كلف,فَعَّلَ,,,,,CANDIDATE,,L2_017 haiku b17,
AR06524,كادِر,اسم جامد,323,11685,الأَفْرادُ المُسْتَخْدَمُون بِجِهَة,كدر,,,,,,CANDIDATE,,L2_017 haiku b17,WAZN_MISSING
AR06525,فَرِيق عَمَل,تركيب,323,11771,مَجْمُوعَةُ الموظَّفِين في مُؤَسَّسَة,,,,,,,CANDIDATE,,L2_017 haiku b17,
AR06526,تَوْظِيف,مصدر,323,12591,عَمَلِيَّةُ اسْتِخْدامِ موظَّف,وظف,تَفْعِيلٌ,,,,,CANDIDATE,,L2_017 haiku b17,
AR06527,عامِل,اسم فاعل,323,13351,شَخْصٌ يَقُومُ بِعَمَل,عمل,فَاعِلٌ,,,,,CANDIDATE,,L2_017 haiku b17,
AR06528,وَقَّعَ,فعل,324,10530,اِلْتِزامٌ بِعَقْدِ عَمَل,وقع,فَعَّلَ,,,,,CANDIDATE,,L2_017 haiku b17,
AR06529,قَبِلَ وَظِيفَة,تركيب,324,10532,قَبُولُ عَرْضِ عَمَل,,,,,,,CANDIDATE,,L2_017 haiku b17,
AR06530,اسْتَقالَ,فعل,325,5789;5790;5792;11976,تَرْكٌ طَوْعِيٌّ لِلْعَمَل,قيل,اِسْتَفْعَلَ,,,,,CANDIDATE,,L2_017 haiku b17,
AR06531,تَقاعَدَ,فعل,325,5791,التَّوَقُّفُ عَنِ العَمَل بِسَبَبِ السِّن,قعد,تَفَاعَلَ,,,,,CANDIDATE,,L2_017 haiku b17,
AR06532,اسْتِقالَة,مصدر,325,5793,التَّوَقُّفُ الطَّوْعِيُّ عَنِ العَمَل,قيل,اِسْتِفْعَالَةٌ,,,,,CANDIDATE,,L2_017 haiku b17,
AR06533,تَقاعُد,مصدر,325,5794,التَّوَقُّفُ النِّهائِيُّ عَنِ العَمَل,قعد,تَفَاعُلٌ,,,,,CANDIDATE,,L2_017 haiku b17,
AR06534,أَبْلَغَ اسْتِقالَة,تركيب,325,5795,إِخْبارُ صاحِبِ العَمَلِ بِالتَّرْك,,,,,,,CANDIDATE,,L2_017 haiku b17,
AR06535,تَرَكَ,فعل,325,14569,التَّوَقُّفُ عَنِ الوَظِيفَة,ترك,فَعَلَ,,,,,CANDIDATE,,L2_017 haiku b17,
AR06536,أَقالَ,فعل,326,5796;5801,فَصْلٌ مِنَ الوَظِيفَة,قيل,أَفْعَلَ,,,,,CANDIDATE,,L2_017 haiku b17,
AR06537,فَصَلَ,فعل,326,5797;5798;5799;5802,رَفْضٌ لِلْموظَّفِ كَغَيْرِ كافٍ,فصل,فَعَلَ,,,,,CANDIDATE,,L2_017 haiku b17,
AR06538,طَرَدَ,فعل,326,5800;5806;17275,إِنْهاءُ عِلاقَةِ العَمَل,طرد,فَعَلَ,,,,,CANDIDATE,,L2_017 haiku b17,
AR06539,سَرَّحَ,فعل,326,5803,فَصْلٌ بِسَبَبِ الظُّرُوف,سرح,فَعَّلَ,,,,,CANDIDATE,,L2_017 haiku b17,
AR06540,إِقالَة,مصدر,326,5804,حَادِثَةُ الفَصْلِ مِنَ الوَظِيفَة,قيل,إِفْعَالَةٌ,,,,,CANDIDATE,,L2_017 haiku b17,
AR06541,فَصْل,مصدر,326,5805,التَّوَقُّفُ عَنِ الاسْتِخْدام,فصل,فَعْلٌ,,,,,CANDIDATE,,L2_017 haiku b17,
AR06542,تَسْرِيح,مصدر,326,5807,فَصْلٌ مُؤَقَّتٌ أَوْ دائِمٌ,سرح,تَفْعِيلٌ,,,,,CANDIDATE,,L2_017 haiku b17,
AR06543,طَرْد,مصدر,326,5808,فَصْلٌ مِنَ الوَظِيفَة,طرد,فَعْلٌ,,,,,CANDIDATE,,L2_017 haiku b17,
AR06544,إِنْهاء,مصدر,326,5809,إِنْهاءُ عِلاقَةِ التَّوظِيفِ,نهي,إِفْعَالٌ,,,,,CANDIDATE,,L2_017 haiku b17,ROOT_NORMALIZED
AR06545,اسْتَغْنَى,فعل,326,5937,تَقْلِيلُ الموظَّفِين,غني,اِسْتَفْعَلَ,,,,,CANDIDATE,,L2_017 haiku b17,ROOT_NORMALIZED
AR06546,خارِجِيّ,اسم منسوب,327,5827;5828;5830,مَوْجُودٌ عَلَى الجِهَةِ الخارِجِيَّة,خرج,فَاعِلِيٌّ,,,,,CANDIDATE,,L2_017 haiku b17,
AR06547,داخِلِيّ,اسم منسوب,327,5829;5831,مَوْجُودٌ في الداخِل,دخل,فَاعِلِيٌّ,,,,,CANDIDATE,,L2_017 haiku b17,
AR06548,ظاهِر,اسم فاعل,327,5832;8849,السَّطْحُ الخارِجِيُّ للشَّيْء,ظهر,فَاعِلٌ,,,,,CANDIDATE,,L2_017 haiku b17,
AR06549,قِشْرَة,اسم جامد,327,5833;11256,الطَّبَقَةُ الخارِجِيَّةُ للثَّمَرَة,قشر,,,,,,CANDIDATE,,L2_017 haiku b17,WAZN_MISSING
AR06550,بِطانَة,اسم جامد,327,5834,طَبَقَةٌ تُغَطِّي الدّاخِل,بطن,,,,,,CANDIDATE,,L2_017 haiku b17,WAZN_MISSING
AR06551,محيط,اسم جامد,327,5881,الأَجْزاءُ الحافَّةُ لِمِنطقة,حيط,,,,,,CANDIDATE,,L2_017 haiku b17,UNVOCALIZED;WAZN_MISSING
AR06552,مَرْكَز,اسم جامد,327,8848,نُقْطَةٌ وَسْطِيَّةٌ متساوِيَة,مركز,,,,,,CANDIDATE,,L2_017 haiku b17,WAZN_MISSING
AR06553,داخِل,اسم جامد,327,8850,الجِهَةُ الدّاخِلِيَّةُ للشَّيْء,دخل,,,,,,CANDIDATE,,L2_017 haiku b17,WAZN_MISSING
AR06554,داخِلِيّ,صفة مشبهة,327,8851,يَتَعَلَّقُ بِالدّاخِل,دخل,فَاعِلِيٌّ,,,,,CANDIDATE,,L2_017 haiku b17,
AR06555,وسْط,اسم جامد,327,8852,النُّقْطَةُ الوسْطِيَّة,وسط,,,,,,CANDIDATE,,L2_017 haiku b17,WAZN_MISSING
AR06556,سَطْح,اسم جامد,327,13759,الطَّبَقَةُ الخارِجِيَّةُ الظَّاهِرَة,سطح,,,,,,CANDIDATE,,L2_017 haiku b17,WAZN_MISSING
AR06557,وسْطِيّ,اسم منسوب,327,15545,قَرِيبٌ مِنَ المَرْكَز,وسط,فَاعِلِيٌّ,,,,,CANDIDATE,,L2_017 haiku b17,
AR06558,مُرَبَّع,اسم مفعول,328,5836,شَكْلٌ هَندَسِيٌّ رُباعِيٌّ,ربع,مُفَعَّلٌ,,,,,CANDIDATE,,L2_017 haiku b17,
AR06559,شَرِيحَة,اسم جامد,328,5837,جُزْءٌ مِنْ مادَّة مُسَطَّحٌ,شرح,,,,,,CANDIDATE,,L2_017 haiku b17,WAZN_MISSING
AR06560,لَفّ,مصدر,328,5838,طُولٌ مِنْ شَيْءٍ مَلْفُوفٌ,لفف,,,,,,CANDIDATE,فَعّ,L2_017 haiku b17,WAZN_NOT_IN_INV
AR06561,مُكَعَّب,اسم مفعول,328,5840,شَكْلٌ ثُلاثِيٌّ متساوِي الأَضْلاع,كعب,مُفَعَّلٌ,,,,,CANDIDATE,,L2_017 haiku b17,
AR06562,عَصا,اسم جامد,328,5841,جِسْمٌ طَوِيلٌ رَقِيقٌ,عصو,,,,,,CANDIDATE,,L2_017 haiku b17,WAZN_MISSING
AR06563,شَرِيط,اسم جامد,328,5842;5844,قِطْعَةٌ طَوِيلَةٌ ضَيِّقَة,شرط,,,,,,CANDIDATE,,L2_017 haiku b17,WAZN_MISSING
AR06564,امْتِدادٌ,مصدر,328,5843,سَاحَةٌ متصِلَةٌ مُستمِرَّة,متد,,,,,,CANDIDATE,اِمْتِعال,L2_017 haiku b17,WAZN_LEMMA_MISMATCH;WAZN_NOT_IN_INV
AR06565,رُقْعَة,اسم جامد,328,5846,مَساحَةٌ واسِعَةٌ متصِلَة,رقع,,,,,,CANDIDATE,,L2_017 haiku b17,WAZN_MISSING
AR06566,دائِرَة,اسم جامد,328,5847,شَكْلٌ هَندَسِيٌّ مُسْتَدِير,دور,,,,,,CANDIDATE,,L2_017 haiku b17,WAZN_MISSING
AR06567,كُرَة,اسم جامد,328,5866,جِسْمٌ مُسْتَدِيرٌ صُلْبٌ,كور,,,,,,CANDIDATE,,L2_017 haiku b17,WAZN_MISSING
AR06568,طُول,اسم جامد,328,5867,مَسافَةٌ أَوْ جُزْءٌ مِنْ شَيْء,طول,,,,,,CANDIDATE,,L2_017 haiku b17,WAZN_MISSING
AR06569,شَكْل,اسم جامد,328,11417,الصُّورَةُ الخارِجِيَّةُ للشَّيْء,شكل,,,,,,CANDIDATE,,L2_017 haiku b17,WAZN_MISSING
AR06570,مُنْحَنًى,اسم فاعل,328,13820,خَطٌّ غَيْرُ مُستقيم,حني,مُفْعَلٌ,,,,,CANDIDATE,,L2_017 haiku b17,
AR06571,دائِرِيّ,اسم منسوب,328,14583;15371,عَلَى شَكْلِ دائِرَة,دور,فَاعِلِيٌّ,,,,,CANDIDATE,,L2_017 haiku b17,
AR06572,خَطّ,اسم جامد,328,15365,شَكْلٌ أُحادِيُّ البُعْد,خطط,,,,,,CANDIDATE,,L2_017 haiku b17,WAZN_MISSING
AR06573,صَفّ,اسم جامد,328,15366,خَطٌّ متكرّر مُتجاوِر,صفف,,,,,,CANDIDATE,,L2_017 haiku b17,WAZN_MISSING
AR06574,مُثَلَّث,اسم مفعول,328,15367,شَكْلٌ هَندَسِيٌّ ثُلاثِيّ,ثلث,مُفَعَّلٌ,,,,,CANDIDATE,,L2_017 haiku b17,
AR06575,إِسْفَين,اسم جامد,328,15368,جُزْءٌ مِنْ دائِرَة كاملَة,سفن,,,,,,CANDIDATE,,L2_017 haiku b17,WAZN_MISSING
AR06576,حَرْف,اسم جامد,328,15369,شَكْلٌ يُشْبِهُ حَرْفَ الفاء,حرف,,,,,,CANDIDATE,,L2_017 haiku b17,WAZN_MISSING
AR06577,بَيْضاوِيّ,اسم منسوب,328,15370,شَكْلٌ شَبِيهٌ بِالبَيْضَة,بيض,فَاعِلِيٌّ,,,,,CANDIDATE,,L2_017 haiku b17,
AR06578,إِهْلِيج,اسم جامد,328,15372,شَكْلٌ يَنْتُجُ مِنْ قَطْعِ مُخْروط,هلج,,,,,,CANDIDATE,,L2_017 haiku b17,WAZN_MISSING
AR06579,حُدود,اسم جامد,329,11332,خَطٌّ يَفْصِلُ بَيْنَ دَوْلَتَيْن,حدد,,,,,,CANDIDATE,,L2_017 haiku b17,WAZN_MISSING
AR06580,حَدّ,اسم جامد,329,11334,خَطٌّ يَحْدِدُ حُدودَ مِنْطقَة,حدد,,,,,,CANDIDATE,,L2_017 haiku b17,WAZN_MISSING
AR06581,حافَّة,اسم جامد,329,13841,الحَدُّ الخارِجِيُّ للشَّيْء,حفف,,,,,,CANDIDATE,,L2_017 haiku b17,WAZN_MISSING
AR06582,خَطّ,اسم جامد,329,13843,حَدٌّ فاصِلٌ بَيْنَ كِيانَيْن,خطط,,,,,,CANDIDATE,,L2_017 haiku b17,WAZN_MISSING
AR06583,حافَّة,اسم جامد,330,5880,الحَدُّ الخارِجِيُّ للجِسْم,حفف,,,,,,CANDIDATE,,L2_017 haiku b17,WAZN_MISSING
AR06584,شَوْط,اسم جامد,331,5906,كُلُّ قِسْمٍ مِنْ أَقْسامِ اللُّعْبَة,شوط,,,,,,CANDIDATE,,L2_017 haiku b17,WAZN_MISSING
AR06585,فَصْل,اسم جامد,331,5939,قِسْمٌ رَئِيسِيٌّ مِنْ الكِتاب,فصل,,,,,,CANDIDATE,,L2_017 haiku b17,WAZN_MISSING
AR06586,فِعْل,اسم جامد,331,11257,قِسْمٌ رَئِيسِيٌّ مِنَ العَرْض,فعل,,,,,,CANDIDATE,,L2_017 haiku b17,WAZN_MISSING
AR06587,كِتاب,اسم جامد,331,13998,قِسْمٌ رَئِيسِيٌّ مِنَ العَمَل,كتب,,,,,,CANDIDATE,,L2_017 haiku b17,WAZN_MISSING
AR06588,طَبَقَة,اسم جامد,331,16422,كَمِّيَّةٌ تُغَطِّي سَطْحًا,طبق,,,,,,CANDIDATE,,L2_017 haiku b17,WAZN_MISSING
AR06589,مُسْتَوًى,اسم جامد,331,16423,قِسْمٌ أُفُقِيٌّ مِنَ المادَّة,ستو,,,,,,CANDIDATE,,L2_017 haiku b17,WAZN_MISSING
AR06590,مُنقِع,اسم مفعول,332,5849;5887,بَلِيلٌ تماماً بِالماء,نقع,,,,,,CANDIDATE,مُفَعِل,L2_017 haiku b17,WAZN_NOT_IN_INV
AR06591,رَطْب,صفة مشبهة,332,5855;5856;5978,فِيهِ رُطُوبَةٌ خَفِيفَة,رطب,فَعْلٌ,,,,,CANDIDATE,,L2_017 haiku b17,
AR06592,مَبْلُول,اسم مفعول,332,5857;6009,مُغَطًّى بِالسّائِل,بلل,مَفْعُولٌ,,,,,CANDIDATE,,L2_017 haiku b17,
AR06593,منقوع,اسم مفعول,332,5858,بَلِيلٌ جِدًّا بِالماء,نقع,مَفْعُولٌ,,,,,CANDIDATE,,L2_017 haiku b17,UNVOCALIZED
AR06594,رِيّ,صفة مشبهة,332,5860,مُشْبَعٌ بِالسّائِل تماماً,روي,فَعِيلٌ,,,,,CANDIDATE,,L2_017 haiku b17,
AR06595,غَرِق,صفة مشبهة,332,5884;5886,بَلِيلٌ جِدًّا وَلَيِّن,غرق,فَعِلٌ,,,,,CANDIDATE,,L2_017 haiku b17,
AR06596,بَاقِع,صفة مشبهة,332,5885,مُشْبَعٌ بِالماء تماماً,بقع,فَاعِلٌ,,,,,CANDIDATE,,L2_017 haiku b17,
AR06597,مُغْمُور,اسم مفعول,332,5888,مَلِيءٌ بِالماء,غمر,,,,,,CANDIDATE,مُفْعُول,L2_017 haiku b17,WAZN_NOT_IN_INV
AR06598,نَدِيّ,صفة مشبهة,332,6007,مُغَطًّى بِالنَّدَى,ندي,فَعِيلٌ,,,,,CANDIDATE,,L2_017 haiku b17,
AR06599,لَزِج,صفة مشبهة,332,6008,بَلِيلٌ وَلَزِجٌ غَيْرُ مُريح,لزج,فَعِلٌ,,,,,CANDIDATE,,L2_017 haiku b17,
AR06600,مُتَصَبِّب,اسم فاعل,332,6013,مَنْقُوعٌ بِالعَرَق,صبب,مُتَفَعِّلٌ,,,,,CANDIDATE,,L2_017 haiku b17,
AR06601,نَقَعَ,فعل,333,5889;17569,إِغْمارُ شَيْءٍ في سائِل,نقع,فَعَلَ,,,,,CANDIDATE,,L2_017 haiku b17,
AR06602,تَتَبِيل,مصدر,333,5890,نَقْعُ اللَّحْمِ في المَرِيج,تبل,تَفْعِيلٌ,,,,,CANDIDATE,,L2_017 haiku b17,
AR06603,سَخَّنَ,فعل,334,5908;6081,جَعْلُ شَيْءٍ ساخِناً,سخن,فَعَّلَ,,,,,CANDIDATE,,L2_017 haiku b17,
AR06604,دَفَّأَ,فعل,334,5909;6083,رَفْعُ درجَةِ حَرارَةِ الشَّيْء,دفء,فَعَّلَ,,,,,CANDIDATE,,L2_017 haiku b17,ROOT_NORMALIZED
AR06605,بَرَّدَ,فعل,334,5910;6082;7295,خَفْضُ درجَةِ الحَرارَة,برد,فَعَّلَ,,,,,CANDIDATE,,L2_017 haiku b17,
AR06606,ثَلَّجَ,فعل,334,5912,خَفْضُ درجَةِ الحَرارَة بِسَرِيع,ثلج,فَعَّلَ,,,,,CANDIDATE,,L2_017 haiku b17,
AR06607,أَعادَ تَسْخِين,تركيب,334,6088,جَعْلُ شَيْءٍ ساخِناً مِنْ جَدِيد,,,,,,,CANDIDATE,,L2_017 haiku b17,
AR06608,أَحْرَقَ,فعل,334,12059,جَعْلُ شَيْءٍ حارّاً جِداً,حرق,أَفْعَلَ,,,,,CANDIDATE,,L2_017 haiku b17,
AR06609,جَمَّدَ,فعل,335,5913,جعل الشيء يتحول إلى جليد بالبرد الشديد,جمد,فَعَّلَ,,,,,CANDIDATE,,L2_017 haiku b18,
AR06610,ذَابَ,فعل,335,5914;5915;12030,تحول الشيء من الحالة الصلبة إلى السائلة بالحرارة,ذوب,فَعَلَ,,,,,CANDIDATE,,L2_017 haiku b18,
AR06611,فَكَّ,فعل,335,5916,إزالة الجليد عن الطعام المجمد,فكك,فَعَّلَ,,,,,CANDIDATE,,L2_017 haiku b18,WAZN_LEMMA_MISMATCH
AR06612,تَبَخَّرَ,فعل,335,5917,تحول السائل إلى بخار أو غاز,بخر,تَفَعَّلَ,,,,,CANDIDATE,,L2_017 haiku b18,
AR06613,سَالَ,فعل,335,6880,جعل الشيء يتحول إلى سائل,سيل,فَعَلَ,,,,,CANDIDATE,,L2_017 haiku b18,
AR06614,صَلُبَ,فعل,335,11115,أصبح الشيء صلباً أو قاسياً,صلب,فَعُلَ,,,,,CANDIDATE,,L2_017 haiku b18,
AR06615,صَهَرَ,فعل,335,12029,معالجة المعدن بمادة لتعزيز الذوبان,صهر,فَعَلَ,,,,,CANDIDATE,,L2_017 haiku b18,
AR06616,غَلَيَ,فعل,335,13496,بدء غليان السائل بشكل سريع,غلي,فَعِلَ,,,,,CANDIDATE,,L2_017 haiku b18,
AR06617,تَجَمَّدَ,فعل,336,5921,تحول الماء إلى جليد بالبرد الشديد,جمد,تَفَعَّلَ,,,,,CANDIDATE,,L2_017 haiku b18,
AR06618,ذَابَ,فعل,336,5923;5942;5954;17519,تحول الشيء إلى سائل,ذوب,فَعَلَ,,,,,CANDIDATE,,L2_017 haiku b18,
AR06619,تَبَخَّرَ,فعل,336,5932;5940,تحول الشيء إلى بخار أو غاز,بخر,تَفَعَّلَ,,,,,CANDIDATE,,L2_017 haiku b18,
AR06620,صَلُبَ,فعل,336,5941,أصبح الشيء قاسياً وصلباً,صلب,فَعُلَ,,,,,CANDIDATE,,L2_017 haiku b18,
AR06621,تَصَاعَدَ,فعل,336,5943,تحول الجسم الصلب مباشرة إلى بخار,صعد,تَفَاعَلَ,,,,,CANDIDATE,,L2_017 haiku b18,
AR06622,تَكَثَّفَ,فعل,336,5944,تحول الغاز إلى سائل,كثف,تَفَعَّلَ,,,,,CANDIDATE,,L2_017 haiku b18,
AR06623,فَكَّ,فعل,336,5972,إزالة الجليد عن الطعام المجمد,فكك,فَعَّلَ,,,,,CANDIDATE,,L2_017 haiku b18,WAZN_LEMMA_MISMATCH
AR06624,تَكَثُّف,مصدر,336,8015,تحول البخار إلى سائل,كثف,تَفَعُّلٌ,,,,,CANDIDATE,,L2_017 haiku b18,
AR06625,تَبَخُّر,مصدر,336,8016,عملية تحول السائل إلى غاز,بخر,تَفَعُّلٌ,,,,,CANDIDATE,,L2_017 haiku b18,
AR06626,تَصَلُّب,مصدر,336,8018,عملية أصبح الشيء أكثر صلابة,صلب,تَفَعُّلٌ,,,,,CANDIDATE,,L2_017 haiku b18,
AR06627,تَصَاعُد,مصدر,336,8019,عملية تحول الجسم الصلب إلى بخار,صعد,تَفَاعُلٌ,,,,,CANDIDATE,,L2_017 haiku b18,
AR06628,جَفَّفَ,فعل,337,5918;5951;5953;6004;11135;13495,إزالة الرطوبة من الشيء,جفف,فَعَّلَ,,,,,CANDIDATE,,L2_017 haiku b18,
AR06629,جَفَّ,فعل,337,5919,أصبح الشيء جافاً بلا رطوبة,جفف,فَعَّلَ,,,,,CANDIDATE,,L2_017 haiku b18,WAZN_LEMMA_MISMATCH
AR06630,نَشَّفَ,فعل,337,5946,إزالة الرطوبة من الهواء أو الغاز,نشف,فَعَّلَ,,,,,CANDIDATE,,L2_017 haiku b18,
AR06631,تَجْفِيف,مصدر,337,6011,عملية إزالة الرطوبة,جفف,تَفْعِيلٌ,,,,,CANDIDATE,,L2_017 haiku b18,
AR06632,إزالة الرطوبة,تركيب,337,6012,إزالة الرطوبة من الهواء والغاز,,,,,,,CANDIDATE,,L2_017 haiku b18,UNVOCALIZED
AR06633,جَاف,صفة مشبهة,338,6001;6006;11108,خالي من الرطوبة والماء,جفف,فَاعِلٌ,,,,,CANDIDATE,,L2_017 haiku b18,WAZN_LEMMA_MISMATCH
AR06634,مُحْتَرِق,اسم مفعول,338,6003,جاف جداً من شدة الجفاف,حرق,مُفْعَلٌ,,,,,CANDIDATE,,L2_017 haiku b18,WAZN_LEMMA_MISMATCH
AR06635,جَافِف,صفة مشبهة,338,6005,مُزالة الرطوبة منه,جفف,فَاعِلٌ,,,,,CANDIDATE,,L2_017 haiku b18,
AR06636,حَنَّطَ,فعل,339,5926;5928,حفظ الجسد من التحلل كمومياء,حنط,فَعَّلَ,,,,,CANDIDATE,,L2_017 haiku b18,
AR06637,مَلَّحَ,فعل,339,5927;5929;5979,حفظ الطعام بغمره في المحلول الملحي,ملح,فَعَّلَ,,,,,CANDIDATE,,L2_017 haiku b18,
AR06638,تَحْنِيط,مصدر,339,6035;7234,عملية حفظ الجسد من التحلل,حنط,تَفْعِيلٌ,,,,,CANDIDATE,,L2_017 haiku b18,
AR06639,حِفْظ,مصدر,339,6037,منع الطعام من التحلل والتعفن,حفظ,فِعْلٌ,,,,,CANDIDATE,,L2_017 haiku b18,
AR06640,حَفِظَ,فعل,339,6038;7027,حفظ الطعام داخل علبة معدنية,حفظ,فَعِلَ,,,,,CANDIDATE,,L2_017 haiku b18,
AR06641,جَفَّفَ,فعل,339,11293,حفظ الطعام بإزالة الرطوبة منه,جفف,فَعَّلَ,,,,,CANDIDATE,,L2_017 haiku b18,
AR06642,تَعَفَّنَ,فعل,340,5933;5934;5936,تحلل المادة العضوية برائحة كريهة,عفن,تَفَعَّلَ,,,,,CANDIDATE,,L2_017 haiku b18,
AR06643,تَحَلَّلَ,فعل,340,5935;5956,تحلل المادة العضوية وتعفنها,حلل,تَفَعَّلَ,,,,,CANDIDATE,,L2_017 haiku b18,
AR06644,تَقَيَّحَ,فعل,340,5955,أصبح الشيء متعفناً,قيح,تَفَعَّلَ,,,,,CANDIDATE,,L2_017 haiku b18,
AR06645,هَلَكَ,فعل,340,6089,تحلل الشيء وتعفنه,هلك,فَعَلَ,,,,,CANDIDATE,,L2_017 haiku b18,
AR06646,فَسَدَ,فعل,340,6189,أصبح الطعام غير صالح للأكل,فسد,فَعَلَ,,,,,CANDIDATE,,L2_017 haiku b18,
AR06647,تَحَلُّل,مصدر,340,8020,حالة أو عملية تحلل الشيء,حلل,تَفَعُّلٌ,,,,,CANDIDATE,,L2_017 haiku b18,
AR06648,تَعَفُّن,مصدر,340,8021,عملية تحلل المادة العضوية,عفن,تَفَعُّلٌ,,,,,CANDIDATE,,L2_017 haiku b18,
AR06649,تَجَمَّدَ,فعل,341,5945;5947;5948,أصبح الشيء شبه صلب خاصة بالتبريد,جمد,تَفَعَّلَ,,,,,CANDIDATE,,L2_017 haiku b18,
AR06650,تَجَلَّطَ,فعل,341,5949,تكون تجمعات في السائل,جلط,تَفَعَّلَ,,,,,CANDIDATE,,L2_017 haiku b18,
AR06651,لَانَ,فعل,341,5950,أصبح الشيء أكثر ليونة ونعومة,لين,فَعَلَ,,,,,CANDIDATE,,L2_017 haiku b18,
AR06652,صَلُبَ,فعل,341,5952;6884;12128,أصبح الشيء أكثر قسوة وصلابة,صلب,فَعُلَ,,,,,CANDIDATE,,L2_017 haiku b18,
AR06653,تَخَثَّرَ,فعل,341,6039,تحول الحليب إلى قطع والشرش,خثر,تَفَعَّلَ,,,,,CANDIDATE,,L2_017 haiku b18,
AR06654,ثَخُنَ,فعل,341,6040,أصبح الشيء أكثر سمكاً وتماسكاً,ثخن,فَعُلَ,,,,,CANDIDATE,,L2_017 haiku b18,
AR06655,تَجَمُّد,مصدر,341,7986,عملية تحول السائل إلى حالة جامدة,جمد,تَفَعُّلٌ,,,,,CANDIDATE,,L2_017 haiku b18,
AR06656,رَقَّ,فعل,341,17565,أصبح الشيء أقل كثافة وسمكاً,رقق,فَعَّلَ,,,,,CANDIDATE,,L2_017 haiku b18,WAZN_LEMMA_MISMATCH
AR06657,كِفَاية,اسم جامد,342,5980;5991,الكمية الضرورية المطلوبة,كفي,فِعَالَةٌ,,,,,CANDIDATE,,L2_017 haiku b18,ROOT_NORMALIZED
AR06658,كَفَى,فعل,342,5981;5983,إلى الدرجة المطلوبة والمرضية,كفي,فَعَلَ,,,,,CANDIDATE,,L2_017 haiku b18,ROOT_NORMALIZED
AR06659,كَافٍ,صفة مشبهة,342,5982;5984;5988,بقدر كافٍ ومناسب للحاجة,كفي,فَاعِلٌ,,,,,CANDIDATE,,L2_017 haiku b18,ROOT_NORMALIZED
AR06660,بِكِفَايَة,ظرف,342,5985,بطريقة ملبية للاحتياجات,كفي,,,,,,CANDIDATE,بِفِعَالَة,L2_017 haiku b18,ROOT_NORMALIZED;WAZN_NOT_IN_INV
AR06661,نَاقِص,صفة مشبهة,342,5986;5993,غير كافٍ للاحتياجات,نقص,فَاعِلٌ,,,,,CANDIDATE,,L2_017 haiku b18,
AR06662,بِعَجْز,ظرف,342,5987,بدون قدرة أو كفاءة كافية,,,,,,,CANDIDATE,,L2_017 haiku b18,ROOT_MISSING;WAZN_MISSING
AR06663,بِرِضًا,ظرف,342,5989,بطريقة مرضية وقابلة للقبول,,,,,,,CANDIDATE,,L2_017 haiku b18,ROOT_MISSING;WAZN_MISSING
AR06664,عَدَم الكِفَايَة,تركيب,342,5990,حالة عدم كفاية الشيء,,,,,,,CANDIDATE,,L2_017 haiku b18,
AR06665,عَجْز,اسم جامد,342,5992,نقصان في الجودة أو الكمية,عجز,فَعْلٌ,,,,,CANDIDATE,,L2_017 haiku b18,
AR06666,بِنَقْص,ظرف,342,5994,بدون الجودة الكافية المطلوبة,,,,,,,CANDIDATE,,L2_017 haiku b18,ROOT_MISSING;WAZN_MISSING
AR06667,وَفْرَة,اسم جامد,342,5995,كمية كبيرة أو كافية من الشيء,وفر,فَعْلَةٌ,,,,,CANDIDATE,,L2_017 haiku b18,
AR06668,بِوَفْرَة,ظرف,342,6041,بطريقة كاملة وملبية للحاجة,وفر,,,,,,CANDIDATE,بِفَعْلَة,L2_017 haiku b18,WAZN_NOT_IN_INV
AR06669,وَافِر,صفة مشبهة,342,6042,أكثر من الكافي والمناسب,وفر,فَاعِلٌ,,,,,CANDIDATE,,L2_017 haiku b18,
AR06670,وَاسِع,صفة مشبهة,342,6044,كافٍ وأكثر من المطلوب,وسع,فَاعِلٌ,,,,,CANDIDATE,,L2_017 haiku b18,
AR06671,جِدًّا,ظرف,342,11203,إلى درجة أكثر من المرغوبة,,,,,,,CANDIDATE,,L2_017 haiku b18,ROOT_MISSING;WAZN_MISSING
AR06672,كَذَا,ظرف,342,13103,إلى درجة كبيرة جداً من الشدة,,,,,,,CANDIDATE,,L2_017 haiku b18,ROOT_MISSING;WAZN_MISSING
AR06673,خَدَمَ,فعل,342,17141,تسهيل وتيسير الموقف المطلوب,خدم,فَعَلَ,,,,,CANDIDATE,,L2_017 haiku b18,
AR06674,وَحِيد,صفة مشبهة,355,6149;6150;6154;7342,العنصر الذي لا مثيل له في نوعه,وحد,فَعِيلٌ,,,,,CANDIDATE,,L2_017 haiku b19,
AR06675,فَرِيد,صفة مشبهة,355,6150;6154,الشيء الذي يتميز عن غيره بصفة ما,فرد,فَعِيلٌ,,,,,CANDIDATE,,L2_017 haiku b19,
AR06676,واحِد,صفة مشبهة,355,7343,العنصر الوحيد من غير تكرار,وحد,فَاعِلٌ,,,,,CANDIDATE,,L2_017 haiku b19,
AR06677,فَرْد,اسم جامد,355,7343,الشيء الذي لا ثاني له,فرد,فَعْلٌ,,,,,CANDIDATE,,L2_017 haiku b19,
AR06678,لا نَظِير لَهُ,تركيب,356,6156,ما تفوق على غيره حتى لم يكن له مثيل,,,,,,,CANDIDATE,,L2_017 haiku b19,
AR06679,بَلا نِدّ,تركيب,356,6156;6158,الشيء الذي لا مثيل له في التفوق,,,,,,,CANDIDATE,,L2_017 haiku b19,
AR06680,لا يُضَاهَى,تركيب,356,6157;6162;6197,ما تفوق على كل المنافسين,,,,,,,CANDIDATE,,L2_017 haiku b19,
AR06681,لا مِثْل لَهُ,تركيب,356,6157,ما يسبق الآخرين في الفضل والجودة,,,,,,,CANDIDATE,,L2_017 haiku b19,
AR06682,لا يُقَاسُ,تركيب,356,6160,ما يفوق جميع المعايير المعروفة,,,,,,,CANDIDATE,,L2_017 haiku b19,
AR06683,لا نَظِير,تركيب,356,6160;6196,ما لا يمكن مقارنته بغيره,,,,,,,CANDIDATE,,L2_017 haiku b19,
AR06684,بَدِيع,صفة مشبهة,356,6163,الشيء الفريد في خلقه وإبداعه,بدع,فَعِيلٌ,,,,,CANDIDATE,,L2_017 haiku b19,
AR06685,لا نِدّ لَهُ,تركيب,356,6194,من ليس له مثيل في المساواة,,,,,,,CANDIDATE,,L2_017 haiku b19,
AR06686,بَلا مِثْل,تركيب,356,6208,ما تفوق على كل المقاييس,,,,,,,CANDIDATE,,L2_017 haiku b19,
AR06687,فَائِق,صفة مشبهة,356,10544,الأعلى من جميع غيره في الجودة,فوق,فَاعِلٌ,,,,,CANDIDATE,,L2_017 haiku b19,
AR06688,لا يُقَاسُ بِشَيْء,تركيب,356,18378,ما تجاوز كل حد ومقياس,,,,,,,CANDIDATE,,L2_017 haiku b19,
AR06689,مَسْحُوق,اسم مفعول,357,6192;6195;6202,ما اختزل إلى جزيئات ناعمة جداً,سحق,مَفْعُولٌ,,,,,CANDIDATE,,L2_017 haiku b19,
AR06690,طَحِين,اسم جامد,357,6193,المادة المخفوقة بالطحن,طحن,فَعِيلٌ,,,,,CANDIDATE,,L2_017 haiku b19,
AR06691,مَطْحُون,اسم مفعول,357,6193;6199,ما تم طحنه بالمطحنة,طحن,مَفْعُولٌ,,,,,CANDIDATE,,L2_017 haiku b19,
AR06692,مَدَقُوق,اسم مفعول,357,6195,ما هُشم وجعل أجزاء صغيرة,دقق,مَفْعُولٌ,,,,,CANDIDATE,,L2_017 haiku b19,
AR06693,مَبْرُود,اسم مفعول,357,6200,ما حكّ بمبرد حتى تفتت,برد,مَفْعُولٌ,,,,,CANDIDATE,,L2_017 haiku b19,
AR06694,مُتَقَشِّر,صفة مشبهة,357,6201,ما انقسم إلى قطع رقيقة,قشر,مُتَفَعِّلٌ,,,,,CANDIDATE,,L2_017 haiku b19,
AR06695,مُقَطَّع,اسم مفعول,357,6205,ما قطع إلى أشرطة رقيقة طويلة,قطع,مُفَعَّلٌ,,,,,CANDIDATE,,L2_017 haiku b19,
AR06696,مُتَفَتِّت,صفة مشبهة,357,6206,ما انكسر إلى أجزاء صغيرة,فتت,مُتَفَعِّلٌ,,,,,CANDIDATE,,L2_017 haiku b19,
AR06697,مُحَبَّب,اسم مفعول,357,13492,ما تحول إلى حبيبات صغيرة,حبب,مُفَعَّلٌ,,,,,CANDIDATE,,L2_017 haiku b19,
AR06698,فَاقَ,فعل,358,6210;6215;6216,تجاوز الآخر في الكمية أو الكيفية,فوق,,,,,,CANDIDATE,فَاعَ,L2_017 haiku b19,WAZN_NOT_IN_INV
AR06699,أَبْلَى,فعل,358,6214,تفوق على الغير في الصفات الحميدة,بلا,أَفْعَلَ,,,,,CANDIDATE,,L2_017 haiku b19,ROOT_ALIF
AR06700,تَحَسَّن عَلَى,تركيب,358,6217,حسّن نفسه عن طريق التفوق على الآخر,,,,,,,CANDIDATE,,L2_017 haiku b19,
AR06701,خَسَفَ,فعل,358,12885,تفوق وتجاوز في القيمة والمكانة,خسف,فَعَلَ,,,,,CANDIDATE,,L2_017 haiku b19,
AR06702,خَفُتَ,فعل,358,13182,صار أقل أهمية بمقارنة الآخر,خفت,فَعُلَ,,,,,CANDIDATE,,L2_017 haiku b19,
AR06703,زَادَ عَن,تركيب,358,15300,كان أكثر من حد معين,,,,,,,CANDIDATE,,L2_017 haiku b19,
AR06704,رَشَحَ,فعل,359,6218,ترشح الرطوبة ببطء واستمرار,رشح,فَعَلَ,,,,,CANDIDATE,,L2_017 haiku b19,
AR06705,أَطْلَقَ,فعل,359,6233;6241,أطلق الانبعاث من ذاته,طلق,أَفْعَلَ,,,,,CANDIDATE,,L2_017 haiku b19,
AR06706,أَفْرَغَ,فعل,359,6234,أطلق السائل أو الغاز أو مادة أخرى,فرغ,أَفْعَلَ,,,,,CANDIDATE,,L2_017 haiku b19,
AR06707,أَشْعَ,فعل,359,6235,أطلق الضوء والحرارة في موجات,شعع,أَفْعَلَ,,,,,CANDIDATE,,L2_017 haiku b19,WAZN_LEMMA_MISMATCH
AR06708,أَفْرَزَ,فعل,359,6237,أفرزت الغدة مادة من إفرازاتها,فرز,أَفْعَلَ,,,,,CANDIDATE,,L2_017 haiku b19,
AR06709,زَفَرَ,فعل,359,6239,أطلق الأبخرة والروائح,زفر,فَعَلَ,,,,,CANDIDATE,,L2_017 haiku b19,
AR06710,أَخْرَجَ,فعل,359,6242,طرد الكائن الحي الفضلات,خرج,أَفْعَلَ,,,,,CANDIDATE,,L2_017 haiku b19,
AR06711,فَرَّغَ,فعل,359,6243,أفرغ المياه والغازات,فرغ,فَعَّلَ,,,,,CANDIDATE,,L2_017 haiku b19,
AR06712,انْبَثَقَ,فعل,359,17533,تفجر وتدفق من المصدر,بثق,,,,,,CANDIDATE,انْفَعَلَ,L2_017 haiku b19,WAZN_NOT_IN_INV
AR06713,مُتَوَافِق,صفة مشبهة,360,6222;6228,قادر على التعايش بدون مشاكل,وفق,مُتَفَاعِلٌ,,,,,CANDIDATE,,L2_017 haiku b19,
AR06714,غَيْر مُتَوَافِق,تركيب,360,6223,غير قادر على التعايش معاً,,,,,,,CANDIDATE,,L2_017 haiku b19,
AR06715,عَدَم التَّوَافُق,تركيب,360,6224,حالة عدم القدرة على التعايش,,,,,,,CANDIDATE,,L2_017 haiku b19,
AR06716,تَوَافُق,مصدر,360,6225;6461,حالة القدرة على الوجود معاً,وفق,,,,,,CANDIDATE,التَّفَاعُل,L2_017 haiku b19,WAZN_NOT_IN_INV
AR06717,تَوَافَقَ,فعل,360,6226;6232;6247;6251,انسجم مع الآخر في الأسلوب,وفق,تَفَاعَلَ,,,,,CANDIDATE,,L2_017 haiku b19,
AR06718,مُتَطَابِق,صفة مشبهة,360,6227,متفق مع الآخر في الاتجاه,طبق,مُتَفَاعِلٌ,,,,,CANDIDATE,,L2_017 haiku b19,
AR06719,مُوَافِق,صفة مشبهة,360,6229,متفق مع الآخر,وفق,مُفَاعِلٌ,,,,,CANDIDATE,,L2_017 haiku b19,
AR06720,اِنْدَرَجَ,فعل,360,6230,اندمج بسهولة مع الآخر,درج,,,,,,CANDIDATE,انْفَعَلَ,L2_017 haiku b19,WAZN_NOT_IN_INV
AR06721,تَطَابَقَ,فعل,360,6231;6248;11147,اتفق مع الآخر,طبق,تَفَاعَلَ,,,,,CANDIDATE,,L2_017 haiku b19,
AR06722,اِتَّفَقَ,فعل,360,6252,توافق مع الآخر,وفق,,,,,,CANDIDATE,افتعل,L2_017 haiku b19,WAZN_NOT_IN_INV
AR06723,تَرَابَطَ,فعل,360,6253,كان متماسكاً منطقياً,ربط,تَفَاعَلَ,,,,,CANDIDATE,,L2_017 haiku b19,
AR06724,مُتَسَاوِق,صفة مشبهة,360,6254,متفق ومتطابق,سوق,مُتَفَاعِلٌ,,,,,CANDIDATE,,L2_017 haiku b19,
AR06725,انْسَجَمَ,فعل,360,6507,كان متناسقاً مع بعضه,سجم,,,,,,CANDIDATE,انْفَعَلَ,L2_017 haiku b19,WAZN_NOT_IN_INV
AR06726,تَنَاقَضَ,فعل,360,9431;13102,لم يتوافق مع الآخر,نقض,تَفَاعَلَ,,,,,CANDIDATE,,L2_017 haiku b19,
AR06727,آمِن حَيَوِيّاً,تركيب,360,12382,يتوافق مع النسيج الحي دون ضرر,,,,,,,CANDIDATE,,L2_017 haiku b19,
AR06728,مُتَنَاقِض,صفة مشبهة,360,13388,غير متسق ومتعارض,نقض,مُتَفَاعِلٌ,,,,,CANDIDATE,,L2_017 haiku b19,
AR06729,مُخَالِف,صفة مشبهة,360,18379,غير متطابق,خلف,مُفَاعِلٌ,,,,,CANDIDATE,,L2_017 haiku b19,
AR06730,يُعَارِض,فعل,360,18380,لم يتوافق بشكل كامل,عرض,,,,,,CANDIDATE,يُفَاعِل,L2_017 haiku b19,WAZN_NOT_IN_INV
AR06731,انْبَثَقَ,فعل,361,6244;6255,تدفق الشيء من منطلقه,بثق,,,,,,CANDIDATE,انْفَعَلَ,L2_017 haiku b19,WAZN_NOT_IN_INV
AR06732,تَدَفَّقَ,فعل,361,6245,انساب الشيء من منطلقه,دفق,تَفَعَّلَ,,,,,CANDIDATE,,L2_017 haiku b19,
AR06733,انْبَثَّ,فعل,361,6256,انطلق في موجات,بث,,,,,,CANDIDATE,انْفَعَلَ,L2_017 haiku b19,ROOT_LEN;WAZN_NOT_IN_INV
AR06734,أَطْلَقَ,فعل,361,17530,طرد أو فرّغ الشيء,طلق,أَفْعَلَ,,,,,CANDIDATE,,L2_017 haiku b19,
AR06735,أَفْرَزَ,فعل,361,17531;17532,طرد كفضلات,فرز,أَفْعَلَ,,,,,CANDIDATE,,L2_017 haiku b19,
AR06736,هَوَى,فعل,362,6249,سقط بسرعة عالية نحو الأسفل,هوي,فَعَلَ,,,,,CANDIDATE,,L2_017 haiku b19,
AR06737,هَبَطَ,فعل,362,6250;12884,انزل عموديّاً بسرعة,هبط,فَعَلَ,,,,,CANDIDATE,,L2_017 haiku b19,
AR06738,سَقَطَ,فعل,362,6257,انزل من مستوى أعلى إلى أقل,سقط,فَعَلَ,,,,,CANDIDATE,,L2_017 haiku b19,
AR06739,تَقَلَّبَ,فعل,362,6258,فقد التوازن وسقط,قلب,تَفَعَّلَ,,,,,CANDIDATE,,L2_017 haiku b19,
AR06740,اِنْغَمَسَ,فعل,362,6259,انقذف وسقط بدون تحكم,غمس,,,,,,CANDIDATE,انْفَعَلَ,L2_017 haiku b19,WAZN_NOT_IN_INV
AR06741,ارْتَفَعَ,فعل,362,12961,صعد نحو الأعلى,رفع,,,,,,CANDIDATE,افتعل,L2_017 haiku b19,WAZN_NOT_IN_INV
AR06742,انْخَفَضَ,فعل,362,12962,انزل بفعل قوة,خفض,,,,,,CANDIDATE,انْفَعَلَ,L2_017 haiku b19,WAZN_NOT_IN_INV
AR06743,اِنْحَرَفَ,فعل,362,12989,تحرك بزاوية منحرفة,حرف,,,,,,CANDIDATE,انْفَعَلَ,L2_017 haiku b19,WAZN_NOT_IN_INV
AR06744,اِنْحَنَى,فعل,362,12990,انحدر في اتجاه واحد,حنا,,,,,,CANDIDATE,انْفَعَلَ,L2_017 haiku b19,ROOT_ALIF;WAZN_NOT_IN_INV
AR06745,قَرَّرَ,فعل,363,7431,توصل إلى قرار بعد التفكير,قرر,فَعَّلَ,,,,,CANDIDATE,,L2_017 haiku b19,
AR06746,قَرَار,مصدر,363,7432,استنتاج متخذ بعد النظر,قرر,,,,,,CANDIDATE,الفَعَال,L2_017 haiku b19,WAZN_LEMMA_MISMATCH;WAZN_NOT_IN_INV
AR06747,اِسْتَبْعَدَ,فعل,363,16842,قرر رفض إمكانية ما,بعد,,,,,,CANDIDATE,افتعل,L2_017 haiku b19,WAZN_LEMMA_MISMATCH;WAZN_NOT_IN_INV
AR06748,عَزَمَ,فعل,363,17273,أصر على قرار مؤكد,عزم,فَعَلَ,,,,,CANDIDATE,,L2_017 haiku b19,
AR06749,عَمَل,اسم جامد,365,6355,مؤسسة تجارية لتحقيق الربح,عمل,فَعَلٌ,,,,,CANDIDATE,,L2_017 haiku b19,
AR06750,مَحَل,اسم جامد,365,6357,مكان بيع البضائع أو الخدمات,حلل,مَفْعَلٌ,,,,,CANDIDATE,,L2_017 haiku b19,WAZN_LEMMA_MISMATCH
AR06751,مَنْشَأَة,اسم جامد,365,6358,مؤسسة تجارية أو عامة,شءن,مَفْعَلَةٌ,,,,,CANDIDATE,,L2_017 haiku b19,ROOT_NORMALIZED
AR06752,مَطْحَنَة,اسم جامد,365,6359,مصنع مجهز بآلات الإنتاج,طحن,مَفْعَلَةٌ,,,,,CANDIDATE,,L2_017 haiku b19,
AR06753,عِيَادَة,اسم جامد,365,6360,مكتب الطبيب أو المحامي,عود,فِعَالَةٌ,,,,,CANDIDATE,,L2_017 haiku b19,
AR06754,شَرِكَة,اسم جامد,365,6361;11113;13819,مؤسسة تجارية أو عقد شراكة,شرك,فَعِلَةٌ,,,,,CANDIDATE,,L2_017 haiku b19,
AR06755,عَمَلِيَّة,اسم منسوب,365,6905,مؤسسة تجارية,عمل,فَعَلِيَّةٌ,,,,,CANDIDATE,,L2_017 haiku b19,
AR06756,سِلْسِلَة,اسم جامد,365,13810,مجموعة فنادق أو متاجر,سلسل,فِعْلَةٌ,,,,,CANDIDATE,,L2_017 haiku b19,
AR06757,جَرِيدَة,اسم جامد,365,16416,مؤسسة نشر الصحف,جرد,فَعِلَةٌ,,,,,CANDIDATE,,L2_017 haiku b19,
AR06758,مَتْجَر,اسم جامد,365,16662,مكان شراء البضائع,جرر,مَفْعَلٌ,,,,,CANDIDATE,,L2_017 haiku b19,WAZN_LEMMA_MISMATCH
AR06759,بَنْك,اسم جامد,365,17623,مؤسسة مالية لحفظ الأموال,,,,,,,CANDIDATE,,L2_017 haiku b19 | دخيل,ROOT_MISSING;WAZN_MISSING
AR06760,دُكَّان,اسم جامد,365,18661,متجر صغير متخصص,دكك,فُعَّالٌ,,,,,CANDIDATE,,L2_017 haiku b19,WAZN_LEMMA_MISMATCH
AR06761,مُنَاسِب,صفة مشبهة,368,6490;6498;9840;16912,ملائم لغرض أو شخص معين,نسب,مُفَاعِلٌ,,,,,CANDIDATE,,L2_017 haiku b19,
AR06762,غَيْر مُنَاسِب,تركيب,368,6491;16913,غير ملائم للغرض المطلوب,,,,,,,CANDIDATE,,L2_017 haiku b19,
AR06763,ملاءَمَة,مصدر,368,6492;6494,حالة المناسبة لغرض ما,لاءم,,,,,,CANDIDATE,الفِعَالَة,L2_017 haiku b19,ROOT_ALIF;WAZN_NOT_IN_INV
AR06764,عَدَم الملاءَمَة,تركيب,368,6493;6495,عدم صلاحية للغرض,,,,,,,CANDIDATE,,L2_017 haiku b19,
AR06765,صَالِح,صفة مشبهة,368,6500,مناسب من حيث النوع والجودة,صلح,فَاعِلٌ,,,,,CANDIDATE,,L2_017 haiku b19,
AR06766,لاءَمَ,فعل,368,6501;9195,جعل مناسباً لغرض ما,لاءم,فَاعَلَ,,,,,CANDIDATE,,L2_017 haiku b19,ROOT_ALIF
AR06767,صَحِيح,صفة مشبهة,368,6502;12485;12486,مناسب وصحيح تماماً,صحح,فَعِيلٌ,,,,,CANDIDATE,,L2_017 haiku b19,
AR06768,تَلاءَمَ,فعل,368,16057,انسجم مع صفات الشخص,لاءم,تَفَاعَلَ,,,,,CANDIDATE,,L2_017 haiku b19,ROOT_ALIF
AR06769,غَيْر لائِق,تركيب,370,6510,غير مطابق للمعايير الأخلاقية,,,,,,,CANDIDATE,,L2_017 haiku b19,
AR06770,غَيْر أَخْلاقِيّ,اسم منسوب,370,6511;6637,ينافي معايير الأخلاق,خلق,فَعْلِيٌّ,,,,,CANDIDATE,,L2_017 haiku b19,WAZN_LEMMA_MISMATCH
AR06771,عَار,اسم جامد,370,6512,يجلب الخزي والعار,عور,فَعَالٍ,,,,,CANDIDATE,,L2_017 haiku b19,
AR06772,وَضِيع,صفة مشبهة,370,6513;7311,غير أمين وغير نزيه,ضاع,فَعِيلٌ,,,,,CANDIDATE,,L2_017 haiku b19,ROOT_ALIF
AR06773,شَرّ,اسم جامد,370,6514,فاسد وخبيث,شرر,,,,,,CANDIDATE,فَعّ,L2_017 haiku b19,WAZN_NOT_IN_INV
AR06774,صَوَاب,اسم جامد,370,6515,محق أخلاقياً وعادل,صوب,فَعَالٍ,,,,,CANDIDATE,,L2_017 haiku b19,
AR06775,شَرِيف,صفة مشبهة,370,6516,ذو نوايا أخلاقية حسنة,شرف,فَعِيلٌ,,,,,CANDIDATE,,L2_017 haiku b19,
AR06776,فَاسِد,صفة مشبهة,370,6517;6629;6632,بلا مبادئ أخلاقية,فسد,فَاعِلٌ,,,,,CANDIDATE,,L2_017 haiku b19,
AR06777,خَسِيس,صفة مشبهة,370,6519,رذيل وأثيم,خسس,فَعِيلٌ,,,,,CANDIDATE,,L2_017 haiku b19,
AR06778,آثِم,صفة مشبهة,370,6520,مخالف للشريعة,ءثم,فَاعِلٌ,,,,,CANDIDATE,,L2_017 haiku b19,ROOT_NORMALIZED
AR06779,بَاطِل,صفة مشبهة,370,6521,ظالم وغير عادل,بطل,فَاعِلٌ,,,,,CANDIDATE,,L2_017 haiku b19,
AR06780,سَيِّء,صفة مشبهة,370,6522;6630,معيب أخلاقياً,ساء,فَعِيلٌ,,,,,CANDIDATE,,L2_017 haiku b19,ROOT_ALIF
AR06781,خَاطِئ,صفة مشبهة,370,6523,غير صحيح أخلاقياً,خطء,فَاعِلٌ,,,,,CANDIDATE,,L2_017 haiku b19,ROOT_NORMALIZED
AR06782,مُنْحَطّ,اسم مفعول,370,6631,انخفض في القيم الأخلاقية,حط,مُفْعَلٌ,,,,,CANDIDATE,,L2_017 haiku b19,ROOT_LEN
AR06783,ظَالِم,صفة مشبهة,370,6634,ظالم وشرير,ظلم,فَاعِلٌ,,,,,CANDIDATE,,L2_017 haiku b19,
AR06784,خَطِير,صفة مشبهة,370,6635,إجرامي وفاسد,خطر,فَعِيلٌ,,,,,CANDIDATE,,L2_017 haiku b19,
AR06785,أَخْلاقِيّ,اسم منسوب,370,6638;6639,سليم أخلاقياً,خلق,فَعْلِيٌّ,,,,,CANDIDATE,,L2_017 haiku b19,WAZN_LEMMA_MISMATCH
AR06786,لائِق,صفة مشبهة,370,6640,ملتزم بمعايير اجتماعية,لاق,فَاعِلٌ,,,,,CANDIDATE,,L2_017 haiku b19,ROOT_ALIF
AR06787,عَادِل,صفة مشبهة,370,6641,محق وعادل,عدل,فَاعِلٌ,,,,,CANDIDATE,,L2_017 haiku b19,
AR06788,فَاضِل,صفة مشبهة,370,6642;6643,ذو تهذيب وكرامة,فضل,فَاعِلٌ,,,,,CANDIDATE,,L2_017 haiku b19,
AR06789,نَبِيل,صفة مشبهة,370,6644,ذو مبادئ عالية,نبل,فَعِيلٌ,,,,,CANDIDATE,,L2_017 haiku b19,
AR06790,حَسَن,صفة مشبهة,370,6645,صحيح وفاضل,حسن,فَعَلٌ,,,,,CANDIDATE,,L2_017 haiku b19,
AR06791,إجْرَامِيّ,اسم منسوب,370,6677;6678,شرير وفاسد,جرم,فِعْلِيٌّ,,,,,CANDIDATE,,L2_017 haiku b19,WAZN_LEMMA_MISMATCH
AR06792,مُجْرِم,اسم فاعل,370,6679,ينافي القانون,جرم,مُفْعِلٌ,,,,,CANDIDATE,,L2_017 haiku b19,
AR06793,هَيِّن,صفة مشبهة,370,6680,فظيع وشرير,هان,فَعِيلٌ,,,,,CANDIDATE,,L2_017 haiku b19,ROOT_ALIF
AR06794,فَسَاد,مصدر,370,6929,الانحطاط الأخلاقي,فسد,فَعَالٍ,,,,,CANDIDATE,,L2_017 haiku b19,
AR06795,نَجِس,صفة مشبهة,370,7312,منافٍ للأخلاق,نجس,فَعِيلٌ,,,,,CANDIDATE,,L2_017 haiku b19,
AR06796,خَفِيّ الضَّرَر,تركيب,370,10386,يسبب ضرراً تدريجياً خفيّاً,,,,,,,CANDIDATE,,L2_017 haiku b19,
AR06797,صَالِح,صفة مشبهة,370,10583,ملتزم بمبادئ أخلاقية,صلح,فَاعِلٌ,,,,,CANDIDATE,,L2_017 haiku b19,
AR06798,بِلا ضَمِير,تركيب,370,13142,بلا مبادئ أخلاقية,,,,,,,CANDIDATE,,L2_017 haiku b19,
AR06799,مُظْلِم,صفة مشبهة,370,16956,شرير وخبيث,ظلم,مُفْعِلٌ,,,,,CANDIDATE,,L2_017 haiku b19,
AR06800,عَن,حرف,373,6534;10001,الموضوع الذي يدور حوله الحديث,,,,,,,CANDIDATE,,L2_017 haiku b19,
AR06801,تَعَلَّقَ,فعل,373,6535,ارتبط بموضوع معين,علق,تَفَعَّلَ,,,,,CANDIDATE,,L2_017 haiku b19,
AR06802,نَاقَشَ,فعل,373,6536,قدم حديثاً عن موضوع,نقش,فَاعَلَ,,,,,CANDIDATE,,L2_017 haiku b19,
AR06803,مَوْضُوع,اسم جامد,373,6537;6538,قضية الحديث أو الكتابة,وضع,مَفْعُولٌ,,,,,CANDIDATE,,L2_017 haiku b19,
AR06804,تَنَاوَلَ,فعل,373,6539;6543,عالج موضوعاً ما,نول,تَفَاعَلَ,,,,,CANDIDATE,,L2_017 haiku b19,
AR06805,بِخُصُوص,تركيب,373,6541,فيما يتعلق بالموضوع,,,,,,,CANDIDATE,,L2_017 haiku b19,
AR06806,عَالَجَ,فعل,373,6542,تناول موضوعاً,علج,فَاعَلَ,,,,,CANDIDATE,,L2_017 haiku b19,
AR06807,بِشَأْن,تركيب,373,6544,فيما يخص الموضوع,,,,,,,CANDIDATE,,L2_017 haiku b19,
AR06808,مَحُور,اسم جامد,373,6545,الفكرة الرئيسة للحديث,محور,مَفْعُولٌ,,,,,CANDIDATE,,L2_017 haiku b19,
AR06809,أَطَالَ,فعل,373,8904,تحدث في موضوع بتفصيل,طول,أَفْعَلَ,,,,,CANDIDATE,,L2_017 haiku b19,
AR06810,اعْتَبَرَ,فعل,373,13393,اتخذ موضوعاً للكلام,عبر,,,,,,CANDIDATE,افتعل,L2_017 haiku b19,WAZN_NOT_IN_INV
AR06811,عَلاقَة,اسم جامد,373,13394,الارتباط بالموضوع,علق,فَعَالَةٌ,,,,,CANDIDATE,,L2_017 haiku b19,
AR06812,أَشَارَ,فعل,373,17100,ذكر أو لمّح للموضوع,شور,أَفْعَلَ,,,,,CANDIDATE,,L2_017 haiku b19,
AR06813,خَاطَرَ,فعل,374,6560;6561;6564,تعرض للخطر عن قصد,خطر,فَاعَلَ,,,,,CANDIDATE,,L2_017 haiku b19,
AR06814,جَرُؤَ,فعل,374,6562,أقدم على أمر خطير,جرء,فَعُلَ,,,,,CANDIDATE,,L2_017 haiku b19,ROOT_NORMALIZED
AR06815,جَازَفَ,فعل,374,6563,قام برحلة محفوفة بالمخاطر,جزف,فَاعَلَ,,,,,CANDIDATE,,L2_017 haiku b19,
AR06816,خَطَر,اسم جامد,374,6565,احتمالية حدوث ما هو غير مرغوب,خطر,فَعَلٌ,,,,,CANDIDATE,,L2_017 haiku b19,
AR06817,احْتِمَال,مصدر,374,6566,إمكانية حدوث حدث ما,حمل,,,,,,CANDIDATE,افتعال,L2_017 haiku b19,WAZN_NOT_IN_INV
AR06818,جَاسِر,صفة مشبهة,374,17326,مائل إلى المجازفة,جسر,فَاعِلٌ,,,,,CANDIDATE,,L2_017 haiku b19,
AR06819,جُرْأَة,مصدر,374,17330;17331,الميل نحو المجازفة,جرء,فُعْلَةٌ,,,,,CANDIDATE,,L2_017 haiku b19,ROOT_NORMALIZED
AR06820,صَعْب,صفة مشبهة,375,6567,يحتاج لجهد وإتقان,صعب,فَعْلٌ,,,,,CANDIDATE,,L2_017 haiku b19,
AR06821,سَهْل,صفة مشبهة,375,6568;6574;6581;6583;6610;6831;7754;14004;18043;18386,يتم بدون جهد كبير,سهل,فَعْلٌ,,,,,CANDIDATE,,L2_017 haiku b19,
AR06822,شَاقّ,صفة مشبهة,375,6569,يتطلب جهداً وتحملاً,شقق,,,,,,CANDIDATE,فَاعّ,L2_017 haiku b19,WAZN_NOT_IN_INV
AR06823,عَسِير,صفة مشبهة,375,6570,ينطوي على صعوبات,عسر,فَعِيلٌ,,,,,CANDIDATE,,L2_017 haiku b19,
AR06824,مُحْتَرِف,اسم فاعل,375,6572,يحتاج لحرفة وحذر,حرف,مُفْتَعِلٌ,,,,,CANDIDATE,,L2_017 haiku b19,
AR06825,مُحَدٍّ,اسم فاعل,375,6573,يستنزف كل الطاقات,حدد,مُفَعِّلٌ,,,,,CANDIDATE,,L2_017 haiku b19,WAZN_LEMMA_MISMATCH
AR06826,مُتْعِب,اسم فاعل,375,6575;6578;7755;18042,مهمة صعبة جداً,تعب,مُفْعِلٌ,,,,,CANDIDATE,,L2_017 haiku b19,
AR06827,مُسْتَحِيل,صفة مشبهة,375,6579,لا يمكن تحقيقه,حال,مُسْتَفْعِلٌ,,,,,CANDIDATE,,L2_017 haiku b19,ROOT_ALIF
AR06828,تَافِه,صفة مشبهة,375,6580,سهل جداً,تفه,فَاعِلٌ,,,,,CANDIDATE,,L2_017 haiku b19,
AR06829,مُزْعِج,اسم فاعل,375,6603,صعب ومزعج في آن,زعج,مُفْعِلٌ,,,,,CANDIDATE,,L2_017 haiku b19,
AR06830,قَرِيب,صفة مشبهة,375,11806,حدث قارب الفشل,قرب,فَعِيلٌ,,,,,CANDIDATE,,L2_017 haiku b19,
AR06831,تَحَدٍّ,مصدر,375,12788,مهمة تستنزف الطاقات,حدد,تَفَعُّلٌ,,,,,CANDIDATE,,L2_017 haiku b19,WAZN_LEMMA_MISMATCH
AR06832,صُعُوبَة,مصدر,375,17274,حالة الشيء الصعب,صعب,فُعُولَةٌ,,,,,CANDIDATE,,L2_017 haiku b19,
AR06833,سُهُولَة,مصدر,375,18392,الخلو من الصعوبة,سهل,فُعُولَةٌ,,,,,CANDIDATE,,L2_017 haiku b19,
AR06834,عَادِل,صفة مشبهة,376,6598,عادل وملائم في الظروف,عدل,فَاعِلٌ,,,,,CANDIDATE,,L2_017 haiku b19,
AR06835,ظَالِم,صفة مشبهة,376,6606;6607,غير عادل,ظلم,فَاعِلٌ,,,,,CANDIDATE,,L2_017 haiku b19,
AR06836,مُتَحَيِّز,صفة مشبهة,376,6608,غير عادل,حيز,مُتَفَعِّلٌ,,,,,CANDIDATE,,L2_017 haiku b19,
AR06837,بِعَدْل,تركيب,376,13455,بطريقة عادلة,,,,,,,CANDIDATE,,L2_017 haiku b19,
AR06838,بِظُلْم,تركيب,376,13456;13457,بطريقة غير عادلة,,,,,,,CANDIDATE,,L2_017 haiku b19,
AR06839,نَزْعَة,اسم جامد,377,6653;6659;6660,ميل نحو سلوك معين,نزع,فَعْلَةٌ,,,,,CANDIDATE,,L2_017 haiku b19,
AR06840,مَائِل,صفة مشبهة,377,6655,له ميل نحو صفة ما,ميل,فَاعِلٌ,,,,,CANDIDATE,,L2_017 haiku b19,
AR06841,مُعَرَّض,اسم مفعول,377,6658,له ميل نحو حالة معينة,عرض,مُفَعَّلٌ,,,,,CANDIDATE,,L2_017 haiku b19,
AR06842,اسْتِعْدَاد,مصدر,377,6661,الاستعداد المسبق لفعل ما,عدد,,,,,,CANDIDATE,افتعال,L2_017 haiku b19,WAZN_LEMMA_MISMATCH;WAZN_NOT_IN_INV
AR06843,وَلَع,اسم جامد,377,6662,ميل قوي نحو شيء,ولع,فَعَلٌ,,,,,CANDIDATE,,L2_017 haiku b19,
AR06844,مُهَيَّأ,اسم مفعول,377,6676,مستعد مسبقاً,هيء,مُفَعَّلٌ,,,,,CANDIDATE,,L2_017 haiku b19,ROOT_NORMALIZED
AR06845,ذَوْق,اسم جامد,377,16514,ميل نحو صفة إيجابية,ذوق,فَعْلٌ,,,,,CANDIDATE,,L2_017 haiku b19,
AR06846,مُزْمِع,اسم فاعل,377,17327,ينوي فعل ما,زمع,مُفْعِلٌ,,,,,CANDIDATE,,L2_017 haiku b19,
AR06847,خَطَر,اسم جامد,378,6667,موقف قد يسبب خطراً,خطر,فَعَلٌ,,,,,CANDIDATE,,L2_017 haiku b19,
AR06848,مُهَدَّد,اسم مفعول,378,6670,معرض للخطر والانقراض,هدد,مُفَعَّلٌ,,,,,CANDIDATE,,L2_017 haiku b19,
AR06849,شَدَّة,اسم جامد,378,6672,موقف خطير جداً,شدد,فَعْلَةٌ,,,,,CANDIDATE,,L2_017 haiku b19,WAZN_LEMMA_MISMATCH
AR06850,خَطِير,صفة مشبهة,378,13383,ينطوي على مخاطرة,خطر,فَعِيلٌ,,,,,CANDIDATE,,L2_017 haiku b19,
AR06851,خَاطَرَ,فعل,378,15663,عرّض للخطر كالمقامرة,خطر,فَاعَلَ,,,,,CANDIDATE,,L2_017 haiku b19,
AR06852,مِنْ,حرف,379,6712,نقطة ابتداء الحدث في الزمن أو المكان,,,,,,,CANDIDATE,,L2_017 haiku b20,ROOT_WAZN_CLEARED_NO_ROOT_POS
AR06853,مِنْ هُنَا,تركيب,379,6713,من هذا الوقت فصاعداً,,,,,,,CANDIDATE,,L2_017 haiku b20,
AR06854,بَعْدَ,حرف,379,6715;14090;16461,المدة التي تلي الحدث المرجعي,,,,,,,CANDIDATE,,L2_017 haiku b20,ROOT_WAZN_CLEARED_NO_ROOT_POS
AR06855,قَبْلَ,حرف,379,6716;14089;14091,المدة السابقة للحدث المرجعي,,,,,,,CANDIDATE,,L2_017 haiku b20,ROOT_WAZN_CLEARED_NO_ROOT_POS
AR06856,مَضَى,فعل,379,9154,انقضى الوقت قبل الآن,ضيي,فَعَلَ,,,,,CANDIDATE,,L2_017 haiku b20,
AR06857,مُنْذُ,ظرف,379,9155,من الوقت المعين إلى الآن,ندز,,,,,,CANDIDATE,,L2_017 haiku b20,WAZN_MISSING
AR06858,لاحِقاً,ظرف,379,10555;10888;10919;11825,وقت يأتي بعد المعني,,,,,,,CANDIDATE,,L2_017 haiku b20,ROOT_MISSING;WAZN_MISSING
AR06859,سَابِقاً,ظرف,379,10647;14035,في الوقت الماضي,سبق,,,,,,CANDIDATE,,L2_017 haiku b20,WAZN_MISSING
AR06860,سَابِقٌ,صفة مشبهة,379,10664;14034;14087,ما جاء قبل,سبق,فَاعِلٌ,,,,,CANDIDATE,,L2_017 haiku b20,
AR06861,مُقَدَّماً,ظرف,379,10887,في وقت سابق لآوانه,,,,,,,CANDIDATE,,L2_017 haiku b20,ROOT_MISSING;WAZN_MISSING
AR06862,فَوْراً,ظرف,379,11818,في الحين ذاته بلا تأخير,,,,,,,CANDIDATE,,L2_017 haiku b20,ROOT_MISSING;WAZN_MISSING
AR06863,عَاجِلاً,ظرف,379,11824,سريع جداً قريباً,,,,,,,CANDIDATE,,L2_017 haiku b20,ROOT_MISSING;WAZN_MISSING
AR06864,بَعْدَئِذٍ,ظرف,379,12620,بعد تلك اللحظة مباشرة,بعد,,,,,,CANDIDATE,,L2_017 haiku b20,WAZN_MISSING
AR06865,عَبْرَ,حرف,379,13287,من البداية إلى النهاية,,,,,,,CANDIDATE,,L2_017 haiku b20,ROOT_WAZN_CLEARED_NO_ROOT_POS
AR06866,أَخِيراً,ظرف,379,14036;14176,بعد مرور زمن طويل,خير,,,,,,CANDIDATE,,L2_017 haiku b20,WAZN_MISSING
AR06867,آنَذَاكَ,ظرف,379,14528,في ذاك الوقت المعين,,,,,,,CANDIDATE,,L2_017 haiku b20,ROOT_MISSING;WAZN_MISSING
AR06868,قَدْ,حرف,379,14573,قد وقع الفعل سابقاً,,,,,,,CANDIDATE,,L2_017 haiku b20,
AR06869,حَتَّى,حرف,379,14602,إلى نقطة معينة يحدث عندها شيء,,,,,,,CANDIDATE,,L2_017 haiku b20,
AR06870,مُنْذُ,حرف,379,17643,من وقت معين إلى الآن,,,,,,,CANDIDATE,,L2_017 haiku b20,ROOT_WAZN_CLEARED_NO_ROOT_POS
AR06871,بِمُرُورِ الوَقْتِ,تركيب,379,18381,لاحقاً بعد فترة,,,,,,,CANDIDATE,,L2_017 haiku b20,
AR06872,حَتَّى الآنَ,تركيب,379,18667,من الماضي إلى الحاضر,,,,,,,CANDIDATE,,L2_017 haiku b20,
AR06873,عُرْفٌ,اسم جامد,380,6718,السلوك المتكرر المقبول اجتماعياً,عرف,فُعْلٌ,,,,,CANDIDATE,,L2_017 haiku b20,
AR06874,مُمَارَسَةٌ,اسم جامد,380,6719,الإجراء المعروف المتوقع,مرس,مُفَاعَلَةٌ,,,,,CANDIDATE,,L2_017 haiku b20,
AR06875,شَعِيرَةٌ,اسم جامد,380,6720,سلسلة أفعال تكرر بانتظام,شعر,فَعِيلَةٌ,,,,,CANDIDATE,,L2_017 haiku b20,
AR06876,تَقْلِيدٌ,اسم جامد,380,6721,عادة موروثة معروفة,قلد,تَفْعِيلٌ,,,,,CANDIDATE,,L2_017 haiku b20,
AR06877,عَادَةٌ,اسم جامد,380,6722,ميل منتظم للتصرف,عود,فَاعَلَةٌ,,,,,CANDIDATE,,L2_017 haiku b20,
AR06878,اتِّفَاقٌ,اسم جامد,380,6726,سلوك معروف متفق عليه,فقق,اِفْتِعَالٌ,,,,,CANDIDATE,,L2_017 haiku b20,WAZN_LEMMA_MISMATCH
AR06879,تَقْلِيدِيٌّ,اسم منسوب,380,6729,متعلق بالتقاليد,قلد,,,,,,CANDIDATE,,L2_017 haiku b20,WAZN_MISSING
AR06880,طِقْسِيٌّ,اسم منسوب,380,6730,متعلق بالطقوس,طقس,,,,,,CANDIDATE,,L2_017 haiku b20,WAZN_MISSING
AR06881,مُعْتَادٌ,اسم مفعول,380,6731,متكرر كعادة,عود,مُفْتَعَلٌ,,,,,CANDIDATE,,L2_017 haiku b20,
AR06882,عُرْفِيٌّ,اسم منسوب,380,6732,وفق العرف والعادة,عرف,,,,,,CANDIDATE,,L2_017 haiku b20,WAZN_MISSING
AR06883,تَقْلِيدِياً,ظرف,380,13489,وفقاً للتقليد,قلد,,,,,,CANDIDATE,,L2_017 haiku b20,WAZN_MISSING
AR06884,طَرِيقَةٌ,اسم جامد,380,17313,أسلوب الشخص أو الجماعة,طرق,,,,,,CANDIDATE,فَاعِيلَة,L2_017 haiku b20,WAZN_NOT_IN_INV
AR06885,أَشْعَلَ,فعل,381,6737;12103,وفر الحافز لبدء الحدث,شعل,أَفْعَلَ,,,,,CANDIDATE,,L2_017 haiku b20,
AR06886,وَلَّدَ,فعل,381,6742;6749,تسبب في ظهور حالة,ولد,فَعَّلَ,,,,,CANDIDATE,,L2_017 haiku b20,
AR06887,أَثَارَ,فعل,381,6743;12110;17280,أيقظ شعوراً أو استجابة,ثير,أَفْعَلَ,,,,,CANDIDATE,,L2_017 haiku b20,
AR06888,أَحْدَثَ,فعل,381,6744,سبب وقوع شيء,حدث,أَفْعَلَ,,,,,CANDIDATE,,L2_017 haiku b20,
AR06889,أَطْلَقَ,فعل,381,6745;17370,جعل شيء يتحرك,طلق,أَفْعَلَ,,,,,CANDIDATE,,L2_017 haiku b20,
AR06890,أَنْتَجَ,فعل,381,6746,سبب الحدوث,نتج,أَفْعَلَ,,,,,CANDIDATE,,L2_017 haiku b20,
AR06891,خَلَقَ,فعل,381,6747,أوجد شيئاً من عدم,خلق,فَعَلَ,,,,,CANDIDATE,,L2_017 haiku b20,
AR06892,اسْتَحْضَرَ,فعل,381,12101,استدعى ليحدث,حضر,اِسْتَفْعَلَ,,,,,CANDIDATE,,L2_017 haiku b20,
AR06893,اسْتَخْرَجَ,فعل,381,12102,استنزع من الكمون,خرج,اِسْتَفْعَلَ,,,,,CANDIDATE,,L2_017 haiku b20,
AR06894,حَرَّضَ,فعل,381,12104;12105,شجع على السلوك السيء,حرض,فَعَّلَ,,,,,CANDIDATE,,L2_017 haiku b20,
AR06895,حَفَّزَ,فعل,381,12106;12108;12111,حفز على النشاط,حفز,فَعَّلَ,,,,,CANDIDATE,,L2_017 haiku b20,
AR06896,اسْتَفَزَّ,فعل,381,12112,أثار الغضب,فزز,اِسْتَفْعَلَ,,,,,CANDIDATE,,L2_017 haiku b20,WAZN_LEMMA_MISMATCH
AR06897,شَغَّلَ,فعل,381,16376,جعل يعمل,شغل,فَعَّلَ,,,,,CANDIDATE,,L2_017 haiku b20,
AR06898,نَادِمٌ,اسم فاعل,382,6797;6802;6810,يشعر بالندم,ندم,فَاعِلٌ,,,,,CANDIDATE,,L2_017 haiku b20,
AR06899,نَدَمٌ,مصدر,382,6799;6809,حالة الشعور بالندم,ندم,فَعَلٌ,,,,,CANDIDATE,,L2_017 haiku b20,
AR06900,نَدِمَ,فعل,382,6801,أسف على الماضي بمرارة,ندم,فَعِلَ,,,,,CANDIDATE,,L2_017 haiku b20,
AR06901,تَابَ,فعل,382,6803,أبدى ندماً صادقاً,توب,فَعَلَ,,,,,CANDIDATE,,L2_017 haiku b20,
AR06902,تَائِبٌ,اسم فاعل,382,6804;6806,يشعر بالندم,توب,فَاعِلٌ,,,,,CANDIDATE,,L2_017 haiku b20,
AR06903,تَوْبَةٌ,اسم جامد,382,6805;6807,الندم والرجوع,توب,فَعْلَةٌ,,,,,CANDIDATE,,L2_017 haiku b20,
AR06904,آسِفٌ,اسم فاعل,382,6816,يشعر بالأسف,ءسف,فَاعِلٌ,,,,,CANDIDATE,,L2_017 haiku b20,ROOT_NORMALIZED
AR06905,مُذْنِبٌ,اسم فاعل,382,6818,يشعر بالذنب,ذنب,مُفْعِلٌ,,,,,CANDIDATE,,L2_017 haiku b20,
AR06906,بِلاَ نَدَمٍ,تركيب,382,6930,دون شعور بالندم,,,,,,,CANDIDATE,,L2_017 haiku b20,
AR06907,غَيْرُ تَائِبٍ,تركيب,382,6983,لا يبدي ندماً,,,,,,,CANDIDATE,,L2_017 haiku b20,
AR06908,ذَنْبٌ,اسم جامد,382,6984,الشعور بالخطأ المرتكب,ذنب,فَعْلٌ,,,,,CANDIDATE,,L2_017 haiku b20,
AR06909,ثَخُنَ,فعل,383,6881;12020,صار أكثر سمكاً,ثخن,فَعُلَ,,,,,CANDIDATE,,L2_017 haiku b20,
AR06910,رَقَّقَ,فعل,383,6882,صار رقيق القوام,رقق,فَعَّلَ,,,,,CANDIDATE,,L2_017 haiku b20,
AR06911,تَجَبَّنَ,فعل,383,6883,انفصل إلى كتل,جبن,تَفَعَّلَ,,,,,CANDIDATE,,L2_017 haiku b20,
AR06912,لَيَّنَ,فعل,383,6885,أصبح سهل الثني,لين,فَعَّلَ,,,,,CANDIDATE,,L2_017 haiku b20,
AR06913,صَلَّبَ,فعل,383,6886;12019,أصبح قاسياً صلباً,صلب,فَعَّلَ,,,,,CANDIDATE,,L2_017 haiku b20,
AR06914,تَجَمَّدَ,فعل,383,11317,تماسك الجيلاتين,جمد,تَفَعَّلَ,,,,,CANDIDATE,,L2_017 haiku b20,
AR06915,تَخَثَّرَ,فعل,383,12016;12018,تحول السائل لصلب,خثر,تَفَعَّلَ,,,,,CANDIDATE,,L2_017 haiku b20,
AR06916,تَغَلَّظَ,فعل,383,12017,صار شبه صلب,غلظ,تَفَعَّلَ,,,,,CANDIDATE,,L2_017 haiku b20,
AR06917,تَصَلَّبَ,فعل,383,12021,تجمد إلى صلابة,صلب,تَفَعَّلَ,,,,,CANDIDATE,,L2_017 haiku b20,
AR06918,اصْطَدَمَ,فعل,384,6889;6891,اضطرب الإصبع بشدة,صدم,اِفْتَعَلَ,,,,,CANDIDATE,,L2_017 haiku b20,WAZN_LEMMA_MISMATCH
AR06919,سَحَقَ,فعل,384,6890,ضغط الإصبع,سحق,فَعَلَ,,,,,CANDIDATE,,L2_017 haiku b20,
AR06920,آلَمَ,فعل,384,6892,أحس بالألم,ءلم,أَفْعَلَ,,,,,CANDIDATE,,L2_017 haiku b20,ROOT_NORMALIZED
AR06921,جَرَحَ,فعل,384,6893,أحدث ضرراً جسدياً,جرح,فَعَلَ,,,,,CANDIDATE,,L2_017 haiku b20,
AR06922,كَسَرَ,فعل,384,6894,حطم العظم,كسر,فَعَلَ,,,,,CANDIDATE,,L2_017 haiku b20,
AR06923,لَوَى,فعل,384,6898;6900,فتل المفصل بعنف,لوي,فَعَلَ,,,,,CANDIDATE,,L2_017 haiku b20,
AR06924,أَرْهَقَ,فعل,384,6899,أتعب العضلة,رهق,أَفْعَلَ,,,,,CANDIDATE,,L2_017 haiku b20,
AR06925,شَدَّ,فعل,384,6901,أضر بالعضلة,شدد,فَعَّلَ,,,,,CANDIDATE,,L2_017 haiku b20,WAZN_LEMMA_MISMATCH
AR06926,مَزَّقَ,فعل,384,6902,قطع العضلة,مزق,فَعَّلَ,,,,,CANDIDATE,,L2_017 haiku b20,
AR06927,قَطَعَ,فعل,384,6903,أحدث جرحاً حاداً,قطع,فَعَلَ,,,,,CANDIDATE,,L2_017 haiku b20,
AR06928,احْتَرَقَ,فعل,384,6904;15777,أصيب بالحرق,حرق,اِفْتَعَلَ,,,,,CANDIDATE,,L2_017 haiku b20,
AR06929,صَفَعَ,فعل,384,6925,ضرب بقسوة,صفع,فَعَلَ,,,,,CANDIDATE,,L2_017 haiku b20,
AR06930,حَتَّ,فعل,384,11185,كشط بالاحتكاك,حتت,فَعَلَ,,,,,CANDIDATE,,L2_017 haiku b20,WAZN_LEMMA_MISMATCH
AR06931,خَدَشَ,فعل,384,11263;15570,قطع الجلد سطحياً,خدش,فَعَلَ,,,,,CANDIDATE,,L2_017 haiku b20,
AR06932,كَدَمَ,فعل,384,11264,أصيب بكدمة,كدم,فَعَلَ,,,,,CANDIDATE,,L2_017 haiku b20,
AR06933,إِصَابَةٌ,مصدر,384,17511,الضرر الجسدي,صيب,إِفْعَالَةٌ,,,,,CANDIDATE,,L2_017 haiku b20,
AR06934,ذَائِبٌ,صفة مشبهة,385,6887;6888;6897,أصبح سائلاً من الجليد,ذيب,فَاعِلٌ,,,,,CANDIDATE,,L2_017 haiku b20,
AR06935,مَسْيُولٌ,اسم مفعول,385,6895,تحول لسائل,سيل,مَفْعُولٌ,,,,,CANDIDATE,,L2_017 haiku b20,
AR06936,مُتَجَمِّدٌ,اسم فاعل,385,6896,تحول لجليد,جمد,مُتَفَعِّلٌ,,,,,CANDIDATE,,L2_017 haiku b20,
AR06937,مُتَصَلِّبٌ,اسم فاعل,385,6957,تجمد صلباً,صلب,مُتَفَعِّلٌ,,,,,CANDIDATE,,L2_017 haiku b20,
AR06938,صُلْبٌ,اسم جامد,385,16333,مادة قاسية الهيئة,صلب,فُعْلٌ,,,,,CANDIDATE,,L2_017 haiku b20,
AR06939,غَازٌ,اسم جامد,385,16334,مادة غير الشكل,غيز,فَاعِلٌ,,,,,CANDIDATE,,L2_017 haiku b20,
AR06940,غَازِيٌّ,اسم منسوب,385,16335,متعلق بالغاز,غيز,,,,,,CANDIDATE,,L2_017 haiku b20,WAZN_MISSING
AR06941,بُخَارٌ مُتَأَيِّنٌ,تركيب,385,16336,حالة الغاز المتأين,,,,,,,CANDIDATE,,L2_017 haiku b20,
AR06942,سَائِلٌ,اسم جامد,385,16337,مادة قابلة للسيلان,سيل,فَاعِلٌ,,,,,CANDIDATE,,L2_017 haiku b20,
AR06943,سَائِلٌ,صفة مشبهة,385,16338,له خصائص السائل,سيل,فَاعِلٌ,,,,,CANDIDATE,,L2_017 haiku b20,
AR06944,دَخَّنَ,فعل,386,6907,استنشق دخان التبغ,دخن,فَعَّلَ,,,,,CANDIDATE,,L2_017 haiku b20,
AR06945,اسْتَنْشَقَ,فعل,386,6908;7121,سحب عبر الأنف,نشق,اِسْتَفْعَلَ,,,,,CANDIDATE,,L2_017 haiku b20,
AR06946,شَفَطَ,فعل,386,6909;6912;15301,سحب دخان السيجارة,شفط,فَعَلَ,,,,,CANDIDATE,,L2_017 haiku b20,
AR06947,شَفْطَةٌ,اسم مرة,386,6910,عملية سحب واحدة,شفط,فَعْلَةٌ,,,,,CANDIDATE,,L2_017 haiku b20,
AR06948,سَحْبَةٌ,اسم مرة,386,6911,شفطة من السيجارة,سحب,فَعْلَةٌ,,,,,CANDIDATE,,L2_017 haiku b20,
AR06949,تَعَاطَى,فعل,386,6913;7123;7124,تناول عقار,عطي,تَفَاعَلَ,,,,,CANDIDATE,,L2_017 haiku b20,
AR06950,حَقَنَ,فعل,386,7115;7118,أدخل بالحقنة,حقن,فَعَلَ,,,,,CANDIDATE,,L2_017 haiku b20,
AR06951,تَنَاوَلَ,فعل,386,7125;17699,تناول العقار,نول,تَفَاعَلَ,,,,,CANDIDATE,,L2_017 haiku b20,
AR06952,سِجْنٌ,اسم جامد,387,6958;6959;6960;6961;6962;6965;6966,مؤسسة لحبس المجرمين,سجن,فِعْلٌ,,,,,CANDIDATE,,L2_017 haiku b20,
AR06953,حِصْنٌ عَسْكَرِيٌّ,تركيب,387,6964,سجن عسكري,,,,,,,CANDIDATE,,L2_017 haiku b20,
AR06954,مُؤَسَّسَةٌ إِصْلاحِيَّةٌ,تركيب,387,6968,دار إصلاح وسجن,,,,,,,CANDIDATE,,L2_017 haiku b20,
AR06955,سِجْنٌ بَحْرِيٌّ,تركيب,387,7006,سجن على السفينة,,,,,,,CANDIDATE,,L2_017 haiku b20,
AR06956,كَفَّرَ,فعل,388,6975;6977,أسقط الذنب بالجبر,كفر,فَعَّلَ,,,,,CANDIDATE,,L2_017 haiku b20,
AR06957,تَكْفِيرٌ,مصدر,388,6976;6978,جبر الخطأ والذنب,كفر,تَفْعِيلٌ,,,,,CANDIDATE,,L2_017 haiku b20,
AR06958,تَكْفِيرِيٌّ,اسم منسوب,388,6979,متعلق بالتكفير,كفر,,,,,,CANDIDATE,,L2_017 haiku b20,WAZN_MISSING
AR06959,مُكَفِّرٌ,اسم فاعل,388,6980;6981,من يكفر الذنب,كفر,مُفَعِّلٌ,,,,,CANDIDATE,,L2_017 haiku b20,
AR06960,حَشِيشٌ,اسم جامد,390,7033;7054;7060;7067;7077;7078;7079,نبات مخدر يدخن,حشش,فَعِيلٌ,,,,,CANDIDATE,,L2_017 haiku b20,
AR06961,هيِرُويِينٌ,اسم جامد,390,7034,عقار مخدر قوي دخيل,,,,,,,CANDIDATE,,L2_017 haiku b20,ROOT_MISSING;WAZN_MISSING
AR06962,كوكايِينٌ,اسم جامد,390,7035;7061,عقار منبه قوي دخيل,,,,,,,CANDIDATE,,L2_017 haiku b20,ROOT_MISSING;WAZN_MISSING
AR06963,أَفِيُونٌ,اسم جامد,390,7036,عقار مخدر من الخشخاش دخيل,,,,,,,CANDIDATE,,L2_017 haiku b20,ROOT_MISSING;WAZN_MISSING
AR06964,إل إس دي,مبني,390,7037;7068,مركب هلوسي قوي دخيل,,,,,,,CANDIDATE,,L2_017 haiku b20,UNVOCALIZED
AR06965,مِسْكَالِينٌ,اسم جامد,390,7039,مركب هلوسي من الصبار دخيل,,,,,,,CANDIDATE,,L2_017 haiku b20,ROOT_MISSING;WAZN_MISSING
AR06966,إِكْسْتَاسِي,اسم جامد,390,7044,عقار تخديري دخيل,,,,,,,CANDIDATE,,L2_017 haiku b20,ROOT_MISSING;WAZN_MISSING
AR06967,ميِثامفيتامِينٌ,اسم جامد,390,7045,عقار منبه دخيل,,,,,,,CANDIDATE,,L2_017 haiku b20,ROOT_MISSING;WAZN_MISSING
AR06968,أَمفيتامِينٌ,اسم جامد,390,7055;7064,عقار منبه دخيل,,,,,,,CANDIDATE,,L2_017 haiku b20,ROOT_MISSING;WAZN_MISSING
AR06969,باربيتوُرَاتٌ,اسم جامد,390,7056,أدوية مهدئة دخيل,,,,,,,CANDIDATE,,L2_017 haiku b20,ROOT_MISSING;WAZN_MISSING
AR06970,مُهَدِّئٌ,اسم فاعل,390,7057;7059;7063,دواء يهدئ,هدء,مُفَعِّلٌ,,,,,CANDIDATE,,L2_017 haiku b20,ROOT_NORMALIZED
AR06971,مُنَشِّطٌ,اسم فاعل,390,7062,دواء منشط,نشط,مُفَعِّلٌ,,,,,CANDIDATE,,L2_017 haiku b20,
AR06972,كرَاكٌ,اسم جامد,390,7065,كوكايين متبلور دخيل,,,,,,,CANDIDATE,,L2_017 haiku b20,ROOT_MISSING;WAZN_MISSING
AR06973,كوكايِينٌ مُنقًّى,تركيب,390,7066,كوكايين معالج,,,,,,,CANDIDATE,,L2_017 haiku b20,
AR06974,مُهَلْوِسٌ,اسم فاعل,390,7069,عقار يسبب هلاوس,هلس,مُفَعِّلٌ,,,,,CANDIDATE,,L2_017 haiku b20,
AR06975,تُتُنٌ,اسم جامد,390,7070,ورق النبات المخدر,تتن,فُعُلٌ,,,,,CANDIDATE,,L2_017 haiku b20,
AR06976,نِيكوتِينٌ,اسم جامد,390,7071,مادة سامة من التبغ دخيل,,,,,,,CANDIDATE,,L2_017 haiku b20,ROOT_MISSING;WAZN_MISSING
AR06977,خَمْرٌ,اسم جامد,390,7072,السائل المسكر,خمر,فَعْلٌ,,,,,CANDIDATE,,L2_017 haiku b20,
AR06978,كيتامِينٌ,اسم جامد,390,7073,عقار تخديري دخيل,,,,,,,CANDIDATE,,L2_017 haiku b20,ROOT_MISSING;WAZN_MISSING
AR06979,مُورفِينٌ,اسم جامد,390,7074,عقار مسكن من الأفيون دخيل,,,,,,,CANDIDATE,,L2_017 haiku b20,ROOT_MISSING;WAZN_MISSING
AR06980,كودِيينٌ,اسم جامد,390,7075,عقار مسكن ومنوم دخيل,,,,,,,CANDIDATE,,L2_017 haiku b20,ROOT_MISSING;WAZN_MISSING
AR06981,مُسْتَنْشَقٌ,اسم فاعل,390,7076,مادة متطايرة تستنشق,نشق,مُسْتَفْعَلٌ,,,,,CANDIDATE,,L2_017 haiku b20,
AR06982,بيِيوتِي,اسم جامد,390,7080,صبار هلوسي دخيل,,,,,,,CANDIDATE,,L2_017 haiku b20,ROOT_MISSING;WAZN_MISSING
AR06983,نَشُوقٌ,اسم جامد,390,7122,تبغ مسحوق يشمع,نشق,فَعُولٌ,,,,,CANDIDATE,,L2_017 haiku b20,
AR06984,عِقَارٌ,اسم جامد,390,7911,مادة كيميائية مؤثرة,عقر,فِعَالٌ,,,,,CANDIDATE,,L2_017 haiku b20,
AR06985,سِيجَارَةٌ,اسم جامد,390,17680,لفافة تبغ دخيل,سجر,فِيعَالَةٌ,,,,,CANDIDATE,,L2_017 haiku b20,
AR06986,سَاعَدَ,فعل,391,7040;7041;11696,يساعد بعمل أو مال,سعد,فَاعَلَ,,,,,CANDIDATE,,L2_017 haiku b20,
AR06987,حَرَّضَ,فعل,391,7042;13144,يشجع على الخطأ,حرض,فَعَّلَ,,,,,CANDIDATE,,L2_017 haiku b20,
AR06988,أَغَاثَ,فعل,391,7043,نجدة وإعانة,غيث,أَفْعَلَ,,,,,CANDIDATE,,L2_017 haiku b20,
AR06989,مُسَاعِدٌ,اسم فاعل,391,7046,جاهز لتقديم المساعدة,سعد,مُفَاعِلٌ,,,,,CANDIDATE,,L2_017 haiku b20,
AR06990,مُسَاعَدَةٌ,مصدر,391,11591;11699;12165,عملية المساعدة,سعد,مُفَاعَلَةٌ,,,,,CANDIDATE,,L2_017 haiku b20,
AR06991,أَعَانَ,فعل,391,11755,نجد في الشدة,عون,أَفْعَلَ,,,,,CANDIDATE,,L2_017 haiku b20,
AR06992,خَدَمَ,فعل,391,11869,أدى الخدمة,خدم,فَعَلَ,,,,,CANDIDATE,,L2_017 haiku b20,
AR06993,وَفَّرَ,فعل,391,11870,قدم المطلوب,وفر,فَعَّلَ,,,,,CANDIDATE,,L2_017 haiku b20,
AR06994,إِعَانَةٌ,اسم جامد,391,13123,مادة مساعدة,عون,,,,,,CANDIDATE,إِفَاعَة,L2_017 haiku b20,WAZN_NOT_IN_INV
AR06995,مُلْزَمٌ,اسم مفعول,392,7051;8004;18521,مجبور قانوناً,لزم,مُفْعَلٌ,,,,,CANDIDATE,,L2_017 haiku b20,
AR06996,وَاجِبٌ,اسم جامد,392,7116,التزام أدبي أو قانوني,وجب,فَاعِلٌ,,,,,CANDIDATE,,L2_017 haiku b20,
AR06997,وَظِيفَةٌ,اسم جامد,392,7117,مسؤولية أو التزام,وظف,فَاعِلَةٌ,,,,,CANDIDATE,,L2_017 haiku b20,
AR06998,مُهِمَّةٌ,اسم جامد,392,7119,عمل مطلوب,همم,,,,,,CANDIDATE,مُفِعَّلَة,L2_017 haiku b20,WAZN_LEMMA_MISMATCH;WAZN_NOT_IN_INV
AR06999,مَسْؤُولِيَّةٌ,اسم جامد,392,7120,واجب مطلوب,سول,مَفْعُولِيَّةٌ,,,,,CANDIDATE,,L2_017 haiku b20,
AR07000,التِزَامٌ,مصدر,392,8003,التزام أدبي أو قانوني,لزم,,,,,,CANDIDATE,اِلْتِفَاع,L2_017 haiku b20,WAZN_LEMMA_MISMATCH;WAZN_NOT_IN_INV
AR07001,تَكْلِيفٌ,مصدر,392,15547;15549,مهمة مسندة,كلف,تَفْعِيلٌ,,,,,CANDIDATE,,L2_017 haiku b20,
AR07002,بِعْثَةٌ,اسم جامد,392,15548,مهمة مهمة,بعث,فِعْلَةٌ,,,,,CANDIDATE,,L2_017 haiku b20,
AR07003,عَقْدٌ,اسم جامد,392,15550,اتفاق مكتوب,عقد,فَعْلٌ,,,,,CANDIDATE,,L2_017 haiku b20,
AR07004,فَرْضٌ,مصدر,392,18522,التزام مفروض,فرض,فَعْلٌ,,,,,CANDIDATE,,L2_017 haiku b20,
AR07005,ثُؤْلُول,اسم جامد,393,7083,نمو صغير حميد على الجلد,ثءل,,,,,,CANDIDATE,فُعْلول,L2_017 haiku b21,WAZN_NOT_IN_INV
AR07006,بَثْرَة,اسم جامد,393,7084;7091;7102,نتوء ملتهب على الجلد,بثر,,,,,,CANDIDATE,فِعْلة,L2_017 haiku b21,WAZN_NOT_IN_INV
AR07007,حَب أَسْوَد,تركيب,393,7085,سداد دهني مؤكسد في المسام,,,,,,,CANDIDATE,,L2_017 haiku b21,
AR07008,نَدْبَة,اسم جامد,393,7086,أثر على الجلد بعد شفاء جرح,ندب,,,,,,CANDIDATE,فِعْلة,L2_017 haiku b21,WAZN_NOT_IN_INV
AR07009,خَال,اسم جامد,393,7087,بقعة داكنة من الميلانين,خول,فَعَالٍ,,,,,CANDIDATE,,L2_017 haiku b21,
AR07010,عَيْب,اسم جامد,393,7088,آفة صغيرة تشوه المظهر,عيب,,,,,,CANDIDATE,فَيْل,L2_017 haiku b21,WAZN_NOT_IN_INV
AR07011,وَحْمَة,اسم جامد,393,7089,علامة ملونة منذ الولادة,وحم,,,,,,CANDIDATE,فِعْلة,L2_017 haiku b21,WAZN_NOT_IN_INV
AR07012,نَمَش,اسم جامد,393,7090,بقع بنية فاتحة على الجلد,نمش,فَعَلٌ,,,,,CANDIDATE,,L2_017 haiku b21,
AR07013,دَمَل,اسم جامد,393,7092,انتفاخ ملتهب ممتلئ قيح,دمل,فَعَلٌ,,,,,CANDIDATE,,L2_017 haiku b21,
AR07014,فُقَاعَة,اسم جامد,393,7093,فقاعة على الجلد ممتلئة مصل,فقع,,,,,,CANDIDATE,فِعَالة,L2_017 haiku b21,WAZN_NOT_IN_INV
AR07015,طَفَح,اسم جامد,393,7094,احمرار منطقة من الجلد,طفح,فَعَلٌ,,,,,CANDIDATE,,L2_017 haiku b21,
AR07016,عَلَامَة عَض,تركيب,393,7098,أثر من العض أثناء اللعب,,,,,,,CANDIDATE,,L2_017 haiku b21,
AR07017,بُقْعَة كَبِدِيَّة,تركيب,393,7099,بقعة من تقدم السن,,,,,,,CANDIDATE,,L2_017 haiku b21,
AR07018,بُقْعَة,اسم جامد,393,7101,رقعة كبيرة قبيحة المظهر,بقع,,,,,,CANDIDATE,فِعْلة,L2_017 haiku b21,WAZN_NOT_IN_INV
AR07019,قُرْح الْفَم,تركيب,393,7103,تقرح ملتهب قرب الفم,,,,,,,CANDIDATE,,L2_017 haiku b21,
AR07020,مَلَس,اسم جامد,393,7165,جزء سميك من الجلد,ملس,فَعَلٌ,,,,,CANDIDATE,,L2_017 haiku b21,
AR07021,قُرْحَة,اسم جامد,393,7166,موضع خام مؤلم,قرح,,,,,,CANDIDATE,فِعْلة,L2_017 haiku b21,WAZN_NOT_IN_INV
AR07022,قُرْحَة الْفِرَاش,تركيب,393,7167,قرحة من الاستلقاء المستمر,,,,,,,CANDIDATE,,L2_017 haiku b21,
AR07023,حَب الشَّبَاب,تركيب,393,10122,بثور من التهاب الغدد الدهنية,,,,,,,CANDIDATE,,L2_017 haiku b21,
AR07024,ضَرَبَ,فعل,395,7222;7231;9779,وجه بضربة باليد أو أداة,ضرب,فَعَلَ,,,,,CANDIDATE,,L2_017 haiku b21,
AR07025,لَطَمَ,فعل,395,7223,جعل شيئا يصطدم بصفعة,لطم,فَعَلَ,,,,,CANDIDATE,,L2_017 haiku b21,
AR07026,صَرَعَ,فعل,395,7224,دفع بقوة عنيفة,صرع,فَعَلَ,,,,,CANDIDATE,,L2_017 haiku b21,
AR07027,قَرَعَ,فعل,395,7225,اضرب بقوة بضوضاء,قرع,فَعَلَ,,,,,CANDIDATE,,L2_017 haiku b21,
AR07028,اصْطَدَمَ,فعل,395,7226;7229;7242;9770;9771;11120,وجه جسما فيصطدم,صدم,اِفْتَعَلَ,,,,,CANDIDATE,,L2_017 haiku b21,WAZN_LEMMA_MISMATCH
AR07029,احْتَكَّ,فعل,395,7227,جعل شيئا يلمس عرضيا,حكك,اِفْتَعَلَ,,,,,CANDIDATE,,L2_017 haiku b21,WAZN_LEMMA_MISMATCH
AR07030,اخْتَرَقَ,فعل,395,7228,وجه مركبة فتصطدم,خرق,اِفْتَعَلَ,,,,,CANDIDATE,,L2_017 haiku b21,
AR07031,صَفَعَ,فعل,395,7230,ضرب بباطن اليد,صفع,فَعَلَ,,,,,CANDIDATE,,L2_017 haiku b21,
AR07032,سَقَطَ,فعل,395,7232,حرك جسما بضوضاء عميقة,سقط,فَعَلَ,,,,,CANDIDATE,,L2_017 haiku b21,
AR07033,صَفَقَ,فعل,395,9772,جعل يصطدم بضوضاء,صفق,فَعَلَ,,,,,CANDIDATE,,L2_017 haiku b21,
AR07034,لَمَسَ,فعل,395,9773,جعل شيئين يلتمسان,لمس,فَعَلَ,,,,,CANDIDATE,,L2_017 haiku b21,
AR07035,تَلَامَسَ,فعل,395,9774,جعل يلمس برفق,لمس,تَفَاعَلَ,,,,,CANDIDATE,,L2_017 haiku b21,
AR07036,طَرَقَ,فعل,395,9775,جعل يصطدم برقعة,طرق,فَعَلَ,,,,,CANDIDATE,,L2_017 haiku b21,
AR07037,خَشْخَشَ,فعل,395,9776,جعل يصطدم برقع سريعة,خشش,فَعْلَلَ,,,,,CANDIDATE,,L2_017 haiku b21,WAZN_LEMMA_MISMATCH
AR07038,حَفْحَفَ,فعل,395,9778,جعل يلتمس بصوت خافت,حفف,فَعْلَلَ,,,,,CANDIDATE,,L2_017 haiku b21,WAZN_LEMMA_MISMATCH
AR07039,طَعَنَ,فعل,395,11160,طعن حادا بقسوة,طعن,فَعَلَ,,,,,CANDIDATE,,L2_017 haiku b21,
AR07040,شَعَرَ,فعل,396,7255,عاش انفعالا معينا,شعر,فَعَلَ,,,,,CANDIDATE,,L2_017 haiku b21,
AR07041,مُمْتَلِئ,اسم مفعول,396,7256,متمكن من انفعال,ملء,مُفْتَعِلٌ,,,,,CANDIDATE,,L2_017 haiku b21,ROOT_NORMALIZED
AR07042,وَجَدَ,فعل,396,7257,عاش انفعالا عاطفيا,وجد,فَعَلَ,,,,,CANDIDATE,,L2_017 haiku b21,
AR07043,مَشَاعِر,اسم جامد,396,10300,ردود فعل عاطفية,شعر,,,,,,CANDIDATE,مَفَاعِل,L2_017 haiku b21,WAZN_NOT_IN_INV
AR07044,انْفِعَال,مصدر,396,10301,شعور قوي مثل الفرح,نفع,اِنْفِعَالٌ,,,,,CANDIDATE,,L2_017 haiku b21,WAZN_LEMMA_MISMATCH
AR07045,إِحْسَاس,مصدر,396,16496,شعور قد يكون غامضا,حسس,إِفْعَالٌ,,,,,CANDIDATE,,L2_017 haiku b21,
AR07046,احْتَوَىٰ,فعل,397,7296,ضم أو حفظ في الداخل,حوي,اِفْتَعَلَ,,,,,CANDIDATE,,L2_017 haiku b21,
AR07047,أَمْسَكَ,فعل,397,7297,ضم أو يكون قادرا,مسك,أَفْعَلَ,,,,,CANDIDATE,,L2_017 haiku b21,
AR07048,أَوْوَىٰ,فعل,397,13175,ضم أو يحوي,ءوي,أَفْعَلَ,,,,,CANDIDATE,,L2_017 haiku b21,ROOT_NORMALIZED
AR07049,خَزَّنَ,فعل,397,17644,حفظ محتويات في حاوية,خزن,فَعَّلَ,,,,,CANDIDATE,,L2_017 haiku b21,
AR07050,جَدِير,صفة مشبهة,399,7313;7320;7321;7330,يستحق المدح,جدر,فَعِيلٌ,,,,,CANDIDATE,,L2_017 haiku b21,
AR07051,مَحْمُود,اسم مفعول,399,7314,يستحق الثناء,حمد,مَفْعُولٌ,,,,,CANDIDATE,,L2_017 haiku b21,
AR07052,مُسْتَهْجَن,اسم مفعول,399,7315,يستحق الانتقاد,هجن,مُفْتَعَلٌ,,,,,CANDIDATE,,L2_017 haiku b21,WAZN_LEMMA_MISMATCH
AR07053,مَلُوم,اسم مفعول,399,7317,يستحق العتاب,لوم,مَفْعُولٌ,,,,,CANDIDATE,,L2_017 haiku b21,
AR07054,بَشِع,صفة مشبهة,399,7318,يستحق الاستنكار,بشع,فَعِيلٌ,,,,,CANDIDATE,,L2_017 haiku b21,
AR07055,مُؤْسِف,اسم فاعل,399,7319,مؤسف يستحق الندم,ءسف,مُفْعِلٌ,,,,,CANDIDATE,,L2_017 haiku b21,ROOT_NORMALIZED
AR07056,مَسْكِين,صفة مشبهة,399,7322,يستحق الرثاء,سكن,فَعِيلٌ,,,,,CANDIDATE,,L2_017 haiku b21,WAZN_LEMMA_MISMATCH
AR07057,جَلِيل,صفة مشبهة,399,7323,يستحق احترام كبير,جلل,فَعِيلٌ,,,,,CANDIDATE,,L2_017 haiku b21,
AR07058,مُشَرِّف,اسم فاعل,399,7324,يستحق الاعتراف,شرف,مُفَعِّلٌ,,,,,CANDIDATE,,L2_017 haiku b21,
AR07059,كَرِيه,صفة مشبهة,399,7325,يستحق الكراهية,كره,فَعِيلٌ,,,,,CANDIDATE,,L2_017 haiku b21,
AR07060,فَظِيع,صفة مشبهة,399,7326,يستحق الاشمئزاز,فظع,فَعِيلٌ,,,,,CANDIDATE,,L2_017 haiku b21,
AR07061,مَلْعُون,اسم مفعول,399,7327,جدير باللعنة,لعن,مَفْعُولٌ,,,,,CANDIDATE,,L2_017 haiku b21,
AR07062,شَرِيف,صفة مشبهة,399,7328,يستحق الشرف,شرف,فَعِيلٌ,,,,,CANDIDATE,,L2_017 haiku b21,
AR07063,خَزِي,صفة مشبهة,399,7329,يستحق العار,خزي,فَعِيلٌ,,,,,CANDIDATE,,L2_017 haiku b21,
AR07064,حَقِير,صفة مشبهة,399,8533,يستحق الاحتقار,حقر,فَعِيلٌ,,,,,CANDIDATE,,L2_017 haiku b21,
AR07065,تَعْوِيض,مصدر,400,7331;7337,إصلاح خطأ بتعويض,عوض,تَفْعِيلٌ,,,,,CANDIDATE,,L2_017 haiku b21,
AR07066,إِعَادَة,مصدر,400,7332,إعادة إلى الحالة الأصلية,عود,,,,,,CANDIDATE,إِفْعَالة,L2_017 haiku b21,WAZN_NOT_IN_INV
AR07067,عَوَّضَ,فعل,400,7338,قام بالتعويض,عوض,فَعَّلَ,,,,,CANDIDATE,,L2_017 haiku b21,
AR07068,سَامَحَ,فعل,401,7333,توقف عن الغضب,سمح,فَاعَلَ,,,,,CANDIDATE,,L2_017 haiku b21,
AR07069,مَسَامَحَة,مصدر,401,7334,فعل المسامحة,سمح,,,,,,CANDIDATE,مَفَاعَلة,L2_017 haiku b21,WAZN_NOT_IN_INV
AR07070,عَفَا,فعل,401,7335;7336,سامح عن خطأ,عفو,فَعَلَ,,,,,CANDIDATE,,L2_017 haiku b21,
AR07071,تَغَاضَىٰ,فعل,401,8005,قبل سلوكا خاطئا,غضض,تَفَاعَلَ,,,,,CANDIDATE,,L2_017 haiku b21,WAZN_LEMMA_MISMATCH
AR07072,أَسَاسِي,اسم منسوب,402,7433,من الأهمية الأولى,ءسس,,,,,,CANDIDATE,أَفَاعِيل,L2_017 haiku b21,ROOT_NORMALIZED;WAZN_NOT_IN_INV
AR07073,رَئِيسِي,اسم منسوب,402,7434,أعظم في الأهمية,رءس,,,,,,CANDIDATE,فَاعِيلِي,L2_017 haiku b21,ROOT_NORMALIZED;WAZN_NOT_IN_INV
AR07074,أَكْبَر,صفة مشبهة,402,7435,الأهم والأبرز,كبر,أَفْعَلُ,,,,,CANDIDATE,,L2_017 haiku b21,
AR07075,أَوَّل,صفة مشبهة,402,7436,أول من حيث الأهمية,ءول,,,,,,CANDIDATE,أَوَّل,L2_017 haiku b21,ROOT_NORMALIZED;WAZN_NOT_IN_INV
AR07076,أَبْرَز,صفة مشبهة,402,7437,الأكثر بروزا,برز,أَفْعَلُ,,,,,CANDIDATE,,L2_017 haiku b21,
AR07077,صَدَارَة,مصدر,402,7650,الأهمية الأولى,صدر,,,,,,CANDIDATE,فَعَالة,L2_017 haiku b21,WAZN_NOT_IN_INV
AR07078,رَائِد,اسم فاعل,402,11718,الأهم أو الأول,ريد,فَاعِلٌ,,,,,CANDIDATE,,L2_017 haiku b21,
AR07079,أَعْلَىٰ,صفة مشبهة,402,13253,الأعلى ترتيبا,علو,أَفْعَلُ,,,,,CANDIDATE,,L2_017 haiku b21,
AR07080,زَعِيم,اسم فاعل,402,13254,الأعلى ترتيبا,زعم,فَعِيلٌ,,,,,CANDIDATE,,L2_017 haiku b21,
AR07081,ابْتَدَعَ,فعل,403,7438,أنشأ شيئا جديدا,بدع,اِفْتَعَلَ,,,,,CANDIDATE,,L2_017 haiku b21,
AR07082,سَبَقَ,فعل,403,7439,كان الأول في فعل,سبق,فَعَلَ,,,,,CANDIDATE,,L2_017 haiku b21,
AR07083,اخْتَرَعَ,فعل,403,7440,أنشأ جهازا جديدا,خرع,اِفْتَعَلَ,,,,,CANDIDATE,,L2_017 haiku b21,
AR07084,اكْتَشَفَ,فعل,403,7441,كان الأول في الإيجاد,كشف,اِفْتَعَلَ,,,,,CANDIDATE,,L2_017 haiku b21,
AR07085,صَاغَ,فعل,403,7442,ابتكر كلمة جديدة,صوغ,فَعَلَ,,,,,CANDIDATE,,L2_017 haiku b21,
AR07086,صِيَاغَة,مصدر,403,7443,ابتكار كلمات,صوغ,,,,,,CANDIDATE,فِعَالة,L2_017 haiku b21,WAZN_NOT_IN_INV
AR07087,اكْتِشَاف,مصدر,403,7444,فعل الإيجاد الأول,كشف,اِفْتِعَالٌ,,,,,CANDIDATE,,L2_017 haiku b21,
AR07088,مُكْتَشِف,اسم فاعل,403,7445,من يكتشف,كشف,مُفْتَعِلٌ,,,,,CANDIDATE,,L2_017 haiku b21,
AR07089,مُبْتَدِع,اسم فاعل,403,7446,من ينشئ عرفا,بدع,مُفْتَعِلٌ,,,,,CANDIDATE,,L2_017 haiku b21,
AR07090,مُخْتَرِع,اسم فاعل,403,7447,من ينشئ جهازا,خرع,مُفْتَعِلٌ,,,,,CANDIDATE,,L2_017 haiku b21,
AR07091,اخْتِرَاع,مصدر,403,7448,فعل الإنشاء,خرع,اِفْتِعَالٌ,,,,,CANDIDATE,,L2_017 haiku b21,
AR07092,رَائِد,اسم فاعل,403,7449;7450,من يذهب أولا,ريد,فَاعِلٌ,,,,,CANDIDATE,,L2_017 haiku b21,
AR07093,ابْتَكَرَ,فعل,403,16604,ابتكر قبل غيره,بكر,اِفْتَعَلَ,,,,,CANDIDATE,,L2_017 haiku b21,
AR07094,مُخْتَرَع,اسم مفعول,403,17657,الكائن من الاختراع,خرع,مُفْتَعَلٌ,,,,,CANDIDATE,,L2_017 haiku b21,
AR07095,مَرَادِف,اسم فاعل,404,7474,كلمة معنى متطابق,ردف,,,,,,CANDIDATE,مَفَاعِل,L2_017 haiku b21,WAZN_NOT_IN_INV
AR07096,نَقِيض,صفة مشبهة,404,7475,كلمة معاكسة,نقص,فَعِيلٌ,,,,,CANDIDATE,,L2_017 haiku b21,WAZN_LEMMA_MISMATCH
AR07097,ضِد,اسم جامد,404,7476,مضاد قابل للتدرج,ضدد,فِعْلٌ,,,,,CANDIDATE,,L2_017 haiku b21,WAZN_LEMMA_MISMATCH
AR07098,نَوْع,اسم جامد,404,7477,دلالة نوع,نوع,فَعْلٌ,,,,,CANDIDATE,,L2_017 haiku b21,
AR07099,جِنْس,اسم جامد,404,7491,تعبير أعم,جنس,فِعْلٌ,,,,,CANDIDATE,,L2_017 haiku b21,
AR07100,مُتَرَادِف,اسم مفعول,404,7492,معنى واحد,ردف,مُتَفَاعِلٌ,,,,,CANDIDATE,,L2_017 haiku b21,
AR07101,جُزْء,اسم جامد,404,7493,تعبير يسمي جزء,جزء,فُعْلٌ,,,,,CANDIDATE,,L2_017 haiku b21,
AR07102,كُل,اسم جامد,404,7494,تعبير يسمي الكل,كلل,فُعْلٌ,,,,,CANDIDATE,,L2_017 haiku b21,WAZN_LEMMA_MISMATCH
AR07103,لِقَاء,مصدر,404,7495,كلمات نطق واحد,لقي,اِفْتِعَالٌ,,,,,CANDIDATE,,L2_017 haiku b21,
AR07104,اشْتِرَاك,مصدر,404,7496,كلمات رسم واحد,شرك,اِفْتِعَالٌ,,,,,CANDIDATE,,L2_017 haiku b21,
AR07105,مُصَاحِب,اسم فاعل,404,7497,تعبير متعاصر,صحب,مُفَاعِلٌ,,,,,CANDIDATE,,L2_017 haiku b21,
AR07106,يَتَعَاصَرُ,فعل,404,7498,يتعاصر التعبيران,عصر,,,,,,CANDIDATE,يَتَفَاعَل,L2_017 haiku b21,WAZN_NOT_IN_INV
AR07107,مُشْتَرَك,اسم فاعل,404,7517,كلمات رسم ونطق,شرك,مُفْتَعَلٌ,,,,,CANDIDATE,,L2_017 haiku b21,
AR07108,مُتَّحِد النَّطْق,تركيب,404,7519,كلمات نطق واحد,,,,,,,CANDIDATE,,L2_017 haiku b21,
AR07109,مُوسِيقَىٰ,اسم جامد,405,13846,فن دمج الأصوات,موسق,,,,,,CANDIDATE,فُولَا,L2_017 haiku b21,WAZN_NOT_IN_INV
AR07110,عَرْض,مصدر,405,13848,فعل تقديم عرض,عرض,فَعْلٌ,,,,,CANDIDATE,,L2_017 haiku b21,
AR07111,مَسْرَحِيَّة,اسم منسوب,405,14194,عمل درامي,سرح,مَفْعَلِيَّةٌ,,,,,CANDIDATE,,L2_017 haiku b21,
AR07112,يَدُلُّ,فعل,406,7480,وظيفة تعبير,دلل,,,,,,CANDIDATE,يَفْعُل,L2_017 haiku b21,WAZN_LEMMA_MISMATCH;WAZN_NOT_IN_INV
AR07113,دِلَالَة,مصدر,406,7481,معنى مباشر,دلل,,,,,,CANDIDATE,فِعَالة,L2_017 haiku b21,WAZN_NOT_IN_INV
AR07114,غَامِض,صفة مشبهة,406,7482,لغة متعددة المعنى,غمض,فَاعِلٌ,,,,,CANDIDATE,,L2_017 haiku b21,
AR07115,مُتَعَدِّد,اسم فاعل,406,7483,تعبير معان متعددة,عدد,مُتَفَعِّلٌ,,,,,CANDIDATE,,L2_017 haiku b21,
AR07116,أَحَادِي,صفة مشبهة,406,7484,تعبير معنى واحد,حدي,,,,,,CANDIDATE,أَفَاعِيل,L2_017 haiku b21,WAZN_NOT_IN_INV
AR07117,غَيْر مُحَدَّد,تركيب,406,7485,غير واضح المعنى,,,,,,,CANDIDATE,,L2_017 haiku b21,
AR07118,يُشِير,فعل,406,7486,تعبير يدل,شير,,,,,,CANDIDATE,يُفْعِل,L2_017 haiku b21,WAZN_NOT_IN_INV
AR07119,مَحْتَوَىٰ,مصدر,406,7487,محتوى مفهوم,حتو,,,,,,CANDIDATE,مَفْتَوَىٰ,L2_017 haiku b21,WAZN_NOT_IN_INV
AR07120,نِطَاق,اسم جامد,406,7488,نطاق الحد,نطق,فِعَالٌ,,,,,CANDIDATE,,L2_017 haiku b21,
AR07121,مَعْنَىٰ,اسم جامد,406,7489,ما يقصده تعبير,معن,مَفْعَلٌ,,,,,CANDIDATE,,L2_017 haiku b21,WAZN_LEMMA_MISMATCH
AR07122,يَعْنِي,فعل,406,7490,كلمة لها دلالة,عني,,,,,,CANDIDATE,يَفْعِل,L2_017 haiku b21,WAZN_NOT_IN_INV
AR07123,إِحَالِي,اسم منسوب,406,7515,لتعبير مرجع,حول,,,,,,CANDIDATE,إِفَاعِيل,L2_017 haiku b21,WAZN_NOT_IN_INV
AR07124,غَيْر إِحَالِي,تركيب,406,7516,تعبير بدون مرجع,,,,,,,CANDIDATE,,L2_017 haiku b21,
AR07125,مَعْنًىٰ,اسم جامد,406,7520,طريقة تفسير,معن,مَفْعَلٌ,,,,,CANDIDATE,,L2_017 haiku b21,WAZN_LEMMA_MISMATCH
AR07126,قِرَاءَة,مصدر,406,7521,فهم معنى كلمة,قرء,,,,,,CANDIDATE,فِعَالة,L2_017 haiku b21,ROOT_NORMALIZED;WAZN_NOT_IN_INV
AR07127,حَاسِم,صفة مشبهة,407,7506;7507;7512;14861,نقطة حاسمة,حسم,فَاعِلٌ,,,,,CANDIDATE,,L2_017 haiku b21,
AR07128,أَسَاسِي,اسم منسوب,407,7508;13147;13768,من الأهمية الحيوية,ءسس,,,,,,CANDIDATE,أَفَاعِيل,L2_017 haiku b21,ROOT_NORMALIZED;WAZN_NOT_IN_INV
AR07129,حَوْرِي,اسم منسوب,407,7522,أهمية محورية,حور,,,,,,CANDIDATE,فَعْلِي,L2_017 haiku b21,WAZN_NOT_IN_INV
AR07130,مُهِم,اسم فاعل,407,7528,عظيم الدلالة,همم,,,,,,CANDIDATE,مُفِعْل,L2_017 haiku b21,WAZN_LEMMA_MISMATCH;WAZN_NOT_IN_INV
AR07131,ذُو شَأْن,تركيب,407,7529,مهم يجدر بالانتباه,,,,,,,CANDIDATE,,L2_017 haiku b21,
AR07132,أَهَمِّيَّة,اسم منسوب,407,7530;7532,حالة كون مهما,همم,,,,,,CANDIDATE,أَفَعِّيَّة,L2_017 haiku b21,WAZN_NOT_IN_INV
AR07133,شَأْن,اسم جامد,407,7531,صفة الأهمية,شءن,فَعْلٌ,,,,,CANDIDATE,,L2_017 haiku b21,ROOT_NORMALIZED
AR07134,أَكْبَر,صفة مشبهة,407,12252,مهم أو خطير,كبر,أَفْعَلُ,,,,,CANDIDATE,,L2_017 haiku b21,
AR07135,حَيَوِي,اسم منسوب,407,13148,ضروري جدا,حيو,,,,,,CANDIDATE,فَعَوِي,L2_017 haiku b21,WAZN_NOT_IN_INV
AR07136,شَرِيف,صفة مشبهة,407,13251,له جدارة,شرف,فَعِيلٌ,,,,,CANDIDATE,,L2_017 haiku b21,
AR07137,جَادّ,صفة مشبهة,407,14313,مهم أو قلق,جدد,فَاعِلٌ,,,,,CANDIDATE,,L2_017 haiku b21,WAZN_LEMMA_MISMATCH
AR07138,بِجِدِّيَّة,تركيب,407,14314,بدرجة خطيرة,,,,,,,CANDIDATE,,L2_017 haiku b21,
AR07139,عَلَّامَة,اسم جامد,407,14965,أهمية محورية,علم,,,,,,CANDIDATE,فَعَّالة,L2_017 haiku b21,WAZN_NOT_IN_INV
AR07140,عَظِيم,صفة مشبهة,407,15024,مثير إعجاب,عظم,فَعِيلٌ,,,,,CANDIDATE,,L2_017 haiku b21,
AR07141,يُهِم,فعل,407,15064,يكون مهما,همم,,,,,,CANDIDATE,يُفْعِل,L2_017 haiku b21,WAZN_LEMMA_MISMATCH;WAZN_NOT_IN_INV
AR07142,أَوْلَوِيَّة,اسم منسوب,407,17507,تأكيد الأهمية,ولي,أَفْعَلِيَّةٌ,,,,,CANDIDATE,,L2_017 haiku b21,
AR07143,صَنَّعَ,فعل,408,7518;11757,صنع على نطاق واسع,صنع,فَعَّلَ,,,,,CANDIDATE,,L2_017 haiku b21,
AR07144,أَنْتَجَ,فعل,408,7523,صنع أو أنشأ,نتج,أَفْعَلَ,,,,,CANDIDATE,,L2_017 haiku b21,
AR07145,تَصْنِيع,مصدر,408,7524;7533;11758,عملية التصنيع,صنع,تَفْعِيلٌ,,,,,CANDIDATE,,L2_017 haiku b21,
AR07146,صَنَعَ,فعل,408,7526,شكل بجمع أجزاء,صنع,فَعَلَ,,,,,CANDIDATE,,L2_017 haiku b21,
AR07147,مُصَنِّع,اسم فاعل,408,7708,شركة تصنع,صنع,مُفَعِّلٌ,,,,,CANDIDATE,,L2_017 haiku b21,
AR07148,إِنْتَاج,مصدر,408,11441,فعل الإنتاج,نتج,إِفْعَالٌ,,,,,CANDIDATE,,L2_017 haiku b21,
AR07149,مُنْتِج,اسم فاعل,408,11595,شركة تنتج,نتج,مُفْعِلٌ,,,,,CANDIDATE,,L2_017 haiku b21,
AR07150,صِنَاعِي,اسم منسوب,408,11667,متعلق بالصناعة,صنع,,,,,,CANDIDATE,فِعَالِي,L2_017 haiku b21,WAZN_NOT_IN_INV
AR07151,صَانِع,اسم فاعل,408,15239,طرف التصنيع,صنع,فَاعِلٌ,,,,,CANDIDATE,,L2_017 haiku b21,
AR07152,مُنْتَج,اسم مفعول,408,16139,السلعة النهائية,نتج,مُفْعَلٌ,,,,,CANDIDATE,,L2_017 haiku b21,
AR07153,خَطّ إِنْتَاج,تركيب,408,18332,موقع التصنيع,,,,,,,CANDIDATE,,L2_017 haiku b21,
AR07154,صَانِع أَفْلَام,تركيب,409,7557,شخص يخرج أفلاما,,,,,,,CANDIDATE,,L2_017 haiku b21,
AR07155,مُخْرِج,اسم فاعل,409,7558,شخص يخرج فيلما,خرج,مُفْعِلٌ,,,,,CANDIDATE,,L2_017 haiku b21,
AR07156,مُنْتِج,اسم فاعل,409,7559,شخص يدير فيلما,نتج,مُفْعِلٌ,,,,,CANDIDATE,,L2_017 haiku b21,
AR07157,خَرَّجَ,فعل,409,7560,أشرف على الإنتاج,خرج,فَعَّلَ,,,,,CANDIDATE,,L2_017 haiku b21,
AR07158,أَنْتَجَ,فعل,409,7561,أدار جوانب فيلم,نتج,أَفْعَلَ,,,,,CANDIDATE,,L2_017 haiku b21,
AR07159,صَوَّرَ,فعل,409,7562,فيلم أو صور,صور,فَعَّلَ,,,,,CANDIDATE,,L2_017 haiku b21,
AR07160,فَيْلَمَ,فعل,409,7577,صنع فيلما,فيلم,فَيْعَلَ,,,,,CANDIDATE,,L2_017 haiku b21,
AR07161,تَرْتِيب مُوسِيقِي,تركيب,409,7617,تمثيل موسيقي,,,,,,,CANDIDATE,,L2_017 haiku b21,
AR07162,مُوسِيقَىٰ الْفِيلْم,تركيب,409,7618,الصوت المصاحب,,,,,,,CANDIDATE,,L2_017 haiku b21,
AR07163,لَحَّنَ,فعل,409,11106,ابتكر قطعة موسيقية,لحن,فَعَّلَ,,,,,CANDIDATE,,L2_017 haiku b21,
AR07164,مَثَّلَ,فعل,409,11944,قدم أداء مسرحي,ثيل,فَعَّلَ,,,,,CANDIDATE,,L2_017 haiku b21,
AR07165,اخْتَارَ,فعل,409,11945,اختر ممثلين,خور,اِفْتَعَلَ,,,,,CANDIDATE,,L2_017 haiku b21,
AR07166,أَخَذَ,فعل,410,7534,تصرف للاستحواذ,ءخذ,أَفْعَلَ,,,,,CANDIDATE,,L2_017 haiku b21,ROOT_NORMALIZED
AR07167,اسْتَوْلَىٰ,فعل,410,7535,أخذ بقوة,ولي,اِسْتَفْعَلَ,,,,,CANDIDATE,,L2_017 haiku b21,
AR07168,اسْتِيلَاء,مصدر,410,7536,فعل الاستيلاء,ولي,اِسْتِفْعَالٌ,,,,,CANDIDATE,,L2_017 haiku b21,
AR07169,اغْتَنَمَ,فعل,410,15065,أخذ من مصدر,غنم,اِفْتَعَلَ,,,,,CANDIDATE,,L2_017 haiku b21,
AR07170,صَادَرَ,فعل,410,17601,استولى دون صلاحية,صدر,فَاعَلَ,,,,,CANDIDATE,,L2_017 haiku b21,
AR07171,اسْتَقْبَلَ,فعل,411,7537,أخذ موهوبا,قبل,اِسْتَفْعَلَ,,,,,CANDIDATE,,L2_017 haiku b21,
AR07172,قَبِلَ,فعل,411,7538,استقبل شيئا موهوبا,قبل,فَعِلَ,,,,,CANDIDATE,,L2_017 haiku b21,
AR07173,اسْتِقْبَال,مصدر,411,10811,فعل التلقي,قبل,اِسْتِفْعَالٌ,,,,,CANDIDATE,,L2_017 haiku b21,
AR07174,نَبَّأَ,فعل,412,7540;7546;7551;7554;7739,علامة تحذير,نبء,فَعَّلَ,,,,,CANDIDATE,,L2_017 haiku b21,ROOT_NORMALIZED
AR07175,نَبَأ,اسم جامد,412,7541,علامة حدث مهم,نبء,فَعَلٌ,,,,,CANDIDATE,,L2_017 haiku b21,ROOT_NORMALIZED
AR07176,أَنْبَأَ,فعل,412,7543;7741,علامة على شيء,نبء,أَفْعَلَ,,,,,CANDIDATE,,L2_017 haiku b21,ROOT_NORMALIZED
AR07177,دَلَّ,فعل,412,7544,تحذير أو علامة,دلل,فَعَّلَ,,,,,CANDIDATE,,L2_017 haiku b21,WAZN_LEMMA_MISMATCH
AR07178,عَلَامَة,اسم جامد,412,7545,علامة لشيء قادم,علم,فِعْلَةٌ,,,,,CANDIDATE,,L2_017 haiku b21,
AR07179,فَأْل,اسم جامد,412,7547;7548,فأل أو نذير,فءل,فَعْلٌ,,,,,CANDIDATE,,L2_017 haiku b21,ROOT_NORMALIZED
AR07180,تَوَقَّعَ,فعل,412,7549,تنبيه مقدم,وقع,تَفَعَّلَ,,,,,CANDIDATE,,L2_017 haiku b21,
AR07181,تَفَاءَلَ,فعل,412,7550,نبأ بنتيجة,فءل,تَفَاعَلَ,,,,,CANDIDATE,,L2_017 haiku b21,ROOT_NORMALIZED
AR07182,نَحِس,صفة مشبهة,412,7552,يعطي انطباع سيء,نحس,فَعِيلٌ,,,,,CANDIDATE,,L2_017 haiku b21,
AR07183,نَذِير,اسم فاعل,412,7553,شخص ينبئ,نذر,فَعِيلٌ,,,,,CANDIDATE,,L2_017 haiku b21,
AR07184,تَنْبِيه,مصدر,412,7740,عرض إشارة,نبه,تَفْعِيلٌ,,,,,CANDIDATE,,L2_017 haiku b21,
AR07185,أَعْطَىٰ,فعل,412,10366,أسباب توقع جيد,عطي,أَفْعَلَ,,,,,CANDIDATE,,L2_017 haiku b21,
AR07186,بَشَّرَ,فعل,412,10367,أشر إلى قدوم,بشر,فَعَّلَ,,,,,CANDIDATE,,L2_017 haiku b21,
AR07187,أَخْبَرَ,فعل,412,10368,أشر إلى الحدوث,خبر,أَفْعَلَ,,,,,CANDIDATE,,L2_017 haiku b21,
AR07188,مُبَشِّر,اسم فاعل,412,13310,يظهر إمكانية,بشر,مُفَعِّلٌ,,,,,CANDIDATE,,L2_017 haiku b21,
AR07189,وَعْد,اسم جامد,412,13367,إشارة احتمال,وعد,فَعْلٌ,,,,,CANDIDATE,,L2_017 haiku b21,
AR07190,تَهَدَّدَ,فعل,412,14810,أشر إلى شيء سيء,هدد,تَفَعَّلَ,,,,,CANDIDATE,,L2_017 haiku b21,
AR07191,أَبْطَلَ,فعل,413,7563;7573,ممثل رئيسي,بطل,أَفْعَلَ,,,,,CANDIDATE,,L2_017 haiku b21,
AR07192,مَثَّلَ,فعل,413,7564;7565;7566,أداء دور خيالي,ثيل,فَعَّلَ,,,,,CANDIDATE,,L2_017 haiku b21,
AR07193,نَجْم,اسم جامد,413,7569,ممثل مهم,نجم,فَعْلٌ,,,,,CANDIDATE,,L2_017 haiku b21,
AR07194,نَجْم مُشَارِك,تركيب,413,7570,ممثل بأهمية متساوية,,,,,,,CANDIDATE,,L2_017 haiku b21,
AR07195,ظَهَرَ,فعل,413,7571;16437,ظهور كنجم مشارك,ظهر,فَعَلَ,,,,,CANDIDATE,,L2_017 haiku b21,
AR07196,دَوْر رَئِيسِي,تركيب,413,7572,الدور الرئيسي,,,,,,,CANDIDATE,,L2_017 haiku b21,
AR07197,مُمَثِّلًا عَن,تركيب,413,7574,تمثيل دور,,,,,,,CANDIDATE,,L2_017 haiku b21,
AR07198,شارَكَ,فعل,413,7575,ضم ممثل مشارك,شرك,فَاعَلَ,,,,,CANDIDATE,,L2_017 haiku b21,
AR07199,اشْتَمَلَ,فعل,413,7576,ممثل مهم,شمل,اِفْتَعَلَ,,,,,CANDIDATE,,L2_017 haiku b21,
AR07200,شَخْصِيَّة,اسم منسوب,413,13930,دور يؤديه ممثل,شخص,فَعْلِيَّةٌ,,,,,CANDIDATE,,L2_017 haiku b21,
AR07201,دَوْر,اسم جامد,413,13931;14015,دور ممثل,دور,فَعْلٌ,,,,,CANDIDATE,,L2_017 haiku b21,
AR07202,كَسَّرَ,فعل,414,7578;7581;7584,فصل العامل المتأثر إلى أجزاء متعددة.,كسر,فَعَّلَ,,,,,CANDIDATE,,L2_017 haiku b22,
AR07203,مَزَّقَ,فعل,414,7579;7587;7588;7589;7591,فصل الشيء إلى قطع صغيرة بقوة.,مزق,فَعَّلَ,,,,,CANDIDATE,,L2_017 haiku b22,
AR07204,انكَسَرَ,فعل,414,7580,انفصل الشيء بعد تطبيق ضغط عليه.,كسر,اِنْفَعَلَ,,,,,CANDIDATE,,L2_017 haiku b22,
AR07205,حَطَّمَ,فعل,414,7582;7585;7586,كسر الشيء إلى شظايا دقيقة.,حطم,فَعَّلَ,,,,,CANDIDATE,,L2_017 haiku b22,
AR07206,فَتَّتَ,فعل,414,7583,كسر الشيء إلى قطع طويلة رقيقة.,فتت,فَعَّلَ,,,,,CANDIDATE,,L2_017 haiku b22,
AR07207,شَقَّ,فعل,414,7592;12095;12097,فصل الشيء على خط طبيعي فيه.,شقق,فَعَّلَ,,,,,CANDIDATE,,L2_017 haiku b22,WAZN_LEMMA_MISMATCH
AR07208,فَصَّلَ,فعل,414,7593;12093,فصل الشيء بطريقة منهجية.,فصل,فَعَّلَ,,,,,CANDIDATE,,L2_017 haiku b22,
AR07209,انفَصَلَ,فعل,414,12089;12090,تباعد أجزاء الشيء بقوة.,فصل,اِنْفَعَلَ,,,,,CANDIDATE,,L2_017 haiku b22,
AR07210,فَكَّكَ,فعل,414,12091;12098,فصل أجزاء الشيء المركب.,فكك,فَعَّلَ,,,,,CANDIDATE,,L2_017 haiku b22,
AR07211,كَسَرَ,فعل,414,12092,انقطع قطعة من الشيء الصلب.,كسر,فَعَلَ,,,,,CANDIDATE,,L2_017 haiku b22,
AR07212,ذَابَ,فعل,414,12094,انفصل الصلب في السائل.,ذوب,فَعَلَ,,,,,CANDIDATE,,L2_017 haiku b22,
AR07213,قَطَّعَ,فعل,414,12096,قطع الشيء إلى شرائح رقيقة.,قطع,فَعَّلَ,,,,,CANDIDATE,,L2_017 haiku b22,
AR07214,أَضَرَّ,فعل,415,7594,أحدث ضررا في الشيء أو الكائن.,ضرر,أَفْعَلَ,,,,,CANDIDATE,,L2_017 haiku b22,WAZN_LEMMA_MISMATCH
AR07215,شَوَّهَ,فعل,415,7595;7596,ألحق ضررا بسطح الشيء.,شوه,فَعَّلَ,,,,,CANDIDATE,,L2_017 haiku b22,
AR07216,نَقَرَ,فعل,415,7597,أحدث حزا صغيرا في الشيء.,نقر,فَعَلَ,,,,,CANDIDATE,,L2_017 haiku b22,
AR07217,حَفَرَ,فعل,415,7599,أحدث انخفاضا طفيفا في السطح.,حفر,فَعَلَ,,,,,CANDIDATE,,L2_017 haiku b22,
AR07218,حَطَّمَ,فعل,415,7600,ألحق ضررا متعمدا بالشيء.,حطم,فَعَّلَ,,,,,CANDIDATE,,L2_017 haiku b22,
AR07219,خَدَشَ,فعل,415,7605;7607;7609,أحدث خطوطا في سطح الشيء.,خدش,فَعَلَ,,,,,CANDIDATE,,L2_017 haiku b22,
AR07220,كَسَرَ,فعل,415,7606,فصل قطعة صغيرة من الشيء.,كسر,فَعَلَ,,,,,CANDIDATE,,L2_017 haiku b22,
AR07221,خَرَّبَ,فعل,415,7608,ألحق ضررا متعمدا لإعاقة عملية.,خرب,فَعَّلَ,,,,,CANDIDATE,,L2_017 haiku b22,
AR07222,تَخْرِيب,اسم مصدر,415,7610,عملية الإضرار المتعمد بالممتلكات.,خرب,تَفْعِيلٌ,,,,,CANDIDATE,,L2_017 haiku b22,
AR07223,مَزَّقَ,فعل,415,11161;11162;11494,فصل الشيء بقوة إلى أجزاء.,مزق,فَعَّلَ,,,,,CANDIDATE,,L2_017 haiku b22,
AR07224,ضَرَر,اسم جامد,415,14650,الأذى أو الخسارة الناتجة عن الإضرار.,ضرر,فَعَلٌ,,,,,CANDIDATE,,L2_017 haiku b22,
AR07225,حَكَّ,فعل,415,15579,فرك السطح بجسم خشن للإضرار به.,حكك,فَعَّلَ,,,,,CANDIDATE,,L2_017 haiku b22,WAZN_LEMMA_MISMATCH
AR07226,دَمَّرَ,فعل,416,8463,جعل الشيء غير قابل للعمل.,دمر,فَعَّلَ,,,,,CANDIDATE,,L2_017 haiku b22,
AR07227,عَطَّلَ,فعل,416,8464;10860;11445,جعل الشيء عاجزا عن وظيفته.,عطل,فَعَّلَ,,,,,CANDIDATE,,L2_017 haiku b22,
AR07228,أَفْسَدَ,فعل,416,8465,جعل الشيء عديم الفائدة تماما.,فسد,أَفْعَلَ,,,,,CANDIDATE,,L2_017 haiku b22,
AR07229,شَلَّ,فعل,416,14977,جعل الشيء عاجزا عن الحركة.,شلل,فَعَّلَ,,,,,CANDIDATE,,L2_017 haiku b22,WAZN_LEMMA_MISMATCH
AR07230,هَدَّمَ,فعل,417,7619;7621;7634,دمر المباني بالنار.,هدم,فَعَّلَ,,,,,CANDIDATE,,L2_017 haiku b22,
AR07231,فَسَدَ,فعل,417,7620,أزال البناء أو الهيكل.,فسد,فَعَلَ,,,,,CANDIDATE,,L2_017 haiku b22,
AR07232,دَمَّرَ,فعل,417,7622;7626,ألحق قوة لإزالة الشيء.,دمر,فَعَّلَ,,,,,CANDIDATE,,L2_017 haiku b22,
AR07233,مَحَا,فعل,417,7623,دمر الشيء تماما وأزاله.,محو,فَعَلَ,,,,,CANDIDATE,,L2_017 haiku b22,
AR07234,محْو,اسم مصدر,417,7624,عملية إزالة الشيء كاملا.,محو,فَعْلٌ,,,,,CANDIDATE,,L2_017 haiku b22,
AR07235,تَدْمِير,اسم مصدر,417,7625;7627,حدث إزالة الشيء بالكامل.,دمر,تَفْعِيلٌ,,,,,CANDIDATE,,L2_017 haiku b22,
AR07236,بَخَّرَ,فعل,417,7628,أزال الشيء تماما كالبخار.,بخر,فَعَّلَ,,,,,CANDIDATE,,L2_017 haiku b22,
AR07237,أَفْنَى,فعل,417,7629,دمر الشيء بالكامل تماما.,فني,أَفْعَلَ,,,,,CANDIDATE,,L2_017 haiku b22,
AR07238,فَنَاء,اسم مصدر,417,7630,الدمار الكامل والتام.,فني,فَعَالٍ,,,,,CANDIDATE,,L2_017 haiku b22,
AR07239,خَرَّبَ,فعل,417,7633;17612,دمر المباني والحقول.,خرب,فَعَّلَ,,,,,CANDIDATE,,L2_017 haiku b22,
AR07240,هَدْم,اسم مصدر,417,7635,عملية تحطيم المباني.,هدم,فَعْلٌ,,,,,CANDIDATE,,L2_017 haiku b22,
AR07241,فَكَّكَ,فعل,417,7648,فصل أجزاء الشيء.,فكك,فَعَّلَ,,,,,CANDIDATE,,L2_017 haiku b22,
AR07242,تَفْكِيك,اسم مصدر,417,11594,عملية فصل الشيء عن أجزاءه.,فكك,تَفْعِيلٌ,,,,,CANDIDATE,,L2_017 haiku b22,
AR07243,مُدَمِّر,صفة مشبهة,417,13919,الذي يسبب التدمير.,دمر,مُفَعِّلٌ,,,,,CANDIDATE,,L2_017 haiku b22,
AR07244,فَجَّرَ,فعل,417,14692;16801,دمر الشيء بانفجار.,فجر,فَعَّلَ,,,,,CANDIDATE,,L2_017 haiku b22,
AR07245,أَزَالَ,فعل,417,16450,أوقف وحطم الشيء.,زيل,أَفْعَلَ,,,,,CANDIDATE,,L2_017 haiku b22,
AR07246,تَعَاوَنَ,فعل,418,7636;8885;15075,عمل مع آخرين على مشروع واحد.,عون,تَفَاعَلَ,,,,,CANDIDATE,,L2_017 haiku b22,
AR07247,شَارَكَ,فعل,418,7638,ارتبط مع شريك في عمل.,شرك,فَاعَلَ,,,,,CANDIDATE,,L2_017 haiku b22,
AR07248,مُتَعَاوِن,اسم فاعل,418,7640,شخص يعمل مع آخرين.,عون,مُتَفَاعِلٌ,,,,,CANDIDATE,,L2_017 haiku b22,
AR07249,شَرِيك,اسم جامد,418,7641,من يشاركه في عمل مشترك.,شرك,فَعِيلٌ,,,,,CANDIDATE,,L2_017 haiku b22,
AR07250,تَواطُؤ,اسم جامد,418,7642,اتفاق سري على تآمر.,وطء,تَفَاعُلٌ,,,,,CANDIDATE,,L2_017 haiku b22,
AR07251,تَآمَرَ,فعل,418,7643,اتفق سرا على فعل شر.,ءمر,تَفَاعَلَ,,,,,CANDIDATE,,L2_017 haiku b22,ROOT_NORMALIZED
AR07252,تَعَاوُن,اسم جامد,418,7644;10715,عملية العمل المشترك.,عون,تَفَاعُلٌ,,,,,CANDIDATE,,L2_017 haiku b22,
AR07253,زَمِيل,اسم جامد,418,7646,شخص يعمل معه في مشروع.,زمل,فَعِيلٌ,,,,,CANDIDATE,,L2_017 haiku b22,
AR07254,حَلِيف,اسم جامد,418,7647,شريك في العمل المشترك.,حلف,فَعِيلٌ,,,,,CANDIDATE,,L2_017 haiku b22,
AR07255,تَآمُر,اسم جامد,418,7713,عملية الاتفاق السري.,ءمر,تَفَاعُلٌ,,,,,CANDIDATE,,L2_017 haiku b22,ROOT_NORMALIZED
AR07256,تَوَاطَأَ,فعل,418,7715,اتفق سرا على غش.,وطء,تَفَاعَلَ,,,,,CANDIDATE,,L2_017 haiku b22,
AR07257,تَوَاطُؤ,اسم جامد,418,7716,تعاون سري للخداع.,وطء,تَفَاعُلٌ,,,,,CANDIDATE,,L2_017 haiku b22,
AR07258,تَفَرَّقَ,فعل,418,8444,اجتمع فريق لتحقيق هدف.,فرق,تَفَعَّلَ,,,,,CANDIDATE,,L2_017 haiku b22,
AR07259,مُرْتَبِط,اسم مفعول,418,13441,متصل بمنظمة أو جهة.,ربط,مُفْتَعِلٌ,,,,,CANDIDATE,,L2_017 haiku b22,
AR07260,مُتَحَالِف,اسم فاعل,418,14703,متعاون مع آخرين.,حلف,مُتَفَاعِلٌ,,,,,CANDIDATE,,L2_017 haiku b22,
AR07261,مَعاً,ظرف,418,14706;15232,بطريقة تعاونية مع الآخرين.,,,,,,,CANDIDATE,,L2_017 haiku b22,ROOT_MISSING;WAZN_MISSING
AR07262,شَرِيط,اسم جامد,419,7668;7677,شريط طويل ضيق من قماش.,شرط,فَعِيلٌ,,,,,CANDIDATE,,L2_017 haiku b22,
AR07263,حَبْل,اسم جامد,419,7669;7671;7672,حبل مضفور للربط والشد.,حبل,فَعْلٌ,,,,,CANDIDATE,,L2_017 haiku b22,
AR07264,خَيْط,اسم جامد,419,7670,خيط رقيق للخياطة.,خيط,فَعْلٌ,,,,,CANDIDATE,,L2_017 haiku b22,
AR07265,سِلْسِلَة,اسم جامد,419,7673,سلسلة معدنية للربط.,سلس,فِعْلِيلَةٌ,,,,,CANDIDATE,,L2_017 haiku b22,WAZN_LEMMA_MISMATCH
AR07266,قَيْد,اسم جامد,419,7674,قيود لتقييد السجين.,قيد,فَعْلٌ,,,,,CANDIDATE,,L2_017 haiku b22,
AR07267,غِرَاء,اسم جامد,419,7676;7678,مادة لاصقة للربط.,غري,فِعَالٌ,,,,,CANDIDATE,,L2_017 haiku b22,
AR07268,مِسْمَار,اسم جامد,419,7679;7681,مسمار بلولب للربط.,سمر,فِعْلالٌ (رباعي),,,,,CANDIDATE,,L2_017 haiku b22,WAZN_LEMMA_MISMATCH
AR07269,صَامُولَة,اسم جامد,419,7680,قطعة معدنية لللولب دخيل.,,,,,,,CANDIDATE,,L2_017 haiku b22,ROOT_MISSING;WAZN_MISSING
AR07270,وَتِد,اسم جامد,419,7682,وتد لتثبيت الأشياء.,وتد,فَعِلٌ,,,,,CANDIDATE,,L2_017 haiku b22,
AR07271,حِزَام,اسم جامد,419,7683,حزام من الجلد للربط.,حزم,فِعَالٌ,,,,,CANDIDATE,,L2_017 haiku b22,
AR07272,دَبُّوس,اسم جامد,419,7684,دبوس رفيع حاد دخيل.,,,,,,,CANDIDATE,,L2_017 haiku b22,ROOT_MISSING;WAZN_MISSING
AR07273,دَبَّاسَة,اسم جامد,419,7690,قوس معدني لربط الأوراق.,دبس,فَعَّالَةٌ,,,,,CANDIDATE,,L2_017 haiku b22,
AR07274,غِصْن,اسم جامد,419,7691,غصن مرن للربط.,غصن,فِعْلٌ,,,,,CANDIDATE,,L2_017 haiku b22,
AR07275,رِبَاط,اسم جامد,419,7693;7694;7695,حبل أو شريط للربط.,ربط,فِعَالٌ,,,,,CANDIDATE,,L2_017 haiku b22,
AR07276,سِلْك,اسم جامد,419,7696,سلك معدني رقيق.,سلك,فِعْلٌ,,,,,CANDIDATE,,L2_017 haiku b22,
AR07277,لَوْلَب,اسم جامد,419,7697,لولب حلزوني معدني.,لوب,فَعْلَلٌ,,,,,CANDIDATE,,L2_017 haiku b22,
AR07278,حَلْقَة,اسم جامد,419,13666,حلقة تربط بين أشياء.,حلق,فَعْلَةٌ,,,,,CANDIDATE,,L2_017 haiku b22,
AR07279,مُوصِل,اسم فاعل,419,13667,ما يربط الأشياء معا.,وصل,مُفْعِلٌ,,,,,CANDIDATE,,L2_017 haiku b22,
AR07280,سِمَة,اسم جامد,419,16250,حبال ربط حرث الحصان.,سمت,فِعْلَةٌ,,,,,CANDIDATE,,L2_017 haiku b22,WAZN_LEMMA_MISMATCH
AR07281,بَادِيَة,اسم جامد,420,7660;7661;7664;7665;7687,منطقة معزولة وعرة.,بدو,فَاعِلَةٌ,,,,,CANDIDATE,,L2_017 haiku b22,
AR07282,مَنْطِقَة,اسم جامد,420,7662,منطقة معزولة متأخرة.,نطق,فَعْلَةٌ,,,,,CANDIDATE,,L2_017 haiku b22,WAZN_LEMMA_MISMATCH
AR07283,غَابَة,اسم جامد,420,7663,منطقة غابات نائية.,غيب,,,,,,CANDIDATE,فَاعَة,L2_017 haiku b22,WAZN_NOT_IN_INV
AR07284,بَلْدَة,اسم جامد,420,7666;7667,بلدة معزولة خيالية.,بلد,فَعْلَةٌ,,,,,CANDIDATE,,L2_017 haiku b22,
AR07285,مَنْسِيّ,اسم منسوب,420,7685,مكان معزول لا يحظى بالاهتمام.,نسي,مَفْعُولٌ,,,,,CANDIDATE,,L2_017 haiku b22,
AR07286,نَائِي,صفة مشبهة,420,7686,مكان بعيد عن التطور.,نوي,فَاعِلٌ,,,,,CANDIDATE,,L2_017 haiku b22,
AR07287,رِيف,اسم جامد,420,7688;7692,منطقة ريفية معزولة.,ريف,فِعْلٌ,,,,,CANDIDATE,,L2_017 haiku b22,
AR07288,داخِل,اسم جامد,420,7689,منطقة داخلية معزولة.,دخل,فَاعِلٌ,,,,,CANDIDATE,,L2_017 haiku b22,
AR07289,نَائِي,ظرف,420,18383,مكان معزول صعب الوصول.,,,,,,,CANDIDATE,,L2_017 haiku b22,ROOT_MISSING;WAZN_MISSING
AR07290,عَجَلَة,اسم جامد,421,10350,عجلة دائرية تدور على محور.,عجل,فَعَلَةٌ,,,,,CANDIDATE,,L2_017 haiku b22,
AR07291,تِقْنِيَّة,اسم منسوب,421,11662;11663,منتج من ابتكار الإنسان.,تقن,فِعْلِيٌّ,,,,,CANDIDATE,,L2_017 haiku b22,
AR07292,صَنْعَة,اسم جامد,421,13804,شيء صنعه الإنسان.,صنع,فَعْلَةٌ,,,,,CANDIDATE,,L2_017 haiku b22,
AR07293,لَوحَة,اسم جامد,421,16596,لوحة تحكم بمفاتيح وأزرار.,لوح,فَعْلَةٌ,,,,,CANDIDATE,,L2_017 haiku b22,
AR07294,لَوح,اسم جامد,421,16606,لوح طويل مسطح للاستعمال.,لوح,فَعْلٌ,,,,,CANDIDATE,,L2_017 haiku b22,
AR07295,لِعْبَة,اسم جامد,421,16607,لوح مرسوم لتطبيق اللعبة.,لعب,فِعْلَةٌ,,,,,CANDIDATE,,L2_017 haiku b22,
AR07296,ملعقة,اسم جامد,421,18620,أداة معدنية لرفع ونشر.,ملع,فِعْلَةٌ,,,,,CANDIDATE,,L2_017 haiku b22,UNVOCALIZED;WAZN_LEMMA_MISMATCH
AR07297,خَفَّاقَة,اسم جامد,421,18621,أداة لخفق أو ضرب المواد.,خفق,فَعَّالَةٌ,,,,,CANDIDATE,,L2_017 haiku b22,
AR07298,حَوض,اسم جامد,421,18622,حوض للاستحمام.,حوض,فَعْلٌ,,,,,CANDIDATE,,L2_017 haiku b22,
AR07299,مُؤَقِّت,اسم فاعل,421,18624,جهاز لقياس الوقت المنقضي.,وقت,مُفَعِّلٌ,,,,,CANDIDATE,,L2_017 haiku b22,
AR07300,فِرْن,اسم جامد,421,18625,فرن للخبز والشوي.,فرن,فِعْلٌ,,,,,CANDIDATE,,L2_017 haiku b22,
AR07301,هَاتِف,اسم جامد,421,18626,جهاز لنقل الصوت بعد.,هتف,فَاعِلٌ,,,,,CANDIDATE,,L2_017 haiku b22,
AR07302,نَقَلَ,فعل,422,7698,نقل البضاعة بين وسائل نقل.,نقل,فَعَلَ,,,,,CANDIDATE,,L2_017 haiku b22,
AR07303,مُصَدِّر,اسم فاعل,422,7703,من يحرك البضاعة خارجا.,صدر,مُفَعِّلٌ,,,,,CANDIDATE,,L2_017 haiku b22,
AR07304,مُسْتَوْرِد,اسم فاعل,422,7704,من يحرك البضاعة إلى المنطقة.,ورد,مُفْتَعِلٌ,,,,,CANDIDATE,,L2_017 haiku b22,
AR07305,نَقْل,اسم مصدر,422,7712,نقل البضاعة بين السفن.,نقل,فَعْلٌ,,,,,CANDIDATE,,L2_017 haiku b22,
AR07306,أَحْمَر,صفة مشبهة,423,7721,لون طيف الضوء الأحمر.,حمر,أَفْعَلُ,,,,,CANDIDATE,,L2_017 haiku b22,
AR07307,أَخْضَر,صفة مشبهة,423,7725,لون كلون العشب.,خضر,أَفْعَلُ,,,,,CANDIDATE,,L2_017 haiku b22,
AR07308,لَوْن,اسم جامد,423,7726,الإحساس الذي يثيره الضوء.,لون,فَعْلٌ,,,,,CANDIDATE,,L2_017 haiku b22,
AR07309,أَرْجَوَاني,صفة مشبهة,423,7727,لون أحمر براق دخيل.,,,,,,,CANDIDATE,,L2_017 haiku b22,ROOT_MISSING;WAZN_MISSING
AR07310,أَسْوَد,صفة مشبهة,423,7728;7737;17260,لون أسود داكن جدا.,سود,أَفْعَلُ,,,,,CANDIDATE,,L2_017 haiku b22,
AR07311,بَنَفْسَجِيّ,اسم منسوب,423,7729;7734,لون بين الأحمر والأزرق دخيل.,,,,,,,CANDIDATE,,L2_017 haiku b22,ROOT_MISSING;WAZN_MISSING
AR07312,أَزْرَق,صفة مشبهة,423,7730,لون السماء الصافية.,زرق,أَفْعَلُ,,,,,CANDIDATE,,L2_017 haiku b22,
AR07313,بُرْتُقَالِيّ,اسم منسوب,423,7731,لون أحمر مصفّر دخيل.,,,,,,,CANDIDATE,,L2_017 haiku b22,ROOT_MISSING;WAZN_MISSING
AR07314,أَصْفَر,صفة مشبهة,423,7732,لون بين الأخضر والبرتقالي.,صفر,أَفْعَلُ,,,,,CANDIDATE,,L2_017 haiku b22,
AR07315,بُنِّي,اسم منسوب,423,7735;18391,لون مخلوط من الألوان.,بني,,,,,,CANDIDATE,فُعِّل,L2_017 haiku b22,WAZN_NOT_IN_INV
AR07316,رَمَادِيّ,اسم منسوب,423,7736,لون بين الأسود والأبيض.,رمد,فَعَالِيٌّ,,,,,CANDIDATE,,L2_017 haiku b22,
AR07317,أَبْيَض,صفة مشبهة,423,7738,لون الثلج والحليب.,بيض,أَفْعَلُ,,,,,CANDIDATE,,L2_017 haiku b22,
AR07318,وَرْدِيّ,اسم منسوب,423,7757,لون أحمر فاتح جدا.,ورد,فَعْلِيٌّ,,,,,CANDIDATE,,L2_017 haiku b22,
AR07319,قِرْمِزِيّ,اسم منسوب,423,8073;8173,لون أحمر غني وعميق دخيل.,,,,,,,CANDIDATE,,L2_017 haiku b22,ROOT_MISSING;WAZN_MISSING
AR07320,كَرَمِزِيّ,اسم منسوب,423,8074,لون أحمر بنفسجي دخيل.,,,,,,,CANDIDATE,,L2_017 haiku b22,ROOT_MISSING;WAZN_MISSING
AR07321,فيروزيّ,اسم منسوب,423,8075,لون أزرق مخضّر دخيل.,,,,,,,CANDIDATE,,L2_017 haiku b22,ROOT_MISSING;WAZN_MISSING
AR07322,سَمَاوِيّ,اسم منسوب,423,8076,لون أزرق فاتح.,سمو,فَعَالِيٌّ,,,,,CANDIDATE,,L2_017 haiku b22,
AR07323,بَيْجِيّ,اسم منسوب,423,8139,لون رملي فاتح دخيل.,,,,,,,CANDIDATE,,L2_017 haiku b22,ROOT_MISSING;WAZN_MISSING
AR07324,بِنَفْسَجِيّ,اسم منسوب,423,8170,لون أرجواني فاتح دخيل.,,,,,,,CANDIDATE,,L2_017 haiku b22,ROOT_MISSING;WAZN_MISSING
AR07325,كَاكِيّ,اسم منسوب,423,8171;8172,لون بني محمّر دخيل.,,,,,,,CANDIDATE,,L2_017 haiku b22,ROOT_MISSING;WAZN_MISSING
AR07326,مُلَوَّن,اسم مفعول,423,17261,ما أكتسب لونا معينا.,لون,مُفَعَّلٌ,,,,,CANDIDATE,,L2_017 haiku b22,
AR07327,نِيلِيّ,اسم منسوب,423,18390,لون بين الأزرق والبنفسج دخيل.,,,,,,,CANDIDATE,,L2_017 haiku b22,ROOT_MISSING;WAZN_MISSING
AR07328,هَاجَمَ,فعل,424,7742,شنّ هجوما عدواني.,هجم,فَاعَلَ,,,,,CANDIDATE,,L2_017 haiku b22,
AR07329,اعْتَدَى,فعل,424,7743;11876,شنّ اعتداء عنيفا.,عدي,اِفْتَعَلَ,,,,,CANDIDATE,,L2_017 haiku b22,
AR07330,اعْتِدَاء,اسم جامد,424,7744,حملة هجوم عنيفة.,عدي,اِفْتِعَالٌ,,,,,CANDIDATE,,L2_017 haiku b22,
AR07331,هُجُوم,اسم جامد,424,7745;7760,حدث الهجوم أو الاعتداء.,هجم,فُعُولٌ,,,,,CANDIDATE,,L2_017 haiku b22,
AR07332,انقَضَّ,فعل,424,7746;7767;7768,انقضّ بقوة على الهدف.,قضض,,,,,,CANDIDATE,اِنْفَعَّلَ,L2_017 haiku b22,WAZN_LEMMA_MISMATCH;WAZN_NOT_IN_INV
AR07333,اقْتِحَام,اسم مصدر,424,7758,هجوم أو غزو مفاجئ.,قحم,اِفْتِعَالٌ,,,,,CANDIDATE,,L2_017 haiku b22,
AR07334,بَدْء,اسم مصدر,424,7761,بدء الهجوم العسكري.,بدء,فَعْلٌ,,,,,CANDIDATE,,L2_017 haiku b22,
AR07335,ضَرْبَة,اسم جامد,424,7762,ضربة هجومية مفاجئة.,ضرب,فَعْلَةٌ,,,,,CANDIDATE,,L2_017 haiku b22,
AR07336,انقِضَاض,اسم مصدر,424,7763,هجوم شرس ومدمّر.,قضض,اِنْفِعَالٌ,,,,,CANDIDATE,,L2_017 haiku b22,
AR07337,شَحَنَ,فعل,424,7764,اندفع بقوة في الهجوم.,شحن,فَعَلَ,,,,,CANDIDATE,,L2_017 haiku b22,
AR07338,شَحْنَة,اسم جامد,424,7765,اندفاع بقوة في الهجوم.,شحن,فَعْلَةٌ,,,,,CANDIDATE,,L2_017 haiku b22,
AR07339,اقْتَحَمَ,فعل,424,7769,هاجم واستولى على المكان.,قحم,اِفْتَعَلَ,,,,,CANDIDATE,,L2_017 haiku b22,
AR07340,ضَرَبَ,فعل,424,7770;16386,شنّ هجوما مفاجئا.,ضرب,فَعَلَ,,,,,CANDIDATE,,L2_017 haiku b22,
AR07341,كَمَنَ,فعل,424,7771,هاجم بغتة من كمين.,كمن,فَعَلَ,,,,,CANDIDATE,,L2_017 haiku b22,
AR07342,كَمِين,اسم جامد,424,7772,هجوم مباغت من مكان ما.,كمن,فَعِيلٌ,,,,,CANDIDATE,,L2_017 haiku b22,
AR07343,قَفَزَ,فعل,424,7773,هاجم فجأة بلا توقع.,قفز,فَعَلَ,,,,,CANDIDATE,,L2_017 haiku b22,
AR07344,غَارَ,فعل,424,11878,قام بغارة مفاجئة.,غير,فَاعَلَ,,,,,CANDIDATE,,L2_017 haiku b22,
AR07345,قَصَفَ,فعل,424,12379;16803,هاجم بالقنابل.,قصف,فَعَلَ,,,,,CANDIDATE,,L2_017 haiku b22,
AR07346,قَصْف,اسم مصدر,424,12380;16802,عملية الهجوم بالقنابل.,قصف,فَعْلٌ,,,,,CANDIDATE,,L2_017 haiku b22,
AR07347,غَارَة,اسم جامد,424,12781,هجوم مفاجئ سريع.,غير,,,,,,CANDIDATE,فَاعَة,L2_017 haiku b22,WAZN_NOT_IN_INV
AR07348,مُهَاجِم,اسم فاعل,424,13355,من يشنّ الهجوم.,هجم,مُفَاعِلٌ,,,,,CANDIDATE,,L2_017 haiku b22,
AR07349,هُجُومِيّ,اسم منسوب,424,13750,متعلق بعملية الهجوم.,هجم,فُعُولِيٌّ,,,,,CANDIDATE,,L2_017 haiku b22,
AR07350,تَسَلَّلَ,فعل,424,14710,تسلل بنية التجسس.,سلل,تَفَعَّلَ,,,,,CANDIDATE,,L2_017 haiku b22,
AR07351,تَسَلُّل,اسم جامد,424,14711,عملية التسلل الخفي.,سلل,تَفَعُّلٌ,,,,,CANDIDATE,,L2_017 haiku b22,
AR07352,نَار,اسم جامد,424,16541;16608;16609;16610,هجوم بأسلحة نارية.,نور,فَعَلٌ,,,,,CANDIDATE,,L2_017 haiku b22,
AR07353,إطْلاق,اسم مصدر,424,16723,إطلاق نار من السيارة.,طلق,إِفْعَالٌ,,,,,CANDIDATE,,L2_017 haiku b22,
AR07354,غَزْوَة,اسم جامد,424,16746,هجوم بالطائرات.,غزو,,,,,,CANDIDATE,فَعْوَة,L2_017 haiku b22,WAZN_NOT_IN_INV
AR07355,مُعْتَدٍ,اسم فاعل,424,16772,من يشنّ الهجوم.,عدي,مُفْتَعِلٌ,,,,,CANDIDATE,,L2_017 haiku b22,
AR07356,تَنَبَّأَ,فعل,425,7747;7749;7750;7751;8251,أعلن حدثا مستقبليا.,نبء,تَفَعَّلَ,,,,,CANDIDATE,,L2_017 haiku b22,
AR07357,تَفَائَلَ,فعل,425,7748;9852,تنبأ بالمستقبل.,فال,تَفَاعَلَ,,,,,CANDIDATE,,L2_017 haiku b22,ROOT_ALIF
AR07358,نَبَّأَ,فعل,425,7752,توقع ما هو قادم.,نبء,فَعَّلَ,,,,,CANDIDATE,,L2_017 haiku b22,
AR07359,نُبُوءَة,اسم جامد,425,13301,تنبؤ بالمستقبل.,نبء,فُعُولَةٌ,,,,,CANDIDATE,,L2_017 haiku b22,
AR07360,تَنَبُّؤ,اسم مصدر,425,13481,عملية التنبؤ.,نبء,تَفَعُّلٌ,,,,,CANDIDATE,,L2_017 haiku b22,
AR07361,عَلاَمَة,اسم جامد,428,7801,علامة تدل على ظاهرة.,علم,فَعَالَةٌ,,,,,CANDIDATE,,L2_017 haiku b22,
AR07362,إِشَارَة,اسم جامد,428,7802,دلالة على وجود شيء.,شور,إِفَالَةٌ,,,,,CANDIDATE,,L2_017 haiku b22,
AR07363,عَرَض,اسم جامد,428,7803,عرض يشير إلى حالة.,عرض,فَعَلٌ,,,,,CANDIDATE,,L2_017 haiku b22,
AR07364,عَرَضِيّ,اسم منسوب,428,7804,يعمل كعرض للشيء.,عرض,فَعَلِيٌّ,,,,,CANDIDATE,,L2_017 haiku b22,
AR07365,دَالّ,اسم فاعل,428,7805,يخدم دلالة على شيء.,دلل,فَاعِلٌ,,,,,CANDIDATE,,L2_017 haiku b22,WAZN_LEMMA_MISMATCH
AR07366,دَلَّ,فعل,428,7806;7807,كان دلالة على شيء.,دلل,فَعَّلَ,,,,,CANDIDATE,,L2_017 haiku b22,WAZN_LEMMA_MISMATCH
AR07367,وَسَمَ,فعل,428,14662,دل على شيء أو ميزه.,وسم,فَعَلَ,,,,,CANDIDATE,,L2_017 haiku b22,
AR07368,حَفَزَ,فعل,428,15074,كان سبب أو بادرة.,حفز,فَعَلَ,,,,,CANDIDATE,,L2_017 haiku b22,
AR07369,سيّارة,اسم جامد,429,7808;8144,مركبة برّية مُحرّكة لنقل عدد قليل من الأشخاص,سير,,,,,,CANDIDATE,فِيعَلَة,L2_017 haiku b23,WAZN_NOT_IN_INV
AR07370,حافلة,اسم جامد,429,7809,مركبة كبيرة لنقل الركاب على خط ثابت,حفل,فَاعِلَةٌ,,,,,CANDIDATE,,L2_017 haiku b23,UNVOCALIZED
AR07371,شاحنة,اسم جامد,429,7833;8155,مركبة برّية ضخمة لنقل البضائع,شحن,فَاعِلَةٌ,,,,,CANDIDATE,,L2_017 haiku b23,UNVOCALIZED
AR07372,دَرّاجة,اسم جامد,429,7834,دراجة ناريّة أو عاديّة ذات عجلتين,درج,فَعَّالَةٌ,,,,,CANDIDATE,,L2_017 haiku b23,
AR07373,تاكسي,اسم جامد,429,7835;8152,مركبة مأجورة لنقل الركاب,,,,,,,CANDIDATE,,L2_017 haiku b23,ROOT_MISSING;UNVOCALIZED;WAZN_MISSING
AR07374,طائرة,اسم جامد,429,7836;8147;16534;17433,مركبة طائرة مُحرّكة ذات أجنحة ثابتة,طير,فَاعِلَةٌ,,,,,CANDIDATE,,L2_017 haiku b23,UNVOCALIZED
AR07375,عبّارة,اسم جامد,429,7837,سفينة لنقل الركاب والبضائع,عبر,فَعَّالَةٌ,,,,,CANDIDATE,,L2_017 haiku b23,
AR07376,قارب,اسم جامد,429,8140,وسيلة نقل صغيرة في الماء,قرب,فَاعِلٌ,,,,,CANDIDATE,,L2_017 haiku b23,UNVOCALIZED
AR07377,دَرّاجة هوائيّة,تركيب,429,8141,مركبة ذات عجلتين تُقاد بالدوّاسات,,,,,,,CANDIDATE,,L2_017 haiku b23,
AR07378,سفينة,اسم جامد,429,8142;13131,وسيلة نقل بحريّة كبيرة,سفن,فِعَالَةٌ,,,,,CANDIDATE,,L2_017 haiku b23,UNVOCALIZED
AR07379,تراموي,اسم جامد,429,8143,مركبة كهربائيّة تسير على سكّة حديديّة,,,,,,,CANDIDATE,,L2_017 haiku b23,ROOT_MISSING;UNVOCALIZED;WAZN_MISSING
AR07380,ثلاثيّة العجلات,تركيب,429,8145,مركبة ثلاثيّة العجلات,,,,,,,CANDIDATE,,L2_017 haiku b23,
AR07381,دَرّاجة نارية خفيفة,تركيب,429,8148,دراجة ناريّة خفيفة ذات عجلتين,,,,,,,CANDIDATE,,L2_017 haiku b23,
AR07382,سفينة شراعيّة,تركيب,429,8149,سفينة شراعيّة ذات أكثر من صارٍ,,,,,,,CANDIDATE,,L2_017 haiku b23,
AR07383,قطار,اسم جامد,429,8150,سلسلة عرّبات حديديّة تجرّها محرّكة,قطر,فِعَالٌ,,,,,CANDIDATE,,L2_017 haiku b23,UNVOCALIZED
AR07384,عَرَبة,اسم جامد,429,8151;8158,مركبة رباعيّة العجلات تجرّها الخيول,عرب,فَعَلَةٌ,,,,,CANDIDATE,,L2_017 haiku b23,
AR07385,حافلة فاخرة,تركيب,429,8153,حافلة مُريحة للرحلات الطويلة,,,,,,,CANDIDATE,,L2_017 haiku b23,UNVOCALIZED
AR07386,مركبة,اسم جامد,429,8154,وسيلة نقل عامّة للأشخاص والبضائع,ركب,فِعَالَةٌ,,,,,CANDIDATE,,L2_017 haiku b23,UNVOCALIZED;WAZN_LEMMA_MISMATCH
AR07387,غوّاصة,اسم جامد,429,8156,سفينة حربيّة تعمل تحت الماء,غوص,فَعَّالَةٌ,,,,,CANDIDATE,,L2_017 haiku b23,
AR07388,دبّابة,اسم جامد,429,8157,مركبة حربيّة مُدرّعة على مسارات,دبب,فَعَّالَةٌ,,,,,CANDIDATE,,L2_017 haiku b23,
AR07389,زحّافة,اسم جامد,429,8159,مركبة خفيفة للانزلاق على الثلج,زحف,فَعَّالَةٌ,,,,,CANDIDATE,,L2_017 haiku b23,
AR07390,شاحنة صغيرة,تركيب,429,8160,مركبة صغيرة لنقل البضائع,,,,,,,CANDIDATE,,L2_017 haiku b23,UNVOCALIZED
AR07391,سيّارة نقل,تركيب,429,8161,مركبة مُغلقة لنقل البضائع,,,,,,,CANDIDATE,,L2_017 haiku b23,
AR07392,ليموزين,اسم جامد,429,8162,سيّارة فاخرة فسيحة,,,,,,,CANDIDATE,,L2_017 haiku b23,ROOT_MISSING;UNVOCALIZED;WAZN_MISSING
AR07393,سيّارة مكشوفة,تركيب,429,8163,سيّارة يُمكن فتح سقفها,,,,,,,CANDIDATE,,L2_017 haiku b23,
AR07394,هليكوبتر,اسم جامد,429,8164;16501;16527,مركبة طائرة بمراوح أفقيّة,,,,,,,CANDIDATE,,L2_017 haiku b23,ROOT_MISSING;UNVOCALIZED;WAZN_MISSING
AR07395,قنطورة,اسم جامد,429,8165,زورق ضيّق مُدبّب النهايات,قنطر,فِعْلَةٌ,,,,,CANDIDATE,,L2_017 haiku b23,UNVOCALIZED
AR07396,كاياك,اسم جامد,429,8166,زورق خفيف من الإسكيمو,,,,,,,CANDIDATE,,L2_017 haiku b23,ROOT_MISSING;UNVOCALIZED;WAZN_MISSING
AR07397,سيّارة مكشوفة صغيرة,تركيب,429,8167,مركبة صغيرة خفيفة,,,,,,,CANDIDATE,,L2_017 haiku b23,
AR07398,سفينة ركاب فاخرة,تركيب,429,8168,سفينة ركاب كبيرة شهيرة,,,,,,,CANDIDATE,,L2_017 haiku b23,UNVOCALIZED
AR07399,سيّارة ركّاب,تركيب,429,8169,سيّارة تتّسع لأربعة أشخاص فأكثر,,,,,,,CANDIDATE,,L2_017 haiku b23,
AR07400,عربة خزّان,تركيب,429,13374,عربة قطار مخصّصة لنقل السوائل,,,,,,,CANDIDATE,,L2_017 haiku b23,
AR07401,طائرة حربيّة,تركيب,429,14730,طائرة مستخدمة في الحرب,,,,,,,CANDIDATE,,L2_017 haiku b23,
AR07402,يخت,اسم جامد,429,15379,سفينة شراعيّة أو مُحرّكة للتسلية,,,,,,,CANDIDATE,,L2_017 haiku b23,ROOT_MISSING;UNVOCALIZED;WAZN_MISSING
AR07403,ميني فان,اسم جامد,429,16790,مركبة عائليّة كبيرة فسيحة,,,,,,,CANDIDATE,,L2_017 haiku b23,ROOT_MISSING;UNVOCALIZED;WAZN_MISSING
AR07404,سيّارة إسعاف,تركيب,429,16800,مركبة طبّيّة لنقل المرضى,,,,,,,CANDIDATE,,L2_017 haiku b23,
AR07405,قانونياً,ظرف,430,7810,بخصوص القانون والتشريع,قنن,,,,,,CANDIDATE,فَاعِلًا,L2_017 haiku b23,WAZN_NOT_IN_INV
AR07406,اقتصادياً,ظرف,430,7811,بخصوص الاقتصاد والإنتاج,قصد,,,,,,CANDIDATE,فِعْلِيًّا,L2_017 haiku b23,WAZN_LEMMA_MISMATCH;WAZN_NOT_IN_INV
AR07407,عاطفياً,ظرف,430,7812,بخصوص المشاعر والعواطف,عطف,,,,,,CANDIDATE,فَاعِلًا,L2_017 haiku b23,WAZN_NOT_IN_INV
AR07408,جغرافياً,ظرف,430,7813,بخصوص الجغرافيا والمواقع,جغرف,,,,,,CANDIDATE,فِعْلِيًّا,L2_017 haiku b23,WAZN_NOT_IN_INV
AR07409,نفسياً,ظرف,430,7814,بخصوص الحالة النفسيّة,نفس,,,,,,CANDIDATE,فِعْلًا,L2_017 haiku b23,WAZN_NOT_IN_INV
AR07410,تاريخياً,ظرف,430,7815,بخصوص التاريخ والأحداث,خرج,,,,,,CANDIDATE,فِعْلِيًّا,L2_017 haiku b23,WAZN_LEMMA_MISMATCH;WAZN_NOT_IN_INV
AR07411,اجتماعياً,ظرف,430,7816,بخصوص المجتمع والعلاقات,جتع,,,,,,CANDIDATE,فِعْلِيًّا,L2_017 haiku b23,WAZN_LEMMA_MISMATCH;WAZN_NOT_IN_INV
AR07412,ثقافياً,ظرف,430,7817,بخصوص الثقافة والتقاليد,ثقف,,,,,,CANDIDATE,فِعْلِيًّا,L2_017 haiku b23,WAZN_NOT_IN_INV
AR07413,مالياً,ظرف,430,7818,بخصوص المال والتمويل,مول,,,,,,CANDIDATE,فِعْلًا,L2_017 haiku b23,WAZN_NOT_IN_INV
AR07414,من حيث,تركيب,430,7819,فيما يتعلّق بجانب معيّن,,,,,,,CANDIDATE,,L2_017 haiku b23,UNVOCALIZED
AR07415,اعتداء,اسم جامد,432,7838,فعل يهدّد بإيذاء جسدي,عدي,,,,,,CANDIDATE,افتعال,L2_017 haiku b23,UNVOCALIZED;WAZN_NOT_IN_INV
AR07416,قَتْل,مصدر,432,7839;8926,إزهاق الروح بطريقة غير شرعيّة,قتل,فَعْلٌ,,,,,CANDIDATE,,L2_017 haiku b23,
AR07417,اغتصاب قاصر,تركيب,432,7842,اتصال جنسي بقاصر دون الموافقة,,,,,,,CANDIDATE,,L2_017 haiku b23,UNVOCALIZED
AR07418,تخريب,مصدر,432,7843,إتلاف الممتلكات عن قصد,خرب,,,,,,CANDIDATE,فَعْلِيل,L2_017 haiku b23,UNVOCALIZED;WAZN_LEMMA_MISMATCH;WAZN_NOT_IN_INV
AR07419,قَتْل غير مقصود,تركيب,432,7844,إزهاق الروح دون نيّة القتل,,,,,,,CANDIDATE,,L2_017 haiku b23,
AR07420,اختطاف,مصدر,432,7845,الاستيلاء على مركبة بالقوّة,خطف,,,,,,CANDIDATE,افتعال,L2_017 haiku b23,UNVOCALIZED;WAZN_NOT_IN_INV
AR07421,سَرِقة,مصدر,432,7846;7977,أخذ ممتلكات الغير بدون إذن,سرق,فِعَالَةٌ,,,,,CANDIDATE,,L2_017 haiku b23,
AR07422,سَرِقة بالكسر,تركيب,432,7847,الدخول غير القانوني ببيت بنيّة السرقة,,,,,,,CANDIDATE,,L2_017 haiku b23,
AR07423,نَهْب,مصدر,432,7848,أخذ المال من شخص بالعنف,نهب,فَعْلٌ,,,,,CANDIDATE,,L2_017 haiku b23,
AR07424,تآمر,مصدر,432,7976,خطّة سريّة لفعل غير قانوني,تءمر,,,,,,CANDIDATE,تفاعل,L2_017 haiku b23,ROOT_NORMALIZED;UNVOCALIZED;WAZN_NOT_IN_INV
AR07425,انتهاك حقوق النشر,تركيب,432,7978,استخدام محتوى مشمول بالحماية,,,,,,,CANDIDATE,,L2_017 haiku b23,UNVOCALIZED
AR07426,إهمال,مصدر,432,7982,عدم الاعتناء الذي يُحدث ضرراً,همل,,,,,,CANDIDATE,افتعال,L2_017 haiku b23,UNVOCALIZED;WAZN_LEMMA_MISMATCH;WAZN_NOT_IN_INV
AR07427,حيازة,مصدر,432,7990,امتلاك شيء غير قانوني,حيز,,,,,,CANDIDATE,افتعال,L2_017 haiku b23,UNVOCALIZED;WAZN_NOT_IN_INV
AR07428,جناية,اسم جامد,432,7991,جريمة خطيرة متضمّنة عنفاً,جني,فَعَالَةٌ,,,,,CANDIDATE,,L2_017 haiku b23,ROOT_NORMALIZED;UNVOCALIZED
AR07429,تحرّش جنسي,تركيب,432,7993,تصرفات جنسيّة غير مرغوبة متكررة,,,,,,,CANDIDATE,,L2_017 haiku b23,
AR07430,خيانة,مصدر,432,7995,الخيانة للوطن والدولة,خون,فِعَالَةٌ,,,,,CANDIDATE,,L2_017 haiku b23,UNVOCALIZED
AR07431,ضَرْب,مصدر,432,7996,إيذاء جسدي غير قانوني,ضرب,فَعْلٌ,,,,,CANDIDATE,,L2_017 haiku b23,
AR07432,خَطْف,مصدر,432,8070,أخذ شخص بالقوّة والعنف,خطف,فَعْلٌ,,,,,CANDIDATE,,L2_017 haiku b23,
AR07433,احتيال,مصدر,432,8254,غش متعمّد للحصول على منفعة,حيل,,,,,,CANDIDATE,افتعال,L2_017 haiku b23,UNVOCALIZED;WAZN_NOT_IN_INV
AR07434,اعتداء فاحش,تركيب,432,8442,تصرفات جنسيّة بدون موافقة,,,,,,,CANDIDATE,,L2_017 haiku b23,UNVOCALIZED
AR07435,اعتداء جنسي,تركيب,432,8443,اتصال جنسي بدون موافقة,,,,,,,CANDIDATE,,L2_017 haiku b23,UNVOCALIZED
AR07436,إيذاء الطفل,تركيب,432,8680,معاملة الطفل بقسوة وعنف,,,,,,,CANDIDATE,,L2_017 haiku b23,UNVOCALIZED
AR07437,حَرْق,مصدر,432,11310,إشعال النار في ممتلكات بقصد,حرق,فَعْلٌ,,,,,CANDIDATE,,L2_017 haiku b23,
AR07438,اغتصاب,مصدر,432,11314,فرض الاتصال الجنسي بدون موافقة,غصب,,,,,,CANDIDATE,افتعال,L2_017 haiku b23,UNVOCALIZED;WAZN_NOT_IN_INV
AR07439,مسلّح,صفة مشبهة,470,7930,حامل أو متزوّد بأسلحة,سلح,مُفَعَّلٌ,,,,,CANDIDATE,,L2_017 haiku b23,
AR07440,أعزل,صفة مشبهة,470,7933,غير مسلّح ولا يحمل أسلحة,عزل,,,,,,CANDIDATE,أفْعَل,L2_017 haiku b23,UNVOCALIZED;WAZN_NOT_IN_INV
AR07441,بدون أسلحة,تركيب,470,8006,لا يملك سلاحاً,,,,,,,CANDIDATE,,L2_017 haiku b23,UNVOCALIZED
AR07442,حَمَل السلاح,تركيب,470,9132,يملك أسلحة على شخصه,,,,,,,CANDIDATE,,L2_017 haiku b23,
AR07443,حَمَل,فعل,470,9809;12574,يحمل مسدساً على شخصه,حمل,,,,,,CANDIDATE,فَعَل,L2_017 haiku b23,WAZN_NOT_IN_INV
AR07444,نووي,صفة مشبهة,470,12575,يملك أسلحة نوويّة,نوو,,,,,,CANDIDATE,فِعْلِي,L2_017 haiku b23,UNVOCALIZED;WAZN_NOT_IN_INV
AR07445,مسلّح,اسم جامد,470,13130,رجل يستخدم السلاح في الجريمة,سلح,مُفَعَّلٌ,,,,,CANDIDATE,,L2_017 haiku b23,
AR07446,سَحَب,فعل,470,15546,إخراج السلاح من مكانه بسرعة,سحب,,,,,,CANDIDATE,فَعَل,L2_017 haiku b23,WAZN_NOT_IN_INV
AR07447,أعاق,فعل,480,7920;7921;7926;7927,يؤخّر أو يعطّل التقدّم,عوق,,,,,,CANDIDATE,أفْعَل,L2_017 haiku b23,UNVOCALIZED;WAZN_NOT_IN_INV
AR07448,عَرْقَل,فعل,480,7922,يؤخّر أو يحول دون التقدّم,عرقل,,,,,,CANDIDATE,فَعْلَل,L2_017 haiku b23,WAZN_NOT_IN_INV
AR07449,سَدّ,فعل,480,7923;17825,يمنع أو يعطّل,سدد,,,,,,CANDIDATE,فَعَل,L2_017 haiku b23,WAZN_LEMMA_MISMATCH;WAZN_NOT_IN_INV
AR07450,قَيّد,فعل,480,7924;7925,يقيّد أو يعرقل الحركة,قيد,,,,,,CANDIDATE,فَعَّل,L2_017 haiku b23,WAZN_NOT_IN_INV
AR07451,أثقَل,فعل,480,7928,يثقّل أو يعرقل الحركة,ثقل,,,,,,CANDIDATE,أفْعَل,L2_017 haiku b23,WAZN_NOT_IN_INV
AR07452,أخّر,فعل,480,7948;7949,يتأخّر أو يؤخّر,ءخر,,,,,,CANDIDATE,أفْعَل,L2_017 haiku b23,ROOT_NORMALIZED;WAZN_NOT_IN_INV
AR07453,عائق,اسم جامد,480,8040;8041;8042,شيء يعيق التقدّم,عوق,فَاعِلٌ,,,,,CANDIDATE,,L2_017 haiku b23,UNVOCALIZED
AR07454,سدّ,مصدر,480,8043,فعل الحاجز أو حالة الحاجز,سدد,فَعْلٌ,,,,,CANDIDATE,,L2_017 haiku b23,WAZN_LEMMA_MISMATCH
AR07455,حاجز,اسم جامد,480,8044,شيء يحول دون التقدّم,حجز,فَاعِلٌ,,,,,CANDIDATE,,L2_017 haiku b23,UNVOCALIZED
AR07456,معرقِل,صفة مشبهة,480,8045,يسبّب عرقلة أو معوقات,عرقل,مُفَعِّلٌ,,,,,CANDIDATE,,L2_017 haiku b23,
AR07457,تدخّل,فعل,480,8113,يمنع تنفيذ الخطّة أو الفعل,دخل,,,,,,CANDIDATE,تفاعل,L2_017 haiku b23,WAZN_NOT_IN_INV
AR07458,تدخّل,مصدر,480,10890,فعل أو حالة التدخّل,دخل,,,,,,CANDIDATE,تفاعل,L2_017 haiku b23,WAZN_NOT_IN_INV
AR07459,عقبة,اسم جامد,480,13908,عائق أو صعوبة,عقب,فِعْلَةٌ,,,,,CANDIDATE,,L2_017 haiku b23,UNVOCALIZED
AR07460,مشقّة,اسم جامد,480,14698,صعوبة أو تحدٍّ,شقق,فِعْلَةٌ,,,,,CANDIDATE,,L2_017 haiku b23,WAZN_LEMMA_MISMATCH
AR07461,قَمَع,فعل,480,18541,يكبح أو يقمع,قمع,,,,,,CANDIDATE,فَعَل,L2_017 haiku b23,WAZN_NOT_IN_INV
AR07462,قمعي,صفة مشبهة,480,18542,يؤدّي إلى القمع والكبح,قمع,,,,,,CANDIDATE,فِعْلِي,L2_017 haiku b23,UNVOCALIZED;WAZN_NOT_IN_INV
AR07463,كَبَح,فعل,480,18543;18546,يحبس أو يقيّد أو يمنع,كبح,,,,,,CANDIDATE,فَعَل,L2_017 haiku b23,WAZN_NOT_IN_INV
AR07464,كبح,مصدر,480,18544,حالة الحبس أو القيد,كبح,فَعْلٌ,,,,,CANDIDATE,,L2_017 haiku b23,UNVOCALIZED
AR07465,أبطأ,فعل,480,18545,يؤخّر التقدّم والنموّ,بطء,,,,,,CANDIDATE,أفْعَل,L2_017 haiku b23,ROOT_NORMALIZED;UNVOCALIZED;WAZN_NOT_IN_INV
AR07466,قَلّل,فعل,480,18691,يبطّئ عمليّة أو حدثاً,قلل,,,,,,CANDIDATE,فَعَّل,L2_017 haiku b23,WAZN_NOT_IN_INV
AR07467,متشابه,صفة مشبهة,481,7967,له نفس الطابع دون هويّة,شبه,,,,,,CANDIDATE,مُتفَعِّل,L2_017 haiku b23,UNVOCALIZED;WAZN_NOT_IN_INV
AR07468,مختلف,صفة مشبهة,481,7969;7989;7997,ليس متشابهاً,خلف,مُفْتَعِلٌ,,,,,CANDIDATE,,L2_017 haiku b23,UNVOCALIZED
AR07469,تشابه,مصدر,481,7970,حالة التشابه مع الآخر,شبه,,,,,,CANDIDATE,تفاعل,L2_017 haiku b23,UNVOCALIZED;WAZN_NOT_IN_INV
AR07470,اختلاف,مصدر,481,7971;11100,عدم التشابه أو الاختلاف,خلف,,,,,,CANDIDATE,افتعال,L2_017 haiku b23,UNVOCALIZED;WAZN_NOT_IN_INV
AR07471,مثل,صفة مشبهة,481,7973;8996,متشابه,مثل,فِعْلٌ,,,,,CANDIDATE,,L2_017 haiku b23,UNVOCALIZED
AR07472,شَابَه,فعل,481,7974,له مظهر مشابه,شبه,,,,,,CANDIDATE,فَعَل,L2_017 haiku b23,WAZN_NOT_IN_INV
AR07473,بخلاف,حرف,481,7992,في تناقض مع,,,,,,,CANDIDATE,,L2_017 haiku b23,UNVOCALIZED
AR07474,تشابه,اسم جامد,481,7994;8994,حالة التشابه,شبه,,,,,,CANDIDATE,تفاعل,L2_017 haiku b23,UNVOCALIZED;WAZN_NOT_IN_INV
AR07475,شبيه,اسم جامد,481,8671;8681,شخص يشبه آخر بشدّة,شبه,,,,,,CANDIDATE,فِعيل,L2_017 haiku b23,UNVOCALIZED;WAZN_NOT_IN_INV
AR07476,صورة طبق الأصل,تركيب,481,8672,الشبيه الدقيق,,,,,,,CANDIDATE,,L2_017 haiku b23,UNVOCALIZED
AR07477,مثل,حرف,481,8995,بطريقة,,,,,,,CANDIDATE,,L2_017 haiku b23,UNVOCALIZED
AR07478,اختَلَف,فعل,481,10594,يكون مختلفاً أو غير متشابه,خلف,,,,,,CANDIDATE,افتعل,L2_017 haiku b23,WAZN_NOT_IN_INV
AR07479,متميّز,صفة مشبهة,481,10595,مختلف بوضوح في الطبيعة,ميز,,,,,,CANDIDATE,مُتفَعِّل,L2_017 haiku b23,WAZN_NOT_IN_INV
AR07480,فرق,اسم جامد,481,10853,طريقة في الاختلاف,فرق,فِعْلٌ,,,,,CANDIDATE,,L2_017 haiku b23,UNVOCALIZED
AR07481,موازاة,اسم جامد,481,10891,تشابه أو مقارنة,وازي,مُفَاعَلَةٌ,,,,,CANDIDATE,,L2_017 haiku b23,ROOT_ALIF;UNVOCALIZED
AR07482,تَنَوّع,فعل,481,12299,يختلف في الحجم أو الدرجة,نوع,,,,,,CANDIDATE,تفاعل,L2_017 haiku b23,WAZN_NOT_IN_INV
AR07483,عدم توافق,اسم جامد,481,12320,عدم التوافقيّة المنطقيّة,وفق,,,,,,CANDIDATE,عدم افتعال,L2_017 haiku b23,UNVOCALIZED;WAZN_NOT_IN_INV
AR07484,متنافر,صفة مشبهة,481,12321,يظهر عدم توافق,نفر,,,,,,CANDIDATE,مُتفَعِّل,L2_017 haiku b23,UNVOCALIZED;WAZN_NOT_IN_INV
AR07485,فَجْوة,اسم جامد,481,12323,اختلاف كبير,فجو,فِعْلَةٌ,,,,,CANDIDATE,,L2_017 haiku b23,
AR07486,مختلف جذرياً,صفة مشبهة,481,12324,مختلف بشكل جوهري,خلف,مُفْتَعِلٌ,,,,,CANDIDATE,,L2_017 haiku b23,WAZN_LEMMA_MISMATCH
AR07487,تمايز,اسم جامد,481,13796,فرق واضح أو تناقض,ميز,,,,,,CANDIDATE,تفاعل,L2_017 haiku b23,UNVOCALIZED;WAZN_NOT_IN_INV
AR07488,نسخة,اسم جامد,481,14037,صيغة تختلف عن الأصل,نسخ,فِعْلَةٌ,,,,,CANDIDATE,,L2_017 haiku b23,UNVOCALIZED
AR07489,عدم تشابه,مصدر,481,14490,حقيقة عدم التشابه,شبه,,,,,,CANDIDATE,عدم تفاعل,L2_017 haiku b23,UNVOCALIZED;WAZN_LEMMA_MISMATCH;WAZN_NOT_IN_INV
AR07490,صورة,اسم جامد,481,15714,شبيه دقيق لشخص,صور,فِعْلَةٌ,,,,,CANDIDATE,,L2_017 haiku b23,UNVOCALIZED
AR07491,صورة حقيقيّة,تركيب,481,15715,الشبيه الدقيق جداً,,,,,,,CANDIDATE,,L2_017 haiku b23,
AR07492,أشبَه,فعل,481,15741,يشبه أو يحاكي,شبه,,,,,,CANDIDATE,أفْعَل,L2_017 haiku b23,WAZN_NOT_IN_INV
AR07493,حاكاها,فعل,481,16901,يقلّد حتى يصبح متطابقاً,حكي,فَاعَلَ,,,,,CANDIDATE,,L2_017 haiku b23,ROOT_NORMALIZED;UNVOCALIZED
AR07494,إساءة,اسم جامد,482,7931;13461,معاملة قاسية وعنيفة,ساء,,,,,,CANDIDATE,افتعال,L2_017 haiku b23,ROOT_ALIF;UNVOCALIZED;WAZN_NOT_IN_INV
AR07495,أَسَاء,فعل,482,7932;13460,يعامل بقسوة أو عنف,ساء,,,,,,CANDIDATE,أفْعَل,L2_017 haiku b23,ROOT_ALIF;WAZN_NOT_IN_INV
AR07496,مُسيء,صفة مشبهة,482,7934,متّسم بالإساءة المتكررة,ساء,مُفْتَعِلٌ,,,,,CANDIDATE,,L2_017 haiku b23,ROOT_ALIF
AR07497,ضَرَب,فعل,482,7936,يعاني من عنف متكرر من الزوج,ضرب,,,,,,CANDIDATE,فَعَل,L2_017 haiku b23,WAZN_NOT_IN_INV
AR07498,عنف أسري,تركيب,482,8081,عنف يحدث في الأسرة,,,,,,,CANDIDATE,,L2_017 haiku b23,UNVOCALIZED
AR07499,أَبْلَغ,فعل,483,7937,يخبر السلطات بأعمال خاطئة,بلغ,,,,,,CANDIDATE,أفْعَل,L2_017 haiku b23,WAZN_NOT_IN_INV
AR07500,نَمّ,فعل,483,7945;7984;8010;8011;12690,يخبر على شخص,نمم,,,,,,CANDIDATE,فَعَّل,L2_017 haiku b23,WAZN_LEMMA_MISMATCH;WAZN_NOT_IN_INV
AR07501,أَخْبَر,فعل,483,7946;8012,يعطي معلومات إدانة,خبر,,,,,,CANDIDATE,أفْعَل,L2_017 haiku b23,WAZN_NOT_IN_INV
AR07502,أَنَمّ,فعل,483,7947,يخبر على شخص,نمم,,,,,,CANDIDATE,أفْعَل,L2_017 haiku b23,WAZN_LEMMA_MISMATCH;WAZN_NOT_IN_INV
AR07503,جاسوس,اسم جامد,483,8126;8129,شخص يخبر السلطات,جسس,,,,,,CANDIDATE,فَاعول,L2_017 haiku b23,UNVOCALIZED;WAZN_NOT_IN_INV
AR07504,مُخْبِر,اسم فاعل,483,8127,شخص يبلّغ السلطات,خبر,مُفْعِلٌ,,,,,CANDIDATE,,L2_017 haiku b23,
AR07505,نَمّام,اسم جامد,483,8128,شخص يخبر على الآخرين,نمم,فَعَّالٌ,,,,,CANDIDATE,,L2_017 haiku b23,
AR07506,أَطْلَق,فعل,485,7951,يطلق النار حتى يصيب,طلق,,,,,,CANDIDATE,أفْعَل,L2_017 haiku b23,WAZN_NOT_IN_INV
AR07507,ضَرَب,فعل,485,7952,يصيب الهدف,ضرب,,,,,,CANDIDATE,فَعَل,L2_017 haiku b23,WAZN_NOT_IN_INV
AR07508,انتقى,فعل,485,7985,يطلق النار على,نقي,,,,,,CANDIDATE,افتعل,L2_017 haiku b23,UNVOCALIZED;WAZN_NOT_IN_INV
AR07509,سلوك,اسم جامد,491,7998;8000;8001;8230,طريقة تصرف الشخص,سلك,فِعْلٌ,,,,,CANDIDATE,,L2_017 haiku b23,UNVOCALIZED
AR07510,ساء,فعل,491,8231;10183,يتصرف بسوء,ساء,,,,,,CANDIDATE,فَعَل,L2_017 haiku b23,ROOT_ALIF;UNVOCALIZED;WAZN_NOT_IN_INV
AR07511,سوء سلوك,تركيب,491,8233,تصرف سيّء,,,,,,,CANDIDATE,,L2_017 haiku b23,UNVOCALIZED
AR07512,تَصَرّف,فعل,491,8509;10120;11152,يتصرف بطريقة معيّنة,صرف,,,,,,CANDIDATE,تفاعل,L2_017 haiku b23,WAZN_NOT_IN_INV
AR07513,مشية,اسم جامد,491,11151,طريقة وقوف وتحرك الشخص,شيع,فِعْلَةٌ,,,,,CANDIDATE,,L2_017 haiku b23,UNVOCALIZED
AR07514,حَمَل نفسه,تركيب,491,11153,يقف ويتحرك بطريقة معيّنة,,,,,,,CANDIDATE,,L2_017 haiku b23,
AR07515,حال,اسم جامد,491,12535,السلوك الخارجي والمظهر,حول,فَاعِلٌ,,,,,CANDIDATE,,L2_017 haiku b23,UNVOCALIZED
AR07516,أسلوب,اسم جامد,491,12536,السلوك والتصرف نحو الآخرين,سلب,فِعْلٌ,,,,,CANDIDATE,,L2_017 haiku b23,UNVOCALIZED;WAZN_LEMMA_MISMATCH
AR07517,طريقة,اسم جامد,491,16369,السلوك الخارجي تجاه الآخرين,طرق,فِعْلَةٌ,,,,,CANDIDATE,,L2_017 haiku b23,UNVOCALIZED
AR07518,استفسار,مصدر,500,7958,تحقيق رسمي,فسر,,,,,,CANDIDATE,افتعال,L2_017 haiku b23,UNVOCALIZED;WAZN_LEMMA_MISMATCH;WAZN_NOT_IN_INV
AR07519,تحقيق,مصدر,500,7959;8046,عمليّة تحرٍّ,حقق,فِعْلٌ,,,,,CANDIDATE,,L2_017 haiku b23,UNVOCALIZED;WAZN_LEMMA_MISMATCH
AR07520,حَقّق,فعل,500,7963;7966,يجري تحقيقاً نظاميّاً,حقق,,,,,,CANDIDATE,فَعَّل,L2_017 haiku b23,WAZN_NOT_IN_INV
AR07521,استفسر,فعل,500,7965,يطرح أسئلة لجمع أدلة,فسر,,,,,,CANDIDATE,افتعل,L2_017 haiku b23,UNVOCALIZED;WAZN_LEMMA_MISMATCH;WAZN_NOT_IN_INV
AR07522,دليل,اسم جامد,500,8402,مؤشر لحل مشكلة,دلل,فِعْلٌ,,,,,CANDIDATE,,L2_017 haiku b23,UNVOCALIZED
AR07523,مؤشّر,اسم جامد,500,8403,دليل لكشف الحقيقة,ءشر,,,,,,CANDIDATE,مُفَعّل,L2_017 haiku b23,ROOT_NORMALIZED;WAZN_NOT_IN_INV
AR07524,قضيّة,اسم جامد,500,18702,حالة قيد التحقيق القانوني,قضي,فِعْلَةٌ,,,,,CANDIDATE,,L2_017 haiku b23,
AR07525,غير قانوني,صفة مشبهة,501,7953,يخالف القانون,قنن,,,,,,CANDIDATE,غير فِعْلِي,L2_017 haiku b23,UNVOCALIZED;WAZN_NOT_IN_INV
AR07526,قانوني,صفة مشبهة,501,7954,يسمح به القانون,قنن,,,,,,CANDIDATE,فِعْلِي,L2_017 haiku b23,UNVOCALIZED;WAZN_NOT_IN_INV
AR07527,شرعي,صفة مشبهة,501,7955;11695,يتوافق مع القانون,شرع,,,,,,CANDIDATE,فِعْلِي,L2_017 haiku b23,UNVOCALIZED;WAZN_NOT_IN_INV
AR07528,غير شرعي,صفة مشبهة,501,7956,لا يتوافق مع القانون,شرع,,,,,,CANDIDATE,غير فِعْلِي,L2_017 haiku b23,UNVOCALIZED;WAZN_NOT_IN_INV
AR07529,خاطئ,صفة مشبهة,501,7957;10481,ليس عادلاً أو قانونياً,خطء,فَاعِلٌ,,,,,CANDIDATE,,L2_017 haiku b23,ROOT_NORMALIZED;UNVOCALIZED
AR07530,محظور,صفة مشبهة,501,7960;11223,يُحظّر بالقانون,حظر,,,,,,CANDIDATE,مَفْعول,L2_017 haiku b23,UNVOCALIZED;WAZN_NOT_IN_INV
AR07531,مشروع,صفة مشبهة,501,7962,غير محظور,شرع,,,,,,CANDIDATE,مَفْعول,L2_017 haiku b23,UNVOCALIZED;WAZN_NOT_IN_INV
AR07532,مسموح,صفة مشبهة,501,7964,مرخّص ومسموح به,سمح,,,,,,CANDIDATE,مَفْعول,L2_017 haiku b23,UNVOCALIZED;WAZN_NOT_IN_INV
AR07533,بشكل خاطئ,ظرف,501,10480,بطريقة تنتهك القانون,خطء,,,,,,CANDIDATE,فاعلاً,L2_017 haiku b23,ROOT_NORMALIZED;UNVOCALIZED;WAZN_NOT_IN_INV
AR07534,عادل,صفة مشبهة,501,15393,قانوني في المجال الرياضي,عدل,فَاعِلٌ,,,,,CANDIDATE,,L2_017 haiku b23,UNVOCALIZED
AR07535,إجرامي,صفة مشبهة,501,17650,يحظّره القانون,جرم,,,,,,CANDIDATE,فِعْلِي,L2_017 haiku b23,UNVOCALIZED;WAZN_LEMMA_MISMATCH;WAZN_NOT_IN_INV
AR07536,استسلَم,فعل,502,7968;8009,يسلّم نفسه للسلطات,سلم,,,,,,CANDIDATE,افتعل,L2_017 haiku b23,WAZN_LEMMA_MISMATCH;WAZN_NOT_IN_INV
AR07537,أَسْلَم,فعل,502,8008,يسلّم نفسه للسلطات,سلم,,,,,,CANDIDATE,أفْعَل,L2_017 haiku b23,WAZN_NOT_IN_INV
AR07538,استسلام,مصدر,502,14763,عمليّة الاستسلام,سلم,,,,,,CANDIDATE,افتعال,L2_017 haiku b23,UNVOCALIZED;WAZN_LEMMA_MISMATCH;WAZN_NOT_IN_INV
AR07539,اشتبَه,فعل,503,7975,يعتقد بذنب شخص,شبه,,,,,,CANDIDATE,افتعل,L2_017 haiku b23,WAZN_NOT_IN_INV
AR07540,موضع اشتباه,تركيب,503,8014,متّهم بارتكاب جريمة,,,,,,,CANDIDATE,,L2_017 haiku b23,UNVOCALIZED
AR07541,مشتبَه به,اسم مفعول,503,8071,شخص يُشتبَه بارتكابه جريمة,شبه,,,,,,CANDIDATE,مُفْتَعَل به,L2_017 haiku b23,WAZN_NOT_IN_INV
AR07542,استئناف,مصدر,504,7979,طلب نقض قرار محكمة,ءنف,,,,,,CANDIDATE,افتعال,L2_017 haiku b23,ROOT_NORMALIZED;UNVOCALIZED;WAZN_NOT_IN_INV
AR07543,استأنَف,فعل,504,7980,يطلب نقض القرار الابتدائي,ءنف,,,,,,CANDIDATE,افتعل,L2_017 haiku b23,ROOT_NORMALIZED;WAZN_NOT_IN_INV
AR07544,استئنافي,صفة مشبهة,504,7981,متعلّق بمحاكم الاستئناف,ءنف,,,,,,CANDIDATE,افتعالي,L2_017 haiku b23,ROOT_NORMALIZED;UNVOCALIZED;WAZN_NOT_IN_INV
AR07545,مستأنِف,اسم فاعل,504,7983,شخص يطلب الاستئناف,ءنف,مُسْتَفْعِلٌ,,,,,CANDIDATE,,L2_017 haiku b23,ROOT_NORMALIZED
AR07546,مطلوب,اسم مفعول,505,8661,يبحث عنه الشرطة,طلب,,,,,,CANDIDATE,مَفْعول,L2_017 haiku b23,UNVOCALIZED;WAZN_NOT_IN_INV
AR07547,استجوب,فعل,507,8026,يطرح أسئلة على الشاهد,جوب,,,,,,CANDIDATE,افتعل,L2_017 haiku b23,UNVOCALIZED;WAZN_NOT_IN_INV
AR07548,طاعن,فعل,507,8028,يطرح أسئلة لفحص الشهادة,طعن,,,,,,CANDIDATE,فاعل,L2_017 haiku b23,UNVOCALIZED;WAZN_NOT_IN_INV
AR07549,مواجهة,اسم جامد,507,8030,اختصار الاستجواب المتقابل,وجه,مُفَاعَلَةٌ,,,,,CANDIDATE,,L2_017 haiku b23,UNVOCALIZED
AR07550,استجواب متقابل,تركيب,507,8031,فحص الشاهد في المحكمة,,,,,,,CANDIDATE,,L2_017 haiku b23,UNVOCALIZED
AR07551,استجواب,مصدر,507,8091,سؤال رسمي للشاهد,جوب,,,,,,CANDIDATE,افتعال,L2_017 haiku b23,UNVOCALIZED;WAZN_NOT_IN_INV
AR07552,برّر,فعل,512,8034;9580,يثبت أن شيئاً معقول,برر,,,,,,CANDIDATE,فَعَّل,L2_017 haiku b23,WAZN_NOT_IN_INV
AR07553,تبرير,مصدر,512,8035,إثبات المعقوليّة,برر,,,,,,CANDIDATE,تفعيل,L2_017 haiku b23,UNVOCALIZED;WAZN_NOT_IN_INV
AR07554,دافَع,فعل,512,8036,يحاول تبرير شيء,دفع,,,,,,CANDIDATE,فاعل,L2_017 haiku b23,WAZN_NOT_IN_INV
AR07555,حسّب,فعل,512,8038,يعطي تفسيراً مرضياً,حسب,,,,,,CANDIDATE,فَعَّل,L2_017 haiku b23,WAZN_NOT_IN_INV
AR07556,فسّر,فعل,512,8039,يبرر أو يعتذر عن شيء,فسر,,,,,,CANDIDATE,فَعَّل,L2_017 haiku b23,WAZN_NOT_IN_INV
AR07557,غَرَض,اسم جامد,513,8047,الشيء المقصود,غرض,فَعَلٌ,,,,,CANDIDATE,,L2_017 haiku b24,
AR07558,هَدَف,اسم جامد,513,8048;8050;8053,ما يسعى إليه,هدف,فَعَلٌ,,,,,CANDIDATE,,L2_017 haiku b24,
AR07559,قَصْد,اسم جامد,513,8049,النية والعزم,قصد,فَعْلٌ,,,,,CANDIDATE,,L2_017 haiku b24,
AR07560,غَايَة,اسم جامد,513,8052,النهاية المطلوبة,غيي,,,,,,CANDIDATE,فَاعَة,L2_017 haiku b24,WAZN_NOT_IN_INV
AR07561,قَصَدَ,فعل,513,8236;13808,عزم على أمر,قصد,فَعَلَ,,,,,CANDIDATE,,L2_017 haiku b24,
AR07562,أَرَادَ,فعل,513,10717,نوى وعزم,ريد,أَفْعَلَ,,,,,CANDIDATE,,L2_017 haiku b24,
AR07563,نِيَّة,اسم جامد,513,10718,القصد والعزم,نيي,,,,,,CANDIDATE,فِعَّة,L2_017 haiku b24,WAZN_NOT_IN_INV
AR07564,اسْتِخْدَام,مصدر,513,11692,الطريقة,خدم,اِسْتِفْعَالٌ,,,,,CANDIDATE,,L2_017 haiku b24,
AR07565,خَطَّطَ,فعل,513,12276,رتب مسبقاً,خطط,فَعَّلَ,,,,,CANDIDATE,,L2_017 haiku b24,
AR07566,كَيْ,حرف,513,12278,للدلالة على قصد,,,,,,,CANDIDATE,,L2_017 haiku b24,
AR07567,خِطَّة,اسم جامد,513,12294,الترتيب المسبق,خطط,,,,,,CANDIDATE,فِعَّة,L2_017 haiku b24,WAZN_NOT_IN_INV
AR07568,عَازِم,صفة مشبهة,513,13805,المصمم,عزم,فَاعِلٌ,,,,,CANDIDATE,,L2_017 haiku b24,
AR07569,مُصَمِّم,اسم فاعل,513,13806,الذي عقد العزم,صمم,مُفَعِّلٌ,,,,,CANDIDATE,,L2_017 haiku b24,
AR07570,حَازِم,صفة مشبهة,513,13807,الذي متمسك برأيه,حزم,فَاعِلٌ,,,,,CANDIDATE,,L2_017 haiku b24,
AR07571,سَبَب,اسم جامد,514,8054,العامل المترتب,سبب,فَعَلٌ,,,,,CANDIDATE,,L2_017 haiku b24,
AR07572,لِمَاذَا,مبني,514,8055,الاستفهام عن السبب,,,,,,,CANDIDATE,,L2_017 haiku b24,
AR07573,بَاعِث,اسم فاعل,514,8057,ما يدفع,بعث,فَاعِلٌ,,,,,CANDIDATE,,L2_017 haiku b24,
AR07574,دَافِع,اسم فاعل,514,8058,المحرك,دفع,فَاعِلٌ,,,,,CANDIDATE,,L2_017 haiku b24,
AR07575,أَسَاس,اسم جامد,514,12682,الأساس,ءسس,فَعَالٍ,,,,,CANDIDATE,,L2_017 haiku b24,ROOT_NORMALIZED
AR07576,مَنَعَ,فعل,516,8087;17496,حال دون الوقوع,منع,فَعَلَ,,,,,CANDIDATE,,L2_017 haiku b24,
AR07577,دَرَأَ,فعل,516,8111;8121,دفع الضرر,درء,فَعَلَ,,,,,CANDIDATE,,L2_017 haiku b24,
AR07578,أَحْبَطَ,فعل,516,8112,جعل عاجزاً,حبط,أَفْعَلَ,,,,,CANDIDATE,,L2_017 haiku b24,
AR07579,قَطَعَ,فعل,516,8117,توقيف مبكر,قطع,فَعَلَ,,,,,CANDIDATE,,L2_017 haiku b24,
AR07580,اجْتَنَبَ,فعل,516,8120,ابتعد,جنب,اِفْتَعَلَ,,,,,CANDIDATE,,L2_017 haiku b24,
AR07581,أَوْقَفَ,فعل,516,8123;11292,وقّف التقدم,وقف,أَفْعَلَ,,,,,CANDIDATE,,L2_017 haiku b24,
AR07582,تَجَنَّبَ,فعل,516,8125,امتنع,جنب,تَفَعَّلَ,,,,,CANDIDATE,,L2_017 haiku b24,
AR07583,مَنْع,مصدر,516,8174,العملية,منع,فَعْلٌ,,,,,CANDIDATE,,L2_017 haiku b24,
AR07584,إيقاف,مصدر,516,8177,الإنهاء,وقف,,,,,,CANDIDATE,إفْعَال,L2_017 haiku b24,UNVOCALIZED;WAZN_NOT_IN_INV
AR07585,حَرَّمَ,فعل,516,8179,منع,حرم,فَعَّلَ,,,,,CANDIDATE,,L2_017 haiku b24,
AR07586,أَفْسَدَ,فعل,516,15051,أبطل,فسد,أَفْعَلَ,,,,,CANDIDATE,,L2_017 haiku b24,
AR07587,احْتَاطَ,فعل,516,18781;18791,توقع ومنع,حوط,اِفْتَعَلَ,,,,,CANDIDATE,,L2_017 haiku b24,
AR07588,احْتِيَاط,مصدر,516,18782,الإجراء الوقائي,حوط,اِفْتِعَالٌ,,,,,CANDIDATE,,L2_017 haiku b24,
AR07589,وِقَائِي,اسم منسوب,516,18783,الوقائي,وقي,,,,,,CANDIDATE,فِعَالِي,L2_017 haiku b24,ROOT_NORMALIZED;WAZN_NOT_IN_INV
AR07590,أَتَاحَ,فعل,516,18786,وفّر الفرصة,تيح,أَفْعَلَ,,,,,CANDIDATE,,L2_017 haiku b24,
AR07591,تَرَكَ,فعل,516,18787,لم يمنع,ترك,فَعَلَ,,,,,CANDIDATE,,L2_017 haiku b24,
AR07592,سَمَحَ,فعل,516,18788,أذن,سمح,فَعَلَ,,,,,CANDIDATE,,L2_017 haiku b24,
AR07593,مَكَّنَ,فعل,516,18789,جعل ممكناً,مكن,فَعَّلَ,,,,,CANDIDATE,,L2_017 haiku b24,
AR07594,تَمْكِين,مصدر,516,18790,الإمكانية,مكن,تَفْعِيلٌ,,,,,CANDIDATE,,L2_017 haiku b24,
AR07595,حَالَ,فعل,516,18792,منع من النجاح,حول,فَعَلَ,,,,,CANDIDATE,,L2_017 haiku b24,
AR07596,قَابِل,صفة مشبهة,517,8083,يستوجب إجراء,قبل,فَاعِلٌ,,,,,CANDIDATE,,L2_017 haiku b24,
AR07597,رَأْسِي,اسم منسوب,517,8084,يستحق الموت,رءس,,,,,,CANDIDATE,فَعْلِي,L2_017 haiku b24,ROOT_NORMALIZED;WAZN_NOT_IN_INV
AR07598,جَنَائِي,اسم منسوب,517,8085,جريمة,جني,,,,,,CANDIDATE,فَعَالِي,L2_017 haiku b24,ROOT_NORMALIZED;WAZN_NOT_IN_INV
AR07599,جَسِيم,صفة مشبهة,517,8110,جرم خطير,جسم,فَعِيلٌ,,,,,CANDIDATE,,L2_017 haiku b24,
AR07600,أَحْبَطَ,فعل,518,8094,منع النجاح,حبط,أَفْعَلَ,,,,,CANDIDATE,,L2_017 haiku b24,
AR07601,فَشَّلَ,فعل,518,8095,منع التحقق,فشل,فَعَّلَ,,,,,CANDIDATE,,L2_017 haiku b24,
AR07602,عَاقَ,فعل,518,8096,أعاق التقدم,عوق,فَعَلَ,,,,,CANDIDATE,,L2_017 haiku b24,
AR07603,شَلَّ,فعل,518,8097,شل القدرة,شلل,فَعَّلَ,,,,,CANDIDATE,,L2_017 haiku b24,WAZN_LEMMA_MISMATCH
AR07604,عَجَّزَ,فعل,518,8098,جعل عاجزاً,عجز,فَعَّلَ,,,,,CANDIDATE,,L2_017 haiku b24,
AR07605,حَجَزَ,فعل,518,8099,منع,حجز,فَعَلَ,,,,,CANDIDATE,,L2_017 haiku b24,
AR07606,احْتَاطَ,فعل,518,8100,توقع,حوط,اِفْتَعَلَ,,,,,CANDIDATE,,L2_017 haiku b24,
AR07607,أَفْسَدَ,فعل,518,8102,أفسد الخطة,فسد,أَفْعَلَ,,,,,CANDIDATE,,L2_017 haiku b24,
AR07608,خَيَّبَ,فعل,518,8114,خيب الآمال,خيب,فَعَّلَ,,,,,CANDIDATE,,L2_017 haiku b24,
AR07609,حَالَ,فعل,518,8119,حال دون,حول,فَعَلَ,,,,,CANDIDATE,,L2_017 haiku b24,
AR07610,رَدَّ,فعل,518,15332,رد الفعل,ردد,فَعَّلَ,,,,,CANDIDATE,,L2_017 haiku b24,WAZN_LEMMA_MISMATCH
AR07611,قَيَّمَ,فعل,519,8131;8133;13792,حكم على النوعية,قيم,فَعَّلَ,,,,,CANDIDATE,,L2_017 haiku b24,
AR07612,صَنَّفَ,فعل,519,8132;8134,رتب حسب مقياس,صنف,فَعَّلَ,,,,,CANDIDATE,,L2_017 haiku b24,
AR07613,تَقْيِيم,مصدر,519,8135;8136;13793,الحكم,قيم,تَفْعِيلٌ,,,,,CANDIDATE,,L2_017 haiku b24,
AR07614,وَزَنَ,فعل,519,8137,قاس الوزن,وزن,فَعَلَ,,,,,CANDIDATE,,L2_017 haiku b24,
AR07615,حَكَمَ,فعل,519,11867,صدر حكماً,حكم,فَعَلَ,,,,,CANDIDATE,,L2_017 haiku b24,
AR07616,قَدَّرَ,فعل,519,11868,أعلن القيمة,قدر,فَعَّلَ,,,,,CANDIDATE,,L2_017 haiku b24,
AR07617,رَتَّبَ,فعل,519,11911,حدد الترتيب,رتب,فَعَّلَ,,,,,CANDIDATE,,L2_017 haiku b24,
AR07618,أَعَادَ تَقْيِيم,تركيب,519,13791,أعاد تقييم,,,,,,,CANDIDATE,,L2_017 haiku b24,
AR07619,إعَادَة تَقْيِيم,تركيب,519,13794,فحص ثاني,,,,,,,CANDIDATE,,L2_017 haiku b24,
AR07620,نَهَى,فعل,520,8178,أمر بعدم الفعل,نهي,فَعَلَ,,,,,CANDIDATE,,L2_017 haiku b24,
AR07621,حَظَرَ,فعل,520,8180,منع,حظر,فَعَلَ,,,,,CANDIDATE,,L2_017 haiku b24,
AR07622,جَرَّمَ,فعل,520,14510,جعل غير قانوني,جرم,فَعَّلَ,,,,,CANDIDATE,,L2_017 haiku b24,
AR07623,رَفَضَ,فعل,520,18538,رفض الموافقة,رفض,فَعَلَ,,,,,CANDIDATE,,L2_017 haiku b24,
AR07624,مُوَافَقَة,مصدر,520,18761,الموافقة,وفق,مُفَاعَلَةٌ,,,,,CANDIDATE,,L2_017 haiku b24,
AR07625,وَافَقَ,فعل,520,18762;18764;18769,قبل رسمياً,وفق,فَاعَلَ,,,,,CANDIDATE,,L2_017 haiku b24,
AR07626,أَذِنَ,فعل,520,18763;18771,أعطى إذنة,ءذن,أَفْعَلَ,,,,,CANDIDATE,,L2_017 haiku b24,ROOT_NORMALIZED
AR07627,أَعْطَى الضَّوْء الأَخْضَر,تركيب,520,18765,أعطى الإذن,,,,,,,CANDIDATE,,L2_017 haiku b24,
AR07628,إِجَازَة,اسم جامد,520,18766,رخصة الغياب,جيز,,,,,,CANDIDATE,إفْعَالَة,L2_017 haiku b24,WAZN_NOT_IN_INV
AR07629,وِلاَيَة,اسم جامد,520,18768,تفويض,ولي,فِعَالَةٌ,,,,,CANDIDATE,,L2_017 haiku b24,
AR07630,إِذْن,اسم جامد,520,18770,التفويض,ءذن,,,,,,CANDIDATE,إفْعَل,L2_017 haiku b24,ROOT_NORMALIZED;WAZN_NOT_IN_INV
AR07631,قَيَّدَ,فعل,520,18772,حد من الحرية,قيد,فَعَّلَ,,,,,CANDIDATE,,L2_017 haiku b24,
AR07632,صَادَقَ,فعل,520,18773,صادق وأذن,صدق,فَاعَلَ,,,,,CANDIDATE,,L2_017 haiku b24,
AR07633,الضَّوْء الأَخْضَر,تركيب,520,18774;18775;18776,الإذن,,,,,,,CANDIDATE,,L2_017 haiku b24,
AR07634,الموَافَقَة,تركيب,520,18777,الموافقة,,,,,,,CANDIDATE,,L2_017 haiku b24,
AR07635,تَحَمَّلَ,فعل,520,18778,احتمل,حمل,تَفَعَّلَ,,,,,CANDIDATE,,L2_017 haiku b24,
AR07636,حَظْر,مصدر,520,18779,منع,حظر,فَعْلٌ,,,,,CANDIDATE,,L2_017 haiku b24,
AR07637,حَظَرَ,فعل,521,8181;8184;8186,منع رسمياً,حظر,فَعَلَ,,,,,CANDIDATE,,L2_017 haiku b24,
AR07638,نَهَى,فعل,521,8182,أمر بعدم الفعل,نهي,فَعَلَ,,,,,CANDIDATE,,L2_017 haiku b24,
AR07639,حَرَّمَ,فعل,521,8185,حرّم وحظر,حرم,فَعَّلَ,,,,,CANDIDATE,,L2_017 haiku b24,
AR07640,حَظْر,مصدر,521,8187;8188,منع رسمي,حظر,فَعْلٌ,,,,,CANDIDATE,,L2_017 haiku b24,
AR07641,مَنَعَ,فعل,521,14690,حال دون,منع,فَعَلَ,,,,,CANDIDATE,,L2_017 haiku b24,
AR07642,أَجَازَ,فعل,521,18752;18755,أقرّ,جيز,أَفْعَلَ,,,,,CANDIDATE,,L2_017 haiku b24,
AR07643,أَعْطَى الحَقّ,تركيب,521,18753,منح الحق,,,,,,,CANDIDATE,,L2_017 haiku b24,
AR07644,أَذِنَ,فعل,521,18754,أقرّ,ءذن,أَفْعَلَ,,,,,CANDIDATE,,L2_017 haiku b24,ROOT_NORMALIZED
AR07645,حَاضَرَ,فعل,523,8192,ألقى محاضرة,حضر,فَاعَلَ,,,,,CANDIDATE,,L2_017 haiku b24,
AR07646,وَعَظَ,فعل,523,8193,ألقى موعظة,وعظ,فَعَلَ,,,,,CANDIDATE,,L2_017 haiku b24,
AR07647,شَرَحَ,فعل,523,8194,شرح وضّح,شرح,فَعَلَ,,,,,CANDIDATE,,L2_017 haiku b24,
AR07648,خَطَبَ,فعل,523,8195,ألقى خطبة,خطب,فَعَلَ,,,,,CANDIDATE,,L2_017 haiku b24,
AR07649,خاطَبَ بإطالة,تركيب,523,8196,تكلم بطول,,,,,,,CANDIDATE,,L2_017 haiku b24,
AR07650,أَسْهَبَ,فعل,523,8197,تكلم بتفصيل,سهب,أَفْعَلَ,,,,,CANDIDATE,,L2_017 haiku b24,
AR07651,ثَرثَرَ,فعل,523,8198,تكلم بعشوائية,ثرر,,,,,,CANDIDATE,فَعْفَعَ,L2_017 haiku b24,WAZN_NOT_IN_INV
AR07652,اسْتَمَرَّ يَتَكَلَّم,تركيب,523,8199,استمر بالكلام,,,,,,,CANDIDATE,,L2_017 haiku b24,
AR07653,نَاقَشَ,فعل,523,8200,تبادل آراء,نقش,فَاعَلَ,,,,,CANDIDATE,,L2_017 haiku b24,
AR07654,خَاطَبَ,فعل,523,9170,ألقى خطاباً,خطب,فَاعَلَ,,,,,CANDIDATE,,L2_017 haiku b24,
AR07655,خِطَاب,اسم جامد,523,9186,كلام موجه,خطب,فِعَالٌ,,,,,CANDIDATE,,L2_017 haiku b24,
AR07656,مُحَاضَرَة,اسم جامد,523,9187,درس,حضر,مُفَاعَلَةٌ,,,,,CANDIDATE,,L2_017 haiku b24,
AR07657,أَدْلَى برأيه بغرور,تركيب,523,9901,أعرب بتعجرف,,,,,,,CANDIDATE,,L2_017 haiku b24,
AR07658,حَدَّثَ,فعل,523,15384,تحدث,حدث,فَعَّلَ,,,,,CANDIDATE,,L2_017 haiku b24,
AR07659,عَامِل,اسم جامد,530,8210,الموالي,عمل,فَاعِلٌ,,,,,CANDIDATE,,L2_017 haiku b24,
AR07660,تَابِع,اسم فاعل,530,8211,المتبع,تبع,فَاعِلٌ,,,,,CANDIDATE,,L2_017 haiku b24,
AR07661,مَرْؤُوس,اسم مفعول,530,8212;8214,التابع,رءس,مَفْعُولٌ,,,,,CANDIDATE,,L2_017 haiku b24,ROOT_NORMALIZED
AR07662,خَادِم,اسم فاعل,530,8213;8218,الخادم,خدم,فَاعِلٌ,,,,,CANDIDATE,,L2_017 haiku b24,
AR07663,سَيِّد,اسم جامد,530,8216,صاحب السلطة,سيد,فَيْعِلٌ,,,,,CANDIDATE,,L2_017 haiku b24,
AR07664,رَئِيس,اسم جامد,530,8219,الأعلى رتبة,رءس,فَيْعِلٌ,,,,,CANDIDATE,,L2_017 haiku b24,ROOT_NORMALIZED
AR07665,مُسَاعِد,اسم فاعل,530,8220,المساعد,سعد,مُفَاعِلٌ,,,,,CANDIDATE,,L2_017 haiku b24,
AR07666,مُسْتَأْجَر,اسم مفعول,530,8222,المستأجر,ءجر,مُسْتَفْعَلٌ,,,,,CANDIDATE,,L2_017 haiku b24,ROOT_NORMALIZED
AR07667,بَطَّاش,صيغة مبالغة,530,8223,الغليظ,بطش,فَعَّالٌ,,,,,CANDIDATE,,L2_017 haiku b24,
AR07668,حَارِس,اسم فاعل,530,8238,الحارس,حرس,فَاعِلٌ,,,,,CANDIDATE,,L2_017 haiku b24,
AR07669,أَدَاة,اسم جامد,530,13549,الأداة,,,,,,,CANDIDATE,,L2_017 haiku b24,ROOT_MISSING;WAZN_MISSING
AR07670,أَعْلَى رُتْبَة,تركيب,530,14160,ذو مركز أعلى,,,,,,,CANDIDATE,,L2_017 haiku b24,
AR07671,أَقَلّ رُتْبَة,تركيب,530,14161,ذو مركز أقل,,,,,,,CANDIDATE,,L2_017 haiku b24,
AR07672,خَدَمَ,فعل,530,17139,عمل لمصلحة,خدم,فَعَلَ,,,,,CANDIDATE,,L2_017 haiku b24,
AR07673,مَرِيب,صفة مشبهة,531,8224;8225,محتمل الخطر,ريب,فَعِيلٌ,,,,,CANDIDATE,,L2_017 haiku b24,
AR07674,مَشْكُوك,اسم مفعول,531,8226,غير مؤكد,شكك,مَفْعُولٌ,,,,,CANDIDATE,,L2_017 haiku b24,
AR07675,غَرِيب,صفة مشبهة,531,8227,يثير الريبة,غرب,فَعِيلٌ,,,,,CANDIDATE,,L2_017 haiku b24,
AR07676,غَيْر مَوْثُوق,تركيب,531,8228,غير معتمد,,,,,,,CANDIDATE,,L2_017 haiku b24,
AR07677,اسْتَحَقَّ,فعل,541,8239;8311,استأهل,حقق,اِسْتَفْعَلَ,,,,,CANDIDATE,,L2_017 haiku b24,WAZN_LEMMA_MISMATCH
AR07678,يُبَرِّر,فعل,541,8240;11163,يسوّغ,برر,,,,,,CANDIDATE,يُفَعِّل,L2_017 haiku b24,WAZN_NOT_IN_INV
AR07679,تَبْرِير,مصدر,541,8241,التسويغ,برر,تَفْعِيلٌ,,,,,CANDIDATE,,L2_017 haiku b24,
AR07680,أَسْبَاب,اسم جامد,541,8242,العوامل,سبب,,,,,,CANDIDATE,أَفْعَال,L2_017 haiku b24,WAZN_NOT_IN_INV
AR07681,جَدِير,صفة مشبهة,541,8243,مستحق,جدر,فَعِيلٌ,,,,,CANDIDATE,,L2_017 haiku b24,
AR07682,يَسْتَلْزِم,فعل,541,8312,يقتضي,لزم,,,,,,CANDIDATE,يَسْتَفْعِل,L2_017 haiku b24,WAZN_NOT_IN_INV
AR07683,مَطَالَبَة,اسم جامد,550,8264,ادعاء الملكية,طلب,,,,,,CANDIDATE,مَفَاعَلَة,L2_017 haiku b24,WAZN_NOT_IN_INV
AR07684,ادَّعَى,فعل,550,8265,ادعى,دعي,اِفْتَعَلَ,,,,,CANDIDATE,,L2_017 haiku b24,
AR07685,طَالَبَ,فعل,550,8266,طالب بحقه,طلب,فَاعَلَ,,,,,CANDIDATE,,L2_017 haiku b24,
AR07686,حَقّ,اسم جامد,550,11139,الحق,حقق,فَعْلٌ,,,,,CANDIDATE,,L2_017 haiku b24,WAZN_LEMMA_MISMATCH
AR07687,تَأْشِيرَة,اسم جامد,560,8290,إذن الدخول,شير,تَفْعِيلَةٌ,,,,,CANDIDATE,,L2_017 haiku b24,
AR07688,جَوَاز سَفَر,تركيب,560,8291,وثيقة الهوية,,,,,,,CANDIDATE,,L2_017 haiku b24,
AR07689,إِسْتِدْعَاء,اسم جامد,560,8292;8365,أمر الحضور,دعا,,,,,,CANDIDATE,إفْتِعَال,L2_017 haiku b24,ROOT_ALIF;WAZN_NOT_IN_INV
AR07690,تَفْوِيض,مصدر,560,8293;8381,أمر رسمي,فوض,تَفْعِيلٌ,,,,,CANDIDATE,,L2_017 haiku b24,
AR07691,شَهَادَة,اسم جامد,560,8330;8366;8387,وثيقة إثبات,شهد,فَعَالَةٌ,,,,,CANDIDATE,,L2_017 haiku b24,
AR07692,أَوْرَاق,اسم جامد,560,8331,وثائق,ورق,,,,,,CANDIDATE,أَفْعَال,L2_017 haiku b24,WAZN_NOT_IN_INV
AR07693,رُخْصَة,اسم جامد,560,8364;11165,إذن عمل,رخص,فُعْلَةٌ,,,,,CANDIDATE,,L2_017 haiku b24,
AR07694,وَثِيقَة,اسم جامد,560,8367;11422,عقد قانوني,وثق,فَاعِلَةٌ,,,,,CANDIDATE,,L2_017 haiku b24,
AR07695,عَقْد إِيجَار,تركيب,560,8368,عقد استئجار,,,,,,,CANDIDATE,,L2_017 haiku b24,
AR07696,عَقْد,اسم جامد,560,8369;8394,اتفاقية,عقد,فَعْلٌ,,,,,CANDIDATE,,L2_017 haiku b24,
AR07697,مُعَاهَدَة,اسم جامد,560,8370,اتفاق دولي,عاهد,مُفَاعَلَةٌ,,,,,CANDIDATE,,L2_017 haiku b24,ROOT_ALIF
AR07698,قَانُون أَسَاسِي,تركيب,560,8371,قانون تأسيسي,,,,,,,CANDIDATE,,L2_017 haiku b24,
AR07699,اعْتِرَاف,مصدر,560,8382,شهادة,عرف,اِفْتِعَالٌ,,,,,CANDIDATE,,L2_017 haiku b24,
AR07700,مُلَخَّص,اسم مفعول,560,8383,موجز,لخص,مُفَعَّلٌ,,,,,CANDIDATE,,L2_017 haiku b24,
AR07701,أَمْر,اسم جامد,560,8384,أمر قضائي,ءمر,فَعْلٌ,,,,,CANDIDATE,,L2_017 haiku b24,ROOT_NORMALIZED
AR07702,إِقْرَار حَلْفِي,تركيب,560,8385,تصريح موثق,,,,,,,CANDIDATE,,L2_017 haiku b24,
AR07703,وَصِيَّة,اسم جامد,560,8386;8388,وثيقة وصايا,وصي,فَعِيلَةٌ,,,,,CANDIDATE,,L2_017 haiku b24,
AR07704,حُكْم,اسم جامد,560,8389,قرار قاضي,حكم,فُعْلٌ,,,,,CANDIDATE,,L2_017 haiku b24,
AR07705,نَتِيجَة,اسم جامد,560,8390,خلاصة,نتج,فَاعِلَةٌ,,,,,CANDIDATE,,L2_017 haiku b24,
AR07706,رَأْي,اسم جامد,560,8391,تصريح الحكم,ريي,فَعْلٌ,,,,,CANDIDATE,,L2_017 haiku b24,
AR07707,حَقّ الملكية,تركيب,560,8392,حق الملك,,,,,,,CANDIDATE,,L2_017 haiku b24,
AR07708,أَوَامِر,اسم جامد,560,8393,وثائق,ءمر,,,,,,CANDIDATE,أَفْعَال,L2_017 haiku b24,ROOT_NORMALIZED;WAZN_NOT_IN_INV
AR07709,عَقْدِي,اسم منسوب,560,12701,المتعلق بالعقد,عقد,,,,,,CANDIDATE,فَعْلِي,L2_017 haiku b24,WAZN_NOT_IN_INV
AR07710,اتِّفَاق,اسم جامد,560,13767,اتفاق,وفق,اِفْتِعَالٌ,,,,,CANDIDATE,,L2_017 haiku b24,
AR07711,تَأْكِيد,مصدر,560,15814,وثيقة التأكيد,ءكد,تَفْعِيلٌ,,,,,CANDIDATE,,L2_017 haiku b24,ROOT_NORMALIZED
AR07712,بِطَاقَة هُوِيَّة,تركيب,560,17352,وثيقة إثبات,,,,,,,CANDIDATE,,L2_017 haiku b24,
AR07713,بِطَاقَة عَمَل,تركيب,560,18640,بطاقة مهنية,,,,,,,CANDIDATE,,L2_017 haiku b24,
AR07714,مَشَاجَرَة,اسم جامد,563,8268,قتال مشوش,شجر,,,,,,CANDIDATE,مَفَاعَلَة,L2_017 haiku b24,WAZN_NOT_IN_INV
AR07715,فَوْضَى,اسم جامد,563,8269,قتال فوضوي,فوض,فَعْلَى (لغير التأنيث),,,,,CANDIDATE,,L2_017 haiku b24,
AR07716,شِجَار,اسم جامد,563,8270,قتال علني,شجر,فِعَالٌ,,,,,CANDIDATE,,L2_017 haiku b24,
AR07717,قِتَال,اسم جامد,563,8271,الحرب,قتل,فِعَالٌ,,,,,CANDIDATE,,L2_017 haiku b24,
AR07718,خِصَام,اسم جامد,563,8272,نزاع عنيف,خصم,فِعَالٌ,,,,,CANDIDATE,,L2_017 haiku b24,
AR07719,فِتْنَة,اسم جامد,563,8280,اضطراب صاخب,فتن,فِعْلَةٌ,,,,,CANDIDATE,,L2_017 haiku b24,
AR07720,بَلَغَ,فعل,602,8460,وصل إلى مقدار,بلغ,فَعَلَ,,,,,CANDIDATE,,L2_017 haiku b24,
AR07721,تَجَمَّعَ إلى,فعل,602,8461,اجتمع,جمع,تَفَعَّلَ,,,,,CANDIDATE,,L2_017 haiku b24,WAZN_LEMMA_MISMATCH
AR07722,مَجْمُوع,اسم مفعول,602,8507,الكمية الكلية,جمع,مَفْعُولٌ,,,,,CANDIDATE,,L2_017 haiku b24,
AR07723,نَتِيجَة,اسم جامد,602,11102,الرقم,نتج,فَاعِلَةٌ,,,,,CANDIDATE,,L2_017 haiku b24,
AR07724,كُلِّي,اسم منسوب,602,13174,الشامل,كلل,,,,,,CANDIDATE,فُعِّي,L2_017 haiku b24,WAZN_NOT_IN_INV
AR07725,بَلَغَ عَدَدُه,تركيب,602,13463,وصل عدده,,,,,,,CANDIDATE,,L2_017 haiku b24,
AR07726,بِمَقْدَار,تركيب,602,18669,بكمية,,,,,,,CANDIDATE,,L2_017 haiku b24,
AR07727,لَوَّنَ,فعل,620,8530,طبّق صبغة,لون,فَعَّلَ,,,,,CANDIDATE,,L2_017 haiku b24,
AR07728,صَبَغَ,فعل,620,8531,لوّن بسائل,صبغ,فَعَلَ,,,,,CANDIDATE,,L2_017 haiku b24,
AR07729,حَفَرَ,فعل,620,8532,طبّق حمض,حفر,فَعَلَ,,,,,CANDIDATE,,L2_017 haiku b24,
AR07730,عَالَجَ,فعل,620,8562;10722,طبّق معالجة,علج,فَاعَلَ,,,,,CANDIDATE,,L2_017 haiku b24,
AR07731,جَلْفَنَ,فعل,620,8580,طلى بزنك,جلفن,فَعْلَلَ,,,,,CANDIDATE,,L2_017 haiku b24,
AR07732,أَثْرَى,فعل,620,10645,زاد النسبة,ثري,أَفْعَلَ,,,,,CANDIDATE,,L2_017 haiku b24,
AR07733,إِثْرَاء,مصدر,620,10646,زيادة النسبة,ثري,,,,,,CANDIDATE,إفْعَال,L2_017 haiku b24,WAZN_NOT_IN_INV
AR07734,أَعَاد مُعَالَجَة,تركيب,620,11439,معالجة ثانية,,,,,,,CANDIDATE,,L2_017 haiku b24,
AR07735,إعَادَة مُعَالَجَة,تركيب,620,11440,معالجة متكررة,,,,,,,CANDIDATE,,L2_017 haiku b24,
AR07736,سَلِّح,فعل,620,12447,حوّل لسلاح,سلح,فَعَّلَ,,,,,CANDIDATE,,L2_017 haiku b24,
AR07737,تَسْلِيح,مصدر,620,12448,التحويل لسلاح,سلح,تَفْعِيلٌ,,,,,CANDIDATE,,L2_017 haiku b24,
AR07738,غَزَلَ,فعل,620,15058,حوّل إلى خيط,غزل,فَعَلَ,,,,,CANDIDATE,,L2_017 haiku b24,
AR07739,طَوَّرَ,فعل,620,16851,معالجة صورة,طور,فَعَّلَ,,,,,CANDIDATE,,L2_017 haiku b24,
AR07740,تَطْوِير,مصدر,620,16852,معالجة صور,طور,تَفْعِيلٌ,,,,,CANDIDATE,,L2_017 haiku b24,
AR07741,جَمَعَ,فعل,621,8490,احسب المجموع,جمع,فَعَلَ,,,,,CANDIDATE,,L2_017 haiku b24,
AR07742,اسْتَحْصَلَ المَجْمُوع,تركيب,621,8508,احسب,,,,,,,CANDIDATE,,L2_017 haiku b24,
AR07743,عَدَّ,فعل,621,8510,عدّ وحسب,عدد,فَعَّلَ,,,,,CANDIDATE,,L2_017 haiku b24,WAZN_LEMMA_MISMATCH
AR07744,عَرَّضَ للخَطَر,تركيب,631,8503,وضع في الخطر,,,,,,,CANDIDATE,,L2_017 haiku b24,
AR07745,عَرَّضَ,فعل,631,8504,وضع في خطر,عرض,فَعَّلَ,,,,,CANDIDATE,,L2_017 haiku b24,
AR07746,تَعْرِيض,مصدر,631,8505,وضع في الخطر,عرض,تَفْعِيلٌ,,,,,CANDIDATE,,L2_017 haiku b24,
AR07747,هَدَّدَ,فعل,631,11704,عرّض للخطر,هدد,فَعَّلَ,,,,,CANDIDATE,,L2_017 haiku b24,
AR07748,حَجَبَ,فعل,652,8534,يمنع الشيء من الظهور,حجب,فَعَلَ,,,,,CANDIDATE,,L2_017 haiku b25,
AR07749,أحْجَبَ,فعل,652,8535,يحجب كاملاً عن النظر,حجب,أَفْعَلَ,,,,,CANDIDATE,,L2_017 haiku b25,
AR07750,سَتَرَ,فعل,652,8536,يخفي عن العيون,ستر,فَعَلَ,,,,,CANDIDATE,,L2_017 haiku b25,
AR07751,غَطَّى,فعل,652,8537,يحجب جزئياً أو كلياً,غطي,فَعَّلَ,,,,,CANDIDATE,,L2_017 haiku b25,
AR07752,أَخْفَى,فعل,652,8538,لا يجعله يُرى,خفي,أَفْعَلَ,,,,,CANDIDATE,,L2_017 haiku b25,
AR07753,حَمَى,فعل,652,8539,يحمي بستار,حمي,فَعَلَ,,,,,CANDIDATE,,L2_017 haiku b25,
AR07754,مَوَّهَ,فعل,652,8540,يختفي جزئياً,موه,فَعَّلَ,,,,,CANDIDATE,,L2_017 haiku b25,
AR07755,مَخْتَبِئ,اسم فاعل,652,8541;8564,محجوب عن النظر,خبء,,,,,,CANDIDATE,مَفْتَعِل,L2_017 haiku b25,ROOT_NORMALIZED;WAZN_NOT_IN_INV
AR07756,طَمَسَ,فعل,652,8542,يمحو من المرأى,طمس,فَعَلَ,,,,,CANDIDATE,,L2_017 haiku b25,
AR07757,مُعَتِّم,اسم فاعل,652,8543,يعتم الرؤية,عتم,مُفَعِّلٌ,,,,,CANDIDATE,,L2_017 haiku b25,
AR07758,سَدَّ,فعل,652,8545,يسد الرؤية,سدد,فَعَّلَ,,,,,CANDIDATE,,L2_017 haiku b25,WAZN_LEMMA_MISMATCH
AR07759,مُسَيَّج,اسم مفعول,652,8547,كأن به سياج,سيج,مُفَعَّلٌ,,,,,CANDIDATE,,L2_017 haiku b25,
AR07760,مُقَنَّع,اسم مفعول,652,8548,مخفى البشرة,قنع,مُفَعَّلٌ,,,,,CANDIDATE,,L2_017 haiku b25,
AR07761,مُنَقَّب,اسم مفعول,652,8549,محجوب كبالنقاب,نقب,مُفَعَّلٌ,,,,,CANDIDATE,,L2_017 haiku b25,
AR07762,مُغَطَّى,اسم مفعول,652,8550,محاط كلياً,غطي,مُفَعَّلٌ,,,,,CANDIDATE,,L2_017 haiku b25,
AR07763,أَسْدَد,فعل,652,8551,يوقف الفتحة,سدد,أَفْعَلَ,,,,,CANDIDATE,,L2_017 haiku b25,
AR07764,وَشَّح,فعل,652,8554,يغطي بالثوب,وشح,فَعَّلَ,,,,,CANDIDATE,,L2_017 haiku b25,
AR07765,لَفَّ,فعل,652,8555,يلف كاملاً,لفف,فَعَّلَ,,,,,CANDIDATE,,L2_017 haiku b25,WAZN_LEMMA_MISMATCH
AR07766,مَلْفُوف,اسم مفعول,652,8556,ملفوف بالكفن,لفف,مَفْعُولٌ,,,,,CANDIDATE,,L2_017 haiku b25,
AR07767,مُتَرَجِّح,اسم فاعل,652,8557,محجوب باللباس,رجح,مُتَفَعِّلٌ,,,,,CANDIDATE,,L2_017 haiku b25,
AR07768,كُسُوف,اسم مصدر,652,8559,اختفاء ضوء الجرم السماوي,كسف,فُعُولٌ,,,,,CANDIDATE,,L2_017 haiku b25,
AR07769,سِدّ,اسم جامد,652,8560,ما يسد الفتحة,سدد,فِعْلٌ,,,,,CANDIDATE,,L2_017 haiku b25,WAZN_LEMMA_MISMATCH
AR07770,احْتِجَاب,مصدر,652,8561,احتجاب أحد الأجرام,حجب,اِفْتِعَالٌ,,,,,CANDIDATE,,L2_017 haiku b25,
AR07771,خَبَّأَ,فعل,652,8563,يمنع الرؤية,خبء,فَعَّلَ,,,,,CANDIDATE,,L2_017 haiku b25,ROOT_NORMALIZED
AR07772,عَرْقَلَ,فعل,652,8565,يعيق الطريق,عرقل,فَعْلَلَ,,,,,CANDIDATE,,L2_017 haiku b25,
AR07773,ضَبَّبَ,فعل,652,8692,يحجب كالضباب,ضبب,فَعَّلَ,,,,,CANDIDATE,,L2_017 haiku b25,
AR07774,مُغَيَّم,اسم مفعول,652,8693,محجوب بالغيوم,غيم,مُفَعَّلٌ,,,,,CANDIDATE,,L2_017 haiku b25,
AR07775,مُضَبَّب,اسم مفعول,652,8694,محجوب بالضباب,ضبب,مُفَعَّلٌ,,,,,CANDIDATE,,L2_017 haiku b25,
AR07776,كَفَّن,فعل,652,8713,يحجب كالكفن,كفن,فَعَّلَ,,,,,CANDIDATE,,L2_017 haiku b25,
AR07777,مُكَفَّن,اسم مفعول,652,8714,مغطى كالكفن,كفن,مُفَعَّلٌ,,,,,CANDIDATE,,L2_017 haiku b25,
AR07778,وُجِدَ,فعل,660,8570,كان موجوداً بالفعل,وجد,,,,,,CANDIDATE,فُعِلَ,L2_017 haiku b25,WAZN_NOT_IN_INV
AR07779,وُجُود,مصدر,660,8571,حالة كون الشيء موجوداً,وجد,فُعُولٌ,,,,,CANDIDATE,,L2_017 haiku b25,
AR07780,حَقِيقِي,صفة مشبهة,660,8572,موجود فعلاً لا في الخيال,حقق,فَعِيلٌ,,,,,CANDIDATE,,L2_017 haiku b25,
AR07781,حَضَرَ,فعل,660,10329,كان هناك,حضر,فَعَلَ,,,,,CANDIDATE,,L2_017 haiku b25,
AR07782,بَقِيَ,فعل,660,14419,ظل في نفس الحالة,بقي,فَعِلَ,,,,,CANDIDATE,,L2_017 haiku b25,
AR07783,هَزَّ,فعل,670,9105,اهتز بقوة,هزز,فَعَّلَ,,,,,CANDIDATE,,L2_017 haiku b25,WAZN_LEMMA_MISMATCH
AR07784,دَارَ,فعل,670,9106;12882,دوران حول محور ثابت,دور,فَعَلَ,,,,,CANDIDATE,,L2_017 haiku b25,
AR07785,ارْتِعَاش,مصدر,670,9107,اهتزاز خفيف,رعش,اِفْتِعَالٌ,,,,,CANDIDATE,,L2_017 haiku b25,
AR07786,دَوَّرَ,فعل,670,9108,دوران سريع,دور,فَعَّلَ,,,,,CANDIDATE,,L2_017 haiku b25,
AR07787,ذَبْذَبَ,فعل,670,9109,اهتزاز سريع,ذبب,فَعْلَلَ,,,,,CANDIDATE,,L2_017 haiku b25,WAZN_LEMMA_MISMATCH
AR07788,تَرَنَّح,فعل,670,10142,تأرجح معلق,ترنح,تَفَعَّلَ,,,,,CANDIDATE,,L2_017 haiku b25,
AR07789,تَدَلَّى,فعل,670,10870,سقط معه,تدلي,تَفَعَّلَ,,,,,CANDIDATE,,L2_017 haiku b25,
AR07790,وَرِفَ,فعل,670,10872,اهتز خفيفاً,وروف,فَعِلَ,,,,,CANDIDATE,,L2_017 haiku b25,
AR07791,رِعْشَة,اسم مرة,670,10873,اهتزاز طفيف,رعش,فِعْلَةٌ,,,,,CANDIDATE,,L2_017 haiku b25,MARRA_NOT_FALA
AR07792,لَوَّحَ,فعل,670,10877,حركة جانبية ثابتة,لوح,فَعَّلَ,,,,,CANDIDATE,,L2_017 haiku b25,
AR07793,تَمَايَلَ,فعل,670,10880,حركة رقيقة جانبية,ميل,تَفَاعَلَ,,,,,CANDIDATE,,L2_017 haiku b25,
AR07794,تَدَحْرَجَ,فعل,670,10881,انقلاب حول محور,درج,تَفَعْلَلَ,,,,,CANDIDATE,,L2_017 haiku b25,WAZN_LEMMA_MISMATCH
AR07795,أُرْجُوحَة,اسم جامد,670,10911,حركة التأرجح,ءرج,فُعْلُولَةٌ,,,,,CANDIDATE,,L2_017 haiku b25,ROOT_NORMALIZED
AR07796,دَوَّمَ,فعل,670,11242,دوران سريع,دوم,فَعَّلَ,,,,,CANDIDATE,,L2_017 haiku b25,
AR07797,زَلْزَال,اسم جامد,670,13726,اهتزاز الأرض الشديد,زلزل,فَعْلالٌ (مضاعف),,,,,CANDIDATE,,L2_017 haiku b25,
AR07798,زَلْزِلَة,اسم مصدر,670,13727;13728,اهتزاز الأرض القوي,زلزل,,,,,,CANDIDATE,فَعْلِلَة,L2_017 haiku b25,WAZN_NOT_IN_INV
AR07799,عَفْو,مصدر,681,8702,إسقاط العقوبة القانونية,عفو,فَعْلٌ,,,,,CANDIDATE,,L2_017 haiku b25,
AR07800,عَفَا,فعل,681,8704,يسقط العقوبة,عفو,فَعَلَ,,,,,CANDIDATE,,L2_017 haiku b25,
AR07801,جَعَلَ,فعل,683,8705,يحدث تغييراً في الكيان,جعل,فَعَلَ,,,,,CANDIDATE,,L2_017 haiku b25,
AR07802,حَوَّلَ,فعل,683,9268,يجعله صنفاً مختلفاً,حول,فَعَّلَ,,,,,CANDIDATE,,L2_017 haiku b25,
AR07803,بَدَّلَ,فعل,683,9269;10806,يغير الشكل,بدل,فَعَّلَ,,,,,CANDIDATE,,L2_017 haiku b25,
AR07804,حَرَّفَ,فعل,683,9270,يعدل لصيغة أخرى,حرف,فَعَّلَ,,,,,CANDIDATE,,L2_017 haiku b25,
AR07805,غَيَّرَ,فعل,683,9271,يبدل الطبيعة,غير,فَعَّلَ,,,,,CANDIDATE,,L2_017 haiku b25,
AR07806,عَدَّلَ,فعل,683,10805,تعديل جزئي للأحسن,عدل,فَعَّلَ,,,,,CANDIDATE,,L2_017 haiku b25,
AR07807,تَعْدِيل,مصدر,683,10807,عملية التعديل,عدل,تَفْعِيلٌ,,,,,CANDIDATE,,L2_017 haiku b25,
AR07808,تَبْدِيل,مصدر,683,10808,تحويل لا يغير الصنف,بدل,تَفْعِيلٌ,,,,,CANDIDATE,,L2_017 haiku b25,
AR07809,تَحْوِيل,مصدر,683,10809,عملية التحويل,حول,تَفْعِيلٌ,,,,,CANDIDATE,,L2_017 haiku b25,
AR07810,تَحَوُّل,مصدر,683,10810,تغيير الشكل جوهرياً,حول,تَفَعُّلٌ,,,,,CANDIDATE,,L2_017 haiku b25,
AR07811,نَوَّعَ,فعل,683,13324,جعله متنوعاً,نوع,فَعَّلَ,,,,,CANDIDATE,,L2_017 haiku b25,
AR07812,تَنَوُّع,مصدر,683,13325,تغيير طفيف,نوع,تَفَعُّلٌ,,,,,CANDIDATE,,L2_017 haiku b25,
AR07813,أَعَادَ تَشْكِيلَ,تركيب,683,14025,إعادة التشكيل,,,,,,,CANDIDATE,,L2_017 haiku b25,
AR07814,انْتَقَلَ,فعل,683,17514,الانتقال من صنف لآخر,نقل,اِنْفَعَلَ,,,,,CANDIDATE,,L2_017 haiku b25,WAZN_LEMMA_MISMATCH
AR07815,شَوَّهَ,فعل,683,18453,تشويه الشكل,شوه,فَعَّلَ,,,,,CANDIDATE,,L2_017 haiku b25,
AR07816,رَكِبَ,فعل,690,8752,السفر على مركبة,ركب,فَعِلَ,,,,,CANDIDATE,,L2_017 haiku b25,
AR07817,أَبْحَرَ,فعل,690,8753;8758,السفر بالقارب,بحر,أَفْعَلَ,,,,,CANDIDATE,,L2_017 haiku b25,
AR07818,طَارَ,فعل,690,8754,السفر بالطائرة,طير,فَعَلَ,,,,,CANDIDATE,,L2_017 haiku b25,
AR07819,تَحَرَّكَ,فعل,690,8756,حركة الطائرة بالأرض,حرك,تَفَعَّلَ,,,,,CANDIDATE,,L2_017 haiku b25,
AR07820,اسْتَقْلَعَ,فعل,690,8757,استخدام مركبة,قلع,اِسْتَفْعَلَ,,,,,CANDIDATE,,L2_017 haiku b25,
AR07821,اِنْزَلَقَ,فعل,690,8857,حركة بدون وقود,زلق,اِفْتَعَلَ,,,,,CANDIDATE,,L2_017 haiku b25,WAZN_LEMMA_MISMATCH
AR07822,حَلَّقَ,فعل,690,8864,السفر بالطائرة النفاثة,حلق,فَعَّلَ,,,,,CANDIDATE,,L2_017 haiku b25,
AR07823,توَقَّفَ,فعل,690,8917,الحصول على تنقل,وقف,تَفَعَّلَ,,,,,CANDIDATE,,L2_017 haiku b25,
AR07824,رُكُوب,مصدر,690,13478,فعل الركوب,ركب,فُعُولٌ,,,,,CANDIDATE,,L2_017 haiku b25,
AR07825,إِبْحَار,مصدر,690,13479,رحلة الإبحار,بحر,إِفْعَالٌ,,,,,CANDIDATE,,L2_017 haiku b25,
AR07826,طَيْران,مصدر,690,14697,رحلة الطيران,طير,فَيْعالٌ,,,,,CANDIDATE,,L2_017 haiku b25,
AR07827,رَكِبَ الحَافِلَة,تركيب,690,15782,ركوب الحافلة,,,,,,,CANDIDATE,,L2_017 haiku b25,
AR07828,أَخَّرَ,فعل,691,8759;12121,تأجيل الحدث,ءخر,أَفْعَلَ,,,,,CANDIDATE,,L2_017 haiku b25,ROOT_NORMALIZED
AR07829,أَرْجَى,فعل,691,8760;12120,إعادة جدولة لاحقة,ءرجي,أَفْعَلَ,,,,,CANDIDATE,,L2_017 haiku b25,ROOT_NORMALIZED
AR07830,أَجَّلَ,فعل,691,8761,تأجيل الحدث,جول,أَفْعَلَ,,,,,CANDIDATE,,L2_017 haiku b25,
AR07831,عَجَّلَ,فعل,691,10115,تقديم الحدث,عجل,فَعَّلَ,,,,,CANDIDATE,,L2_017 haiku b25,
AR07832,قَدَّمَ,فعل,691,10182,تقديم التاريخ,قدم,فَعَّلَ,,,,,CANDIDATE,,L2_017 haiku b25,
AR07833,تَقَدَّمَ,فعل,691,10351,تقديم الموعد,قدم,تَفَعَّلَ,,,,,CANDIDATE,,L2_017 haiku b25,
AR07834,أَرْسَلَ,فعل,691,12122,تأخير الموعد,رسل,أَفْعَلَ,,,,,CANDIDATE,,L2_017 haiku b25,
AR07835,تَأْخِير,مصدر,691,13275,مدة التأخير,ءخر,تَفْعِيلٌ,,,,,CANDIDATE,,L2_017 haiku b25,ROOT_NORMALIZED
AR07836,أَعَاقَ,فعل,691,14754,تأخير الحدث,عوق,أَفْعَلَ,,,,,CANDIDATE,,L2_017 haiku b25,
AR07837,أَعَادَ جَدْوَلَة,تركيب,691,17602,إعادة جدولة الحدث,,,,,,,CANDIDATE,,L2_017 haiku b25,
AR07838,تَأْخِير مُدَّة,تركيب,691,17626,مدة التأخير الفعلي,,,,,,,CANDIDATE,,L2_017 haiku b25,
AR07839,اِرْتَكَبَ,فعل,700,8770,فعل الجريمة,ركب,اِفْتَعَلَ,,,,,CANDIDATE,,L2_017 haiku b25,
AR07840,اِقْتَرَفَ,فعل,700,8771,ارتكاب الفعل السيء,قرف,اِفْتَعَلَ,,,,,CANDIDATE,,L2_017 haiku b25,
AR07841,جَرِيمَة,اسم جامد,700,11424,فعل يخالف القانون,جرم,فَعِيلَةٌ,,,,,CANDIDATE,,L2_017 haiku b25,
AR07842,اِرْتِكَاب,مصدر,700,12702,فعل ارتكاب الجريمة,ركب,اِفْتِعَالٌ,,,,,CANDIDATE,,L2_017 haiku b25,
AR07843,خَاصَمَ,فعل,710,8921,تبادل الآراء الحادة,خصم,فَاعَلَ,,,,,CANDIDATE,,L2_017 haiku b25,
AR07844,اخْتَلَفَ,فعل,710,8922,عدم الاتفاق,خلف,اِفْتَعَلَ,,,,,CANDIDATE,,L2_017 haiku b25,
AR07845,تَنَاقَشَ,فعل,710,8923,مجادلة سخيفة,نقش,تَفَاعَلَ,,,,,CANDIDATE,,L2_017 haiku b25,
AR07846,شِجَار,اسم جامد,710,8924,مشاجرة صاخبة,شجر,فِعَالٌ,,,,,CANDIDATE,,L2_017 haiku b25,
AR07847,جِدَال,مصدر,710,8927;8933,نقاش حاد,جدل,فِعَالٌ,,,,,CANDIDATE,,L2_017 haiku b25,
AR07848,مُجَادَلَة,مصدر,710,8928,نقاش بلا فائدة,جدل,مُفَاعَلَةٌ,,,,,CANDIDATE,,L2_017 haiku b25,
AR07849,خِصَام,مصدر,710,8929;8935;8942,قطيعة,خصم,فِعَالٌ,,,,,CANDIDATE,,L2_017 haiku b25,
AR07850,نِزَاع,اسم جامد,710,8930,نزاع أو جدال,نزع,فِعَالٌ,,,,,CANDIDATE,,L2_017 haiku b25,
AR07851,مِجَادَلَة,مصدر,710,8931,نقاش معمق,جدل,,,,,,CANDIDATE,مِفَاعَلَة,L2_017 haiku b25,WAZN_NOT_IN_INV
AR07852,تَنَاطَحَ,فعل,710,8932,التشاجر,نطح,تَفَاعَلَ,,,,,CANDIDATE,,L2_017 haiku b25,
AR07853,مَاحَكَ,فعل,710,8936,الجدل حول سفه,محك,فَاعَلَ,,,,,CANDIDATE,,L2_017 haiku b25,
AR07854,تَشَاجَرَ,فعل,710,8938,الخصام,شجر,تَفَاعَلَ,,,,,CANDIDATE,,L2_017 haiku b25,
AR07855,نِزَاعٌ طَفِيف,تركيب,710,8939,خصام تافه,,,,,,,CANDIDATE,,L2_017 haiku b25,
AR07856,تَخَاصَمَ,فعل,710,8940,الدخول في مشاجرة,خصم,تَفَاعَلَ,,,,,CANDIDATE,,L2_017 haiku b25,
AR07857,تَخَاصُم,مصدر,710,8941,شجار تافه,خصم,تَفَاعُلٌ,,,,,CANDIDATE,,L2_017 haiku b25,
AR07858,تَجَادَلَ,فعل,710,8943,الدخول في جدال,جدل,تَفَاعَلَ,,,,,CANDIDATE,,L2_017 haiku b25,
AR07859,جِدَالٌ حَادّ,تركيب,710,8956,جدال حاد بلا حل,,,,,,,CANDIDATE,,L2_017 haiku b25,
AR07860,وَبَّخَ,فعل,711,8925,تأنيب غاضب,وبخ,فَعَّلَ,,,,,CANDIDATE,,L2_017 haiku b25,
AR07861,لَامَ,فعل,711,8944,توبيخ اللوم,لوم,فَاعَلَ,,,,,CANDIDATE,,L2_017 haiku b25,
AR07862,شَكَرَ,فعل,711,8945,التعبير عن الامتنان,شكر,فَعَلَ,,,,,CANDIDATE,,L2_017 haiku b25,
AR07863,شُكْر,مصدر,711,8946,تعبير الشكر,شكر,فُعْلٌ,,,,,CANDIDATE,,L2_017 haiku b25,
AR07864,نَاقَدَ,فعل,711,8947,انتقاد حاد,نقد,فَاعَلَ,,,,,CANDIDATE,,L2_017 haiku b25,
AR07865,تَوْبِيخ,مصدر,711,8948,انتقاد قاسٍ,وبخ,تَفْعِيلٌ,,,,,CANDIDATE,,L2_017 haiku b25,
AR07866,سَخِرَ,فعل,711,8949,السخرية واللمز,سخر,فَعِلَ,,,,,CANDIDATE,,L2_017 haiku b25,
AR07867,هُزْء,مصدر,711,8950,كلام ساخر,هزء,فُعْلٌ,,,,,CANDIDATE,,L2_017 haiku b25,ROOT_NORMALIZED
AR07868,مَدِيح,مصدر,711,8951,ثناء مؤدب,مدح,فَعِيلٌ,,,,,CANDIDATE,,L2_017 haiku b25,
AR07869,مَدَحَ,فعل,711,8952,الثناء والتهنئة,مدح,فَعَلَ,,,,,CANDIDATE,,L2_017 haiku b25,
AR07870,عَاتَبَ,فعل,711,8953,توبيخ وعتاب,عتب,فَاعَلَ,,,,,CANDIDATE,,L2_017 haiku b25,
AR07871,عَاقَبَ,فعل,711,8954,عقاب قاسٍ,عقب,فَاعَلَ,,,,,CANDIDATE,,L2_017 haiku b25,
AR07872,عُقُوبَة,مصدر,711,8955,عقاب شديد,عقب,فُعُولَةٌ,,,,,CANDIDATE,,L2_017 haiku b25,
AR07873,تِقْرِيع,مصدر,711,8958,توبيخ عنيف,قرع,,,,,,CANDIDATE,تِفْعِيل,L2_017 haiku b25,WAZN_NOT_IN_INV
AR07874,انْتَقَدَ,فعل,711,8959;10554,نقد غاضب,نقد,اِفْتَعَلَ,,,,,CANDIDATE,,L2_017 haiku b25,
AR07875,وَعَظَ,فعل,711,8960,تنبيه قوي,وعظ,فَعَلَ,,,,,CANDIDATE,,L2_017 haiku b25,
AR07876,مَوْعِظَة,مصدر,711,8961,موعظة وتنبيه,وعظ,مَفْعِلَةٌ,,,,,CANDIDATE,,L2_017 haiku b25,
AR07877,إِنْذَار,مصدر,711,8962,تحذير مباشر,نذر,إِفْعَالٌ,,,,,CANDIDATE,,L2_017 haiku b25,
AR07878,إِنْكَار,مصدر,711,8963,استنكار رسمي,نكر,إِفْعَالٌ,,,,,CANDIDATE,,L2_017 haiku b25,
AR07879,قَرَّعَ,فعل,711,8964,توجيه التقريع,قرع,فَعَّلَ,,,,,CANDIDATE,,L2_017 haiku b25,
AR07880,تِقْرِيعِيّ,اسم منسوب,711,8965,يتعلق بالتقريع,قرع,,,,,,CANDIDATE,تِفْعِيلِيّ,L2_017 haiku b25,WAZN_NOT_IN_INV
AR07881,حَاسَبَ,فعل,711,8966;10553,عدم الرضا المباشر,حسب,فَاعَلَ,,,,,CANDIDATE,,L2_017 haiku b25,
AR07882,هَاجَمَ,فعل,711,8967,انتقاد عدواني,هجم,فَاعَلَ,,,,,CANDIDATE,,L2_017 haiku b25,
AR07883,زَجَرَ,فعل,711,8968,منع باللوم,زجر,فَعَلَ,,,,,CANDIDATE,,L2_017 haiku b25,
AR07884,تَأْنِيب,مصدر,711,8969,لوم وتوبيخ,نيب,تَفْعِيلٌ,,,,,CANDIDATE,,L2_017 haiku b25,
AR07885,تَأْدِيب,مصدر,711,10570,حادثة التوبيخ,ءدب,تَفْعِيلٌ,,,,,CANDIDATE,,L2_017 haiku b25,ROOT_NORMALIZED
AR07886,صَرْخَة لَوْم,تركيب,711,13042,توبيخ صاخب قاسٍ,,,,,,,CANDIDATE,,L2_017 haiku b25,
AR07887,هَنَّأَ,فعل,711,17267,التهنئة بالحدث,هنء,فَعَّلَ,,,,,CANDIDATE,,L2_017 haiku b25,ROOT_NORMALIZED
AR07888,انْتَقَدَ بِحِدَّة,تركيب,711,18485,انتقاد حاد,,,,,,,CANDIDATE,,L2_017 haiku b25,
AR07889,مَرْتَبِط,اسم فاعل,720,8989,له علاقة بآخر,ربط,,,,,,CANDIDATE,مَفْتَعِل,L2_017 haiku b25,WAZN_NOT_IN_INV
AR07890,ذَو صِلَة,تركيب,720,8990,متعلق بطريقة ما,,,,,,,CANDIDATE,,L2_017 haiku b25,
AR07891,مُتَّصِل,اسم فاعل,720,8991,مترابط بشكل ما,وصل,مُتَفَعِّلٌ,,,,,CANDIDATE,,L2_017 haiku b25,
AR07892,مُشِير,اسم فاعل,720,11040,يذكر أو يربط,شور,مُفْعِلٌ,,,,,CANDIDATE,,L2_017 haiku b25,
AR07893,عِلاقَة,اسم جامد,720,11722,طريقة الربط,علق,فِعَالَةٌ,,,,,CANDIDATE,,L2_017 haiku b25,
AR07894,تَوَحَّدَ,فعل,720,13273,شعور ذهني مشترك,وحد,تَفَعَّلَ,,,,,CANDIDATE,,L2_017 haiku b25,
AR07895,تَعَلَّقَ,فعل,720,15947,له صلة به,علق,تَفَعَّلَ,,,,,CANDIDATE,,L2_017 haiku b25,
AR07896,صَادَقَ,فعل,723,8998,جعله صديقاً,صدق,فَاعَلَ,,,,,CANDIDATE,,L2_017 haiku b25,
AR07897,غَازَلَ,فعل,723,9008,محاولة كسب الحب,غزل,فَاعَلَ,,,,,CANDIDATE,,L2_017 haiku b25,
AR07898,خِطْبَة,اسم مصدر,723,9015;9039,الوعد بالزواج,خطب,فِعْلَةٌ,,,,,CANDIDATE,,L2_017 haiku b25,
AR07899,خَطَبَ,فعل,723,9023,الوعد بالتزويج,خطب,فَعَلَ,,,,,CANDIDATE,,L2_017 haiku b25,
AR07900,طَلاق,مصدر,723,9024,فسخ الزواج,طلق,فَعَالٍ,,,,,CANDIDATE,,L2_017 haiku b25,
AR07901,طَلَّقَ,فعل,723,9025,فسخ العقد الزوجي,طلق,فَعَّلَ,,,,,CANDIDATE,,L2_017 haiku b25,
AR07902,تَرَكَ,فعل,723,9026,الهجر والمغادرة,ترك,فَعَلَ,,,,,CANDIDATE,,L2_017 haiku b25,
AR07903,زِوَاج,مصدر,723,9027,الاتحاد الرسمي,زوج,فِعَالٌ,,,,,CANDIDATE,,L2_017 haiku b25,
AR07904,تَزَوَّجَ,فعل,723,9028;9033,عقد الزواج,زوج,تَفَعَّلَ,,,,,CANDIDATE,,L2_017 haiku b25,
AR07905,انْضَمَّ,فعل,723,9029,الانضمام بالزواج,ضمم,اِفْتَعَلَ,,,,,CANDIDATE,,L2_017 haiku b25,WAZN_LEMMA_MISMATCH
AR07906,انْفَصَلَ,فعل,723,9030,إنهاء المعاشرة,فصل,اِنْفَعَلَ,,,,,CANDIDATE,,L2_017 haiku b25,
AR07907,اِنْفِصَال,مصدر,723,9031,قطع المعاشرة,فصل,اِنْفِعَالٌ,,,,,CANDIDATE,,L2_017 haiku b25,
AR07908,اِقْتَرَنَ,فعل,723,9032,عقد الزواج الغير رسمي,قرن,اِفْتَعَلَ,,,,,CANDIDATE,,L2_017 haiku b25,
AR07909,عُرْس,اسم جامد,723,9034,حفل الزفاف,عرس,فُعْلٌ,,,,,CANDIDATE,,L2_017 haiku b25,
AR07910,مُصَاهَرَة,مصدر,723,9035,رابطة الزواج,صهر,مُفَاعَلَةٌ,,,,,CANDIDATE,,L2_017 haiku b25,
AR07911,جَوَّدَ,فعل,724,9009,الإعطاء الفائض,جود,فَعَّلَ,,,,,CANDIDATE,,L2_017 haiku b25,
AR07912,بَخِيل,صفة مشبهة,724,9010,لا يعطي كرماً,بخل,فَعِيلٌ,,,,,CANDIDATE,,L2_017 haiku b25,
AR07913,شَحِيح,صفة مشبهة,724,9011,غير راغب بالعطاء,شحح,,,,,,CANDIDATE,فَعِيح,L2_017 haiku b25,WAZN_NOT_IN_INV
AR07914,سَخِيّ,صفة مشبهة,724,9013,العطاء بسخاء,سخو,فَعِيٌّ,,,,,CANDIDATE,,L2_017 haiku b25,
AR07915,أَغْدَقَ,فعل,724,9014,الإعطاء المفرط,غدق,أَفْعَلَ,,,,,CANDIDATE,,L2_017 haiku b25,
AR07916,بُخْل,مصدر,724,9016,صفة الشح,بخل,فُعْلٌ,,,,,CANDIDATE,,L2_017 haiku b25,
AR07917,بَخِيل,اسم جامد,724,9017,من يكنز المال,بخل,فَعِيلٌ,,,,,CANDIDATE,,L2_017 haiku b25,
AR07918,ضَنَّ,فعل,724,9018,عدم الرغبة بالعطاء,ضنن,فَعَّلَ,,,,,CANDIDATE,,L2_017 haiku b25,WAZN_LEMMA_MISMATCH
AR07919,مِسْكِينِيّ,اسم منسوب,724,9019,صفات البخيل,مسكن,مِفْعِيلِيٌّ,,,,,CANDIDATE,,L2_017 haiku b25,
AR07920,شُح,مصدر,724,9020,صفة الشح,شحح,فُعْلٌ,,,,,CANDIDATE,,L2_017 haiku b25,WAZN_LEMMA_MISMATCH
AR07921,مَقِيت,صفة مشبهة,724,9021,غير كريم,قوت,فَعِلٌ,,,,,CANDIDATE,,L2_017 haiku b25,
AR07922,قَاسِي,صفة مشبهة,724,9022,لا يكون كريماً,قسو,فَاعِلٌ,,,,,CANDIDATE,,L2_017 haiku b25,
AR07923,اِنْكَمَشَ,فعل,725,9101;9501,تناقص الحجم,كمش,اِفْتَعَلَ,,,,,CANDIDATE,,L2_017 haiku b25,WAZN_LEMMA_MISMATCH
AR07924,اِنْكِمَاش,مصدر,725,9102,عملية التقلص,كمش,اِفْتِعَالٌ,,,,,CANDIDATE,,L2_017 haiku b25,WAZN_LEMMA_MISMATCH
AR07925,كَبِرَ,فعل,725,9103,الزيادة في الحجم,كبر,فَعِلَ,,,,,CANDIDATE,,L2_017 haiku b25,
AR07926,اِتَّسَعَ,فعل,725,9330;9332,الاتساع والتمدد,وسع,اِفْتَعَلَ,,,,,CANDIDATE,,L2_017 haiku b25,
AR07927,تَكْبِير,مصدر,725,9331,عملية التكبير,كبر,تَفْعِيلٌ,,,,,CANDIDATE,,L2_017 haiku b25,
AR07928,اِمْتَدَّ,فعل,725,9742,الامتداد دون انقطاع,متد,,,,,,CANDIDATE,اِفْتَعَّ,L2_017 haiku b25,WAZN_LEMMA_MISMATCH;WAZN_NOT_IN_INV
AR07929,نَمَا,فعل,725,11175,الزيادة في الحجم,نمو,فَعَلَ,,,,,CANDIDATE,,L2_017 haiku b25,
AR07930,اِسْتَطَالَ,فعل,725,11176,الزيادة طولاً,طول,اِسْتَفْعَلَ,,,,,CANDIDATE,,L2_017 haiku b25,
AR07931,نُمُو,مصدر,725,11177,عملية النمو,نمو,فُعُولٌ,,,,,CANDIDATE,,L2_017 haiku b25,
AR07932,اِنْتَفَخَ,فعل,725,11323,التضخم بالهواء,نفخ,اِنْفَعَلَ,,,,,CANDIDATE,,L2_017 haiku b25,WAZN_LEMMA_MISMATCH
AR07933,تَورَّمَ,فعل,725,12582,التضخم بالسوائل,ورم,تَفَعَّلَ,,,,,CANDIDATE,,L2_017 haiku b25,
AR07934,مُفَجَّ,صفة مشبهة,725,14376,زيادة مفاجئة,فجج,مُفَعَّلٌ,,,,,CANDIDATE,,L2_017 haiku b25,WAZN_LEMMA_MISMATCH
AR07935,اِنْتِشَار,مصدر,725,17453,التمدد بلا فقد,شير,اِنْفِعَالٌ,,,,,CANDIDATE,,L2_017 haiku b25,
AR07936,اِسْتِطَالَة,مصدر,725,18692,تغيير الحجم اتجاهياً,طول,اِسْتِفْعَالَةٌ,,,,,CANDIDATE,,L2_017 haiku b25,
AR07937,صَالِح,صفة مشبهة,726,9110,ملائم للغرض,صلح,فَاعِلٌ,,,,,CANDIDATE,,L2_017 haiku b25,
AR07938,فَاعِل,صفة مشبهة,726,9194,ينتج المقصود,فعل,فَاعِلٌ,,,,,CANDIDATE,,L2_017 haiku b25,
AR07939,مُتَفَوِّق,اسم فاعل,726,9273,خصائص متميزة,فوق,مُتَفَعِّلٌ,,,,,CANDIDATE,,L2_017 haiku b25,
AR07940,بَارِز,اسم فاعل,726,9276,خصائص استثنائية,برز,فَاعِلٌ,,,,,CANDIDATE,,L2_017 haiku b25,
AR07941,عَظِيم,صفة مشبهة,726,9277,فعالية عظيمة,عظم,فَعِيلٌ,,,,,CANDIDATE,,L2_017 haiku b25,
AR07942,كَامِل,صفة مشبهة,726,9278,جميع الخصائص اللازمة,كمل,فَاعِلٌ,,,,,CANDIDATE,,L2_017 haiku b25,
AR07943,رَائِع,اسم فاعل,726,9279,خصائص عظيمة,روع,فَاعِلٌ,,,,,CANDIDATE,,L2_017 haiku b25,
AR07944,رَاقِي,اسم فاعل,726,9280,جودة عليا,رقا,فَاعِلٌ,,,,,CANDIDATE,,L2_017 haiku b25,ROOT_ALIF
AR07945,هَائِل,اسم فاعل,726,9281,خصائص كبيرة جداً,هول,فَاعِلٌ,,,,,CANDIDATE,,L2_017 haiku b25,
AR07946,بَرَّاع,صيغة مبالغة,726,9282,براعة في الاستخدام,برع,فَعَّالٌ,,,,,CANDIDATE,,L2_017 haiku b25,
AR07947,أَدْهَش,اسم فاعل,726,9283,خصائص مثيرة,دهش,,,,,,CANDIDATE,أَفْعَلَ,L2_017 haiku b25,WAZN_NOT_IN_INV
AR07948,مُفِيد,اسم فاعل,726,9286,خصائص مفيدة,فيد,مُفْعِلٌ,,,,,CANDIDATE,,L2_017 haiku b25,
AR07949,نَافِع,اسم فاعل,726,11624,قابل الاستخدام,نفع,فَاعِلٌ,,,,,CANDIDATE,,L2_017 haiku b25,
AR07950,نَفْع,مصدر,726,11625,حالة الفائدة,نفع,فَعْلٌ,,,,,CANDIDATE,,L2_017 haiku b25,
AR07951,قِيمَة,اسم جامد,726,13424,قيمة الفائدة,قيم,فِعَالَةٌ,,,,,CANDIDATE,,L2_017 haiku b25,
AR07952,ثَمِين,صفة مشبهة,726,13426,مهم جداً,ثمن,فَعِيلٌ,,,,,CANDIDATE,,L2_017 haiku b25,
AR07953,تَام,صفة مشبهة,726,13827,موافق تماماً,تمم,فَاعِلٌ,,,,,CANDIDATE,,L2_017 haiku b25,WAZN_LEMMA_MISMATCH
AR07954,مِثَالِيّ,اسم منسوب,726,13835,الأنسب والأكمل,مثل,,,,,,CANDIDATE,مِفَالِيّ,L2_017 haiku b25,WAZN_LEMMA_MISMATCH;WAZN_NOT_IN_INV
AR07955,أَدَّى,فعل,726,14629,تنفيذ المهمة,ءدي,أَفْعَلَ,,,,,CANDIDATE,,L2_017 haiku b25,ROOT_NORMALIZED
AR07956,قَوِيّ,صفة مشبهة,726,17041,فعالية استثنائية,قوي,فَعِيٌّ,,,,,CANDIDATE,,L2_017 haiku b25,
AR07957,تَجَمَّعَ,فعل,730,9139;15641;17536;17537,تَجَمَّعَ جماعةٌ لتكوين مجموعة,جمع,تَفَعَّلَ,,,,,CANDIDATE,,L2_017 haiku b26,
AR07958,تَكَتَّلَ,فعل,730,9140,اجتمع الناسُ بهويّة مشتركة,كتل,تَفَعَّلَ,,,,,CANDIDATE,,L2_017 haiku b26,
AR07959,تَقَارَبَ,فعل,730,9141,تَقَارَبَت الأشياءُ من بعضها,قرب,تَفَاعَلَ,,,,,CANDIDATE,,L2_017 haiku b26,
AR07960,اجتمع,فعل,730,9143,اجتمعت المجموعةُ في مكان,جمع,اِفْتَعَلَ,,,,,CANDIDATE,,L2_017 haiku b26,UNVOCALIZED
AR07961,احتشد,فعل,730,9153,احتشدَ الناسُ في أعداد كبيرة,شهد,اِفْتَعَلَ,,,,,CANDIDATE,,L2_017 haiku b26,UNVOCALIZED;WAZN_LEMMA_MISMATCH
AR07962,التقى,فعل,730,11780,التقى الشخصان معاً في مكان,لقي,اِفْتَعَلَ,,,,,CANDIDATE,,L2_017 haiku b26,UNVOCALIZED
AR07963,تَكَاثَرَ,فعل,730,15718,تَكَاثَرَ الناسُ بأعداد كبيرة,ثور,تَفَاعَلَ,,,,,CANDIDATE,,L2_017 haiku b26,
AR07964,تَشَكَّلَ,فعل,730,17230,تَشَكَّلَت المجموعةُ بتكوين محدّد,شكل,تَفَعَّلَ,,,,,CANDIDATE,,L2_017 haiku b26,
AR07965,أَطْبَقَ,فعل,731,9144,أَطْبَقَ المتحدّثُ على شفتيه,طبق,أَفْعَلَ,,,,,CANDIDATE,,L2_017 haiku b26 | metaphor,
AR07966,كَتَمَ,فعل,731,9145,كَتَمَ المتحدّثُ لسانَه عن الكلام,كتم,فَعَلَ,,,,,CANDIDATE,,L2_017 haiku b26,
AR07967,سَكَتَ,فعل,731,9146;9151;9152;18376,سَكَتَ المتحدّثُ عن الكلام,سكت,فَعَلَ,,,,,CANDIDATE,,L2_017 haiku b26,
AR07968,أُسْكِتَ,فعل,731,9147,أُسْكِتَ المتحدّثُ بالقَهْر,سكت,أُفْعِلَ,,,,,CANDIDATE,,L2_017 haiku b26 | passive,
AR07969,هَدَّأَ,فعل,731,9148;9149;11923,هَدَّأَ الشخصُ الضجيجَ,هدء,فَعَّلَ,,,,,CANDIDATE,,L2_017 haiku b26,ROOT_NORMALIZED
AR07970,أَسْكَتَ,فعل,731,9150;11341,أَسْكَتَ الشخصُ الآخرين,سكت,أَفْعَلَ,,,,,CANDIDATE,,L2_017 haiku b26 | interjection in English,
AR07971,اسْكُتْ,حرف,731,11343,استُعملت للطلب من الآخرين السكوتَ,,,,,,,CANDIDATE,,L2_017 haiku b26 | interjection,
AR07972,خَفَّضَ,فعل,731,11924,خَفَّضَ الشخصُ صوتَه,خفض,فَعَّلَ,,,,,CANDIDATE,,L2_017 haiku b26,
AR07973,سُكُوت,اسم جامد,731,15354,السكوتُ حالةٌ من عدم الكلام,سكت,فُعُولٌ,,,,,CANDIDATE,,L2_017 haiku b26 | noun,
AR07974,أَغْلَقَ,فعل,731,17337,أَغْلَقَ الشخصُ على شفتيه (metaphor),غلق,أَفْعَلَ,,,,,CANDIDATE,,L2_017 haiku b26,
AR07975,أَخْبَرَ,فعل,750,9177,أَخْبَرَ المتكلّمُ المخاطَبَ بالرسالة,خبر,أَفْعَلَ,,,,,CANDIDATE,,L2_017 haiku b26,
AR07976,أَطْلَعَ,فعل,750,9178,أَطْلَعَ المتكلّمُ المخاطَبَ على الحقائق,طلع,أَفْعَلَ,,,,,CANDIDATE,,L2_017 haiku b26,
AR07977,نَصَحَ,فعل,750,9179,نَصَحَ المتكلّمُ المخاطَبَ,نصح,فَعَلَ,,,,,CANDIDATE,,L2_017 haiku b26,
AR07978,أَعْلَمَ,فعل,750,9180;18759,أَعْلَمَ المتكلّمُ المخاطَبَ بخبرٍ,علم,أَفْعَلَ,,,,,CANDIDATE,,L2_017 haiku b26,
AR07979,ضَمِنَ,فعل,750,9181,ضَمِنَ المتكلّمُ برسالة موثوقة,ضمن,فَعِلَ,,,,,CANDIDATE,,L2_017 haiku b26,
AR07980,اوْدَعَ,فعل,750,9182,أَوْدَعَ المتكلّمُ الآخرَ السرّ,ودع,أَفْعَلَ,,,,,CANDIDATE,,L2_017 haiku b26,
AR07981,أَخْطَرَ,فعل,750,9183,أَخْطَرَ المتكلّمُ المخاطَبَ رسمياً,خطر,أَفْعَلَ,,,,,CANDIDATE,,L2_017 haiku b26 | formal,
AR07982,إِخْطَار,مصدر,750,9184,الإخطارُ تبليغٌ رسمي,خطر,إِفْعَالٌ,,,,,CANDIDATE,,L2_017 haiku b26 | noun,
AR07983,ضِمَان,مصدر,750,9185,الضمانُ تأكيدٌ إيجابي,ضمن,فِعَالٌ,,,,,CANDIDATE,,L2_017 haiku b26 | noun,
AR07984,حَدَّثَ,فعل,750,16502,حَدَّثَ المتكلّمُ بملخّص,حدث,فَعَّلَ,,,,,CANDIDATE,,L2_017 haiku b26,
AR07985,ثَنَى,فعل,770,9361,ثَنَى الشخصُ جسدَه عند الخصر,ثني,فَعَلَ,,,,,CANDIDATE,,L2_017 haiku b26,
AR07986,اِنْحَنَى,فعل,770,9363;9402;9722,اِنْحَنَى الشخصُ للأمام,حنو,اِنْفَعَلَ,,,,,CANDIDATE,,L2_017 haiku b26,
AR07987,وَقَفَ,فعل,770,9364,وَقَفَ الشخصُ منتصباً على قدميه,وقف,فَعَلَ,,,,,CANDIDATE,,L2_017 haiku b26,
AR07988,نَهَضَ,فعل,770,9366;9723,نَهَضَ الشخصُ واقفاً من الجلوس,نهض,فَعَلَ,,,,,CANDIDATE,,L2_017 haiku b26,
AR07989,رَكَعَ,فعل,770,9367;9368;9411,رَكَعَ الشخصُ على ركبتيه,ركع,فَعَلَ,,,,,CANDIDATE,,L2_017 haiku b26,
AR07990,اِضْطَجَعَ,فعل,770,9369,اِضْطَجَعَ الشخصُ على السطح,ضجع,اِفْتَعَلَ,,,,,CANDIDATE,,L2_017 haiku b26,WAZN_LEMMA_MISMATCH
AR07991,اِسْتَلْقَى,فعل,770,9370,اِسْتَلْقَى الشخصُ أفقياً,لقي,اِسْتَفْعَلَ,,,,,CANDIDATE,,L2_017 haiku b26,
AR07992,جَلَسَ,فعل,770,9380;9381;9382,جَلَسَ الشخصُ معتمداً على مؤخّرته,جلس,فَعَلَ,,,,,CANDIDATE,,L2_017 haiku b26,
AR07993,قَرَفَصَ,فعل,770,9383;9384,قَرَفَصَ الشخصُ منخفضاً,قرفص,فَعَلَ,,,,,CANDIDATE,,L2_017 haiku b26,
AR07994,اِتَّكَأَ,فعل,770,9385,اِتَّكَأَ الشخصُ بزاوية,كوء,اِفْتَعَلَ,,,,,CANDIDATE,,L2_017 haiku b26,ROOT_NORMALIZED
AR07995,تَمَدَّدَ,فعل,770,9386;9387,تَمَدَّدَ الشخصُ بأطرافه,مدد,تَفَعَّلَ,,,,,CANDIDATE,,L2_017 haiku b26,
AR07996,اِحْتَوَى,فعل,770,9390;9400,اِحْتَوَى الشخصُ جسدَه برباط,حوي,اِفْتَعَلَ,,,,,CANDIDATE,,L2_017 haiku b26,
AR07997,اِلْتَفّ,فعل,770,9401,اِلْتَفّ الشخصُ في مساحة صغيرة,لفف,اِفْتَعَلَ,,,,,CANDIDATE,,L2_017 haiku b26,WAZN_LEMMA_MISMATCH
AR07998,اِسْتَرْخَى,فعل,770,9404,اِسْتَرْخَى الشخصُ بكسل,رخو,اِسْتَفْعَلَ,,,,,CANDIDATE,,L2_017 haiku b26,
AR07999,هَوَى,فعل,770,12860,هَوَى الشخصُ نحو الأرض,هوي,فَعَلَ,,,,,CANDIDATE,,L2_017 haiku b26,ROOT_NORMALIZED
AR08000,دَمْج,اسم جامد,790,9291,الدمجُ توحيدُ شيئين,دمج,فَعْلٌ,,,,,CANDIDATE,,L2_017 haiku b26 | noun,
AR08001,دَمَجَ,فعل,790,9490,دَمَجَ الشيئانِ ليكوّنا كلاً,دمج,فَعَلَ,,,,,CANDIDATE,,L2_017 haiku b26,
AR08002,مَزَجَ,فعل,790,9500,مَزَجَ الشيءُ مع آخرَ,مزج,فَعَلَ,,,,,CANDIDATE,,L2_017 haiku b26,
AR08003,جَمَعَ,فعل,790,9507,جَمَعَ الأشياءُ في مركّب,جمع,فَعَلَ,,,,,CANDIDATE,,L2_017 haiku b26,
AR08004,امْتَزَجَ,فعل,790,9508;9550,امْتَزَجَ الشيءُ مع الآخر,مزج,اِفْتَعَلَ,,,,,CANDIDATE,,L2_017 haiku b26,
AR08005,انْصَهَرَ,فعل,790,9511,انْصَهَرَ الشيآنِ معاً,صهر,اِنْفَعَلَ,,,,,CANDIDATE,,L2_017 haiku b26,
AR08006,انْدَمَجَ,فعل,790,9720,انْدَمَجَت الأشياءُ معاً,دمج,اِنْفَعَلَ,,,,,CANDIDATE,,L2_017 haiku b26,
AR08007,اِنْدَمَجَ,فعل,790,9721,اِنْدَمَجَ في الكل,دمج,اِنْفَعَلَ,,,,,CANDIDATE,,L2_017 haiku b26,
AR08008,وَحَّدَ,فعل,790,9724,وَحَّدَت الأشياءُ في كيان واحد,وحد,فَعَّلَ,,,,,CANDIDATE,,L2_017 haiku b26,
AR08009,اِتَّحَدَ,فعل,790,9725,اِتَّحَدَت الأشياءُ لتصير كلاً,حدو,اِفْتَعَلَ,,,,,CANDIDATE,,L2_017 haiku b26,
AR08010,اِجْتَمَعَ,فعل,790,11860,اِجْتَمَعَ الناسُ بغرضٍ,جمع,اِفْتَعَلَ,,,,,CANDIDATE,,L2_017 haiku b26,
AR08011,التقى,فعل,790,14178,التقت الأشياءُ لتشكيل كل,لقي,اِفْتَعَلَ,,,,,CANDIDATE,,L2_017 haiku b26,UNVOCALIZED
AR08012,مِزْج,اسم جامد,790,16914,المزجُ خليطٌ من جزئي,مزج,فِعْلٌ,,,,,CANDIDATE,,L2_017 haiku b26 | noun,
AR08013,اِلْتَحَمَ,فعل,790,17577,اِلْتَحَمَت الأجزاءُ في كتلة,حمم,اِفْتَعَلَ,,,,,CANDIDATE,,L2_017 haiku b26,WAZN_LEMMA_MISMATCH
AR08014,توَحَّدَ,فعل,790,17578,توَحَّدَت الأجزاءُ في وحدة,وحد,تَفَعَّلَ,,,,,CANDIDATE,,L2_017 haiku b26,
AR08015,تَوَاصَلَ,فعل,790,17579,تَوَاصَلَت الأشياءُ,وصل,تَفَاعَلَ,,,,,CANDIDATE,,L2_017 haiku b26,
AR08016,اِلْتَبَسَ,فعل,790,17580,اِلْتَبَسَت الأشياءُ بشكلٍ فوضوي,لبس,اِفْتَعَلَ,,,,,CANDIDATE,,L2_017 haiku b26,
AR08017,اِمْتَزَجَ,فعل,790,17581,اِمْتَزَجَت الأشياءُ في وحدة,مزج,اِفْتَعَلَ,,,,,CANDIDATE,,L2_017 haiku b26,
AR08018,يَقِظ,صفة مشبهة,791,9726,اليقظُ منتبهٌ وسريعُ الاستجابة,يقظ,فَاعِلٌ,,,,,CANDIDATE,,L2_017 haiku b26 | adjective,
AR08019,اِنْتَبَهَ,فعل,791,9727,اِنْتَبَهَ المُدرِكُ إلى الشيء,نبه,اِفْتَعَلَ,,,,,CANDIDATE,,L2_017 haiku b26,
AR08020,اِنْتِبَاه,اسم جامد,791,9728,الانتباهُ قدرةٌ عقليّة,نبه,اِفْتِعَالٌ,,,,,CANDIDATE,,L2_017 haiku b26 | noun,
AR08021,منتبِه,صفة مشبهة,791,9729,المنتبهُ يصغي بحرص,نبه,مُفْتَعِلٌ,,,,,CANDIDATE,,L2_017 haiku b26 | adjective,
AR08022,بحِرْص,تركيب,791,14370,بحِرْصٍ كامل على الانتباه,,,,,,,CANDIDATE,,L2_017 haiku b26 | adverbial,
AR08023,دَقِيق,صفة مشبهة,791,14371,الدقيقُ ملحوظٌ بحرصٍ,دقق,فَعِيلٌ,,,,,CANDIDATE,,L2_017 haiku b26 | adjective,
AR08024,راقَبَ,فعل,791,16491,راقَبَ الشخصُ بحرص,رقب,فَاعَلَ,,,,,CANDIDATE,,L2_017 haiku b26 | idiom,
AR08025,تَجَاهَلَ,فعل,791,17369,تَجَاهَلَ المُدرِكُ عن قصد,جهل,تَفَاعَلَ,,,,,CANDIDATE,,L2_017 haiku b26,
AR08026,حَدَّدَ,فعل,792,11226,حَدَّدَ موضعَ الكيان بدقّة,حدد,فَعَّلَ,,,,,CANDIDATE,,L2_017 haiku b26,
AR08027,وَجَدَ,فعل,792,11227,وَجَدَ الكيانَ بالبحث,وجد,فَعَلَ,,,,,CANDIDATE,,L2_017 haiku b26,
AR08028,وُلِدَ,فعل,793,9790,وُلِدَ الطفلُ في الزمان والمكان,ولد,,,,,,CANDIDATE,فُعِلَ,L2_017 haiku b26 | passive,WAZN_NOT_IN_INV
AR08029,مَولُود,صفة مشبهة,793,9791,المولودُ متحقّقٌ من الولادة,ولد,مَفْعُولٌ,,,,,CANDIDATE,,L2_017 haiku b26 | adjective,
AR08030,عَبَسَ,فعل,794,9733;9737,عَبَسَ الشخصُ وجهَه بعدم رضا,عبس,فَعَلَ,,,,,CANDIDATE,,L2_017 haiku b26,
AR08031,احْتَوَى,فعل,794,9734,احْتَوَى الشخصُ وجهَه تعبيراً,حوي,اِفْتَعَلَ,,,,,CANDIDATE,,L2_017 haiku b26,
AR08032,اِبْتَسَمَ,فعل,794,9735;9738;9739,اِبْتَسَمَ الشخصُ بعرض أسنانه,بسم,اِفْتَعَلَ,,,,,CANDIDATE,,L2_017 haiku b26,
AR08033,انْتَفَخَ,فعل,794,9736,انْتَفَخَت الشفةُ السفلى,نفخ,اِنْفَعَلَ,,,,,CANDIDATE,,L2_017 haiku b26,WAZN_LEMMA_MISMATCH
AR08034,وَصَفَ,فعل,796,9800;9803,وَصَفَ الشخصُ الطابعَ المميّزَ,وصف,فَعَلَ,,,,,CANDIDATE,,L2_017 haiku b26,
AR08035,رَسَمَ,فعل,796,9801;9805;13585,رَسَمَ الشخصُ تصويراً,رسم,فَعَلَ,,,,,CANDIDATE,,L2_017 haiku b26,
AR08036,تَصْوِير,مصدر,796,9802,التصويرُ تمثيلٌ بصري,صور,تَفْعِيلٌ,,,,,CANDIDATE,,L2_017 haiku b26 | noun,
AR08037,وَصْف,اسم جامد,796,9804,الوصفُ حسابٌ كلاميّ,وصف,فَعْلٌ,,,,,CANDIDATE,,L2_017 haiku b26 | noun,
AR08038,مَثَّلَ,فعل,796,9806;15077,مَثَّلَ الشيءَ بطريقة,مثل,فَعَّلَ,,,,,CANDIDATE,,L2_017 haiku b26,
AR08039,تَمْثِيل,مصدر,796,9807,التمثيلُ تصويرٌ,مثل,تَفْعِيلٌ,,,,,CANDIDATE,,L2_017 haiku b26 | noun,
AR08040,حَدَّدَ,فعل,796,9808,حَدَّدَ معنى الشيء بدقّة,حدد,فَعَّلَ,,,,,CANDIDATE,,L2_017 haiku b26,
AR08041,تَعْرِيف,مصدر,796,9810,التعريفُ بيانٌ رسميّ,عرف,تَفْعِيلٌ,,,,,CANDIDATE,,L2_017 haiku b26 | noun,
AR08042,أَعَادَ,فعل,796,9812,أَعَادَ التعريفَ,عود,أَفْعَلَ,,,,,CANDIDATE,,L2_017 haiku b26,
AR08043,إِعَادَة,مصدر,796,9813,إِعَادةُ التعريفِ,عود,إِفْعَالَةٌ,,,,,CANDIDATE,,L2_017 haiku b26 | noun,
AR08044,تَوْصِيف,مصدر,796,9814,التوصيفُ تمييزٌ,وصف,تَفْعِيلٌ,,,,,CANDIDATE,,L2_017 haiku b26 | noun,
AR08045,عَامَلَ,فعل,796,9815,عَامَلَ الشيءَ بطريقة,عمل,فَاعَلَ,,,,,CANDIDATE,,L2_017 haiku b26,
AR08046,ادّعى,فعل,796,17322,ادّعى أنّ الشيءَ من فئة,دعي,اِفْتَعَلَ,,,,,CANDIDATE,,L2_017 haiku b26,
AR08047,بَرَّدَ,فعل,797,9818;9822,بَرَّدَ الشيءَ,برد,فَعَّلَ,,,,,CANDIDATE,,L2_017 haiku b26,
AR08048,بَرَدَ,فعل,797,9820;11190,بَرَدَ الشيءُ درجةً,برد,فَعَلَ,,,,,CANDIDATE,,L2_017 haiku b26,
AR08049,سَخُنَ,فعل,797,9821,سَخُنَ الشيءُ,سخن,فَعُلَ,,,,,CANDIDATE,,L2_017 haiku b26,
AR08050,أَعَادَ,فعل,797,9823,أَعَادَ تسخينَ الشيء,عود,أَفْعَلَ,,,,,CANDIDATE,,L2_017 haiku b26,
AR08051,دَفِئَ,فعل,797,9824,دَفِئَ الشيءُ,دفء,فَعِلَ,,,,,CANDIDATE,,L2_017 haiku b26,ROOT_NORMALIZED
AR08052,فَوْز,اسم جامد,798,9827,الفوزُ نصرٌ,فوز,فَعْلٌ,,,,,CANDIDATE,,L2_017 haiku b26 | noun,
AR08053,مُنْتَصِر,اسم فاعل,798,9829;9836,المنتصرُ الذي فازَ,نصر,مُفْتَعِلٌ,,,,,CANDIDATE,,L2_017 haiku b26 | adjective,
AR08054,فَائِز,اسم فاعل,798,9830,الفائزُ الذي يَفوزُ,فوز,فَاعِلٌ,,,,,CANDIDATE,,L2_017 haiku b26 | noun,
AR08055,نَصْر,اسم جامد,798,9831,النصرُ انتصارٌ على العدوّ,نصر,فَعْلٌ,,,,,CANDIDATE,,L2_017 haiku b26 | noun,
AR08056,خَسِرَ,فعل,798,9832,خَسِرَ الشخصُ المسابقة,خسر,فَعِلَ,,,,,CANDIDATE,,L2_017 haiku b26,
AR08057,خَسَارَة,مصدر,798,9833,الخسارةُ هزيمةٌ,خسر,فَعَالَةٌ,,,,,CANDIDATE,,L2_017 haiku b26 | noun,
AR08058,تَعَادَلَ,فعل,798,9834,تَعَادَلَ المنافسانِ,عدل,تَفَاعَلَ,,,,,CANDIDATE,,L2_017 haiku b26,
AR08059,تَعَادُل,اسم جامد,798,9835;11186,التعادلُ نتيجةٌ متساويةٌ,عدل,تَفَاعُلٌ,,,,,CANDIDATE,,L2_017 haiku b26 | noun,
AR08060,احْتَلّ,فعل,798,15237,احْتَلّ الثالثةَ في السباق,حلل,اِفْتَعَلَ,,,,,CANDIDATE,,L2_017 haiku b26,WAZN_LEMMA_MISMATCH
AR08061,فَازَ,فعل,798,15569,فَازَ الشخصُ بالمسابقة,فوز,,,,,,CANDIDATE,فَاعَ,L2_017 haiku b26,WAZN_NOT_IN_INV
AR08062,أَلْقَى,فعل,798,16495,أَلْقَى اليدَ في البوكر,لقي,أَفْعَلَ,,,,,CANDIDATE,,L2_017 haiku b26 | idiom,
AR08063,أَصْدَرَ,فعل,801,9440;17575,أَصْدَرَ صوتاً عالياً,صدر,أَفْعَلَ,,,,,CANDIDATE,,L2_017 haiku b26,
AR08064,نَفَخَ,فعل,801,9442;13494,نَفَخَ مُصدِرُ الصوت,نفخ,فَعَلَ,,,,,CANDIDATE,,L2_017 haiku b26,
AR08065,رَنّ,فعل,801,9454;9542;10885,رَنّ صوتٌ معدنيّ,رنن,,,,,,CANDIDATE,فَعَّ,L2_017 haiku b26,WAZN_NOT_IN_INV
AR08066,صَرّ,فعل,801,9466,صَرّ صوتاً عالياً,صرر,,,,,,CANDIDATE,فَعَّ,L2_017 haiku b26,WAZN_NOT_IN_INV
AR08067,صَفَرَ,فعل,801,9512,صَفَرَ الشيءُ,صفر,فَعَلَ,,,,,CANDIDATE,,L2_017 haiku b26,
AR08068,عَزَفَ,فعل,801,10143,عَزَفَ الآلةَ,عزف,فَعَلَ,,,,,CANDIDATE,,L2_017 haiku b26,
AR08069,رَاغِم,اسم فاعل,801,10311,الراغمُ يُطلقُ الرنين,رغم,فَاعِلٌ,,,,,CANDIDATE,,L2_017 haiku b26 | noun,
AR08070,نَعَقَ,فعل,801,13493,نَعَقَ الناعقُ,نعق,فَعَلَ,,,,,CANDIDATE,,L2_017 haiku b26,
AR08071,صَفِرَ,فعل,801,17573,صَفِرَ صوتاً,صفر,فَعِلَ,,,,,CANDIDATE,,L2_017 haiku b26,
AR08072,اصْطَدَمَ,فعل,801,17574,اصْطَدَمَ الشيآنِ,صدم,اِفْتَعَلَ,,,,,CANDIDATE,,L2_017 haiku b26,WAZN_LEMMA_MISMATCH
AR08073,نَبّ,فعل,801,17576,نَبّ صوتاً قصيراً,نبب,,,,,,CANDIDATE,فَعَّ,L2_017 haiku b26,WAZN_NOT_IN_INV
AR08074,أَطْلَقَ,فعل,801,17585,أَطْلَقَ صوتاً عظيماً,طلق,أَفْعَلَ,,,,,CANDIDATE,,L2_017 haiku b26,
AR08075,رَذَاذ,اسم جامد,810,11235,الرذاذُ كميّةٌ قليلةٌ,رذذ,فَعَالٍ,,,,,CANDIDATE,,L2_017 haiku b26 | noun,
AR08076,لَقْمَة,اسم جامد,810,11236,اللقمةُ ما يُقْطَعُ بالعض,لقم,فَعْلَةٌ,,,,,CANDIDATE,,L2_017 haiku b26 | noun,
AR08077,قَبْضَة,اسم جامد,810,11238,القبضةُ كميّةٌ تُقْبَضُ,قبض,فَعْلَةٌ,,,,,CANDIDATE,,L2_017 haiku b26 | noun,
AR08078,حَكّ,فعل,820,9504;9567;9573;9750,حَكّ صوتاً مزعجاً,حكك,,,,,,CANDIDATE,فَعَّ,L2_017 haiku b26,WAZN_NOT_IN_INV
AR08079,صَرَخَ,فعل,820,9566;9570,صَرَخَ احتكاكاً,صرخ,فَعَلَ,,,,,CANDIDATE,,L2_017 haiku b26,
AR08080,طَقْطَقَ,فعل,830,9600,طَقْطَقَ صوتُ القلي,طقق,فَعْلَلَ,,,,,CANDIDATE,,L2_017 haiku b26,WAZN_LEMMA_MISMATCH
AR08081,قَلَى,فعل,830,9783;17552,قَلَى الشيءُ في دهن,قلي,فَعَلَ,,,,,CANDIDATE,,L2_017 haiku b26,
AR08082,خَبَزَ,فعل,830,9784,خَبَزَ في الفرن,خبز,فَعَلَ,,,,,CANDIDATE,,L2_017 haiku b26,
AR08083,طَهَى,فعل,830,9785;9786;9787;17554,طَهَى ببطء في سائل,طهي,فَعَلَ,,,,,CANDIDATE,,L2_017 haiku b26,
AR08084,غَلَى,فعل,830,9788,غَلَى في سائل,غلي,فَعَلَ,,,,,CANDIDATE,,L2_017 haiku b26,
AR08085,احْتَرَقَ,فعل,830,11847;17543,احْتَرَقَ السطحُ,حرق,اِفْتَعَلَ,,,,,CANDIDATE,,L2_017 haiku b26,
AR08086,شَوَى,فعل,830,11848;17538;17541;17546;17550,شَوَى بحرارة شديدة,شوي,فَعَلَ,,,,,CANDIDATE,,L2_017 haiku b26,
AR08087,تَفَحَّمَ,فعل,830,11849,تَفَحَّمَ من اللهيب,فحم,تَفَعَّلَ,,,,,CANDIDATE,,L2_017 haiku b26,
AR08088,سَلَقَ,فعل,830,17539;17548;17549,سَلَقَ بماء مغلي قصيراً,سلق,فَعَلَ,,,,,CANDIDATE,,L2_017 haiku b26,
AR08089,حَنَّسَ,فعل,830,17540,حَنَّسَ بطهي سريع ثم بطيء,حنس,فَعَّلَ,,,,,CANDIDATE,,L2_017 haiku b26,
AR08090,احْمَرّ,فعل,830,17542,احْمَرّ من الطهي,حمر,اِفْتَعَلَ,,,,,CANDIDATE,,L2_017 haiku b26,WAZN_LEMMA_MISMATCH
AR08091,طُبِخَ,فعل,830,17544,طُبِخَ في ماء دون غليان,طبخ,,,,,,CANDIDATE,فُعِلَ,L2_017 haiku b26 | passive,WAZN_NOT_IN_INV
AR08092,غَطَسَ,فعل,830,17545,غَطَسَ في الدهن المغليّ,غطس,فَعَلَ,,,,,CANDIDATE,,L2_017 haiku b26,
AR08093,حَمّص,فعل,830,17556,حَمّصَ بتعريض للحرارة,حمص,فَعَّلَ,,,,,CANDIDATE,,L2_017 haiku b26,
AR08094,ارْتَدّ,فعل,860,9620,ارْتَدّ الصوتُ صدى,ردد,اِفْتَعَلَ,,,,,CANDIDATE,,L2_017 haiku b26,WAZN_LEMMA_MISMATCH
AR08095,تَرَدّدَ,فعل,860,9621,تَرَدّدَ الصوتُ بعدَ توقّفه,ردد,تَفَعَّلَ,,,,,CANDIDATE,,L2_017 haiku b26,
AR08096,رَنّ,فعل,860,9622,رَنّ صوتٌ جهوري,رنن,,,,,,CANDIDATE,فَعَّ,L2_017 haiku b26,WAZN_NOT_IN_INV
AR08097,تَدَحْرَجَ,فعل,860,9623,تَدَحْرَجَ الصوتُ بعمق,درج,تَفَعْلَلَ,,,,,CANDIDATE,,L2_017 haiku b26,WAZN_LEMMA_MISMATCH
AR08098,انْتَشَرَ,فعل,860,9718,انْتَشَرَ الصوتُ الجهوري,نشر,اِنْفَعَلَ,,,,,CANDIDATE,,L2_017 haiku b26,WAZN_LEMMA_MISMATCH
AR08099,قَيْد,مبني,880,9912,قيدُ التشغيل,,,,,,,CANDIDATE,,L2_017 haiku b26 | preposition,
AR08100,عَن,مبني,880,11109,عن التشغيل,,,,,,,CANDIDATE,,L2_017 haiku b26 | preposition,
AR08101,عَمِلَ,فعل,880,14070,عَمِلَت الآلةُ,عمل,فَعِلَ,,,,,CANDIDATE,,L2_017 haiku b26,
AR08102,تَشْغِيل,اسم جامد,880,14073,التشغيلُ في الاستخدام,شغل,تَفْعِيلٌ,,,,,CANDIDATE,,L2_017 haiku b26 | adjective,
AR08103,اِعْتَمَدَ,فعل,900,9947;10128;10571,اِعْتَمَدَ على المحدِّد,عمد,اِفْتَعَلَ,,,,,CANDIDATE,,L2_017 haiku b26,
AR08104,دَالّ,صفة مشبهة,900,9948,الدالّ متغيّرٌ متعلّقٌ,دول,فَاعِلٌ,,,,,CANDIDATE,,L2_017 haiku b26 | noun,
AR08105,تَابِع,صفة مشبهة,900,9949,التابعُ مرتهنٌ بغيره,تبع,فَاعِلٌ,,,,,CANDIDATE,,L2_017 haiku b26 | adjective,
AR08106,اِعْتِمَاد,مصدر,900,10129,الاعتمادُ الارتهانُ,عمد,اِفْتِعَالٌ,,,,,CANDIDATE,,L2_017 haiku b26 | noun,
AR08107,تَعَلّقَ,فعل,900,10163;11770,تَعَلّقَ بالمحدِّد,علق,تَفَعَّلَ,,,,,CANDIDATE,,L2_017 haiku b26,
AR08108,تَسَبَّبَ,فعل,900,10795,تَسَبَّبَ بنتيجة محددة,سبب,تَفَعَّلَ,,,,,CANDIDATE,,L2_017 haiku b26,
AR08109,مُسْتَقِلّ,اسم فاعل,900,11156,المستقلّ غيرُ تابع,قل,مُسْتَفْعِلٌ,,,,,CANDIDATE,,L2_017 haiku b26 | adjective,ROOT_LEN
AR08110,اِسْتِقْلَال,مصدر,900,11157,الاستقلالُ حريّةٌ,قل,اِسْتِفْعَالٌ,,,,,CANDIDATE,,L2_017 haiku b26 | noun,ROOT_LEN
AR08111,عَامِل,اسم فاعل,900,14311,العاملُ مؤثّرٌ,عمل,فَاعِلٌ,,,,,CANDIDATE,,L2_017 haiku b26 | noun,
AR08112,مُتَغَيِّر,صفة مشبهة,900,14312,المتغيّرُ غيرُ ثابت,غير,مُتَفَعِّلٌ,,,,,CANDIDATE,,L2_017 haiku b26 | noun,
AR08113,أَمَرَ,فعل,900,16963,أَمَرَ بحدوث نتيجة,ءمر,أَفْعَلَ,,,,,CANDIDATE,,L2_017 haiku b26,ROOT_NORMALIZED
AR08114,اِعْتَمَدَ,فعل,901,9940;10002;10005,اِعْتَمَدَ بثقةٍ كاملة,عمد,اِفْتَعَلَ,,,,,CANDIDATE,,L2_017 haiku b26,
AR08115,اِعْتِمَاد,مصدر,901,10006;12618,الاعتمادُ توكّلٌ,عمد,اِفْتِعَالٌ,,,,,CANDIDATE,,L2_017 haiku b26 | noun,
AR08116,تَبَعِيّة,صفة مشبهة,901,12619,التبعيّةُ حالةٌ,تبع,فَاعِلَةٌ,,,,,CANDIDATE,,L2_017 haiku b26 | noun,
AR08117,اِعْتَمَدَ,فعل,902,9942;10004,اِعْتَمَدَ على التوقّع,عمد,اِفْتَعَلَ,,,,,CANDIDATE,,L2_017 haiku b26,
AR08118,تَحَدَّثَ,فعل,910,9950;9979;11137,تَحَدَّثَ بود وبساطة,حدث,تَفَعَّلَ,,,,,CANDIDATE,,L2_017 haiku b26,
AR08119,نُكْتَة,اسم جامد,910,9965,النكتةُ كلامٌ فكاهيّ,نكت,فُعْلَةٌ,,,,,CANDIDATE,,L2_017 haiku b26 | noun,
AR08120,إِسْتِهْزَاء,مصدر,910,9966,الاستهزاءُ مُرَاشقةٌ بِالْفِكَاهَة,هزء,,,,,,CANDIDATE,إِفْتِعَال,L2_017 haiku b26 | noun,ROOT_NORMALIZED;WAZN_NOT_IN_INV
AR08121,حِوَار,اسم جامد,910,9967,الحوارُ محادثةٌ,حور,فِعَالٌ,,,,,CANDIDATE,,L2_017 haiku b26 | noun,
AR08122,ثَرْثَرَة,اسم جامد,910,9968,الثرثرةُ حديثٌ تافهٌ,ثرثر,فَعْلَلَةٌ,,,,,CANDIDATE,,L2_017 haiku b26 | noun,
AR08123,مُجَالَسَة,مصدر,910,9969,المجالسةُ محادثةٌ رسميّة,جلس,مُفَاعَلَةٌ,,,,,CANDIDATE,,L2_017 haiku b26 | noun,
AR08124,تَحَاوَرَ,فعل,910,9972;9974,تَحَاوَرَ مع الآخر,حور,تَفَاعَلَ,,,,,CANDIDATE,,L2_017 haiku b26,
AR08125,تَكَلَّمَ,فعل,910,9978;9983;11138,تَكَلَّمَ بشيء,كلم,تَفَعَّلَ,,,,,CANDIDATE,,L2_017 haiku b26,
AR08126,مَزَحَ,فعل,910,9980,مَزَحَ لإضحاك الآخرين,مزح,فَعَلَ,,,,,CANDIDATE,,L2_017 haiku b26,
AR08127,نَمِيمَة,اسم جامد,910,9981,النميمةُ كلامٌ غيرُ موثوق,نمم,فَعِيلَةٌ,,,,,CANDIDATE,,L2_017 haiku b26 | noun,
AR08128,نَمّ,فعل,910,9982,نَمّ بأخبار الآخرين,نمم,,,,,,CANDIDATE,فَعَّ,L2_017 haiku b26,WAZN_NOT_IN_INV
AR08129,رَشَّ,فعل,920,9960;9963,يُسَبِّب العامل في رَش قطرات المائع على السطح,رشش,فَعَّلَ,,,,,CANDIDATE,,L2_017 haiku b27,WAZN_LEMMA_MISMATCH
AR08130,تَناثَرَ,فعل,920,9961,يُسَبِّب العامل في تناثر المائع بشكل فوضوي,نثر,تَفَاعَلَ,,,,,CANDIDATE,,L2_017 haiku b27,
AR08131,شَطَفَ,فعل,920,9962,يُسَبِّب العامل في سقوط قطرات المائع على سطح,شطف,فَعَلَ,,,,,CANDIDATE,,L2_017 haiku b27,
AR08132,ضَخَّ,فعل,920,9964;9973,يُسَبِّب العامل في ضخ المائع برفاق رقيق,ضخخ,فَعَّلَ,,,,,CANDIDATE,,L2_017 haiku b27,WAZN_LEMMA_MISMATCH
AR08133,قَطَّرَ,فعل,920,11119,يُسَبِّب العامل في قطر المائع على شكل نقاط,قطر,فَعَّلَ,,,,,CANDIDATE,,L2_017 haiku b27,
AR08134,ذَرَّ,فعل,920,12042,يُسَبِّب العامل في ذر المائع على السطح,ذرر,فَعَّلَ,,,,,CANDIDATE,,L2_017 haiku b27,WAZN_LEMMA_MISMATCH
AR08135,سَكَبَ,فعل,920,17525;17527,يُسَبِّب العامل في سكب المائع ببطء,سكب,فَعَلَ,,,,,CANDIDATE,,L2_017 haiku b27,
AR08136,فَاضَ,فعل,920,17526,يُسَبِّب العامل في فيض أو انبثاق المائع,فيض,,,,,,CANDIDATE,فَاعَ,L2_017 haiku b27,WAZN_NOT_IN_INV
AR08137,رَتَّبَ,فعل,921,9975,يضع العامل الموضوع في ترتيب نظيف,رتب,فَعَّلَ,,,,,CANDIDATE,,L2_017 haiku b27,
AR08138,تَرْتِيب,مصدر,921,9976,عملية وضع الموضوع في ترتيب منظم,رتب,تَفْعِيلٌ,,,,,CANDIDATE,,L2_017 haiku b27,
AR08139,صَفَّ,فعل,921,9977,يعرض العامل الموضوع على نحو منظم,صفف,فَعَّلَ,,,,,CANDIDATE,,L2_017 haiku b27,WAZN_LEMMA_MISMATCH
AR08140,نَشَرَ,فعل,921,11743,ينقل العامل الموضوع إلى موضع محدد,نشر,فَعَلَ,,,,,CANDIDATE,,L2_017 haiku b27,
AR08141,نَشْر,مصدر,921,11744,عملية نقل الموضوع لتحضير إجراء,نشر,فَعْلٌ,,,,,CANDIDATE,,L2_017 haiku b27,
AR08142,نَسَّقَ,فعل,921,11863,يصيغ العامل الموضوع وفق صيغة معينة,نسق,فَعَّلَ,,,,,CANDIDATE,,L2_017 haiku b27,
AR08143,هَيَّأَ,فعل,921,13337,يعد العامل الموضوع بترتيب وتنظيم,هيء,فَعَّلَ,,,,,CANDIDATE,,L2_017 haiku b27,ROOT_NORMALIZED
AR08144,نَظَّمَ,فعل,921,15170,يرتب العامل الموضوع على نحو منهجي,نظم,فَعَّلَ,,,,,CANDIDATE,,L2_017 haiku b27,
AR08145,عَدَّلَ,فعل,921,15319,يضبط العامل المحاذاة على حافتي النص,عدل,فَعَّلَ,,,,,CANDIDATE,,L2_017 haiku b27,
AR08146,قَانُون,اسم جامد,950,10020,قاعدة معترف بها من الدولة تنظم سلوك,,,,,,,CANDIDATE,,L2_017 haiku b27 | دخيل,ROOT_MISSING;WAZN_MISSING
AR08147,مَجَلّة,اسم جامد,950,10021,مجموعة منظمة من القوانين,جلل,مَفْعَلَةٌ,,,,,CANDIDATE,,L2_017 haiku b27,WAZN_LEMMA_MISMATCH
AR08148,نِظَام,اسم جامد,950,10023;14028;16881,إجراء رسمي ينظم شؤون الدول,نظم,فِعَالٌ,,,,,CANDIDATE,,L2_017 haiku b27,
AR08149,مَرْسُوم,اسم مفعول,950,11222,نص تشريعي من البرلمان,رسم,مَفْعُولٌ,,,,,CANDIDATE,,L2_017 haiku b27,
AR08150,تَشْرِيع,مصدر,950,13056,قانون مكتوب أصدرته سلطة,شرع,تَفْعِيلٌ,,,,,CANDIDATE,,L2_017 haiku b27,
AR08151,لَائِحَة,اسم جامد,950,13755,قاعدة من سلطة معينة,لوح,فَاعِلَةٌ,,,,,CANDIDATE,,L2_017 haiku b27,
AR08152,سِيَاسَة,اسم جامد,950,14353,مسار عمل تعتمده مؤسسة,سيس,,,,,,CANDIDATE,فِيَاسَة,L2_017 haiku b27,WAZN_NOT_IN_INV
AR08153,مَوْجُود,اسم مفعول,960,10024,يكون الموضوع موجوداً في موضع,وجد,مَفْعُولٌ,,,,,CANDIDATE,,L2_017 haiku b27,
AR08154,كَائِن,اسم فاعل,960,10025,يكون الموضوع كائناً في موضع,كون,فَاعِلٌ,,,,,CANDIDATE,,L2_017 haiku b27,
AR08155,اسْتَقَرَّ,فعل,960,10026,يستقر الموضوع في موضع,قرر,اِسْتَفْعَلَ,,,,,CANDIDATE,,L2_017 haiku b27,WAZN_LEMMA_MISMATCH
AR08156,وَقَفَ,فعل,960,10027,يقف الموضوع في موضع معين,وقف,فَعَلَ,,,,,CANDIDATE,,L2_017 haiku b27,
AR08157,جَلَسَ,فعل,960,14174,يجلس الموضوع في موضع معين,جلس,فَعَلَ,,,,,CANDIDATE,,L2_017 haiku b27,
AR08158,مَكَان,اسم جامد,960,16531,الموضع الذي يتواجد فيه الفرد,مكن,فَعَالٍ,,,,,CANDIDATE,,L2_017 haiku b27,
AR08159,وَجَدَ,فعل,960,16621,يوجد الموضوع أو يحتل موضعاً,وجد,فَعَلَ,,,,,CANDIDATE,,L2_017 haiku b27,
AR08160,مَارَسَ,فعل,962,10029,يؤدي العامل النشاط بشكل متكرر,مرس,فَاعَلَ,,,,,CANDIDATE,,L2_017 haiku b27,
AR08161,جَلْسَة,اسم جامد,962,10030,جلسة يمارس فيها العامل,جلس,فَعْلَةٌ,,,,,CANDIDATE,,L2_017 haiku b27,
AR08162,مُمَارَسَة,مصدر,962,10031,عملية ممارسة النشاط,مرس,مُفَاعَلَةٌ,,,,,CANDIDATE,,L2_017 haiku b27,
AR08163,تَمَرَّنَ,فعل,962,10032,يتمرن العامل على العرض,مرن,تَفَعَّلَ,,,,,CANDIDATE,,L2_017 haiku b27,
AR08164,تَمْرِين,مصدر,962,10033;10034;10548;11717,عرض تجريبي للعمل,مرن,تَفْعِيلٌ,,,,,CANDIDATE,,L2_017 haiku b27,
AR08165,مَرَّ,فعل,962,10035,يمر العامل على أجزاء الأداء,مرر,فَعَّلَ,,,,,CANDIDATE,,L2_017 haiku b27,WAZN_LEMMA_MISMATCH
AR08166,مُراجَعَة,مصدر,962,10036,مراجعة أجزاء الأداء,رجع,مُفَاعَلَةٌ,,,,,CANDIDATE,,L2_017 haiku b27,
AR08167,تَدْرِيب,مصدر,962,13341,تعليم عبر تمارين,درب,تَفْعِيلٌ,,,,,CANDIDATE,,L2_017 haiku b27,
AR08168,مُقَلَّد,اسم مفعول,962,13444,محاكاة أو تقليد,قلد,مُفَعَّلٌ,,,,,CANDIDATE,,L2_017 haiku b27,
AR08169,طَوِيل,صفة,965,15526,يملك الكيان مسافة تتجاوز الطول,طول,فَعِيلٌ,,,,,CANDIDATE,,L2_017 haiku b27,POS_NOT_CLOSED
AR08170,عَمِيق,صفة,965,15536,يملك الكيان خاصية التمدد البعيد,عمق,فَعِيلٌ,,,,,CANDIDATE,,L2_017 haiku b27,POS_NOT_CLOSED
AR08171,عَالِي,صفة,965,15537,يملك الكيان ارتفاعاً كبيراً,عله,فَاعِلٌ,,,,,CANDIDATE,,L2_017 haiku b27,POS_NOT_CLOSED;WAZN_LEMMA_MISMATCH
AR08172,فَارِع,صفة,965,15538,يملك الكيان ارتفاعاً خاصة,فرع,فَاعِلٌ,,,,,CANDIDATE,,L2_017 haiku b27,POS_NOT_CLOSED
AR08173,سَمِيك,صفة,965,15539,يملك الكيان سمكاً كبيراً,سمك,فَعِيلٌ,,,,,CANDIDATE,,L2_017 haiku b27,POS_NOT_CLOSED
AR08174,ثَقِيل,صفة,965,15783,يملك الكيان وزناً كبيراً,ثقل,فَعِيلٌ,,,,,CANDIDATE,,L2_017 haiku b27,POS_NOT_CLOSED
AR08175,غَلِيظ,صفة,965,15785,يملك الكيان محيطاً كبيراً,غلظ,فَعِيلٌ,,,,,CANDIDATE,,L2_017 haiku b27,POS_NOT_CLOSED
AR08176,مُنْخَفِض,اسم مفعول,965,17257,يملك الكيان ارتفاعاً أقل,خفض,مُنْفَعِلٌ,,,,,CANDIDATE,,L2_017 haiku b27,
AR08177,عَرِيض,صفة,965,17336,يملك الكيان عرضاً كبيراً,عرض,فَعِيلٌ,,,,,CANDIDATE,,L2_017 haiku b27,POS_NOT_CLOSED
AR08178,رَقِيق,صفة,965,18488,يملك الكيان سمكاً صغيراً,رقق,فَعِيلٌ,,,,,CANDIDATE,,L2_017 haiku b27,POS_NOT_CLOSED
AR08179,خَفِيف,صفة,965,18489,يملك الكيان وزناً قليلاً,خفف,فَعِيلٌ,,,,,CANDIDATE,,L2_017 haiku b27,POS_NOT_CLOSED
AR08180,ضَيِّق,صفة,965,18490,يملك الكيان عرضاً صغيراً,ضيق,فَعِيلٌ,,,,,CANDIDATE,,L2_017 haiku b27,POS_NOT_CLOSED
AR08181,قَصِير,صفة,965,18491,يملك الكيان طولاً قليلاً,قصر,فَعِيلٌ,,,,,CANDIDATE,,L2_017 haiku b27,POS_NOT_CLOSED
AR08182,سَرِيع,صفة,966,10038;16094,يتحرك الكيان بسرعة عالية,سرع,فَعِيلٌ,,,,,CANDIDATE,,L2_017 haiku b27,POS_NOT_CLOSED
AR08183,خَاطِف,صفة,966,10039,يتحرك الكيان بسرعة فائقة,خطف,فَاعِلٌ,,,,,CANDIDATE,,L2_017 haiku b27,POS_NOT_CLOSED
AR08184,مُسْرِع,اسم فاعل,966,10040,يتحرك الكيان بسرعة,سرع,مُفْعِلٌ,,,,,CANDIDATE,,L2_017 haiku b27,
AR08185,سُرْعَة,اسم جامد,966,10041,معدل حركة الكيان,سرع,فُعْلَةٌ,,,,,CANDIDATE,,L2_017 haiku b27,
AR08186,مُرْعِب,اسم فاعل,966,11978,يتحرك الكيان بسرعة مخيفة,رعب,مُفْعِلٌ,,,,,CANDIDATE,,L2_017 haiku b27,
AR08187,مُعَدَّل,اسم مفعول,966,13290,معدل سرعة الكيان,عدل,مُفَعَّلٌ,,,,,CANDIDATE,,L2_017 haiku b27,
AR08188,وَتِيرَة,اسم جامد,966,13291,سرعة الحركة أو التطور,وتر,فَاعِلَةٌ,,,,,CANDIDATE,,L2_017 haiku b27,
AR08189,سَرِيعاً,ظرف,966,14975,بسرعة وبشكل حثيث,سرع,,,,,,CANDIDATE,فَعِيلاً,L2_017 haiku b27,WAZN_NOT_IN_INV
AR08190,بِسُرْعَة,ظرف,966,14976,بطريقة سريعة,سرع,فُعْلَةٌ,,,,,CANDIDATE,,L2_017 haiku b27,WAZN_LEMMA_MISMATCH
AR08191,نَشِيط,صفة,966,16042,يتحرك الكيان بنشاط,نشط,فَعِيلٌ,,,,,CANDIDATE,,L2_017 haiku b27,POS_NOT_CLOSED
AR08192,اسْتَغْرَقَ,فعل,967,10042,يتطلب النشاط مدة زمنية,غرق,اِسْتَفْعَلَ,,,,,CANDIDATE,,L2_017 haiku b27,
AR08193,في,حرف,967,10043,حرف جر يعبر عن المدة,,,,,,,CANDIDATE,,L2_017 haiku b27 | حرف جر,UNVOCALIZED
AR08194,سَرِيع,صفة,967,10044;10046;11201,يتم النشاط بسرعة,سرع,فَعِيلٌ,,,,,CANDIDATE,,L2_017 haiku b27,POS_NOT_CLOSED
AR08195,قَصِير,صفة,967,10045,يستغرق النشاط مدة قصيرة,قصر,فَعِيلٌ,,,,,CANDIDATE,,L2_017 haiku b27,POS_NOT_CLOSED
AR08196,خَاطِف,صفة,967,10047,يحدث النشاط بسرعة,خطف,فَاعِلٌ,,,,,CANDIDATE,,L2_017 haiku b27,POS_NOT_CLOSED
AR08197,بَطِيئاً,ظرف,967,14618,يتم النشاط ببطء,بطء,,,,,,CANDIDATE,فَعِيلاً,L2_017 haiku b27,ROOT_NORMALIZED;WAZN_NOT_IN_INV
AR08198,بَطِيء,صفة,967,14665,يستغرق النشاط وقتاً طويلاً,بطء,فَعِيلٌ,,,,,CANDIDATE,,L2_017 haiku b27,POS_NOT_CLOSED;ROOT_NORMALIZED
AR08199,تَدْرِيجِياً,ظرف,967,15113,يحدث النشاط ببطء,درج,,,,,,CANDIDATE,تَفْعِيلِياً,L2_017 haiku b27,WAZN_NOT_IN_INV
AR08200,سَرِيعاً,ظرف,967,17636,يتم النشاط بسرعة,سرع,,,,,,CANDIDATE,فَعِيلاً,L2_017 haiku b27,WAZN_NOT_IN_INV
AR08201,ذِرَاع,اسم جامد,970,10062,شيء يشبه الذراع,ذرع,فِعَالٌ,,,,,CANDIDATE,,L2_017 haiku b27,
AR08202,فَم,اسم جامد,970,10063,فتحة أو مدخل,فمم,,,,,,CANDIDATE,فَم,L2_017 haiku b27,WAZN_NOT_IN_INV
AR08203,رِجْل,اسم جامد,970,11221,دعم طويل رفيع,رجل,فِعْلٌ,,,,,CANDIDATE,,L2_017 haiku b27,
AR08204,قِشْرَة,اسم جامد,970,11224,طبقة خارجية صلبة,قشر,فِعْلَةٌ,,,,,CANDIDATE,,L2_017 haiku b27,
AR08205,حَافَّة,اسم جامد,970,11225,حافة أو إطار,حفف,فَاعِلَةٌ,,,,,CANDIDATE,,L2_017 haiku b27,WAZN_LEMMA_MISMATCH
AR08206,مِقْبَض,اسم جامد,970,11325,جزء يُمْسَك به,قبض,مِفْعَلٌ,,,,,CANDIDATE,,L2_017 haiku b27,
AR08207,مُوقِد,اسم جامد,971,10064,مكان لإشعال النار,وقد,مُفْعِلٌ,,,,,CANDIDATE,,L2_017 haiku b27,
AR08208,أَرْضِيَّة,اسم جامد,971,10065,السطح السفلي للغرفة,ءرض,فَعْلِيَّةٌ,,,,,CANDIDATE,,L2_017 haiku b27,ROOT_NORMALIZED
AR08209,سَقْف,اسم جامد,971,10066;10068,السطح العلوي للغرفة,سقف,فَعْلٌ,,,,,CANDIDATE,,L2_017 haiku b27,
AR08210,رَف,اسم جامد,971,10067,هيكل حول الموقد,رفف,فَعْلٌ,,,,,CANDIDATE,,L2_017 haiku b27,WAZN_LEMMA_MISMATCH
AR08211,درابزين,اسم جامد,971,10069,شريط مثبت على دعامات,,,,,,,CANDIDATE,,L2_017 haiku b27 | دخيل,ROOT_MISSING;UNVOCALIZED;WAZN_MISSING
AR08212,جِدَار,اسم جامد,971,10070,جانب من المبنى,جدر,فِعَالٌ,,,,,CANDIDATE,,L2_017 haiku b27,
AR08213,سطح,اسم جامد,971,11103,سطح مستوٍ في المطبخ,سطح,فَعْلٌ,,,,,CANDIDATE,,L2_017 haiku b27,UNVOCALIZED
AR08214,وَاجِهَة,اسم جامد,971,11104,وجه المبنى الرئيسي,وجه,فَاعِلَةٌ,,,,,CANDIDATE,,L2_017 haiku b27,
AR08215,أَسَاس,اسم جامد,971,14986,القاعدة التي يُبْنَى عليها,ءسس,فَعَالٍ,,,,,CANDIDATE,,L2_017 haiku b27,ROOT_NORMALIZED
AR08216,دَرَج,اسم جامد,971,15943,درج بين الطوابق,درج,فَعَلٌ,,,,,CANDIDATE,,L2_017 haiku b27,
AR08217,استراحة,اسم جامد,971,15944,قسم من الأرضية,رحح,اِسْتِفْعَالٌ,,,,,CANDIDATE,,L2_017 haiku b27,UNVOCALIZED;WAZN_LEMMA_MISMATCH
AR08218,نَافِذَة,اسم جامد,971,16095,فتحة في جدار بإطار,نفذ,فَاعِلَةٌ,,,,,CANDIDATE,,L2_017 haiku b27,
AR08219,عَتِيق,صفة,972,10071,يكون الكيان قد وُجِد مدة طويلة,عتق,فَعِيلٌ,,,,,CANDIDATE,,L2_017 haiku b27,POS_NOT_CLOSED
AR08220,قَدِيم,صفة,972,10072,يكون الكيان قديماً جداً,قدم,فَعِيلٌ,,,,,CANDIDATE,,L2_017 haiku b27,POS_NOT_CLOSED
AR08221,شَابّ,صفة,972,10073,يكون الكيان حديث الوجود,شيب,فَاعِلٌ,,,,,CANDIDATE,,L2_017 haiku b27,POS_NOT_CLOSED
AR08222,نَاشِئ,صفة,972,10074,يكون الكيان صغيراً نسبياً,نشء,فَاعِلٌ,,,,,CANDIDATE,,L2_017 haiku b27,POS_NOT_CLOSED;ROOT_NORMALIZED
AR08223,عَجُوز,صفة,972,10075,يكون الكيان كبيراً في السن,عجز,فَعُولٌ,,,,,CANDIDATE,,L2_017 haiku b27,POS_NOT_CLOSED
AR08224,عُمْر,اسم جامد,972,11300,المدة الزمنية للوجود,عمر,فُعْلٌ,,,,,CANDIDATE,,L2_017 haiku b27,
AR08225,جَدِيد,صفة,972,12563,يكون الكيان لم يكن موجوداً,جدد,فَعِيلٌ,,,,,CANDIDATE,,L2_017 haiku b27,POS_NOT_CLOSED
AR08226,طَازَج,صفة,972,13763,يكون الكيان لم يُسْتَخْدَم,طزج,فَاعِلٌ,,,,,CANDIDATE,,L2_017 haiku b27,POS_NOT_CLOSED
AR08227,من,حرف,972,15928,حرف جر يشير إلى العمر,,,,,,,CANDIDATE,,L2_017 haiku b27 | حرف جر,UNVOCALIZED
AR08228,نَضْج,اسم جامد,972,16023,العمر الذي يبلغ النمو,نضج,فَعْلٌ,,,,,CANDIDATE,,L2_017 haiku b27,
AR08229,نَاضِج,صفة,972,16073,يكون الشخص تجاوز المراهقة,نضج,فَاعِلٌ,,,,,CANDIDATE,,L2_017 haiku b27,POS_NOT_CLOSED
AR08230,مُسِنّ,صفة,972,17634,يكون الشخص كبيراً في السن,سنن,مُفْعِلٌ,,,,,CANDIDATE,,L2_017 haiku b27,POS_NOT_CLOSED;WAZN_LEMMA_MISMATCH
AR08231,عَجُوز,اسم جامد,973,10076;10077,رجل عجوز,عجز,فَعُولٌ,,,,,CANDIDATE,,L2_017 haiku b27,
AR08232,فَتِيّ,اسم جامد,973,10078;10840,شخص شاب,فتي,فَعِيلٌ,,,,,CANDIDATE,,L2_017 haiku b27,
AR08233,مُراهِق,اسم جامد,973,10079;10086,ولد أو فتاة في سن المراهقة,رهق,مُفَاعِلٌ,,,,,CANDIDATE,,L2_017 haiku b27,
AR08234,بالغ,اسم جامد,973,10080,شخص نما بالكامل,بلغ,فَاعِلٌ,,,,,CANDIDATE,,L2_017 haiku b27,UNVOCALIZED
AR08235,رَضِيع,اسم جامد,973,10081;10084,طفل وُلِد حديثاً,رضع,فَعِيلٌ,,,,,CANDIDATE,,L2_017 haiku b27,
AR08236,وَلَد,اسم جامد,973,10082,طفل ذكر,ولد,فَعْلٌ,,,,,CANDIDATE,,L2_017 haiku b27,
AR08237,طِفْل,اسم جامد,973,10083,إنسان صغير,طفل,فِعْلٌ,,,,,CANDIDATE,,L2_017 haiku b27,
AR08238,مَوْلُود,اسم جامد,973,10085;14716,طفل مولود حديثاً,ولد,مَفْعُولٌ,,,,,CANDIDATE,,L2_017 haiku b27,
AR08239,صَبِيّ,اسم جامد,973,10087,طفل أو شخص صغير,صبي,فَعِيلٌ,,,,,CANDIDATE,,L2_017 haiku b27,
AR08240,شَابّ,اسم جامد,973,10088,رجل شاب,شيب,فَاعِلٌ,,,,,CANDIDATE,,L2_017 haiku b27,
AR08241,مُسِنّ,اسم جامد,973,14533,الأشخاص القدامى,سنن,مُفْعِلٌ,,,,,CANDIDATE,,L2_017 haiku b27,WAZN_LEMMA_MISMATCH
AR08242,مَكْسِيكِيّ,اسم منسوب,974,10089,شخص من المكسيك,,,,,,,CANDIDATE,,L2_017 haiku b27 | نسبة,ROOT_MISSING;WAZN_MISSING
AR08243,نيويوركي,اسم منسوب,974,10090,شخص من نيويورك,,,,,,,CANDIDATE,,L2_017 haiku b27 | دخيل,ROOT_MISSING;UNVOCALIZED;WAZN_MISSING
AR08244,فَرَنْسِيّ,اسم منسوب,974,10091;10097,رجل من أصل فرنسي,,,,,,,CANDIDATE,,L2_017 haiku b27 | نسبة,ROOT_MISSING;WAZN_MISSING
AR08245,إِنْجِلِيزِيّ,اسم منسوب,974,10092,سكان إنجلترا,,,,,,,CANDIDATE,,L2_017 haiku b27 | نسبة,ROOT_MISSING;WAZN_MISSING
AR08246,أَجْنَبِيّ,صفة,974,10093,شخص من بلد أجنبي,جنب,أَفْعَلِيٌّ,,,,,CANDIDATE,,L2_017 haiku b27,POS_NOT_CLOSED
AR08247,أَمْرِيكِيّ,اسم منسوب,974,10094;10095,شخص أمريكي,,,,,,,CANDIDATE,,L2_017 haiku b27 | نسبة,ROOT_MISSING;WAZN_MISSING
AR08248,فَرَنْسِيَّة,اسم منسوب,974,10096,امرأة فرنسية,,,,,,,CANDIDATE,,L2_017 haiku b27 | نسبة,ROOT_MISSING;WAZN_MISSING
AR08249,أَلْمَانِيّ,اسم منسوب,974,10098;14019,شخص ألماني,,,,,,,CANDIDATE,,L2_017 haiku b27 | لفظ مسيء في الإنجليزية,ROOT_MISSING;WAZN_MISSING
AR08250,بِرِيطَانِيّ,اسم منسوب,974,10396,شخص بريطاني,,,,,,,CANDIDATE,,L2_017 haiku b27 | نسبة,ROOT_MISSING;WAZN_MISSING
AR08251,دِنْفَرِيّ,اسم منسوب,974,10545,شخص من دنفر,,,,,,,CANDIDATE,,L2_017 haiku b27 | نسبة,ROOT_MISSING;WAZN_MISSING
AR08252,شِيكَاغِوِيّ,اسم منسوب,974,10546,شخص من شيكاغو,,,,,,,CANDIDATE,,L2_017 haiku b27 | نسبة,ROOT_MISSING;WAZN_MISSING
AR08253,كَالِيفُورْنِيّ,اسم منسوب,974,10547,شخص من كاليفورنيا,,,,,,,CANDIDATE,,L2_017 haiku b27 | نسبة,ROOT_MISSING;WAZN_MISSING
AR08254,إِيرَانِيّ,اسم منسوب,974,13744,شخص إيراني,,,,,,,CANDIDATE,,L2_017 haiku b27 | نسبة,ROOT_MISSING;WAZN_MISSING
AR08255,إِيرِلَنْدِيّ,اسم منسوب,974,13886,شخص إيرلندي,,,,,,,CANDIDATE,,L2_017 haiku b27 | نسبة,ROOT_MISSING;WAZN_MISSING
AR08256,دُبْلِينِيّ,اسم منسوب,974,13958,شخص من دبلن,,,,,,,CANDIDATE,,L2_017 haiku b27 | نسبة,ROOT_MISSING;WAZN_MISSING
AR08257,فَارِسِيّ,اسم منسوب,974,13987,شخص فارسي,,,,,,,CANDIDATE,,L2_017 haiku b27 | نسبة,ROOT_MISSING;WAZN_MISSING
AR08258,يُونَانِيّ,اسم منسوب,974,14013,شخص يوناني,,,,,,,CANDIDATE,,L2_017 haiku b27 | نسبة,ROOT_MISSING;WAZN_MISSING
AR08259,تُرْكِيّ,اسم منسوب,974,14016,فرد من الشعوب التركمانية,,,,,,,CANDIDATE,,L2_017 haiku b27 | نسبة,ROOT_MISSING;WAZN_MISSING
AR08260,إِيطَالِيّ,اسم منسوب,974,14017,شخص إيطالي,,,,,,,CANDIDATE,,L2_017 haiku b27 | نسبة,ROOT_MISSING;WAZN_MISSING
AR08261,عُثْمَانِيّ,اسم منسوب,974,14018,تركي من الفترة العثمانية,,,,,,,CANDIDATE,,L2_017 haiku b27 | نسبة,ROOT_MISSING;WAZN_MISSING
AR08262,أَصْلِيّ,صفة,974,14315,أمريكي أصلي,ءصل,أَفْعَلِيٌّ,,,,,CANDIDATE,,L2_017 haiku b27,POS_NOT_CLOSED;ROOT_NORMALIZED
AR08263,إِنْجِلِيزِيَّة,اسم منسوب,974,17277,امرأة إنجليزية,,,,,,,CANDIDATE,,L2_017 haiku b27 | نسبة,ROOT_MISSING;WAZN_MISSING
AR08264,فَقَدَ,فعل,978,10101;11130;11133,فقد المشارك السيطرة,فقد,فَعَلَ,,,,,CANDIDATE,,L2_017 haiku b27 | لفظ مسيء,
AR08265,انْفَجَرَ,فعل,978,11131,انفجر المشارك غضباً,فجر,,,,,,CANDIDATE,انْفَعَلَ,L2_017 haiku b27,WAZN_NOT_IN_INV
AR08266,جُنّ,فعل,978,11132,أصبح المشارك مجنوناً,جنن,,,,,,CANDIDATE,فُعِّلَ,L2_017 haiku b27,WAZN_LEMMA_MISMATCH;WAZN_NOT_IN_INV
AR08267,فَزِعَ,فعل,978,11134,تصرف بطريقة غير عقلانية,فزع,فَعِلَ,,,,,CANDIDATE,,L2_017 haiku b27,
AR08268,فَهِمَ,فعل,979,10102;10103;10104;10106;13540,فهم المُدرِك الفكرة,فهم,فَعِلَ,,,,,CANDIDATE,,L2_017 haiku b27,
AR08269,فَهْم,مصدر,979,10105,فهم الشخص للظاهرة,فهم,فَعْلٌ,,,,,CANDIDATE,,L2_017 haiku b27,
AR08270,أَدْرَكَ,فعل,979,10107;11977,أدرك المُدرِك الظاهرة,درك,أَفْعَلَ,,,,,CANDIDATE,,L2_017 haiku b27,
AR08271,غَامِض,صفة,979,10161;10171,يكون الشيء غامضاً,غمض,فَاعِلٌ,,,,,CANDIDATE,,L2_017 haiku b27,POS_NOT_CLOSED
AR08272,مَفْهُوم,صفة,979,10162;10170;10542,يكون الشيء قابلاً للفهم,فهم,مَفْعُولٌ,,,,,CANDIDATE,,L2_017 haiku b27,POS_NOT_CLOSED
AR08273,تَابَعَ,فعل,979,17283,فهم المُدرِك الموقف,تبع,فَاعَلَ,,,,,CANDIDATE,,L2_017 haiku b27,
AR08274,فَن,اسم جامد,981,10110,نشاط له مكون جمالي,فنن,فَعْلٌ,,,,,CANDIDATE,,L2_017 haiku b27,WAZN_LEMMA_MISMATCH
AR08275,حِرْفَة,اسم جامد,981,10111,نشاط يتطلب مهارة يدوية,حرف,فِعْلَةٌ,,,,,CANDIDATE,,L2_017 haiku b27,
AR08276,عِلْم,اسم جامد,981,10112,نشاط معقد يتطلب اهتماماً,علم,فِعْلٌ,,,,,CANDIDATE,,L2_017 haiku b27,
AR08277,مُتَفَرِّد,صفة,982,10130,يكون الشيء غريباً فريداً,فرد,مُتَفَعِّلٌ,,,,,CANDIDATE,,L2_017 haiku b27,POS_NOT_CLOSED
AR08278,خَاصّ,صفة,982,10131;10135,يكون الشيء مختصاً,خصص,فَاعِلٌ,,,,,CANDIDATE,,L2_017 haiku b27,POS_NOT_CLOSED;WAZN_LEMMA_MISMATCH
AR08279,خَصْوصِيَّة,اسم جامد,982,10132,ميزة غير عادية,خصص,فَعْوَلِيَّةٌ,,,,,CANDIDATE,,L2_017 haiku b27,
AR08280,فَرِيد,صفة,982,10133,يكون الشيء منفرداً,فرد,فَعِيلٌ,,,,,CANDIDATE,,L2_017 haiku b27,POS_NOT_CLOSED
AR08281,خِصْلَة,اسم جامد,982,10134,سلوك غريب مختص,خصل,فِعْلَةٌ,,,,,CANDIDATE,,L2_017 haiku b27,
AR08282,مُعَيَّن,صفة,982,12683,يكون الشيء محدداً معيناً,عين,مُفَعَّلٌ,,,,,CANDIDATE,,L2_017 haiku b27,POS_NOT_CLOSED
AR08283,غَرَابَة,مصدر,982,13311,جودة كون الشيء غريباً,غرب,فَعَالَةٌ,,,,,CANDIDATE,,L2_017 haiku b27,
AR08284,غَرِيب,صفة,982,13312,يكون الشيء غريباً جداً,غرب,فَعِيلٌ,,,,,CANDIDATE,,L2_017 haiku b27,POS_NOT_CLOSED
AR08285,غَامِض,صفة,982,13313,يكون الشيء غريباً مرعباً,غمض,فَاعِلٌ,,,,,CANDIDATE,,L2_017 haiku b27,POS_NOT_CLOSED
AR08286,قَادِر,صفة,990,10154;10157,يستوفي الكيان الشروط,قدر,فَاعِلٌ,,,,,CANDIDATE,,L2_017 haiku b27,POS_NOT_CLOSED
AR08287,عَاجِز,صفة,990,10155;18430;18524,لا يستطيع الكيان,عجز,فَاعِلٌ,,,,,CANDIDATE,,L2_017 haiku b27,POS_NOT_CLOSED
AR08288,اسْتَطَاعَ,فعل,990,10156,استطاع الكيان,طيع,اِسْتَفْعَلَ,,,,,CANDIDATE,,L2_017 haiku b27,
AR08289,قُدْرَة,اسم جامد,990,10158;10702;11453,القدرة لفعل شيء,قدر,فُعْلَةٌ,,,,,CANDIDATE,,L2_017 haiku b27,
AR08290,إِمْكَانِيَّة,اسم جامد,990,10678,شيء يمكن أن ينمو,,,,,,,CANDIDATE,,L2_017 haiku b27,ROOT_MISSING;WAZN_MISSING
AR08291,قَابِل,صفة,990,14723,يكون الشيء قابلاً للنمو,قبل,فَاعِلٌ,,,,,CANDIDATE,,L2_017 haiku b27,POS_NOT_CLOSED
AR08292,قُوَّة,اسم جامد,990,16161;16163,القدرة على الأفعال,قوو,فُعْلَةٌ,,,,,CANDIDATE,,L2_017 haiku b27,
AR08293,عَجْز,مصدر,990,18515;18523;18525,افتقار الكيان للقوة,عجز,فَعْلٌ,,,,,CANDIDATE,,L2_017 haiku b27,
AR08294,قَوِيّ,صفة,990,18526,يمتلك الكيان قدرة,قوي,فَعِيلٌ,,,,,CANDIDATE,,L2_017 haiku b27,POS_NOT_CLOSED
AR08295,بَاقِي,اسم جامد,1000,10172,الجزء لم يُذكَر من قبل,بقي,فَاعِلٌ,,,,,CANDIDATE,,L2_017 haiku b27,
AR08296,تَكْمِيل,مصدر,1000,10173,الشيء الذي يشكل كلاً,كمل,تَفْعِيلٌ,,,,,CANDIDATE,,L2_017 haiku b27,
AR08297,تَكَمَّلَ,فعل,1000,10686,يكمل أو يخدم كمتمم,كمل,تَفَعَّلَ,,,,,CANDIDATE,,L2_017 haiku b27,
AR08298,آخَر,صفة,1001,10174;10175,يكون الشيء منفصلاً,ءخر,فَعِلٌ,,,,,CANDIDATE,,L2_017 haiku b27,POS_NOT_CLOSED;ROOT_NORMALIZED;WAZN_NOT_IN_INV
AR08299,آخَر,اسم جامد,1001,10176;10178,شخص أو شيء مختلف,ءخر,فَعِلٌ,,,,,CANDIDATE,,L2_017 haiku b27,ROOT_NORMALIZED
AR08300,إِضَافِيّ,صفة,1001,10289;10292,يكون الشيء إضافياً,ضيف,إِفْعَالِيٌّ,,,,,CANDIDATE,,L2_017 haiku b27,POS_NOT_CLOSED
AR08301,أَكْثَر,صفة,1001,10290,يكون الشيء إضافياً,كثر,أَفْعَلُ,,,,,CANDIDATE,,L2_017 haiku b27,POS_NOT_CLOSED
AR08302,زِيَادَة,اسم جامد,1001,10291,كمية إضافية,زيد,,,,,,CANDIDATE,فِيَاعَة,L2_017 haiku b27,WAZN_NOT_IN_INV
AR08303,من,حرف,1010,10190;10191,حرف جر يعبر عن العلاقة,,,,,,,CANDIDATE,,L2_017 haiku b27 | حرف جر,UNVOCALIZED
AR08304,ذَكَّرَ,فعل,1012,10192;10197;10365,يدفع المثير للتفكير بسبب التشابه,ذكر,فَعَّلَ,,,,,CANDIDATE,,L2_017 haiku b27,
AR08305,استحضر,فعل,1012,10193;10198;10540,يستحضر المثير الظاهرة,حضر,اِسْتَفْعَلَ,,,,,CANDIDATE,,L2_017 haiku b27,UNVOCALIZED
AR08306,استدعى,فعل,1012,10194;10195,يستدعي المثير ظاهرة,دعو,اِسْتَفْعَلَ,,,,,CANDIDATE,,L2_017 haiku b27,UNVOCALIZED
AR08307,تَذْكِرَة,اسم جامد,1012,10901,شيء يدفع للتذكر,ذكر,تَفْعِلَةٌ,,,,,CANDIDATE,,L2_017 haiku b27,
AR08308,مُثِير,اسم فاعل,1012,13824,يثير صوراً أو مشاعر,ثير,مُفْعِلٌ,,,,,CANDIDATE,,L2_017 haiku b27,
AR08309,استحضار,مصدر,1012,13825,حدث استحضار ظاهرة,حضر,اِسْتِفْعَالٌ,,,,,CANDIDATE,,L2_017 haiku b27,UNVOCALIZED
AR08310,أَوْحَى,فعل,1012,16323,يوحي المثير بصورة,وحي,,,,,,CANDIDATE,أَفْعَى,L2_017 haiku b27,WAZN_NOT_IN_INV
AR08311,جَمِيل,صفة,1016,10206,يكون الكيان ممتعاً حسياً,جمل,فَعِيلٌ,,,,,CANDIDATE,,L2_017 haiku b27,POS_NOT_CLOSED
AR08312,رَائِع,صفة,1016,10207,يكون الكيان جميلاً رفيعاً,روع,فَاعِلٌ,,,,,CANDIDATE,,L2_017 haiku b27,POS_NOT_CLOSED
AR08313,أَنِيق,صفة,1016,11627;13823,يكون الكيان نظيفاً ومرتباً,نيق,أَفْعَلُ,,,,,CANDIDATE,,L2_017 haiku b27,POS_NOT_CLOSED
AR08314,قَبِيح,صفة,1016,11628,يكون الكيان غير ممتع,قبح,فَعِيلٌ,,,,,CANDIDATE,,L2_017 haiku b27,POS_NOT_CLOSED
AR08315,لَذِيذ,صفة,1016,11641,تتمتع الطعام بطعم ممتع,لذذ,فَعِيلٌ,,,,,CANDIDATE,,L2_017 haiku b27,POS_NOT_CLOSED
AR08316,بَهِيج,صفة,1016,15316,يكون الكيان ممتعاً جمالياً,بهج,فَعِيلٌ,,,,,CANDIDATE,,L2_017 haiku b27,POS_NOT_CLOSED
AR08317,وَسِيم,صفة,1016,15929,يكون الشخص جذاباً,وسم,فَعِيلٌ,,,,,CANDIDATE,,L2_017 haiku b27,POS_NOT_CLOSED
AR08318,بَشِع,صفة,1016,17286,يكون الكيان قبيحاً منفِّراً,بشع,فَعِيلٌ,,,,,CANDIDATE,,L2_017 haiku b27,POS_NOT_CLOSED
AR08319,جِيتَار,اسم جامد,1017,10210,آلة موسيقية وترية تُستخدم لإحداث الصوت,,,,,,,CANDIDATE,,L2_017 haiku b28 | دخيل,ROOT_MISSING;WAZN_MISSING
AR08320,جَرَس,اسم جامد,1017,10211;11243,آلة معدنية تُحدِث صوتاً عند قَرْعِها,جرس,فَعَلٌ,,,,,CANDIDATE,,L2_017 haiku b28,
AR08321,صَفَّارَة,اسم جامد,1017,10212,آلة تُصدِر صوتاً عالياً كإنذار أو تحذير,صفر,فَعَّالَةٌ,,,,,CANDIDATE,,L2_017 haiku b28,
AR08322,بِيَانو,اسم جامد,1017,10213,آلة موسيقية ذات لوحة مفاتيح لإحداث الصوت الموسيقي,,,,,,,CANDIDATE,,L2_017 haiku b28 | دخيل,ROOT_MISSING;WAZN_MISSING
AR08323,خَشْخَاشَة,اسم جامد,1017,10214,لُعْبَة طفل تُحدِث صوتاً عند هزّها,خشش,,,,,,CANDIDATE,فَعْخَاشَة,L2_017 haiku b28,WAZN_NOT_IN_INV
AR08324,كِسَار,اسم جامد,1017,10215,آلة موسيقية يُضرَب فيها خشب متدرج,كسر,فِعَالٌ,,,,,CANDIDATE,,L2_017 haiku b28,
AR08325,طَبْل,اسم جامد,1017,10216,آلة إيقاعية توقّاعية تُضرَب لإحداث الصوت,طبل,فَعْلٌ,,,,,CANDIDATE,,L2_017 haiku b28,
AR08326,تِشِيلّو,اسم جامد,1017,10217,آلة موسيقية وترية ذات صوت عميق,,,,,,,CANDIDATE,,L2_017 haiku b28 | دخيل,ROOT_MISSING;WAZN_MISSING
AR08327,سِكْسُفُون,اسم جامد,1017,10218,آلة موسيقية هوائية نحاسية,,,,,,,CANDIDATE,,L2_017 haiku b28 | دخيل,ROOT_MISSING;WAZN_MISSING
AR08328,آمَنَ,فعل,1019,10221,صدَّق بعنصر من عناصر الديانة,ءمن,,,,,,CANDIDATE,آفَعَلَ,L2_017 haiku b28,ROOT_NORMALIZED;WAZN_NOT_IN_INV
AR08329,عَقِيدَة,اسم جامد,1019,18500,معتقد ديني يُؤمَن به,عقد,فَعِيلَةٌ,,,,,CANDIDATE,,L2_017 haiku b28,
AR08330,إيمَان,اسم جامد,1019,18501,تصديق كامل بعقيدة دينية,ءمن,,,,,,CANDIDATE,إفْعَال,L2_017 haiku b28,ROOT_NORMALIZED;WAZN_NOT_IN_INV
AR08331,مُؤمِن,اسم فاعل,1019,18503,من يُصدِّق بالعقيدة الدينية,ءمن,مُفْعِلٌ,,,,,CANDIDATE,,L2_017 haiku b28,ROOT_NORMALIZED
AR08332,مُسْلِم,اسم فاعل,1021,10222,من يتّبع الإسلام,سلم,مُفْعِلٌ,,,,,CANDIDATE,,L2_017 haiku b28,
AR08333,نَصْرَانِيّ,اسم منسوب,1021,10223,من يؤمن بالديانة النصرانية,نصر,فَعْلانِيٌّ,,,,,CANDIDATE,,L2_017 haiku b28,
AR08334,مُؤمِن,اسم فاعل,1021,10224,أتباع ديانة معيّنة,ءمن,مُفْعِلٌ,,,,,CANDIDATE,,L2_017 haiku b28,ROOT_NORMALIZED
AR08335,مَعْمَدَانِيّ,اسم منسوب,1021,11258,من يعتقد بتعميد البالغين فقط,عمد,فَعْلانِيٌّ,,,,,CANDIDATE,,L2_017 haiku b28,WAZN_LEMMA_MISMATCH
AR08336,بُوذِيّ,اسم منسوب,1021,13458,من يؤمن بديانة بوذا,,,,,,,CANDIDATE,,L2_017 haiku b28 | دخيل,ROOT_MISSING;WAZN_MISSING
AR08337,وَثَنِيّ,اسم منسوب,1021,13997,من يدين بدين غير الأديان الكبرى,وثن,فَعَلِيٌّ,,,,,CANDIDATE,,L2_017 haiku b28,
AR08338,مُرمُوني,اسم منسوب,1021,14342,تابع كنيسة يسوع المسيح الحديثة,,,,,,,CANDIDATE,,L2_017 haiku b28 | دخيل,ROOT_MISSING;WAZN_MISSING
AR08339,كَافِر,اسم فاعل,1021,14704,من لا يؤمن بأي ديانة,كفر,فَاعِلٌ,,,,,CANDIDATE,,L2_017 haiku b28,
AR08340,غَيُور,صفة مشبهة,1021,14869,من يتعصب بشدة لدينه,غير,فَعُولٌ,,,,,CANDIDATE,,L2_017 haiku b28,
AR08341,يَهُودِيّ,اسم منسوب,1021,14928,من يتّبع الديانة اليهودية,هود,فَعُولِيٌّ,,,,,CANDIDATE,,L2_017 haiku b28,
AR08342,مُوَاطِن,اسم فاعل,1023,10245,فرد معترف به قانونياً في دولة ما,وطن,مُفَاعِلٌ,,,,,CANDIDATE,,L2_017 haiku b28,
AR08343,رَعَايا,اسم جامد,1023,10246,من يتبع أبرشية كنسية معيّنة,رعي,,,,,,CANDIDATE,فَعَايا,L2_017 haiku b28,WAZN_NOT_IN_INV
AR08344,قَوْمِيّ,اسم منسوب,1023,10248,من ينتمي إلى جنسية دولة ما,قوم,فَعْلِيٌّ,,,,,CANDIDATE,,L2_017 haiku b28,
AR08345,رَعايا,اسم جامد,1023,10249;10252,من يخضع لحكم ملك أو سلطة عليا,رعي,,,,,,CANDIDATE,فَعَايا,L2_017 haiku b28,WAZN_NOT_IN_INV
AR08346,تَوَقَّفَ,فعل,1024,10264,كفّ الموضوع عن الحركة,وقف,تَفَعَّلَ,,,,,CANDIDATE,,L2_017 haiku b28,
AR08347,وَقَفَ,فعل,1024,10265,كفّ الموضوع عن الحركة تماماً,وقف,فَعَلَ,,,,,CANDIDATE,,L2_017 haiku b28,
AR08348,مُتَوَقِّفاً,حال,1024,18384;18385,صار الموضوع في حالة استرخاء,وقف,مُتَفَعِّلٌ,,,,,CANDIDATE,,L2_017 haiku b28,POS_NOT_CLOSED
AR08349,بَاب,اسم جامد,1025,10268,حاجز يُفتح ويُغلق للدخول والخروج,بيب,,,,,,CANDIDATE,فَاع,L2_017 haiku b28,WAZN_NOT_IN_INV
AR08350,مِصْعَد,اسم مفعول,1025,10269,آلة برّاقة لرفع الأشخاص والأشياء,صعد,مِفْعَلٌ,,,,,CANDIDATE,,L2_017 haiku b28,
AR08351,حَافِلَة,اسم جامد,1025,10270,منصة متحركة في بناء لرفع وإنزال الأشخاص,حفل,فَاعِلَةٌ,,,,,CANDIDATE,,L2_017 haiku b28,
AR08352,سُلَّم كَهْرَبَائِيّ,تركيب,1025,10271,درج متحرك يوفر الصعود والهبوط,,,,,,,CANDIDATE,,L2_017 haiku b28,
AR08353,مَمَرّ,اسم جامد,1025,10272,فضاء طويل يفصل بين الحجرات في بناء,مرر,فَعَلٌ,,,,,CANDIDATE,,L2_017 haiku b28,WAZN_LEMMA_MISMATCH
AR08354,دِهْلِيز,اسم جامد,1025,10273,ممر أو فضاء في البناء,دهلز,,,,,,CANDIDATE,فِعْلِيز,L2_017 haiku b28,WAZN_NOT_IN_INV
AR08355,شُبَّاك,اسم جامد,1025,10274,فتحة في الحائط مزودة بزجاج للإضاءة والتهوية,شبك,فُعَّالٌ,,,,,CANDIDATE,,L2_017 haiku b28,
AR08356,سُلَّم,اسم جامد,1025,10275,مجموعة درجات للصعود والهبوط بين الطوابق,سلم,فُعَّلٌ,,,,,CANDIDATE,,L2_017 haiku b28,
AR08357,دَرَج,اسم جامد,1025,10277,درجات متتالية للصعود والهبوط,درج,فَعَلٌ,,,,,CANDIDATE,,L2_017 haiku b28,
AR08358,دَرَجَة,اسم جامد,1025,13319,سطح مستقل في السلم يضع عليه القدم,درج,فَعَلَةٌ,,,,,CANDIDATE,,L2_017 haiku b28,
AR08359,بَوَّابَة,اسم جامد,1025,16660,حاجز متحرك أو ثابت بأسلاك أو قضبان,بيب,,,,,,CANDIDATE,فَوَّالَة,L2_017 haiku b28,WAZN_NOT_IN_INV
AR08360,عُضْو,اسم جامد,1026,10279,فرد ينتمي إلى مجموعة اجتماعية,عضو,فُعْلٌ,,,,,CANDIDATE,,L2_017 haiku b28,
AR08361,اِنْتَمَى,فعل,1026,10280,كان عضواً في مجموعة ما,نمي,اِفْتَعَلَ,,,,,CANDIDATE,,L2_017 haiku b28,
AR08362,جُزْء,اسم جامد,1026,10281,كون الفرد تابعاً لمنظمة أو جماعة,جزء,فُعْلٌ,,,,,CANDIDATE,,L2_017 haiku b28,
AR08363,عُضْوِيَّة,اسم جامد,1026,10283,حالة كون الفرد عضواً,عضو,فُعُولِيَّةٌ,,,,,CANDIDATE,,L2_017 haiku b28,
AR08364,أَعْضَاء,اسم جامد,1026,10284,مجموع الأفراد الأعضاء,عضو,,,,,,CANDIDATE,أَفْعَال,L2_017 haiku b28,WAZN_NOT_IN_INV
AR08365,مُرْتَبِط,اسم فاعل,1026,13177,كان منضماً إلى منظمة ما,ربط,مُفْتَعِلٌ,,,,,CANDIDATE,,L2_017 haiku b28,
AR08366,أَوَّل,ظرف,1027,10286,في المرة الأولى دون سابقة,ءول,,,,,,CANDIDATE,أَفَّل,L2_017 haiku b28,ROOT_NORMALIZED;WAZN_NOT_IN_INV
AR08367,نَفْس,اسم جامد,1029,10293,شيء واحد بعينه لم يتغيّر,نفس,فَعْلٌ,,,,,CANDIDATE,,L2_017 haiku b28,
AR08368,مُخْتَلِف,اسم فاعل,1029,10294,غير متطابق أو متباين,خلف,مُفْتَعِلٌ,,,,,CANDIDATE,,L2_017 haiku b28,
AR08369,مُطَابِق,اسم فاعل,1029,10309,متماثل تماماً مع الآخر,طابق,مُفَاعِلٌ,,,,,CANDIDATE,,L2_017 haiku b28,ROOT_ALIF
AR08370,مُنْفَصِل,اسم فاعل,1029,10851,منفرد أو منقطع عن الآخر,فصل,مُنْفَعِلٌ,,,,,CANDIDATE,,L2_017 haiku b28,
AR08371,هُوِيَّة,اسم جامد,1029,13252,الصفات التي تحدد ماهية الشيء,هوي,,,,,,CANDIDATE,فُعِيَّة,L2_017 haiku b28,WAZN_NOT_IN_INV
AR08372,بَقايا,اسم جامد,1030,10320,ما تبقى من مجموعة بعد الاستهلاك,بقي,,,,,,CANDIDATE,فَعَايا,L2_017 haiku b28,WAZN_NOT_IN_INV
AR08373,بَاقٍ,اسم فاعل,1030,10321,ما بقي بعد عملية استنزاف,بقي,فَاعِلٌ,,,,,CANDIDATE,,L2_017 haiku b28,
AR08374,بَقِيَ,فعل,1030,10322,استمرّ الوجود بعد الاستهلاك,بقي,فَعِلَ,,,,,CANDIDATE,,L2_017 haiku b28,
AR08375,رُفَات,اسم جامد,1030,13980,أشياء متبقية من مجموعة أكبر,رفت,فُعَالٌ,,,,,CANDIDATE,,L2_017 haiku b28,
AR08376,إيقَاع,اسم جامد,1040,10330,نمط متكرر منتظم في الصوت أو الحركة,وقع,,,,,,CANDIDATE,إفْعَال,L2_017 haiku b28,WAZN_NOT_IN_INV
AR08377,بِإيقَاعٍ,ظرف,1040,10331,بنمط منتظم ومتكرر,وقع,,,,,,CANDIDATE,,L2_017 haiku b28,WAZN_MISSING
AR08378,نَبْضَة,اسم جامد,1040,10332,نمط ضربات منتظم في الموسيقى,نبض,فَعْلَةٌ,,,,,CANDIDATE,,L2_017 haiku b28,
AR08379,إيقَاعِيّ,اسم منسوب,1040,10333,له نمط متكرر منتظم,وقع,,,,,,CANDIDATE,إفْعَالِيّ,L2_017 haiku b28,WAZN_NOT_IN_INV
AR08380,وَقْت,اسم جامد,1040,15398,إيقاع أغنية أو موسيقى,وقت,فَعْلٌ,,,,,CANDIDATE,,L2_017 haiku b28,
AR08381,بَاقٍ,اسم فاعل,1041,10334,ما بقي لم يُنجَز بعد,بقي,فَاعِلٌ,,,,,CANDIDATE,,L2_017 haiku b28,
AR08382,بَقِيَ,فعل,1041,10347,استمرّ ما لم يُنجَز بعد البعض,بقي,فَعِلَ,,,,,CANDIDATE,,L2_017 haiku b28,
AR08383,بَاقٍ,اسم جامد,1041,10358,ما يبقى لمعالجته أو إنجازه,بقي,فَاعِلٌ,,,,,CANDIDATE,,L2_017 haiku b28,
AR08384,حَرَارَة,اسم جامد,1050,10344,درجة الحرارة في الكائن,حرر,فَعَالَةٌ,,,,,CANDIDATE,,L2_017 haiku b28,
AR08385,حَارّ,صفة مشبهة,1050,10345,ذو درجة حرارة عالية,حرر,فَاعِلٌ,,,,,CANDIDATE,,L2_017 haiku b28,WAZN_LEMMA_MISMATCH
AR08386,بَارِد,صفة مشبهة,1050,10346;13223,ذو درجة حرارة منخفضة نسبياً,برد,فَاعِلٌ,,,,,CANDIDATE,,L2_017 haiku b28,
AR08387,جَامِد,صفة مشبهة,1050,11200,في درجة حرارة متجمدة جداً,جمد,فَاعِلٌ,,,,,CANDIDATE,,L2_017 haiku b28,
AR08388,فَاتِر,صفة مشبهة,1050,14441;14442,ليس بارداً ولا حاراً,فتر,فَاعِلٌ,,,,,CANDIDATE,,L2_017 haiku b28,
AR08389,بَارِد جِدّاً,تركيب,1050,14443,بدرجة حرارة منخفضة جداً,,,,,,,CANDIDATE,,L2_017 haiku b28,
AR08390,مُحْرِق,اسم فاعل,1050,14444,بحرارة كافية للإحراق,حرق,مُفْعِلٌ,,,,,CANDIDATE,,L2_017 haiku b28,
AR08391,دَافِئ,صفة مشبهة,1050,15750,درجة حرارته أعلى من المحايد,دفا,فَاعِلٌ,,,,,CANDIDATE,,L2_017 haiku b28,ROOT_ALIF
AR08392,بَارِد,صفة مشبهة,1052,10369;10370,البيئة ذات حرارة منخفضة,برد,فَاعِلٌ,,,,,CANDIDATE,,L2_017 haiku b28,
AR08393,حَارّ,صفة مشبهة,1052,10371,البيئة ذات درجة حرارة عالية,حرر,فَاعِلٌ,,,,,CANDIDATE,,L2_017 haiku b28,WAZN_LEMMA_MISMATCH
AR08394,دَافِئ,صفة مشبهة,1052,10372,بيئة بحرارة مريحة معتدلة,دفا,فَاعِلٌ,,,,,CANDIDATE,,L2_017 haiku b28,ROOT_ALIF
AR08395,يَوْم حَارّ,تركيب,1052,10373,يوم بطقس حار جداً,,,,,,,CANDIDATE,,L2_017 haiku b28,
AR08396,بَارِد جِدّاً,صفة مشبهة,1052,11101,أبرد مما هو مريح,برد,فَاعِلٌ,,,,,CANDIDATE,,L2_017 haiku b28,WAZN_LEMMA_MISMATCH
AR08397,حَرَارَة,اسم جامد,1052,11313,درجة حرارة الهواء الخارجي,حرر,فَعَالَةٌ,,,,,CANDIDATE,,L2_017 haiku b28,
AR08398,مُتَجَمِّد,اسم فاعل,1052,15572,بيئة برد شديد جداً,جمد,مُتَفَعِّلٌ,,,,,CANDIDATE,,L2_017 haiku b28,
AR08399,بَرْد,اسم جامد,1052,15963,حالة درجة حرارة منخفضة جداً,برد,فَعْلٌ,,,,,CANDIDATE,,L2_017 haiku b28,
AR08400,بَشَّرَ,فعل,1054,10374,أنذر بقرب وصول شيء ما,بشر,فَعَّلَ,,,,,CANDIDATE,,L2_017 haiku b28,
AR08401,أَبْقَى,فعل,1060,10380,تسبب في استمرار العملية,بقي,أَفْعَلَ,,,,,CANDIDATE,,L2_017 haiku b28,
AR08402,نَمَا,فعل,1070,10392,أصبح تدريجياً بصفة جديدة,نمي,فَعَلَ,,,,,CANDIDATE,,L2_017 haiku b28,
AR08403,أَصْبَحَ,فعل,1070,10393,دخل في حالة محددة,صبح,أَفْعَلَ,,,,,CANDIDATE,,L2_017 haiku b28,
AR08404,انْتَهَى إلى,تركيب,1070,10845,صار بنتيجة عملية ما,,,,,,,CANDIDATE,,L2_017 haiku b28,ROOT_WAZN_CLEARED_NO_ROOT_POS
AR08405,مُمَثِّلَة,اسم فاعل,1080,10473,امرأة تمثل دوراً في عرض فني,مثل,مُفَعِّلَةٌ,,,,,CANDIDATE,,L2_017 haiku b28,
AR08406,مُمَثِّل,اسم فاعل,1080,10474,فرد يمثل دوراً في عرض فني,مثل,مُفَعِّلٌ,,,,,CANDIDATE,,L2_017 haiku b28,
AR08407,لاعِب,اسم فاعل,1080,13427,مثل في العرض الفني,لعب,فَاعِلٌ,,,,,CANDIDATE,,L2_017 haiku b28,
AR08408,مُوسِيقَار,اسم جامد,1080,14680,فرد يعزف الموسيقى في حفلة,وسق,,,,,,CANDIDATE,مُفْعِيلَار,L2_017 haiku b28,WAZN_NOT_IN_INV
AR08409,هَجَّى,فعل,1081,10422,نطق أحرف الكلمة واحداً تلو الآخر,هجي,فَعَّلَ,,,,,CANDIDATE,,L2_017 haiku b28,
AR08410,أَخْطَأَ التَّهْجِيَة,تركيب,1081,10423,أخطأ في هجاء الكلمة,,,,,,,CANDIDATE,,L2_017 haiku b28,ROOT_WAZN_CLEARED_NO_ROOT_POS
AR08411,نَطَقَ,فعل,1081,10424,أصدر صوت الكلمة,نطق,فَعَلَ,,,,,CANDIDATE,,L2_017 haiku b28,
AR08412,أَخْطَأَ النُّطْق,تركيب,1081,10425,أخطأ في نطق الكلمة,,,,,,,CANDIDATE,,L2_017 haiku b28,ROOT_WAZN_CLEARED_NO_ROOT_POS
AR08413,قَالَ,فعل,1081,10426,نطق الكلمة بصوت واضح,قول,فَعَلَ,,,,,CANDIDATE,,L2_017 haiku b28,
AR08414,كَتَبَ,فعل,1081,11206,أنشأ صيغة لغوية بالكتابة,كتب,فَعَلَ,,,,,CANDIDATE,,L2_017 haiku b28,
AR08415,صَوْت,اسم جامد,1081,16210,وحدة صوتية في اللغة,صوت,فَعْلٌ,,,,,CANDIDATE,,L2_017 haiku b28,
AR08416,أَثَّرَ,فعل,1083,10438;10441,مارس تأثيراً قوياً على المُدرِك,ءثر,أَفْعَلَ,,,,,CANDIDATE,,L2_017 haiku b28,ROOT_NORMALIZED
AR08417,مُؤَثِّر,اسم فاعل,1083,10439,له تأثير عميق على الآخرين,ءثر,مُفَعِّلٌ,,,,,CANDIDATE,,L2_017 haiku b28,ROOT_NORMALIZED
AR08418,أَلْهَمَ,فعل,1083,10440,أثار الرغبة والقدرة على الفعل,لهم,أَفْعَلَ,,,,,CANDIDATE,,L2_017 haiku b28,
AR08419,تَأْثِير,اسم جامد,1083,10442;10444;10447,تأثير عاطفي على السلوك,ءثر,تَفْعِيلٌ,,,,,CANDIDATE,,L2_017 haiku b28,ROOT_NORMALIZED
AR08420,إلْهَام,اسم جامد,1083,10443,حادثة إبداع مفاجئ,لهم,,,,,,CANDIDATE,إفْعَال,L2_017 haiku b28,WAZN_NOT_IN_INV
AR08421,دَفَعَ,فعل,1083,13926;13971,حمل على فعل أمر معين,دفع,فَعَلَ,,,,,CANDIDATE,,L2_017 haiku b28,
AR08422,حَفَّزَ,فعل,1083,13927;18563;18564,أثار الاهتمام والرغبة,حفز,فَعَّلَ,,,,,CANDIDATE,,L2_017 haiku b28,
AR08423,نَهَضَ بِـ,تركيب,1083,15602,أثار أو حرك إلى العمل,,,,,,,CANDIDATE,,L2_017 haiku b28,ROOT_WAZN_CLEARED_NO_ROOT_POS
AR08424,تَوَدَّدَ,فعل,1083,18507,حاول التأثير برفق وملاطفة,ودد,تَفَعَّلَ,,,,,CANDIDATE,,L2_017 haiku b28,
AR08425,أَغْرَى,فعل,1083,18508,جذب بعرض لذة أو فائدة,غري,أَفْعَلَ,,,,,CANDIDATE,,L2_017 haiku b28,
AR08426,حَثَّ,فعل,1083,18510,حرّض أو شجع قوياً,حثث,فَعَّلَ,,,,,CANDIDATE,,L2_017 haiku b28,WAZN_LEMMA_MISMATCH
AR08427,أَغْوَى,فعل,1083,18511,جذب للقيام بما يخالف الحكمة,غوي,أَفْعَلَ,,,,,CANDIDATE,,L2_017 haiku b28,
AR08428,ثَبَّطَ,فعل,1083,18512,صرف عن الفعل وأضعف العزيمة,ثبط,فَعَّلَ,,,,,CANDIDATE,,L2_017 haiku b28,
AR08429,شَجَّعَ,فعل,1083,18513,ملأ بالثقة والأمل,شجع,فَعَّلَ,,,,,CANDIDATE,,L2_017 haiku b28,
AR08430,أَثَّرَ,فعل,1084,10448;10449;11090,مارس تأثيراً على الكيان,ءثر,أَفْعَلَ,,,,,CANDIDATE,,L2_017 haiku b28,ROOT_NORMALIZED
AR08431,تَأْثِير,اسم جامد,1084,10450;10451;11091,تأثير سببي على شيء آخر,ءثر,تَفْعِيلٌ,,,,,CANDIDATE,,L2_017 haiku b28,ROOT_NORMALIZED
AR08432,قُدْرَة,اسم جامد,1084,18159,القدرة على التأثير والتحكم,قدر,فُعْلَةٌ,,,,,CANDIDATE,,L2_017 haiku b28,
AR08433,اِلْتَقَى,فعل,1085,10452,التقى بشخص للمرة الأولى,لقي,اِفْتَعَلَ,,,,,CANDIDATE,,L2_017 haiku b28,
AR08434,عَرَّفَ,فعل,1085,10453,بدأ التعارف مع شخص لأول مرة,عرف,فَعَّلَ,,,,,CANDIDATE,,L2_017 haiku b28,
AR08435,رَأْفَة,اسم جامد,1086,10454,عفو السلطة عن المخالف,رافة,فَعْلَةٌ,,,,,CANDIDATE,,L2_017 haiku b28,ROOT_ALIF
AR08436,خَفَّفَ,فعل,1088,10455,تقليل العقوبة إلى عقوبة أخف,خفف,فَعَّلَ,,,,,CANDIDATE,,L2_017 haiku b28,
AR08437,تَخْفِيف,اسم جامد,1088,10456,تقليل الحكم القضائي,خفف,تَفْعِيلٌ,,,,,CANDIDATE,,L2_017 haiku b28,
AR08438,خَرَّبَ,فعل,1090,10470,دمّر أو عطّل بقصد,خرب,فَعَّلَ,,,,,CANDIDATE,,L2_017 haiku b28,
AR08439,نَقَضَ,فعل,1090,10471,أضعف أو أفسد تدريجياً,نقض,فَعَلَ,,,,,CANDIDATE,,L2_017 haiku b28,
AR08440,قَوَّضَ,فعل,1090,10472,أضعف أو حطّ من الشيء,قوض,فَعَّلَ,,,,,CANDIDATE,,L2_017 haiku b28,
AR08441,أَفْسَدَ,فعل,1090,10477,قوّض سلطة النظام أو الحكومة,فسد,أَفْعَلَ,,,,,CANDIDATE,,L2_017 haiku b28,
AR08442,تَقْوِيض,اسم جامد,1090,10478,محاولة إسقاط النظام أو الحكومة,قوض,تَفْعِيلٌ,,,,,CANDIDATE,,L2_017 haiku b28,
AR08443,جَرِيمَة,اسم جامد,1100,10493,فعل سيء أو غير قانوني,جرم,فَعِيلَةٌ,,,,,CANDIDATE,,L2_017 haiku b28,
AR08444,أَخْطَأَ,فعل,1100,10497,ارتكب خطيئة دينية,خطي,أَفْعَلَ,,,,,CANDIDATE,,L2_017 haiku b28,
AR08445,خَطِيئَة,اسم جامد,1100,10499,عمل يخالف الشريعة الدينية,خطا,فَعِيلَةٌ,,,,,CANDIDATE,,L2_017 haiku b28,ROOT_ALIF
AR08446,تَجَاوَزَ,فعل,1100,10500,تخطى حدود الأخلاق,جاوز,تَفَاعَلَ,,,,,CANDIDATE,,L2_017 haiku b28,ROOT_ALIF
AR08447,تَجَاوُز,اسم جامد,1100,10502,عمل يخالف الأخلاق,جاوز,تَفَاعُلٌ,,,,,CANDIDATE,,L2_017 haiku b28,ROOT_ALIF
AR08448,زَلَّة,اسم جامد,1100,11241,خطأ صغير بسيط,زلل,,,,,,CANDIDATE,فَعَّلَة,L2_017 haiku b28,WAZN_LEMMA_MISMATCH;WAZN_NOT_IN_INV
AR08449,شِرِّير,اسم جامد,1102,10494;10507,شخص ذو سلوك سيء أو مجرم,شرر,فِعِّيلٌ,,,,,CANDIDATE,,L2_017 haiku b28,
AR08450,فَاسِد,صفة مشبهة,1102,10495,شخص بلا مبادئ أخلاقية,فسد,فَاعِلٌ,,,,,CANDIDATE,,L2_017 haiku b28,
AR08451,مُنْحَطّ,اسم فاعل,1102,10496,شخص تدهور خلقياً,حط,مُنْفَعَلٌ,,,,,CANDIDATE,,L2_017 haiku b28,ROOT_LEN
AR08452,خَاطِئ,اسم فاعل,1102,10498,من يرتكب الآثام,خطا,فَاعِلٌ,,,,,CANDIDATE,,L2_017 haiku b28,ROOT_ALIF
AR08453,مُذْنِب,اسم فاعل,1102,10501,من يتصرف بسوء,ذنب,مُفْعِلٌ,,,,,CANDIDATE,,L2_017 haiku b28,
AR08454,دَنِيء,صفة مشبهة,1102,10503,شخص وضيع الأخلاق,دنا,فَعِيلٌ,,,,,CANDIDATE,,L2_017 haiku b28,ROOT_ALIF
AR08455,تُفَّاحَة سَيِّئَة,تركيب,1102,10504,شخص فاسد في المجموعة,,,,,,,CANDIDATE,,L2_017 haiku b28,
AR08456,مُجْرِم,اسم فاعل,1102,10505,من يرتكب الجرائم,جرم,مُفْعِلٌ,,,,,CANDIDATE,,L2_017 haiku b28,
AR08457,جَانِح,صفة مشبهة,1102,10508,شاب يميل للجريمة,جنح,فَاعِلٌ,,,,,CANDIDATE,,L2_017 haiku b28,
AR08458,حَطِيء,صفة مشبهة,1102,10509,من يقوم بنشاطات مشبوهة,حطا,فَعِيلٌ,,,,,CANDIDATE,,L2_017 haiku b28,ROOT_ALIF
AR08459,مُعْتَدٍ,اسم فاعل,1102,10510,من يرتكب الظلم,عتد,مُفْتَعِلٌ,,,,,CANDIDATE,,L2_017 haiku b28,WAZN_LEMMA_MISMATCH
AR08460,قِدِّيس,اسم جامد,1102,10582,شخص فاضل جداً,قدس,,,,,,CANDIDATE,فِعِّيس,L2_017 haiku b28,WAZN_NOT_IN_INV
AR08461,صِينِيّ,اسم منسوب,1103,10584,ما يخص الصين أو شعبها,صين,,,,,,CANDIDATE,فِعِلِيّ,L2_017 haiku b28,WAZN_NOT_IN_INV
AR08462,أَمْرِيكِيّ,اسم منسوب,1103,10585,ما يخص الولايات المتحدة,مرك,,,,,,CANDIDATE,أَفْعِيلِيّ,L2_017 haiku b28,WAZN_NOT_IN_INV
AR08463,فِيتْنَامِيّ,اسم منسوب,1103,10586,ما يخص فيتنام أو شعبها,,,,,,,CANDIDATE,,L2_017 haiku b28 | دخيل,ROOT_MISSING;WAZN_MISSING
AR08464,مَنْشَأ,اسم جامد,1103,10587,النقطة التي يبدأ منها الشيء,نشا,مَفْعَلٌ,,,,,CANDIDATE,,L2_017 haiku b28,ROOT_ALIF
AR08465,نَشَأَ,فعل,1103,10588,كان له بداية محددة,نشا,فَعَلَ,,,,,CANDIDATE,,L2_017 haiku b28,ROOT_ALIF
AR08466,مِن,حرف,1103,10639;10640,يشير للانتماء الحالي,,,,,,,CANDIDATE,,L2_017 haiku b28,
AR08467,إيرَانِيّ,اسم منسوب,1103,11610,ما يخص إيران,ءيران,,,,,,CANDIDATE,إفْعَانِيّ,L2_017 haiku b28,ROOT_ALIF;ROOT_LEN;ROOT_NORMALIZED;WAZN_NOT_IN_INV
AR08468,كَنَدِيّ,اسم منسوب,1103,11687,ما يخص كندا,كند,,,,,,CANDIDATE,فَعَدِيّ,L2_017 haiku b28,WAZN_NOT_IN_INV
AR08469,هُولَندِيّ,اسم منسوب,1103,11688,ما يخص هولندا,,,,,,,CANDIDATE,,L2_017 haiku b28 | دخيل,ROOT_MISSING;WAZN_MISSING
AR08470,عِرَاقِيّ,اسم منسوب,1103,12171,ما يخص العراق,عرق,فِعَالِيٌّ,,,,,CANDIDATE,,L2_017 haiku b28,
AR08471,فَرَنْسِيّ,اسم منسوب,1103,12172,ما يخص فرنسا,فرنس,,,,,,CANDIDATE,فَعَنْسِيّ,L2_017 haiku b28,WAZN_NOT_IN_INV
AR08472,فِنْلَندِيّ,اسم منسوب,1103,12391,ما يخص فنلندا,,,,,,,CANDIDATE,,L2_017 haiku b28 | دخيل,ROOT_MISSING;WAZN_MISSING
AR08473,هِنْدِيّ,اسم منسوب,1103,12407,ما يخص الهند,هند,,,,,,CANDIDATE,فِعْدِيّ,L2_017 haiku b28,WAZN_NOT_IN_INV
AR08474,رُوسِيّ,اسم منسوب,1103,12707,ما يخص روسيا,روس,,,,,,CANDIDATE,فُعْسِيّ,L2_017 haiku b28,WAZN_NOT_IN_INV
AR08475,وَطَنِيّ,اسم منسوب,1103,13307,ما يخص الأمة أو الوطن,وطن,فَعَلِيٌّ,,,,,CANDIDATE,,L2_017 haiku b28,
AR08476,إيطَالِيّ,اسم منسوب,1103,13772,ما يخص إيطاليا,يطال,,,,,,CANDIDATE,إفْعَالِيّ,L2_017 haiku b28,ROOT_ALIF;WAZN_NOT_IN_INV
AR08477,سُورِيّ,اسم منسوب,1103,13773,ما يخص سوريا,سور,,,,,,CANDIDATE,فُعْرِيّ,L2_017 haiku b28,WAZN_NOT_IN_INV
AR08478,أَيْرِلَندِيّ,اسم منسوب,1103,13887,ما يخص أيرلندا,,,,,,,CANDIDATE,,L2_017 haiku b28 | دخيل,ROOT_MISSING;WAZN_MISSING
AR08479,يَابَانِيّ,اسم منسوب,1103,13904,ما يخص اليابان,يبن,,,,,,CANDIDATE,فَاعَانِيّ,L2_017 haiku b28,WAZN_NOT_IN_INV
AR08480,أُورُوبِيّ,اسم منسوب,1103,13952,ما يخص أوروبا,,,,,,,CANDIDATE,,L2_017 haiku b28 | دخيل,ROOT_MISSING;WAZN_MISSING
AR08481,يُونَانِيّ,اسم منسوب,1103,13990,ما يخص اليونان,يون,,,,,,CANDIDATE,فُعَانِيّ,L2_017 haiku b28,WAZN_NOT_IN_INV
AR08482,أُرْدُنِيّ,اسم منسوب,1103,14707,ما يخص الأردن,ردن,,,,,,CANDIDATE,أُفْدُنِيّ,L2_017 haiku b28,WAZN_NOT_IN_INV
AR08483,سِويسْرِيّ,اسم منسوب,1103,14729,ما يخص سويسرا,,,,,,,CANDIDATE,,L2_017 haiku b28 | دخيل,ROOT_MISSING;WAZN_MISSING
AR08484,كُولُومْبِيّ,اسم منسوب,1103,14769,ما يخص كولومبيا,,,,,,,CANDIDATE,,L2_017 haiku b28 | دخيل,ROOT_MISSING;WAZN_MISSING
AR08485,كُوبِيّ,اسم منسوب,1103,14770,ما يخص كوبا,,,,,,,CANDIDATE,,L2_017 haiku b28 | دخيل,ROOT_MISSING;WAZN_MISSING
AR08486,مِصْرِيّ,اسم منسوب,1103,14790,ما يخص مصر,مصر,,,,,,CANDIDATE,فِعْرِيّ,L2_017 haiku b28,WAZN_NOT_IN_INV
AR08487,رُومَانِيّ,اسم منسوب,1103,14876,ما يخص روما,روم,,,,,,CANDIDATE,فُعَانِيّ,L2_017 haiku b28,WAZN_NOT_IN_INV
AR08488,سُعُودِيّ,اسم منسوب,1103,14878,ما يخص السعودية,سعد,,,,,,CANDIDATE,فُعُودِيّ,L2_017 haiku b28,WAZN_NOT_IN_INV
AR08489,تُرْكِيّ,اسم منسوب,1103,14898,ما يخص تركيا,ترك,,,,,,CANDIDATE,فُعْكِيّ,L2_017 haiku b28,WAZN_NOT_IN_INV
AR08490,آشُورِيّ,اسم منسوب,1103,14941,ما يخص آشور,شور,,,,,,CANDIDATE,آفُعُورِيّ,L2_017 haiku b28,WAZN_NOT_IN_INV
AR08491,عُثْمَانِيّ,اسم منسوب,1103,14963,ما يخص الدولة العثمانية,عثم,,,,,,CANDIDATE,فُعْمَانِيّ,L2_017 haiku b28,WAZN_NOT_IN_INV
AR08492,بُرْتُغَالِيّ,اسم منسوب,1103,15345,ما يخص البرتغال,,,,,,,CANDIDATE,,L2_017 haiku b28 | دخيل,ROOT_MISSING;WAZN_MISSING
AR08493,جَامَايْكِيّ,اسم منسوب,1103,15558,ما يخص جاماica,,,,,,,CANDIDATE,,L2_017 haiku b28 | دخيل,ROOT_MISSING;WAZN_MISSING
AR08494,بِيزَنْطِيّ,اسم منسوب,1103,16129,ما يخص الدولة البيزنطية,,,,,,,CANDIDATE,,L2_017 haiku b28 | دخيل,ROOT_MISSING;WAZN_MISSING
AR08495,أَتَى مِن,تركيب,1103,16669,نشأ من مكان معين,,,,,,,CANDIDATE,,L2_017 haiku b28,ROOT_NORMALIZED;ROOT_WAZN_CLEARED_NO_ROOT_POS
AR08496,إسْبَانِيّ,اسم منسوب,1103,18627,ما يخص إسبانيا,,,,,,,CANDIDATE,,L2_017 haiku b28 | دخيل,ROOT_MISSING;WAZN_MISSING
AR08497,أَرَّخَ,فعل,1103,18708,نشأ في فترة زمنية محددة,رخ,أَفْعَلَ,,,,,CANDIDATE,,L2_017 haiku b28,ROOT_LEN
AR08498,مُذْنِب,اسم فاعل,1110,10511,مسؤول بعدل عن فعل معين,ذنب,مُفْعِلٌ,,,,,CANDIDATE,,L2_017 haiku b28,
AR08499,بَرِيء,صفة مشبهة,1110,10512,غير مسؤول عن جريمة,برا,فَعِيلٌ,,,,,CANDIDATE,,L2_017 haiku b28,ROOT_ALIF
AR08500,ذَنْب,اسم جامد,1110,10513,المسؤولية عن ارتكاب جرم,ذنب,فَعْلٌ,,,,,CANDIDATE,,L2_017 haiku b28,
AR08501,بَرَاءَة,اسم جامد,1110,10514,عدم المسؤولية عن جرم,برا,فَعَالَةٌ,,,,,CANDIDATE,,L2_017 haiku b28,ROOT_ALIF
AR08502,دَم عَلَى الأيدي,تركيب,1110,13708,إثم وذنب في إلحاق الضرر,,,,,,,CANDIDATE,,L2_017 haiku b28,
AR08503,سَجَنَ,فعل,1111,10520;10523;13936,حبس في السجن عقاباً,سجن,فَعَلَ,,,,,CANDIDATE,,L2_017 haiku b28,
AR08504,سَجْن,اسم جامد,1111,10521;13937,الحبس أو الحالة المسجون فيها,سجن,فَعْلٌ,,,,,CANDIDATE,,L2_017 haiku b28,
AR08505,حَبَسَ,فعل,1111,10522,قيد في السجن,حبس,فَعَلَ,,,,,CANDIDATE,,L2_017 haiku b28,
AR08506,مُدَّة,اسم جامد,1111,16274,الفترة الزمنية للسجن,مدد,,,,,,CANDIDATE,فُعَّة,L2_017 haiku b28,WAZN_NOT_IN_INV
AR08507,حَيَاة,اسم جامد,1111,16291,حكم بالسجن المؤبد,حيي,فَعَالٍ,,,,,CANDIDATE,,L2_017 haiku b28,
AR08508,اِسْتَبْدَلَ,فعل,1121,10560;10781,وضع شيء جديد مكان القديم,بدل,اِسْتَفْعَلَ,,,,,CANDIDATE,,L2_017 haiku b28,
AR08509,بَدَّلَ,فعل,1121,10561;10794,استبدل بآخر,بدل,فَعَّلَ,,,,,CANDIDATE,,L2_017 haiku b28,
AR08510,استِبْدَال,اسم جامد,1121,10775,عملية وضع الجديد مكان القديم,بدل,اِسْتِفْعَالٌ,,,,,CANDIDATE,,L2_017 haiku b28,
AR08511,تَبْدِيل,اسم جامد,1121,10776,فعل استبدال شيء بآخر,بدل,تَفْعِيلٌ,,,,,CANDIDATE,,L2_017 haiku b28,
AR08512,تَبْدِيل سَرِيع,تركيب,1121,10777,إزالة وتبديل فوري,,,,,,,CANDIDATE,,L2_017 haiku b28,ROOT_WAZN_CLEARED_NO_ROOT_POS
AR08513,غَيَّرَ,فعل,1121,10782,إزالة وتبديل بنفس النوع,غير,فَعَّلَ,,,,,CANDIDATE,,L2_017 haiku b28,
AR08514,درَسَ,فعل,1130,10589,انقطع للتعلم في مادة,درس,فَعَلَ,,,,,CANDIDATE,,L2_017 haiku b28,
AR08515,طَرَدَ,فعل,1131,11171,أجبر على مغادرة المجموعة,طرد,فَعَلَ,,,,,CANDIDATE,,L2_017 haiku b28,
AR08516,حَرَّمَ,فعل,1131,12576,أقصى رسمياً من المشاركة الكنسية,حرم,فَعَّلَ,,,,,CANDIDATE,,L2_017 haiku b28,
AR08517,طَرْد,اسم جامد,1131,12577,إجبار على مغادرة المجموعة,طرد,فَعْلٌ,,,,,CANDIDATE,,L2_017 haiku b28,
AR08518,تَحْرِيم,اسم جامد,1131,12578,إقصاء رسمي من المشاركة الكنسية,حرم,تَفْعِيلٌ,,,,,CANDIDATE,,L2_017 haiku b28,
AR08519,أقْصَى,فعل,1131,17198,عامل على أنه ليس عضواً,قصي,أَفْعَلَ,,,,,CANDIDATE,,L2_017 haiku b28,
AR08520,حَفِظَ,فعل,1132,10590;10730,تعلم عن ظهر قلب,حفظ,فَعِلَ,,,,,CANDIDATE,,L2_017 haiku b28,
AR08521,حِفْظ,اسم جامد,1132,10591,عملية تعلم بالحفظ,حفظ,فِعْلٌ,,,,,CANDIDATE,,L2_017 haiku b28,
AR08522,تَعَلَّمَ,فعل,1132,10593,حفظ في الذاكرة,علم,تَفَعَّلَ,,,,,CANDIDATE,,L2_017 haiku b28,
AR08523,مُمَيِّز,اسم فاعل,1133,10596,ملمح نموذجي من الشخص,ميز,مُفَعِّلٌ,,,,,CANDIDATE,,L2_017 haiku b28,
AR08524,مِيزَة,اسم جامد,1133,10597;10598;10602,خاصية مميزة,ميز,,,,,,CANDIDATE,فِيلَة,L2_017 haiku b28,WAZN_NOT_IN_INV
AR08525,مُنْفَرِد,اسم فاعل,1133,10599,مختلف عن غيره,فرد,مُنْفَعِلٌ,,,,,CANDIDATE,,L2_017 haiku b28,
AR08526,مُنْفَصِل,اسم فاعل,1133,10600,متمايز ومنقطع عن الآخر,فصل,مُنْفَعِلٌ,,,,,CANDIDATE,,L2_017 haiku b28,
AR08527,مَيَّزَ,فعل,1133,10601,كان علامة مميزة لشخص,ميز,فَعَّلَ,,,,,CANDIDATE,,L2_017 haiku b28,
AR08528,عَلَامَة,اسم جامد,1133,10610,خاصية مميزة معروفة,علم,فَعَالَةٌ,,,,,CANDIDATE,,L2_017 haiku b28,
AR08529,جَانِب,اسم جامد,1133,12681,جزء أو صفة معينة,جنب,فَاعِلٌ,,,,,CANDIDATE,,L2_017 haiku b28,
AR08530,مُلَحَوظ,اسم فاعل,1133,16998,يُلاحَظ أو مهم,لحظ,,,,,,CANDIDATE,مُفَعَول,L2_017 haiku b28,WAZN_NOT_IN_INV
AR08531,عادي,صفة مشبهة,1134,10604;10607,الحالة التي تعكس وضعاً شائعاً,عدي,,,,,,CANDIDATE,فاعل,L2_017 haiku b29,ROOT_NORMALIZED;UNVOCALIZED;WAZN_NOT_IN_INV
AR08532,غريب,صفة مشبهة,1134,10606;10609;15960,ما ينحرف عن المعايير المعروفة,غرب,فَعِيلٌ,,,,,CANDIDATE,,L2_017 haiku b29,UNVOCALIZED
AR08533,متوسط,صفة مشبهة,1134,10608,المقدار المعتاد والشائع,وسط,مُفَعَّلٌ,,,,,CANDIDATE,,L2_017 haiku b29,UNVOCALIZED
AR08534,عادي,اسم جامد,1134,10884,ليس مثير للاهتمام,عدي,,,,,,CANDIDATE,فاعل,L2_017 haiku b29,ROOT_NORMALIZED;UNVOCALIZED;WAZN_NOT_IN_INV
AR08535,بسيط,صفة مشبهة,1134,11198,بلا ميزات إضافية,بسط,فَعِيلٌ,,,,,CANDIDATE,,L2_017 haiku b29,UNVOCALIZED
AR08536,شائع,صفة مشبهة,1134,16644,يُتوقع حدوثه,شيع,,,,,,CANDIDATE,فاعل,L2_017 haiku b29,UNVOCALIZED;WAZN_NOT_IN_INV
AR08537,عادة,اسم مصدر,1134,16897,بالطريقة المعتادة,عدي,,,,,,CANDIDATE,فاعل,L2_017 haiku b29,ROOT_NORMALIZED;UNVOCALIZED;WAZN_NOT_IN_INV
AR08538,شاذ,صفة مشبهة,1134,16900,وضع نادر,شذذ,,,,,,CANDIDATE,فاعل,L2_017 haiku b29,UNVOCALIZED;WAZN_LEMMA_MISMATCH;WAZN_NOT_IN_INV
AR08539,عدم انتظام,اسم مصدر,1134,16967,غياب الانتظام,نظم,,,,,,CANDIDATE,فَعَلّ,L2_017 haiku b29,UNVOCALIZED;WAZN_LEMMA_MISMATCH;WAZN_NOT_IN_INV
AR08540,تقليدي,صفة مشبهة,1134,18607,يتبع الأعراف,قلد,,,,,,CANDIDATE,فَعَالي,L2_017 haiku b29,UNVOCALIZED;WAZN_LEMMA_MISMATCH;WAZN_NOT_IN_INV
AR08541,استعمل,فعل,1141,10619,أخذ الشيء لتحقيق غرض ما,عمل,,,,,,CANDIDATE,اِفْتِعَل,L2_017 haiku b29,UNVOCALIZED;WAZN_LEMMA_MISMATCH;WAZN_NOT_IN_INV
AR08542,وظّف,فعل,1141,10620,جعل الشيء يُستخدم لغرض معين,وظف,,,,,,CANDIDATE,فَعَّل,L2_017 haiku b29,WAZN_NOT_IN_INV
AR08543,استعمال,مصدر,1141,10622,فعل استخدام الشيء أو حالته,عمل,اِفْتِعَالٌ,,,,,CANDIDATE,,L2_017 haiku b29,UNVOCALIZED;WAZN_LEMMA_MISMATCH
AR08544,انتفع,فعل,1141,10624,الاستفادة من الشيء أو به,نفع,,,,,,CANDIDATE,اِفْتِعَل,L2_017 haiku b29,UNVOCALIZED;WAZN_NOT_IN_INV
AR08545,شغّل,فعل,1141,11447,التحكم في جهاز,شغل,,,,,,CANDIDATE,فَعَّل,L2_017 haiku b29,WAZN_NOT_IN_INV
AR08546,تشغيل,مصدر,1141,11460,فعل تشغيل,شغل,تَفْعِيلٌ,,,,,CANDIDATE,,L2_017 haiku b29,UNVOCALIZED
AR08547,طبّق,فعل,1141,11697,استخدام على,طبق,,,,,,CANDIDATE,فَعَّل,L2_017 haiku b29,WAZN_NOT_IN_INV
AR08548,استفاد,فعل,1141,11714,استخدام فعال,فيد,,,,,,CANDIDATE,اِسْتَفْعَل,L2_017 haiku b29,UNVOCALIZED;WAZN_NOT_IN_INV
AR08549,استفادة,مصدر,1141,11715,استخدام عملي,فيد,,,,,,CANDIDATE,اِسْتِفَادة,L2_017 haiku b29,UNVOCALIZED;WAZN_NOT_IN_INV
AR08550,تطبيق,مصدر,1141,11723,وضع موضع التنفيذ,طبق,تَفْعِيلٌ,,,,,CANDIDATE,,L2_017 haiku b29,UNVOCALIZED
AR08551,تشغيلي,اسم منسوب,1141,12617,يتعلق بالتشغيل,شغل,,,,,,CANDIDATE,تَفْعِيلي,L2_017 haiku b29,UNVOCALIZED;WAZN_NOT_IN_INV
AR08552,توظيف,مصدر,1141,13402,استخدام في موضوع,وظف,تَفْعِيلٌ,,,,,CANDIDATE,,L2_017 haiku b29,UNVOCALIZED
AR08553,مارس,فعل,1141,16124,استعمال القوة,مرس,,,,,,CANDIDATE,فاعل,L2_017 haiku b29,UNVOCALIZED;WAZN_NOT_IN_INV
AR08554,رفيق السكن,تركيب,1143,11259,شخص يشاركك السكن,,,,,,,CANDIDATE,,L2_017 haiku b29,UNVOCALIZED
AR08555,جار السكن,تركيب,1143,11260,شخص يسكن معك,,,,,,,CANDIDATE,,L2_017 haiku b29,UNVOCALIZED
AR08556,جار,اسم جامد,1143,11261,يسكن بجوارك,جور,,,,,,CANDIDATE,فاعل,L2_017 haiku b29,UNVOCALIZED;WAZN_NOT_IN_INV
AR08557,شارك,فعل,1144,10627,أخذ نصيب أو دور في حدث,شرك,,,,,,CANDIDATE,فاعل,L2_017 haiku b29,UNVOCALIZED;WAZN_NOT_IN_INV
AR08558,مشارك,اسم فاعل,1144,10628,شخص يأخذ دوراً في حدث,شرك,مُفَاعِلٌ,,,,,CANDIDATE,,L2_017 haiku b29,UNVOCALIZED
AR08559,مشاركة,مصدر,1144,10629,فعل الاشتراك في حدث,شرك,,,,,,CANDIDATE,مُفاعَلة,L2_017 haiku b29,UNVOCALIZED;WAZN_NOT_IN_INV
AR08560,منخرط,اسم فاعل,1144,10630,شخص مندرج في حدث,خرط,مُنْفَعِلٌ,,,,,CANDIDATE,,L2_017 haiku b29,UNVOCALIZED
AR08561,انخراط,مصدر,1144,10631,الاشتراك في حدث متعدد,خرط,اِنْفِعَالٌ,,,,,CANDIDATE,,L2_017 haiku b29,UNVOCALIZED
AR08562,مشبوك,اسم مفعول,1144,10632,عميق الانخراط في نزاع,شبك,مَفْعُولٌ,,,,,CANDIDATE,,L2_017 haiku b29,UNVOCALIZED
AR08563,لاعب,اسم فاعل,1144,11590,شخص مؤثر,لعب,,,,,,CANDIDATE,فاعل,L2_017 haiku b29,UNVOCALIZED;WAZN_NOT_IN_INV
AR08564,ملتبس,اسم مفعول,1144,11724,اشتراك إكراهي,لبس,مَفْعُولٌ,,,,,CANDIDATE,,L2_017 haiku b29,UNVOCALIZED;WAZN_LEMMA_MISMATCH
AR08565,التباس,مصدر,1144,11725,اشتراك معقد,لبس,اِفْتِعَالٌ,,,,,CANDIDATE,,L2_017 haiku b29,UNVOCALIZED
AR08566,اشتراك,مصدر,1144,13302,الانضمام والمشاركة,شرك,,,,,,CANDIDATE,اِشْتِرَاك,L2_017 haiku b29,UNVOCALIZED;WAZN_NOT_IN_INV
AR08567,طرف,اسم جامد,1144,13356,متشارك في حدث,طرف,,,,,,CANDIDATE,فاعل,L2_017 haiku b29,UNVOCALIZED;WAZN_NOT_IN_INV
AR08568,اشترك,فعل,1144,17193,أخذ نصيب,شرك,,,,,,CANDIDATE,اِفْتِعَل,L2_017 haiku b29,UNVOCALIZED;WAZN_NOT_IN_INV
AR08569,معني,اسم مفعول,1144,17266,متورط في موضوع,عني,مَفْعُولٌ,,,,,CANDIDATE,,L2_017 haiku b29,ROOT_NORMALIZED;UNVOCALIZED
AR08570,خفي,صفة مشبهة,1145,10641,ما يتم بسرية,خفي,فَعِيلٌ,,,,,CANDIDATE,,L2_017 haiku b29,UNVOCALIZED
AR08571,مختفٍ,اسم مفعول,1145,10642,ما يجري بطريقة مستترة,خفي,مُفْتَعِلٌ,,,,,CANDIDATE,,L2_017 haiku b29,
AR08572,مستور,اسم مفعول,1145,10643,ما لا يُعترف به علناً,ستر,مُسْتَفْعَلٌ,,,,,CANDIDATE,,L2_017 haiku b29,UNVOCALIZED;WAZN_LEMMA_MISMATCH
AR08573,سِرّ,اسم جامد,1145,10644,ما لا يُراد أن يُعرّف,سرر,,,,,,CANDIDATE,فِعّ,L2_017 haiku b29,WAZN_NOT_IN_INV
AR08574,بسرّية,ظرف,1145,10656,بطريقة خفية وغير معلنة,سرر,,,,,,CANDIDATE,فِعّ,L2_017 haiku b29,WAZN_LEMMA_MISMATCH;WAZN_NOT_IN_INV
AR08575,ظاهر,صفة مشبهة,1145,10657,ما لم يُخفَ عن الأنظار,ظهر,,,,,,CANDIDATE,فاعل,L2_017 haiku b29,UNVOCALIZED;WAZN_NOT_IN_INV
AR08576,علني,صفة مشبهة,1145,10658,ما يُفعل في مرأى الناس,علن,فَعِيلٌ,,,,,CANDIDATE,,L2_017 haiku b29,UNVOCALIZED
AR08577,سِري,صفة مشبهة,1145,10659,ما يُقصد أن يُبقى مخفياً,سرر,,,,,,CANDIDATE,فِعّي,L2_017 haiku b29,WAZN_NOT_IN_INV
AR08578,علناً,ظرف,1145,10663,بطريقة مرئية وظاهرة,علن,,,,,,CANDIDATE,فَعَلاً,L2_017 haiku b29,WAZN_NOT_IN_INV
AR08579,مخفي,اسم مفعول,1145,11666,يُحفظ بسرية,خفي,مُفْتَعَلٌ,,,,,CANDIDATE,,L2_017 haiku b29,UNVOCALIZED
AR08580,غير مصنف,اسم مفعول,1145,12741,لم يُصنَّف,صنف,,,,,,CANDIDATE,غير مفعل,L2_017 haiku b29,UNVOCALIZED;WAZN_NOT_IN_INV
AR08581,غامض,صفة مشبهة,1145,13152,تغطيه ظلال,غمض,,,,,,CANDIDATE,فاعل,L2_017 haiku b29,UNVOCALIZED;WAZN_NOT_IN_INV
AR08582,كشف,فعل,1146,10665,أعلن عن معلومة مخفية,كشف,,,,,,CANDIDATE,فَعَل,L2_017 haiku b29,UNVOCALIZED;WAZN_NOT_IN_INV
AR08583,أفشى,فعل,1146,10666,جعل المعلومة السرية معروفة,فشي,,,,,,CANDIDATE,أَفْعَل,L2_017 haiku b29,UNVOCALIZED;WAZN_NOT_IN_INV
AR08584,إفشاء,مصدر,1146,10667,فعل جعل المعلومة معروفة,فشي,إِفْعَالٌ,,,,,CANDIDATE,,L2_017 haiku b29,UNVOCALIZED
AR08585,فضح,فعل,1146,10668,كشف الطبيعة الحقيقية,فضح,,,,,,CANDIDATE,فَعَل,L2_017 haiku b29,UNVOCALIZED;WAZN_NOT_IN_INV
AR08586,كشف,مصدر,1146,10669,فعل الإعلان عن معلومة,كشف,فَعَلٌ,,,,,CANDIDATE,,L2_017 haiku b29,UNVOCALIZED
AR08587,أذاع,فعل,1146,10670,جعل الخبر موصولاً للعامة,ذيع,,,,,,CANDIDATE,أَفْعَل,L2_017 haiku b29,UNVOCALIZED;WAZN_NOT_IN_INV
AR08588,إذاعة,مصدر,1146,10671,الكشف العلني عن سِرّ,ذيع,إِفْعَالٌ,,,,,CANDIDATE,,L2_017 haiku b29,UNVOCALIZED
AR08589,اعترف,فعل,1146,10672;13226,الإقرار بارتكاب جرم,عرف,,,,,,CANDIDATE,اِفْتِعَل,L2_017 haiku b29,UNVOCALIZED;WAZN_NOT_IN_INV
AR08590,اعتراف,مصدر,1146,10673,بيان الإقرار بجرم,عرف,اِفْتِعَالٌ,,,,,CANDIDATE,,L2_017 haiku b29,UNVOCALIZED
AR08591,أسرّ,فعل,1146,10674,أخبر بسِر أو أمر خاص,سرر,,,,,,CANDIDATE,أَفْعَل,L2_017 haiku b29,WAZN_LEMMA_MISMATCH;WAZN_NOT_IN_INV
AR08592,إفشاء الأسرار,تركيب,1146,10675,كشف المعلومات السرية,,,,,,,CANDIDATE,,L2_017 haiku b29,UNVOCALIZED
AR08593,صارح,فعل,1146,10725,أخبر القصة كاملة,صرح,,,,,,CANDIDATE,فاعَل,L2_017 haiku b29,UNVOCALIZED;WAZN_NOT_IN_INV
AR08594,تفلت منه,تركيب,1146,11290,كشف معلومة بدون قصد,,,,,,,CANDIDATE,,L2_017 haiku b29,UNVOCALIZED
AR08595,تسرّب,فعل,1146,11291,كشف متعمد,سرب,,,,,,CANDIDATE,تَفَعَّل,L2_017 haiku b29,WAZN_NOT_IN_INV
AR08596,كشف النوايا,تركيب,1146,12514,إظهار ما كان خفياً,,,,,,,CANDIDATE,,L2_017 haiku b29,UNVOCALIZED
AR08597,أقرّ,فعل,1146,13224,الاعتراف بحقيقة,قرر,,,,,,CANDIDATE,أَفْعَل,L2_017 haiku b29,WAZN_LEMMA_MISMATCH;WAZN_NOT_IN_INV
AR08598,تقدّم طواعية,تركيب,1146,13225,التطوع بالتقديم,,,,,,,CANDIDATE,,L2_017 haiku b29,
AR08599,أفصح,فعل,1146,17592,أعلن عن,فصح,,,,,,CANDIDATE,أَفْعَل,L2_017 haiku b29,UNVOCALIZED;WAZN_NOT_IN_INV
AR08600,أول,صفة مشبهة,1147,11248,يأتي قبل الجميع,ءول,,,,,,CANDIDATE,فاعل,L2_017 haiku b29,ROOT_NORMALIZED;UNVOCALIZED;WAZN_NOT_IN_INV
AR08601,ثاني,اسم منسوب,1147,11249,يأتي بعد الأول,ثني,,,,,,CANDIDATE,فاعلي,L2_017 haiku b29,UNVOCALIZED;WAZN_NOT_IN_INV
AR08602,ثالث,اسم منسوب,1147,11251,المركز الثالث,ثلث,,,,,,CANDIDATE,فاعلي,L2_017 haiku b29,UNVOCALIZED;WAZN_NOT_IN_INV
AR08603,رابع,اسم منسوب,1147,11252,المركز الرابع,ربع,,,,,,CANDIDATE,فاعلي,L2_017 haiku b29,UNVOCALIZED;WAZN_NOT_IN_INV
AR08604,خامس,اسم منسوب,1147,11253,المركز الخامس,خمس,,,,,,CANDIDATE,فاعلي,L2_017 haiku b29,UNVOCALIZED;WAZN_NOT_IN_INV
AR08605,ثالث عشر,اسم منسوب,1147,14011,المركز الثالث عشر,ثلثعشر,,,,,,CANDIDATE,فاعلي عشر,L2_017 haiku b29,ROOT_LEN;ROOT_NORMALIZED;UNVOCALIZED;WAZN_NOT_IN_INV
AR08606,تاسع عشر,اسم منسوب,1147,14014,المركز التاسع عشر,تسععشر,,,,,,CANDIDATE,فاعلي عشر,L2_017 haiku b29,ROOT_LEN;ROOT_NORMALIZED;UNVOCALIZED;WAZN_NOT_IN_INV
AR08607,أخير,صفة مشبهة,1147,14614,يأتي أخيراً,خير,,,,,,CANDIDATE,أفعل,L2_017 haiku b29,UNVOCALIZED;WAZN_NOT_IN_INV
AR08608,ثامن,اسم منسوب,1147,14636,المركز الثامن,ثمن,,,,,,CANDIDATE,فاعلي,L2_017 haiku b29,UNVOCALIZED;WAZN_NOT_IN_INV
AR08609,عاشر,اسم منسوب,1147,14686,المركز العاشر,عشر,,,,,,CANDIDATE,فاعلي,L2_017 haiku b29,UNVOCALIZED;WAZN_NOT_IN_INV
AR08610,تاسع,اسم منسوب,1147,14719,المركز التاسع,تسع,,,,,,CANDIDATE,فاعلي,L2_017 haiku b29,UNVOCALIZED;WAZN_NOT_IN_INV
AR08611,سابع عشر,اسم منسوب,1147,14880,المركز السابع عشر,سبععشر,,,,,,CANDIDATE,فاعلي عشر,L2_017 haiku b29,ROOT_LEN;ROOT_NORMALIZED;UNVOCALIZED;WAZN_NOT_IN_INV
AR08612,سادس عشر,اسم منسوب,1147,14881,المركز السادس عشر,سدسعشر,,,,,,CANDIDATE,فاعلي عشر,L2_017 haiku b29,ROOT_LEN;ROOT_NORMALIZED;UNVOCALIZED;WAZN_NOT_IN_INV
AR08613,نهائي,صفة مشبهة,1147,15011,يأتي أخيراً,نهي,,,,,,CANDIDATE,فِعالي,L2_017 haiku b29,UNVOCALIZED;WAZN_NOT_IN_INV
AR08614,حسب,حرف,1148,10677,بناءً على ما ذكره,,,,,,,CANDIDATE,,L2_017 haiku b29,ROOT_WAZN_CLEARED_NO_ROOT_POS;UNVOCALIZED
AR08615,مصدر,اسم جامد,1148,13335,يقدم المعلومة,صدر,مَفْعَلٌ,,,,,CANDIDATE,,L2_017 haiku b29,UNVOCALIZED
AR08616,وجهة نظر,تركيب,1148,14871,شخص يقدم الحكم,,,,,,,CANDIDATE,,L2_017 haiku b29,UNVOCALIZED
AR08617,على سلطان,تركيب,1148,18320,استناداً إلى قول,,,,,,,CANDIDATE,,L2_017 haiku b29,UNVOCALIZED
AR08618,رفع,فعل,1149,10679,إزالة تقييد قانوني,رفع,,,,,,CANDIDATE,فَعَل,L2_017 haiku b29,UNVOCALIZED;WAZN_NOT_IN_INV
AR08619,أنهى,فعل,1149,10680;13338,وضع حد لعملية,نهي,,,,,,CANDIDATE,أَفْعَل,L2_017 haiku b29,UNVOCALIZED;WAZN_NOT_IN_INV
AR08620,رفع,مصدر,1149,12631,فعل الإزالة,رفع,فَعَلٌ,,,,,CANDIDATE,,L2_017 haiku b29,UNVOCALIZED
AR08621,وقف,فعل,1149,13281,إيقاف عملية,وقف,,,,,,CANDIDATE,فَعَل,L2_017 haiku b29,UNVOCALIZED;WAZN_NOT_IN_INV
AR08622,أجهض,فعل,1149,17362,إيقاف نشاط,جهض,,,,,,CANDIDATE,أَفْعَل,L2_017 haiku b29,UNVOCALIZED;WAZN_NOT_IN_INV
AR08623,ألغى,فعل,1149,17591,وضع نهاية,لغي,,,,,,CANDIDATE,أَفْعَل,L2_017 haiku b29,UNVOCALIZED;WAZN_NOT_IN_INV
AR08624,وقّع,فعل,1151,10681,كتب اسمه على وثيقة,وقع,,,,,,CANDIDATE,فَعَّل,L2_017 haiku b29,WAZN_NOT_IN_INV
AR08625,توقيع,مصدر,1151,10682,اسم مكتوب بأسلوب مميز,وقع,تَفْعِيلٌ,,,,,CANDIDATE,,L2_017 haiku b29,UNVOCALIZED
AR08626,موقِّع,اسم فاعل,1151,10683,طرف وقّع على اتفاق,وقع,مُفَعِّلٌ,,,,,CANDIDATE,,L2_017 haiku b29,
AR08627,انضمّ,فعل,1151,12579,أصبح طرفاً,ضمم,,,,,,CANDIDATE,اِنْفَعَل,L2_017 haiku b29,WAZN_LEMMA_MISMATCH;WAZN_NOT_IN_INV
AR08628,بحث,فعل,1152,10684,أجرى دراسة منهجية,بحث,,,,,,CANDIDATE,فَعَل,L2_017 haiku b29,UNVOCALIZED;WAZN_NOT_IN_INV
AR08629,بحث,مصدر,1152,10685,التحقيق المنهجي والدراسة,بحث,فَعَلٌ,,,,,CANDIDATE,,L2_017 haiku b29,UNVOCALIZED
AR08630,حقق,فعل,1152,11277,أجرى بحثاً,حقق,,,,,,CANDIDATE,فَعَّل,L2_017 haiku b29,UNVOCALIZED;WAZN_NOT_IN_INV
AR08631,ضمّ,فعل,1153,10687,احتوى على شيء كجزء,ضمم,,,,,,CANDIDATE,فَعَّل,L2_017 haiku b29,WAZN_LEMMA_MISMATCH;WAZN_NOT_IN_INV
AR08632,احتوى,فعل,1153,10690,احتوى على جزء من شيء,حوي,,,,,,CANDIDATE,اِفْتِعَل,L2_017 haiku b29,UNVOCALIZED;WAZN_NOT_IN_INV
AR08633,ملك,فعل,1153,13246,اشتمل على,ملك,,,,,,CANDIDATE,فَعَل,L2_017 haiku b29,UNVOCALIZED;WAZN_NOT_IN_INV
AR08634,مندمج,اسم مفعول,1153,13247,يشكل جزءاً,دمج,مُنْفَعِلٌ,,,,,CANDIDATE,,L2_017 haiku b29,UNVOCALIZED
AR08635,استثنى,فعل,1153,13248,منع الوصول,ثني,,,,,,CANDIDATE,اِسْتَفْعَل,L2_017 haiku b29,UNVOCALIZED;WAZN_NOT_IN_INV
AR08636,باستثناء,حرف,1153,13249,عدم احتساب,,,,,,,CANDIDATE,,L2_017 haiku b29,ROOT_WAZN_CLEARED_NO_ROOT_POS;UNVOCALIZED
AR08637,شامل,صفة مشبهة,1153,13250,يحتوي على,شمل,,,,,,CANDIDATE,فاعل,L2_017 haiku b29,UNVOCALIZED;WAZN_NOT_IN_INV
AR08638,بما فيها,حرف,1153,13340,احتوى على بما فيه,,,,,,,CANDIDATE,,L2_017 haiku b29,UNVOCALIZED
AR08639,دمج,فعل,1153,13913,ضمّ واشتمل,دمج,,,,,,CANDIDATE,فَعَل,L2_017 haiku b29,UNVOCALIZED;WAZN_NOT_IN_INV
AR08640,مزعوم,اسم مفعول,1154,10691;10750,مدّعى حدوثه,زعم,مَفْعُولٌ,,,,,CANDIDATE,,L2_017 haiku b29,UNVOCALIZED
AR08641,مزعوماً,ظرف,1154,10692,على ما يُزعم,زعم,,,,,,CANDIDATE,مَفْعُولاً,L2_017 haiku b29,WAZN_NOT_IN_INV
AR08642,يُقال,صفة مشبهة,1154,10693,وفقاً لمصادر غير محددة,قيل,,,,,,CANDIDATE,يُفْعَل,L2_017 haiku b29,WAZN_NOT_IN_INV
AR08643,يبدو,فعل,1154,11442,يبدو بظاهره,بدو,,,,,,CANDIDATE,يَفْعَل,L2_017 haiku b29,UNVOCALIZED;WAZN_NOT_IN_INV
AR08644,ظاهري,صفة مشبهة,1154,11443,يبدو صحيحاً,ظهر,,,,,,CANDIDATE,فاعلي,L2_017 haiku b29,UNVOCALIZED;WAZN_NOT_IN_INV
AR08645,يُقال,ظرف,1154,11444,وفقاً لتقرير,قيل,,,,,,CANDIDATE,يُفْعَل,L2_017 haiku b29,WAZN_NOT_IN_INV
AR08646,ذاع,فعل,1154,12295,ينتشر كخبر,ذيع,,,,,,CANDIDATE,فاعَل,L2_017 haiku b29,UNVOCALIZED;WAZN_NOT_IN_INV
AR08647,إشاعة,اسم جامد,1154,12296,خبر متداول,شيع,,,,,,CANDIDATE,فِعالة,L2_017 haiku b29,UNVOCALIZED;WAZN_NOT_IN_INV
AR08648,يُفترض,ظرف,1154,13477,وفقاً لما يُعتقد,فرض,,,,,,CANDIDATE,يُفْتَعَل,L2_017 haiku b29,WAZN_NOT_IN_INV
AR08649,مثَلي,صفة مشبهة,1154,13789,معروف جداً,ثلي,,,,,,CANDIDATE,فَعَالي,L2_017 haiku b29,WAZN_NOT_IN_INV
AR08650,بقي,فعل,1155,10695,ظلّ في حالة محددة,بقي,,,,,,CANDIDATE,فَعِل,L2_017 haiku b29,UNVOCALIZED;WAZN_NOT_IN_INV
AR08651,مكث,فعل,1155,10913,ظلّ في نفس المكان,مكث,,,,,,CANDIDATE,فَعِل,L2_017 haiku b29,UNVOCALIZED;WAZN_NOT_IN_INV
AR08652,استقرّ,فعل,1155,13514,ظلّ في موضع,قرر,,,,,,CANDIDATE,اِسْتَفْعَل,L2_017 haiku b29,WAZN_LEMMA_MISMATCH;WAZN_NOT_IN_INV
AR08653,جدّد,فعل,1156,10698,استأنف بعد انقطاع,جدد,,,,,,CANDIDATE,فَعَّل,L2_017 haiku b29,WAZN_NOT_IN_INV
AR08654,استأنف,فعل,1156,10699,بدأ مجدداً,نءف,,,,,,CANDIDATE,اِسْتَفْعَل,L2_017 haiku b29,ROOT_NORMALIZED;UNVOCALIZED;WAZN_NOT_IN_INV
AR08655,أعاد البدء,تركيب,1156,11458,بدأ مجدداً,,,,,,,CANDIDATE,,L2_017 haiku b29,UNVOCALIZED
AR08656,ضروري,صفة مشبهة,1157,10705,مطلوب أو يجب أن يكون,ضرر,فَعِيلٌ,,,,,CANDIDATE,,L2_017 haiku b29,UNVOCALIZED
AR08657,متطلب,اسم فاعل,1157,10706,كيان مطلوب كشرط,طلب,مُتَفَعِّلٌ,,,,,CANDIDATE,,L2_017 haiku b29,UNVOCALIZED
AR08658,ضرورة,مصدر,1157,10708,حالة كون الشيء ضرورياً,ضرر,,,,,,CANDIDATE,فَعالة,L2_017 haiku b29,UNVOCALIZED;WAZN_NOT_IN_INV
AR08659,مطلوب,اسم مفعول,1157,10709;10712,لا غنى عنه,طلب,مَفْعُولٌ,,,,,CANDIDATE,,L2_017 haiku b29,UNVOCALIZED
AR08660,لا غنى عنه,صفة مشبهة,1157,10710,لا يمكن الاستغناء,غني,فَعِيلٌ,,,,,CANDIDATE,,L2_017 haiku b29,UNVOCALIZED
AR08661,أساسي,صفة مشبهة,1157,12205;15027,ضروري جداً,ءسس,,,,,,CANDIDATE,أفعالي,L2_017 haiku b29,ROOT_NORMALIZED;UNVOCALIZED;WAZN_NOT_IN_INV
AR08662,مشروع,اسم جامد,1158,10723,مشروع مخطط له,شرع,مَفْعُولٌ,,,,,CANDIDATE,,L2_017 haiku b29,UNVOCALIZED
AR08663,برنامج,اسم جامد,1158,10724,مجموعة تدابير بهدف طويل,برنج,فِعَالٌ,,,,,CANDIDATE,,L2_017 haiku b29,UNVOCALIZED
AR08664,خطة,اسم جامد,1158,13294,اقتراح تفصيلي,خطط,,,,,,CANDIDATE,فِعالة,L2_017 haiku b29,UNVOCALIZED;WAZN_LEMMA_MISMATCH;WAZN_NOT_IN_INV
AR08665,نظام,اسم جامد,1158,13295,خطة منظمة,نظم,فِعَالٌ,,,,,CANDIDATE,,L2_017 haiku b29,UNVOCALIZED
AR08666,خام,صفة مشبهة,1159,10719;10720,لم تتم معالجته,خيم,,,,,,CANDIDATE,فاعل,L2_017 haiku b29,UNVOCALIZED;WAZN_NOT_IN_INV
AR08667,غني,صفة مشبهة,1159,10721,خضع لمعالجة التغذية,غني,فَعِيلٌ,,,,,CANDIDATE,,L2_017 haiku b29,UNVOCALIZED
AR08668,معالج,اسم مفعول,1159,11438,خضع لمعالجة,علج,مُفَعَّلٌ,,,,,CANDIDATE,,L2_017 haiku b29,UNVOCALIZED
AR08669,سام,صفة مشبهة,1163,10751;10754;10756,مسموم أو ضار,سمم,,,,,,CANDIDATE,فاعل,L2_017 haiku b29,UNVOCALIZED;WAZN_LEMMA_MISMATCH;WAZN_NOT_IN_INV
AR08670,سم,اسم جامد,1163,10752;10753;10755,مادة سامة,سمم,,,,,,CANDIDATE,فِعّ,L2_017 haiku b29,UNVOCALIZED;WAZN_NOT_IN_INV
AR08671,إجباري,صفة مشبهة,1164,10770,مطلوب بموجب القانون,جبر,,,,,,CANDIDATE,إفعالي,L2_017 haiku b29,UNVOCALIZED;WAZN_NOT_IN_INV
AR08672,إلزامي,صفة مشبهة,1164,10771,مفروض بالقانون,لزم,,,,,,CANDIDATE,إفعالي,L2_017 haiku b29,UNVOCALIZED;WAZN_NOT_IN_INV
AR08673,واجب,صفة مشبهة,1164,10772;10773,ملزم بالقوة,وجب,,,,,,CANDIDATE,فاعل,L2_017 haiku b29,UNVOCALIZED;WAZN_NOT_IN_INV
AR08674,يجب على,فعل,1164,10774,يلزم على شخص,جيب,,,,,,CANDIDATE,يَفْعَل,L2_017 haiku b29,UNVOCALIZED;WAZN_NOT_IN_INV
AR08675,ملزم,صفة مشبهة,1164,15551,ينطوي على التزام,لزم,مُفَعِّلٌ,,,,,CANDIDATE,,L2_017 haiku b29,UNVOCALIZED
AR08676,طواعي,صفة مشبهة,1164,17510,غير إجباري,طوع,,,,,,CANDIDATE,فِعالي,L2_017 haiku b29,UNVOCALIZED;WAZN_NOT_IN_INV
AR08677,تبادل,فعل,1170,10784;10786,أعطى واستقبل,بدل,,,,,,CANDIDATE,تَفاعَل,L2_017 haiku b29,UNVOCALIZED;WAZN_NOT_IN_INV
AR08678,تاجر,فعل,1170,10785,بادل بتبديل,تجر,,,,,,CANDIDATE,فاعَل,L2_017 haiku b29,UNVOCALIZED;WAZN_NOT_IN_INV
AR08679,تبادل,مصدر,1170,10787;10788,فعل المبادلة,بدل,تَفَاعُلٌ,,,,,CANDIDATE,,L2_017 haiku b29,UNVOCALIZED
AR08680,تجارة,مصدر,1170,10789,نقل تبادل,تجر,,,,,,CANDIDATE,تِفالة,L2_017 haiku b29,UNVOCALIZED;WAZN_LEMMA_MISMATCH;WAZN_NOT_IN_INV
AR08681,بدّل,فعل,1170,13314;13862,بادل أو تبادل,بدل,,,,,,CANDIDATE,فَعَّل,L2_017 haiku b29,WAZN_NOT_IN_INV
AR08682,استبدل,فعل,1171,10790,أخذ مكان آخر,بدل,,,,,,CANDIDATE,اِسْتَفْعَل,L2_017 haiku b29,UNVOCALIZED;WAZN_NOT_IN_INV
AR08683,حلّ,فعل,1171,10791,قام مقام آخر,حلل,,,,,,CANDIDATE,فَعَّل,L2_017 haiku b29,WAZN_LEMMA_MISMATCH;WAZN_NOT_IN_INV
AR08684,خلف,فعل,1171,10792;16000,أخذ مكان الآخر,خلف,,,,,,CANDIDATE,فَعَل,L2_017 haiku b29,UNVOCALIZED;WAZN_NOT_IN_INV
AR08685,استبدال,مصدر,1171,10793,فعل أخذ الموضع,بدل,اِسْتِفْعَالٌ,,,,,CANDIDATE,,L2_017 haiku b29,UNVOCALIZED
AR08686,قام مقام,تركيب,1171,10817,خدم كبديل,,,,,,,CANDIDATE,,L2_017 haiku b29,UNVOCALIZED
AR08687,خلافة,مصدر,1171,16059,فعل استبدال,خلف,,,,,,CANDIDATE,فِعالة,L2_017 haiku b29,UNVOCALIZED;WAZN_NOT_IN_INV
AR08688,تغيّر,فعل,1172,10802,صار مختلفاً,غير,,,,,,CANDIDATE,تَفَعَّل,L2_017 haiku b29,WAZN_NOT_IN_INV
AR08689,انقلب,فعل,1172,10803,تحول في الطبيعة,قلب,,,,,,CANDIDATE,اِنْفَعَل,L2_017 haiku b29,UNVOCALIZED;WAZN_NOT_IN_INV
AR08690,تغيير,مصدر,1172,10804,عملية التحول,غير,تَفْعِيلٌ,,,,,CANDIDATE,,L2_017 haiku b29,UNVOCALIZED
AR08691,انحرف,فعل,1172,12887,تغيير سريع,حرف,,,,,,CANDIDATE,اِنْفَعَل,L2_017 haiku b29,UNVOCALIZED;WAZN_NOT_IN_INV
AR08692,تأرجح,فعل,1172,12888,تبدل مفاجئ,رجح,,,,,,CANDIDATE,تَفَعَّل,L2_017 haiku b29,UNVOCALIZED;WAZN_LEMMA_MISMATCH;WAZN_NOT_IN_INV
AR08693,انهار,فعل,1172,12960,تغيير للأسوأ,هور,,,,,,CANDIDATE,اِنْفَعَل,L2_017 haiku b29,UNVOCALIZED;WAZN_NOT_IN_INV
AR08694,متغيّر,صفة مشبهة,1172,13811,عرضة للتقلب,غير,مُتَفَعِّلٌ,,,,,CANDIDATE,,L2_017 haiku b29,
AR08695,تحول,مصدر,1172,13821,تغيير نسبي,حول,تَفْعِيلٌ,,,,,CANDIDATE,,L2_017 haiku b29,UNVOCALIZED
AR08696,تحوّل,فعل,1172,13822,خضع لتغيير,حول,,,,,,CANDIDATE,تَفَعَّل,L2_017 haiku b29,WAZN_NOT_IN_INV
AR08697,انتقال,مصدر,1172,14022,عملية التحول,نقل,,,,,,CANDIDATE,اِنْتِفال,L2_017 haiku b29,UNVOCALIZED;WAZN_LEMMA_MISMATCH;WAZN_NOT_IN_INV
AR08698,آل,فعل,1172,18229,تحول من حالة,ءول,,,,,,CANDIDATE,فاعَل,L2_017 haiku b29,ROOT_NORMALIZED;UNVOCALIZED;WAZN_NOT_IN_INV
AR08699,استبدل,فعل,1173,10824;13434,توقف استعمال الأداة,بدل,,,,,,CANDIDATE,اِسْتَفْعَل,L2_017 haiku b29,UNVOCALIZED;WAZN_NOT_IN_INV
AR08700,نقل,فعل,1173,10825,تغيير لموضع آخر,نقل,,,,,,CANDIDATE,فَعَل,L2_017 haiku b29,UNVOCALIZED;WAZN_NOT_IN_INV
AR08701,انتقل,فعل,1173,10826,تغيير الانتماء,نقل,,,,,,CANDIDATE,اِنْفَعَل,L2_017 haiku b29,UNVOCALIZED;WAZN_LEMMA_MISMATCH;WAZN_NOT_IN_INV
AR08702,بادل,فعل,1173,13435,استبدل أداة,بدل,,,,,,CANDIDATE,فاعَل,L2_017 haiku b29,UNVOCALIZED;WAZN_NOT_IN_INV
AR08703,إلى,حرف,1177,10799;14413,بخصوص موقع الهدف,,,,,,,CANDIDATE,,L2_017 haiku b29,UNVOCALIZED
AR08704,في,حرف,1178,10801,موجود ضمن الحدود,,,,,,,CANDIDATE,,L2_017 haiku b29,UNVOCALIZED
AR08705,داخل,حرف,1178,17222,ضمن الحدود,,,,,,,CANDIDATE,,L2_017 haiku b29,UNVOCALIZED
AR08706,بين,حرف,1178,17223;17226;17741;17742,محاط بمجموعة,,,,,,,CANDIDATE,,L2_017 haiku b29,UNVOCALIZED
AR08707,ضمن,حرف,1178,17225,في فضاء محدد,,,,,,,CANDIDATE,,L2_017 haiku b29,UNVOCALIZED
AR08708,وسط,حرف,1178,17720,محاط بكيان,,,,,,,CANDIDATE,,L2_017 haiku b29,UNVOCALIZED
AR08709,خارج,حرف,1178,17930,ليس بداخل,,,,,,,CANDIDATE,,L2_017 haiku b29,UNVOCALIZED
AR08710,خارج القاعدة,ظرف,1178,18470,خارج قاعدة عسكرية,,,,,,,CANDIDATE,,L2_017 haiku b29,ROOT_MISSING;UNVOCALIZED;WAZN_MISSING
AR08711,صرّف,فعل,1184,10814,استبدل العملة,صرف,,,,,,CANDIDATE,فَعَّل,L2_017 haiku b29,WAZN_NOT_IN_INV
AR08712,حوّل,فعل,1184,10815;10816,استبدل للعملة أخرى,حول,,,,,,CANDIDATE,فَعَّل,L2_017 haiku b29,WAZN_NOT_IN_INV
AR08713,معطل,اسم مفعول,1200,10848;10849;10850;16579,غير وظيفي,عطل,مُفَعَّلٌ,,,,,CANDIDATE,,L2_017 haiku b29,UNVOCALIZED
AR08714,عمل,فعل,1200,14071,وظيفة نظام,عمل,,,,,,CANDIDATE,فَعَل,L2_017 haiku b29,UNVOCALIZED;WAZN_NOT_IN_INV
AR08715,تشغيلي,صفة مشبهة,1200,14072,جاهز للعمل,شغل,,,,,,CANDIDATE,فِعالي,L2_017 haiku b29,UNVOCALIZED;WAZN_LEMMA_MISMATCH;WAZN_NOT_IN_INV
AR08716,عامل,صفة مشبهة,1200,15552;15930,يعمل بشكل مرضٍ,عمل,,,,,,CANDIDATE,فاعل,L2_017 haiku b29,UNVOCALIZED;WAZN_NOT_IN_INV
AR08717,بحالة جيدة,تركيب,1200,16877,في حالة عمل,,,,,,,CANDIDATE,,L2_017 haiku b29,UNVOCALIZED
AR08718,وظيفة,اسم جامد,1200,16988,القدرة على أداء,وظف,,,,,,CANDIDATE,فَعالة,L2_017 haiku b29,UNVOCALIZED;WAZN_NOT_IN_INV
AR08719,خلع,فعل,1210,10963;10964;10985;10990;10994;10996,أزال قطعة ملابس,خلع,,,,,,CANDIDATE,فَعَل,L2_017 haiku b29,UNVOCALIZED;WAZN_NOT_IN_INV
AR08720,انسل,فعل,1210,10965,أزال بأناقة,سلل,,,,,,CANDIDATE,اِنْفَعَل,L2_017 haiku b29,UNVOCALIZED;WAZN_LEMMA_MISMATCH;WAZN_NOT_IN_INV
AR08721,انسلخ,فعل,1210,10988;10991,أزال ملابس ملصقة,سلخ,,,,,,CANDIDATE,اِنْفَعَل,L2_017 haiku b29,UNVOCALIZED;WAZN_NOT_IN_INV
AR08722,سحب,فعل,1210,10989,أزال بقوة,سحب,,,,,,CANDIDATE,فَعَل,L2_017 haiku b29,UNVOCALIZED;WAZN_NOT_IN_INV
AR08723,ارتدى,فعل,1211,10970;10971;10981;10983;10995,ألبس قطعة ملابس,ردي,,,,,,CANDIDATE,اِفْتِعَل,L2_017 haiku b29,UNVOCALIZED;WAZN_NOT_IN_INV
AR08724,انسلّ,فعل,1211,10972,ارتدى بأناقة,سلل,,,,,,CANDIDATE,اِنْفَعَل,L2_017 haiku b29,WAZN_LEMMA_MISMATCH;WAZN_NOT_IN_INV
AR08725,سحب,فعل,1211,10973,ارتدى الملابس,سحب,,,,,,CANDIDATE,فَعَل,L2_017 haiku b29,UNVOCALIZED;WAZN_NOT_IN_INV
AR08726,تزيّن,فعل,1211,10982,ارتدى ملابس رسمية,زين,,,,,,CANDIDATE,تَفَعَّل,L2_017 haiku b29,WAZN_NOT_IN_INV
AR08727,تذكّر,فعل,1220,11022,استحضر واقعة,ذكر,,,,,,CANDIDATE,تَفَعَّل,L2_017 haiku b29,WAZN_NOT_IN_INV
AR08728,نسي,فعل,1220,11024;11072,عجز عن التذكر,نسي,,,,,,CANDIDATE,فَعِل,L2_017 haiku b29,UNVOCALIZED;WAZN_NOT_IN_INV
AR08729,تذكّر,فعل,1221,11023,احتفظ بعمل,ذكر,,,,,,CANDIDATE,تَفَعَّل,L2_017 haiku b29,WAZN_NOT_IN_INV
AR08730,نسي,فعل,1221,11025,أهمل فعل أمر,نسي,,,,,,CANDIDATE,فَعِل,L2_017 haiku b29,UNVOCALIZED;WAZN_NOT_IN_INV
AR08731,ذَكَرَ,فعل,1222,11021,استحضار المتكلم ذاكرةً للخبرة الماضية.,ذكر,فَعَلَ,,,,,CANDIDATE,,L2_017 haiku b30,
AR08732,نَسِيَ,فعل,1222,11070,فشل المتكلم في استذكار تجربة ماضية.,نسي,فَعِلَ,,,,,CANDIDATE,,L2_017 haiku b30,
AR08733,ذِكْرَى,اسم جامد,1222,11071,استحضار عقلي لحدث أو كيان من الماضي.,ذكر,فِعْلَى (لغير التأنيث),,,,,CANDIDATE,,L2_017 haiku b30,
AR08734,تَذَكَّرَ,فعل,1222,12440;12476,استدعاء المتكلم ذاكرةً للخبرة السابقة بجهد.,ذكر,تَفَعَّلَ,,,,,CANDIDATE,,L2_017 haiku b30,
AR08735,التفتَ,فعل,1222,12441,توجيه المتكلم انتباهه إلى تجربة ماضية.,لفت,اِفْتَعَلَ,,,,,CANDIDATE,,L2_017 haiku b30,
AR08736,أَقَرَّ,فعل,1230,11041,تأكيد المفتش صحة المضمون بفحص الأدلة.,قرر,أَفْعَلَ,,,,,CANDIDATE,,L2_017 haiku b30,WAZN_LEMMA_MISMATCH
AR08737,تَحَقَّقَ,فعل,1230,11042,بلوغ المفتش يقينًا بصحة المضمون.,حقق,تَفَعَّلَ,,,,,CANDIDATE,,L2_017 haiku b30,
AR08738,تَأْكِيد,مصدر,1230,11043,تصريح المفتش بصحة أو دقة المضمون.,ءكد,تَفْعِيلٌ,,,,,CANDIDATE,,L2_017 haiku b30,ROOT_NORMALIZED
AR08739,تَحَقُّق,مصدر,1230,11044,عملية التحقق من صحة أو دقة المضمون.,حقق,تَفَعُّلٌ,,,,,CANDIDATE,,L2_017 haiku b30,
AR08740,عَرَّفَ,فعل,1230,11421,تحديد المفتش هوية الكيان المشكوك فيه.,عرف,فَعَّلَ,,,,,CANDIDATE,,L2_017 haiku b30,
AR08741,قَابِل للتَّحَقُّق,صفة مشبهة,1230,12562,المضمون الذي يمكن التحقق من صحته.,حقق,,,,,,CANDIDATE,,L2_017 haiku b30,WAZN_MISSING
AR08742,أَثْبَتَ,فعل,1230,13395,تقديم المفتش دليلًا لدعم صحة المضمون.,ثبت,أَفْعَلَ,,,,,CANDIDATE,,L2_017 haiku b30,
AR08743,تَأَكَّدَ,فعل,1230,13941,ضمان المفتش أو تأكيد صحة المضمون.,ءكد,تَفَعَّلَ,,,,,CANDIDATE,,L2_017 haiku b30,ROOT_NORMALIZED
AR08744,صَادَقَ,فعل,1230,14651,تصريح المفتش رسميًا بصحة أو دقة المضمون.,صدق,فَاعَلَ,,,,,CANDIDATE,,L2_017 haiku b30,
AR08745,غَيْر مُؤَكَّد,تركيب,1230,16747,المضمون الذي لم يتحقق من صحته بعد.,,,,,,,CANDIDATE,,L2_017 haiku b30,
AR08746,مَجْهُول الهُوِيَّة,تركيب,1230,18680,الكيان الذي لم تُحدَّد هويته أو لم تُتَحَقَّق منها.,,,,,,,CANDIDATE,,L2_017 haiku b30,
AR08747,تَنَازَلَ,فعل,1231,11046,إعلان المتكلم رسميًا تخليه عن حق أو ملكية.,نزل,تَفَاعَلَ,,,,,CANDIDATE,,L2_017 haiku b30,
AR08748,تَخَلٍّ,مصدر,1231,11047,إعلان المتكلم عدم رغبته بالاستمرار في علاقة بالمضمون.,خلي,تَفَعُّلٌ,,,,,CANDIDATE,,L2_017 haiku b30,
AR08749,صَنَّفَ,فعل,1250,11194,إسناد المتكلم وسم للكيان ضمن فئة معينة.,صنف,فَعَّلَ,,,,,CANDIDATE,,L2_017 haiku b30,
AR08750,سَمَّى,فعل,1250,11195,استعمال المتكلم وسماً معينًا للإشارة إلى الكيان.,سمي,فَعَّلَ,,,,,CANDIDATE,,L2_017 haiku b30,
AR08751,وَسَمَ,فعل,1250,11196;11229,إطلاق المتكلم وسم محدد على الكيان.,وسم,فَعَلَ,,,,,CANDIDATE,,L2_017 haiku b30,
AR08752,سِمِيّ,اسم جامد,1252,11207,كيان يشترك مع آخر في الاسم ذاته.,سمي,,,,,,CANDIDATE,فِعِيل,L2_017 haiku b30,WAZN_NOT_IN_INV
AR08753,مُسَمًّى باسم,تركيب,1252,11208,كيان مُشتق اسمه من شيء آخر.,,,,,,,CANDIDATE,,L2_017 haiku b30,
AR08754,خَاطَبَ,فعل,1253,11209,بدء المتكلم حوارًا بالإشارة إلى المُخاطَب باسمه.,خطب,فَاعَلَ,,,,,CANDIDATE,,L2_017 haiku b30,
AR08755,نَادَى,فعل,1253,11210,مناداة المتكلم للكيان باسم أو لقب محدد.,ندي,فَاعَلَ,,,,,CANDIDATE,,L2_017 haiku b30,
AR08756,أَشَارَ,فعل,1253,11220,دلالة المتكلم على الكيان باسم أو لقب.,شير,أَفْعَلَ,,,,,CANDIDATE,,L2_017 haiku b30,
AR08757,اسْم,اسم جامد,1253,12655,الكلمة أو العبارة التي يُعرَّف بها الكيان أو يُدعَى.,سمي,فِعْلٌ,,,,,CANDIDATE,,L2_017 haiku b30,
AR08758,تَسْمِيَة,مصدر,1253,12656,اسم أو مصطلح يستعمله المتكلم للدلالة على الكيان.,سمي,تَفْعِيلَةٌ,,,,,CANDIDATE,,L2_017 haiku b30,
AR08759,مُصْطَلَح,اسم جامد,1260,11230,كلمة أو عبارة تُستعمل للدلالة على نوع من الكيان.,طلح,مُفْعَلٌ,,,,,CANDIDATE,,L2_017 haiku b30,WAZN_LEMMA_MISMATCH
AR08760,كَلِمَة,اسم جامد,1260,11231,وحدة لغوية مستقلة تدخل في تكوين الجمل.,كلم,فَعِلَةٌ,,,,,CANDIDATE,,L2_017 haiku b30,
AR08761,سَمَّى,فعل,1261,11232,استعمال المتكلم عُرفيًا كلمة معينة للإشارة إلى الكيان.,سمي,فَعَّلَ,,,,,CANDIDATE,,L2_017 haiku b30,
AR08762,أَسْمَى,فعل,1261,11233,دعوة المتكلم الكيان بمصطلح محدد عرفيًا.,سمي,أَفْعَلَ,,,,,CANDIDATE,,L2_017 haiku b30,
AR08763,فَتَّشَ,فعل,1262,11265;11267;11272,توجيه المفتش انتباهه الإدراكي للأرضية.,فتش,فَعَّلَ,,,,,CANDIDATE,,L2_017 haiku b30,
AR08764,صَحَّحَ,فعل,1262,11266,قراءة المفتش وتصحيح الأخطاء في النصوص.,صحح,فَعَّلَ,,,,,CANDIDATE,,L2_017 haiku b30,
AR08765,فِحْص,مصدر,1262,11268;11273,عملية تفحص شيء بعناية لتحديد حالته.,فحص,فِعْلٌ,,,,,CANDIDATE,,L2_017 haiku b30,
AR08766,فَحَصَ,فعل,1262,11269;11271,تقصي المفتش الأرضية للتأكد من سلامتها.,فحص,فَعَلَ,,,,,CANDIDATE,,L2_017 haiku b30,
AR08767,تَثَبَّتَ,فعل,1262,11270,إعادة فحص المفتش للأرضية للتحقق.,ثبت,تَفَعَّلَ,,,,,CANDIDATE,,L2_017 haiku b30,
AR08768,مَشَّطَ,فعل,1263,11278;11279,بحث المفتش الشامل عن الكيان المطلوب في الأرضية.,شط,فَعَّلَ,,,,,CANDIDATE,,L2_017 haiku b30,ROOT_LEN
AR08769,نَهَبَ,فعل,1263,11280,بحث شامل ومتوحش عن الكيان المطلوب.,نهب,فَعَلَ,,,,,CANDIDATE,,L2_017 haiku b30,
AR08770,غَرْبَلَ,فعل,1263,11281,معاينة دقيقة لعزل المهم عن غير المهم.,غربل,فَعْلَلَ,,,,,CANDIDATE,,L2_017 haiku b30,
AR08771,تَفَقَّدَ,فعل,1263,11282,بحث المفتش الشامل عن الكيان المطلوب.,فقد,تَفَعَّلَ,,,,,CANDIDATE,,L2_017 haiku b30,
AR08772,تَفَتِيش,مصدر,1263,11283,عملية البحث الشاملة عن شيء معين.,فتش,تَفْعِيلٌ,,,,,CANDIDATE,,L2_017 haiku b30,
AR08773,فَتَّشَ,فعل,1263,11284,بحث غير منظم لكن شامل عن شيء.,فتش,فَعَّلَ,,,,,CANDIDATE,,L2_017 haiku b30,
AR08774,نَقَّبَ,فعل,1263,15668,بحث قوي وشامل ومكثف عن الكيان.,نقب,فَعَّلَ,,,,,CANDIDATE,,L2_017 haiku b30,
AR08775,حَادّ,صفة مشبهة,1271,11335,الكيان الذي له حافة أو نقطة قاطعة.,حد,فَاعِلٌ,,,,,CANDIDATE,,L2_017 haiku b30,ROOT_LEN
AR08776,كَاهِل,صفة مشبهة,1271,11336,الكيان الذي يفتقد الحدة والقطع.,كهل,فَاعِلٌ,,,,,CANDIDATE,,L2_017 haiku b30,
AR08777,أَعْمَى,صفة مشبهة,1271,11344,الكيان الذي يفتقد حافة حادة أو نقطة.,عمي,أَفْعَلُ,,,,,CANDIDATE,,L2_017 haiku b30,
AR08778,حَدَّ,فعل,1291,11361,جعل العامل الكيان أكثر حدة.,حد,فَعَّلَ,,,,,CANDIDATE,,L2_017 haiku b30,ROOT_LEN
AR08779,كَهَلَ,فعل,1291,11362,جعل العامل الكيان أقل حدة.,كهل,فَعَلَ,,,,,CANDIDATE,,L2_017 haiku b30,
AR08780,أَعْمَى,فعل,1291,12845,جعل العامل الكيان أقل حدة.,عمي,أَفْعَلَ,,,,,CANDIDATE,,L2_017 haiku b30,
AR08781,اختَبَرَ,فعل,1301,11462,خضوع المنتج لعملية التقويم.,جبر,اِفْتَعَلَ,,,,,CANDIDATE,,L2_017 haiku b30,WAZN_LEMMA_MISMATCH
AR08782,اختِبَار,مصدر,1301,11463;11466,إجراء لتقويم جودة أو أداء الشيء.,جبر,اِفْتِعَالٌ,,,,,CANDIDATE,,L2_017 haiku b30,WAZN_LEMMA_MISMATCH
AR08783,اختَبَرَ جَوّاً,تركيب,1301,11464;13084,اختبار المنتج أثناء الطيران.,,,,,,,CANDIDATE,,L2_017 haiku b30,
AR08784,اختَبَرَ بِالتَّصادُم,تركيب,1301,11465,تعريض السيارة للاصطدام المتحكم به.,,,,,,,CANDIDATE,,L2_017 haiku b30,
AR08785,اختِبَار جَوّي,تركيب,1301,11467;12255,عملية اختبار أداء الطائرة أثناء الطيران.,,,,,,,CANDIDATE,,L2_017 haiku b30,
AR08786,تَجْرِبَة,مصدر,1301,18806,الاختبار الذي يحدد فعالية شيء.,جرب,تَفْعِيلَةٌ,,,,,CANDIDATE,,L2_017 haiku b30,
AR08787,جَرَّبَ,فعل,1301,18808,تحديد المختبر كفاءة عمل الشيء.,جرب,فَعَّلَ,,,,,CANDIDATE,,L2_017 haiku b30,
AR08788,اسْتَجَابَ,فعل,1302,11468,تفاعل الكيان المستجيب لحدث المحفز.,جيب,اِسْتَفْعَلَ,,,,,CANDIDATE,,L2_017 haiku b30,
AR08789,اسْتِجَابَة,مصدر,1302,11469,الفعل الناتج عن تفاعل الكيان للمحفز.,جيب,اِسْتِفْعَالَةٌ,,,,,CANDIDATE,,L2_017 haiku b30,
AR08790,رَدَّ,فعل,1302,11470,فعل الكيان كرد على المحفز.,ردد,فَعَّلَ,,,,,CANDIDATE,,L2_017 haiku b30,WAZN_LEMMA_MISMATCH
AR08791,رَدّ فِعْل,تركيب,1302,11471,حالة فعل الكيان نتيجة المحفز.,,,,,,,CANDIDATE,,L2_017 haiku b30,
AR08792,وَفَّى,فعل,1302,15654,فعل الكيان المستجيب بشأن المحفز.,وفي,فَعَّلَ,,,,,CANDIDATE,,L2_017 haiku b30,
AR08793,تَصَرَّفَ,فعل,1302,17819,تنبه الكيان وتفاعله مع المحفز.,صرف,تَفَعَّلَ,,,,,CANDIDATE,,L2_017 haiku b30,
AR08794,تَهَرَّبَ,فعل,1303,11486,تفادي المتملص للكيان السيء بحركة سريعة.,هرب,تَفَعَّلَ,,,,,CANDIDATE,,L2_017 haiku b30,
AR08795,مُراوَغَة,مصدر,1303,11487,عملية تفادي المتملص الكيان السيء.,راغ,مُفَاعَلَةٌ,,,,,CANDIDATE,,L2_017 haiku b30,ROOT_ALIF
AR08796,مِرافَق,مصدر,1303,11491,تحرك المتملص جانبًا لتفادي الكيان.,رفق,,,,,,CANDIDATE,مِفَاعَل,L2_017 haiku b30,WAZN_NOT_IN_INV
AR08797,اِنْحَرَفَ,فعل,1303,11492,تنحي المتملص جانبًا لتفادي الكيان.,حرف,اِفْتَعَلَ,,,,,CANDIDATE,,L2_017 haiku b30,WAZN_LEMMA_MISMATCH
AR08798,اِمْتَنَعَ,فعل,1304,11473;11475,تقرير المتنازل الامتناع عن الأمر المرغوب.,منع,اِفْتَعَلَ,,,,,CANDIDATE,,L2_017 haiku b30,
AR08799,تَخَطَّى,فعل,1304,11474,عدم مشاركة المتنازل في أمر معين.,خطي,تَفَعَّلَ,,,,,CANDIDATE,,L2_017 haiku b30,
AR08800,اِمْتِنَاع,مصدر,1304,11476;11477,تعفف المتنازل عن الفعل.,منع,اِفْتِعَالٌ,,,,,CANDIDATE,,L2_017 haiku b30,
AR08801,كَفَّ,فعل,1304,11478;11479,عدم إقدام المتنازل على الفعل.,كف,فَعَّلَ,,,,,CANDIDATE,,L2_017 haiku b30,ROOT_LEN
AR08802,صَبْر,مصدر,1304,11480,ضبط المتنازل النفس بهدوء.,صبر,فَعْلٌ,,,,,CANDIDATE,,L2_017 haiku b30,
AR08803,صَابِر,اسم فاعل,1304,11481,المتنازل الهادئ والمضبوط النفس.,صبر,فَاعِلٌ,,,,,CANDIDATE,,L2_017 haiku b30,
AR08804,اِسْتَغْنَى,فعل,1304,18324;18325,امتناع المتنازل عن المشاركة.,غني,اِسْتَفْعَلَ,,,,,CANDIDATE,,L2_017 haiku b30,
AR08805,أَفْلَتَ,فعل,1305,11488;11490,فشل المُستشعِر في بلوغ الغاية المرغوبة.,فلت,أَفْعَلَ,,,,,CANDIDATE,,L2_017 haiku b30,
AR08806,نَجَا,فعل,1305,11489,عدم تمكن المُستشعِر من بلوغ الغاية.,نجي,فَعَلَ,,,,,CANDIDATE,,L2_017 haiku b30,
AR08807,عَارَضَ,فعل,1306,11496,عدم موافقة المُدرِك واستنكاره للمسألة.,عرض,فَاعَلَ,,,,,CANDIDATE,,L2_017 haiku b30,
AR08808,لِصَالِح,حرف,1306,11498;11505,تأييد المُدرِك وإيجابيته تجاه المسألة.,,,,,,,CANDIDATE,,L2_017 haiku b30,
AR08809,ضِدّ,حرف,1306,11499,معارضة المُدرِك وسلبيته تجاه المسألة.,,,,,,,CANDIDATE,,L2_017 haiku b30,
AR08810,لِصَالِح,ظرف,1306,11500,تأييد المُدرِك لوجهة النظر الإيجابية.,,,,,,,CANDIDATE,,L2_017 haiku b30,ROOT_MISSING;WAZN_MISSING
AR08811,أَيَّدَ,فعل,1306,11501,موافقة المُدرِك على المسألة.,ءيد,أَفْعَلَ,,,,,CANDIDATE,,L2_017 haiku b30,ROOT_NORMALIZED
AR08812,انْحَازَ,فعل,1306,11502,اختيار المُدرِك إحدى طرفي النزاع.,نحي,اِنْفَعَلَ,,,,,CANDIDATE,,L2_017 haiku b30,
AR08813,فِئَة,اسم جامد,1306,11503,المجموعة المعارضة أو المؤيدة.,فيي,فِعْلَةٌ,,,,,CANDIDATE,,L2_017 haiku b30,
AR08814,مُعَارَضَة,مصدر,1306,11504;13389,الاستنكار أو عدم الموافقة.,عرض,مُفَاعَلَةٌ,,,,,CANDIDATE,,L2_017 haiku b30,
AR08815,دَاعِم,اسم فاعل,1306,11506;13141,المُدرِك الذي يتخذ موقفًا مؤيدًا.,دعم,فَاعِلٌ,,,,,CANDIDATE,,L2_017 haiku b30,
AR08816,مُعَارِض,اسم فاعل,1306,13140,الطرف الذي يتخذ موقفًا معارضًا.,عرض,مُفَاعِلٌ,,,,,CANDIDATE,,L2_017 haiku b30,
AR08817,أَقَرَّ,فعل,1306,13711,إعلان المُدرِك علنًا تأييده للمسألة.,قرر,أَفْعَلَ,,,,,CANDIDATE,,L2_017 haiku b30,WAZN_LEMMA_MISMATCH
AR08818,دَعَمَ,فعل,1306,13989,إعطاء المُدرِك دعماً معنويًا أو ماديًا.,دعم,فَعَلَ,,,,,CANDIDATE,,L2_017 haiku b30,
AR08819,دَعْم,مصدر,1306,14562,المساعدة والتأييد للمسألة.,دعم,فَعْلٌ,,,,,CANDIDATE,,L2_017 haiku b30,
AR08820,آمَنَ,فعل,1306,15794,وجود رأي إيجابي للمُدرِك بالمسألة.,ءمن,فَعَلَ,,,,,CANDIDATE,,L2_017 haiku b30,ROOT_NORMALIZED
AR08821,جَانِب,اسم جامد,1306,17329,وجهة نظر محددة في النزاع.,جنب,فَاعِلٌ,,,,,CANDIDATE,,L2_017 haiku b30,
AR08822,عَبَرَ,فعل,1310,11517;11535,غيير الموضوع موضعه عبر منطقة معينة.,عبر,فَعَلَ,,,,,CANDIDATE,,L2_017 haiku b30,
AR08823,التفَّ,فعل,1310,11522,تحرك الموضوع حول حافة الموضع.,لفف,اِفْتَعَلَ,,,,,CANDIDATE,,L2_017 haiku b30,WAZN_LEMMA_MISMATCH
AR08824,صَعِدَ,فعل,1310,11526;11541,رقي الموضوع من موضع أدنى لأعلى.,صعد,فَعِلَ,,,,,CANDIDATE,,L2_017 haiku b30,
AR08825,نُزُول,مصدر,1310,11533,عملية حركة الموضوع نزولًا.,نزل,فُعُولٌ,,,,,CANDIDATE,,L2_017 haiku b30,
AR08826,نَزَلَ,فعل,1310,11534,تحرك الموضوع نزولاً من موضع أعلى.,نزل,فَعَلَ,,,,,CANDIDATE,,L2_017 haiku b30,
AR08827,تَقَاطَعَ,فعل,1310,11536,حركة الموضوع ذهابًا وإيابًا بشكل متقاطع.,قطع,تَفَاعَلَ,,,,,CANDIDATE,,L2_017 haiku b30,
AR08828,صُعُود,مصدر,1310,11540,عملية ارتقاء الموضوع صعودًا.,صعد,فُعُولٌ,,,,,CANDIDATE,,L2_017 haiku b30,
AR08829,قَفَزَ,فعل,1310,12873;12983,عبور الموضوع بالقفز على عقبة.,قفز,فَعَلَ,,,,,CANDIDATE,,L2_017 haiku b30,
AR08830,مَرَّ,فعل,1310,12878,تجاوز الموضوع موضعاً معيناً.,مرر,فَعَّلَ,,,,,CANDIDATE,,L2_017 haiku b30,WAZN_LEMMA_MISMATCH
AR08831,دَارَ,فعل,1310,12893,دوران الموضوع حول موضع معين.,دور,فَاعَلَ,,,,,CANDIDATE,,L2_017 haiku b30,
AR08832,وَثَبَ,فعل,1310,12982,قفز الموضوع فوق شيء ما.,وثب,فَعَلَ,,,,,CANDIDATE,,L2_017 haiku b30,
AR08833,غَاز,اسم جامد,1321,11601,مادة سائلة الهواء تملأ أي حيز.,غيز,فَاعِلٌ,,,,,CANDIDATE,,L2_017 haiku b30,
AR08834,رَمْل,اسم جامد,1321,11602,مادة حبيبية ناتجة عن تحلل الصخور.,رمل,فَعْلٌ,,,,,CANDIDATE,,L2_017 haiku b30,
AR08835,زَيْت,اسم جامد,1321,11603,سائل لزج مشتق من البترول للوقود.,زيت,فَعْلٌ,,,,,CANDIDATE,,L2_017 haiku b30,
AR08836,سَائِل,اسم فاعل,1321,11604,مادة تسيل لكن بحجم ثابت.,سيل,فَاعِلٌ,,,,,CANDIDATE,,L2_017 haiku b30,
AR08837,مِيثَان,اسم جامد,1321,11605,غاز مشتعل خالي من اللون والرائحة.,,,,,,,CANDIDATE,,L2_017 haiku b30,ROOT_MISSING;WAZN_MISSING
AR08838,كِيمْيَائِي,اسم جامد,1321,11606,مادة كيميائية مركبة صنعية أو طبيعية.,,,,,,,CANDIDATE,,L2_017 haiku b30,ROOT_MISSING;WAZN_MISSING
AR08839,حَدِيد,اسم جامد,1321,11607,معدن قوي مغناطيسي يُستعمل صناعيًا.,حديد,فَعِيلٌ,,,,,CANDIDATE,,L2_017 haiku b30,
AR08840,مَادَّة,اسم جامد,1321,11726,الجوهر المادي أو المادة الأساسية.,مادة,فَاعِلَةٌ,,,,,CANDIDATE,,L2_017 haiku b30,ROOT_ALIF
AR08841,يُورَانِيُوم,اسم جامد,1321,12169,عنصر كيميائي معدني مشع.,,,,,,,CANDIDATE,,L2_017 haiku b30,ROOT_MISSING;WAZN_MISSING
AR08842,أَلُومِنْيُوم,اسم جامد,1321,12251,معدن خفيف فضي مقاوم للتآكل.,,,,,,,CANDIDATE,,L2_017 haiku b30,ROOT_MISSING;WAZN_MISSING
AR08843,بْلُوتُونْيُوم,اسم جامد,1321,12253,عنصر معدني مشع كثيف.,,,,,,,CANDIDATE,,L2_017 haiku b30,ROOT_MISSING;WAZN_MISSING
AR08844,أَتْرُوپِين,اسم جامد,1321,12384,مركب سام يُستعمل طبياً.,,,,,,,CANDIDATE,,L2_017 haiku b30,ROOT_MISSING;WAZN_MISSING
AR08845,يُورَانِيُوم مُثَقَّل,تركيب,1321,12404,مادة مشتقة من تكرير اليورانيوم.,,,,,,,CANDIDATE,,L2_017 haiku b30,
AR08846,صَلْب,اسم جامد,1321,12705,مادة ذات شكل وحجم ثابتين.,صلب,فَعْلٌ,,,,,CANDIDATE,,L2_017 haiku b30,
AR08847,خَام,اسم جامد,1321,12719,صخر طبيعي يحتوي على معادن مفيدة.,خيم,فَاعِلٌ,,,,,CANDIDATE,,L2_017 haiku b30,
AR08848,بِترُول,اسم جامد,1321,12870,زيت معدني يُستخرج من الأرض.,,,,,,,CANDIDATE,,L2_017 haiku b30,ROOT_MISSING;WAZN_MISSING
AR08849,مَاء,اسم جامد,1321,15541,سائل عديم اللون وضروري للحياة.,ميي,فَاعِلٌ,,,,,CANDIDATE,,L2_017 haiku b30,
AR08850,عَصِير,اسم جامد,1321,15912,سائل يُستخلص من نبات أو فاكهة.,عصر,فَعِيلٌ,,,,,CANDIDATE,,L2_017 haiku b30,
AR08851,مَعْدِن,اسم جامد,1321,15949,مادة لامعة وموصلة للكهرباء.,معدن,,,,,,CANDIDATE,فَعْلِن,L2_017 haiku b30,WAZN_NOT_IN_INV
AR08852,زُجَاج,اسم جامد,1321,15964,مادة شفافة وهشة مصنوعة من السيليكا.,زجج,فُعَالٌ,,,,,CANDIDATE,,L2_017 haiku b30,
AR08853,وَرَق,اسم جامد,1321,16417,مادة رقيقة من لب الخشب.,ورق,فَعَلٌ,,,,,CANDIDATE,,L2_017 haiku b30,
AR08854,طِين,اسم جامد,1321,16726,خليط لزج من التراب والماء.,طين,فِعْلٌ,,,,,CANDIDATE,,L2_017 haiku b30,
AR08855,إسْمِنْت,اسم جامد,1321,16804,مادة تصلد من الحجر الجيري المحروق.,,,,,,,CANDIDATE,,L2_017 haiku b30,ROOT_MISSING;WAZN_MISSING
AR08856,كَالْسْيُوم,اسم جامد,1321,16920,عنصر كيميائي معدني.,,,,,,,CANDIDATE,,L2_017 haiku b30,ROOT_MISSING;WAZN_MISSING
AR08857,أُوكْسِجِين,اسم جامد,1321,17635,غاز عديم اللون ضروري للتنفس.,,,,,,,CANDIDATE,,L2_017 haiku b30,ROOT_MISSING;WAZN_MISSING
AR08858,سَمَاد,اسم جامد,1321,18606,مادة تُضاف للتربة لتخصيبها.,سمد,فَعَالٍ,,,,,CANDIDATE,,L2_017 haiku b30,
AR08859,عَامِل,اسم فاعل,1322,11608,مادة كيميائية قادرة على إحداث أثر.,عمل,فَاعِلٌ,,,,,CANDIDATE,,L2_017 haiku b30,
AR08860,فَعَّال,صفة مشبهة,1322,11609,مادة ذات تأثير كيميائي أو حيوي.,فعل,فَعَّالٌ,,,,,CANDIDATE,,L2_017 haiku b30,
AR08861,حَيَوِي الفِعْل,تركيب,1322,12383,مادة ذات تأثير حيوي.,,,,,,,CANDIDATE,,L2_017 haiku b30,
AR08862,عَامِل مُسَبِّب,تركيب,1322,12629,مادة قادرة على إحداث أثر محدد.,,,,,,,CANDIDATE,,L2_017 haiku b30,
AR08863,مُهَيِّج,اسم فاعل,1322,13113,مادة تهيج جزءاً من الجسم.,هيج,مُفَعِّلٌ,,,,,CANDIDATE,,L2_017 haiku b30,
AR08864,مُرَتِّل,اسم فاعل,1322,13114,مادة تشل الشخص مؤقتاً بلا جرح.,رتل,مُفَعِّلٌ,,,,,CANDIDATE,,L2_017 haiku b30,
AR08865,دَفَعَ,فعل,1330,11620,صد المدافع هجوم المعتدي.,دفع,فَعَلَ,,,,,CANDIDATE,,L2_017 haiku b30,
AR08866,دِفَاع,مصدر,1330,11621,عملية الصد والحماية من الهجوم.,دفع,فِعَالٌ,,,,,CANDIDATE,,L2_017 haiku b30,
AR08867,دِفَاعِي,اسم منسوب,1330,11622,مستخدم أو مخصص للدفاع.,دفع,,,,,,CANDIDATE,فِعَالِي,L2_017 haiku b30,WAZN_NOT_IN_INV
AR08868,حَافَظَ,فعل,1330,13436,الدفاع عن منطقة محصنة.,حفظ,فَاعَلَ,,,,,CANDIDATE,,L2_017 haiku b30,
AR08869,مُدَافِع,اسم فاعل,1330,13512,شخص يدافع عن شيء.,دفع,مُفَاعِلٌ,,,,,CANDIDATE,,L2_017 haiku b30,
AR08870,تُحْصِينَات,اسم جامد,1330,14255,حصون وتحصينات ضد الهجوم.,حصن,,,,,,CANDIDATE,تُفْعِيلَات,L2_017 haiku b30,WAZN_NOT_IN_INV
AR08871,دِفَاع بَيُولُوجِي,تركيب,1330,14679,الدفاع ضد الأسلحة البيولوجية.,,,,,,,CANDIDATE,,L2_017 haiku b30,
AR08872,تَقَدَّمَ,فعل,1340,11642;11644,تطور الكيان نحو حالة أفضل.,قدم,تَفَعَّلَ,,,,,CANDIDATE,,L2_017 haiku b30,
AR08873,تَقَدُّم,مصدر,1340,11643;11645;13552,التطور نحو حالة أكثر تقدماً.,قدم,تَفَعُّلٌ,,,,,CANDIDATE,,L2_017 haiku b30,
AR08874,تَطَوُّر,مصدر,1340,11646,عملية الرقي والتحسن المستمر.,طور,تَفَعُّلٌ,,,,,CANDIDATE,,L2_017 haiku b30,
AR08875,تَطَوَّرَ,فعل,1340,11647,اصبح الكيان أكثر تقدماً.,طور,تَفَعَّلَ,,,,,CANDIDATE,,L2_017 haiku b30,
AR08876,نَضِجَ,فعل,1340,11648,اصبح الكيان أكثر تطوراً ونضجاً.,نضج,فَعِلَ,,,,,CANDIDATE,,L2_017 haiku b30,
AR08877,نُضُوج,مصدر,1340,12862,عملية وصول الكيان إلى مرحلة النضج.,نضج,فُعُولٌ,,,,,CANDIDATE,,L2_017 haiku b30,
AR08878,تَوَقَّفَ,فعل,1340,17305,توقف الكيان عن التطور والنمو.,وقف,تَفَعَّلَ,,,,,CANDIDATE,,L2_017 haiku b30,
AR08879,تَسَلْسُل,مصدر,1340,18712,تتابع التغيير وفق التوقعات.,سلسل,تَفَعُّلٌ,,,,,CANDIDATE,,L2_017 haiku b30,
AR08880,نَاضِج,اسم فاعل,1341,11649,الكيان الذي وصل لمرحلة متطورة.,نضج,فَاعِلٌ,,,,,CANDIDATE,,L2_017 haiku b30,
AR08881,مُتَقَدِّم,اسم فاعل,1341,11650,الكيان الذي حقق تقدماً كبيراً.,قدم,مُتَفَعِّلٌ,,,,,CANDIDATE,,L2_017 haiku b30,
AR08882,مُتَطَوِّر,اسم فاعل,1341,11651,الكيان الذي حقق مستوى من التطور.,طور,مُتَفَعِّلٌ,,,,,CANDIDATE,,L2_017 haiku b30,
AR08883,جِيل جَديد,تركيب,1341,11652,مرحلة متقدمة من الكيان.,,,,,,,CANDIDATE,,L2_017 haiku b30,
AR08884,تَقْنِيَّة منخفضة,تركيب,1341,12869,الكيان الذي يستعمل تقنية محدودة.,,,,,,,CANDIDATE,,L2_017 haiku b30,
AR08885,مُتقَن,اسم مفعول,1341,13149,الكيان المعقد والمتقدم.,تقن,مُفَعَّلٌ,,,,,CANDIDATE,,L2_017 haiku b30,
AR08886,حَدِيث,اسم جامد,1341,14196,الكيان المتطور باستخدام تقنيات حديثة.,حدث,فَعِيلٌ,,,,,CANDIDATE,,L2_017 haiku b30,
AR08887,طَلِيعِي,اسم منسوب,1341,14197,الكيان الأكثر تطوراً والأحدث.,لعع,,,,,,CANDIDATE,فَعِيلِي,L2_017 haiku b30,WAZN_LEMMA_MISMATCH;WAZN_NOT_IN_INV
AR08888,جِيل,اسم جامد,1341,14256,مرحلة معينة من التطور.,جيل,فِعْلٌ,,,,,CANDIDATE,,L2_017 haiku b30,
AR08889,أَحْدَث التِقْنِيَّات,تركيب,1341,14576,الكيان المتضمن أحدث الابتكارات.,,,,,,,CANDIDATE,,L2_017 haiku b30,
AR08890,تَقْنِيَّة عَالِيَة,تركيب,1341,14702,الكيان الذي يستعمل تقنية متقدمة.,,,,,,,CANDIDATE,,L2_017 haiku b30,
AR08891,قَدِيم,صفة مشبهة,1341,15306,الكيان الذي ينتمي لمرحلة قديمة.,قدم,فَعِيلٌ,,,,,CANDIDATE,,L2_017 haiku b30,
AR08892,نُضُوج,مصدر,1341,16074,حالة اكتمال التطور والنضج.,نضج,فُعُولٌ,,,,,CANDIDATE,,L2_017 haiku b30,
AR08893,اتَّفَقَ,فعل,1342,11656,بلوغ الطرفين اتفاقاً حول الالتزام.,فقق,اِفْتَعَلَ,,,,,CANDIDATE,,L2_017 haiku b30,WAZN_LEMMA_MISMATCH
AR08894,اتِّفَاق,مصدر,1342,11657,تنظيم قانوني بين طرفين أو أكثر.,فقق,اِفْتِعَالٌ,,,,,CANDIDATE,,L2_017 haiku b30,WAZN_LEMMA_MISMATCH
AR08895,صَفْقَة,اسم جامد,1342,11658,اتفاق يحقق فائدة متبادلة.,صفق,فَعْلَةٌ,,,,,CANDIDATE,,L2_017 haiku b30,
AR08896,مُعَاهَدَة,مصدر,1342,11789,اتفاق رسمي بين دول.,عهد,مُفَاعَلَةٌ,,,,,CANDIDATE,,L2_017 haiku b30,
AR08897,تَسَالَحَ,فعل,1342,17840,الوصول لتسوية أو توافق.,سلح,تَفَاعَلَ,,,,,CANDIDATE,,L2_017 haiku b30,
AR08898,سَلَّمَ,فعل,1344,11664,تسليم المسلِّم الموضوع للمتلقي.,سلم,فَعَّلَ,,,,,CANDIDATE,,L2_017 haiku b30,
AR08899,تَسْلِيم,مصدر,1344,11665,عملية إيصال الموضوع للمتلقي.,سلم,تَفْعِيلٌ,,,,,CANDIDATE,,L2_017 haiku b30,
AR08900,صِنَاعَة,مصدر,1345,11668,فرع من الاقتصاد أو النشاط التجاري.,صنع,فِعَالَةٌ,,,,,CANDIDATE,,L2_017 haiku b30,
AR08901,قِطَاع,اسم جامد,1345,11669,جزء محدد من الاقتصاد أو المجتمع.,قطع,فِعَالٌ,,,,,CANDIDATE,,L2_017 haiku b30,
AR08902,فِي,حرف,1345,11670,دلالة على المهنة أو الاختصاص.,,,,,,,CANDIDATE,,L2_017 haiku b30,
AR08903,مَجَال,اسم جامد,1345,11671,فرع محدد من الدراسة أو النشاط.,جيل,فَعَالٍ,,,,,CANDIDATE,,L2_017 haiku b30,
AR08904,مِسَاحَة,مصدر,1345,12204,موضوع أو نطاق النشاط المحدد.,سيح,فِعَالَةٌ,,,,,CANDIDATE,,L2_017 haiku b30,
AR08905,فَنِّي,اسم منسوب,1345,14358,الممارِس الموهوب بإنشاء الفن.,فنن,,,,,,CANDIDATE,فَعِّي,L2_017 haiku b30,WAZN_NOT_IN_INV
AR08906,فَن,اسم جامد,1345,14359,التعبير الإبداعي عن مهارة.,فنن,فَعْلٌ,,,,,CANDIDATE,,L2_017 haiku b30,WAZN_LEMMA_MISMATCH
AR08907,أَدَبِي,اسم منسوب,1345,14366,يتعلق بالأدب والدراسة الأدبية.,ءدب,,,,,,CANDIDATE,أَفَعِي,L2_017 haiku b30,ROOT_NORMALIZED;WAZN_NOT_IN_INV
AR08908,أَدَب,اسم جامد,1345,14416,الأعمال الكتابية الموهوبة.,ءدب,,,,,,CANDIDATE,أَفَعْل,L2_017 haiku b30,ROOT_NORMALIZED;WAZN_NOT_IN_INV
AR08909,مَسْرَح,اسم جامد,1345,14417,فن الأداء الدرامي والمسرحي.,سرح,فَعْلَةٌ,,,,,CANDIDATE,,L2_017 haiku b30,WAZN_LEMMA_MISMATCH
AR08910,صِنَاعِي,اسم منسوب,1345,14705,يتعلق بالصناعة والقطاع الصناعي.,صنع,,,,,,CANDIDATE,فِعَالِي,L2_017 haiku b30,WAZN_NOT_IN_INV
AR08911,تَارِيخ,اسم جامد,1345,15012,الدراسة الأكاديمية لأحداث الماضي.,ءرخ,فَاعِلٌ,,,,,CANDIDATE,,L2_017 haiku b30,ROOT_NORMALIZED
AR08912,رِيَاضِيَّات,اسم جامد,1345,15851;18611,فرع العلم المتعلق بالأعداد والكميات.,,,,,,,CANDIDATE,,L2_017 haiku b30,ROOT_MISSING;WAZN_MISSING
AR08913,تَمْوِيل,مصدر,1345,18220,إدارة الأموال والموارد المالية.,مو,تَفْعِيلٌ,,,,,CANDIDATE,,L2_017 haiku b30,ROOT_LEN;ROOT_NORMALIZED
AR08914,تِقْنِي,اسم منسوب,1345,18678,يتعلق بالتقنية والهندسة.,تقن,,,,,,CANDIDATE,فِعْلِي,L2_017 haiku b30,WAZN_NOT_IN_INV
AR08915,زَوَّدَ,فعل,1346,11672;15662,إعطاء المورِّد الموضوع للمتلقي.,زود,فَعَّلَ,,,,,CANDIDATE,,L2_017 haiku b30,
AR08916,وَفَّرَ,فعل,1346,11673;13474;16939,إتاحة المورِّد الموضوع للاستعمال.,وفر,فَعَّلَ,,,,,CANDIDATE,,L2_017 haiku b30,
AR08917,إمْدَاد,مصدر,1346,11674;11676,عملية توفير الموضوع المطلوب.,مد,إِفْعَالٌ,,,,,CANDIDATE,,L2_017 haiku b30,ROOT_LEN
AR08918,مَوَّلَ,فعل,1346,11675,توفير المورِّد التجهيزات والموارد.,مو,فَعَّلَ,,,,,CANDIDATE,,L2_017 haiku b30,ROOT_LEN;ROOT_NORMALIZED
AR08919,مُمَوِّل,اسم فاعل,1346,11677,الشخص أو الجهة التي توفر الموارد.,مو,مُفَعِّلٌ,,,,,CANDIDATE,,L2_017 haiku b30,ROOT_LEN;ROOT_NORMALIZED
AR08920,جَهَّزَ,فعل,1346,11678,توفير المورِّد ما يلزم لغرض معين.,جهز,فَعَّلَ,,,,,CANDIDATE,,L2_017 haiku b30,
AR08921,تَجْهِيز,مصدر,1346,11679,عملية توفير ما يلزم من موارد.,جهز,تَفْعِيلٌ,,,,,CANDIDATE,,L2_017 haiku b30,
AR08922,أَلْبَسَ,فعل,1346,11680,إعطاء المورِّد ملابس أو تجهيزات.,لبس,أَفْعَلَ,,,,,CANDIDATE,,L2_017 haiku b30,
AR08923,وَقَّدَ,فعل,1346,14029,توفير الوقود للموضوع.,وقد,فَعَّلَ,,,,,CANDIDATE,,L2_017 haiku b30,
AR08924,أَعْطَى,فعل,1346,14833,إعطاء المورِّد ما يلزم.,عطي,أَفْعَلَ,,,,,CANDIDATE,,L2_017 haiku b30,
AR08925,مَصْدَر,اسم جامد,1347,11681,الجهة التي يُحصل منها على الموضوع.,صدر,فَعْلَلٌ,,,,,CANDIDATE,,L2_017 haiku b30,WAZN_LEMMA_MISMATCH
AR08926,مُكَوِّن,اسم فاعل,1348,11682;11733,عنصر يدخل في تكوين المنتج.,كون,مُفَعِّلٌ,,,,,CANDIDATE,,L2_017 haiku b30,
AR08927,سَلَف,اسم جامد,1348,11683,مادة تُشكِّل مادة أخرى.,سلف,فَعَلٌ,,,,,CANDIDATE,,L2_017 haiku b30,
AR08928,مَادَّة,اسم جامد,1348,11684,مادة يُصنع منها شيء آخر.,مادة,فَاعِلَةٌ,,,,,CANDIDATE,,L2_017 haiku b30,ROOT_ALIF
AR08929,عُنصُر,اسم جامد,1348,14622,الجزء الأساسي الذي يكون شيئاً.,عنصر,فُعْلُلٌ,,,,,CANDIDATE,,L2_017 haiku b30,
AR08930,أَثَر,اسم جامد,1348,16272,تسلسل قصير من الحمض النووي.,ءثر,,,,,,CANDIDATE,أَفَل,L2_017 haiku b30,ROOT_NORMALIZED;WAZN_NOT_IN_INV
AR08931,طَوَّرَ,فعل,1349,11731,جعل العامل المشروع أكثر تقدماً.,طور,فَعَّلَ,,,,,CANDIDATE,,L2_017 haiku b30,
AR08932,مَكَاسِب,اسم جامد,1349,13180,التقدم المحقق في مجال محدد.,كسب,فَعَالِلُ,,,,,CANDIDATE,,L2_017 haiku b30,WAZN_LEMMA_MISMATCH
AR08933,كَمَّلَ,فعل,1349,13430,إيصال العامل المشروع لأعلى معايير.,كمل,فَعَّلَ,,,,,CANDIDATE,,L2_017 haiku b30,
AR08934,حَسَّنَ,فعل,1349,13870,جعل العامل الشيء أفضل حالاً.,حسن,فَعَّلَ,,,,,CANDIDATE,,L2_017 haiku b30,
AR08935,مُحَسَّن,اسم مفعول,1349,13885,الشيء الذي تم تحسينه.,حسن,مُفَعَّلٌ,,,,,CANDIDATE,,L2_017 haiku b30,
AR08936,تَحْدِيث,مصدر,1349,13897,جعل الشيء متطابقاً مع الحديث.,حدث,تَفْعِيلٌ,,,,,CANDIDATE,,L2_017 haiku b30,
AR08937,نَضِجَ,فعل,1349,15358,تطور العامل للمشروع نحو النضج.,نضج,فَعِلَ,,,,,CANDIDATE,,L2_017 haiku b30,
AR08938,قَدَّمَ,فعل,1349,17583,جعل العامل المشروع أكثر تقدماً.,قدم,فَعَّلَ,,,,,CANDIDATE,,L2_017 haiku b30,
AR08939,مَدىً,اسم جامد,1350,11749;11754,المسافة التي يمكن ضمنها تحقيق الحدث,مدي,فَعْلٌ,,,,,CANDIDATE,,L2_017 haiku b31,
AR08940,مَسافَة السَّمْع,تركيب,1350,11750,المسافة التي يمكن فيها سماع الأصوات,,,,,,,CANDIDATE,,L2_017 haiku b31,
AR08941,نِطاق,اسم جامد,1350,11751,مدى تطبيق التأثير أو النفوذ,نطق,فِعَالٌ,,,,,CANDIDATE,,L2_017 haiku b31,
AR08942,مَدى الرُّؤْيَة,تركيب,1350,11752,المسافة التي يمكن الرؤية من خلالها,,,,,,,CANDIDATE,,L2_017 haiku b31,
AR08943,مَسافَة,اسم جامد,1350,11753,البعد المكاني الذي يفصل بين الأشياء,سفر,فَعَالَةٌ,,,,,CANDIDATE,,L2_017 haiku b31,WAZN_LEMMA_MISMATCH
AR08944,مَدى الضَّرْب,تركيب,1350,11754,المسافة التي يمكن الهجوم من خلالها,,,,,,,CANDIDATE,,L2_017 haiku b31,
AR08945,بَيْنَ قَارّي,اسم منسوب,1350,12568,متعلق بالعلاقات بين القارات,قرر,فَعْلانُ,,,,,CANDIDATE,,L2_017 haiku b31,WAZN_LEMMA_MISMATCH
AR08946,رُؤْيَة,اسم جامد,1350,15333,مدى الإدراك البصري,رءي,فُعْلَةٌ,,,,,CANDIDATE,,L2_017 haiku b31,
AR08947,صَادَقَ,فعل,1351,11760,إعطاء الموافقة الرسمية على المقترح,صدق,فَاعَلَ,,,,,CANDIDATE,,L2_017 haiku b31,
AR08948,مُصَادَقَة,مصدر,1351,11761,فعل إعطاء الموافقة الرسمية,صدق,مُفَاعَلَةٌ,,,,,CANDIDATE,,L2_017 haiku b31,
AR08949,وَاضِح,صفة مشبهة,1360,11772;12281,ما يُدْرَك بسهولة دون التباس,وضح,فَاعِلٌ,,,,,CANDIDATE,,L2_017 haiku b31,
AR08950,بَيِّن,صفة مشبهة,1360,11773,الظاهر الواضح للحس والعقل,بين,,,,,,CANDIDATE,فَعِّل,L2_017 haiku b31,WAZN_NOT_IN_INV
AR08951,ظَاهِر,صفة مشبهة,1360,11774,ما يظهر للعيان أو العقل,ظهر,فَاعِلٌ,,,,,CANDIDATE,,L2_017 haiku b31,
AR08952,مَرْئِيّ,اسم منسوب,1360,12123,ما يمكن إدراكه بالرؤية,رءي,مَفْعُولٌ,,,,,CANDIDATE,,L2_017 haiku b31,
AR08953,مَسْمُوع,اسم مفعول,1360,12124,ما يمكن إدراكه بالسمع,سمع,مَفْعُولٌ,,,,,CANDIDATE,,L2_017 haiku b31,
AR08954,غَامِض,صفة مشبهة,1360,12280,ما لا يتضح ويلتبس على الفهم,غمض,فَاعِلٌ,,,,,CANDIDATE,,L2_017 haiku b31,
AR08955,بِوُضُوح,ظرف,1360,13814,بطريقة واضحة لا التباس فيها,,,,,,,CANDIDATE,,L2_017 haiku b31 | ظرف مضاف إلى مصدر,ROOT_MISSING;WAZN_MISSING
AR08956,بِجَلاء,ظرف,1360,13815,بشكل ظاهر لا يقبل الشك,,,,,,,CANDIDATE,,L2_017 haiku b31 | ظرف مضاف إلى مصدر,ROOT_MISSING;WAZN_MISSING
AR08957,وُضُوح,مصدر,1360,13816,كون الأمر واضحًا مفهومًا,وضح,,,,,,CANDIDATE,فُعول,L2_017 haiku b31,WAZN_NOT_IN_INV
AR08958,ظَهَرَ,فعل,1360,15230;15786,أن يصير الشيء مدركًا بسهولة,ظهر,فَعَلَ,,,,,CANDIDATE,,L2_017 haiku b31,
AR08959,تَمَيَّزَ,فعل,1360,18793,أن يبرز الشيء من بين نظائره,ميز,تَفَعَّلَ,,,,,CANDIDATE,,L2_017 haiku b31,
AR08960,مُلْفِت,اسم فاعل,1360,18794,ما يستحق الانتباه والتمييز,لفت,مُفْعِلٌ,,,,,CANDIDATE,,L2_017 haiku b31,
AR08961,سَلَّمَ,فعل,1370,11784,تسليم المشتبه به إلى جهة قضائية أجنبية,سلم,فَعَّلَ,,,,,CANDIDATE,,L2_017 haiku b31,
AR08962,أَسْلَمَ,فعل,1370,11784,تسليم المتهم للسلطات الأجنبية,سلم,أَفْعَلَ,,,,,CANDIDATE,,L2_017 haiku b31,
AR08963,تَسْلِيم,مصدر,1370,11785,فعل تسليم المشتبه به للسلطة القضائية الأجنبية,سلم,تَفْعِيلٌ,,,,,CANDIDATE,,L2_017 haiku b31,
AR08964,تَكَتُّل,مصدر,1371,11786,جماعة منظمة من المنتجين للتحكم بالتجارة,كتل,تَفَعُّلٌ,,,,,CANDIDATE,,L2_017 haiku b31,
AR08965,نَادٍ,اسم جامد,1371,11787,منظمة اجتماعية طوعية لمصلحة أعضائها,ندي,فَاعِلٌ,,,,,CANDIDATE,,L2_017 haiku b31,
AR08966,حُكُومَة,اسم جامد,1371,11808,الجهاز الإداري الذي يدير الدولة,حكم,,,,,,CANDIDATE,فُعولَة,L2_017 haiku b31,WAZN_NOT_IN_INV
AR08967,مُنَظَّمَة,اسم مفعول,1371,13059,جماعة منظمة من الناس لغرض معين,نظم,مُفَعَّلَةٌ,,,,,CANDIDATE,,L2_017 haiku b31,
AR08968,جَمْعِيَّة,اسم منسوب,1371,13284;17304,مجموعة من الناس المنظمين لغرض مشترك,جمع,فَعْلِيَّةٌ,,,,,CANDIDATE,,L2_017 haiku b31,
AR08969,رَابِطَة,اسم جامد,1371,13285,اتحاد من الدول أو الجماعات للحماية المتبادلة,ربط,فَاعِلَةٌ,,,,,CANDIDATE,,L2_017 haiku b31,
AR08970,جِهَاز الاسْتِخْبَارَات,تركيب,1371,13384,منظمة متخصصة في جمع المعلومات,,,,,,,CANDIDATE,,L2_017 haiku b31,
AR08971,وَكَالَة,اسم جامد,1371,14023,جهاز حكومي يقدم خدمة معينة,وكل,فَعَالَةٌ,,,,,CANDIDATE,,L2_017 haiku b31,
AR08972,جِهَاز,اسم جامد,1371,14023,تنظيم حكومي لتقديم الخدمات,جهز,فِعَالٌ,,,,,CANDIDATE,,L2_017 haiku b31,
AR08973,نَقَابَة,اسم جامد,1371,14078,منظمة تضم أشخاصًا بمصالح مشتركة,نقب,فَعَالَةٌ,,,,,CANDIDATE,,L2_017 haiku b31,
AR08974,أُخُوَّة,اسم جامد,1371,14563,رابطة من الرجال يجمعهم اهتمام مشترك,ءخا,فُعُولَةٌ,,,,,CANDIDATE,,L2_017 haiku b31,ROOT_ALIF;ROOT_NORMALIZED
AR08975,وَفْد,اسم جامد,1371,14653,مجموعة من الأفراد يمثلون غيرهم,وفد,فَعْلٌ,,,,,CANDIDATE,,L2_017 haiku b31,
AR08976,لَجْنَة,اسم جامد,1371,14654,مجموعة صغيرة تجتمع لتسيير شؤون معينة,لجن,فَعْلَةٌ,,,,,CANDIDATE,,L2_017 haiku b31,
AR08977,مَجْمُوعَة,اسم جامد,1371,14797,مجموعة منظمة من الأفراد لمهمة معينة,جمع,,,,,,CANDIDATE,مَفْعولَة,L2_017 haiku b31,WAZN_NOT_IN_INV
AR08978,مَجْلِس,اسم جامد,1371,16600,مجموعة من الأشخاص المنتخبين لقيادة هيئة,جلس,مَفْعِلٌ,,,,,CANDIDATE,,L2_017 haiku b31,
AR08979,طَائِفَة,اسم جامد,1371,16873,مجموعة من الناس متحدة لغرض مشترك,طيف,فَاعِلَةٌ,,,,,CANDIDATE,,L2_017 haiku b31,
AR08980,بُرْلِمَان,اسم جامد,1371,18690,الهيئة التشريعية العليا للدولة,,,,,,,CANDIDATE,,L2_017 haiku b31 | دخيل,ROOT_MISSING;WAZN_MISSING
AR08981,وَسِيلَة إِعْلاَم,تركيب,1371,18726,منظمة توفر الأخبار لفئات أخرى,,,,,,,CANDIDATE,,L2_017 haiku b31,
AR08982,أَحْيَا,فعل,1372,11788,جعل عملية ما تبدأ من جديد بعد توقف,حيي,أَفْعَلَ,,,,,CANDIDATE,,L2_017 haiku b31,
AR08983,أَعَادَ,فعل,1372,11812,بدء عملية ما من جديد بعد انقطاع,عود,أَفْعَلَ,,,,,CANDIDATE,,L2_017 haiku b31,
AR08984,أَسْتَرْجَعَ,فعل,1372,11813,إعادة عملية ما إلى حالتها النشطة,رجع,,,,,,CANDIDATE,أَسْتَفْعَلَ,L2_017 haiku b31,WAZN_NOT_IN_INV
AR08985,اِسْتَأْنَفَ,فعل,1372,17587,بدء عملية ما من جديد بعد توقف مؤقت,ءنف,اِسْتَفْعَلَ,,,,,CANDIDATE,,L2_017 haiku b31,ROOT_NORMALIZED
AR08986,اِحْتَاجَ,فعل,1375,11791,ضرورة أن يكون شيء حاضرًا لتحقيق نتيجة,حوج,اِفْتَعَلَ,,,,,CANDIDATE,,L2_017 haiku b31,
AR08987,اِسْتَلْزَمَ,فعل,1375,11792,كون شيء ضروريًا لتحقيق حالة أخرى,لزم,اِسْتَفْعَلَ,,,,,CANDIDATE,,L2_017 haiku b31,
AR08988,حَاجَة,اسم جامد,1375,13554,ظرف ضروري أو مطلوب,حوج,فَاعِلَةٌ,,,,,CANDIDATE,,L2_017 haiku b31,
AR08989,ضَبَطَ,فعل,1376,11793,تغيير جزء من نظام معقد بمقدار صغير,ضبط,فَعَلَ,,,,,CANDIDATE,,L2_017 haiku b31,
AR08990,ضَبْط,مصدر,1376,11794,تغيير صغير في جزء من نظام معقد,ضبط,فَعْلٌ,,,,,CANDIDATE,,L2_017 haiku b31,
AR08991,عَدَّلَ,فعل,1376,11795,تغيير طفيف جدًا في جزء من نظام,عدل,فَعَّلَ,,,,,CANDIDATE,,L2_017 haiku b31,
AR08992,تَعْدِيل,مصدر,1376,11796,تغيير صغير جدًا لإصلاح نظام,عدل,تَفْعِيلٌ,,,,,CANDIDATE,,L2_017 haiku b31,
AR08993,مَعَايِر,فعل,1376,11797,ضبط شيء ليتطابق مع معيار محدد,عير,فَاعَلَ,,,,,CANDIDATE,,L2_017 haiku b31,
AR08994,مُعَايِرَة,مصدر,1376,11798,عملية ضبط شيء ليتوافق مع معيار,عير,مُفَاعَلَةٌ,,,,,CANDIDATE,,L2_017 haiku b31,
AR08995,رُتْبَة,اسم جامد,1377,11800;16872,مستوى ضمن تسلسل هرمي للاستحقاق,رتب,فُعْلَةٌ,,,,,CANDIDATE,,L2_017 haiku b31,
AR08996,مَقَام,اسم جامد,1377,11800,درجة من درجات التسلسل الهرمي,قوم,فَعَالٍ,,,,,CANDIDATE,,L2_017 haiku b31,
AR08997,مُسْتَوىً,اسم جامد,1377,11801,مستوى ضمن تسلسل هرمي,وسط,مُفْتَعَلٌ,,,,,CANDIDATE,,L2_017 haiku b31,
AR08998,دَرَجَة,اسم جامد,1377,11802,مستوى رسمي ضمن تسلسل هرمي,درج,فَعْلَةٌ,,,,,CANDIDATE,,L2_017 haiku b31,
AR08999,خَط الأَسَاس,تركيب,1377,16922,نقطة بدء نسبية للمقارنة,,,,,,,CANDIDATE,,L2_017 haiku b31,
AR09000,طُمَأْنِينَة,اسم جامد,1378,11809,فعل يخفف الشكوك والمخاوف,ءطمن,,,,,,CANDIDATE,فُعَالِينَة,L2_017 haiku b31,ROOT_NORMALIZED;WAZN_NOT_IN_INV
AR09001,طَمْأَنَ,فعل,1378,11810,تخفيف الشكوك والمخاوف عند شخص,ءطمن,,,,,,CANDIDATE,فَعْأَنَ,L2_017 haiku b31,ROOT_NORMALIZED;WAZN_NOT_IN_INV
AR09002,احْتَلَّ,فعل,1379,11811,احتلال رتبة معينة في تسلسل هرمي,حلل,اِفْتَعَلَ,,,,,CANDIDATE,,L2_017 haiku b31,WAZN_LEMMA_MISMATCH
AR09003,وَقَفَ,فعل,1379,11814,كون على مستوى معين أو رتبة في التسلسل,وقف,فَعَلَ,,,,,CANDIDATE,,L2_017 haiku b31,
AR09004,أَعْلَى,صفة مشبهة,1379,14577,الأعلى رتبة في التسلسل الهرمي,علو,أَفْعَلُ,,,,,CANDIDATE,,L2_017 haiku b31,
AR09005,مُعَاهَدَة,اسم جامد,1380,11815,اتفاق رسمي بين دول يخضع للقانون الدولي,عهد,مُفَاعَلَةٌ,,,,,CANDIDATE,,L2_017 haiku b31,
AR09006,اتِّفَاق,مصدر,1380,12454;13779,ترتيب مفاوض ملزم قانونًا عادة,فقق,اِفْتِعَالٌ,,,,,CANDIDATE,,L2_017 haiku b31,WAZN_LEMMA_MISMATCH
AR09007,صَفْقَة,اسم جامد,1380,12504,اتفاق بين طرفين أو أكثر للمنفعة المتبادلة,صفق,فَعْلَةٌ,,,,,CANDIDATE,,L2_017 haiku b31,
AR09008,اتِّفَاقِيَّة,اسم منسوب,1380,13896,اتفاق بين دول أقل رسمية من المعاهدة,فقق,اِفْتِعَالِيَّةٌ,,,,,CANDIDATE,,L2_017 haiku b31,WAZN_LEMMA_MISMATCH
AR09009,تَوَصَّلَ,فعل,1380,16255,التوصل إلى اتفاق أو اتخاذ مسار عمل,وصل,تَفَعَّلَ,,,,,CANDIDATE,,L2_017 haiku b31,
AR09010,يَجِب,فعل,1381,11816;13052;13053;13054;13055;13067,أن يكون مطلوبًا بشدة لتجنب عواقب سلبية,وجب,فَعِلَ,,,,,CANDIDATE,,L2_017 haiku b31,
AR09011,يَنْبَغِي,فعل,1381,11817;13070,أن يكون مطلوبًا لتجنب عواقب سلبية,بغي,,,,,,CANDIDATE,يَفْعَل,L2_017 haiku b31,WAZN_NOT_IN_INV
AR09012,من الأفضل,تركيب,1381,12875;12876;14360,كان من الحكمة فعل شيء ما,,,,,,,CANDIDATE,,L2_017 haiku b31,UNVOCALIZED
AR09013,سَوْف,ظرف,1381,17417,يدل على حدث ملزم أو محتوم,,,,,,,CANDIDATE,,L2_017 haiku b31,ROOT_MISSING;WAZN_MISSING
AR09014,يَنْبَغِي,فعل,1383,11820;11821,أن يكون لديك التزام بفعل شيء,بغي,,,,,,CANDIDATE,يَفْعَل,L2_017 haiku b31,WAZN_NOT_IN_INV
AR09015,فِكْرَة سَيِّئَة,تركيب,1383,11822,أن يكون مسار عمل غير مرغوب فيه,,,,,,,CANDIDATE,,L2_017 haiku b31,
AR09016,فِكْرَة جَيِّدَة,تركيب,1383,11823,أن يكون مسار عمل مرغوبًا فيه,,,,,,,CANDIDATE,,L2_017 haiku b31,
AR09017,يَجِب,فعل,1383,17415,أن يكون مطلوبًا بضرورة,وجب,فَعِلَ,,,,,CANDIDATE,,L2_017 haiku b31,
AR09018,يُفْتَرَض,فعل,1383,17416,أن يكون مطلوبًا أو متوقعًا,فرض,,,,,,CANDIDATE,يُفْعَل,L2_017 haiku b31,WAZN_LEMMA_MISMATCH;WAZN_NOT_IN_INV
AR09019,أَطْلَقَ,فعل,1387,11826,جعل القارب أو السفينة تطفو خاصة بإنزالها في الماء,طلق,أَفْعَلَ,,,,,CANDIDATE,,L2_017 haiku b31,
AR09020,رَفَعَ المِرْسَاة,تركيب,1387,11827,رفع المرساة عند الاستعداد للإبحار,,,,,,,CANDIDATE,,L2_017 haiku b31,
AR09021,فَكَّ,فعل,1387,11828,تحرير القارب من تثبيته على الشاطئ,فكك,فَعَّلَ,,,,,CANDIDATE,,L2_017 haiku b31,WAZN_LEMMA_MISMATCH
AR09022,نَجَحَ,فعل,1388,11831,تحقيق الهدف أو المقصد,نجح,فَعَلَ,,,,,CANDIDATE,,L2_017 haiku b31,
AR09023,أَفْلَحَ,فعل,1388,11831,تحقيق القصد والهدف,فلح,أَفْعَلَ,,,,,CANDIDATE,,L2_017 haiku b31,
AR09024,فَشِلَ,فعل,1388,11832,عدم النجاح في تحقيق المسعى,فشل,فَعِلَ,,,,,CANDIDATE,,L2_017 haiku b31,
AR09025,نَاجِح,اسم فاعل,1388,11833,الذي حقق الهدف أو المقصد,نجح,فَاعِلٌ,,,,,CANDIDATE,,L2_017 haiku b31,
AR09026,حَقَّقَ,فعل,1388,12137,النجاح في تحقيق أو الفوز بشيء صعب,حقق,فَعَّلَ,,,,,CANDIDATE,,L2_017 haiku b31,
AR09027,فَاشِل,اسم فاعل,1388,12150,الذي لم يحقق الهدف المطلوب,فشل,فَاعِلٌ,,,,,CANDIDATE,,L2_017 haiku b31,
AR09028,نَجَاح,مصدر,1388,12598,تحقيق الهدف أو المقصد,نجح,فَعَالٍ,,,,,CANDIDATE,,L2_017 haiku b31,
AR09029,اسْتَطَاعَ,فعل,1388,12830,النجاح في تحقيق هدف,طوع,اِسْتَفْعَلَ,,,,,CANDIDATE,,L2_017 haiku b31,
AR09030,فَاتَ,فعل,1388,13801,عدم حضور أو مشاهدة أو المشاركة في شيء,فوت,,,,,,CANDIDATE,فَاعَ,L2_017 haiku b31,WAZN_NOT_IN_INV
AR09031,فَشَل,مصدر,1388,14564,مسعى لم ينجح,فشل,فَعَلٌ,,,,,CANDIDATE,,L2_017 haiku b31,
AR09032,قُصُور,اسم جامد,1388,14959,قصور أو ضعف مميز,قصر,,,,,,CANDIDATE,فُعول,L2_017 haiku b31,WAZN_NOT_IN_INV
AR09033,بَرَعَ,فعل,1388,17365,النجاح في تحقيق هدف بكمال أو قرب من الكمال,برع,فَعَلَ,,,,,CANDIDATE,,L2_017 haiku b31,
AR09034,وَصَلَ,فعل,1388,17615,النجاح في تحقيق الهدف,وصل,فَعَلَ,,,,,CANDIDATE,,L2_017 haiku b31,
AR09035,نَجَحَ,فعل,1389,11834;11838,تحقيق الفعيلة للهدف المقصود,نجح,فَعَلَ,,,,,CANDIDATE,,L2_017 haiku b31,
AR09036,أَحْرَزَ,فعل,1389,11835,تحقيق النتيجة المطلوبة,حرز,أَفْعَلَ,,,,,CANDIDATE,,L2_017 haiku b31,
AR09037,حَقَّقَهُ,فعل,1389,11836,تحقيق النتيجة المقصودة,حقق,فَعَّلَ,,,,,CANDIDATE,,L2_017 haiku b31,WAZN_LEMMA_MISMATCH
AR09038,نَاجِح,اسم فاعل,1389,11837,تحقيق الهدف المقصود,نجح,فَاعِلٌ,,,,,CANDIDATE,,L2_017 haiku b31,
AR09039,فَشِلَ,فعل,1389,11858;15525,استخدام دون نجاح في تحقيق الهدف,فشل,فَعِلَ,,,,,CANDIDATE,,L2_017 haiku b31,
AR09040,فَاشِل,اسم فاعل,1389,12151;14961,عدم تحقيق الهدف,فشل,فَاعِلٌ,,,,,CANDIDATE,,L2_017 haiku b31,
AR09041,اسْتَطَاعَ,فعل,1389,12786,النجاح في إنجاز شيء صعب,طوع,اِسْتَفْعَلَ,,,,,CANDIDATE,,L2_017 haiku b31,
AR09042,نَجَاح,مصدر,1389,16024,تحقيق الهدف أو المقصد,نجح,فَعَالٍ,,,,,CANDIDATE,,L2_017 haiku b31,
AR09043,كَفَى,فعل,1389,16228,أن يكون كافيًا لتلبية المتطلبات,كفي,فَعَلَ,,,,,CANDIDATE,,L2_017 haiku b31,
AR09044,فَصَلَ,فعل,1390,11840;17528,فك شيء وإزالته,فصل,فَعَلَ,,,,,CANDIDATE,,L2_017 haiku b31,
AR09045,فَكَّ,فعل,1390,11840;11841;11842;11844;11845;17529,فصل شيء عن آخر,فكك,فَعَّلَ,,,,,CANDIDATE,,L2_017 haiku b31,WAZN_LEMMA_MISMATCH
AR09046,فَتَحَ,فعل,1390,11843;17672,فتح إغلاق الشيء؛ فك ربطه,فتح,فَعَلَ,,,,,CANDIDATE,,L2_017 haiku b31,
AR09047,حَرَّرَ,فعل,1390,11846,تحرير شيء بإزالة السلسلة,حرر,فَعَّلَ,,,,,CANDIDATE,,L2_017 haiku b31,
AR09048,اِنْفَصَلَ,فعل,1391,13072;13413;13414;14872,التوقف عن الارتباط,فصل,اِنْفَعَلَ,,,,,CANDIDATE,,L2_017 haiku b31,
AR09049,تَقْدِير,مصدر,1400,11890,الاحترام والتقدير,قدر,تَفْعِيلٌ,,,,,CANDIDATE,,L2_017 haiku b31,
AR09050,احْتِرَام,مصدر,1400,11891,مستوى الاحترام,حرم,اِفْتِعَالٌ,,,,,CANDIDATE,,L2_017 haiku b31,
AR09051,اعْتَبَرَ,فعل,1400,11892;12864,تقدير شخص بمستوى معين من الاحترام,عبر,اِفْتَعَلَ,,,,,CANDIDATE,,L2_017 haiku b31,
AR09052,اِنْطِبَاع,مصدر,1400,11909,مستوى الاحترام أو الرأي,طبع,اِنْفِعَالٌ,,,,,CANDIDATE,,L2_017 haiku b31,
AR09053,رَأْي,اسم جامد,1400,12740,تقدير الجودة أو القيمة,رءي,فَعْلٌ,,,,,CANDIDATE,,L2_017 haiku b31,
AR09054,قَدَّرَ,فعل,1400,12865,الاعتراف بالقيمة أو الأهمية,قدر,فَعَّلَ,,,,,CANDIDATE,,L2_017 haiku b31,
AR09055,شَاكِر,اسم فاعل,1400,12866,الذي يشعر بالامتنان أو الرضا,شكر,فَاعِلٌ,,,,,CANDIDATE,,L2_017 haiku b31,
AR09056,وَجَدَ,فعل,1400,16605,أن يكون لديك رأي معين عن شخص أو شيء,وجد,فَعَلَ,,,,,CANDIDATE,,L2_017 haiku b31,
AR09057,مُنْفَصِل,اسم مفعول,1411,11925,منفصل أو غير متصل,فصل,مُنْفَعِلٌ,,,,,CANDIDATE,,L2_017 haiku b31,
AR09058,مُنْقَطِع,اسم مفعول,1411,11926,بدون اتصال ب,قطع,مُنْفَعِلٌ,,,,,CANDIDATE,,L2_017 haiku b31,
AR09059,مُرْسَل,اسم مفعول,1411,11927,غير مربوط أو معقود,رسل,مُفْعَلٌ,,,,,CANDIDATE,,L2_017 haiku b31,
AR09060,غَيْر مَلْحُوم,تركيب,1411,11928,غير ملتحم بشيء آخر,,,,,,,CANDIDATE,,L2_017 haiku b31,
AR09061,غَيْر مُرْسَاة,تركيب,1411,11929,قارب غير معقود للشاطئ أو المرساة,,,,,,,CANDIDATE,,L2_017 haiku b31,
AR09062,غَيْر مُرْتَبِط,تركيب,1411,12844,غير مرتبط أو ملتصق,,,,,,,CANDIDATE,,L2_017 haiku b31,
AR09063,رَأْي,اسم جامد,1412,11956;16497,وجهة نظر أو حكم لا يقوم على حقيقة بالضرورة,رءي,فَعْلٌ,,,,,CANDIDATE,,L2_017 haiku b31,
AR09064,وِجْهَة نَظَر,تركيب,1412,11957;11958,طريقة معينة للنظر إلى الأمر؛ موقف أو رأي,,,,,,,CANDIDATE,,L2_017 haiku b31,
AR09065,اعْتَقَدَ,فعل,1412,11959;13240,أن يكون لديك رأي معين,عقد,اِفْتَعَلَ,,,,,CANDIDATE,,L2_017 haiku b31,
AR09066,عَقِيدَة,اسم جامد,1412,11960,القبول بأن شيئًا موجود أو حقيقي,عقد,فَعِيلَةٌ,,,,,CANDIDATE,,L2_017 haiku b31,
AR09067,يَتَوَقَّع,فعل,1412,13238,الافتراض أو الاعتقاد بأن شيئًا صحيح,وقع,,,,,,CANDIDATE,يَتَفَعَّل,L2_017 haiku b31,WAZN_NOT_IN_INV
AR09068,شَعَرَ,فعل,1412,13239,أن يكون لديك معتقد أو انطباع، خاصة بدون سبب واضح,شعر,فَعَلَ,,,,,CANDIDATE,,L2_017 haiku b31,
AR09069,افْتَرَضَ,فعل,1412,13303,الاعتقاد أو الافتراض بأن شيئًا ما صحيح أو محتمل,فرض,اِفْتَعَلَ,,,,,CANDIDATE,,L2_017 haiku b31,
AR09070,آمَنَ,فعل,1412,15106,أن يكون لديك رأي عن موضوع ما,ءمن,,,,,,CANDIDATE,فَاعَ,L2_017 haiku b31,ROOT_NORMALIZED;WAZN_NOT_IN_INV
AR09071,يَعْتَقِد,فعل,1412,15598,الاعتقاد بقوة بشيء ما,عقد,,,,,,CANDIDATE,يَفْعِل,L2_017 haiku b31,WAZN_LEMMA_MISMATCH;WAZN_NOT_IN_INV
AR09072,يُؤْمِن,فعل,1412,18497,الاتفاق أو الموافقة على فكرة أو اقتراح,ءمن,,,,,,CANDIDATE,يُفْعِل,L2_017 haiku b31,ROOT_NORMALIZED;WAZN_NOT_IN_INV
AR09073,مُؤْمِن,اسم فاعل,1412,18498;18499,شخص يوافق أو يؤمن بفكرة أو اقتراح,ءمن,مُفْعِلٌ,,,,,CANDIDATE,,L2_017 haiku b31,ROOT_NORMALIZED
AR09074,بَعَثَ,فعل,1413,11984,العودة إلى الحياة,بعث,فَعَلَ,,,,,CANDIDATE,,L2_017 haiku b31,
AR09075,عَادَ,فعل,1413,11985;11989,أن يصبح حيًا مجددًا,عود,,,,,,CANDIDATE,فَاعَ,L2_017 haiku b31,WAZN_NOT_IN_INV
AR09076,قَامَ,فعل,1413,11986,الاستعادة للحياة,قوم,,,,,,CANDIDATE,فَاعَ,L2_017 haiku b31,WAZN_NOT_IN_INV
AR09077,بَعْث,مصدر,1413,11987,فعل الإحياء أو العودة للحياة,بعث,فَعْلٌ,,,,,CANDIDATE,,L2_017 haiku b31,
AR09078,نَهَضَ,فعل,1420,11980;11981,الاستيقاظ من النوم والنهوض من السرير,نهض,فَعَلَ,,,,,CANDIDATE,,L2_017 haiku b31,
AR09079,اِرْتَفَعَ,فعل,1421,11982,أن تنتفخ العجين بسبب الخميرة,رفع,اِفْتَعَلَ,,,,,CANDIDATE,,L2_017 haiku b31,
AR09080,اِخْتَمَرَ,فعل,1421,11983,أن تصبح عجينة الخبز منتفخة بفعل الخميرة,خمر,اِفْتَعَلَ,,,,,CANDIDATE,,L2_017 haiku b31,
AR09081,طَلَعَ,فعل,1430,12023;12024,ظهور الشمس أو القمر أو النجوم فوق الأفق,طلع,فَعَلَ,,,,,CANDIDATE,,L2_017 haiku b31,
AR09082,طُلُوع,مصدر,1430,12025,صعود جرم فلكي فوق الأفق,طلع,,,,,,CANDIDATE,فُعول,L2_017 haiku b31,WAZN_NOT_IN_INV
AR09083,كَافٍ,اسم فاعل,1440,12032,مؤهل أو قادر على التعامل مع التحدي,كفي,فَاعِلٌ,,,,,CANDIDATE,,L2_017 haiku b31,
AR09084,قَادِر,اسم فاعل,1440,12033,قادر على القيام بنشاط صعب,قدر,فَاعِلٌ,,,,,CANDIDATE,,L2_017 haiku b31,
AR09085,أَهْل,صفة مشبهة,1440,12033,مؤهل للقيام بنشاط معين,ءهل,فَعْلٌ,,,,,CANDIDATE,,L2_017 haiku b31,ROOT_NORMALIZED
AR09086,مُسَاوٍ,اسم مفعول,1440,12036,الذي لديه القدرة أو الموارد لمواجهة التحدي,ساوي,مُفَاعِلٌ,,,,,CANDIDATE,,L2_017 haiku b31,ROOT_ALIF
AR09087,ارْتَقَى,فعل,1441,12034;12035,الاستجابة بشرف لموقف صعب,رقي,اِفْتَعَلَ,,,,,CANDIDATE,,L2_017 haiku b31,
AR09088,بَارِز,اسم فاعل,1460,12125,الأكثر وضوحًا أو أهمية,برز,فَاعِلٌ,,,,,CANDIDATE,,L2_017 haiku b31,
AR09089,مُشْهِور,اسم فاعل,1460,12126,ملفت للنظر بشكل خاص,شهر,مُفْعِلٌ,,,,,CANDIDATE,,L2_017 haiku b31,
AR09090,مُلْفِت,اسم فاعل,1460,12127,جاذب للانتباه أو الانتظار,لفت,مُفْعِلٌ,,,,,CANDIDATE,,L2_017 haiku b31,
AR09091,جَاذِب,اسم فاعل,1460,12129,فوري الاستئناف أو ملاحظة,جذب,فَاعِلٌ,,,,,CANDIDATE,,L2_017 haiku b31,
AR09092,مُبْهِرج,اسم مفعول,1460,12130,بطريقة أنيقة استعراضية,برج,مُفْعِلٌ,,,,,CANDIDATE,,L2_017 haiku b31,WAZN_LEMMA_MISMATCH
AR09093,هَادِئ,اسم فاعل,1460,15392,غير براق أو ملفت أو مثير,هدي,فَاعِلٌ,,,,,CANDIDATE,,L2_017 haiku b31,
AR09094,ضِمْن,حرف,1461,12138,ليس أبعد من مسافة معينة,,,,,,,CANDIDATE,,L2_017 haiku b31,
AR09095,شَرَحَ,فعل,1462,12139,جعل وجود حالة ما واضحًا أو مفهومًا,شرح,فَعَلَ,,,,,CANDIDATE,,L2_017 haiku b31,
AR09096,حَسَبَ,فعل,1462,12140,تقديم حساب أو شرح مرضٍ,حسب,فَعَلَ,,,,,CANDIDATE,,L2_017 haiku b31,
AR09097,تَفْسِير,مصدر,1462,12141,حقيقة تجعل حالة ما مفهومة,فسر,تَفْعِيلٌ,,,,,CANDIDATE,,L2_017 haiku b31,
AR09098,مُتَأَخِّر,اسم فاعل,1470,12152,من أو في نهاية فترة زمنية معينة,ءخر,مُتَفَعِّلٌ,,,,,CANDIDATE,,L2_017 haiku b31,ROOT_NORMALIZED
AR09099,لاحِق,اسم فاعل,1470,12153,الجزء المتأخر من فترة ما,لحق,فَاعِلٌ,,,,,CANDIDATE,,L2_017 haiku b31,
AR09100,وَسَط,اسم جامد,1470,12154,نقطة أو موضع أوسط,وسط,فَعْلٌ,,,,,CANDIDATE,,L2_017 haiku b31,
AR09101,أَوْسَط,صفة مشبهة,1470,12155;12158,جزء من فترة زمنية أكبر يتناقض مع الأجزاء السابقة واللاحقة,وسط,أَفْعَلُ,,,,,CANDIDATE,,L2_017 haiku b31,
AR09102,مُبَكِّر,اسم فاعل,1470,12156,من أو بالقرب من بداية فترة زمنية معينة,بكر,مُفَعِّلٌ,,,,,CANDIDATE,,L2_017 haiku b31,
AR09103,أَقْدَم,صفة مشبهة,1470,12157,الجزء المبكر من فترة ما,قدم,أَفْعَلُ,,,,,CANDIDATE,,L2_017 haiku b31,
AR09104,نِهَايَة,اسم جامد,1470,12871,الجزء النهائي من شيء ما,نهي,فِعَالَةٌ,,,,,CANDIDATE,,L2_017 haiku b31,
AR09105,بِدَايَة,اسم جامد,1470,12872;13139;13190,الجزء الأول من شيء ما,بدي,فِعَالَةٌ,,,,,CANDIDATE,,L2_017 haiku b31,
AR09106,فَجْر,اسم جامد,1470,13979,البداية أو الظهور الأول لشيء ما,فجر,فَعْلٌ,,,,,CANDIDATE,,L2_017 haiku b31,
AR09107,انْقِلاب,مصدر,1470,14660,النقطة التي ينتهي فيها قرن ويبدأ القرن التالي,قلب,اِنْفِعَالٌ,,,,,CANDIDATE,,L2_017 haiku b31,
AR09108,سَعَى,فعل,1480,12161,اتخاذ خطوات نحو الحصول على كيان أو تحقيق حالة,سعي,,,,,,CANDIDATE,فَاعَ,L2_017 haiku b31,WAZN_NOT_IN_INV
AR09109,اِسْتَهْدَفَ,فعل,1480,13416,السعي إلى تحقيق هدف,هدف,اِسْتَفْعَلَ,,,,,CANDIDATE,,L2_017 haiku b31,
AR09110,سِعَايَة,مصدر,1480,13778,فعل المطاردة أو السعي,سعي,فِعَالَةٌ,,,,,CANDIDATE,,L2_017 haiku b31,
AR09111,بُنْيَة تَحْتِيَّة,تركيب,1481,12168,المرافق الأساسية اللازمة لتشغيل النظام,,,,,,,CANDIDATE,,L2_017 haiku b31,
AR09112,قَاعِدَة,اسم جامد,1481,12206,نظام يسمح بنشاط معين,قعد,فَاعِلَةٌ,,,,,CANDIDATE,,L2_017 haiku b31,
AR09113,تَكَتَّلَ,فعل,1482,12173,تجميع كمية أو عدد بمرور الوقت,كتل,تَفَعَّلَ,,,,,CANDIDATE,,L2_017 haiku b31,
AR09114,تَجَمَّعَ,فعل,1482,12174,تجميع عدد أو كمية من شيء ما,جمع,تَفَعَّلَ,,,,,CANDIDATE,,L2_017 haiku b31,
AR09115,خَزَّنَ,فعل,1482,12175,تجميع مخزون كبير,خزن,فَعَّلَ,,,,,CANDIDATE,,L2_017 haiku b31,
AR09116,كَنَزَ,فعل,1482,15640,تجميع وإخفاء أو تخزين,كنز,فَعَلَ,,,,,CANDIDATE,,L2_017 haiku b31,
AR09117,تَجَمُّع,مصدر,1482,16924,مجمع في موقع واحد,جمع,تَفَعُّلٌ,,,,,CANDIDATE,,L2_017 haiku b31,
AR09118,أَجْنَبِيّ,اسم منسوب,1483,12180,يتعلق بأو متعلق بدول أخرى,جنب,أَفْعَالِيٌّ,,,,,CANDIDATE,,L2_017 haiku b31,
AR09119,دَاخِلِيّ,اسم منسوب,1483,12181,موجود أو حادث ضمن دولة,دخل,فَاعِلِيٌّ,,,,,CANDIDATE,,L2_017 haiku b31,
AR09120,دُولِيّ,اسم منسوب,1483,12420,متعدد الدول خاصة باستثناء الدولة الحالية,دول,فُعُولِيٌّ,,,,,CANDIDATE,,L2_017 haiku b31,
AR09121,وَطَن,اسم جامد,1483,13146;13354,دولة الفرد الخاصة,وطن,فَعْلٌ,,,,,CANDIDATE,,L2_017 haiku b31,
AR09122,شَاطِئ,اسم جامد,1490,12190,الأرض على حافة البحر أو البحيرة,شطي,فَاعِلٌ,,,,,CANDIDATE,,L2_017 haiku b31,
AR09123,سَاحِل,اسم جامد,1490,12191;12194,الجزء من الأرض المجاور أو القريب من البحر,سحل,فَاعِلٌ,,,,,CANDIDATE,,L2_017 haiku b31,
AR09124,دَلْتَا,اسم جامد,1490,12192,منطقة مثلثة من الرسوبيات في مصب النهر,,,,,,,CANDIDATE,,L2_017 haiku b31 | دخيل,ROOT_MISSING;WAZN_MISSING
AR09125,ضِفَّة,اسم جامد,1490,12193,الأرض بجانب أو منحدرة إلى نهر أو بحيرة,ضفف,فِعْلَةٌ,,,,,CANDIDATE,,L2_017 haiku b31,WAZN_LEMMA_MISMATCH
AR09126,مَصَبّ,اسم جامد,1490,12195;12200,المكان الذي يدخل فيه النهر البحر,صبب,مَفْعَلٌ,,,,,CANDIDATE,,L2_017 haiku b31,WAZN_LEMMA_MISMATCH
AR09127,مَنْبَع,اسم جامد,1490,12196,ينبوع أو مصدر النهر أو التيار,نبع,مَفْعَلٌ,,,,,CANDIDATE,,L2_017 haiku b31,
AR09128,قِمَّة,اسم جامد,1490,12197,أعلى نقطة من تل أو جبل,قمم,فِعْلَةٌ,,,,,CANDIDATE,,L2_017 haiku b31,WAZN_LEMMA_MISMATCH
AR09129,ذِرْوَة,اسم جامد,1490,12198,القمة المدببة للجبل,ذري,فِعْلَةٌ,,,,,CANDIDATE,,L2_017 haiku b31,
AR09130,سِفْح,اسم جامد,1490,12199,تل منخفض في قاعدة سلسلة جبال,سفح,فِعْلٌ,,,,,CANDIDATE,,L2_017 haiku b31,
AR09131,خَطّ السَّاحِل,تركيب,1490,14664,المكان الذي يلتقي فيه ساحل جسم ماء وكتلة أرضية,,,,,,,CANDIDATE,,L2_017 haiku b31,
AR09132,يَتَطَلَّب,فعل,1491,12201;14504,الحاجة أو الطلب,طلب,,,,,,CANDIDATE,يَتَفَعَّل,L2_017 haiku b31,WAZN_NOT_IN_INV
AR09133,يَسْتَلْزِم,فعل,1491,12202,طلب تحقيق شرط تمكيني,لزم,,,,,,CANDIDATE,يَسْتَفْعِل,L2_017 haiku b31,WAZN_NOT_IN_INV
AR09134,يَحْتَاج,فعل,1491,13071,الحاجة أو الطلب,حوج,,,,,,CANDIDATE,يَفْتَعِل,L2_017 haiku b31,WAZN_NOT_IN_INV
AR09135,ألزَمَ,فعل,1494,12207;12208;18651,جعل شخصاً ملزماً بعقد أو قانون,لزم,أَفْعَلَ,,,,,CANDIDATE,,L2_017 haiku b32,ROOT_NORMALIZED
AR09136,الْتَزَمَ,فعل,1494,12209,تعهد بالقيام بشيء معين,لزم,اِفْتَعَلَ,,,,,CANDIDATE,,L2_017 haiku b32,ROOT_NORMALIZED
AR09137,تعهَّدَ,فعل,1494,12210,التزم بشيء بحلف أو عهد,عهد,تَفَعَّلَ,,,,,CANDIDATE,,L2_017 haiku b32,ROOT_NORMALIZED
AR09138,أوجَبَ,فعل,1494,12643,حتَّم شيئاً على شخص,وجب,أَفْعَلَ,,,,,CANDIDATE,,L2_017 haiku b32,ROOT_NORMALIZED
AR09139,كلَّفَ,فعل,1494,13587,أنيط به مهمة أو واجب,كلف,فَعَّلَ,,,,,CANDIDATE,,L2_017 haiku b32,ROOT_NORMALIZED
AR09140,واجِب,صفة مشبهة,1494,13588,التزام يُفرَض على شخص,وجب,فَاعِلٌ,,,,,CANDIDATE,,L2_017 haiku b32,ROOT_NORMALIZED
AR09141,شَغَّلَ,فعل,1495,12214;12215,تحكم في عمل جهاز أو نظام,شغل,فَعَّلَ,,,,,CANDIDATE,,L2_017 haiku b32,ROOT_NORMALIZED
AR09142,أدارَ,فعل,1495,13844,تولى إدارة شيء وتنظيمه,دور,أَفْعَلَ,,,,,CANDIDATE,,L2_017 haiku b32,ROOT_NORMALIZED
AR09143,اتَّفَقَ,فعل,1496,12256;12257,تشابه الآراء بين شخصين أو أكثر,وفق,اِفْتَعَلَ,,,,,CANDIDATE,,L2_017 haiku b32,ROOT_NORMALIZED
AR09144,وافَقَ,فعل,1496,13421,اتفق مع آخرين في الرأي,وفق,فَاعَلَ,,,,,CANDIDATE,,L2_017 haiku b32,ROOT_NORMALIZED
AR09145,اتِّفاق,مصدر,1496,13442,تطابق الآراء والمشاعر بين أشخاص,وفق,اِفْتِعَالٌ,,,,,CANDIDATE,,L2_017 haiku b32,ROOT_NORMALIZED
AR09146,تراجَعَ,فعل,1497,12217,ترك النية القاسية أو تخفيفها,رجع,تَفَاعَلَ,,,,,CANDIDATE,,L2_017 haiku b32,ROOT_NORMALIZED
AR09147,أذعَنَ,فعل,1497,12218,قبل أو وافق على شيء دون اعتراض,ذعن,أَفْعَلَ,,,,,CANDIDATE,,L2_017 haiku b32,ROOT_NORMALIZED
AR09148,استسلَمَ,فعل,1497,12219;12230;12240;16553;18443;18444,انحناء لطلب أو ضغط,سلم,اِسْتَفْعَلَ,,,,,CANDIDATE,,L2_017 haiku b32,ROOT_NORMALIZED
AR09149,انهارَ,فعل,1497,12220,توقف المقاومة فجأة,هور,اِنْفَعَلَ,,,,,CANDIDATE,,L2_017 haiku b32,ROOT_NORMALIZED
AR09150,انحناى,فعل,1497,12232,استجاب للطلب والضغط,نحي,اِنْفَعَلَ,,,,,CANDIDATE,,L2_017 haiku b32,ROOT_NORMALIZED;UNVOCALIZED
AR09151,استسلَمَ,فعل,1500,12241,تنازل عن شيء تحت الإجبار,سلم,اِسْتَفْعَلَ,,,,,CANDIDATE,,L2_017 haiku b32,ROOT_NORMALIZED
AR09152,تنازَلَ,فعل,1500,12242;13151;14699,ترك ملكية شيء طوعياً,نزل,تَفَاعَلَ,,,,,CANDIDATE,,L2_017 haiku b32,ROOT_NORMALIZED
AR09153,نافِذ,صفة جامدة,1510,12258,القانون أو السياسة التي تسري وتطبق,نفذ,فَاعِلٌ,,,,,CANDIDATE,,L2_017 haiku b32,POS_NOT_CLOSED;ROOT_NORMALIZED
AR09154,نُفوذ,اسم جامد,1510,12260;12261,حالة كون الشيء سارياً ونافذاً,نفذ,,,,,,CANDIDATE,فُعول,L2_017 haiku b32,ROOT_NORMALIZED;WAZN_NOT_IN_INV
AR09155,صحيح,صفة مشبهة,1510,12262,له قوة قانونية ملزمة,صحح,فَعِيلٌ,,,,,CANDIDATE,,L2_017 haiku b32,ROOT_NORMALIZED;UNVOCALIZED
AR09156,باطِل,صفة مشبهة,1510,12263;12842,بلا صلاحية قانونية,بطل,فَاعِلٌ,,,,,CANDIDATE,,L2_017 haiku b32,ROOT_NORMALIZED
AR09157,ملزِم,اسم فاعل,1510,13057,ملزم قانوناً خاصة للعقود,لزم,مُفْعِلٌ,,,,,CANDIDATE,,L2_017 haiku b32,ROOT_NORMALIZED
AR09158,مَخزُون,اسم مفعول,1511,12264;12265;12268,كمية محفوظة للاستعمال المستقبلي,خزن,,,,,,CANDIDATE,مَفْعول,L2_017 haiku b32,ROOT_NORMALIZED;WAZN_NOT_IN_INV
AR09159,رَصيد,اسم جامد,1511,12266,كمية كبيرة من السلع المجمعة,رصد,فَعِيلٌ,,,,,CANDIDATE,,L2_017 haiku b32,ROOT_NORMALIZED
AR09160,إمْداد,اسم جامد,1511,12267,كمية مِن المورد المتاح للاستعمال,مدد,إِفْعَالٌ,,,,,CANDIDATE,,L2_017 haiku b32,ROOT_NORMALIZED
AR09161,احْتِياطِي,صفة مشبهة,1511,12269,كمية مُحتفَظ بها كمورد,حطي,,,,,,CANDIDATE,اِفْتِعالي,L2_017 haiku b32,ROOT_NORMALIZED;WAZN_NOT_IN_INV
AR09162,شُحْنَة,اسم جامد,1511,14694,كمية البضاعة المُحملَة في الشحنة,شحن,فُعْلَةٌ,,,,,CANDIDATE,,L2_017 haiku b32,ROOT_NORMALIZED
AR09163,صحيح,صفة مشبهة,1512,12270;12273;17052,خالٍ من الخطأ وصحيح,صحح,فَعِيلٌ,,,,,CANDIDATE,,L2_017 haiku b32,ROOT_NORMALIZED;UNVOCALIZED
AR09164,خاطِئ,صفة مشبهة,1512,12271;12272,غير متوافق مع الحقائق,خطء,فَاعِلٌ,,,,,CANDIDATE,,L2_017 haiku b32,ROOT_NORMALIZED
AR09165,دقيق,صفة مشبهة,1512,12274;13268,صحيح في كل التفاصيل,دقق,فَعِيلٌ,,,,,CANDIDATE,,L2_017 haiku b32,ROOT_NORMALIZED;UNVOCALIZED
AR09166,صِحَّة,مصدر,1512,12275,حالة كون الشيء صحيحاً,صحح,,,,,,CANDIDATE,فِعَّة,L2_017 haiku b32,ROOT_NORMALIZED;WAZN_NOT_IN_INV
AR09167,قدَّرَ,فعل,1513,12288;17647,وضع تقدير تقريبي لشيء,قدر,فَعَّلَ,,,,,CANDIDATE,,L2_017 haiku b32,ROOT_NORMALIZED
AR09168,تقْدير,مصدر,1513,12289,عملية تخمين القيمة التقريبية,قدر,,,,,,CANDIDATE,تَفْعيل,L2_017 haiku b32,ROOT_NORMALIZED;WAZN_NOT_IN_INV
AR09169,خمَّنَ,فعل,1513,13464,تقدير شيء بدون معلومات كافية,خمن,فَعَّلَ,,,,,CANDIDATE,,L2_017 haiku b32,ROOT_NORMALIZED
AR09170,جيش,اسم جامد,1514,12282;12286,القوات المسلحة خاصة للأمة,جيش,فِعْلٌ,,,,,CANDIDATE,,L2_017 haiku b32,ROOT_NORMALIZED;UNVOCALIZED
AR09171,قوّة,اسم جامد,1514,12283,جسم منظم من العسكريين,قوة,فُعْلَةٌ,,,,,CANDIDATE,,L2_017 haiku b32,ROOT_NORMALIZED
AR09172,بحْرِيّة,اسم منسوب,1514,12284,فرع القوات المسلحة البحري,بحر,,,,,,CANDIDATE,فَعْلِيّة,L2_017 haiku b32,ROOT_NORMALIZED;WAZN_NOT_IN_INV
AR09173,قوّة جوّيّة,تركيب,1514,12285,فرع من القوات يتعلق بالقتال الجوي,,,,,,,CANDIDATE,,L2_017 haiku b32,
AR09174,بحْرِيّ,اسم منسوب,1514,12287,متعلق بالبحرية أو الأسطول,بحر,فَعْلِيٌّ,,,,,CANDIDATE,,L2_017 haiku b32,ROOT_NORMALIZED
AR09175,قوّات مسلَّحة,تركيب,1514,12290,الجيش والبحرية والقوات الجوية,,,,,,,CANDIDATE,,L2_017 haiku b32,
AR09176,عسكَرِيّ,اسم منسوب,1514,12390,متعلق بالعسكريين أو الجيش,عسكر,فَعْلِيٌّ,,,,,CANDIDATE,,L2_017 haiku b32,ROOT_NORMALIZED
AR09177,قوّات عسكَرِيّة,تركيب,1514,12720,الجيش والبحرية الخ من الأمة,,,,,,,CANDIDATE,,L2_017 haiku b32,
AR09178,ميليشيا,اسم جامد,1514,16630,قوة عسكرية من المدنيين,ملش,,,,,,CANDIDATE,فِعْلِيا,L2_017 haiku b32,ROOT_NORMALIZED;UNVOCALIZED;WAZN_NOT_IN_INV
AR09179,الحرس الوطنيّ,تركيب,1514,17215,فرع شبه عسكري من الاحتياط,,,,,,,CANDIDATE,,L2_017 haiku b32,
AR09180,مشاة البحرية,تركيب,1514,17251,قوات مدربة بحرية وبرية,,,,,,,CANDIDATE,,L2_017 haiku b32,UNVOCALIZED
AR09181,خفر السواحل,تركيب,1514,17252,جهاز حراسة السواحل والمياه,,,,,,,CANDIDATE,,L2_017 haiku b32,UNVOCALIZED
AR09182,تقْدير,مصدر,1516,12291;12292,حساب تقريبي أو حكم,قدر,,,,,,CANDIDATE,تَفْعيل,L2_017 haiku b32,ROOT_NORMALIZED;WAZN_NOT_IN_INV
AR09183,رقْم تقْرِيبِيّ,تركيب,1516,12374,قيمة تقريبية وليست دقيقة,,,,,,,CANDIDATE,,L2_017 haiku b32,
AR09184,انسحَبَ,فعل,1518,12297;12346,توقف المشاركة في نشاط أو تنظيم,سحب,اِنْفَعَلَ,,,,,CANDIDATE,,L2_017 haiku b32,ROOT_NORMALIZED
AR09185,انسِحاب,مصدر,1518,12298;12348,فعل التوقف عن المشاركة,سحب,اِنْفِعَالٌ,,,,,CANDIDATE,,L2_017 haiku b32,ROOT_NORMALIZED
AR09186,اعتذَرَ,فعل,1518,13459,انسحاب من وعد أو التزام,عذر,اِفْتَعَلَ,,,,,CANDIDATE,,L2_017 haiku b32,ROOT_NORMALIZED
AR09187,أنجَزَ,فعل,1519,12305,تحقيق أو إكمال شيء بنجاح,نجز,أَفْعَلَ,,,,,CANDIDATE,,L2_017 haiku b32,ROOT_NORMALIZED
AR09188,حقَّقَ,فعل,1519,12306,إنجاز شيء بالجهد والمهارة,حقق,فَعَّلَ,,,,,CANDIDATE,,L2_017 haiku b32,ROOT_NORMALIZED
AR09189,إنْجاز,مصدر,1519,12307,شيء تم إنجازه بنجاح,نجز,إِفْعَالٌ,,,,,CANDIDATE,,L2_017 haiku b32,ROOT_NORMALIZED
AR09190,إنجاز,مصدر,1519,13220,شيء تم تحقيقه بنجاح,نجز,إِفْعَالٌ,,,,,CANDIDATE,,L2_017 haiku b32,ROOT_NORMALIZED;UNVOCALIZED
AR09191,سبَّبَ,فعل,1519,13221;17292,تسبب في تحقيق المقصد,سبب,فَعَّلَ,,,,,CANDIDATE,,L2_017 haiku b32,ROOT_NORMALIZED
AR09192,قدَّمَ,فعل,1521,12300,عرض اقتراح أو طلب للنظر فيه,قدم,فَعَّلَ,,,,,CANDIDATE,,L2_017 haiku b32,ROOT_NORMALIZED
AR09193,تقْديم,مصدر,1521,12301,فعل عرض الاقتراح للنظر,قدم,,,,,,CANDIDATE,تَفْعيل,L2_017 haiku b32,ROOT_NORMALIZED;WAZN_NOT_IN_INV
AR09194,سلَّمَ,فعل,1521,12302;12303,تسليم شيء لسلطة,سلم,فَعَّلَ,,,,,CANDIDATE,,L2_017 haiku b32,ROOT_NORMALIZED
AR09195,أودَعَ,فعل,1521,13231,تقديم وثيقة لحفظها في ملف,ودع,أَفْعَلَ,,,,,CANDIDATE,,L2_017 haiku b32,ROOT_NORMALIZED
AR09196,اعترَضَ,فعل,1522,12310,منع وقف متجه من الوصول,عرض,اِفْتَعَلَ,,,,,CANDIDATE,,L2_017 haiku b32,ROOT_NORMALIZED
AR09197,اعتِراض,مصدر,1522,12326,فعل منع شيء من الوصول,عرض,اِفْتِعَالٌ,,,,,CANDIDATE,,L2_017 haiku b32,ROOT_NORMALIZED
AR09198,حلَّ,فعل,1523,12315;12316;12317,إيجاد حل للمشكلة أو تسويتها,حلل,فَعَّلَ,,,,,CANDIDATE,,L2_017 haiku b32,ROOT_NORMALIZED;WAZN_LEMMA_MISMATCH
AR09199,تعامَلَ,فعل,1523,12318;13227;15648,اتخاذ إجراء حيال مشكلة,عمل,تَفَاعَلَ,,,,,CANDIDATE,,L2_017 haiku b32,ROOT_NORMALIZED
AR09200,أصلَحَ,فعل,1523,12319;16960,حل مشكلة لاستعادة الحالة الطبيعية,صلح,أَفْعَلَ,,,,,CANDIDATE,,L2_017 haiku b32,ROOT_NORMALIZED
AR09201,وضَّحَ,فعل,1523,12325,حل أو شرح شيء مبهم,وضح,فَعَّلَ,,,,,CANDIDATE,,L2_017 haiku b32,ROOT_NORMALIZED
AR09202,تناوَلَ,فعل,1523,13884,البدء في معالجة القضية,نول,تَفَاعَلَ,,,,,CANDIDATE,,L2_017 haiku b32,ROOT_NORMALIZED
AR09203,نتيجة,اسم جامد,1523,17253,معلومة أو كمية ناتجة من حساب,نتج,فَعِيلٌ,,,,,CANDIDATE,,L2_017 haiku b32,ROOT_NORMALIZED;UNVOCALIZED
AR09204,إجابة,اسم جامد,1523,17254,حل مشكلة أو لغز,جوب,إِفْعَالٌ,,,,,CANDIDATE,,L2_017 haiku b32,ROOT_NORMALIZED;UNVOCALIZED
AR09205,سيطَرَ,فعل,1523,17508,إحضار المشكلة تحت السيطرة,سيطر,فَعَّلَ,,,,,CANDIDATE,,L2_017 haiku b32,ROOT_NORMALIZED
AR09206,وجَّهَ,فعل,1530,12331,توجيه بطريقة مختلفة,وجه,فَعَّلَ,,,,,CANDIDATE,,L2_017 haiku b32,ROOT_NORMALIZED
AR09207,حرَّفَ,فعل,1530,12332;12333,تغيير المسار لتجنب مكان,حرف,فَعَّلَ,,,,,CANDIDATE,,L2_017 haiku b32,ROOT_NORMALIZED
AR09208,شرْط,اسم جامد,1531,12336;12338;12339;12349,حالة يجب توفرها لإمكانية شيء,شرط,فَعْلٌ,,,,,CANDIDATE,,L2_017 haiku b32,ROOT_NORMALIZED
AR09209,بند,اسم جامد,1531,12340,مادة منفصلة في عقد,بند,فَعْلٌ,,,,,CANDIDATE,,L2_017 haiku b32,ROOT_NORMALIZED;UNVOCALIZED
AR09210,حدّ,اسم جامد,1531,14261,حد أو نطاق يحدد العملية,حدد,فَعْلٌ,,,,,CANDIDATE,,L2_017 haiku b32,ROOT_NORMALIZED;WAZN_LEMMA_MISMATCH
AR09211,مُستَنفَذ,اسم مفعول,1532,12341,منقضٍ ومستهلك,نفذ,مُفْتَعَلٌ,,,,,CANDIDATE,,L2_017 haiku b32,ROOT_NORMALIZED;WAZN_LEMMA_MISMATCH
AR09212,أرهَقَ,فعل,1532,12342,موارد مستنزفة,رهق,أَفْعَلَ,,,,,CANDIDATE,,L2_017 haiku b32,ROOT_NORMALIZED
AR09213,نَقَصَ,فعل,1532,12343,مخفَّض في العدد أو الكمية,نقص,فَعَلَ,,,,,CANDIDATE,,L2_017 haiku b32,ROOT_NORMALIZED
AR09214,استَنفَدَ,فعل,1532,12344;12345,مستهلك تماماً,نفذ,اِسْتَفْعَلَ,,,,,CANDIDATE,,L2_017 haiku b32,ROOT_NORMALIZED;WAZN_LEMMA_MISMATCH
AR09215,انتهَى,فعل,1532,13286,انتهى من نشاط أو علاقة,نهي,اِنْفَعَلَ,,,,,CANDIDATE,,L2_017 haiku b32,ROOT_NORMALIZED
AR09216,كامِل,صفة مشبهة,1533,12350;12351,بلا أي جزء محذوف,كمل,فَاعِلٌ,,,,,CANDIDATE,,L2_017 haiku b32,ROOT_NORMALIZED
AR09217,مجرَّد,اسم مفعول,1533,12352,ليس أكثر من المحدد,جرد,مُفَعَّلٌ,,,,,CANDIDATE,,L2_017 haiku b32,ROOT_NORMALIZED
AR09218,كامِل,صفة مشبهة,1534,12363,فيه جميع الأجزاء الضرورية,كمل,فَاعِلٌ,,,,,CANDIDATE,,L2_017 haiku b32,ROOT_NORMALIZED
AR09219,ناقِص,صفة مشبهة,1534,12364,ليس كاملاً,نقص,فَاعِلٌ,,,,,CANDIDATE,,L2_017 haiku b32,ROOT_NORMALIZED
AR09220,اكتِمال,مصدر,1534,12365,حالة كون الشيء كاملاً,كمل,اِفْتِعَالٌ,,,,,CANDIDATE,,L2_017 haiku b32,ROOT_NORMALIZED
AR09221,كلّيّ,اسم منسوب,1534,13173,كامل مطلق,كلي,فَعْلِيٌّ,,,,,CANDIDATE,,L2_017 haiku b32,ROOT_NORMALIZED
AR09222,ممتلِئ,اسم فاعل,1534,13754,غير ناقص أو ناقص,ملء,مُفْتَعِلٌ,,,,,CANDIDATE,,L2_017 haiku b32,ROOT_NORMALIZED
AR09223,كَهْرَباء,اسم جامد,1535,12353;12357,التيار الكهربائي,كهرب,فَعْلاءُ,,,,,CANDIDATE,,L2_017 haiku b32,ROOT_NORMALIZED
AR09224,كَهْرَبائِيّ,اسم منسوب,1535,12354;12358,متعلق بالكهرباء,كهرب,,,,,,CANDIDATE,فَعْلَائِيّ,L2_017 haiku b32,ROOT_NORMALIZED;WAZN_NOT_IN_INV
AR09225,طاقة,اسم جامد,1535,12355;12423,قوة مستخرجة من مصدر,طاق,فَعَلَةٌ,,,,,CANDIDATE,,L2_017 haiku b32,ROOT_ALIF;ROOT_NORMALIZED;UNVOCALIZED
AR09226,طاقة كَهْرَبائِيّة,تركيب,1535,12356;12850,الطاقة الناتجة من التيار,,,,,,,CANDIDATE,,L2_017 haiku b32,
AR09227,كَهْرومائِيّ,اسم منسوب,1535,12359,متعلق بالطاقة المائية,كهرماي,,,,,,CANDIDATE,فَعْلَومائِيّ,L2_017 haiku b32,ROOT_ALIF;ROOT_LEN;ROOT_NORMALIZED;WAZN_NOT_IN_INV
AR09228,كَهْرومائِيّة,اسم منسوب,1535,12360,كهرباء من الماء,كهرماي,,,,,,CANDIDATE,فَعْلَومائِيّة,L2_017 haiku b32,ROOT_ALIF;ROOT_LEN;ROOT_NORMALIZED;WAZN_NOT_IN_INV
AR09229,ضوئِيّة كَهْرَبائِيّة,تركيب,1535,12361;12362,انبعاث إلكترونات من الضوء,,,,,,,CANDIDATE,,L2_017 haiku b32,
AR09230,تيّار,اسم جامد,1535,15941,تدفق الإلكترونات,تير,فِعَّالٌ,,,,,CANDIDATE,,L2_017 haiku b32,ROOT_NORMALIZED
AR09231,نشِيط,صفة مشبهة,1540,12370,منخرط بنشاط في مجال,نشط,فَعِيلٌ,,,,,CANDIDATE,,L2_017 haiku b32,ROOT_NORMALIZED
AR09232,خامِل,صفة مشبهة,1540,12371,غير منخرط بنشاط,خمل,فَاعِلٌ,,,,,CANDIDATE,,L2_017 haiku b32,ROOT_NORMALIZED
AR09233,بنشاط,ظرف,1540,16799,بطريقة نشيطة وحيوية,نشط,,,,,,CANDIDATE,بِـفَعَلِيّ,L2_017 haiku b32,ROOT_NORMALIZED;UNVOCALIZED;WAZN_NOT_IN_INV
AR09234,رَكَّبَ,فعل,1541,12372,وضع أو تثبيت جهاز في موضع,ركب,فَعَّلَ,,,,,CANDIDATE,,L2_017 haiku b32,ROOT_NORMALIZED
AR09235,تركيب,مصدر,1541,12373,فعل تثبيت أو تركيب الجهاز,ركب,,,,,,CANDIDATE,تَفْعيل,L2_017 haiku b32,ROOT_NORMALIZED;UNVOCALIZED;WAZN_NOT_IN_INV
AR09236,أكَّدَ,فعل,1542,12411;13482,إعطاء اعتبار أكبر للشيء,ءكد,أَفْعَلَ,,,,,CANDIDATE,,L2_017 haiku b32,ROOT_NORMALIZED
AR09237,أولَى الأهمِيّة,تركيب,1542,12412,تحديد أولويات الشيء,,,,,,,CANDIDATE,,L2_017 haiku b32,
AR09238,تأكِيد,مصدر,1542,12413,أهمية خاصة أعطيت لشيء,ءكد,,,,,,CANDIDATE,تَفْعيل,L2_017 haiku b32,ROOT_NORMALIZED;WAZN_NOT_IN_INV
AR09239,رَكَّزَ,فعل,1542,12414;12483,إعطاء أهمية لشيء معين,ركز,فَعَّلَ,,,,,CANDIDATE,,L2_017 haiku b32,ROOT_NORMALIZED
AR09240,مُركَّز,اسم مفعول,1542,12481;12482,يأخذ موضوعاً محدداً أساساً,ركز,مُفَعَّلٌ,,,,,CANDIDATE,,L2_017 haiku b32,ROOT_NORMALIZED
AR09241,مُوجَّه,اسم مفعول,1542,12484,موجه نحو موضوع معين,وجه,مُفَعَّلٌ,,,,,CANDIDATE,,L2_017 haiku b32,ROOT_NORMALIZED
AR09242,مُوجَّه للنمو,تركيب,1542,12498,موجه نحو النمو الاقتصادي,,,,,,,CANDIDATE,,L2_017 haiku b32,
AR09243,أبرَزَ,فعل,1542,17611,إعطاء تأكيد على شيء,برز,أَفْعَلَ,,,,,CANDIDATE,,L2_017 haiku b32,ROOT_NORMALIZED
AR09244,شدَّدَ,فعل,1543,12417,إيصال الأهمية النسبية,شدد,فَعَّلَ,,,,,CANDIDATE,,L2_017 haiku b32,ROOT_NORMALIZED
AR09245,أكَّدَ,فعل,1543,12418,إيصال أهمية شيء,ءكد,أَفْعَلَ,,,,,CANDIDATE,,L2_017 haiku b32,ROOT_NORMALIZED
AR09246,خطَّطَ,فعل,1543,13422,إعطاء تأكيد لشيء,خطط,فَعَّلَ,,,,,CANDIDATE,,L2_017 haiku b32,ROOT_NORMALIZED
AR09247,وضَّحَ,فعل,1543,13423,التأكيد على شيء,وضح,فَعَّلَ,,,,,CANDIDATE,,L2_017 haiku b32,ROOT_NORMALIZED
AR09248,تخزين,مصدر,1550,12425,فعل حفظ الشيء,خزن,,,,,,CANDIDATE,تَفْعيل,L2_017 haiku b32,ROOT_NORMALIZED;UNVOCALIZED;WAZN_NOT_IN_INV
AR09249,خزَّنَ,فعل,1550,12426;12427;12428;15614;15642,احتفظ بشيء للاستعمال المستقبلي,خزن,فَعَّلَ,,,,,CANDIDATE,,L2_017 haiku b32,ROOT_NORMALIZED
AR09250,احتفَظَ,فعل,1550,15068,تخزين للاستعمال المستقبلي,حفظ,اِفْتَعَلَ,,,,,CANDIDATE,,L2_017 haiku b32,ROOT_NORMALIZED
AR09251,أصْلِيّ,اسم منسوب,1552,12429;12430;12431,منشأ من مكان معين,ءصل,فَعْلِيٌّ,,,,,CANDIDATE,,L2_017 haiku b32,ROOT_NORMALIZED
AR09252,غريب,صفة مشبهة,1552,14357,شخص لا يعرفه أهل المكان,غرب,فَعِيلٌ,,,,,CANDIDATE,,L2_017 haiku b32,ROOT_NORMALIZED;UNVOCALIZED
AR09253,غير أصْلِيّ,تركيب,1552,14494,غير من أصل محلي,,,,,,,CANDIDATE,,L2_017 haiku b32,
AR09254,مَحَلِّيّ,اسم منسوب,1552,14500,أصيل في مكان معين,محل,,,,,,CANDIDATE,فَعَّلِيّ,L2_017 haiku b32,ROOT_NORMALIZED;WAZN_NOT_IN_INV
AR09255,آمِن,صفة مشبهة,1560,12442;12444,مؤكد البقاء آمناً,ءمن,فَاعِلٌ,,,,,CANDIDATE,,L2_017 haiku b32,ROOT_NORMALIZED
AR09256,أمْن,اسم جامد,1560,12443,حالة الشعور بالأمان,ءمن,فِعْلٌ,,,,,CANDIDATE,,L2_017 haiku b32,ROOT_NORMALIZED
AR09257,غير آمِن,تركيب,1560,12446;13376,غير آمن,,,,,,,CANDIDATE,,L2_017 haiku b32,
AR09258,سلامة,اسم جامد,1560,13385,حالة الأمان,سلم,,,,,,CANDIDATE,فَعَالة,L2_017 haiku b32,ROOT_NORMALIZED;UNVOCALIZED;WAZN_NOT_IN_INV
AR09259,خطَر,اسم جامد,1560,13386;13506,إمكانية حدوث شيء ضار,خطر,فَعَلٌ,,,,,CANDIDATE,,L2_017 haiku b32,ROOT_NORMALIZED
AR09260,ضعيف,صفة مشبهة,1560,13391;18469,معرَّض للهجوم أو الضرر,ضعف,فَعِيلٌ,,,,,CANDIDATE,,L2_017 haiku b32,ROOT_NORMALIZED;UNVOCALIZED
AR09261,ضعْف,اسم جامد,1560,13392;18468,حالة التعرض للضرر,ضعف,فِعْلٌ,,,,,CANDIDATE,,L2_017 haiku b32,ROOT_NORMALIZED
AR09262,مهدَّد,اسم مفعول,1560,17498,معرّض للضرر أو الخطر,هدد,مُفَعَّلٌ,,,,,CANDIDATE,,L2_017 haiku b32,ROOT_NORMALIZED
AR09263,انتظَرَ,فعل,1561,12449;18413,البقاء في مكان حتى وقت معين,نظر,اِنْفَعَلَ,,,,,CANDIDATE,,L2_017 haiku b32,ROOT_NORMALIZED;WAZN_LEMMA_MISMATCH
AR09264,ضيّق,صفة مشبهة,1562,12450,بصعوبة تام بالكاد,ضيق,فَعِيلٌ,,,,,CANDIDATE,,L2_017 haiku b32,ROOT_NORMALIZED
AR09265,حاسِم,صفة مشبهة,1562,12451,الفوز برصيد كبير,حسم,فَاعِلٌ,,,,,CANDIDATE,,L2_017 haiku b32,ROOT_NORMALIZED
AR09266,حَسْم,اسم جامد,1562,12452,حقيقة الفوز برصيد واسع,حسم,فَعْلٌ,,,,,CANDIDATE,,L2_017 haiku b32,ROOT_NORMALIZED
AR09267,قريب,صفة مشبهة,1562,12453,برصيد صغير,قرب,فَعِيلٌ,,,,,CANDIDATE,,L2_017 haiku b32,ROOT_NORMALIZED;UNVOCALIZED
AR09268,بضيق,ظرف,1562,13454,برصيد صغير,ضيق,,,,,,CANDIDATE,بِـفَعِيل,L2_017 haiku b32,ROOT_NORMALIZED;UNVOCALIZED;WAZN_NOT_IN_INV
AR09269,قوِيّ,صفة مشبهة,1563,12473;12851;18262;18266,قادر على بذل قوة عظيمة,قوة,فَعِيلٌ,,,,,CANDIDATE,,L2_017 haiku b32,ROOT_NORMALIZED
AR09270,ضعيف,صفة مشبهة,1563,12474,غير قادر على بذل قوة,ضعف,فَعِيلٌ,,,,,CANDIDATE,,L2_017 haiku b32,ROOT_NORMALIZED;UNVOCALIZED
AR09271,قوّة,اسم جامد,1563,16153;18263;18264,امتلاك قوة مادية كبيرة,قوة,فُعْلَةٌ,,,,,CANDIDATE,,L2_017 haiku b32,ROOT_NORMALIZED
AR09272,قدَرة,اسم جامد,1563,18261,امتلاك قوة أو نفوذ عظيم,قدر,,,,,,CANDIDATE,فِعَالة,L2_017 haiku b32,ROOT_NORMALIZED;WAZN_NOT_IN_INV
AR09273,ضعْف,اسم جامد,1563,18265,حالة كون الشيء ضعيفاً,ضعف,فِعْلٌ,,,,,CANDIDATE,,L2_017 haiku b32,ROOT_NORMALIZED
AR09274,عاجِز,صفة مشبهة,1563,18267,بلا قوة مادية,عجز,فَاعِلٌ,,,,,CANDIDATE,,L2_017 haiku b32,ROOT_NORMALIZED
AR09275,يسار,اسم جامد,1564,12455,حزب يفضل الآراء الراديكالية,يسر,فِعَالٌ,,,,,CANDIDATE,,L2_017 haiku b32,ROOT_NORMALIZED;UNVOCALIZED
AR09276,يسارِيّ,اسم منسوب,1564,12456,شخص ذو توجه يساري,يسر,فَعَالِيٌّ,,,,,CANDIDATE,,L2_017 haiku b32,ROOT_NORMALIZED
AR09277,محافِظ,صفة مشبهة,1564,12457,ينادي بالملكية الخاصة,حفظ,مُفَاعِلٌ,,,,,CANDIDATE,,L2_017 haiku b32,ROOT_NORMALIZED
AR09278,يسار متطرّف,تركيب,1564,12475;12487,حزب راديكالي تماماً,,,,,,,CANDIDATE,,L2_017 haiku b32,
AR09279,ذخيرة,اسم جامد,1565,12459;12460,كمية من الرصاص والقذائف,ذخر,,,,,,CANDIDATE,فِعَالة,L2_017 haiku b32,ROOT_NORMALIZED;UNVOCALIZED;WAZN_NOT_IN_INV
AR09280,عتاد,اسم جامد,1565,12461,ذخيرة للأسلحة الثقيلة,عتد,فِعَالٌ,,,,,CANDIDATE,,L2_017 haiku b32,ROOT_NORMALIZED;UNVOCALIZED
AR09281,طلقة,اسم جامد,1565,12462,كمية ذخيرة لطلقة واحدة,طلق,فَعْلَةٌ,,,,,CANDIDATE,,L2_017 haiku b32,ROOT_NORMALIZED;UNVOCALIZED
AR09282,ذخائِر,اسم جامد,1565,12463,ذخيرة وأسلحة استهلاكية,ذخر,,,,,,CANDIDATE,فَعَائِر,L2_017 haiku b32,ROOT_NORMALIZED;WAZN_NOT_IN_INV
AR09283,رصاصة,اسم جامد,1565,12840,مقذوف من سلاح ناري,رصص,,,,,,CANDIDATE,فِعَالة,L2_017 haiku b32,ROOT_NORMALIZED;UNVOCALIZED;WAZN_NOT_IN_INV
AR09284,قذيفة,اسم جامد,1565,18682,ذخيرة متعددة الطبقات,قذف,,,,,,CANDIDATE,فِعِيلة,L2_017 haiku b32,ROOT_NORMALIZED;UNVOCALIZED;WAZN_NOT_IN_INV
AR09285,تنصّلَ,فعل,1566,12465;12467,الانسحاب من التزام,نصل,تَفَعَّلَ,,,,,CANDIDATE,,L2_017 haiku b32,ROOT_NORMALIZED
AR09286,أخلَفَ,فعل,1566,12466,عدم الوفاء بوعد,خلف,أَفْعَلَ,,,,,CANDIDATE,,L2_017 haiku b32,ROOT_NORMALIZED
AR09287,استِيراد,مصدر,1567,12464;12472,فعل نقل البضاعة إلى منطقة,ورد,اِسْتِفْعَالٌ,,,,,CANDIDATE,,L2_017 haiku b32,ROOT_NORMALIZED
AR09288,استورَدَ,فعل,1567,12471,نقل البضاعة من الخارج,ورد,اِسْتَفْعَلَ,,,,,CANDIDATE,,L2_017 haiku b32,ROOT_NORMALIZED
AR09289,مستورَد,اسم مفعول,1567,12515,سلعة مستوردة,ورد,مُسْتَفْعَلٌ,,,,,CANDIDATE,,L2_017 haiku b32,ROOT_NORMALIZED
AR09290,تصْدير,مصدر,1568,12468;12470,فعل نقل البضاعة للخارج,صدر,,,,,,CANDIDATE,تَفْعيل,L2_017 haiku b32,ROOT_NORMALIZED;WAZN_NOT_IN_INV
AR09291,صدَّرَ,فعل,1568,12469,نقل البضاعة لبيعها في الخارج,صدر,فَعَّلَ,,,,,CANDIDATE,,L2_017 haiku b32,ROOT_NORMALIZED
AR09292,مُصدَّر,اسم مفعول,1568,12516,سلعة مصدَّرة,صدر,مُفَعَّلٌ,,,,,CANDIDATE,,L2_017 haiku b32,ROOT_NORMALIZED
AR09293,إصْلاح,مصدر,1571,12477,فعل إصلاح نظام,صلح,إِفْعَالٌ,,,,,CANDIDATE,,L2_017 haiku b32,ROOT_NORMALIZED
AR09294,أصْلَحَ,فعل,1571,12478,تغيير مؤسسة لتحسينها,صلح,أَفْعَلَ,,,,,CANDIDATE,,L2_017 haiku b32,ROOT_NORMALIZED
AR09295,أعادَ النظَر,تركيب,1571,12479,إحداث تغييرات للتحسين,,,,,,,CANDIDATE,,L2_017 haiku b32,
AR09296,مراجَعة,اسم جامد,1571,12480,فعل إحداث تغييرات,رجع,,,,,,CANDIDATE,مُفَاعَلة,L2_017 haiku b32,ROOT_NORMALIZED;WAZN_NOT_IN_INV
AR09297,أعادَ هيكَلة,تركيب,1571,12553,تغيير تنظيم النظام,,,,,,,CANDIDATE,,L2_017 haiku b32,
AR09298,اقتِصاد,مصدر,1572,12489,حالة الإنتاج والاستهلاك,قصد,اِفْتِعَالٌ,,,,,CANDIDATE,,L2_017 haiku b32,ROOT_NORMALIZED
AR09299,اقتِصادِيّ,اسم منسوب,1572,12490,متعلق بالاقتصاد,قصد,اِفْتِعَالِيٌّ,,,,,CANDIDATE,,L2_017 haiku b32,ROOT_NORMALIZED
AR09300,ذروة,اسم جامد,1573,12491;12492,أعلى مستوى مسجل,ذري,فِعْلَةٌ,,,,,CANDIDATE,,L2_017 haiku b32,ROOT_NORMALIZED;UNVOCALIZED
AR09301,أرضِيّة,صفة مشبهة,1573,12493,نقطة منخفضة من التطور,ءرض,فِعْلِيَّةٌ,,,,,CANDIDATE,,L2_017 haiku b32,ROOT_NORMALIZED
AR09302,قمَّة,اسم جامد,1573,12494,وقت أقوى شيء,قمم,,,,,,CANDIDATE,فِعَّة,L2_017 haiku b32,ROOT_NORMALIZED;WAZN_NOT_IN_INV
AR09303,قاع,اسم جامد,1573,12495,أدنى نقطة أو أقل نجاح,قوع,فَعِيلٌ,,,,,CANDIDATE,,L2_017 haiku b32,ROOT_NORMALIZED;UNVOCALIZED
AR09304,تحالُف,مصدر,1574,12499,اتحاد لمنفعة مشتركة,حلف,تَفَاعُلٌ,,,,,CANDIDATE,,L2_017 haiku b32,ROOT_NORMALIZED
AR09305,ائْتِلاف,مصدر,1574,12500,اتحاد مؤقت سياسي,ءتلف,اِفْتِعَالٌ,,,,,CANDIDATE,,L2_017 haiku b32,ROOT_NORMALIZED
AR09306,أَرْجَى,فعل,1576,12502,اختار الامتناع المؤقت عن فعل معين.,رجي,أَفْعَلَ,,,,,CANDIDATE,,L2_017 haiku b33,
AR09307,انْتَظَرَ,فعل,1576,12503,مدّ الفترة الزمنية قبل القيام بفعل.,نظر,اِفْتَعَلَ,,,,,CANDIDATE,,L2_017 haiku b33,
AR09308,تَرَدَّدَ,فعل,1578,12505,عجز عن اختيار خيار واحد من عدة خيارات.,ردد,تَفَعَّلَ,,,,,CANDIDATE,,L2_017 haiku b33,
AR09309,تَمَايَلَ,فعل,1578,12506,تقلب بين آراء أو تصرفات مختلفة.,ميل,تَفَاعَلَ,,,,,CANDIDATE,,L2_017 haiku b33,
AR09310,تَرَاجَعَ,فعل,1578,12507,عجز عن اتخاذ قرار حاسم.,رجع,تَفَاعَلَ,,,,,CANDIDATE,,L2_017 haiku b33,
AR09311,رَاح,فعل,1578,12508,تحرك ذهاباً وإياباً في الآراء.,روح,فَعَلَ,,,,,CANDIDATE,,L2_017 haiku b33,
AR09312,انْقَلَبَ,فعل,1578,12509,أحدث انقلاباً مفاجئاً في السياسة.,قلب,اِنْفَعَلَ,,,,,CANDIDATE,,L2_017 haiku b33,
AR09313,اِرْتَبَكَ,فعل,1578,12874,أظهر عدم القدرة على اتخاذ قرار محدد.,ربك,اِفْتَعَلَ,,,,,CANDIDATE,,L2_017 haiku b33,
AR09314,فِعْلِيّ,اسم منسوب,1580,12517,موجود بالفعل في الواقع دون افتراض.,فعل,فِعْلِيٌّ,,,,,CANDIDATE,,L2_017 haiku b33,
AR09315,حَقِيقِيّ,اسم منسوب,1580,17070,متطابق مع الواقع الفعلي الحقيقي.,حقق,فَعِيلِيٌّ,,,,,CANDIDATE,,L2_017 haiku b33,
AR09316,هَائِر,صفة مشبهة,1581,12518,يتصرف بحماقة دون اعتبار للعواقب.,هور,فَاعِلٌ,,,,,CANDIDATE,,L2_017 haiku b33,
AR09317,عَجِل,صفة مشبهة,1581,12519,يفتقر للصبر والتحمل عند التصرف.,عجل,فَعِلٌ,,,,,CANDIDATE,,L2_017 haiku b33,
AR09318,طَيّاش,صفة مشبهة,1581,12520,يتحرك بسرعة وتهور غير مدروس.,طيش,فَيْعالٌ,,,,,CANDIDATE,,L2_017 haiku b33,
AR09319,صَابِر,اسم فاعل,1581,12521,يتحرك بتأنّ ومراعاة معقولة للظروف.,صبر,فَاعِلٌ,,,,,CANDIDATE,,L2_017 haiku b33,
AR09320,مُتَسَرِّع,اسم فاعل,1581,12530,يحدث بسرعة دون اعتبار كافٍ للظروف.,سرع,مُتَفَعِّلٌ,,,,,CANDIDATE,,L2_017 haiku b33,
AR09321,مُتَعَجِّل,اسم فاعل,1581,12531,يتصرف بعجلة غير مناسبة.,عجل,مُتَفَعِّلٌ,,,,,CANDIDATE,,L2_017 haiku b33,
AR09322,أَصِيل,صفة مشبهة,1582,12522,الكيان المقصود بدقة كما تم استعماله.,صول,فَاعِلٌ,,,,,CANDIDATE,,L2_017 haiku b33,AL_STRIPPED
AR09323,ذَات,اسم جامد,1582,12868,تُستخدم للتأكيد على شيء معين محدد.,,,,,,,CANDIDATE,,L2_017 haiku b33,ROOT_MISSING;WAZN_MISSING
AR09324,تَبَنَّى,فعل,1590,12532,اختار أخذ قيمة للصفة وبدأ استعمالها.,بني,تَفَعَّلَ,,,,,CANDIDATE,,L2_017 haiku b33,
AR09325,تَحَمَّلَ,فعل,1590,12533,بدأ استخدام صفة جديدة أو خاصية.,حمل,تَفَعَّلَ,,,,,CANDIDATE,,L2_017 haiku b33,
AR09326,احْتَضَنَ,فعل,1590,12534,قَبِلَ اعتقاداً أو تغييراً برغبة صادقة.,ضحن,اِفْتَعَلَ,,,,,CANDIDATE,,L2_017 haiku b33,WAZN_LEMMA_MISMATCH
AR09327,مَعْلُومَة,اسم جامد,1591,12537,حقيقة أو معرفة مُكتسبة من البحث.,علم,مَفْعُولَةٌ,,,,,CANDIDATE,,L2_017 haiku b33,
AR09328,اسْتِخْبَارَة,مصدر,1591,12538;12539,معلومات سياسية أو عسكرية قيّمة.,خبر,اِسْتِفْعَالَةٌ,,,,,CANDIDATE,,L2_017 haiku b33,
AR09329,فَضِيحَة,اسم جامد,1591,12540,معلومات مخزية أو حقيرة عن شخص.,فضح,فَعِيلَةٌ,,,,,CANDIDATE,,L2_017 haiku b33,
AR09330,خَبَر,اسم جامد,1591,12541;12853,آخر الأخبار أو المستجدات.,خبر,فَعَلٌ,,,,,CANDIDATE,,L2_017 haiku b33,
AR09331,نَبَأ,اسم جامد,1591,12542,معلومات خاصة موثوقة.,نبء,فَعَلٌ,,,,,CANDIDATE,,L2_017 haiku b33,ROOT_NORMALIZED
AR09332,حَقِيقَة,اسم جامد,1591,12543,معلومات داخلية موثوقة وأساسية.,حقق,فَعِيلَةٌ,,,,,CANDIDATE,,L2_017 haiku b33,
AR09333,بَيَانَات,اسم جامد,1591,12687,حقائق وإحصائيات للمرجعية والتحليل.,بين,,,,,,CANDIDATE,فَعَالَات,L2_017 haiku b33,WAZN_NOT_IN_INV
AR09334,إِشَاعَة,اسم جامد,1591,13491,معلومات سرية أو نميمة شخصية.,شيع,إِفْعَالَةٌ,,,,,CANDIDATE,,L2_017 haiku b33,
AR09335,تَفْصِيل,مصدر,1591,14601,معلومات محددة وتفصيلية محددة.,فصل,تَفْعِيلٌ,,,,,CANDIDATE,,L2_017 haiku b33,
AR09336,مَدَار,اسم جامد,1592,12544,مسار بيضاوي منتظم لجسم سماوي.,دور,,,,,,CANDIDATE,مَفَال,L2_017 haiku b33,WAZN_NOT_IN_INV
AR09337,مَسَار,اسم جامد,1592,12545,الطريق أو الاتجاه المتبع من جسم متحرك.,سير,,,,,,CANDIDATE,مَفَال,L2_017 haiku b33,WAZN_NOT_IN_INV
AR09338,دَوْرَة,مصدر,1592,12546,مسار دائري حول محيط موقع معين.,دور,فَعْلَةٌ,,,,,CANDIDATE,,L2_017 haiku b33,
AR09339,طَرِيق,اسم جامد,1592,12547,الاتجاه الذي يتحرك فيه شيء معين.,طرق,فَعِيلٌ,,,,,CANDIDATE,,L2_017 haiku b33,
AR09340,حَتَّى,حرف,1594,12555,إلى هذا الوقت بقي الحال ثابتاً مستمراً.,,,,,,,CANDIDATE,,L2_017 haiku b33,
AR09341,إِلَى,حرف,1594,12556;12557;12558;12559,إلى الآن ولم يحدث تغيير في الحال.,,,,,,,CANDIDATE,,L2_017 haiku b33,
AR09342,بَعْد,ظرف,1594,13044,حتى في هذا الوقت أو لحظة محددة.,بعد,فَعْلٌ,,,,,CANDIDATE,,L2_017 haiku b33,
AR09343,قِمَّة,اسم جامد,1596,12560,أعلى مستوى أو درجة معينة محققة.,قمم,,,,,,CANDIDATE,فِعَّة,L2_017 haiku b33,WAZN_NOT_IN_INV
AR09344,قَاع,اسم جامد,1596,12561,أدنى نقطة أو مستوى معين محققة.,قوع,فَاعِلٌ,,,,,CANDIDATE,,L2_017 haiku b33,
AR09345,ذِرْوَة,اسم جامد,1596,13259,أعلى درجة من الإنجاز والتفوق.,ذروة,,,,,,CANDIDATE,فِعْوَة,L2_017 haiku b33,WAZN_NOT_IN_INV
AR09346,حَد,اسم جامد,1596,13260;13262,أعظم كمية أو شدة ممكنة مسجلة.,حدد,فَعْلٌ,,,,,CANDIDATE,,L2_017 haiku b33,WAZN_LEMMA_MISMATCH
AR09347,أَقْصَى,صفة مشبهة,1596,13261,الأعظم في الكمية أو الشدة أو المدى.,قصي,أَفْعَلُ,,,,,CANDIDATE,,L2_017 haiku b33,
AR09348,أَدْنَى,صفة مشبهة,1596,13263,الأصغر أو الأقل في الكمية أو الشدة.,دنو,أَفْعَلُ,,,,,CANDIDATE,,L2_017 haiku b33,
AR09349,أَلِيف,صفة مشبهة,1597,12564,معروف أو مألوف لمدرك معين.,ءلف,فَعِيلٌ,,,,,CANDIDATE,,L2_017 haiku b33,ROOT_NORMALIZED
AR09350,غَرِيب,صفة مشبهة,1597,12565,غير معروف أو غير مألوف لمُدرك.,غرب,فَعِيلٌ,,,,,CANDIDATE,,L2_017 haiku b33,
AR09351,جَدِيد,صفة مشبهة,1597,12566,غير مألوف أو غريب على مُدرك معين.,جدد,فَعِيلٌ,,,,,CANDIDATE,,L2_017 haiku b33,
AR09352,عَرَفَ,فعل,1597,13255,كان مألوفاً أو صديقاً لشخص آخر.,عرف,فَعَلَ,,,,,CANDIDATE,,L2_017 haiku b33,
AR09353,تَعَرَّفَ,فعل,1597,13256,معرفة شخص آخر معرفة شخصية مباشرة.,عرف,تَفَعَّلَ,,,,,CANDIDATE,,L2_017 haiku b33,
AR09354,نِطَاق,اسم جامد,1597,13258,حدود ما يعرفه الشخص أو يراه.,نطق,فِعَالٌ,,,,,CANDIDATE,,L2_017 haiku b33,
AR09355,قَرِيب,صفة مشبهة,1597,13906,معروف بشكل قريب وحميم جداً.,قرب,فَعِيلٌ,,,,,CANDIDATE,,L2_017 haiku b33,
AR09356,سَحَّاب,اسم جامد,1598,12569,مثبت على شكل سحاب لإغلاق الوعاء.,سحب,فَعَّالٌ,,,,,CANDIDATE,,L2_017 haiku b33,
AR09357,إِغْلَاق,مصدر,1598,12570,جهاز أو مادة توصل بين شيئين.,غلق,إِفْعَالٌ,,,,,CANDIDATE,,L2_017 haiku b33,
AR09358,زِرّ,اسم جامد,1598,12571,قطعة صغيرة تُخيّط لإغلاق الملابس.,زرر,فِعْلٌ,,,,,CANDIDATE,,L2_017 haiku b33,WAZN_LEMMA_MISMATCH
AR09359,إِبْزِيم,اسم جامد,1598,12572,إطار معدني لربط طرفي الحزام.,بزم,إِفْعِيلٌ,,,,,CANDIDATE,,L2_017 haiku b33,
AR09360,تَكَاثَرَ,فعل,1599,12586,تزايد العدد بسرعة ودون انقطاع.,كثر,تَفَاعَلَ,,,,,CANDIDATE,,L2_017 haiku b33,
AR09361,تَضَاعَفَ,فعل,1599,12587,زاد العدد أو الكمية بشكل متكرر.,ضعف,تَفَاعَلَ,,,,,CANDIDATE,,L2_017 haiku b33,
AR09362,تَنَاقَصَ,فعل,1599,12588,تراجع العدد حتى يقترب من الاختفاء.,نقص,تَفَاعَلَ,,,,,CANDIDATE,,L2_017 haiku b33,
AR09363,تَكَاثُر,مصدر,1599,12589,التناسل السريع وتزايد الأعداد.,كثر,تَفَاعُلٌ,,,,,CANDIDATE,,L2_017 haiku b33,
AR09364,عَدَم,اسم جامد,1599,13895,الوقاية من زيادة الأسلحة النووية.,عدم,فَعَلٌ,,,,,CANDIDATE,,L2_017 haiku b33,
AR09365,حَالَة,اسم جامد,1600,12596,الوضع أو الشرط الذي يكون عليه الكيان.,حول,فَعَالَةٌ,,,,,CANDIDATE,,L2_017 haiku b33,
AR09366,وَضْع,اسم جامد,1600,12597,الحالة من حيث المظهر أو الكفاءة.,وضع,فَعْلٌ,,,,,CANDIDATE,,L2_017 haiku b33,
AR09367,اسْتَشْهَدَ,فعل,1601,12599,ذكر دليلاً أو حجة لدعم وجهة نظر.,شهد,اِسْتَفْعَلَ,,,,,CANDIDATE,,L2_017 haiku b33,
AR09368,ذَكَرَ,فعل,1601,12600,أورد شاهداً أو دليلاً لدعم ادعاء.,ذكر,فَعَلَ,,,,,CANDIDATE,,L2_017 haiku b33,
AR09369,أَشَارَ,فعل,1601,12601,وجّه انتباه شخص لحقيقة لدعم رأي.,شير,أَفْعَلَ,,,,,CANDIDATE,,L2_017 haiku b33,
AR09370,حَدَّدَ,فعل,1601,15795,تحديد مبلغ أو وقت أو مكان معين.,حدد,فَعَّلَ,,,,,CANDIDATE,,L2_017 haiku b33,
AR09371,وَفِير,صفة مشبهة,1602,12603,موجود بكمية كبيرة أو بوفرة.,وفر,فَعِيلٌ,,,,,CANDIDATE,,L2_017 haiku b33,
AR09372,عَمّ,فعل,1602,12604,تواجد بأعداد كبيرة أو كميات.,عمم,فَعَّلَ,,,,,CANDIDATE,,L2_017 haiku b33,WAZN_LEMMA_MISMATCH
AR09373,زَخَرَ,فعل,1602,12606,امتلأ وتوفر بكميات كبيرة.,زخر,فَعَلَ,,,,,CANDIDATE,,L2_017 haiku b33,
AR09374,كَثِير,صفة مشبهة,1602,12607,موجود بوفرة وكثرة شديدة.,كثر,فَعِيلٌ,,,,,CANDIDATE,,L2_017 haiku b33,
AR09375,نُدْرَة,اسم جامد,1603,12608;12612,حالة عدم توفر المورد حسب الطلب.,ندر,فُعْلَةٌ,,,,,CANDIDATE,,L2_017 haiku b33,
AR09376,نَادِر,صفة مشبهة,1603,12609,غير كافٍ لسد الطلب عليه.,ندر,فَاعِلٌ,,,,,CANDIDATE,,L2_017 haiku b33,
AR09377,وَفِير,صفة مشبهة,1603,12610,موجود بكثرة ويعطي كميات كبيرة.,وفر,فَعِيلٌ,,,,,CANDIDATE,,L2_017 haiku b33,
AR09378,وَفْرَة,اسم جامد,1603,12611,حالة الكثرة والتوفر الشديد.,وفر,فَعْلَةٌ,,,,,CANDIDATE,,L2_017 haiku b33,
AR09379,مُؤَسَّسَة,اسم جامد,1604,12614,منظمة دائمة تأسست لغرض اجتماعي.,سسس,,,,,,CANDIDATE,مُفَعَّسَة,L2_017 haiku b33,WAZN_LEMMA_MISMATCH;WAZN_NOT_IN_INV
AR09380,مُؤَسَّسِيّ,اسم منسوب,1604,12615,ما يتعلق بالمؤسسات أو نمطها.,سسس,,,,,,CANDIDATE,مُفَعَّسِيّ,L2_017 haiku b33,WAZN_LEMMA_MISMATCH;WAZN_NOT_IN_INV
AR09381,خِدْمَة,اسم جامد,1605,12616;12633,نظام لتوفير حاجة عامة كالمواصلات.,خدم,فِعْلَةٌ,,,,,CANDIDATE,,L2_017 haiku b33,
AR09382,بَطَالَة,اسم جامد,1606,12623,نسبة الأشخاص غير الموظفين.,بطل,فَعَالَةٌ,,,,,CANDIDATE,,L2_017 haiku b33,
AR09383,بِلَا,حرف,1606,12624,نسبة الأشخاص بلا عمل في المجتمع.,,,,,,,CANDIDATE,,L2_017 haiku b33,
AR09384,تَوَظُّف,مصدر,1606,12877,نسبة الأشخاص الموظفين المشتغلين.,وظف,تَفَعُّلٌ,,,,,CANDIDATE,,L2_017 haiku b33,
AR09385,مَحْكَمَة,اسم جامد,1607,12625;12626,جسم قضائي لسماع القضايا والفصل.,حكم,مَفْعَلَةٌ,,,,,CANDIDATE,,L2_017 haiku b33,
AR09386,قَضَاء,اسم جامد,1607,12627,السلطات القضائية في الدولة.,قضي,,,,,,CANDIDATE,فَعَاء,L2_017 haiku b33,WAZN_NOT_IN_INV
AR09387,قَضَائِيّ,اسم منسوب,1607,12628,ما يتعلق بالمحكمة أو القاضي.,قضي,,,,,,CANDIDATE,فَعَائِيّ,L2_017 haiku b33,WAZN_NOT_IN_INV
AR09388,قَضِيَّة,اسم جامد,1608,12630,موضوع مهم قيد النقاش والاختلاف.,قضي,فَعِيلَةٌ,,,,,CANDIDATE,,L2_017 haiku b33,
AR09389,سُؤَال,اسم جامد,1608,12632,مشكلة تحتاج إلى حل وبحث.,سءل,فُعَالٌ,,,,,CANDIDATE,,L2_017 haiku b33,ROOT_NORMALIZED
AR09390,اهْتِمَام,مصدر,1608,13234,موضوع ذو أهمية واهتمام عام.,هتم,اِفْتِعَالٌ,,,,,CANDIDATE,,L2_017 haiku b33,WAZN_LEMMA_MISMATCH
AR09391,بَرِيد,اسم جامد,1609,12634;12635,رسائل وطرود مُرسلة بالبريد.,برد,فَعِيلٌ,,,,,CANDIDATE,,L2_017 haiku b33,
AR09392,شِحْنَة,اسم جامد,1609,12636,مجموعة سلع مشحونة معاً.,شحن,فِعْلَةٌ,,,,,CANDIDATE,,L2_017 haiku b33,
AR09393,نِظَام,اسم جامد,1610,12637,مركّب معقد من كيانات مترابطة.,نظم,فِعَالٌ,,,,,CANDIDATE,,L2_017 haiku b33,
AR09394,مَعْقِد,اسم جامد,1610,12650,نظام مرتبط من عناصر متداخلة.,عقد,مَفْعِلٌ,,,,,CANDIDATE,,L2_017 haiku b33,
AR09395,تَسَلْسُل,مصدر,1610,14038,سلسلة من المراحل تثير بعضها.,سلس,تَفَعْلُلٌ,,,,,CANDIDATE,,L2_017 haiku b33,WAZN_LEMMA_MISMATCH
AR09396,شَبَكَة,اسم جامد,1611,12638;12642,منظومة كيانات متصلة للتبادل.,شبك,فَعَلَةٌ,,,,,CANDIDATE,,L2_017 haiku b33,
AR09397,مُخْزٍ,صفة مشبهة,1612,12639,واقع حال غير مقبول اجتماعياً.,خزي,مُفْعِلٌ,,,,,CANDIDATE,,L2_017 haiku b33,
AR09398,عَارّ,صفة مشبهة,1612,12640,واقع يستحق الخزي والعار.,عور,فَاعِلٌ,,,,,CANDIDATE,,L2_017 haiku b33,
AR09399,تَجْدِيد,مصدر,1614,12644,إعادة الحيوية والشباب إلى الكيان.,جدد,تَفْعِيلٌ,,,,,CANDIDATE,,L2_017 haiku b33,
AR09400,أَحْيَا,فعل,1614,12660;12666;12667,أعاد الحياة والحيوية إلى شيء.,حيي,أَفْعَلَ,,,,,CANDIDATE,,L2_017 haiku b33,
AR09401,إِحْيَاء,مصدر,1614,12661;14356,فعل إعادة الحياة والنشاط.,حيي,,,,,,CANDIDATE,إِفْعَاء,L2_017 haiku b33,WAZN_NOT_IN_INV
AR09402,جَدَّدَ,فعل,1614,12662;12867,أعاد الشباب أو الحيوية للكيان.,جدد,فَعَّلَ,,,,,CANDIDATE,,L2_017 haiku b33,
AR09403,رَوَّحَ,فعل,1614,12663,منح الجديد من القوة والنشاط.,روح,فَعَّلَ,,,,,CANDIDATE,,L2_017 haiku b33,
AR09404,نَشَّطَ,فعل,1614,12664;13229,أعطى طاقة وقوة جديدة.,نشط,فَعَّلَ,,,,,CANDIDATE,,L2_017 haiku b33,
AR09405,تَنْشِيط,مصدر,1614,12665,فعل إعطاء الطاقة والقوة الجديدة.,نشط,تَفْعِيلٌ,,,,,CANDIDATE,,L2_017 haiku b33,
AR09406,أَنْعَشَ,فعل,1614,12668,أعاد الحياة والنشاط بقوة.,نعش,أَفْعَلَ,,,,,CANDIDATE,,L2_017 haiku b33,
AR09407,أَيْقَظَ,فعل,1614,12669,أعاد الانتباه والنشاط.,يقظ,أَفْعَلَ,,,,,CANDIDATE,,L2_017 haiku b33,
AR09408,إِنْعَاش,مصدر,1614,12670,فعل إعادة الحيوية والنشاط.,نعش,إِفْعَالٌ,,,,,CANDIDATE,,L2_017 haiku b33,
AR09409,أَعَادَ,فعل,1614,14557,إرجاع الشيء إلى حالته الأصلية.,عود,أَفْعَلَ,,,,,CANDIDATE,,L2_017 haiku b33,
AR09410,سَجَّلَ,فعل,1615,12641;12658,ودّن معلومات بشكل رسمي دائم.,سجل,فَعَّلَ,,,,,CANDIDATE,,L2_017 haiku b33,
AR09411,وَثَّقَ,فعل,1615,13428,سجل بصرياً أو كتابياً بشكل دقيق.,وثق,فَعَّلَ,,,,,CANDIDATE,,L2_017 haiku b33,
AR09412,أَرَّخَ,فعل,1615,13982,وثّق سلسلة أحداث بدقة تفصيلية.,رخخ,فَعَّلَ,,,,,CANDIDATE,,L2_017 haiku b33,WAZN_LEMMA_MISMATCH
AR09413,مَجْمُوعَة,اسم جامد,1617,12647,مجموعة من الكيانات بعلاقات متبادلة.,جمع,مَفْعُولَةٌ,,,,,CANDIDATE,,L2_017 haiku b33,
AR09414,فِي,حرف,1619,12671,الشخص عادة موجود في بيته أو مكتبه.,,,,,,,CANDIDATE,,L2_017 haiku b33,
AR09415,خَارِج,ظرف,1619,12672,الشخص غير موجود في بيته أو عمله.,خرج,فَاعِلٌ,,,,,CANDIDATE,,L2_017 haiku b33,
AR09416,بَيْت,اسم جامد,1619,12674,الموقع المتوقع الذي يقيم فيه.,بيت,,,,,,CANDIDATE,فَيْل,L2_017 haiku b33,WAZN_NOT_IN_INV
AR09417,أَوْدَعَ,فعل,1620,12713,ضع شخصاً تحت رعاية مؤسسة.,ودع,أَفْعَلَ,,,,,CANDIDATE,,L2_017 haiku b33,
AR09418,إِيدَاع,مصدر,1620,12714,فعل إيداع شخص في مؤسسة.,ودع,إِفْعَالٌ,,,,,CANDIDATE,,L2_017 haiku b33,
AR09419,أَدْخَلَ,فعل,1620,12715;12717,أرسل شخصاً إلى مستشفى نفسي.,دخل,أَفْعَلَ,,,,,CANDIDATE,,L2_017 haiku b33,
AR09420,إِدْخَال,مصدر,1620,12716;12718,فعل إدخال شخص إلى مستشفى نفسي.,دخل,إِفْعَالٌ,,,,,CANDIDATE,,L2_017 haiku b33,
AR09421,قَبِلَ,فعل,1620,18748,استقبل شخصاً في مؤسسة للإقامة.,قبل,فَعِلَ,,,,,CANDIDATE,,L2_017 haiku b33,
AR09422,قَبُول,مصدر,1620,18749,فعل استقبال وإدخال شخص.,قبل,فَعُولٌ,,,,,CANDIDATE,,L2_017 haiku b33,
AR09423,تَشَكَّى,فعل,1621,12721,شكا بحدة وشكوى متكررة.,شكي,تَفَعَّلَ,,,,,CANDIDATE,,L2_017 haiku b33,
AR09424,بَكَى,فعل,1621,12722,شكا بضعف وطريقة بائسة.,بكي,فَعَلَ,,,,,CANDIDATE,,L2_017 haiku b33,
AR09425,اشْتَكَى,فعل,1621,12723;12729,عبّر عن عدم الرضا والاستياء.,شكي,اِفْتَعَلَ,,,,,CANDIDATE,,L2_017 haiku b33,
AR09426,تَأَوَّهَ,فعل,1621,12724;12730,شكا أو تذمر بطريقة ضعيفة.,ءه,تَفَعَّلَ,,,,,CANDIDATE,,L2_017 haiku b33,ROOT_LEN;ROOT_NORMALIZED
AR09427,انْتَقَدَ,فعل,1621,12725,انتقد بحدة وخبث متعمد.,نقد,اِنْفَعَلَ,,,,,CANDIDATE,,L2_017 haiku b33,WAZN_LEMMA_MISMATCH
AR09428,شِكَايَة,اسم جامد,1621,12726;12763;17324,فعل الشكوى والتظلم من حالة.,شكي,فِعَالَةٌ,,,,,CANDIDATE,,L2_017 haiku b33,
AR09429,تَذَمَّرَ,فعل,1621,12727;12847;13002,شكا بطريقة صغيرة وتافهة.,ذمر,تَفَعَّلَ,,,,,CANDIDATE,,L2_017 haiku b33,
AR09430,أَسِفَ,فعل,1621,12728,عبّر عن الأسف والندم.,سيف,فَعِلَ,,,,,CANDIDATE,,L2_017 haiku b33,
AR09431,تَذَمُّر,مصدر,1621,13176,فعل الشكوى والتذمر العام.,ذمر,تَفَعُّلٌ,,,,,CANDIDATE,,L2_017 haiku b33,
AR09432,أَطْلَقَ,فعل,1622,12731,أعطى التعبير الحر لعاطفة قوية.,طلق,أَفْعَلَ,,,,,CANDIDATE,,L2_017 haiku b33,
AR09433,أَذَاعَ,فعل,1622,12732,عبّر عن رأي أو شكوى علناً.,ذيع,أَفْعَلَ,,,,,CANDIDATE,,L2_017 haiku b33,
AR09434,عَبَّرَ,فعل,1622,12733;12738,نقل رسالة لمجموعة من الناس.,عبر,فَعَّلَ,,,,,CANDIDATE,,L2_017 haiku b33,
AR09435,صَوَّتَ,فعل,1622,12734,عبّر عن فكرة أو شعور بالكلام.,صوت,فَعَّلَ,,,,,CANDIDATE,,L2_017 haiku b33,
AR09436,أَعْطَى,فعل,1622,12735,أعطى تعبيراً صوتياً لشيء.,عطي,,,,,,CANDIDATE,أَفْعَى,L2_017 haiku b33,WAZN_NOT_IN_INV
AR09437,تَعْبِير,مصدر,1622,12736,فعل التعبير عن شيء ما.,عبر,تَفْعِيلٌ,,,,,CANDIDATE,,L2_017 haiku b33,
AR09438,صَرَّحَ,فعل,1622,12737,عبّر بوضوح عن فكرة أو شعور.,صرح,فَعَّلَ,,,,,CANDIDATE,,L2_017 haiku b33,
AR09439,رَفَضَ,فعل,1623,12743;12746;14586,رفع عرض أو طلب بحدة.,رفض,فَعَلَ,,,,,CANDIDATE,,L2_017 haiku b33,
AR09440,ردّ,فعل,1623,12744,رفض بطريقة حادة وغير لطيفة.,ردد,فَعَّلَ,,,,,CANDIDATE,,L2_017 haiku b33,WAZN_LEMMA_MISMATCH
AR09441,رَد,اسم جامد,1623,12745,رفض حاد ومباغت.,ردد,فَعْلٌ,,,,,CANDIDATE,,L2_017 haiku b33,WAZN_LEMMA_MISMATCH
AR09442,قَبِلَ,فعل,1623,12747,أبدى موافقة إيجابية على.,قبل,فَعِلَ,,,,,CANDIDATE,,L2_017 haiku b33,
AR09443,قَبُول,مصدر,1623,12748,فعل إعطاء موافقة إيجابية.,قبل,فَعُولٌ,,,,,CANDIDATE,,L2_017 haiku b33,
AR09444,رَفْض,مصدر,1623,14566,فعل رفض اقتراح آخر.,رفض,فَعْلٌ,,,,,CANDIDATE,,L2_017 haiku b33,
AR09445,افْتَخَرَ,فعل,1624,12749,تحدث بفخر مفرط عن نفسه.,فخر,اِفْتَعَلَ,,,,,CANDIDATE,,L2_017 haiku b33,
AR09446,تَفَاخَرَ,فعل,1624,12750;12754,تحدث بثقة وفخر مفرط عن.,فخر,تَفَاعَلَ,,,,,CANDIDATE,,L2_017 haiku b33,
AR09447,افْتِخَار,مصدر,1624,12751,فعل التحدث بفخر عن نفسه.,فخر,اِفْتِعَالٌ,,,,,CANDIDATE,,L2_017 haiku b33,
AR09448,تَمَايَزَ,فعل,1624,12752,شعر بالفخر والزهو.,ميز,تَفَاعَلَ,,,,,CANDIDATE,,L2_017 haiku b33,
AR09449,ادَّعَى,فعل,1624,12753,تفاخر بادعاءات معظمة.,دعي,اِفْتَعَلَ,,,,,CANDIDATE,,L2_017 haiku b33,
AR09450,مُتَفَاخِر,اسم فاعل,1624,12755;13215,يدل على الفخر والكبرياء.,فخر,مُتَفَاعِلٌ,,,,,CANDIDATE,,L2_017 haiku b33,
AR09451,ادِّعَاء,مصدر,1624,12756,كلام متفاخر ومنتفخ.,دعي,اِفْتِعَالٌ,,,,,CANDIDATE,,L2_017 haiku b33,
AR09452,انتقد,فعل,1624,12762,أبدى شكوى بسيطة وتافهة.,نقد,اِنْفَعَلَ,,,,,CANDIDATE,,L2_017 haiku b33,UNVOCALIZED;WAZN_LEMMA_MISMATCH
AR09453,رَفَضَ,فعل,1625,12758,عبّر عن عدم الرغبة في.,رفض,فَعَلَ,,,,,CANDIDATE,,L2_017 haiku b33,
AR09454,اعْتَذَرَ,فعل,1625,12759,رفض بأدب ولياقة.,عذر,اِفْتَعَلَ,,,,,CANDIDATE,,L2_017 haiku b33,
AR09455,رَفْض,مصدر,1625,12760,فعل الامتناع عن قبول أو إعطاء.,رفض,فَعْلٌ,,,,,CANDIDATE,,L2_017 haiku b33,
AR09456,وَافَقَ,فعل,1625,12761,وافق على فعل ما مقترح.,وفق,فَاعَلَ,,,,,CANDIDATE,,L2_017 haiku b33,
AR09457,فَضَّلَ,فعل,1626,12764;13918,أحب شيء أكثر من آخر.,فضل,فَعَّلَ,,,,,CANDIDATE,,L2_017 haiku b33,
AR09458,كَرِهَ,فعل,1626,12765,فضّل شيء أقل من آخر.,كره,فَعِلَ,,,,,CANDIDATE,,L2_017 haiku b33,
AR09459,حَمَى,فعل,1631,12789,منع الضرر أو الأذى.,حمي,فَعَلَ,,,,,CANDIDATE,,L2_017 haiku b33,
AR09460,وَقَى,فعل,1631,12790,حمى من خطر أو مخاطرة.,وقي,فَعَلَ,,,,,CANDIDATE,,L2_017 haiku b33,
AR09461,صَانَ,فعل,1631,12791,حمى بوسيلة واقية.,صون,فَاعَلَ,,,,,CANDIDATE,,L2_017 haiku b33,
AR09462,عَزَلَ,فعل,1631,12792,حمى من شيء غير سار.,عزل,فَعَلَ,,,,,CANDIDATE,,L2_017 haiku b33,
AR09463,أَمَّنَ,فعل,1631,12793,حمى ضد التهديدات.,ءمن,فَعَّلَ,,,,,CANDIDATE,,L2_017 haiku b33,ROOT_NORMALIZED
AR09464,حِمَايَة,اسم جامد,1631,12794;12796,فعل أو حالة الحماية.,حمي,فِعَالَةٌ,,,,,CANDIDATE,,L2_017 haiku b33,
AR09465,حَامِي,اسم فاعل,1631,12795,شخص أو شيء يحمي.,حمي,فَاعِلٌ,,,,,CANDIDATE,,L2_017 haiku b33,
AR09466,حِجَاب,اسم جامد,1631,12797,شخص أو شيء يوفر حماية.,حجب,فِعَالٌ,,,,,CANDIDATE,,L2_017 haiku b33,
AR09467,دِعَامَة,اسم جامد,1631,12798,دعم قوي أو حماية.,دعم,فِعَالَةٌ,,,,,CANDIDATE,,L2_017 haiku b33,
AR09468,حَرَسَ,فعل,1631,14700,راقب وحماية الأصل.,حرس,فَعَلَ,,,,,CANDIDATE,,L2_017 haiku b33,
AR09469,ملْجَأ,اسم جامد,1631,16767,درع ضد شيء ضار.,لجء,مَفْعَلٌ,,,,,CANDIDATE,,L2_017 haiku b33,ROOT_NORMALIZED
AR09470,أَوَى,فعل,1631,16768,أعطى حماية وملجأ.,ءوي,أَفْعَلَ,,,,,CANDIDATE,,L2_017 haiku b33,ROOT_NORMALIZED
AR09471,غِطَاء,اسم جامد,1631,16769,حماية غالباً من الهجوم.,غطي,فِعَالٌ,,,,,CANDIDATE,,L2_017 haiku b33,
AR09472,رَاغِب,اسم فاعل,1632,12799,غير معترض على فعل.,رغب,فَاعِلٌ,,,,,CANDIDATE,,L2_017 haiku b33,
AR09473,كَارِه,اسم فاعل,1632,12800,غير راغب في الفعل.,كره,فَاعِلٌ,,,,,CANDIDATE,,L2_017 haiku b33,
AR09474,مُتَرَدِّد,اسم فاعل,1632,12801,معترض ومترددٌ.,ردد,مُتَفَعِّلٌ,,,,,CANDIDATE,,L2_017 haiku b33,
AR09475,رَغْبَة,اسم جامد,1632,12802,حالة أو درجة عدم الاعتراض.,رغب,فَعْلَةٌ,,,,,CANDIDATE,,L2_017 haiku b33,
AR09476,مُكْرَه,اسم مفعول,1632,12803,معترض وكاره.,كره,مُفْعَلٌ,,,,,CANDIDATE,,L2_017 haiku b33,
AR09477,حَاقِد,اسم فاعل,1632,12804,معترض بحنق وكراهية.,حقد,فَاعِلٌ,,,,,CANDIDATE,,L2_017 haiku b33,
AR09478,رَفْض,مصدر,1632,12805,حالة أو درجة الاعتراض.,رفض,فَعْلٌ,,,,,CANDIDATE,,L2_017 haiku b33,
AR09479,مُسْتَعِد,اسم فاعل,1632,12806;15885,راغب نتيجة التدبر.,عدد,مُسْتَفْعِلٌ,,,,,CANDIDATE,,L2_017 haiku b33,WAZN_LEMMA_MISMATCH
AR09480,رَكِبَ,فعل,1633,12807;12809;12810;12811;12812;12816,دخل مركبة للانتقال.,ركب,فَعِلَ,,,,,CANDIDATE,,L2_017 haiku b33,
AR09481,دَخَلَ,فعل,1633,12808,دخل أو ركب مركبة.,دخل,فَعَلَ,,,,,CANDIDATE,,L2_017 haiku b33,
AR09482,قَفَزَ,فعل,1633,12813,قفز على مركبة متحركة.,قفز,فَعَلَ,,,,,CANDIDATE,,L2_017 haiku b33,
AR09483,رُكُوب,مصدر,1633,12814;12815,فعل ركوب السفينة أو الطائرة.,ركب,فُعُولٌ,,,,,CANDIDATE,,L2_017 haiku b33,
AR09484,نَزَلَ,فعل,1634,12817;12818;12819;12820;12821;12822;12823,غادر مركبة السفر.,نزل,فَعَلَ,,,,,CANDIDATE,,L2_017 haiku b33,
AR09485,نُزول,مصدر,1634,12824,فعل النزول من المركبة.,نزل,فُعُولٌ,,,,,CANDIDATE,,L2_017 haiku b33,
AR09486,خَرَجَ,فعل,1634,12825,غادر المركبة.,خرج,فَعَلَ,,,,,CANDIDATE,,L2_017 haiku b33,
AR09487,بَدَأَ,فعل,1641,12890,بدأ الحركة والتقدم نحو الهدف.,بدء,فَعَلَ,,,,,CANDIDATE,,L2_017 haiku b33,ROOT_NORMALIZED
AR09488,انْطَلَقَ,فعل,1641,12891;12892;12935,بدأ الحركة من موضع.,طلق,اِنْفَعَلَ,,,,,CANDIDATE,,L2_017 haiku b33,
AR09489,خَاضَ,فعل,1642,12895,عبر نهر أو جدول.,خيض,فَاعَلَ,,,,,CANDIDATE,,L2_017 haiku b33,
AR09490,عَبَرَ,فعل,1642,12896,ذهب مباشرة عبر المنطقة.,عبر,فَعَلَ,,,,,CANDIDATE,,L2_017 haiku b33,
AR09491,صَعِدَ,فعل,1642,12920;12921,اجتاز سطح مائل صعوداً.,صعد,فَعِلَ,,,,,CANDIDATE,,L2_017 haiku b33,
AR09492,غَادَرَ,فعل,1644,12898,المغادرة على وجه مخصوص,غدر,فَعَلَ,,,,,CANDIDATE,,L2_017 haiku b34,
AR09493,فَرَّ,فعل,1644,12901;12902,الفرار على وجه مخصوص,فرر,فَعَّلَ,,,,,CANDIDATE,,L2_017 haiku b34,WAZN_LEMMA_MISMATCH
AR09494,ذَهَبَ,فعل,1644,12903,المغادرة المفاجئة على وجه مخصوص,ذهب,فَعَلَ,,,,,CANDIDATE,,L2_017 haiku b34,
AR09495,تَرَكَ,فعل,1644,12904;12914;12918,ترك مكان السكن على وجه مخصوص,ترك,فَعَلَ,,,,,CANDIDATE,,L2_017 haiku b34,
AR09496,انطَلَقَ,فعل,1644,12905,الانطلاق في رحلة على وجه مخصوص,طلق,اِنْفَعَلَ,,,,,CANDIDATE,,L2_017 haiku b34,
AR09497,تَرَاجُع,اسم جامد,1644,12906,الانسحاب من الموقف,رجع,تَفَاعُلٌ,,,,,CANDIDATE,,L2_017 haiku b34,
AR09498,تَرَاجَعَ,فعل,1644,12907,الانسحاب من الموقف على وجه مخصوص,رجع,تَفَاعَلَ,,,,,CANDIDATE,,L2_017 haiku b34,
AR09499,نَاجٍ,اسم فاعل,1644,12908,من هرب من السجن على وجه مخصوص,نجا,فَاعِلٌ,,,,,CANDIDATE,,L2_017 haiku b34,ROOT_ALIF
AR09500,مُهَاجِر,اسم فاعل,1644,12909;12912,من ترك بلاده على وجه مخصوص,هجر,مُفَاعِلٌ,,,,,CANDIDATE,,L2_017 haiku b34,
AR09501,هِجْرَة,مصدر,1644,12910,ترك الوطن الأصلي,هجر,فِعْلَةٌ,,,,,CANDIDATE,,L2_017 haiku b34,
AR09502,هَاجَرَ,فعل,1644,12911,الهجرة إلى بلد آخر على وجه مخصوص,هجر,فَاعَلَ,,,,,CANDIDATE,,L2_017 haiku b34,
AR09503,خِيَانَة,مصدر,1644,12913;12916,ترك الواجب والالتزام,خون,فِعَالَةٌ,,,,,CANDIDATE,,L2_017 haiku b34,
AR09504,خَانَ,فعل,1644,12915,التخلي عن الدولة على وجه مخصوص,خون,فَعَلَ,,,,,CANDIDATE,,L2_017 haiku b34,
AR09505,وَثَبَ,فعل,1644,12917,الهروب السريع على وجه مخصوص,وثب,فَعَلَ,,,,,CANDIDATE,,L2_017 haiku b34,
AR09506,تَرْجَمَ,فعل,1645,12922,نقل المعنى من لغة على وجه مخصوص,رجم,,,,,,CANDIDATE,فَعْلَمَ,L2_017 haiku b34,WAZN_LEMMA_MISMATCH;WAZN_NOT_IN_INV
AR09507,تَرْجَمَة,مصدر,1645,12923,نقل النص إلى لغة أخرى,رجم,,,,,,CANDIDATE,فَعْلَمَة,L2_017 haiku b34,WAZN_LEMMA_MISMATCH;WAZN_NOT_IN_INV
AR09508,انطَلَقَ,فعل,1650,12930;12931,بدء الرحلة على وجه مخصوص,طلق,اِنْفَعَلَ,,,,,CANDIDATE,,L2_017 haiku b34,
AR09509,غَادَرَ,فعل,1650,12936,الرحيل المفاجئ على وجه مخصوص,غدر,فَعَلَ,,,,,CANDIDATE,,L2_017 haiku b34,
AR09510,أَوْصَلَ,فعل,1652,12932;12933,إيصال الرسالة على وجه مخصوص,وصل,أَفْعَلَ,,,,,CANDIDATE,,L2_017 haiku b34,
AR09511,وَضَّحَ,فعل,1652,12934,إيصال الفكرة بوضوح على وجه مخصوص,وضح,فَعَّلَ,,,,,CANDIDATE,,L2_017 haiku b34,
AR09512,قَطَعَ,فعل,1653,12938,تغيير الاتجاه فجأة على وجه مخصوص,قطع,فَعَلَ,,,,,CANDIDATE,,L2_017 haiku b34,
AR09513,التَفَتَ,فعل,1653,12939,تغيير الاتجاه على وجه مخصوص,لفت,اِفْتَعَلَ,,,,,CANDIDATE,,L2_017 haiku b34,
AR09514,اتَّجَهَ,فعل,1653,12941,الانحناء في اتجاه على وجه مخصوص,جهد,اِفْتَعَلَ,,,,,CANDIDATE,,L2_017 haiku b34,WAZN_LEMMA_MISMATCH
AR09515,يَسَار,اسم جامد,1653,12942,الانحناء نحو اليسار,يسر,فَعَالٍ,,,,,CANDIDATE,,L2_017 haiku b34,
AR09516,يَمِين,اسم جامد,1653,12943,الانحناء نحو اليمين,يمن,فَعِيلٌ,,,,,CANDIDATE,,L2_017 haiku b34,
AR09517,انْحِنَاء,مصدر,1653,12944,تغيير الاتجاه,حنا,اِنْفِعَالٌ,,,,,CANDIDATE,,L2_017 haiku b34,ROOT_ALIF
AR09518,انْحَنَى,فعل,1653,12979,تغيير الاتجاه فجأة على وجه مخصوص,حنا,اِنْفَعَلَ,,,,,CANDIDATE,,L2_017 haiku b34,ROOT_ALIF
AR09519,حَاد,فعل,1653,12984,تغيير الاتجاه بشدة على وجه مخصوص,حود,فَعَلَ,,,,,CANDIDATE,,L2_017 haiku b34,
AR09520,تُرْجِمُ إِلَى,تركيب,1654,12948,معادل الترجمة,,,,,,,CANDIDATE,,L2_017 haiku b34,
AR09521,مُعَادِل,صفة مشبهة,1655,12964,كونه مكافئاً على وجه مخصوص,عدل,مُفَاعِلٌ,,,,,CANDIDATE,,L2_017 haiku b34,
AR09522,صُورَة,اسم جامد,1656,12949;12950;12952;15694,صورة فوتوغرافية,صور,فُعَالَةٌ,,,,,CANDIDATE,,L2_017 haiku b34,
AR09523,لَوْحَة,اسم جامد,1656,12951,صورة مرسومة بالألوان,لوح,فَعْلَةٌ,,,,,CANDIDATE,,L2_017 haiku b34,
AR09524,رَسْمَة,مصدر,1656,12953;12970;16213,رسم بقلم أو ريشة,رسم,فَعْلَةٌ,,,,,CANDIDATE,,L2_017 haiku b34,
AR09525,تِمْثَال,اسم جامد,1656,12954;12969,تمثال منحوت,ثمل,فِعْلالٌ (رباعي),,,,,CANDIDATE,,L2_017 haiku b34,WAZN_LEMMA_MISMATCH
AR09526,تِمْثَالَة,مصدر,1656,12955,تمثال صغير,ثمل,فِعْلالَةٌ,,,,,CANDIDATE,,L2_017 haiku b34,WAZN_LEMMA_MISMATCH
AR09527,نِحْتَة,مصدر,1656,13483,عمل فني منحوت,نحت,فِعْلَةٌ,,,,,CANDIDATE,,L2_017 haiku b34,
AR09528,مُلَصَق,اسم مفعول,1656,15945,فن مطبوع للبيع على وجه مخصوص,لصق,مُفَعَّلٌ,,,,,CANDIDATE,,L2_017 haiku b34,
AR09529,تَتْبِيع,مصدر,1656,16229,نقل خطوط الصورة,تبع,تَفْعِيلٌ,,,,,CANDIDATE,,L2_017 haiku b34,
AR09530,رَسَمَ,فعل,1657,12956;12958;12965,الرسم بالألوان على وجه مخصوص,رسم,فَعَلَ,,,,,CANDIDATE,,L2_017 haiku b34,
AR09531,صَوَّرَ,فعل,1657,12957,التقاط صورة فوتوغرافية على وجه مخصوص,صور,فَعَّلَ,,,,,CANDIDATE,,L2_017 haiku b34,
AR09532,نَحَتَ,فعل,1657,12959,الإنشاء بالنحت على وجه مخصوص,نحت,فَعَلَ,,,,,CANDIDATE,,L2_017 haiku b34,
AR09533,صَبَّ,فعل,1657,15079,إنشاء بالصب في قالب على وجه مخصوص,صبب,فَعَّلَ,,,,,CANDIDATE,,L2_017 haiku b34,WAZN_LEMMA_MISMATCH
AR09534,رَسَمَ,فعل,1658,12966;12967,الرسم بالألوان على وجه مخصوص,رسم,فَعَلَ,,,,,CANDIDATE,,L2_017 haiku b34,
AR09535,صَوَّرَ,فعل,1658,12968,التقاط صورة فوتوغرافية على وجه مخصوص,صور,فَعَّلَ,,,,,CANDIDATE,,L2_017 haiku b34,
AR09536,فَنَّان,اسم فاعل,1658,14206,من يمارس الفنون على وجه مخصوص,فنن,فَعَّالٌ,,,,,CANDIDATE,,L2_017 haiku b34,
AR09537,نَحَتَ,فعل,1658,15006,الإنشاء النحتي على وجه مخصوص,نحت,فَعَلَ,,,,,CANDIDATE,,L2_017 haiku b34,
AR09538,صَبَّ,فعل,1658,15078,الإنشاء بالصب على وجه مخصوص,صبب,فَعَّلَ,,,,,CANDIDATE,,L2_017 haiku b34,WAZN_LEMMA_MISMATCH
AR09539,وَثَبَ,فعل,1659,12986,الهروب المفاجئ على وجه مخصوص,وثب,فَعَلَ,,,,,CANDIDATE,,L2_017 haiku b34,
AR09540,فَرَّ,فعل,1659,12987;12988,الفرار من الكارثة على وجه مخصوص,فرر,فَعَّلَ,,,,,CANDIDATE,,L2_017 haiku b34,WAZN_LEMMA_MISMATCH
AR09541,فِرَار,مصدر,1659,17282,الهروب من مكان,فرر,فِعَالٌ,,,,,CANDIDATE,,L2_017 haiku b34,
AR09542,مَصْنُوع,اسم مفعول,1660,13003,ليس طبيعياً بل مقلد على وجه مخصوص,صنع,مَفْعُولٌ,,,,,CANDIDATE,,L2_017 haiku b34,
AR09543,مُزَيَّف,اسم مفعول,1660,13004;13005;13016;13022,ليس حقيقياً أو صادقاً على وجه مخصوص,زيف,مُفَعَّلٌ,,,,,CANDIDATE,,L2_017 haiku b34,
AR09544,مُقَلَّد,اسم مفعول,1660,13006;13009,نسخة مزيفة على وجه مخصوص,قلد,مُفَعَّلٌ,,,,,CANDIDATE,,L2_017 haiku b34,
AR09545,كَاذِب,صفة مشبهة,1660,13007,اصطناعي وليس حقيقي على وجه مخصوص,كذب,فَاعِلٌ,,,,,CANDIDATE,,L2_017 haiku b34,
AR09546,أَصْلِي,صفة مشبهة,1660,13008,حقيقي وليس مقلداً على وجه مخصوص,صل,,,,,,CANDIDATE,فَعْلِي,L2_017 haiku b34,ROOT_LEN;WAZN_NOT_IN_INV
AR09547,دَجَّال,صيغة مبالغة,1660,13015,شخص مزيف,دجل,فَعَّالٌ,,,,,CANDIDATE,,L2_017 haiku b34,
AR09548,حَقِيقِي,صفة مشبهة,1660,17047;17048;17049,حقيقي وليس مقلداً على وجه مخصوص,حقق,فَعِيلٌ,,,,,CANDIDATE,,L2_017 haiku b34,
AR09549,غَيْرُ صَادِق,تركيب,1660,17485,يضلل في المعاني,,,,,,,CANDIDATE,,L2_017 haiku b34,
AR09550,زَيَّفَ,فعل,1661,13010;13011;13012;13013,إنتاج مقلد على وجه مخصوص,زيف,فَعَّلَ,,,,,CANDIDATE,,L2_017 haiku b34,
AR09551,تَزْيِيف,مصدر,1661,13026;13027,فعل التزيف,زيف,تَفْعِيلٌ,,,,,CANDIDATE,,L2_017 haiku b34,
AR09552,مُقَلَّد,اسم مفعول,1661,13029,شيء غير حقيقي على وجه مخصوص,قلد,مُفَعَّلٌ,,,,,CANDIDATE,,L2_017 haiku b34,
AR09553,تَظَاهَرَ,فعل,1670,13017,التظاهر بأنه شخص آخر على وجه مخصوص,ظهر,تَفَاعَلَ,,,,,CANDIDATE,,L2_017 haiku b34,
AR09554,انتَحَلَ,فعل,1670,13018;13019,التظاهر بهوية أخرى على وجه مخصوص,حول,اِفْتَعَلَ,,,,,CANDIDATE,,L2_017 haiku b34,
AR09555,انتِحَال,مصدر,1670,13023,التظاهر بهوية أخرى,حول,اِفْتِعَالٌ,,,,,CANDIDATE,,L2_017 haiku b34,
AR09556,مُنتَحِل,اسم فاعل,1670,13028,من يتظاهر بهوية أخرى على وجه مخصوص,حول,مُفْتَعِلٌ,,,,,CANDIDATE,,L2_017 haiku b34,
AR09557,مَرَّرَ,فعل,1671,13024;13025,التمثيل الكاذب على وجه مخصوص,مرر,فَعَّلَ,,,,,CANDIDATE,,L2_017 haiku b34,
AR09558,قَلَّدَ,فعل,1672,13030;13034,محاكاة السلوك والصفات على وجه مخصوص,قلد,فَعَّلَ,,,,,CANDIDATE,,L2_017 haiku b34,
AR09559,حَاكَى,فعل,1672,13032;13033,محاكاة للتسلية على وجه مخصوص,حاك,فَاعَلَ,,,,,CANDIDATE,,L2_017 haiku b34,ROOT_ALIF
AR09560,أَخْفَى,فعل,1673,13036;13037,إزالة الشيء عن الأنظار على وجه مخصوص,خفي,أَفْعَلَ,,,,,CANDIDATE,,L2_017 haiku b34,
AR09561,غَطَّى,فعل,1673,13038;17564,الغطاء والتغطية على وجه مخصوص,غطا,فَعَّلَ,,,,,CANDIDATE,,L2_017 haiku b34,ROOT_ALIF
AR09562,لَفَّ,فعل,1673,13039,الإحاطة لإخفاء على وجه مخصوص,لفف,فَعَّلَ,,,,,CANDIDATE,,L2_017 haiku b34,WAZN_LEMMA_MISMATCH
AR09563,تَمَوَّهَ,فعل,1673,15241,الاختفاء بالتمويه على وجه مخصوص,موه,تَفَعَّلَ,,,,,CANDIDATE,,L2_017 haiku b34,
AR09564,سَدَّ,فعل,1673,17563,منع الرؤية والإدراك على وجه مخصوص,سدد,فَعَّلَ,,,,,CANDIDATE,,L2_017 haiku b34,WAZN_LEMMA_MISMATCH
AR09565,تَرَاوَحَ,فعل,1680,13050,التنوع بين الحدود على وجه مخصوص,روح,تَفَاعَلَ,,,,,CANDIDATE,,L2_017 haiku b34,
AR09566,مِن إِلَى,تركيب,1680,14414,حدود النطاق والتنوع,,,,,,,CANDIDATE,,L2_017 haiku b34,
AR09567,يَقِظ,صفة مشبهة,1681,13060,عدم النوم والوعي على وجه مخصوص,يقظ,فَاعِلٌ,,,,,CANDIDATE,,L2_017 haiku b34,
AR09568,وَاعٍ,صفة مشبهة,1681,13061,إدراك البيئة على وجه مخصوص,وعي,فَاعِلٌ,,,,,CANDIDATE,,L2_017 haiku b34,
AR09569,مُتَيَقِّظ,اسم فاعل,1681,13062,عدم القدرة على النوم على وجه مخصوص,يقظ,مُتَفَعِّلٌ,,,,,CANDIDATE,,L2_017 haiku b34,
AR09570,سَهِرَ,فعل,1681,13063,السهر الديني على وجه مخصوص,سهر,فَعِلَ,,,,,CANDIDATE,,L2_017 haiku b34,
AR09571,فَعَّلَ,فعل,1688,13064,تشغيل الجهاز على وجه مخصوص,فعل,فَعَّلَ,,,,,CANDIDATE,,L2_017 haiku b34,
AR09572,شَغَّلَ,فعل,1688,13065;13432,تشغيل الآلة على وجه مخصوص,شغل,فَعَّلَ,,,,,CANDIDATE,,L2_017 haiku b34,
AR09573,أَطْفَأَ,فعل,1688,13066;14596;14638;17186,إطفاء الجهاز على وجه مخصوص,طفا,أَفْعَلَ,,,,,CANDIDATE,,L2_017 haiku b34,ROOT_ALIF
AR09574,قَطَعَ,فعل,1688,14764;15931,إيقاف المحرك على وجه مخصوص,قطع,فَعَلَ,,,,,CANDIDATE,,L2_017 haiku b34,
AR09575,لَخَّصَ,فعل,1722,13119;13125;13126;14889,تلخيص الموضوع على وجه مخصوص,لخص,فَعَّلَ,,,,,CANDIDATE,,L2_017 haiku b34,
AR09576,خُلَاصَة,اسم جامد,1722,13124,ملخص قصير,لخص,فُعَالَةٌ,,,,,CANDIDATE,,L2_017 haiku b34,WAZN_LEMMA_MISMATCH
AR09577,تَعَرَّضَ,فعل,1725,13135,التأثر بالحدث على وجه مخصوص,عرض,تَفَعَّلَ,,,,,CANDIDATE,,L2_017 haiku b34,
AR09578,تَأَثَّرَ,فعل,1725,18203,التأثر بشيء ما على وجه مخصوص,ثير,تَفَعَّلَ,,,,,CANDIDATE,,L2_017 haiku b34,
AR09579,نَفَّذَ,فعل,1726,13136,تنفيذ الخطة على وجه مخصوص,نفذ,فَعَّلَ,,,,,CANDIDATE,,L2_017 haiku b34,
AR09580,تَنْفِيذ,مصدر,1726,13359;13425,فعل التنفيذ,نفذ,تَفْعِيلٌ,,,,,CANDIDATE,,L2_017 haiku b34,
AR09581,شَرَعَ,فعل,1726,14982,تطبيق الخطة على وجه مخصوص,شرع,فَعَلَ,,,,,CANDIDATE,,L2_017 haiku b34,
AR09582,تَطْبِيق,مصدر,1726,14985,حالة النفاذ,طبق,تَفْعِيلٌ,,,,,CANDIDATE,,L2_017 haiku b34,
AR09583,اسْتَأْجَرَ,فعل,1728,13154;13155;13156;13157,استئجار الملكية على وجه مخصوص,ءجر,اِسْتَفْعَلَ,,,,,CANDIDATE,,L2_017 haiku b34,ROOT_NORMALIZED
AR09584,آجَّرَ,فعل,1729,13158;13159,تأجير الملكية على وجه مخصوص,ءجر,فَعَّلَ,,,,,CANDIDATE,,L2_017 haiku b34,ROOT_NORMALIZED
AR09585,وَثِقَ,فعل,1731,13161;13169,تصديق القول على وجه مخصوص,وثق,فَعِلَ,,,,,CANDIDATE,,L2_017 haiku b34,
AR09586,مَوْثُوق,اسم مفعول,1731,13166,يُمْكِنُ الاعتماد عليه على وجه مخصوص,وثق,مَفْعُولٌ,,,,,CANDIDATE,,L2_017 haiku b34,
AR09587,أَمِين,صفة مشبهة,1731,13167,جدير بالثقة على وجه مخصوص,ءمن,فَاعِلٌ,,,,,CANDIDATE,,L2_017 haiku b34,ROOT_NORMALIZED
AR09588,سَاذَج,صفة مشبهة,1731,13168;13705,يصدق بسهولة على وجه مخصوص,سذج,فَاعِلٌ,,,,,CANDIDATE,,L2_017 haiku b34,
AR09589,مَوْثُوقِيَّة,مصدر,1731,13171,درجة الثقة,وثق,مَفْعُولِيَّةٌ,,,,,CANDIDATE,,L2_017 haiku b34,
AR09590,ثِقَة,اسم جامد,1731,13172,الاعتقاد الراسخ,وثق,فِعَالَةٌ,,,,,CANDIDATE,,L2_017 haiku b34,
AR09591,تَصْدِيق,مصدر,1731,13550,قبول الشيء كحقيقة,صدق,تَفْعِيلٌ,,,,,CANDIDATE,,L2_017 haiku b34,
AR09592,إِيمَان,مصدر,1731,14696,الاعتقاد والتصديق,ءمن,فِعَالٌ,,,,,CANDIDATE,,L2_017 haiku b34,ROOT_NORMALIZED
AR09593,اِنْضَمَّ,فعل,1733,13160;13162,الانضمام للمجموعة على وجه مخصوص,ضمم,,,,,,CANDIDATE,اِنْفَعَّلَ,L2_017 haiku b34,WAZN_LEMMA_MISMATCH;WAZN_NOT_IN_INV
AR09594,اِنْتَسَبَ,فعل,1733,13164,الالتحاق بالمجموعة على وجه مخصوص,نسب,,,,,,CANDIDATE,اِنْتَفَعَلَ,L2_017 haiku b34,WAZN_LEMMA_MISMATCH;WAZN_NOT_IN_INV
AR09595,اِشْتَرَكَ,فعل,1733,13165,الموافقة على الانضمام على وجه مخصوص,شرك,اِفْتَعَلَ,,,,,CANDIDATE,,L2_017 haiku b34,
AR09596,دَخَلَ,فعل,1733,13170,الدخول للمؤسسة على وجه مخصوص,دخل,فَعَلَ,,,,,CANDIDATE,,L2_017 haiku b34,
AR09597,سَتَرَ,فعل,1734,13178,التستر على النشاط غير المشروع على وجه مخصوص,ستر,فَعَلَ,,,,,CANDIDATE,,L2_017 haiku b34,
AR09598,وَاجِهَة,اسم جامد,1734,13179,ستار للنشاط غير المشروع,وجه,فَاعِلَةٌ,,,,,CANDIDATE,,L2_017 haiku b34,
AR09599,سِتَار,اسم جامد,1734,14264,غطاء للنشاط غير المشروع,ستر,فِعَالٌ,,,,,CANDIDATE,,L2_017 haiku b34,
AR09600,إِرْهَاب,مصدر,1750,13343,العنف لأغراض سياسية,رهب,إِفْعَالٌ,,,,,CANDIDATE,,L2_017 haiku b34,
AR09601,إِرْهَابِي,صفة مشبهة,1750,13344;13352,من يستخدم العنف على وجه مخصوص,رهب,,,,,,CANDIDATE,إِفْعَالِي,L2_017 haiku b34,WAZN_NOT_IN_INV
AR09602,إِرْهَاب بِيئِي,تركيب,1750,13346,العنف ضد البيئة,,,,,,,CANDIDATE,,L2_017 haiku b34,ROOT_WAZN_CLEARED_NO_ROOT_POS
AR09603,إِرْهَابِي بِيئِي,اسم منسوب,1750,13347,من يهدد الموارد الطبيعية,رهب,,,,,,CANDIDATE,,L2_017 haiku b34,WAZN_MISSING
AR09604,إِرْهَاب بِيولُوجِي,تركيب,1750,13348,الإرهاب بالسلاح البيولوجي,,,,,,,CANDIDATE,,L2_017 haiku b34,ROOT_WAZN_CLEARED_NO_ROOT_POS
AR09605,إِرْهَابِي بِيولُوجِي,اسم منسوب,1750,13349,من يستخدم السلاح البيولوجي,رهب,,,,,,CANDIDATE,,L2_017 haiku b34,WAZN_MISSING
AR09606,عُنْف بِيئِي,تركيب,1750,13353,الأعمال العنيفة ضد البيئة,,,,,,,CANDIDATE,,L2_017 haiku b34,
AR09607,رُعْب,اسم جامد,1750,14567,وسيلة الإرهابيين,رعب,فُعْلٌ,,,,,CANDIDATE,,L2_017 haiku b34,
AR09608,مَال,اسم جامد,1761,13361;13364,وسيط التبادل المالي,مول,فَعَالٍ,,,,,CANDIDATE,,L2_017 haiku b34,
AR09609,نُقُود,اسم جامد,1761,13362,المال نقداً,نقد,فُعُولٌ,,,,,CANDIDATE,,L2_017 haiku b34,
AR09610,أَمْوَال,اسم جامد,1761,13363,الموارد المالية,مول,,,,,,CANDIDATE,أَفْعَال,L2_017 haiku b34,WAZN_NOT_IN_INV
AR09611,رَأْس مَال,تركيب,1761,13365,الثروة المستثمرة,,,,,,,CANDIDATE,,L2_017 haiku b34,ROOT_WAZN_CLEARED_NO_ROOT_POS
AR09612,دِينَار,اسم جامد,1761,13366,الدينار النقد,دنر,فِعَالٌ,,,,,CANDIDATE,,L2_017 haiku b34,
AR09613,جِنِيهٌ,اسم جامد,1761,14990,نقد بريطاني,جنه,,,,,,CANDIDATE,فِعِيل,L2_017 haiku b34,WAZN_NOT_IN_INV
AR09614,صُندُوق,اسم جامد,1761,18608,مصدر الأموال,صندق,فُعْلُولٌ,,,,,CANDIDATE,,L2_017 haiku b34,
AR09615,آمِن,صفة مشبهة,1762,13377,غير معرض للخطر على وجه مخصوص,ءمن,فَاعِلٌ,,,,,CANDIDATE,,L2_017 haiku b34,ROOT_NORMALIZED
AR09616,غَيْرُ آمِن,تركيب,1762,13378,معرض للخطر,,,,,,,CANDIDATE,,L2_017 haiku b34,ROOT_NORMALIZED;ROOT_WAZN_CLEARED_NO_ROOT_POS
AR09617,خَطِير,صفة مشبهة,1762,13379,قادر على الإضرار على وجه مخصوص,خطر,فَعِيلٌ,,,,,CANDIDATE,,L2_017 haiku b34,
AR09618,مَحْفُوف بِالْخَطَرِ,تركيب,1762,13380,احتمال النتيجة السيئة,,,,,,,CANDIDATE,,L2_017 haiku b34,ROOT_WAZN_CLEARED_NO_ROOT_POS
AR09619,خَطَر,اسم جامد,1762,13381;13401,احتمال الأذى,خطر,فَعَلٌ,,,,,CANDIDATE,,L2_017 haiku b34,
AR09620,تَهْدِيد,مصدر,1762,13400,احتمال الخطر,هدد,تَفْعِيلٌ,,,,,CANDIDATE,,L2_017 haiku b34,
AR09621,بِرِعَالَة,ظرف,1762,13452,بطريقة محفوفة بالخطر,,,,,,,CANDIDATE,,L2_017 haiku b34,ROOT_MISSING;WAZN_MISSING
AR09622,بِأَمَان,ظرف,1762,13453,بدون تعريض للخطر,ءمن,,,,,,CANDIDATE,,L2_017 haiku b34,ROOT_NORMALIZED;WAZN_MISSING
AR09623,حَارّ,صفة مشبهة,1762,15763,غير مريح بسبب الخطر على وجه مخصوص,حرر,فَاعِلٌ,,,,,CANDIDATE,,L2_017 haiku b34,WAZN_LEMMA_MISMATCH
AR09624,أَطَالَ,فعل,1770,13465;13468,إطالة المدة على وجه مخصوص,طول,أَفْعَلَ,,,,,CANDIDATE,,L2_017 haiku b34,
AR09625,اختَصَرَ,فعل,1770,13466;13470;13471,تقصير المدة على وجه مخصوص,خصر,اِفْتَعَلَ,,,,,CANDIDATE,,L2_017 haiku b34,
AR09626,جَرَّ,فعل,1770,13467,إطالة غير ضرورية على وجه مخصوص,جرر,فَعَّلَ,,,,,CANDIDATE,,L2_017 haiku b34,WAZN_LEMMA_MISMATCH
AR09627,مَدَّ,فعل,1770,13469,جعل أطول على وجه مخصوص,مدد,فَعَّلَ,,,,,CANDIDATE,,L2_017 haiku b34,WAZN_LEMMA_MISMATCH
AR09628,أَبْطَأَ,فعل,1770,18536,زيادة المدة على وجه مخصوص,بطء,أَفْعَلَ,,,,,CANDIDATE,,L2_017 haiku b34,ROOT_NORMALIZED
AR09629,ازْدَهَرَ,فعل,1771,13517;13519,الازدهار والنمو على وجه مخصوص,زهر,اِفْتَعَلَ,,,,,CANDIDATE,,L2_017 haiku b34,WAZN_LEMMA_MISMATCH
AR09630,نَمَا,فعل,1771,13518,النمو الصحي على وجه مخصوص,نما,فَعَلَ,,,,,CANDIDATE,,L2_017 haiku b34,ROOT_ALIF
AR09631,ذَبِلَ,فعل,1771,13520,الضعف والتدهور على وجه مخصوص,ذبل,فَعِلَ,,,,,CANDIDATE,,L2_017 haiku b34,
AR09632,كَسَاد,اسم جامد,1771,13521,فترة الكساد,كسد,فَعَالٍ,,,,,CANDIDATE,,L2_017 haiku b34,
AR09633,حَالَ,فعل,1771,13850,الوجود بحالة معينة على وجه مخصوص,حول,فَعَلَ,,,,,CANDIDATE,,L2_017 haiku b34,
AR09634,سَارَ,فعل,1771,13851,الأداء في الوضع على وجه مخصوص,سير,فَعَلَ,,,,,CANDIDATE,,L2_017 haiku b34,
AR09635,ازْدِهَار,مصدر,1771,13852,حالة النجاح المالي,زهر,اِفْتِعَالٌ,,,,,CANDIDATE,,L2_017 haiku b34,WAZN_LEMMA_MISMATCH
AR09636,عَاشَ,فعل,1771,16358,الوجود بمستوى معين على وجه مخصوص,عيش,فَعَلَ,,,,,CANDIDATE,,L2_017 haiku b34,
AR09637,قَوَّى,فعل,1781,13530;13531;17598,جعل أقوى على وجه مخصوص,قوي,فَعَّلَ,,,,,CANDIDATE,,L2_017 haiku b34,
AR09638,دَعَّمَ,فعل,1781,13532,إعطاء قوة إضافية على وجه مخصوص,دعم,فَعَّلَ,,,,,CANDIDATE,,L2_017 haiku b34,
AR09639,ضَعَّفَ,فعل,1781,13533,جعل أضعف على وجه مخصوص,ضعف,فَعَّلَ,,,,,CANDIDATE,,L2_017 haiku b34,
AR09640,دَعَّمَ,فعل,1782,13534,إعطاء دعم على وجه مخصوص,دعم,فَعَّلَ,,,,,CANDIDATE,,L2_017 haiku b34,
AR09641,حَصَّنَ,فعل,1782,13535,إضافة الحماية على وجه مخصوص,حصن,فَعَّلَ,,,,,CANDIDATE,,L2_017 haiku b34,
AR09642,شَدَّ,فعل,1782,13536,جعل أثبت على وجه مخصوص,شدد,فَعَّلَ,,,,,CANDIDATE,,L2_017 haiku b34,WAZN_LEMMA_MISMATCH
AR09643,وَسِيلَة,اسم جامد,1790,13556,الطريقة لتحقيق النتيجة,وسل,فَعِيلَةٌ,,,,,CANDIDATE,,L2_017 haiku b34,
AR09644,طَرِيقَة,اسم جامد,1790,13557;13558;13561;13565,الوسيلة والطريقة,طرق,فَعِيلَةٌ,,,,,CANDIDATE,,L2_017 haiku b34,
AR09645,تِقْنِيَة,اسم جامد,1790,13559,الأسلوب الفعال,تقن,فِعْلِيَةٌ,,,,,CANDIDATE,,L2_017 haiku b34,
AR09646,إِجْرَاء,اسم جامد,1790,13560;13563,سلسلة الخطوات,جرا,إِفْعَالٌ,,,,,CANDIDATE,,L2_017 haiku b34,ROOT_ALIF
AR09647,آلِيَّة,اسم جامد,1790,13564,عملية التحقق,ءل,فَاعِلَةٌ,,,,,CANDIDATE,,L2_017 haiku b34,ROOT_LEN;ROOT_NORMALIZED
AR09648,أَسَاس,اسم جامد,1790,13566,الوسيلة الأساسية,ءسس,فَعَالٍ,,,,,CANDIDATE,,L2_017 haiku b34,ROOT_NORMALIZED
AR09649,عَمَلِيَّة,اسم جامد,1790,13567,سلسلة الخطوات,عمل,فَعَلِيَّةٌ,,,,,CANDIDATE,,L2_017 haiku b34,
AR09650,وَصْفَة,اسم جامد,1790,13568,تعليمات الإعداد,وصف,فَعْلَةٌ,,,,,CANDIDATE,,L2_017 haiku b34,
AR09651,بِ,حرف,1790,13569,بواسطة الوسيلة,,,,,,,CANDIDATE,,L2_017 haiku b34,
AR09652,تَكْتِيك,اسم جامد,1790,13570,استراتيجية مخطط لها,تكك,,,,,,CANDIDATE,فَعْتِيك,L2_017 haiku b34,WAZN_NOT_IN_INV
AR09653,عَلَى,حرف,1790,14721,بواسطة الاستخدام,,,,,,,CANDIDATE,,L2_017 haiku b34,
AR09654,كَيْفَ,ظرف,1790,18442,سؤال عن الوسيلة,,,,,,,CANDIDATE,,L2_017 haiku b34,ROOT_MISSING;WAZN_MISSING
AR09655,نَجَا,فعل,1792,13571,البقاء على قيد الحياة على وجه مخصوص,نجا,فَعَلَ,,,,,CANDIDATE,,L2_017 haiku b34,ROOT_ALIF
AR09656,تَجَاوَزَ,فعل,1792,13572;13594,النجاة من الخطر على وجه مخصوص,جوز,تَفَاعَلَ,,,,,CANDIDATE,,L2_017 haiku b34,
AR09657,نَجَاة,مصدر,1792,14587,البقاء حياً,نجا,فَعَالَةٌ,,,,,CANDIDATE,,L2_017 haiku b34,ROOT_ALIF
AR09658,عَاشَ,فعل,1792,16351,البقاء بعد محنة على وجه مخصوص,عيش,فَعَلَ,,,,,CANDIDATE,,L2_017 haiku b34,
AR09659,اِسْتَعْمَرَ,فعل,1794,13574,توسيع الأراضي على وجه مخصوص,عمر,اِسْتَفْعَلَ,,,,,CANDIDATE,,L2_017 haiku b34,
AR09660,مُسْتَعْمِر,اسم فاعل,1794,13575,من يستوطن الأرض على وجه مخصوص,عمر,مُسْتَفْعِلٌ,,,,,CANDIDATE,,L2_017 haiku b34,
AR09661,مُسْتَعْمَرَة,اسم جامد,1794,13576,إقليم تحت السيطرة,عمر,مُسْتَفْعَلَةٌ,,,,,CANDIDATE,,L2_017 haiku b34,
AR09662,اِسْتَوْطَنَ,فعل,1794,13578,الاستقرار في أرض جديدة على وجه مخصوص,وطن,اِسْتَفْعَلَ,,,,,CANDIDATE,,L2_017 haiku b34,
AR09663,اِسْتِيطَان,مصدر,1794,13579,عملية الاستيطان,وطن,اِسْتِفْعَالٌ,,,,,CANDIDATE,,L2_017 haiku b34,
AR09664,مُسْتَوْطَنَة,اسم جامد,1794,13580,مكان الاستيطان,وطن,مُسْتَفْعَلَةٌ,,,,,CANDIDATE,,L2_017 haiku b34,
AR09665,مُسْتَوْطِن,اسم فاعل,1794,13581,من يستوطن على وجه مخصوص,وطن,مُسْتَفْعِلٌ,,,,,CANDIDATE,,L2_017 haiku b34,
AR09666,أَسْكَنَ,فعل,1794,13582;13583;14663,الإقامة والسكن على وجه مخصوص,سكن,أَفْعَلَ,,,,,CANDIDATE,,L2_017 haiku b34,
AR09667,هَيْمَنَ,فعل,1795,13596,يسيطر العامل بقوة على الموقف,همن,فَعْلَلَ,,,,,CANDIDATE,,L2_017 haiku b35,WAZN_LEMMA_MISMATCH
AR09668,هَيْمَنَة,مصدر,1795,13597,حالة تحكم العامل بالوضع,همن,فَعْلَلَةٌ,,,,,CANDIDATE,,L2_017 haiku b35,WAZN_LEMMA_MISMATCH
AR09669,غَالِب,صفة مشبهة,1795,13601,الأقوى والأهم تأثيراً في الموقف,غلب,فَاعِلٌ,,,,,CANDIDATE,,L2_017 haiku b35,
AR09670,غَلَبَ,فعل,1795,13604,يكون العنصر الأقوى أو الأساسي,غلب,فَعَلَ,,,,,CANDIDATE,,L2_017 haiku b35,
AR09671,حَكَمَ,فعل,1795,16841,يؤثر تأثيراً كبيراً في الموقف,حكم,فَعَلَ,,,,,CANDIDATE,,L2_017 haiku b35,
AR09672,تَحَكَّمَ,فعل,1796,13598,يسيطر على المنافس بالقوة,حكم,تَفَعَّلَ,,,,,CANDIDATE,,L2_017 haiku b35,
AR09673,تَحَكُّم,مصدر,1796,13599,حالة السيطرة على الآخر,حكم,تَفَعُّلٌ,,,,,CANDIDATE,,L2_017 haiku b35,
AR09674,غَالِب,صفة مشبهة,1796,13600,ذو قوة وسيطرة,غلب,فَاعِلٌ,,,,,CANDIDATE,,L2_017 haiku b35,
AR09675,زَعِيم,اسم فاعل,1796,13626,من يحكم بالقوة والتهديد,زعم,فَاعِلٌ,,,,,CANDIDATE,,L2_017 haiku b35,
AR09676,تَحَكَّمَ,فعل,1799,13610,يحدد مسار الكيان التابع,حكم,تَفَعَّلَ,,,,,CANDIDATE,,L2_017 haiku b35,
AR09677,حَدَّدَ,فعل,1799,13611,يكون العامل السببي الحاسم,حدد,فَعَّلَ,,,,,CANDIDATE,,L2_017 haiku b35,
AR09678,تَحَكُّم,مصدر,1799,16590,سلطة الكيان على آخر,حكم,تَفَعُّلٌ,,,,,CANDIDATE,,L2_017 haiku b35,
AR09679,قَادَ,فعل,1799,18132,يملك السلطة على الموقف,قود,فَعَلَ,,,,,CANDIDATE,,L2_017 haiku b35,
AR09680,قِيَادَة,مصدر,1799,18133,ممارسة السلطة والتحكم,قود,فِعَالَةٌ,,,,,CANDIDATE,,L2_017 haiku b35,
AR09681,نَظَّمَ,فعل,1799,18136,يسيطر بقاعدة أو منهج,نظم,فَعَّلَ,,,,,CANDIDATE,,L2_017 haiku b35,
AR09682,نِظَام,اسم جامد,1799,18137,قاعدة تُفرض من السلطة,نظم,فِعَالٌ,,,,,CANDIDATE,,L2_017 haiku b35,
AR09683,تَحَكُّم,مصدر,1800,13613;18157,القدرة على تحديد مسار الأمور,حكم,تَفَعُّلٌ,,,,,CANDIDATE,,L2_017 haiku b35,
AR09684,هَيْمَنَ,فعل,1800,18150,يسود ويحكم الموضع,همن,فَعْلَلَ,,,,,CANDIDATE,,L2_017 haiku b35,WAZN_LEMMA_MISMATCH
AR09685,هَيْمَنَة,مصدر,1800,18151,السلطة والحكم على الكيان,همن,فَعْلَلَةٌ,,,,,CANDIDATE,,L2_017 haiku b35,WAZN_LEMMA_MISMATCH
AR09686,أَدَارَ,فعل,1800,18152,يوجه ويتحكم في الاستخدام,دور,أَفْعَلَ,,,,,CANDIDATE,,L2_017 haiku b35,
AR09687,إِدَارَة,مصدر,1800,18153,توجيه وتحكم في الشؤون,دور,إِفْعَالَةٌ,,,,,CANDIDATE,,L2_017 haiku b35,
AR09688,لَاعَبَ,فعل,1800,18154,يتحكم في الشيء بمهارة,لعب,فَاعَلَ,,,,,CANDIDATE,,L2_017 haiku b35,
AR09689,مُلاعَبَة,مصدر,1800,18155,التحكم الماهر في الشيء,لعب,مُفَاعَلَةٌ,,,,,CANDIDATE,,L2_017 haiku b35,
AR09690,حَكَمَ,فعل,1800,18156,يمارس السلطة المطلقة,حكم,فَعَلَ,,,,,CANDIDATE,,L2_017 haiku b35,
AR09691,مَصِير,اسم جامد,1801,13614,ما سيحدث للشخص مستقبلاً,صير,فَعِيلٌ,,,,,CANDIDATE,,L2_017 haiku b35,
AR09692,قَدَر,اسم جامد,1801,13615,ما يحدث بقضاء محتوم,قدر,فَعَلٌ,,,,,CANDIDATE,,L2_017 haiku b35,
AR09693,نَصِيب,اسم جامد,1801,13621,حظ الشخص في الحياة,نصب,فَاعِلٌ,,,,,CANDIDATE,,L2_017 haiku b35,
AR09694,حَظ,اسم جامد,1801,13622,ما هو محتوم للإنسان,حظظ,فَعَلٌ,,,,,CANDIDATE,,L2_017 haiku b35,WAZN_LEMMA_MISMATCH
AR09695,قِسْمَة,مصدر,1801,13623,الحظ والمقسوم على الشخص,قسم,فِعْلَةٌ,,,,,CANDIDATE,,L2_017 haiku b35,
AR09696,نُجوم,اسم جامد,1801,13624,تأثير النجوم على المصير,,,,,,,CANDIDATE,,L2_017 haiku b35 | دخيل,ROOT_MISSING;WAZN_MISSING
AR09697,هَلاك,مصدر,1801,13625,مصير مظلم محتوم,هلك,فَعَالٍ,,,,,CANDIDATE,,L2_017 haiku b35,
AR09698,قَضاء,مصدر,1801,13631,الظروف التي لا يمكن تجنبها,قضي,فَعَالٍ,,,,,CANDIDATE,,L2_017 haiku b35,
AR09699,مَقْدور,اسم مفعول,1801,15896;15897,ما هو في البطاقات,قدر,,,,,,CANDIDATE,مَفْعول,L2_017 haiku b35,WAZN_NOT_IN_INV
AR09700,مَقْضِي,اسم مفعول,1801,15898;15899,ما هو محتوم بلا جهد,قضي,,,,,,CANDIDATE,مَفْعُل,L2_017 haiku b35,WAZN_NOT_IN_INV
AR09701,هَالِك,صفة مشبهة,1801,15900,محتوم عليه بحال معينة,هلك,فَاعِلٌ,,,,,CANDIDATE,,L2_017 haiku b35,
AR09702,حَظِيظ,صفة مشبهة,1811,13627,مَن حالفه الحظ الجيد,حظظ,فَاعِلٌ,,,,,CANDIDATE,,L2_017 haiku b35,
AR09703,حَظ,اسم جامد,1811,13628;14214,النجاح الناتج من الصدفة,حظظ,فَعَلٌ,,,,,CANDIDATE,,L2_017 haiku b35,WAZN_LEMMA_MISMATCH
AR09704,سَعِيد,صفة مشبهة,1811,13629,محظوظ وفي حالة مواتية,سعد,فَاعِلٌ,,,,,CANDIDATE,,L2_017 haiku b35,
AR09705,مَحْظوظ,اسم مفعول,1811,13630,له حظ طيب,حظظ,,,,,,CANDIDATE,مَفْعول,L2_017 haiku b35,WAZN_NOT_IN_INV
AR09706,بِحَظ,ظرف,1811,14212,بفعل الحظ والصدفة,,,,,,,CANDIDATE,,L2_017 haiku b35,ROOT_MISSING;WAZN_MISSING
AR09707,بِسَعْد,ظرف,1811,14213,بفعل الحظ الجيد,,,,,,,CANDIDATE,,L2_017 haiku b35,ROOT_MISSING;WAZN_MISSING
AR09708,عَرَضِي,اسم منسوب,1811,14811,بسبب صدفة سعيدة,,,,,,,CANDIDATE,,L2_017 haiku b35,ROOT_MISSING;WAZN_MISSING
AR09709,شَقِي,صفة مشبهة,1811,16252,محروم أو جدير بالرثاء,شقي,فَاعِلٌ,,,,,CANDIDATE,,L2_017 haiku b35,
AR09710,مُصادَفَة,مصدر,1812,13632;13633,تزامن أحداث بلا ارتباط سببي,صدف,مُفَاعَلَةٌ,,,,,CANDIDATE,,L2_017 haiku b35,
AR09711,حَادِثَة,اسم جامد,1812,13634,ما يقع بالصدفة,حدث,فَاعِلَةٌ,,,,,CANDIDATE,,L2_017 haiku b35,
AR09712,حَدَثَ,فعل,1812,13635;15894,يقع بفعل الصدفة,حدث,فَعَلَ,,,,,CANDIDATE,,L2_017 haiku b35,
AR09713,صُدْفَة,اسم جامد,1812,15890,حدث عشوائي,صدف,فُعْلَةٌ,,,,,CANDIDATE,,L2_017 haiku b35,
AR09714,عَشْوَائِي,اسم منسوب,1812,15891;15892,يحدث دون توقع,,,,,,,CANDIDATE,,L2_017 haiku b35,ROOT_MISSING;WAZN_MISSING
AR09715,بِشَكْل عَشْوَائِي,تركيب,1812,15895,دون نظام أو توقع,,,,,,,CANDIDATE,,L2_017 haiku b35,
AR09716,أَنْفَذَ,فعل,1813,13639,يفرض امتثال القاعدة,نفذ,أَفْعَلَ,,,,,CANDIDATE,,L2_017 haiku b35,
AR09717,إِنْفَاذ,مصدر,1813,13761,فرض اتباع القاعدة,نفذ,إِفْعَالٌ,,,,,CANDIDATE,,L2_017 haiku b35,
AR09718,حَاصَرَ,فعل,1817,13644;13646;13647,يحيط بموقع عسكري,حصر,فَاعَلَ,,,,,CANDIDATE,,L2_017 haiku b35,
AR09719,حِصَار,مصدر,1817,13645;13648;13649;13650,عملية عسكرية تحيط بالموقع,حصر,فِعَالٌ,,,,,CANDIDATE,,L2_017 haiku b35,
AR09720,تَطْوِيق,مصدر,1817,18030,محاصرة كاملة,طوق,تَفْعِيلٌ,,,,,CANDIDATE,,L2_017 haiku b35,
AR09721,عَدَّ,فعل,1818,13655,يكون عضواً في مجموعة,عدد,فَعَّلَ,,,,,CANDIDATE,,L2_017 haiku b35,WAZN_LEMMA_MISMATCH
AR09722,حَسَبَ,فعل,1818,13656,يكون من بين أعضاء مجموعة,حسب,فَعَلَ,,,,,CANDIDATE,,L2_017 haiku b35,
AR09723,من بين,حرف,1818,13929,كعضو في مجموعة أكبر,,,,,,,CANDIDATE,,L2_017 haiku b35,UNVOCALIZED
AR09724,جُزْء,اسم جامد,1818,13959,جزء من مجموعة أكبر,جزء,فُعْلٌ,,,,,CANDIDATE,,L2_017 haiku b35,ROOT_NORMALIZED
AR09725,يُعَادِل,فعل,1820,13660,مساوٍ للخطورة,عدل,,,,,,CANDIDATE,يُفَاعِل,L2_017 haiku b35,WAZN_NOT_IN_INV
AR09726,عُدّ,فعل,1820,13661,يُعتبر عضواً في الصنف,عدد,,,,,,CANDIDATE,فُعِّل,L2_017 haiku b35,WAZN_LEMMA_MISMATCH;WAZN_NOT_IN_INV
AR09727,يَبْلُغ,فعل,1820,13662,يُعادل في المعنى,بلغ,,,,,,CANDIDATE,يَفْعُل,L2_017 haiku b35,WAZN_NOT_IN_INV
AR09728,شَكَّلَ,فعل,1820,13663,يكون مساوياً أو مكافئاً,شكل,فَعَّلَ,,,,,CANDIDATE,,L2_017 haiku b35,
AR09729,صِيَاح,مصدر,1840,13671,نداء مميز للحيوان,صيح,فِعَالٌ,,,,,CANDIDATE,,L2_017 haiku b35,
AR09730,عُوَاء,مصدر,1840,13672,نداء طويل من حيوان,عوي,فُعَالٌ,,,,,CANDIDATE,,L2_017 haiku b35,ROOT_NORMALIZED
AR09731,صَرِير,اسم جامد,1840,15821,صوت حاد قصير,صرر,فَعِيلٌ,,,,,CANDIDATE,,L2_017 haiku b35,
AR09732,يَحْمِل,فعل,1850,13680,يوجد مخزوناً من,حمل,,,,,,CANDIDATE,يَفْعِل,L2_017 haiku b35,WAZN_NOT_IN_INV
AR09733,خَزَّنَ,فعل,1850,13681,يوجد مخزوناً من البضاعة,خزن,فَعَّلَ,,,,,CANDIDATE,,L2_017 haiku b35,
AR09734,كَسَرَ,فعل,1860,13692;15873,ينفصل جزء صغير,كسر,فَعَلَ,,,,,CANDIDATE,,L2_017 haiku b35,
AR09735,انْفَصَلَ,فعل,1860,15797,ينفصل أو يسقط,فصل,اِنْفَعَلَ,,,,,CANDIDATE,,L2_017 haiku b35,
AR09736,انْكَسَرَ,فعل,1862,13696,ينفصل إلى قطع صغيرة,كسر,اِنْفَعَلَ,,,,,CANDIDATE,,L2_017 haiku b35,
AR09737,انْهَارَ,فعل,1862,13697,ينفصل إلى أجزاء صغيرة,هور,اِنْفَعَلَ,,,,,CANDIDATE,,L2_017 haiku b35,
AR09738,تَفَتَّتَ,فعل,1862,15870;17568,ينقسم إلى أجزاء,فتت,تَفَعَّلَ,,,,,CANDIDATE,,L2_017 haiku b35,
AR09739,تَحَطَّمَ,فعل,1862,15871,ينكسر فجأة بقوة,حطم,تَفَعَّلَ,,,,,CANDIDATE,,L2_017 haiku b35,
AR09740,تَشَقَّقَ,فعل,1862,15872,ينقسم إلى شرائح,شقق,تَفَعَّلَ,,,,,CANDIDATE,,L2_017 haiku b35,
AR09741,انْقَسَمَ,فعل,1862,15874,ينكسر إلى أجزاء,قسم,اِنْفَعَلَ,,,,,CANDIDATE,,L2_017 haiku b35,
AR09742,انْفَصَلَ,فعل,1862,15875,ينقسم من صدمة,فصل,اِنْفَعَلَ,,,,,CANDIDATE,,L2_017 haiku b35,
AR09743,انْفَصَلَ,فعل,1863,13702,ينفصل عن الكل,فصل,اِنْفَعَلَ,,,,,CANDIDATE,,L2_017 haiku b35,
AR09744,انْقَسَمَ,فعل,1863,13703;13704,ينقسم بعنف,قسم,اِنْفَعَلَ,,,,,CANDIDATE,,L2_017 haiku b35,
AR09745,وُصول,مصدر,1870,13720,الحق في استخدام أو رؤية شيء,وصل,,,,,,CANDIDATE,فُعول,L2_017 haiku b35,WAZN_NOT_IN_INV
AR09746,مَسْدود,اسم مفعول,1870,13721,غير قادر على الدخول,سدد,,,,,,CANDIDATE,مَفْعول,L2_017 haiku b35,WAZN_NOT_IN_INV
AR09747,متَاح,صفة مشبهة,1870,13760,يمكن الوصول إليه,وتح,,,,,,CANDIDATE,مَفْعول,L2_017 haiku b35,WAZN_NOT_IN_INV
AR09748,غَيْر متَاح,تركيب,1870,17376,لا يمكن الاقتراب منه,,,,,,,CANDIDATE,,L2_017 haiku b35,
AR09749,وَصَلَ,فعل,1870,17377,يدخل أو يقترب من موقع,وصل,فَعَلَ,,,,,CANDIDATE,,L2_017 haiku b35,
AR09750,مَفْتوح,اسم مفعول,1872,13722,يسمح بالدخول والمرور,فتح,,,,,,CANDIDATE,مَفْعول,L2_017 haiku b35,WAZN_NOT_IN_INV
AR09751,مُغْلَق,اسم مفعول,1872,13723;16957,لا يسمح بالدخول,غلق,مُفْعَلٌ,,,,,CANDIDATE,,L2_017 haiku b35,
AR09752,كَسَبَ,فعل,1873,13730,يحصل على مال مقابل عمل,كسب,فَعَلَ,,,,,CANDIDATE,,L2_017 haiku b35,
AR09753,رِبْح,مصدر,1873,13731;13732,المال المكتسب,ربح,فِعْلٌ,,,,,CANDIDATE,,L2_017 haiku b35,
AR09754,خَسَارَة,مصدر,1873,13733,المال المهدر,خسر,فَعَالَةٌ,,,,,CANDIDATE,,L2_017 haiku b35,
AR09755,دَخْل,اسم جامد,1873,13734;13735,المال المقبوض,دخل,فَعْلٌ,,,,,CANDIDATE,,L2_017 haiku b35,
AR09756,صَافِي,اسم جامد,1873,13736;13738,الربح الخالص,صفا,فَاعِلٌ,,,,,CANDIDATE,,L2_017 haiku b35,ROOT_ALIF
AR09757,رَبِحَ,فعل,1873,13737;14837,يحقق ربحاً مالياً,ربح,فَعِلَ,,,,,CANDIDATE,,L2_017 haiku b35,
AR09758,خَسِرَ,فعل,1873,13739,ينفق أكثر مما يكسب,خسر,فَعِلَ,,,,,CANDIDATE,,L2_017 haiku b35,
AR09759,نَتِيجَة,اسم جامد,1873,13740,نتيجة التجارة المالية,نتج,فَعِيلَةٌ,,,,,CANDIDATE,,L2_017 haiku b35,
AR09760,مَشْهور,اسم مفعول,1880,13880;13890;13894;18333,معروف لدى عدد كبير,شهر,,,,,,CANDIDATE,مَفْعول,L2_017 haiku b35,WAZN_NOT_IN_INV
AR09761,شُهْرَة,مصدر,1880,13881,حالة الاشتهار,شهر,فُعْلَةٌ,,,,,CANDIDATE,,L2_017 haiku b35,
AR09762,شَأْن,اسم جامد,1880,13888,الشهرة والمكانة,شءن,فَعْلٌ,,,,,CANDIDATE,,L2_017 haiku b35,ROOT_NORMALIZED
AR09763,أُسْطورِي,اسم منسوب,1880,13889,مشهور بما يستحق,,,,,,,CANDIDATE,,L2_017 haiku b35,ROOT_MISSING;WAZN_MISSING
AR09764,سِيء الصِّيت,تركيب,1880,13892;14717,مشهور لفعل سيء,,,,,,,CANDIDATE,,L2_017 haiku b35,
AR09765,سُمْعَة سَيِّئَة,تركيب,1880,13893;14718,اشتهار بأفعال سيئة,,,,,,,CANDIDATE,,L2_017 haiku b35,
AR09766,صِيت,اسم جامد,1880,14726,ما يقال عن الشخص,صيت,فِعْلٌ,,,,,CANDIDATE,,L2_017 haiku b35,
AR09767,مِلْحَمِي,اسم منسوب,1880,15095,مشهور في الشعر الملحمي,,,,,,,CANDIDATE,,L2_017 haiku b35,ROOT_MISSING;WAZN_MISSING
AR09768,سُمْعَة,اسم جامد,1880,16845,السيرة والاشتهار,سمع,فُعْلَةٌ,,,,,CANDIDATE,,L2_017 haiku b35,
AR09769,مَعْروف,اسم مفعول,1880,18015,في الوعي العام,عرف,,,,,,CANDIDATE,مَفْعول,L2_017 haiku b35,WAZN_NOT_IN_INV
AR09770,اِشْتَهَرَ,فعل,1880,18335,يكتسب سُمعة بإنجاز,شهر,اِفْتَعَلَ,,,,,CANDIDATE,,L2_017 haiku b35,
AR09771,غَيْر مَشْهور,تركيب,1881,13898,غير معروف على نطاق واسع,,,,,,,CANDIDATE,,L2_017 haiku b35,
AR09772,غَامِض,صفة مشبهة,1881,13899;13905,غير معروف أو مهم,غمض,فَاعِلٌ,,,,,CANDIDATE,,L2_017 haiku b35,
AR09773,غَيْر مُحْتَفَل بِه,تركيب,1881,13900,لم يُحتفَ به أو يُمدح,,,,,,,CANDIDATE,,L2_017 haiku b35,
AR09774,تَسَوُّق,مصدر,1882,13921,شراء البضاعة من المحلات,سوق,تَفَعُّلٌ,,,,,CANDIDATE,,L2_017 haiku b35,
AR09775,تَسَوَّقَ,فعل,1882,13925,يذهب لشراء البضاعة,سوق,تَفَعَّلَ,,,,,CANDIDATE,,L2_017 haiku b35,
AR09776,عاصِمَة,اسم جامد,1883,13938,مدينة الإدارة الحكومية,عصم,فَاعِلَةٌ,,,,,CANDIDATE,,L2_017 haiku b35,
AR09777,مَقْعَد,اسم جامد,1883,13939;13940,العاصمة الإدارية للمحافظة,قعد,مَفْعَلٌ,,,,,CANDIDATE,,L2_017 haiku b35,
AR09778,رَائِج,صفة مشبهة,1884,13942,متوافق مع الموضة,روج,فَاعِلٌ,,,,,CANDIDATE,,L2_017 haiku b35,
AR09779,عَصْرِي,اسم منسوب,1884,13943,متطابق مع الموضة الحالية,,,,,,,CANDIDATE,,L2_017 haiku b35,ROOT_MISSING;WAZN_MISSING
AR09780,حَدِيث الطِّراز,تركيب,1884,13944,موضة وراقي,,,,,,,CANDIDATE,,L2_017 haiku b35,
AR09781,أُسْلوب,اسم جامد,1884,13946,حالة الموضة,سلب,فُعْلَةٌ,,,,,CANDIDATE,,L2_017 haiku b35,WAZN_LEMMA_MISMATCH
AR09782,موضَة,اسم جامد,1884,13947,الاتجاه السائد,وضع,فُعْلَةٌ,,,,,CANDIDATE,,L2_017 haiku b35,
AR09783,أَنِيق,صفة مشبهة,1884,13948,راقٍ وموضة,نوق,فَعِيلٌ,,,,,CANDIDATE,,L2_017 haiku b35,
AR09784,رَاقٍ,صفة مشبهة,1884,13949,جذاب بطريقة موضة,روق,فَاعِلٌ,,,,,CANDIDATE,,L2_017 haiku b35,
AR09785,كَبِير,صفة مشبهة,1884,13950,مثير لاهتمام كبير,كبر,فَاعِلٌ,,,,,CANDIDATE,,L2_017 haiku b35,
AR09786,نَزَلَ,فعل,1885,13972;13974;15606,يسكن مؤقتاً كضيف,نزل,فَعَلَ,,,,,CANDIDATE,,L2_017 haiku b35,
AR09787,إِقَامَة,مصدر,1885,13973,فترة الإقامة المؤقتة,قيم,إِفْعَالَةٌ,,,,,CANDIDATE,,L2_017 haiku b35,
AR09788,اِسْتَأْجَرَ,فعل,1885,13975,يقيم مؤقتاً,ءجر,اِسْتَفْعَلَ,,,,,CANDIDATE,,L2_017 haiku b35,ROOT_NORMALIZED
AR09789,ضَيَّفَ,فعل,1885,14232,يبيت كضيف,ضيف,فَعَّلَ,,,,,CANDIDATE,,L2_017 haiku b35,
AR09790,بَاتَ,فعل,1885,14233;14234;14236,يبيت الليل,بيت,فَاعَلَ,,,,,CANDIDATE,,L2_017 haiku b35,
AR09791,اِسْتَقْطَنَ,فعل,1885,15610,يقيم مؤقتاً,قطن,اِسْتَفْعَلَ,,,,,CANDIDATE,,L2_017 haiku b35,
AR09792,ضَيْف,اسم جامد,1890,14430,شخص يُستقبل كضيف,ضيف,,,,,,CANDIDATE,فَيْل,L2_017 haiku b35,WAZN_NOT_IN_INV
AR09793,مُضِيف,اسم فاعل,1890,14431,من يستقبل الضيف,ضيف,مُفْعِلٌ,,,,,CANDIDATE,,L2_017 haiku b35,
AR09794,عَمِلَ,فعل,1892,14000;14003;14005,يبذل جهداً لتحقيق هدف,عمل,فَعِلَ,,,,,CANDIDATE,,L2_017 haiku b35,
AR09795,عَمَل,مصدر,1892,14001,جهد عقلي أو بدني لتحقيق نتيجة,عمل,فَعَلٌ,,,,,CANDIDATE,,L2_017 haiku b35,
AR09796,مُتَجَانِس,اسم منسوب,1893,14041,من نفس النوع,,,,,,,CANDIDATE,,L2_017 haiku b35,ROOT_MISSING;WAZN_MISSING
AR09797,تَنَوُّع,مصدر,1893,14042;14043;14065,حالة الاختلاف,نوع,تَفَعُّلٌ,,,,,CANDIDATE,,L2_017 haiku b35,
AR09798,مُتَنَوِّع,اسم منسوب,1893,14044;14051,مختلف الأنواع,,,,,,,CANDIDATE,,L2_017 haiku b35,ROOT_MISSING;WAZN_MISSING
AR09799,تَجَانُس,مصدر,1893,14045,جودة التطابق,جنس,تَفَاعُلٌ,,,,,CANDIDATE,,L2_017 haiku b35,
AR09800,مُخْتَلِف,اسم فاعل,1893,14046,غير متطابق النوع,خلف,مُفْتَعِلٌ,,,,,CANDIDATE,,L2_017 haiku b35,
AR09801,نِطَاق,اسم جامد,1893,14048;14341,مجموعة أشياء متنوعة,نطق,فِعَالٌ,,,,,CANDIDATE,,L2_017 haiku b35,
AR09802,وَاسِع,صفة مشبهة,1893,14049,كبير النطاق,وسع,فَاعِلٌ,,,,,CANDIDATE,,L2_017 haiku b35,
AR09803,سَعَة,مصدر,1893,14050,النطاق الواسع,وسع,فَعَلَةٌ,,,,,CANDIDATE,,L2_017 haiku b35,
AR09804,مَزِيج,اسم جامد,1893,14052;14053,مزيج متنوع,مزج,فَعِيلٌ,,,,,CANDIDATE,,L2_017 haiku b35,
AR09805,عَرْض,اسم جامد,1893,14054,مجموعة متنوعة ومثيرة,عرض,فَعْلٌ,,,,,CANDIDATE,,L2_017 haiku b35,
AR09806,مُوَحَّد,اسم مفعول,1893,14055,لا يتغير,وحد,مُفَعَّلٌ,,,,,CANDIDATE,,L2_017 haiku b35,
AR09807,تَوَحُّد,مصدر,1893,14056,جودة التطابق,وحد,تَفَعُّلٌ,,,,,CANDIDATE,,L2_017 haiku b35,
AR09808,تَشْكِيلَة,مصدر,1893,14057,مجموعة متنوعة,شكل,تَفْعِيلَةٌ,,,,,CANDIDATE,,L2_017 haiku b35,
AR09809,مُرَتَّب,اسم مفعول,1893,14058,متنوع الأنواع,رتب,مُفَعَّلٌ,,,,,CANDIDATE,,L2_017 haiku b35,
AR09810,مُشْتَمِل,اسم فاعل,1893,14059,يشتمل على أنواع مختلفة,شمل,مُفْتَعِلٌ,,,,,CANDIDATE,,L2_017 haiku b35,
AR09811,مُبالِغ,صيغة مبالغة,1893,14060,ذو تنوع كبير,بالغ,فَعَّالَةٌ,,,,,CANDIDATE,,L2_017 haiku b35,ROOT_ALIF
AR09812,اِخْتِلاف,مصدر,1893,14062;14063,حالة التباين,خلف,اِفْتِعَالٌ,,,,,CANDIDATE,,L2_017 haiku b35,
AR09813,مَزِيج غَريب,تركيب,1893,14064,مجموعة متنوعة,,,,,,,CANDIDATE,,L2_017 haiku b35,
AR09814,مُتَعَدِّد,اسم منسوب,1893,14066,متنوع وكثير,,,,,,,CANDIDATE,,L2_017 haiku b35,ROOT_MISSING;WAZN_MISSING
AR09815,كَثْرَة,مصدر,1893,14067,عدد كبير أو تنوع,كثر,فَعْلَةٌ,,,,,CANDIDATE,,L2_017 haiku b35,
AR09816,قَابِلِيَّة التَّغَيُّر,تركيب,1893,14068,درجة التنوع,,,,,,,CANDIDATE,,L2_017 haiku b35,
AR09817,بِلا انْقِطاع,تركيب,1894,14074,بدون توقف,,,,,,,CANDIDATE,,L2_017 haiku b35,
AR09818,قَطَعَ,فعل,1894,14075,يوقف السير المستمر,قطع,فَعَلَ,,,,,CANDIDATE,,L2_017 haiku b35,
AR09819,قَطْع,مصدر,1894,14076,توقف العملية,قطع,فَعْلٌ,,,,,CANDIDATE,,L2_017 haiku b35,
AR09820,في,حرف,1895,14080,في فترة زمنية,,,,,,,CANDIDATE,,L2_017 haiku b35,UNVOCALIZED
AR09821,عَلَى,حرف,1895,14081,في الوقت المحدد,,,,,,,CANDIDATE,,L2_017 haiku b35,
AR09822,عِنْدَ,حرف,1895,14082,عند وقوع حدث,,,,,,,CANDIDATE,,L2_017 haiku b35,
AR09823,آن,ظرف,1895,14083;14672,في الحاضر,,,,,,,CANDIDATE,,L2_017 haiku b35,AL_STRIPPED;ROOT_MISSING;UNVOCALIZED;WAZN_MISSING
AR09824,جَارٍ,صفة مشبهة,1895,14084,يحدث الآن,جري,فَاعِلٌ,,,,,CANDIDATE,,L2_017 haiku b35,ROOT_NORMALIZED
AR09825,حَالِيّاً,ظرف,1895,14085,في هذا الوقت,,,,,,,CANDIDATE,,L2_017 haiku b35,ROOT_MISSING;WAZN_MISSING
AR09826,حِينَئِذٍ,ظرف,1895,14086,في ذلك الوقت,,,,,,,CANDIDATE,,L2_017 haiku b35,ROOT_MISSING;WAZN_MISSING
AR09827,مَتَى,ظرف,1895,14147,في أي وقت,,,,,,,CANDIDATE,,L2_017 haiku b35,ROOT_MISSING;WAZN_MISSING
AR09828,حَدِيث,صفة مشبهة,1895,14198,متعلق بالزمن الحاضر,حدث,فَعِيلٌ,,,,,CANDIDATE,,L2_017 haiku b35,
AR09829,في الوَقْتِ الحَالِي,تركيب,1895,14199,في العصر الحالي,,,,,,,CANDIDATE,,L2_017 haiku b35,
AR09830,يَوْم,اسم جامد,1895,14201,الوقت الحاضر,يوم,فَعَلٌ,,,,,CANDIDATE,,L2_017 haiku b35,AL_STRIPPED
AR09831,في النِّهايَة,ظرف,1895,14310,في وقت مستقبلي غير محدد,,,,,,,CANDIDATE,,L2_017 haiku b35,ROOT_MISSING;WAZN_MISSING
AR09832,لا يُعود,فعل,1895,14368,لا يحدث الآن,عود,,,,,,CANDIDATE,لا يُفْعَل,L2_017 haiku b35,WAZN_NOT_IN_INV
AR09833,ضِمْن,ظرف,1895,14501,خلال فترة زمنية,,,,,,,CANDIDATE,,L2_017 haiku b35,ROOT_MISSING;WAZN_MISSING
AR09834,مُسْتَقْبَل,اسم مفعول,1895,14541,في زمن لاحق,قبل,مُسْتَفْعَلٌ,,,,,CANDIDATE,,L2_017 haiku b35,
AR09835,مُؤَخَّراً,ظرف,1895,14550;16640;17163;17165,في زمن قريب الماضي,,,,,,,CANDIDATE,,L2_017 haiku b35,ROOT_MISSING;WAZN_MISSING
AR09836,قَدِيم,صفة مشبهة,1895,14655,من زمن العصور القديمة,قدم,فَعِيلٌ,,,,,CANDIDATE,,L2_017 haiku b35,
AR09837,بَدائِي,اسم منسوب,1895,14656,من قبل التاريخ,,,,,,,CANDIDATE,,L2_017 haiku b35,ROOT_MISSING;WAZN_MISSING
AR09838,يَوْمَئِذٍ,ظرف,1895,14671;18326,في ذلك الوقت بالذات,,,,,,,CANDIDATE,,L2_017 haiku b35,ROOT_MISSING;WAZN_MISSING
AR09839,أثْنَاء,ظرف,1895,14673,في نفس وقت حدث آخر,,,,,,,CANDIDATE,,L2_017 haiku b35,ROOT_MISSING;WAZN_MISSING
AR09840,بَادِي,صفة مشبهة,1895,15041,في بداية الفترة الزمنية,بدء,فَاعِلٌ,,,,,CANDIDATE,,L2_017 haiku b35,ROOT_NORMALIZED
AR09841,حَدِيثاً,ظرف,1895,15114,في وقت قريب جداً,,,,,,,CANDIDATE,,L2_017 haiku b35,ROOT_MISSING;WAZN_MISSING
AR09842,قَرِيباً,ظرف,1895,15238,تقريباً,,,,,,,CANDIDATE,,L2_017 haiku b35,ROOT_MISSING;WAZN_MISSING
AR09843,بِ,حرف,1895,16143,يحدث معاً,,,,,,,CANDIDATE,,L2_017 haiku b35,
AR09844,بَيْنَما,حرف,1895,17228,في نفس الوقت,,,,,,,CANDIDATE,,L2_017 haiku b35,
AR09845,بِاللَّيْل,ظرف,1895,17458,خلال الليل السابق,,,,,,,CANDIDATE,,L2_017 haiku b35,ROOT_MISSING;WAZN_MISSING
AR09846,خِلال,ظرف,1895,18676,خلال فترة زمنية معينة,,,,,,,CANDIDATE,,L2_017 haiku b35,ROOT_MISSING;WAZN_MISSING
AR09847,مُتَزَامِن,اسم منسوب,1897,14092;14097,يحدث في نفس الوقت,,,,,,,CANDIDATE,,L2_017 haiku b35,ROOT_MISSING;WAZN_MISSING
AR09848,تَزَامُن,مصدر,1897,14093;14098,حالة حدوث أمرين معاً,زمن,تَفَاعُلٌ,,,,,CANDIDATE,,L2_017 haiku b35,
AR09849,اِقْتِران,مصدر,1897,14094;14099,حالة وقوع أمرين معاً,قرن,اِفْتِعَالٌ,,,,,CANDIDATE,,L2_017 haiku b35,
AR09850,تَوافَقَ,فعل,1897,14095,يحدث في نفس الوقت,وفق,تَفَاعَلَ,,,,,CANDIDATE,,L2_017 haiku b35,
AR09851,اِسْتَحْضَرَ,فعل,1897,14096,يحدث معاً,حضر,اِسْتَفْعَلَ,,,,,CANDIDATE,,L2_017 haiku b35,
AR09852,مَعاً,ظرف,1897,14100,في نفس الوقت,,,,,,,CANDIDATE,,L2_017 haiku b35,ROOT_MISSING;WAZN_MISSING
AR09853,اِسْتَهْدَفَ,فعل,1901,14111;14112,يوجه السلاح نحو الهدف,هدف,اِسْتَفْعَلَ,,,,,CANDIDATE,,L2_017 haiku b35,
AR09854,تَصْوِيب,مصدر,1901,14113,فعل توجيه السلاح,صوب,تَفْعِيلٌ,,,,,CANDIDATE,,L2_017 haiku b35,
AR09855,هَدَف,اسم جامد,1901,14114,الموضع المستهدف,هدف,فَعَلٌ,,,,,CANDIDATE,,L2_017 haiku b35,
AR09856,وَجَّهَ,فعل,1901,14115,يوجه الشيء نحو اتجاه معين,وجه,فَعَّلَ,,,,,CANDIDATE,,L2_017 haiku b35,
AR09857,أَصَابَ,فعل,1902,14116,فعل الضرب على هدف بدقة,صيب,أَفْعَلَ,,,,,CANDIDATE,,L2_017 haiku b36,
AR09858,أَخْطَأَ,فعل,1902,14117,فشل في إصابة الهدف المقصود,خطا,أَفْعَلَ,,,,,CANDIDATE,,L2_017 haiku b36,ROOT_ALIF
AR09859,بَعِيد,صفة مشبهة,1902,14118,بعيد عن نقطة أو علامة معينة,بعد,فَعِيلٌ,,,,,CANDIDATE,,L2_017 haiku b36,
AR09860,إِصَابَة,مصدر,1902,14119,حالة نتيجة ضرب الشيء بنجاح,صيب,,,,,,CANDIDATE,إِفَاعَة,L2_017 haiku b36,WAZN_NOT_IN_INV
AR09861,مُرْكَز,اسم مفعول,1902,14120,مركز الهدف في الرياضات المختلفة,رکز,مُفْعَلٌ,,,,,CANDIDATE,,L2_017 haiku b36,WAZN_LEMMA_MISMATCH
AR09862,رمية موفقة,تركيب,1902,14122,الدخول المباشر للثقب من المضرب الأول,,,,,,,CANDIDATE,,L2_017 haiku b36,UNVOCALIZED
AR09863,دَقِيق,صفة مشبهة,1903,14125,قادر على الوصول للهدف المقصود بدقة,دقق,فَعِيلٌ,,,,,CANDIDATE,,L2_017 haiku b36,
AR09864,صَحِيح,صفة مشبهة,1903,14126;17053,صحة في القراءة أو التقدير,صحح,فَعِيلٌ,,,,,CANDIDATE,,L2_017 haiku b36,
AR09865,غَاطِ,اسم فاعل,1903,14127,الانحراف عن القراءة الصحيحة,غطا,فَاعِلٌ,,,,,CANDIDATE,,L2_017 haiku b36,ROOT_ALIF
AR09866,غَيْر دَقِيق,تركيب,1903,14128,عدم دقة في الوصول للهدف,,,,,,,CANDIDATE,,L2_017 haiku b36,
AR09867,دِقَّة,مصدر,1903,14129,الدقة والضبط في الأداة أو المقياس,دقق,,,,,,CANDIDATE,فِعَّة,L2_017 haiku b36,WAZN_NOT_IN_INV
AR09868,عَدَم الدِّقَّة,تركيب,1903,14131,الفشل في الوصول للقراءة الصحيحة,,,,,,,CANDIDATE,,L2_017 haiku b36,
AR09869,مُحَدَّد,اسم مفعول,1903,14132,الدقة والصحة في كل التفاصيل,حدد,مُفَعَّلٌ,,,,,CANDIDATE,,L2_017 haiku b36,
AR09870,مُضَبَّط,اسم مفعول,1903,14133,الدقة في التعبير والتفصيل,ضبط,مُفَعَّلٌ,,,,,CANDIDATE,,L2_017 haiku b36,
AR09871,ضِبْط,مصدر,1903,14134,الدقة في القياس والمواصفة,ضبط,فِعْلٌ,,,,,CANDIDATE,,L2_017 haiku b36,
AR09872,بِدِقَّة,ظرف,1903,14135,بأسلوب دقيق ومحدد,دقق,,,,,,CANDIDATE,بِفِعَّة,L2_017 haiku b36,WAZN_NOT_IN_INV
AR09873,بِعَدَم دِقَّة,ظرف,1903,14136,بطريقة غير دقيقة,,,,,,,CANDIDATE,,L2_017 haiku b36,ROOT_MISSING;WAZN_MISSING
AR09874,مَشْغُول,اسم مفعول,1904,14148,يتميز بنشاط كبير,شغل,مَفْعُولٌ,,,,,CANDIDATE,,L2_017 haiku b36,
AR09875,نَشِطَ,فعل,1904,14149,امتلاء المكان بالنشاط والحركة,نشط,فَعِلَ,,,,,CANDIDATE,,L2_017 haiku b36,
AR09876,زَخَرَ,فعل,1904,14150,كون المكان في حالة نشاط عظيم,زخر,فَعَلَ,,,,,CANDIDATE,,L2_017 haiku b36,
AR09877,مَغْطُوس بِالنَّشَاط,تركيب,1904,14151,مليء بالنشاط والحيوية,,,,,,,CANDIDATE,,L2_017 haiku b36,
AR09878,حَيّ,صفة مشبهة,1904,14152,مليء بالحياة والطاقة والنشاط,حيي,فَعِيلٌ,,,,,CANDIDATE,,L2_017 haiku b36,
AR09879,مُضْطَرِب,اسم مفعول,1904,14153,مليء بالنشاط الشديد المتكرر,ضطرب,مُفْتَعِلٌ,,,,,CANDIDATE,,L2_017 haiku b36,
AR09880,نَاشِط,اسم فاعل,1904,14154,نشيط وحيوي جداً,نشط,فَاعِلٌ,,,,,CANDIDATE,,L2_017 haiku b36,
AR09881,مُنْدَفِع,اسم مفعول,1904,14155,مليء بالنشاط والحركة,دفع,مُفْتَعِلٌ,,,,,CANDIDATE,,L2_017 haiku b36,WAZN_LEMMA_MISMATCH
AR09882,مُشْتَعِل بِالنَّشَاط,تركيب,1904,14156,ممتلئ بنشاط الحركة,,,,,,,CANDIDATE,,L2_017 haiku b36,
AR09883,يَنِن,فعل,1904,14157,له هالة من الحماس والنشاط,نين,,,,,,CANDIDATE,فَعِل,L2_017 haiku b36,WAZN_NOT_IN_INV
AR09884,جَنُون,اسم جامد,1904,14377,سريع وحيوي بطريقة عنيفة غير منضبطة,جنن,فَعُولٌ,,,,,CANDIDATE,,L2_017 haiku b36,
AR09885,شَهِير,صفة مشبهة,1904,16368,محبوب وشهير,شهر,فَعِيلٌ,,,,,CANDIDATE,,L2_017 haiku b36,
AR09886,تَكَاثُر,مصدر,1905,14163,زيادة العدد بطريقة غير معلنة,كثر,تَفَاعُلٌ,,,,,CANDIDATE,,L2_017 haiku b36,
AR09887,ضِعْف,مصدر,1905,14164,زيادة عدد الأشياء,ضعف,فِعْلٌ,,,,,CANDIDATE,,L2_017 haiku b36,
AR09888,تَارِيخ,اسم جامد,1906,14181,سلسلة أحداث سابقة متعلقة بفرد,تاريخ,فَاعِلٌ,,,,,CANDIDATE,,L2_017 haiku b36,ROOT_ALIF;ROOT_LEN
AR09889,مَاضِ,اسم جامد,1906,14205,السنوات السابقة في حياة الفرد,ماض,فَاعِلٌ,,,,,CANDIDATE,,L2_017 haiku b36,ROOT_ALIF
AR09890,جَالَ,فعل,1907,14186,زيارة مكان برغبة من أجل الاستمتاع,جول,فَعَلَ,,,,,CANDIDATE,,L2_017 haiku b36,
AR09891,جَوْلَة,مصدر,1907,14187,رحلة للاستمتاع تشمل زيارة أماكن متعددة,جول,فَعْلَةٌ,,,,,CANDIDATE,,L2_017 haiku b36,
AR09892,سَائِح,اسم فاعل,1907,14188;14192,شخص يسافر من أجل الاستمتاع,سيح,فَاعِلٌ,,,,,CANDIDATE,,L2_017 haiku b36,
AR09893,شَهِدَ,فعل,1907,14189,زيارة مكان والتعرف عليه,شهد,فَعِلَ,,,,,CANDIDATE,,L2_017 haiku b36,
AR09894,آثَار,اسم جامد,1907,14190,الأماكن محل اهتمام السياح,ءثر,,,,,,CANDIDATE,آفَار,L2_017 haiku b36,ROOT_NORMALIZED;WAZN_NOT_IN_INV
AR09895,زَارَ,فعل,1907,14191,رؤية ومشاهدة أماكن سياحية,زار,فَعَلَ,,,,,CANDIDATE,,L2_017 haiku b36,ROOT_ALIF
AR09896,سَاحَ,فعل,1907,14193,زيارة المعالم والمواقع السياحية,سيح,فَعَلَ,,,,,CANDIDATE,,L2_017 haiku b36,
AR09897,سِيَاحَة,مصدر,1907,14825,سفر الناس لأجل الاستمتاع والرؤية,سيح,فِعَالَةٌ,,,,,CANDIDATE,,L2_017 haiku b36,
AR09898,تَارِيخِي,اسم منسوب,1908,14182,مشهور أو مهم في التاريخ,تاريخ,,,,,,CANDIDATE,فَاعِلِي,L2_017 haiku b36,ROOT_ALIF;ROOT_LEN;WAZN_NOT_IN_INV
AR09899,كَتَبَ التَّارِيخ,تركيب,1908,14183,المشاركة في حدث تاريخي مهم,,,,,,,CANDIDATE,,L2_017 haiku b36,
AR09900,ذُو أَهَمِّيَّة تَارِيخِيَّة,تركيب,1908,15178,متعلق بكيانات ذات أهمية تاريخية,,,,,,,CANDIDATE,,L2_017 haiku b36,
AR09901,زَائِر,اسم فاعل,1911,14215,شخص يزور شخصاً أو مكاناً,زار,فَاعِلٌ,,,,,CANDIDATE,,L2_017 haiku b36,ROOT_ALIF
AR09902,زَارَ,فعل,1911,14216,الذهاب لرؤية شخص وقضاء وقت معه,زار,فَعَلَ,,,,,CANDIDATE,,L2_017 haiku b36,ROOT_ALIF
AR09903,زِيَارَة,مصدر,1911,14224;14630,فعل زيارة شخص أو مكان,زار,فِعَالَةٌ,,,,,CANDIDATE,,L2_017 haiku b36,ROOT_ALIF
AR09904,أَعَادَ الزِّيَارَة,تركيب,1911,14405,العودة لزيارة مكان ثانية,,,,,,,CANDIDATE,,L2_017 haiku b36,
AR09905,آوَى,فعل,1916,14237,توفير المأوى والإقامة,ءوي,أَفْعَلَ,,,,,CANDIDATE,,L2_017 haiku b36,ROOT_NORMALIZED
AR09906,أَسْكَنَ,فعل,1916,14238,توفير مكان إقامة مطلوب,سكن,أَفْعَلَ,,,,,CANDIDATE,,L2_017 haiku b36,
AR09907,ضَيَّفَ,فعل,1916,14239,القيام بدور المضيف للزائر,ضيف,فَعَّلَ,,,,,CANDIDATE,,L2_017 haiku b36,
AR09908,أَسْكَنَ ضَيْفاً,تركيب,1916,14240,توفير مكان إقامة للضيف,,,,,,,CANDIDATE,,L2_017 haiku b36,
AR09909,شِيخُوخَة,مصدر,1919,14250,حالة التقدم في السن,شيخ,,,,,,CANDIDATE,فِعُولَة,L2_017 haiku b36,WAZN_NOT_IN_INV
AR09910,شَاخَ,فعل,1919,14252,التقدم في السن,شيخ,فَعَلَ,,,,,CANDIDATE,,L2_017 haiku b36,
AR09911,نَضَجَ,فعل,1919,15349,التقدم في السن والنضج,نضج,فَعَلَ,,,,,CANDIDATE,,L2_017 haiku b36,
AR09912,مَوْقِع,اسم جامد,1921,14262,المكان الذي يقع فيه حدث ما,موق,,,,,,CANDIDATE,فَوْعِل,L2_017 haiku b36,WAZN_NOT_IN_INV
AR09913,مَشْهَد,اسم جامد,1921,14263,المكان الذي حدث فيه شيء معين,شهد,فَعْلٌ,,,,,CANDIDATE,,L2_017 haiku b36,WAZN_LEMMA_MISMATCH
AR09914,مَقَام,اسم جامد,1921,14265,مكان انعقاد حدث منظم كبير,قام,فَعَالٍ,,,,,CANDIDATE,,L2_017 haiku b36,ROOT_ALIF
AR09915,مَسْرَح الحَرْب,تركيب,1921,14266,منطقة جغرافية كبيرة تجري فيها حرب,,,,,,,CANDIDATE,,L2_017 haiku b36,
AR09916,حَقْل,اسم جامد,1921,14267,منطقة خارجية يحدث فيها نشاط ما,حقل,فَعْلٌ,,,,,CANDIDATE,,L2_017 haiku b36,
AR09917,سَاحَة مَعْرَكَة,تركيب,1921,14268,المكان الذي تجري فيه معركة مسلحة,,,,,,,CANDIDATE,,L2_017 haiku b36,
AR09918,حَاضِر,اسم فاعل,1922,14269,الوجود في مكان وزمان محدد,حضر,فَاعِلٌ,,,,,CANDIDATE,,L2_017 haiku b36,
AR09919,حُضُور,مصدر,1922,14270,حالة الموجود في مكان ما,حضر,فُعُولٌ,,,,,CANDIDATE,,L2_017 haiku b36,
AR09920,غِيَاب,مصدر,1922,16943,الغياب والعدم الملحوظ,غيب,فِعَالٌ,,,,,CANDIDATE,,L2_017 haiku b36,
AR09921,حَوْلَ,حرف,1923,14273;14278;14340,بشكل تقريبي ومقارب,,,,,,,CANDIDATE,,L2_017 haiku b36,
AR09922,جَيِّد,صفة مشبهة,1923,14274,تقريب واثق لقيمة ما,جود,فَعِيلٌ,,,,,CANDIDATE,,L2_017 haiku b36,
AR09923,فَوْقَ,ظرف,1923,14275,على الأقل قيمة معينة,فوق,فَعْلٌ,,,,,CANDIDATE,,L2_017 haiku b36,
AR09924,تِقْرِيباً,ظرف,1923,14276;14281,قريب جداً من القيمة,قرب,,,,,,CANDIDATE,تِفْعِيلاً,L2_017 haiku b36,WAZN_NOT_IN_INV
AR09925,تَقْرِيب,مصدر,1923,14277,تقدير قيمة معينة تقريبياً,قرب,تَفْعِيلٌ,,,,,CANDIDATE,,L2_017 haiku b36,
AR09926,حَوَالَيْ,ظرف,1923,14279,بتاريخ تقريبي,حول,,,,,,CANDIDATE,فَوَالَي,L2_017 haiku b36,WAZN_NOT_IN_INV
AR09927,أَوْ نَحْوَهُ,تركيب,1923,14280,بقيمة مقاربة,,,,,,,CANDIDATE,,L2_017 haiku b36,
AR09928,قَرِيب,صفة مشبهة,1923,14283,قريب جداً ولكن ليس تماماً,قرب,فَعِيلٌ,,,,,CANDIDATE,,L2_017 haiku b36,
AR09929,أَقَلّ مِن,ظرف,1923,14284,أقل من قيمة معينة,,,,,,,CANDIDATE,,L2_017 haiku b36,ROOT_MISSING;WAZN_MISSING
AR09930,قَرِيب مِن,تركيب,1923,14285,بالقرب من قيمة ما,,,,,,,CANDIDATE,,L2_017 haiku b36,
AR09931,تَقْرِيباً,ظرف,1923,14286,بشكل تقريبي وخشن,قرب,,,,,,CANDIDATE,تَفْعِيلاً,L2_017 haiku b36,WAZN_NOT_IN_INV
AR09932,بِدِقَّة,ظرف,1923,14288,بدقة تامة,دقق,,,,,,CANDIDATE,بِفِعَّة,L2_017 haiku b36,WAZN_NOT_IN_INV
AR09933,تَمَاماً,ظرف,1923,14289,بدقة تامة وبلا زيادة ولا نقصان,,,,,,,CANDIDATE,,L2_017 haiku b36,ROOT_MISSING;WAZN_MISSING
AR09934,بَعْض,اسم جامد,1923,14290,تقريباً مع عدد,بعض,فَعْلٌ,,,,,CANDIDATE,,L2_017 haiku b36,
AR09935,عَلَى الأَقَلّ,ظرف,1923,14292,الحد الأدنى لقيمة ما,,,,,,,CANDIDATE,,L2_017 haiku b36,ROOT_MISSING;WAZN_MISSING
AR09936,عَلَى الأَكْثَر,ظرف,1923,14293;14295,القيمة العليا على الأكثر,,,,,,,CANDIDATE,,L2_017 haiku b36,ROOT_MISSING;WAZN_MISSING
AR09937,أَقَلّ,اسم جامد,1923,14294,أقل حد ممكن,قلل,أَفْعَلُ,,,,,CANDIDATE,,L2_017 haiku b36,WAZN_LEMMA_MISMATCH
AR09938,هُنَاكَ بِقُرْب,تركيب,1923,14296,قريب من التاريخ أو الرقم,,,,,,,CANDIDATE,,L2_017 haiku b36,
AR09939,بِالْكَاد,ظرف,1923,14298,بقليل جداً فوق قيمة معينة,,,,,,,CANDIDATE,,L2_017 haiku b36,ROOT_MISSING;WAZN_MISSING
AR09940,كَثِير,صفة مشبهة,1923,14525,كمية كبيرة من الأشياء,كثر,فَعِيلٌ,,,,,CANDIDATE,,L2_017 haiku b36,
AR09941,قَلِيل,صفة مشبهة,1923,15244,ليس كثيراً من الكتلة,قلل,فَعِيلٌ,,,,,CANDIDATE,,L2_017 haiku b36,
AR09942,أَكْثَر,اسم جامد,1923,18672,الجزء الأكبر من الكل,كثر,أَفْعَلُ,,,,,CANDIDATE,,L2_017 haiku b36,
AR09943,اِنْظُرْ,فعل,1924,14299;14301,الرجوع لمصدر معلومات إضافية,نظر,,,,,,CANDIDATE,اِفْعَل,L2_017 haiku b36,WAZN_NOT_IN_INV
AR09944,قَارِن,فعل,1924,14300,المقارنة مع نص آخر,قرن,,,,,,CANDIDATE,فَاعِل,L2_017 haiku b36,WAZN_NOT_IN_INV
AR09945,رَاجَعَ,فعل,1924,17121,الرجوع لمصدر معلومات,رجع,فَاعَلَ,,,,,CANDIDATE,,L2_017 haiku b36,
AR09946,اعْتَمَدَ,فعل,1925,14306,إعطاء سلطة بموجب دور رسمي,عمد,اِفْتَعَلَ,,,,,CANDIDATE,,L2_017 haiku b36,
AR09947,عَيَّنَ,فعل,1925,14307,إسناد وظيفة أو دور لشخص,عين,فَعَّلَ,,,,,CANDIDATE,,L2_017 haiku b36,
AR09948,مُعْتَمَد,اسم مفعول,1925,14308,معتمد رسمياً,عمد,مُفْتَعَلٌ,,,,,CANDIDATE,,L2_017 haiku b36,
AR09949,حَدَّدَ,فعل,1925,14309,إعطاء وضع أو منصب محدد,حدد,فَعَّلَ,,,,,CANDIDATE,,L2_017 haiku b36,
AR09950,أَشَارَ إِلَى,تركيب,1925,14331,اختيار شخص لغاية معينة,,,,,,,CANDIDATE,,L2_017 haiku b36,
AR09951,اخْتَارَ,فعل,1925,14332,تعيين شخص لمهمة أو تكريم,خير,اِفْتَعَلَ,,,,,CANDIDATE,,L2_017 haiku b36,
AR09952,سَمَّى,فعل,1925,14333,تعيين شخص لتنفيذ واجب,سمي,فَعَّلَ,,,,,CANDIDATE,,L2_017 haiku b36,
AR09953,انْشِطَارِي,اسم منسوب,1926,14316,قابل للانشطار النووي,شطر,,,,,,CANDIDATE,افْتِعَالِي,L2_017 haiku b36,WAZN_LEMMA_MISMATCH;WAZN_NOT_IN_INV
AR09954,اضْمِحْلال,مصدر,1926,14317,عملية التحول بانبعاث إشعاع,ضمحل,اِفْتِعَالٌ,,,,,CANDIDATE,,L2_017 haiku b36,
AR09955,انْحَلَّ,فعل,1926,14318,التحول بانبعاث إشعاع,حلل,اِنْفَعَلَ,,,,,CANDIDATE,,L2_017 haiku b36,WAZN_LEMMA_MISMATCH
AR09956,اِنْدَمَجَ,فعل,1926,14319,الاندماج في كيان واحد,دمج,اِنْفَعَلَ,,,,,CANDIDATE,,L2_017 haiku b36,
AR09957,اِنْدِمَاج,مصدر,1926,14320,عملية الاندماج والتوحد,دمج,اِنْفِعَالٌ,,,,,CANDIDATE,,L2_017 haiku b36,
AR09958,انْشَطَرَ,فعل,1926,14321,انقسام نواة الذرة,شطر,اِنْفَعَلَ,,,,,CANDIDATE,,L2_017 haiku b36,
AR09959,انْشِطَار,مصدر,1926,14322,عملية الانشطار النووي,شطر,اِنْفِعَالٌ,,,,,CANDIDATE,,L2_017 haiku b36,
AR09960,نَوَوِي,اسم منسوب,1926,14324,متعلق بالطاقة النووية,نوي,,,,,,CANDIDATE,فَاعُلِي,L2_017 haiku b36,WAZN_NOT_IN_INV
AR09961,حَرَارِي نَوَوِي,تركيب,1926,14325,متعلق بتفاعلات الاندماج النووي,,,,,,,CANDIDATE,,L2_017 haiku b36,
AR09962,قَابِل لِلاِنْدِمَاج,تركيب,1926,14326,قادر على الاندماج النووي,,,,,,,CANDIDATE,,L2_017 haiku b36,
AR09963,مُشِع,اسم فاعل,1926,14327,يصدر إشعاعات نووية,شعع,,,,,,CANDIDATE,مُفِل,L2_017 haiku b36,WAZN_NOT_IN_INV
AR09964,إِشْعَاع,مصدر,1926,14328,انبعاث الإشعاعات النووية,شعع,إِفْعَالٌ,,,,,CANDIDATE,,L2_017 haiku b36,
AR09965,نِطَاق,اسم جامد,1927,14337,عدد أو تنوع الأشياء المتأثرة,نطق,فِعَالٌ,,,,,CANDIDATE,,L2_017 haiku b36,
AR09966,تَمْهِيدِي,اسم منسوب,1928,14346;14350,سابق أو تحضيري,مهد,,,,,,CANDIDATE,تَفْعِيلِي,L2_017 haiku b36,WAZN_NOT_IN_INV
AR09967,تَمْهِيد,مصدر,1928,14347,عمل تمهيدي أو حدث,مهد,تَفْعِيلٌ,,,,,CANDIDATE,,L2_017 haiku b36,
AR09968,اسْتِكْشَافِي,اسم منسوب,1928,14348,بهدف اكتشاف الحقائق,كشف,,,,,,CANDIDATE,اِسْتِفْعَالِي,L2_017 haiku b36,WAZN_NOT_IN_INV
AR09969,تَحْضِير,مصدر,1928,14349,العمل التحضيري الأساسي,حضر,تَفْعِيلٌ,,,,,CANDIDATE,,L2_017 haiku b36,
AR09970,تَحْضِيرِي,اسم منسوب,1928,14351,يخدم كتحضير,حضر,,,,,,CANDIDATE,تَفْعِيلِي,L2_017 haiku b36,WAZN_NOT_IN_INV
AR09971,سِحْر,اسم جامد,1930,14378,صفة غامضة وآسرة,سحر,فِعْلٌ,,,,,CANDIDATE,,L2_017 haiku b36,
AR09972,سِحْرِي,اسم منسوب,1930,14379,غامض وآسر,سحر,,,,,,CANDIDATE,فِعْلِي,L2_017 haiku b36,WAZN_NOT_IN_INV
AR09973,مُسَحَّر,اسم مفعول,1930,14380,ذو صفة غامضة آسرة,سحر,مُفَعَّلٌ,,,,,CANDIDATE,,L2_017 haiku b36,
AR09974,لا يُوصَف,تركيب,1930,14381,عظيم جداً لا يمكن وصفه,,,,,,,CANDIDATE,,L2_017 haiku b36,
AR09975,عَدَم الإِمْكَانِيَّة في الوَصْف,تركيب,1930,14382,كون الشيء لا يوصف,,,,,,,CANDIDATE,,L2_017 haiku b36,
AR09976,غَمُوض,اسم جامد,1930,14383,عدم القدرة على الوصف,غمض,فَعُولٌ,,,,,CANDIDATE,,L2_017 haiku b36,
AR09977,سِحْرِيَّة,مصدر,1930,14384,الصفة الغامضة الآسرة,سحر,فِعْلِيَّةٌ,,,,,CANDIDATE,,L2_017 haiku b36,
AR09978,إِمْكَانِيَّة,مصدر,1931,14385,شيء ممكن الحدوث,مكن,إِفْعَالِيَّةٌ,,,,,CANDIDATE,,L2_017 haiku b36,
AR09979,طَرِيقَة,اسم جامد,1931,14386,خيار بديل,طرق,فَعِيلَةٌ,,,,,CANDIDATE,,L2_017 haiku b36,
AR09980,خِيَار,اسم جامد,1931,14387;14407,إمكانية يمكن اختيارها,خير,فِعَالٌ,,,,,CANDIDATE,,L2_017 haiku b36,
AR09981,اسْتِخْدَام,مصدر,1931,14388,طريقة الاستخدام,خدم,اِسْتِفْعَالٌ,,,,,CANDIDATE,,L2_017 haiku b36,
AR09982,بَدِيل,اسم جامد,1931,14406,واحد من خيارات ممكنة,بدل,فَعِيلٌ,,,,,CANDIDATE,,L2_017 haiku b36,
AR09983,مُسْتَقْبَل,اسم مفعول,1931,14408,إمكانية قد تحدث,قبل,مُسْتَفْعَلٌ,,,,,CANDIDATE,,L2_017 haiku b36,
AR09984,فُرْصَة,اسم جامد,1931,15320,فرصة متاحة,فرص,فُعْلَةٌ,,,,,CANDIDATE,,L2_017 haiku b36,
AR09985,مَلَكَ,فعل,1933,14422,العلاقة بين كيانين,ملك,فَعَلَ,,,,,CANDIDATE,,L2_017 haiku b36,
AR09986,كَانَ لَهُ,تركيب,1933,14423,علاقة بين كيانين,,,,,,,CANDIDATE,,L2_017 haiku b36,
AR09987,مَعَ,حرف,1933,17660,الارتباط بخاصية أو كيان آخر,,,,,,,CANDIDATE,,L2_017 haiku b36,
AR09988,زَارَ عَابِراً,تركيب,1946,14445,زيارة غير معلنة مسبقاً,,,,,,,CANDIDATE,,L2_017 haiku b36,
AR09989,أَوْقَفَ بِزِيَارَة,تركيب,1946,14446,زيارة قصيرة,,,,,,,CANDIDATE,,L2_017 haiku b36,
AR09990,قَفَزَ دَاخِلاً,تركيب,1946,14447,زيارة قصيرة غير معلنة,,,,,,,CANDIDATE,,L2_017 haiku b36,
AR09991,اسْتَقْبَلَ,فعل,1951,14440,استضافة زائر في مكان معين,قبل,اِسْتَفْعَلَ,,,,,CANDIDATE,,L2_017 haiku b36,
AR09992,تَمْهِيدِي,اسم منسوب,1960,14460,في المراحل الأولى,مهد,,,,,,CANDIDATE,تَفْعِيلِي,L2_017 haiku b36,WAZN_NOT_IN_INV
AR09993,ابْتِدَائِي,اسم منسوب,1960,14461,في البداية,بدا,,,,,,CANDIDATE,اِفْتِعَالِي,L2_017 haiku b36,ROOT_ALIF;WAZN_NOT_IN_INV
AR09994,مَسَوَّدَة,اسم جامد,1960,14463,نسخة أولية أو خشنة,سود,فَعْوَلَةٌ,,,,,CANDIDATE,,L2_017 haiku b36,
AR09995,نِهَائِي,اسم منسوب,1960,14464,مكتمل وجاهز,نهي,,,,,,CANDIDATE,فِعَالِي,L2_017 haiku b36,WAZN_NOT_IN_INV
AR09996,خَشِن,صفة مشبهة,1960,14468,قريب من البداية غير مصقول,خشن,فَعِلٌ,,,,,CANDIDATE,,L2_017 haiku b36,
AR09997,عَامِل,اسم فاعل,1960,14469,مؤقت يحقق الغرض,عمل,فَاعِلٌ,,,,,CANDIDATE,,L2_017 haiku b36,
AR09998,ضِيَافَة,مصدر,1970,14470,الترحيب الحار بالضيوف,ضيف,فِعَالَةٌ,,,,,CANDIDATE,,L2_017 haiku b36,
AR09999,ضَيْفِي,اسم منسوب,1970,14471,مستقبل ودود للضيوف,ضيف,,,,,,CANDIDATE,فَعْلِي,L2_017 haiku b36,WAZN_NOT_IN_INV
AR10000,سِجَّاد أَحْمَر,تركيب,1970,14472,معاملة حفل واحترام للضيف,,,,,,,CANDIDATE,,L2_017 haiku b36,
AR10001,دَعَمَ,فعل,2000,14738,تقوية بتحمل الوزن,دعم,فَعَلَ,,,,,CANDIDATE,,L2_017 haiku b36,
AR10002,عَزَّزَ,فعل,2000,14739,دعم بالتقوية,عزز,فَعَّلَ,,,,,CANDIDATE,,L2_017 haiku b36,
AR10003,قَوَّى,فعل,2000,14740,تقوية بالتدعيم,قوي,فَعَّلَ,,,,,CANDIDATE,,L2_017 haiku b36,
AR10004,جِدّاً,ظرف,2000,14742;14745,بدرجة عالية,جدد,,,,,,CANDIDATE,فِعّاً,L2_017 haiku b36,WAZN_NOT_IN_INV
AR10005,قَلِيلاً,ظرف,2000,14743,بدرجة صغيرة,قلل,,,,,,CANDIDATE,فَعِيلاً,L2_017 haiku b36,WAZN_NOT_IN_INV
AR10006,قَلِيلاً جِدّاً,ظرف,2000,14744,بدرجة صغيرة جداً,,,,,,,CANDIDATE,,L2_017 haiku b36,ROOT_MISSING;WAZN_MISSING
AR10007,ذَلِك,اسم مبني,2000,14746,بدرجة عالية معينة,,,,,,,CANDIDATE,,L2_017 haiku b36,POS_NOT_CLOSED;ROOT_MISSING;WAZN_MISSING
AR10008,تَمَاماً,ظرف,2000,14747,بأقصى حد ممكن,,,,,,,CANDIDATE,,L2_017 haiku b36,ROOT_MISSING;WAZN_MISSING
AR10009,بِشُكْل كَامِل,ظرف,2000,14753,بالدرجة القصوى,,,,,,,CANDIDATE,,L2_017 haiku b36,ROOT_MISSING;WAZN_MISSING
AR10010,بِكَثَافَة,ظرف,2000,14826,بدرجة كبيرة,كثف,,,,,,CANDIDATE,بِفَعَالَة,L2_017 haiku b36,WAZN_NOT_IN_INV
AR10011,بِعِيد,ظرف,2000,14978,بدرجة كبيرة جداً,بعد,,,,,,CANDIDATE,بِفِعْل,L2_017 haiku b36,WAZN_LEMMA_MISMATCH;WAZN_NOT_IN_INV
AR10012,إِلَى حَدّ مَا,ظرف,2000,15970,ليس كثيراً,,,,,,,CANDIDATE,,L2_017 haiku b36,ROOT_MISSING;WAZN_MISSING
AR10013,جُزْئِيّاً,ظرف,2000,16165,ليس بشكل كامل,جزء,,,,,,CANDIDATE,فُعْلِيّاً,L2_017 haiku b36,ROOT_NORMALIZED;WAZN_NOT_IN_INV
AR10014,عَظِيم,صفة مشبهة,2000,16311,أكثر من الطبيعي,عظم,فَعِيلٌ,,,,,CANDIDATE,,L2_017 haiku b36,
AR10015,كَثِيراً,ظرف,2000,16356;17659,تأكيد التوصيف,كثر,,,,,,CANDIDATE,فَعِيلاً,L2_017 haiku b36,WAZN_NOT_IN_INV
AR10016,خَاصّ,صفة مشبهة,2000,16667,مميز وفريد,خصص,فَاعِلٌ,,,,,CANDIDATE,,L2_017 haiku b36,WAZN_LEMMA_MISMATCH
AR10017,مُتَحَجِّر,اسم مفعول,2000,18810,بارد جداً,حجر,مُتَفَعِّلٌ,,,,,CANDIDATE,,L2_017 haiku b36,
AR10018,رَدِيء جِدّاً,تركيب,2000,18811,فقير جداً,,,,,,,CANDIDATE,,L2_017 haiku b36,
AR10019,مُنْتِن,اسم فاعل,2000,18812,مبلول جداً,نتن,,,,,,CANDIDATE,مُفْتِل,L2_017 haiku b36,WAZN_NOT_IN_INV
AR10020,وَاضِح تَمَاماً,تركيب,2000,18813,واضح تماماً,,,,,,,CANDIDATE,,L2_017 haiku b36,
AR10021,بِشِدَّة,ظرف,2000,18815,بطريقة مثيرة,شدد,,,,,,CANDIDATE,بِفِعَّة,L2_017 haiku b36,WAZN_NOT_IN_INV
AR10022,نَوْعاً مَا,ظرف,2000,18816,إلى حد ما,,,,,,,CANDIDATE,,L2_017 haiku b36,ROOT_MISSING;WAZN_MISSING
AR10023,فِي,حرف,2005,14755,موجود داخل النص,,,,,,,CANDIDATE,,L2_017 haiku b36,
AR10024,صَادَ,فعل,2006,14766,محاولة الحصول على طعم بتتبعه,صيد,فَعَلَ,,,,,CANDIDATE,,L2_017 haiku b36,
AR10025,صَادَ السَّمَك,تركيب,2006,14767,البحث عن الأسماك بأدوات,,,,,,,CANDIDATE,,L2_017 haiku b36,
AR10026,صَادَ الفُقْمَة,تركيب,2006,15118,صيد الفقمات,,,,,,,CANDIDATE,,L2_017 haiku b36,
AR10027,كِفَاف العَيْش,تركيب,2007,18751,الطريقة التي يحصل بها الفرد على غذاؤه,,,,,,,CANDIDATE,,L2_017 haiku b36,
AR10028,جَمَعَ,فعل,2008,14772,جمع وإحضار المحاصيل الناضجة,جمع,فَعَلَ,,,,,CANDIDATE,,L2_017 haiku b36,
AR10029,قَطَفَ,فعل,2008,14773,اختيار واسترجاع الأشياء,قطف,فَعَلَ,,,,,CANDIDATE,,L2_017 haiku b36,
AR10030,حَصَدَ,فعل,2008,14774,جمع المحاصيل الناضجة,حصد,فَعَلَ,,,,,CANDIDATE,,L2_017 haiku b36,
AR10031,أَحْضَرَ,فعل,2008,14775,إزالة وتجميع المحاصيل الناضجة,حضر,أَفْعَلَ,,,,,CANDIDATE,,L2_017 haiku b36,
AR10032,أَمْسَكَ,فعل,2010,14776,إمساك ناجح بالفريسة,مسك,أَفْعَلَ,,,,,CANDIDATE,,L2_017 haiku b36,
AR10033,صَادَ,فعل,2010,14777,إمساك الفريسة المطلوبة بنجاح,صيد,فَعَلَ,,,,,CANDIDATE,,L2_017 haiku b36,
AR10034,رَبَّى,فعل,2012,14783,تعزيز نمو المحاصيل من الأرض,ربي,فَعَّلَ,,,,,CANDIDATE,,L2_017 haiku b36,
AR10035,فَلاحَة,مصدر,2012,14786,عملية زراعة الأرض ورعاية الحيوانات,فلح,فَعَالَةٌ,,,,,CANDIDATE,,L2_017 haiku b36,
AR10036,زَارَعَ,فعل,2012,14791,استخدام الأرض لزراعة المحاصيل,زرع,فَاعَلَ,,,,,CANDIDATE,,L2_017 haiku b36,
AR10037,نَمّى,فعل,2014,14787,رعاية وتطوير المحاصيل والحيوانات,نمي,فَعَّلَ,,,,,CANDIDATE,,L2_017 haiku b36,
AR10038,رَبَّى,فعل,2014,14799,رعاية الحيوانات والمحاصيل,ربي,فَعَّلَ,,,,,CANDIDATE,,L2_017 haiku b36,
AR10039,زَرَعَ,فعل,2015,14788,وضع البذور في الأرض لتنبت,زرع,فَعَلَ,,,,,CANDIDATE,,L2_017 haiku b36,
AR10040,بَذَرَ,فعل,2015,14789,وضع البذور في التربة لتنمو,بذر,فَعَلَ,,,,,CANDIDATE,,L2_017 haiku b36,
AR10041,فَتَحَ,فعل,2021,14800,السيطرة على أرض بالقوة,فتح,فَعَلَ,,,,,CANDIDATE,,L2_017 haiku b36,
AR10042,اسْتِيلاء,مصدر,2021,14804,السيطرة على أرض وشعبها بالقوة,ولي,اِسْتِفْعَالٌ,,,,,CANDIDATE,,L2_017 haiku b36,
AR10043,احْتَلّ,فعل,2021,14805;15049,السيطرة الإجبارية على أرض وشعبها,حلل,اِفْتَعَلَ,,,,,CANDIDATE,,L2_017 haiku b36,WAZN_LEMMA_MISMATCH
AR10044,سَقَطَ,فعل,2021,14962,السقوط والاحتلال من جيش,سقط,فَعَلَ,,,,,CANDIDATE,,L2_017 haiku b36,
AR10045,قَهَرَ,فعل,2021,17497;18537,السيطرة المجازية على شيء,قهر,فَعَلَ,,,,,CANDIDATE,,L2_017 haiku b36,
AR10046,غَزَا,فعل,2022,14806,الدخول العدواني لمنطقة ما,غزو,فَعَلَ,,,,,CANDIDATE,,L2_017 haiku b36,
AR10047,غَزْو,مصدر,2022,14807,فعل الغزو والاجتياح,غزو,فَعْلٌ,,,,,CANDIDATE,,L2_017 haiku b36,
AR10048,أَغْرَقَ,فعل,2022,15042,الغزو بأعداد كبيرة,غرق,أَفْعَلَ,,,,,CANDIDATE,,L2_017 haiku b36,
AR10049,غَازِ,اسم فاعل,2022,15920,شخص يغزو منطقة,غزو,فَاعِلٌ,,,,,CANDIDATE,,L2_017 haiku b36,
AR10050,صَدّ,فعل,2026,14808,دفع العدو بنجاح,صدد,فَعَّلَ,,,,,CANDIDATE,,L2_017 haiku b36,WAZN_LEMMA_MISMATCH
AR10051,قَاوَمَ,فعل,2026,15028,الصمود أمام قوة معادية,قوم,فَاعَلَ,,,,,CANDIDATE,,L2_017 haiku b36,
AR10052,جَفّ,فعل,2029,14817;14819;14882,فقدان الرطوبة والجفاف التام,جفف,فَعَّلَ,,,,,CANDIDATE,,L2_017 haiku b36,WAZN_LEMMA_MISMATCH
AR10053,جَفَّفَ,فعل,2029,14818,إزالة الرطوبة,جفف,فَعَّلَ,,,,,CANDIDATE,,L2_017 haiku b36,
AR10054,حَضَرَ,فعل,2030,14821,الحضور في وقت ومكان محدد,حضر,فَعَلَ,,,,,CANDIDATE,,L2_017 haiku b36,
AR10055,ذَهَبَ إِلَى,تركيب,2030,14822,الحضور والمشاركة في حدث,,,,,,,CANDIDATE,,L2_017 haiku b36,
AR10056,حُضُور,مصدر,2030,14824,كون الشخص حاضراً في مكان,حضر,فُعُولٌ,,,,,CANDIDATE,,L2_017 haiku b36,
AR10057,هَجَرَ,فعل,2031,14839,ترك الشيء خلفاً,هجر,فَعَلَ,,,,,CANDIDATE,,L2_017 haiku b36,
AR10058,تَرَكَ,فعل,2031,14841,ترك الشيء مهجوراً في مكان آخر,ترك,فَعَلَ,,,,,CANDIDATE,,L2_017 haiku b36,
AR10059,هِجْرَان,مصدر,2031,14842,فعل التخلي عن شيء,هجر,فِعْلانٌ,,,,,CANDIDATE,,L2_017 haiku b36,
AR10060,مَهْجُور,اسم مفعول,2031,14843,حالة المتروك,هجر,مَفْعُولٌ,,,,,CANDIDATE,,L2_017 haiku b36,
AR10061,نَسِيَ,فعل,2031,15317,ترك الشيء عن غير قصد,نسي,فَعِلَ,,,,,CANDIDATE,,L2_017 haiku b36,
AR10062,امْتَصّ,فعل,2032,14844;14845;14846,امتلاء بسائل من الخارج,مصص,,,,,,CANDIDATE,اِفْتَعَّلَ,L2_017 haiku b36,WAZN_LEMMA_MISMATCH;WAZN_NOT_IN_INV
AR10063,أَسَاءَ,فعل,2041,14865;14866;14867,إثارة شعور الإساءة,ساء,أَفْعَلَ,,,,,CANDIDATE,,L2_017 haiku b36,ROOT_ALIF
AR10064,إِسَاءَة,مصدر,2041,14868;14952;14954,الإساءة والسلوك الجارح,ساء,,,,,,CANDIDATE,إِفَاعَة,L2_017 haiku b36,ROOT_ALIF;WAZN_NOT_IN_INV
AR10065,مُسِيء,اسم فاعل,2041,14875,يسبب شعور الإساءة,ساء,,,,,,CANDIDATE,مُفِل,L2_017 haiku b36,ROOT_ALIF;WAZN_NOT_IN_INV
AR10066,أَقَلَقَ,فعل,2041,15080,إثارة القلق والاهتمام,قلق,أَفْعَلَ,,,,,CANDIDATE,,L2_017 haiku b36,
AR10067,شَتَمَ,فعل,2041,18334,إساءة باستخدام ألقاب جارحة,شتم,فَعَلَ,,,,,CANDIDATE,,L2_017 haiku b36,
AR10068,فَرِح,صفة مشبهة,2042,14885,مليء بالفرح والسرور,فرح,فَعِلٌ,,,,,CANDIDATE,,L2_017 haiku b36,
AR10069,ابْتَهِج,فعل,2042,14886,فرح وحماس عظيم,بهج,اِفْتَعَلَ,,,,,CANDIDATE,,L2_017 haiku b36,
AR10070,سَعِيد,صفة مشبهة,2042,14887,سعيد وممتن,سعد,فَعِيلٌ,,,,,CANDIDATE,,L2_017 haiku b36,
AR10071,غَيْر مُشْبَعٍ,تركيب,2043,14890,عدم الشعور بالرضا الكامل,,,,,,,CANDIDATE,,L2_017 haiku b36,
AR10072,مُتَحَقِّق,اسم مفعول,2043,14891,مكتمل وبأقصى إمكانية,حقق,مُتَفَعِّلٌ,,,,,CANDIDATE,,L2_017 haiku b36,
AR10073,غَيْر رَاضِ,تركيب,2043,14892,عدم الشعور بالرضا,,,,,,,CANDIDATE,,L2_017 haiku b36,
AR10074,رَاضِ,اسم فاعل,2043,14893,الشعور بالرضا والاكتفاء,رضي,فَاعِلٌ,,,,,CANDIDATE,,L2_017 haiku b36,
AR10075,مُهْتَمّ,صفة مشبهة,2044,14894,له اهتمام بشيء ما,هتم,مُفْتَعِلٌ,,,,,CANDIDATE,,L2_017 haiku b37,WAZN_LEMMA_MISMATCH
AR10076,مُفْتُون,صفة مشبهة,2044,14895,مولع بشخص أو شيء,فتن,مُفْتَعَلٌ,,,,,CANDIDATE,,L2_017 haiku b37,WAZN_LEMMA_MISMATCH
AR10077,مَسْحُور,اسم مفعول,2044,14896,مأخوذ بإعجاب شديد,سحر,مَفْعُولٌ,,,,,CANDIDATE,,L2_017 haiku b37,
AR10078,مُغْرَمّ,صفة مشبهة,2044,14901,مولع بشدة وبشكل سخيف,غرم,مُفْعَلٌ,,,,,CANDIDATE,,L2_017 haiku b37,
AR10079,مَأْسُور,اسم مفعول,2044,14902,مسحور ومأخوذ,ءسر,مَفْعُولٌ,,,,,CANDIDATE,,L2_017 haiku b37,ROOT_NORMALIZED
AR10080,مُقَيَّد,اسم مفعول,2044,14903,مجذوب ومحبوس,قيد,مُفَعَّلٌ,,,,,CANDIDATE,,L2_017 haiku b37,
AR10081,مَشْغُول,اسم مفعول,2044,14904;14907,منهمك بانتباه كامل,شغل,مَفْعُولٌ,,,,,CANDIDATE,,L2_017 haiku b37,
AR10082,مُنْهَمِك,صفة مشبهة,2044,14905,مركز تماماً على شيء,نهمك,مُفْتَعِلٌ,,,,,CANDIDATE,,L2_017 haiku b37,
AR10083,تَائِه,صفة مشبهة,2044,14906,مستغرق في شيء ما,تيه,فَاعِلٌ,,,,,CANDIDATE,,L2_017 haiku b37,
AR10084,فَضُول,صفة مشبهة,2044,16021,راغب في معرفة,فضل,فَعُولٌ,,,,,CANDIDATE,,L2_017 haiku b37,
AR10085,شَكّ,اسم جامد,2044,16033,انطباع بأن الشيء مريب,شكك,فَعْلٌ,,,,,CANDIDATE,,L2_017 haiku b37,WAZN_LEMMA_MISMATCH
AR10086,سُرُور,اسم جامد,2045,14908,فرح وسعادة شديدة,سرر,فُعُولٌ,,,,,CANDIDATE,,L2_017 haiku b37,
AR10087,لَذَّة,اسم جامد,2045,14909,متعة واستمتاع,لذذ,فَعْلَةٌ,,,,,CANDIDATE,,L2_017 haiku b37,WAZN_LEMMA_MISMATCH
AR10088,نَعِيم,اسم جامد,2045,14910,سعادة وراحة,نعم,فَعِيلٌ,,,,,CANDIDATE,,L2_017 haiku b37,
AR10089,عَنَاء,اسم جامد,2045,14911,عمل شاق ومحبط,عني,فَعَالٍ,,,,,CANDIDATE,,L2_017 haiku b37,ROOT_NORMALIZED
AR10090,اسْتَمْتَعَ,فعل,2045,14913;15675,يأخذ متعة من شيء,متع,اِسْتَفْعَلَ,,,,,CANDIDATE,,L2_017 haiku b37,
AR10091,اسْتَلَذَّ,فعل,2045,14914,يجد لذة في شيء,لذذ,اِسْتَفْعَلَ,,,,,CANDIDATE,,L2_017 haiku b37,WAZN_LEMMA_MISMATCH
AR10092,تَذَوَّقَ,فعل,2045,14918,يختبر بتقدير,ذوق,تَفَعَّلَ,,,,,CANDIDATE,,L2_017 haiku b37,
AR10093,تَرَفَّهَ,فعل,2045,14919,ينغمس في الراحة,رفه,تَفَعَّلَ,,,,,CANDIDATE,,L2_017 haiku b37,
AR10094,اسْتَبْشَرَ,فعل,2045,14956,يشعر بفرح من شيء,بشر,اِسْتَفْعَلَ,,,,,CANDIDATE,,L2_017 haiku b37,
AR10095,مُشَوِّق,اسم فاعل,2046,14920,يثير الفضول,شوق,مُفَعِّلٌ,,,,,CANDIDATE,,L2_017 haiku b37,
AR10096,مُفْتِن,اسم فاعل,2046,14921,جذاب جداً,فتن,مُفْتَعِلٌ,,,,,CANDIDATE,,L2_017 haiku b37,WAZN_LEMMA_MISMATCH
AR10097,مُسْتَحْوِذ,اسم فاعل,2046,14922;14924,آسر للانتباه,حوذ,مُسْتَفْعِلٌ,,,,,CANDIDATE,,L2_017 haiku b37,
AR10098,جَذَّاب,صيغة مبالغة,2046,14923,يجذب الاهتمام,جذب,فَعَّالٌ,,,,,CANDIDATE,,L2_017 haiku b37,
AR10099,مُشْغِل,اسم فاعل,2046,14925,يستهلك الانتباه,شغل,مُفْعِلٌ,,,,,CANDIDATE,,L2_017 haiku b37,
AR10100,عَطْف,اسم جامد,2048,14929,فهم معاناة الآخرين,عطف,فَعْلٌ,,,,,CANDIDATE,,L2_017 haiku b37,
AR10101,تَعَاطَفَ,فعل,2048,14930;14933,يفهم مشاعر الآخرين,عطف,تَفَاعَلَ,,,,,CANDIDATE,,L2_017 haiku b37,
AR10102,تَرَحَّمَ,فعل,2048,14931,يفهم مشاعر الآخرين,رحم,تَفَعَّلَ,,,,,CANDIDATE,,L2_017 haiku b37,
AR10103,رَثَى,فعل,2048,14932,يشعر بأسف لمحنة,رثي,فَعَلَ,,,,,CANDIDATE,,L2_017 haiku b37,ROOT_NORMALIZED
AR10104,مُزْعَج,اسم مفعول,2049,14934,شعور بالاستياء,زعج,مُفْعَلٌ,,,,,CANDIDATE,,L2_017 haiku b37,
AR10105,مُغِيظ,اسم فاعل,2049,14935,عدم صبر وغضب,غيظ,مُفْعِلٌ,,,,,CANDIDATE,,L2_017 haiku b37,
AR10106,مُحْبَط,اسم مفعول,2049,14957,متأذي من الإحباطات,خيب,مُفْعَلٌ,,,,,CANDIDATE,,L2_017 haiku b37,
AR10107,مُتَفَاجِئ,اسم فاعل,2050,14936,مصدوم من الغير متوقع,فجج,,,,,,CANDIDATE,مُتَفَعِل,L2_017 haiku b37,WAZN_LEMMA_MISMATCH;WAZN_NOT_IN_INV
AR10108,مَهُول,صفة مشبهة,2050,14937,مصاب بدهشة شديدة,هول,فَعُولٌ,,,,,CANDIDATE,,L2_017 haiku b37,
AR10109,دَهْشَة,اسم جامد,2050,14939,حالة الدهشة,دهش,فَعْلَةٌ,,,,,CANDIDATE,,L2_017 haiku b37,
AR10110,مُفَاجَأَة,اسم جامد,2050,14940,حدوث شيء غير متوقع,فجج,مُفَاعَلَةٌ,,,,,CANDIDATE,,L2_017 haiku b37,WAZN_LEMMA_MISMATCH
AR10111,رَعِد,صفة مشبهة,2052,14942,خوف شديد جداً,رعد,فَعِلٌ,,,,,CANDIDATE,,L2_017 haiku b37,
AR10112,قَلِق,صفة مشبهة,2052,14943,قلق وتوتر,قلق,فَعِلٌ,,,,,CANDIDATE,,L2_017 haiku b37,
AR10113,خَائِف,صفة مشبهة,2052,14944,في حالة خوف,خوف,فَاعِلٌ,,,,,CANDIDATE,,L2_017 haiku b37,
AR10114,مَفْزُوع,اسم مفعول,2052,14945;14949,مرتاع,فزع,مَفْعُولٌ,,,,,CANDIDATE,,L2_017 haiku b37,
AR10115,قَلَق,اسم جامد,2052,14946,توتر وخوف,قلق,فَعَلٌ,,,,,CANDIDATE,,L2_017 haiku b37,
AR10116,خَوْف,اسم جامد,2052,14947,شعور من التهديد,خوف,فَعْلٌ,,,,,CANDIDATE,,L2_017 haiku b37,
AR10117,مُرْتَاع,اسم مفعول,2052,14948,مرتاع,رتع,مُفْتَعِلٌ,,,,,CANDIDATE,,L2_017 haiku b37,WAZN_LEMMA_MISMATCH
AR10118,رَعْب,اسم جامد,2052,14950,خوف وقلق,رعب,فَعْلٌ,,,,,CANDIDATE,,L2_017 haiku b37,
AR10119,رُعْب,اسم جامد,2052,15005,شعور قوي بالخوف,رعب,فُعْلٌ,,,,,CANDIDATE,,L2_017 haiku b37,
AR10120,عَاشَ في خَوْف,تركيب,2052,16357,يبقى خائفاً باستمرار,,,,,,,CANDIDATE,,L2_017 haiku b37,
AR10121,وَاجَهَ,فعل,2054,14979,يضع نفسه للتعامل,وجه,فَاعَلَ,,,,,CANDIDATE,,L2_017 haiku b37,
AR10122,تَصَدَّى,فعل,2054,14980,يبدأ حل المشكلة,صدي,تَفَعَّلَ,,,,,CANDIDATE,,L2_017 haiku b37,
AR10123,احْتَضَرَ,اسم فاعل,2055,14967,قريب من الموت,حضر,اِفْتِعَالٌ,,,,,CANDIDATE,,L2_017 haiku b37,
AR10124,مُحْتَضَر,اسم فاعل,2055,14968,على عتبة الموت,حضر,مُفْتَعِلٌ,,,,,CANDIDATE,,L2_017 haiku b37,
AR10125,حَرَمَ,فعل,2056,14970;14971,يمنع من وجود شيء,حرم,فَعَلَ,,,,,CANDIDATE,,L2_017 haiku b37,
AR10126,نَفَى,فعل,2056,14972,لا يسمح بوجود,نفي,فَعَلَ,,,,,CANDIDATE,,L2_017 haiku b37,
AR10127,أَذِنَ,فعل,2056,18784,يترك لشخص أن يمتلك,ءذن,أَفْعَلَ,,,,,CANDIDATE,,L2_017 haiku b37,ROOT_NORMALIZED
AR10128,أَجَازَ,فعل,2056,18785,يسمح بامتلاك,جوز,أَفْعَلَ,,,,,CANDIDATE,,L2_017 haiku b37,
AR10129,رَبَطَ,فعل,2060,15000;15002;15003,يجمع بين شيئين,ربط,فَعَلَ,,,,,CANDIDATE,,L2_017 haiku b37,
AR10130,وَصَلَ,فعل,2060,15001,يربط شيئاً بآخر,وصل,فَعَلَ,,,,,CANDIDATE,,L2_017 haiku b37,
AR10131,وَرَبَطَ,فعل,2060,15004,يربط فكرتين,ربط,فَعَلَ,,,,,CANDIDATE,,L2_017 haiku b37,
AR10132,قَوِيّ,صفة مشبهة,2061,15029;18284,قادر على المقاومة,قوي,فَعِلٌ,,,,,CANDIDATE,,L2_017 haiku b37,
AR10133,حِصِين,صفة مشبهة,2061,15030,قوي ضد الهجوم,حصن,,,,,,CANDIDATE,فِعِيل,L2_017 haiku b37,WAZN_NOT_IN_INV
AR10134,صَلْب,صفة مشبهة,2061,17309,قوي وصلب,صلب,فَعْلٌ,,,,,CANDIDATE,,L2_017 haiku b37,
AR10135,قُوَّة,اسم جامد,2061,18269;18285,صفة القوة والمقاومة,قوي,,,,,,CANDIDATE,فُعَّلة,L2_017 haiku b37,WAZN_NOT_IN_INV
AR10136,ضَعِيف,صفة مشبهة,2061,18270;18707,غير قادر على المقاومة,ضعف,فَعِيلٌ,,,,,CANDIDATE,,L2_017 haiku b37,
AR10137,ضُعْف,اسم جامد,2061,18271,عدم القدرة على المقاومة,ضعف,فُعْلٌ,,,,,CANDIDATE,,L2_017 haiku b37,
AR10138,جَلْد,صفة مشبهة,2061,18273,قادر على تحمل القوة,جلد,فَعْلٌ,,,,,CANDIDATE,,L2_017 haiku b37,
AR10139,جَلَد,اسم جامد,2061,18274,صفة التحمل,جلد,فَعَلٌ,,,,,CANDIDATE,,L2_017 haiku b37,
AR10140,مَتِين,صفة مشبهة,2061,18275,قوي البناء,متن,فَاعِلٌ,,,,,CANDIDATE,,L2_017 haiku b37,
AR10141,صَلَابَة,اسم جامد,2061,18276,كون الشيء متيناً,صلب,فَعَالَةٌ,,,,,CANDIDATE,,L2_017 haiku b37,
AR10142,قَسْوَة,اسم جامد,2061,18277,كون الشيء قاسياً,قسا,فَعْلَةٌ,,,,,CANDIDATE,,L2_017 haiku b37,ROOT_ALIF
AR10143,دَاوِم,صفة مشبهة,2061,18278,يقاوم البلى,دوم,فَاعِلٌ,,,,,CANDIDATE,,L2_017 haiku b37,
AR10144,دَوَام,اسم جامد,2061,18279,كون الشيء دائماً,دوم,فَعَالٍ,,,,,CANDIDATE,,L2_017 haiku b37,
AR10145,هَشّ,صفة مشبهة,2061,18280,ينكسر بسهولة,هش,فَعْلٌ,,,,,CANDIDATE,,L2_017 haiku b37,ROOT_LEN
AR10146,هَشَاشَة,اسم جامد,2061,18281,سهولة الكسر,هش,فَعَالَةٌ,,,,,CANDIDATE,,L2_017 haiku b37,ROOT_LEN
AR10147,وَاهِن,صفة مشبهة,2061,18282,بدون صلابة,وهن,فَاعِلٌ,,,,,CANDIDATE,,L2_017 haiku b37,
AR10148,وَهَن,اسم جامد,2061,18283,كون الشيء واهناً,وهن,فَعَلٌ,,,,,CANDIDATE,,L2_017 haiku b37,
AR10149,مَرِن,صفة مشبهة,2061,18286,ينحني بسهولة,رين,فَاعِلٌ,,,,,CANDIDATE,,L2_017 haiku b37,
AR10150,مُرُونَة,اسم جامد,2061,18287;18289,سهولة الانحناء,رين,فُعُولَةٌ,,,,,CANDIDATE,,L2_017 haiku b37,
AR10151,مُرِن,صفة مشبهة,2061,18288,قابل للانحناء,رين,,,,,,CANDIDATE,فُعِل,L2_017 haiku b37,WAZN_NOT_IN_INV
AR10152,أَطْلَقَ,فعل,2070,15097,يبدأ بطاقة وحماس,طلق,أَفْعَلَ,,,,,CANDIDATE,,L2_017 haiku b37,
AR10153,سَلَّمَ,فعل,2071,15571,ينقل شيئاً إلى شخص,سلم,فَعَّلَ,,,,,CANDIDATE,,L2_017 haiku b37,
AR10154,فَازَ,فعل,2072,15119,ينهي بنتيجة ايجابية,فوز,,,,,,CANDIDATE,فَاعَ,L2_017 haiku b37,WAZN_NOT_IN_INV
AR10155,هَزَمَ,فعل,2074,15124,يفوز على فريق,هزم,فَعَلَ,,,,,CANDIDATE,,L2_017 haiku b37,
AR10156,انْتَصَرَ,فعل,2074,15125,يفوز في منافسة,نصر,اِنْفَعَلَ,,,,,CANDIDATE,,L2_017 haiku b37,WAZN_LEMMA_MISMATCH
AR10157,سَحَقَ,فعل,2074,15126;15137,يفوز بهامش كبير,سحق,فَعَلَ,,,,,CANDIDATE,,L2_017 haiku b37,
AR10158,غَلَبَ,فعل,2074,15127,يخرج كفائز,غلب,فَعَلَ,,,,,CANDIDATE,,L2_017 haiku b37,
AR10159,هَزِيمَة,اسم جامد,2074,15128,حالة الهزيمة,هزم,فَعِيلَةٌ,,,,,CANDIDATE,,L2_017 haiku b37,
AR10160,أَسْقَطَ,فعل,2074,15129,يهزم بقسوة,سقط,أَفْعَلَ,,,,,CANDIDATE,,L2_017 haiku b37,
AR10161,قَلَبَ,فعل,2074,15130,يهزم,قلب,فَعَلَ,,,,,CANDIDATE,,L2_017 haiku b37,
AR10162,انْسِحَاق,اسم جامد,2074,15131,هزيمة حاسمة,سحق,اِنْفِعَالٌ,,,,,CANDIDATE,,L2_017 haiku b37,
AR10163,لَمَحَ,فعل,2075,15132,يرى بإيجاز,لمح,فَعَلَ,,,,,CANDIDATE,,L2_017 haiku b37,
AR10164,لَمْحَة,اسم جامد,2075,15133,حدث رؤية موجزة,لمح,فَعْلَةٌ,,,,,CANDIDATE,,L2_017 haiku b37,
AR10165,شَاهَدَ,فعل,2075,15134,يرى بإيجاز,شهد,فَاعَلَ,,,,,CANDIDATE,,L2_017 haiku b37,
AR10166,حَكَمَ,فعل,2076,15140,يصدر قراراً قانونياً,حكم,فَعَلَ,,,,,CANDIDATE,,L2_017 haiku b37,
AR10167,قَضَى,فعل,2076,16838,يحكم قانونياً,قضي,فَعَلَ,,,,,CANDIDATE,,L2_017 haiku b37,ROOT_NORMALIZED
AR10168,أَصْدَرَ,فعل,2076,16839,يحكم قانونياً,صدر,أَفْعَلَ,,,,,CANDIDATE,,L2_017 haiku b37,
AR10169,حَكَّمَ,فعل,2076,16840,يحكم قانونياً,حكم,فَعَّلَ,,,,,CANDIDATE,,L2_017 haiku b37,
AR10170,حُكْم,اسم جامد,2076,17332,قرار قانوني,حكم,فُعْلٌ,,,,,CANDIDATE,,L2_017 haiku b37,
AR10171,رَأَى,فعل,2076,17333,يحكم كسلطة قانونية,رءي,فَعَلَ,,,,,CANDIDATE,,L2_017 haiku b37,ROOT_NORMALIZED
AR10172,ذَكَرَ,فعل,2080,15150,يشير دون تفصيل,ذكر,فَعَلَ,,,,,CANDIDATE,,L2_017 haiku b37,
AR10173,أَشَارَ,فعل,2080,17826,يذكر كموضوع ثانوي,شور,أَفْعَلَ,,,,,CANDIDATE,,L2_017 haiku b37,
AR10174,سَمَّى,فعل,2090,15160,يعطي هوية لشيء,سمي,فَعَّلَ,,,,,CANDIDATE,,L2_017 haiku b37,ROOT_NORMALIZED
AR10175,أَشَارَ,فعل,2090,18494,يشير أو يعلن,شور,أَفْعَلَ,,,,,CANDIDATE,,L2_017 haiku b37,
AR10176,عَرَّفَ,فعل,2090,18495,يثبت كشخص معين,عرف,فَعَّلَ,,,,,CANDIDATE,,L2_017 haiku b37,
AR10177,أَشَارَ إِلَى,تركيب,2090,18496,يدل على أو يحدد,,,,,,,CANDIDATE,,L2_017 haiku b37,
AR10178,أَدَلَى,فعل,2090,18504,يعرف أو يبلغ الشرطة,دلي,أَفْعَلَ,,,,,CANDIDATE,,L2_017 haiku b37,
AR10179,تَلاشَى,فعل,2104,15183,يقترب من عدم الوجود,لشا,تَفَاعَلَ,,,,,CANDIDATE,,L2_017 haiku b37,ROOT_ALIF
AR10180,اخْتَفَى,فعل,2104,15184,يكف عن الوجود,خفي,اِفْتَعَلَ,,,,,CANDIDATE,,L2_017 haiku b37,
AR10181,تَبَدَّدَ,فعل,2104,15185,يكف تماماً عن الوجود,بدد,تَفَعَّلَ,,,,,CANDIDATE,,L2_017 haiku b37,
AR10182,ذَهَبَ,فعل,2104,15186,يكف عن الوجود,ذهب,فَعَلَ,,,,,CANDIDATE,,L2_017 haiku b37,
AR10183,اخْتِفَاء,اسم جامد,2104,15187,حدث الاختفاء,خفي,اِفْتِعَالٌ,,,,,CANDIDATE,,L2_017 haiku b37,
AR10184,تَبَدُّد,اسم جامد,2104,15188,حدث التبدد,بدد,تَفَعُّلٌ,,,,,CANDIDATE,,L2_017 haiku b37,
AR10185,اسْتَحَالَ,فعل,2104,15189,يكف عن الوجود,حول,اِسْتَفْعَلَ,,,,,CANDIDATE,,L2_017 haiku b37,
AR10186,ذَابَ,فعل,2104,15190,يكف عن الوجود تدريجياً,ذوب,,,,,,CANDIDATE,فَاعَ,L2_017 haiku b37,WAZN_NOT_IN_INV
AR10187,هَالِك,صفة مشبهة,2105,15179,غير موجود,هلك,فَاعِلٌ,,,,,CANDIDATE,,L2_017 haiku b37,
AR10188,تَارِيخ,اسم جامد,2105,15180,مجموع الأحداث,توريخ,فَاعِلٌ,,,,,CANDIDATE,,L2_017 haiku b37,ROOT_LEN
AR10189,ذَاهِب,صفة مشبهة,2105,15181,لا يوجد أكثر,ذهب,فَاعِلٌ,,,,,CANDIDATE,,L2_017 haiku b37,
AR10190,مِن الْماضِي,تركيب,2105,15182,غير موجود,,,,,,,CANDIDATE,,L2_017 haiku b37,
AR10191,تَارِيخ,اسم جامد,2113,15202,مجموع الأحداث,توريخ,فَاعِلٌ,,,,,CANDIDATE,,L2_017 haiku b37,ROOT_LEN
AR10192,يَسْتَطِيع,فعل,2120,15260;17413,قادر على,طوع,,,,,,CANDIDATE,يَفْعَل,L2_017 haiku b37,WAZN_NOT_IN_INV
AR10193,قَدْ,حرف,2120,17411;17412,يعبر عن الاحتمالية,,,,,,,CANDIDATE,,L2_017 haiku b37,
AR10194,اسْتَمَرَّ,فعل,2121,15261;15262,له مدة زمنية,مرر,اِسْتَفْعَلَ,,,,,CANDIDATE,,L2_017 haiku b37,WAZN_LEMMA_MISMATCH
AR10195,لِـ,حرف,2121,17645,لمدة محددة,,,,,,,CANDIDATE,,L2_017 haiku b37,
AR10196,احْتَمَلَ,فعل,2131,15322;15325,يتحمل أو يحتمل,حمل,اِفْتَعَلَ,,,,,CANDIDATE,,L2_017 haiku b37,
AR10197,صَبَرَ,فعل,2131,15323,يتحمل بدون فشل,صبر,فَعَلَ,,,,,CANDIDATE,,L2_017 haiku b37,
AR10198,مُتَسَامِح,اسم فاعل,2131,15324,قادر على التقبل,سمح,,,,,,CANDIDATE,مُتَفَعِل,L2_017 haiku b37,WAZN_NOT_IN_INV
AR10199,تَسَامُح,اسم جامد,2131,15326,القدرة على التقبل,سمح,تَفَعُّلٌ,,,,,CANDIDATE,,L2_017 haiku b37,
AR10200,تَحَمَّلَ,فعل,2131,15327,يقبل أو يتحمل,حمل,تَفَعَّلَ,,,,,CANDIDATE,,L2_017 haiku b37,
AR10201,حَاوَلَ,فعل,2132,15328;18807,يحاول بوسيلة,حول,فَاعَلَ,,,,,CANDIDATE,,L2_017 haiku b37,
AR10202,نَمَط,اسم جامد,2133,15335,تكوين كيانات,نمط,فَعَلٌ,,,,,CANDIDATE,,L2_017 haiku b37,
AR10203,تَشْكِيل,اسم جامد,2133,15336,ترتيب كيانات,شكل,تَفْعِيلٌ,,,,,CANDIDATE,,L2_017 haiku b37,
AR10204,تَسَلْسُل,اسم جامد,2135,15359;15360,ترتيب زمني,سلسل,تَفَعُّلٌ,,,,,CANDIDATE,,L2_017 haiku b37,
AR10205,سِلْسِلَة,اسم جامد,2135,15361,كيانات في ترتيب,سلسل,فِعْلَةٌ,,,,,CANDIDATE,,L2_017 haiku b37,
AR10206,مُتَسَلْسِل,صفة مشبهة,2135,15362,يحدث في تسلسل,سلسل,,,,,,CANDIDATE,مُتَفَعِل,L2_017 haiku b37,WAZN_NOT_IN_INV
AR10207,مُتَتَابِع,صفة مشبهة,2135,15363,يحدث بدون فواصل,تبع,مُتَفَاعِلٌ,,,,,CANDIDATE,,L2_017 haiku b37,
AR10208,تَرْتِيب,اسم جامد,2135,15364,الترتيب حسب التسلسل,رتب,تَفْعِيلٌ,,,,,CANDIDATE,,L2_017 haiku b37,
AR10209,لَفَّ,فعل,2136,15373,يضع شيئاً في تشكيل,لفف,فَعَّلَ,,,,,CANDIDATE,,L2_017 haiku b37,WAZN_LEMMA_MISMATCH
AR10210,عَقَدَ,فعل,2136,15374,يرتب في حلقة,عقد,فَعَلَ,,,,,CANDIDATE,,L2_017 haiku b37,
AR10211,تَلَفَّفَ,فعل,2136,15375,يدخل في تشكيل ملفوف,لفف,تَفَعَّلَ,,,,,CANDIDATE,,L2_017 haiku b37,
AR10212,التَّوَى,فعل,2136,15377,يصبح ملتوياً,لوي,اِنْفَعَلَ,,,,,CANDIDATE,,L2_017 haiku b37,
AR10213,تَجَعَّدَ,فعل,2136,15573,يصبح منحني,جعد,تَفَعَّلَ,,,,,CANDIDATE,,L2_017 haiku b37,
AR10214,شَكَّلَ,فعل,2136,17202,يسبب تغيير الشكل,شكل,فَعَّلَ,,,,,CANDIDATE,,L2_017 haiku b37,
AR10215,دَحْرَجَ,فعل,2136,17203,يدحرج لإنشاء شكل,دحرج,فَعْلَلَ,,,,,CANDIDATE,,L2_017 haiku b37,
AR10216,تَلَفَّفَ,فعل,2137,15618,يدخل في تشكيل ملفوف,لفف,تَفَعَّلَ,,,,,CANDIDATE,,L2_017 haiku b37,
AR10217,تَجَعَّدَ,فعل,2137,15619,يصبح منحني,جعد,تَفَعَّلَ,,,,,CANDIDATE,,L2_017 haiku b37,
AR10218,التَّوَى,فعل,2137,15620,يصبح ملتوياً,لوي,اِنْفَعَلَ,,,,,CANDIDATE,,L2_017 haiku b37,
AR10219,انْطَوَى,فعل,2137,16439;16552,ينحني أو يتغير,طوي,اِنْفَعَلَ,,,,,CANDIDATE,,L2_017 haiku b37,ROOT_NORMALIZED
AR10220,جَلَسَ,فعل,2138,15380,له القدرة على احتواء,جلس,فَعَلَ,,,,,CANDIDATE,,L2_017 haiku b37,
AR10221,تَّسِعَ,فعل,2138,15381,قادر على احتواء,سعع,تَفَعَّلَ,,,,,CANDIDATE,,L2_017 haiku b37,WAZN_LEMMA_MISMATCH
AR10222,أَخَذَ,فعل,2138,15382,قادر على احتواء,ءخذ,أَفْعَلَ,,,,,CANDIDATE,,L2_017 haiku b37,ROOT_NORMALIZED
AR10223,نَامَ,فعل,2138,15383,يحتوي على نائمين,نوم,,,,,,CANDIDATE,فَاعَ,L2_017 haiku b37,WAZN_NOT_IN_INV
AR10224,أَطْعَمَ,فعل,2138,15591,يستضيف لوجبة,طعم,أَفْعَلَ,,,,,CANDIDATE,,L2_017 haiku b37,
AR10225,خَدَمَ,فعل,2138,15592,يخدم عدداً من الناس,خدم,فَعَلَ,,,,,CANDIDATE,,L2_017 haiku b37,
AR10226,وَقْت,اسم جامد,2140,15396,فترة غير محددة,وقت,فَعْلٌ,,,,,CANDIDATE,,L2_017 haiku b37,
AR10227,مَرَّة,اسم جامد,2140,15401,حالة واحدة فقط,مرر,فَعْلَةٌ,,,,,CANDIDATE,,L2_017 haiku b37,WAZN_LEMMA_MISMATCH
AR10228,مَرَّتَان,اسم جامد,2140,15402,حالتان,مرر,فَعْلَةٌ,,,,,CANDIDATE,,L2_017 haiku b37,WAZN_LEMMA_MISMATCH
AR10229,ثَلاثَ مَرَّات,اسم جامد,2140,17197,ثلاث مرات,مرر,فَعْلَةٌ,,,,,CANDIDATE,,L2_017 haiku b37,WAZN_LEMMA_MISMATCH
AR10230,مُتَكَرِّر,صفة مشبهة,2140,18451,يحدث أكثر من مرة,كرر,مُتَفَعِّلٌ,,,,,CANDIDATE,,L2_017 haiku b37,
AR10231,مِرَاراً,ظرف,2140,18452,في نمط متكرر,مرر,,,,,,CANDIDATE,فِعَالاً,L2_017 haiku b37,WAZN_NOT_IN_INV
AR10232,مُنَاسَبَة,اسم جامد,2140,18665,حالة من حدث,نسب,مُفَاعَلَةٌ,,,,,CANDIDATE,,L2_017 haiku b37,
AR10233,وَقْت,اسم جامد,2141,15399,فترة غير محددة,وقت,فَعْلٌ,,,,,CANDIDATE,,L2_017 haiku b37,
AR10234,تَارِيخ,اسم جامد,2141,15730,مزيج من التاريخ,توريخ,فَاعِلٌ,,,,,CANDIDATE,,L2_017 haiku b37,ROOT_LEN
AR10235,فَتْرَة,اسم جامد,2141,16915,فترة زمنية,فتر,فَعْلَةٌ,,,,,CANDIDATE,,L2_017 haiku b37,
AR10236,فَتْرَة,اسم جامد,2142,15518,فترة زمنية,فتر,فَعْلَةٌ,,,,,CANDIDATE,,L2_017 haiku b37,
AR10237,وَقْت,اسم جامد,2142,15519,فترة غير محددة,وقت,فَعْلٌ,,,,,CANDIDATE,,L2_017 haiku b37,
AR10238,حَيَاة,اسم جامد,2142,16371,فترة من الحياة,حيي,فَعَالَةٌ,,,,,CANDIDATE,,L2_017 haiku b37,
AR10239,رَغْمَ,حرف,2150,15421,على الرغم من,,,,,,,CANDIDATE,,L2_017 haiku b37,
AR10240,عَلَى الرَّغْمِ,تركيب,2150,15423,على الرغم من,,,,,,,CANDIDATE,,L2_017 haiku b37,
AR10241,رَغْمَ أَنَّ,تركيب,2150,15424,على الرغم من أن,,,,,,,CANDIDATE,,L2_017 haiku b37,
AR10242,وَإِنْ,تركيب,2150,15425;18750,على الرغم من أن,,,,,,,CANDIDATE,,L2_017 haiku b37,
AR10243,حِينَ أَنَّ,تركيب,2150,15431,من ناحية أخرى,,,,,,,CANDIDATE,,L2_017 haiku b37,
AR10244,إِذَا,حرف,2150,18041,مع افتراض,,,,,,,CANDIDATE,,L2_017 haiku b37,
AR10245,أَرَى,فعل,2161,15460,يجعل مرئياً,ريي,أَفْعَلَ,,,,,CANDIDATE,,L2_017 haiku b37,
AR10246,أَظْهَرَ,فعل,2161,15512,يعطي شرحاً,ظهر,أَفْعَلَ,,,,,CANDIDATE,,L2_017 haiku b37,
AR10247,عَرَضَ,فعل,2161,15513;15522,يعرض على الآخرين,عرض,فَعَلَ,,,,,CANDIDATE,,L2_017 haiku b37,
AR10248,أَشَارَ,فعل,2161,15517,يشير إلى وجود,شور,أَفْعَلَ,,,,,CANDIDATE,,L2_017 haiku b37,
AR10249,صَوَّرَ,فعل,2161,15520,يمثل برسم,صور,فَعَّلَ,,,,,CANDIDATE,,L2_017 haiku b37,
AR10250,مَثَّلَ,فعل,2161,15521,يعبر بشكل غير مباشر,مثل,فَعَّلَ,,,,,CANDIDATE,,L2_017 haiku b37,
AR10251,ظَهَرَ,فعل,2161,16933,خصائص عرضية,ظهر,فَعَلَ,,,,,CANDIDATE,,L2_017 haiku b37,
AR10252,لَفَتَ النَّظَرَ,تركيب,2161,17166,يلفت انتباهاً,,,,,,,CANDIDATE,,L2_017 haiku b37,
AR10253,رَمَزَ,فعل,2162,15496,يمثل برمز,رمز,فَعَلَ,,,,,CANDIDATE,,L2_017 haiku b37,
AR10254,رَمْز,تركيب,2162,15515,يمثل,,,,,,,CANDIDATE,,L2_017 haiku b37,
AR10255,مَجْمُوع أَعْمَال,تركيب,2164,15470,أعمال الفنان,,,,,,,CANDIDATE,,L2_017 haiku b37,
AR10256,عَمَل,اسم جامد,2164,15471,نتاج الجهد,عمل,فَعَلٌ,,,,,CANDIDATE,,L2_017 haiku b37,
AR10257,إِنْتَاج,اسم جامد,2164,16300,نتائج العمل,نتج,,,,,,CANDIDATE,إِفْتِعَال,L2_017 haiku b37,WAZN_LEMMA_MISMATCH;WAZN_NOT_IN_INV
AR10258,عَالِي الصَّوْت,تركيب,2170,15480,عالي الحجم الصوتي,,,,,,,CANDIDATE,,L2_017 haiku b37,
AR10259,هَادِئ,صفة مشبهة,2170,15481,منخفض الحجم,هدي,فَاعِلٌ,,,,,CANDIDATE,,L2_017 haiku b37,
AR10260,أَرْض,اسم جامد,2171,15472,موقع محدود بالملكية,ءرض,فَعْلٌ,,,,,CANDIDATE,,L2_017 haiku b37,ROOT_NORMALIZED
AR10261,مِلْك,اسم جامد,2171,15493,مبنى والأرض,ملك,فِعْلٌ,,,,,CANDIDATE,,L2_017 haiku b37,
AR10262,ضَيْعَة,اسم جامد,2171,15494,ملك كبير,ضيع,فَعْلَةٌ,,,,,CANDIDATE,,L2_017 haiku b37,
AR10263,بَاعَ على المكشوف,تركيب,2180,15511,يبيع ويشتري أقل,,,,,,,CANDIDATE,,L2_017 haiku b37,
AR10264,ثَبُتَ,فعل,2191,15562,يعترف بصفات,ثبت,فَعُلَ,,,,,CANDIDATE,,L2_017 haiku b37,
AR10265,تَبَيَّنَ,فعل,2191,15564,يعترف به,بين,تَفَعَّلَ,,,,,CANDIDATE,,L2_017 haiku b37,
AR10266,انْتَهَى,فعل,2191,15565,يعترف به في النهاية,نهي,اِنْفَعَلَ,,,,,CANDIDATE,,L2_017 haiku b37,
AR10267,غَطَّسَ,فعل,2192,15580,يضع مؤقتاً في سائل,غطس,فَعَّلَ,,,,,CANDIDATE,,L2_017 haiku b37,
AR10268,غَمَسَ,فعل,2192,15581,يضع مؤقتاً في سائل,غمس,فَعَلَ,,,,,CANDIDATE,,L2_017 haiku b37,
AR10269,فَازَ,فعل,2193,15593,ينهي بنتيجة ايجابية,فوز,,,,,,CANDIDATE,فَاعَ,L2_017 haiku b37,WAZN_NOT_IN_INV
AR10270,خَسِرَ,فعل,2193,15594,ينقص في الكمية,خسر,فَعِلَ,,,,,CANDIDATE,,L2_017 haiku b37,
AR10271,خَسِرَ,فعل,2196,15587,ينقص في الكمية,خسر,فَعِلَ,,,,,CANDIDATE,,L2_017 haiku b37,
AR10272,خَسِرَ,فعل,2197,15588,ينقص في الكمية,خسر,فَعِلَ,,,,,CANDIDATE,,L2_017 haiku b37,
AR10273,أَضَاعَ,فعل,2197,15589,يضع في مكان خاطئ,ضيع,أَفْعَلَ,,,,,CANDIDATE,,L2_017 haiku b37,
AR10274,خَسِرَ,فعل,2199,15600,ينقص في الكمية,خسر,فَعِلَ,,,,,CANDIDATE,,L2_017 haiku b37,
AR10275,خَسِرَ,فعل,2200,15601,ينقص في الكمية,خسر,فَعِلَ,,,,,CANDIDATE,,L2_017 haiku b37,
AR10276,كَسِبَ,فعل,2201,15603,يزيد في الكمية,كسب,فَعِلَ,,,,,CANDIDATE,,L2_017 haiku b37,
AR10277,خَسِرَ,فعل,2201,15604,ينقص في الكمية,خسر,فَعِلَ,,,,,CANDIDATE,,L2_017 haiku b37,
AR10278,قَرَأَ بِصَوْت عَالٍ,تركيب,2202,15621;15948,ينطق نص مكتوب,,,,,,,CANDIDATE,,L2_017 haiku b37,
AR10279,اسْتَنْفَدَ,فعل,2220,15636,ينضب مورد,نفد,اِسْتَفْعَلَ,,,,,CANDIDATE,,L2_017 haiku b37,
AR10280,اسْتَهْلَكَ,فعل,2220,15637;17171,يستخدم مورد,هلك,اِسْتَفْعَلَ,,,,,CANDIDATE,,L2_017 haiku b37,
AR10281,أَنْفَقَ,فعل,2220,15638;17172;17175,ينفق,نفق,أَفْعَلَ,,,,,CANDIDATE,,L2_017 haiku b37,
AR10282,ابْتَلَعَ,فعل,2220,15639;17174,يستهلك كميات,بلع,اِفْتَعَلَ,,,,,CANDIDATE,,L2_017 haiku b37,
AR10283,نَقَّصَ,فعل,2220,17170,يقلل المورد,نقص,فَعَّلَ,,,,,CANDIDATE,,L2_017 haiku b37,
AR10284,بَذَّرَ,فعل,2220,17173,يهدر أو يستهلك,بذر,فَعَّلَ,,,,,CANDIDATE,,L2_017 haiku b37,
AR10285,نَفِدَ,فعل,2220,17697,ينفق تماماً,نفد,فَعِلَ,,,,,CANDIDATE,,L2_017 haiku b37,
AR10286,أَضَافَ,فعل,2230,15651,يساهم في كتلة,ضيف,أَفْعَلَ,,,,,CANDIDATE,,L2_017 haiku b37,
AR10287,أَدْرَجَ,فعل,2230,15812,يضع في مجموعة,درج,أَفْعَلَ,,,,,CANDIDATE,,L2_017 haiku b37,
AR10288,رَدّ,فعل,2232,15652,أَعْطَى رَدًّا أَوْ استِجَابَةً عَلَى المُحَفِّز,ردد,,,,,,CANDIDATE,فَعّلَ,L2_017 haiku b38,WAZN_LEMMA_MISMATCH;WAZN_NOT_IN_INV
AR10289,أَرْضَى,فعل,2233,15655,وَفَّق الكيان بالمعيار المطلوب,رضي,أَفْعَلَ,,,,,CANDIDATE,,L2_017 haiku b38,
AR10290,استَوْفَى,فعل,2235,15657,بَلَغَ المعيار المطلوب,وفي,اِفْتَعَلَ,,,,,CANDIDATE,,L2_017 haiku b38,
AR10291,أَنْجَزَ,فعل,2235,15658,أَتَمّ ما هو مطلوب,نجز,أَفْعَلَ,,,,,CANDIDATE,,L2_017 haiku b38,
AR10292,اجْتَمَع,فعل,2237,15667;15719,التَقَى الأفراد معاً بقصد,جمع,اِفْتَعَلَ,,,,,CANDIDATE,,L2_017 haiku b38,
AR10293,عَقَدَ,فعل,2237,15720,جَمَعَ الناس لغرض عام,عقد,فَعَلَ,,,,,CANDIDATE,,L2_017 haiku b38,
AR10294,الْتَقَى,فعل,2238,15664,تَقَابَل طَرْفَاه وتحاورا,لقي,اِفْتَعَلَ,,,,,CANDIDATE,,L2_017 haiku b38,
AR10295,عَرَضَ,فعل,2239,15659,قَدَّمَ شيئاً للآخر,عرض,فَعَلَ,,,,,CANDIDATE,,L2_017 haiku b38,
AR10296,قَدَّمَ,فعل,2239,15660;17140,عَرَضَ شيئاً للأخذ,قدم,,,,,,CANDIDATE,فَعّلَ,L2_017 haiku b38,WAZN_NOT_IN_INV
AR10297,مَدّ,فعل,2239,15661,قَدَّمَ بمبادرة,مدد,,,,,,CANDIDATE,فَعّلَ,L2_017 haiku b38,WAZN_LEMMA_MISMATCH;WAZN_NOT_IN_INV
AR10298,رَاهَن,فعل,2241,15665;17214,وَضَعَ المال على احتمال,رهن,فَاعَلَ,,,,,CANDIDATE,,L2_017 haiku b38,
AR10299,رِهَان,اسم جامد,2241,15666,وَضْعُ مال على نتيجة غير مؤكدة,رهن,فِعَالٌ,,,,,CANDIDATE,,L2_017 haiku b38,
AR10300,جَمَعَ,فعل,2243,15678,ضَمّ عددين معاً,جمع,فَعَلَ,,,,,CANDIDATE,,L2_017 haiku b38,
AR10301,ضَرَبَ,فعل,2243,15679,حَسَبَ حاصل الضرب,ضرب,فَعَلَ,,,,,CANDIDATE,,L2_017 haiku b38,
AR10302,جَمْع,اسم جامد,2243,15680,نتيجة ضم عددين,جمع,فَعْلٌ,,,,,CANDIDATE,,L2_017 haiku b38,
AR10303,ضَرْب,اسم جامد,2243,15681,نتيجة تكرار عدد,ضرب,فَعْلٌ,,,,,CANDIDATE,,L2_017 haiku b38,
AR10304,مَجْموع,اسم جامد,2244,15682,عدد نتج من الجمع,جمع,,,,,,CANDIDATE,مَفْعول,L2_017 haiku b38,WAZN_NOT_IN_INV
AR10305,حَاصِل,اسم جامد,2244,15683,نتيجة الضرب الحسابي,حصل,فَاعِلٌ,,,,,CANDIDATE,,L2_017 haiku b38,
AR10306,أَمْثَال,اسم جامد,2244,15810,نسب من كمية أصلية,ثيل,,,,,,CANDIDATE,أَفْعَال,L2_017 haiku b38,WAZN_NOT_IN_INV
AR10307,طَرَحَ,فعل,2246,15684;15688,أَزَالَ عدداً من آخر,طرح,فَعَلَ,,,,,CANDIDATE,,L2_017 haiku b38,
AR10308,قَسَّمَ,فعل,2246,15685,وَزّعَ عدداً على آخر,قسم,,,,,,CANDIDATE,فَعّلَ,L2_017 haiku b38,WAZN_NOT_IN_INV
AR10309,طَرْح,اسم جامد,2246,15686,نتيجة إزالة عدد من آخر,طرح,فَعْلٌ,,,,,CANDIDATE,,L2_017 haiku b38,
AR10310,قِسْمَة,اسم جامد,2246,15687,تقسيم عدد على آخر,قسم,فِعْلَةٌ,,,,,CANDIDATE,,L2_017 haiku b38,
AR10311,خَارِج,اسم جامد,2247,15689,نتيجة قسمة عدد على آخر,خرج,فَاعِلٌ,,,,,CANDIDATE,,L2_017 haiku b38,
AR10312,فَرْق,اسم جامد,2247,15690,ما يبقى بعد الطرح,فرق,فَعْلٌ,,,,,CANDIDATE,,L2_017 haiku b38,
AR10313,عَفِنَ,فعل,2248,15676,تَحَلّلَ المادة العضوية,عفن,فَعِلَ,,,,,CANDIDATE,,L2_017 haiku b38,
AR10314,تَعَفّن,فعل,2248,15677,حَدَثَ التعفّن والتحلّل,عفن,,,,,,CANDIDATE,تَفَعّلَ,L2_017 haiku b38,WAZN_NOT_IN_INV
AR10315,صَادَفَ,فعل,2249,15692,الْتَقَى بشخص دون قصد,صدف,فَاعَلَ,,,,,CANDIDATE,,L2_017 haiku b38,
AR10316,عَثَرَ,فعل,2249,15693,وَجِدَ شيئاً بالصدفة,عثر,فَعَلَ,,,,,CANDIDATE,,L2_017 haiku b38,
AR10317,أَبْيَض,صفة مشبهة,2251,15695,من عرق القوقاز,بيض,أَفْعَلُ,,,,,CANDIDATE,,L2_017 haiku b38,
AR10318,أَسْوَد,صفة مشبهة,2251,15696,من عرق أفريقي,سود,أَفْعَلُ,,,,,CANDIDATE,,L2_017 haiku b38,
AR10319,لَوْن,اسم جامد,2251,15697,لون البشرة العرقي,لون,فَعْلٌ,,,,,CANDIDATE,,L2_017 haiku b38,
AR10320,أَصْفَر,صفة مشبهة,2251,15698,من عرق آسيوي,صفر,أَفْعَلُ,,,,,CANDIDATE,,L2_017 haiku b38,
AR10321,آسِيوِيّ,اسم منسوب,2251,15700,متعلق بآسيا,سيا,فَاعِلِيٌّ,,,,,CANDIDATE,,L2_017 haiku b38,ROOT_ALIF
AR10322,إِسْبَانِيّ,اسم منسوب,2251,15701,متعلق بإسبانيا,سبن,إِفْعَالِيٌّ,,,,,CANDIDATE,,L2_017 haiku b38,
AR10323,نُمُوذَج,اسم جامد,2252,15702,عضو مثالي من فئة,نمذج,فُعُولٌ,,,,,CANDIDATE,,L2_017 haiku b38,
AR10324,نَمُوذَج,اسم جامد,2252,15703,مثال يُحتذى به من الفئة,نمذج,فَعُولٌ,,,,,CANDIDATE,,L2_017 haiku b38,
AR10325,صُورَة,اسم جامد,2252,15704,ما يطابق الشكل المثالي,صور,فُعْلَةٌ,,,,,CANDIDATE,,L2_017 haiku b38,
AR10326,قِدْوَة,اسم جامد,2252,15709,نموذج إيجابي يُتّبع,قدا,,,,,,CANDIDATE,فِعْوَة,L2_017 haiku b38,ROOT_ALIF;WAZN_NOT_IN_INV
AR10327,رَمْز,اسم جامد,2252,15713,ممثل مثالي من الفئة,رمز,فَعْلٌ,,,,,CANDIDATE,,L2_017 haiku b38,
AR10328,فَرِيد,اسم جامد,2252,17055,نموذج مثالي استثنائي,فرد,فَعِيلٌ,,,,,CANDIDATE,,L2_017 haiku b38,
AR10329,حَقِيقِيّ,صفة مشبهة,2252,17056,يصف نموذجاً مثالياً,حقق,فَعِيلِيٌّ,,,,,CANDIDATE,,L2_017 haiku b38,
AR10330,مِثَالِيّ,اسم منسوب,2253,15706,يطابق الشكل المثالي,مثل,فِعَالِيٌّ,,,,,CANDIDATE,,L2_017 haiku b38,
AR10331,نُمُوذَجِيّ,اسم منسوب,2253,15707,يطابق النموذج الأولي,نمذج,فُعُولِيٌّ,,,,,CANDIDATE,,L2_017 haiku b38,
AR10332,مِعْيَار,اسم جامد,2253,16911,نموذجي من حيث الشكل,عيار,فِعْيالٌ,,,,,CANDIDATE,,L2_017 haiku b38,ROOT_ALIF
AR10333,صُورَة,اسم جامد,2261,15876,نمط بصري يشبه كياناً,صور,فُعْلَةٌ,,,,,CANDIDATE,,L2_017 haiku b38,
AR10334,ظِلّ,اسم جامد,2261,15877;15878,شكل مظلم على خلفية,ظلل,,,,,,CANDIDATE,فِعّ,L2_017 haiku b38,WAZN_NOT_IN_INV
AR10335,انْطِبَاع,اسم جامد,2262,15733,رأي شخص عن شيء,طبع,اِنْفِعَالٌ,,,,,CANDIDATE,,L2_017 haiku b38,
AR10336,شَخْصِيَّة,اسم جامد,2262,15734,الهوية المفترضة في السياق,شخص,فَعْلِيَّةٌ,,,,,CANDIDATE,,L2_017 haiku b38,
AR10337,دَافِئ,صفة مشبهة,2270,15760,يشبه ألوان الحرارة,دفء,فَاعِلٌ,,,,,CANDIDATE,,L2_017 haiku b38,ROOT_NORMALIZED
AR10338,زَاهِي,صفة مشبهة,2270,15762,قويّ الانطباع اللوني,زها,فَاعِلٌ,,,,,CANDIDATE,,L2_017 haiku b38,ROOT_ALIF
AR10339,مُتَعَكِّر,اسم مفعول,2270,15765,قليل التشبع اللوني,عكر,مُتَفَعِّلٌ,,,,,CANDIDATE,,L2_017 haiku b38,
AR10340,بَاهِت,صفة مشبهة,2270,15813,ضعيف الشدة اللونية,بهت,فَاعِلٌ,,,,,CANDIDATE,,L2_017 haiku b38,
AR10341,فَاتِح,اسم فاعل,2270,15830,عالي الإضاءة اللونية,فتح,فَاعِلٌ,,,,,CANDIDATE,,L2_017 haiku b38,
AR10342,غَامِق,اسم فاعل,2270,16955,عميق اللون غير فاتح,غمق,فَاعِلٌ,,,,,CANDIDATE,,L2_017 haiku b38,
AR10343,سَاطِع,اسم فاعل,2270,16986,حيّ اللون والتشبع,سطع,فَاعِلٌ,,,,,CANDIDATE,,L2_017 haiku b38,
AR10344,خَرَج,فعل,2280,15768,شارك في حدث اجتماعي,خرج,فَعَلَ,,,,,CANDIDATE,,L2_017 haiku b38,
AR10345,مَوْعِد,اسم جامد,2281,15767,تقابل اجتماعي مرتب مسبقاً,وعد,مَفْعِلٌ,,,,,CANDIDATE,,L2_017 haiku b38,
AR10346,كَبِير,صفة مشبهة,2282,15769;15771,فوق المتوسط في الحجم,كبر,فَعِيلٌ,,,,,CANDIDATE,,L2_017 haiku b38,
AR10347,ضَخْم,صفة مشبهة,2282,15772;17855;17864;17865,كبير جداً بشكل ملفت,ضخم,فَعْلٌ,,,,,CANDIDATE,,L2_017 haiku b38,
AR10348,صَغِير,صفة مشبهة,2282,15773;15800,دون المتوسط في الحجم,صغر,فَعِيلٌ,,,,,CANDIDATE,,L2_017 haiku b38,
AR10349,دَقِيق,صفة مشبهة,2282,15774;17854;17870,صغير جداً,دقق,فَعِيلٌ,,,,,CANDIDATE,,L2_017 haiku b38,
AR10350,هَائِل,اسم فاعل,2282,15927,كبير بشكل مذهل,هيل,فَاعِلٌ,,,,,CANDIDATE,,L2_017 haiku b38,
AR10351,عَظِيم,صفة مشبهة,2282,16282,كبير استثنائياً,عظم,فَعِيلٌ,,,,,CANDIDATE,,L2_017 haiku b38,
AR10352,عَمْلَاق,اسم جامد,2282,17849;17850,ضخم جداً من حيث المساحة,علق,فَعْلالٌ (مضاعف),,,,,CANDIDATE,,L2_017 haiku b38,WAZN_LEMMA_MISMATCH
AR10353,صُغَرّ,اسم جامد,2282,17851,أصغر من الحجم الطبيعي,صغر,,,,,,CANDIDATE,فُعَالّ,L2_017 haiku b38,WAZN_NOT_IN_INV
AR10354,فَخْم,صفة مشبهة,2282,17852,كبير وفخيم من المظهر,فخم,فَعْلٌ,,,,,CANDIDATE,,L2_017 haiku b38,
AR10355,سَاحِق,اسم فاعل,2282,17853,كبير جداً في المساحة,سحق,فَاعِلٌ,,,,,CANDIDATE,,L2_017 haiku b38,
AR10356,لَا بَأْسَ بِه,تركيب,2282,17856,حجم معتبر إلى حد ما,,,,,,,CANDIDATE,,L2_017 haiku b38,
AR10357,مِعْتَبَر,اسم فاعل,2282,17857,كبير كفاية من الحجم,عتبر,,,,,,CANDIDATE,مِفْتَعَل,L2_017 haiku b38,WAZN_NOT_IN_INV
AR10358,وَاسِع,اسم فاعل,2282,17858,كبير كفاية من المساحة,وسع,فَاعِلٌ,,,,,CANDIDATE,,L2_017 haiku b38,
AR10359,ثَقِيل,صفة مشبهة,2282,17859,كبير حجماً وثقيل,ثقل,فَعِيلٌ,,,,,CANDIDATE,,L2_017 haiku b38,
AR10360,فَسِيح,صفة مشبهة,2282,17860,قادر على احتواء الكثير,فسح,فَعِيلٌ,,,,,CANDIDATE,,L2_017 haiku b38,
AR10361,ضَخْم جِدّا,تركيب,2282,17861,كبير بشكل استثنائي,,,,,,,CANDIDATE,,L2_017 haiku b38,
AR10362,غَيْرَ قَابِل,تركيب,2282,17863,كبير حتى لا يُقاس,,,,,,,CANDIDATE,,L2_017 haiku b38,
AR10363,صِغَار,اسم جامد,2282,17867,صغير من حيث الحجم,صغر,فِعَالٌ,,,,,CANDIDATE,,L2_017 haiku b38,
AR10364,نَحِيل,صفة مشبهة,2282,17868,صغير وضئيل البنية,نحل,فَعِيلٌ,,,,,CANDIDATE,,L2_017 haiku b38,
AR10365,صُغَيّر,اسم جامد,2282,17869,صغير جداً,صغر,فُعَيِّلٌ,,,,,CANDIDATE,,L2_017 haiku b38,
AR10366,ضَعِيف,صفة مشبهة,2282,17871,صغير حجماً وضعيف,ضعف,فَعِيلٌ,,,,,CANDIDATE,,L2_017 haiku b38,
AR10367,مُتَوَسِّط,اسم فاعل,2282,17874;17875;17876,بين الصغير والكبير,وسط,مُتَفَعِّلٌ,,,,,CANDIDATE,,L2_017 haiku b38,
AR10368,دَافِئ,صفة مشبهة,2284,15791,يحفظ الحرارة الجسدية,دفء,فَاعِلٌ,,,,,CANDIDATE,,L2_017 haiku b38,ROOT_NORMALIZED
AR10369,عَمِلَ,فعل,2285,16125,استخرج مورداً من الأرض,عمل,فَعِلَ,,,,,CANDIDATE,,L2_017 haiku b38,
AR10370,عَامِل,اسم فاعل,2285,16126,من يستخرج الموارد من الأرض,عمل,فَاعِلٌ,,,,,CANDIDATE,,L2_017 haiku b38,
AR10371,اسْتَخْرَجَ,فعل,2285,16127,أخرج مورداً من الأرض,خرج,اِسْتَفْعَلَ,,,,,CANDIDATE,,L2_017 haiku b38,
AR10372,حَار,صفة مشبهة,2286,15787,درجة حرارة مزعجة,حرر,فَاعِلٌ,,,,,CANDIDATE,,L2_017 haiku b38,WAZN_LEMMA_MISMATCH
AR10373,دَافِئ,صفة مشبهة,2286,15788,درجة حرارة مريحة,دفء,فَاعِلٌ,,,,,CANDIDATE,,L2_017 haiku b38,ROOT_NORMALIZED
AR10374,بَارِد,صفة مشبهة,2286,15789;15790,درجة حرارة مريحة منخفضة,برد,فَاعِلٌ,,,,,CANDIDATE,,L2_017 haiku b38,
AR10375,احْتَرَقَ,فعل,2286,15793,اشتد الدفء بشكل غير طبيعي,حرق,اِفْتَعَلَ,,,,,CANDIDATE,,L2_017 haiku b38,
AR10376,مُتَجَمِّد,اسم فاعل,2286,15816,بارد جداً بشكل مؤلم,جمد,مُتَفَعِّلٌ,,,,,CANDIDATE,,L2_017 haiku b38,
AR10377,نَافِذَة,اسم جامد,2290,15801,فترة زمنية تسمح بعمل,نفذ,فَاعِلَةٌ,,,,,CANDIDATE,,L2_017 haiku b38,
AR10378,حَكّ,فعل,2320,15879,سبب إحساساً غير مريح,حكك,,,,,,CANDIDATE,فَعّلَ,L2_017 haiku b38,WAZN_LEMMA_MISMATCH;WAZN_NOT_IN_INV
AR10379,خَدّش,فعل,2320,15880,خفف احساساً غير مريح,خدش,,,,,,CANDIDATE,فَعّلَ,L2_017 haiku b38,WAZN_NOT_IN_INV
AR10380,دَغْدَغَ,فعل,2320,15881,سبب إحساساً مرحاً,دغدغ,,,,,,CANDIDATE,فَعْفَعَ,L2_017 haiku b38,WAZN_NOT_IN_INV
AR10381,دَلّك,فعل,2320,15882;15883,ضغط على العضلات للتخفيف,دلك,,,,,,CANDIDATE,فَعّلَ,L2_017 haiku b38,WAZN_NOT_IN_INV
AR10382,احْتَكّ,فعل,2320,15884,احتك بطريقة غير مريحة,حكك,اِفْتَعَلَ,,,,,CANDIDATE,,L2_017 haiku b38,WAZN_LEMMA_MISMATCH
AR10383,آلَمَ,فعل,2320,17588,سبب ألماً في جزء من الجسم,ءلم,أَفْعَلَ,,,,,CANDIDATE,,L2_017 haiku b38,ROOT_NORMALIZED
AR10384,ذَاقَ,فعل,2330,15910;15911,تناول طعاماً لتقييم جودته,ذوق,,,,,,CANDIDATE,فَاعَ,L2_017 haiku b38,WAZN_NOT_IN_INV
AR10385,جَرّب,فعل,2340,15921;15925,فعل شيئاً لتقييم جودته,جرب,,,,,,CANDIDATE,فَعّلَ,L2_017 haiku b38,WAZN_NOT_IN_INV
AR10386,اخْتَبَر,فعل,2340,15924,استخدم شيئاً أول مرة,خبر,اِفْتَعَلَ,,,,,CANDIDATE,,L2_017 haiku b38,
AR10387,فُرْصَة,اسم جامد,2350,15950;15968,موقف يسمح بفعل شيء,فرص,فُعْلَةٌ,,,,,CANDIDATE,,L2_017 haiku b38,
AR10388,صُدْفَة,اسم جامد,2350,15951,حالة تسمح بتحقيق شيء,صدف,فُعْلَةٌ,,,,,CANDIDATE,,L2_017 haiku b38,
AR10389,مُنَاسِب,اسم فاعل,2350,15967,يعرض موقفاً مناسباً,نسب,مُفَاعِلٌ,,,,,CANDIDATE,,L2_017 haiku b38,
AR10390,احْتِمَال,اسم جامد,2360,15962;15982,احتمالية حدوث شيء,حمل,اِفْتِعَالٌ,,,,,CANDIDATE,,L2_017 haiku b38,
AR10391,نِسْبَة,اسم جامد,2360,15980,نسبة احتمالية نتيجة,نسب,فِعْلَةٌ,,,,,CANDIDATE,,L2_017 haiku b38,
AR10392,احْتِمَالِيَّة,اسم جامد,2360,15981,احتمال وقوع حدث,حمل,اِفْتِعَالِيَّةٌ,,,,,CANDIDATE,,L2_017 haiku b38,
AR10393,احْتِمَالَات,اسم جامد,2360,15995,احتمالات وقوع حدث,حمل,,,,,,CANDIDATE,اِفْتِعَالَات,L2_017 haiku b38,WAZN_NOT_IN_INV
AR10394,سَدّ,فعل,2370,15985,أرجع ديناً,سدد,,,,,,CANDIDATE,فَعّلَ,L2_017 haiku b38,WAZN_LEMMA_MISMATCH;WAZN_NOT_IN_INV
AR10395,سَدَاد,اسم جامد,2370,15986,إرجاع دين,سدد,فَعَالٍ,,,,,CANDIDATE,,L2_017 haiku b38,
AR10396,رَدّ,فعل,2370,15988,أرجع قرضاً,ردد,,,,,,CANDIDATE,فَعّلَ,L2_017 haiku b38,WAZN_LEMMA_MISMATCH;WAZN_NOT_IN_INV
AR10397,اسْتَحَقّ,فعل,2371,15992,حان موعد الدفع,حقق,اِسْتَفْعَلَ,,,,,CANDIDATE,,L2_017 haiku b38,WAZN_LEMMA_MISMATCH
AR10398,اسْتِحْقَاق,اسم جامد,2371,15993,تاريخ استحقاق السند,حقق,اِسْتِفْعَالٌ,,,,,CANDIDATE,,L2_017 haiku b38,
AR10399,شَهِير,صفة مشبهة,2380,16001;17847,مقبول لدى المجموعة,شهر,فَعِيلٌ,,,,,CANDIDATE,,L2_017 haiku b38,
AR10400,مَرْغوب,اسم مفعول,2380,16010,جدير بالتقليد,رغب,,,,,,CANDIDATE,مَفْعول,L2_017 haiku b38,WAZN_NOT_IN_INV
AR10401,مَطْلوب,اسم مفعول,2380,16670,مشهور ومطلوب,طلب,,,,,,CANDIDATE,مَفْعول,L2_017 haiku b38,WAZN_NOT_IN_INV
AR10402,تَمَرّن,فعل,2400,16030;16031,مارس نشاطاً لصحته,مرن,,,,,,CANDIDATE,تَفَعّلَ,L2_017 haiku b38,WAZN_NOT_IN_INV
AR10403,تَمَرِين,اسم جامد,2400,16043,نشاط بدني للصحة,مرن,,,,,,CANDIDATE,تَفَعِيل,L2_017 haiku b38,WAZN_NOT_IN_INV
AR10404,نَاجِح,اسم فاعل,2411,16065;16068,شخص حقق الازدهار,نجح,فَاعِلٌ,,,,,CANDIDATE,,L2_017 haiku b38,
AR10405,نَجَاح,اسم جامد,2411,16066;16067,حدث أسفر عن ازدهار,نجح,فَعَالٍ,,,,,CANDIDATE,,L2_017 haiku b38,
AR10406,نَجَحَ,فعل,2411,16069;16075,حقق الازدهار والشهرة,نجح,فَعَلَ,,,,,CANDIDATE,,L2_017 haiku b38,
AR10407,وَصَلَ,فعل,2411,16070,بلغ الازدهار بعد جهد,وصل,فَعَلَ,,,,,CANDIDATE,,L2_017 haiku b38,
AR10408,سَرِيع,صفة مشبهة,2421,16091;16093,معدل أعلى من المتوقع,سرع,فَعِيلٌ,,,,,CANDIDATE,,L2_017 haiku b38,
AR10409,بِسُرْعَة,ظرف,2421,16092,بمعدل أعلى من المتوقع,سرع,,,,,,CANDIDATE,بِفُعْلَة,L2_017 haiku b38,WAZN_NOT_IN_INV
AR10410,مَعَدّل,اسم مفعول,2425,16096,كمية التغيير بين كميتين,عدل,,,,,,CANDIDATE,مَفَعّل,L2_017 haiku b38,WAZN_NOT_IN_INV
AR10411,بَاب,اسم جامد,2426,16099,فتحة في جسم المركبة,باب,فَاعِلٌ,,,,,CANDIDATE,,L2_017 haiku b38,ROOT_ALIF
AR10412,نَافِذَة,اسم جامد,2426,16100,فتحة في جدار المركبة,نفذ,فَاعِلَةٌ,,,,,CANDIDATE,,L2_017 haiku b38,
AR10413,مَقْعَد,اسم جامد,2426,16101,موضع الجلوس في المركبة,قعد,مَفْعَلٌ,,,,,CANDIDATE,,L2_017 haiku b38,
AR10414,حِزَام,اسم جامد,2426,16102,حزام لتثبيت الراكب,حزم,فِعَالٌ,,,,,CANDIDATE,,L2_017 haiku b38,
AR10415,إِطَار,اسم جامد,2426,16103,العجلة المطاطية,طير,إِفْعَالٌ,,,,,CANDIDATE,,L2_017 haiku b38,
AR10416,عَجَلَة,اسم جامد,2426,16104,جزء يحمل الإطار,عجل,فَعَلَةٌ,,,,,CANDIDATE,,L2_017 haiku b38,
AR10417,فَرامِل,اسم جامد,2426,16105,جهاز إيقاف المركبة,فرمل,فَاعِلٌ,,,,,CANDIDATE,,L2_017 haiku b38,
AR10418,مُحَرِّك,اسم فاعل,2426,16106,مصدر قوة المركبة,حرك,مُفَعِّلٌ,,,,,CANDIDATE,,L2_017 haiku b38,
AR10419,غِطَاء,اسم جامد,2426,16107,غطاء محرك المركبة,غطا,فِعَالٌ,,,,,CANDIDATE,,L2_017 haiku b38,ROOT_ALIF
AR10420,صَنْدوق,اسم جامد,2426,16108,حجرة تخزين خلفية,صندق,,,,,,CANDIDATE,فَعْلول,L2_017 haiku b38,WAZN_NOT_IN_INV
AR10421,جُزْء,اسم جامد,2426,16170,مكون من مكونات المركبة,جزء,فُعْلٌ,,,,,CANDIDATE,,L2_017 haiku b38,ROOT_NORMALIZED
AR10422,زُجَاج,اسم جامد,2426,16792,زجاج أمامي للحماية,زجج,فُعَالٌ,,,,,CANDIDATE,,L2_017 haiku b38,
AR10423,نِسْبَة,اسم جامد,2427,16123,مقارنة عددية لكميتين,نسب,فِعْلَةٌ,,,,,CANDIDATE,,L2_017 haiku b38,
AR10424,سِعْر,اسم جامد,2430,16121,مقياس التكلفة الكلية,سعر,فِعْلٌ,,,,,CANDIDATE,,L2_017 haiku b38,
AR10425,نِسْبَة,اسم جامد,2431,16122,نسبة من مجموعة أعم,نسب,فِعْلَةٌ,,,,,CANDIDATE,,L2_017 haiku b38,
AR10426,مُعَقّد,اسم مفعول,2434,16130,نظام معقد الترابط,عقد,,,,,,CANDIDATE,مُفَعّل,L2_017 haiku b38,WAZN_NOT_IN_INV
AR10427,بَسِيط,صفة مشبهة,2434,16131,ترابط بسيط بين الأجزاء,بسط,فَعِيلٌ,,,,,CANDIDATE,,L2_017 haiku b38,
AR10428,معقد جدا,تركيب,2434,16132,ترتيب معقد بشدة,,,,,,,CANDIDATE,,L2_017 haiku b38,UNVOCALIZED
AR10429,دَيْنَامِيكِيّ,اسم منسوب,2440,18290,مليء بالطاقة والفعل,دين,فَيْعالِيٌّ,,,,,CANDIDATE,,L2_017 haiku b38,
AR10430,دَيْنَامِيكِيَّة,اسم جامد,2440,18291,طاقة عظيمة وقوة,دين,فَيْعالِيَّةٌ,,,,,CANDIDATE,,L2_017 haiku b38,
AR10431,نَشِيط,صفة مشبهة,2440,18292,يملك طاقة وقوة,نشط,فَعِيلٌ,,,,,CANDIDATE,,L2_017 haiku b38,
AR10432,طَاقَة,اسم جامد,2440,18293,قوة أو قدرة متاحة,طوق,,,,,,CANDIDATE,فَاعَة,L2_017 haiku b38,WAZN_NOT_IN_INV
AR10433,شَدِيد,صفة مشبهة,2440,18294,درجة عالية جداً,شدد,فَعِيلٌ,,,,,CANDIDATE,,L2_017 haiku b38,
AR10434,شِدّة,اسم جامد,2440,18295,حالة الشدة والقوة,شدد,فِعْلَةٌ,,,,,CANDIDATE,,L2_017 haiku b38,WAZN_LEMMA_MISMATCH
AR10435,كَسِل,صفة مشبهة,2440,18296;18298,نافر من النشاط,كسل,فَعِلٌ,,,,,CANDIDATE,,L2_017 haiku b38,
AR10436,كَسَل,اسم جامد,2440,18297,ميل للراحة والخمول,كسل,فَعَلٌ,,,,,CANDIDATE,,L2_017 haiku b38,
AR10437,خُمُول,اسم جامد,2440,18299,حالة الخمول والكسل,خمل,,,,,,CANDIDATE,فُعول,L2_017 haiku b38,WAZN_NOT_IN_INV
AR10438,بَطِيء,صفة مشبهة,2440,18300,غير نشط في الحركة,بطء,فَعِيلٌ,,,,,CANDIDATE,,L2_017 haiku b38,ROOT_NORMALIZED
AR10439,بُطْء,اسم جامد,2440,18301,حالة البطء والكسل,بطء,فُعْلٌ,,,,,CANDIDATE,,L2_017 haiku b38,ROOT_NORMALIZED
AR10440,تَحَمّل,اسم جامد,2440,18302,قدرة على الاستمرار,حمل,,,,,,CANDIDATE,تَفَعّل,L2_017 haiku b38,WAZN_NOT_IN_INV
AR10441,حَيوِيّ,اسم منسوب,2440,18303,مليء بالنشاط والقوة,حيي,,,,,,CANDIDATE,فَعَوِيّ,L2_017 haiku b38,WAZN_NOT_IN_INV
AR10442,قَوِيّ,صفة مشبهة,2440,18304,نشط وقوي الفعل,قوي,فَعِيلٌ,,,,,CANDIDATE,,L2_017 haiku b38,
AR10443,نَشَاط,اسم جامد,2440,18306,قوة وفعل نشط,نشط,فَعَالٍ,,,,,CANDIDATE,,L2_017 haiku b38,
AR10444,نُفوذ,اسم جامد,2451,16164;18056,تأثير على الآخرين,نفذ,,,,,,CANDIDATE,فُعول,L2_017 haiku b38,WAZN_NOT_IN_INV
AR10445,سُلْطَة,اسم جامد,2451,18054,نفوذ على الأحداث والآخرين,سلط,فُعْلَةٌ,,,,,CANDIDATE,,L2_017 haiku b38,
AR10446,وِلَاية,اسم جامد,2451,18055,سلطة على أراض وأشخاص,ولي,فِعَالَةٌ,,,,,CANDIDATE,,L2_017 haiku b38,
AR10447,سِيَادَة,اسم جامد,2451,18520,حق الحكم والسيطرة,سيد,فِعَالَةٌ,,,,,CANDIDATE,,L2_017 haiku b38,
AR10448,جُزْء,اسم جامد,2470,16180,مكون متخصص من الصنعة,جزء,فُعْلٌ,,,,,CANDIDATE,,L2_017 haiku b38,ROOT_NORMALIZED
AR10449,اسْتَخْدَمَ,فعل,2480,16222,استهلك جزء من مورد,خدم,اِسْتَفْعَلَ,,,,,CANDIDATE,,L2_017 haiku b38,
AR10450,أَنْفَقَ,فعل,2480,16289,صرف من مورد محدود,نفق,أَفْعَلَ,,,,,CANDIDATE,,L2_017 haiku b38,
AR10451,مَحَا,فعل,2481,16224;16226,حذف من وثيقة بخط,محا,فَعَلَ,,,,,CANDIDATE,,L2_017 haiku b38,ROOT_ALIF
AR10452,حَذَفَ,فعل,2481,16225;16408,أزال من ذاكرة,حذف,فَعَلَ,,,,,CANDIDATE,,L2_017 haiku b38,
AR10453,محا,فعل,2481,16227,حذف أو شطب,محا,فَعَلَ,,,,,CANDIDATE,,L2_017 haiku b38,ROOT_ALIF;UNVOCALIZED
AR10454,ضَرَبَ,فعل,2482,16230,نشاط لتغيير السياسة,ضرب,فَعَلَ,,,,,CANDIDATE,,L2_017 haiku b38,
AR10455,إِضْرَاب,اسم جامد,2482,16231;16232,نشاط جماعي للمطالبة,ضرب,إِفْعَالٌ,,,,,CANDIDATE,,L2_017 haiku b38,
AR10456,أُسْلوب,اسم جامد,2490,16240;16874,شكل عام للفن,سلب,,,,,,CANDIDATE,أُفْعول,L2_017 haiku b38,WAZN_NOT_IN_INV
AR10457,صَوْت,اسم جامد,2490,16241,أسلوب الموسيقى,صوت,فَعْلٌ,,,,,CANDIDATE,,L2_017 haiku b38,
AR10458,مَظْهَر,اسم جامد,2490,16242,أسلوب المصمم الفاشن,ظهر,مَفْعَلٌ,,,,,CANDIDATE,,L2_017 haiku b38,
AR10459,رَغْمَ,حرف,2500,16265,بالرغم من العقبات,,,,,,,CANDIDATE,,L2_017 haiku b38,
AR10460,وَسْط,ظرف,2500,16267,في وسط المحنة,وسط,فَعْلٌ,,,,,CANDIDATE,,L2_017 haiku b38,
AR10461,أَثَر,اسم جامد,2501,16268;18180;18182;18183,دليل على حدث,ءثر,فَعَلٌ,,,,,CANDIDATE,,L2_017 haiku b38,ROOT_NORMALIZED
AR10462,مَسَار,اسم جامد,2501,18181,خط يوضح المسار,سير,,,,,,CANDIDATE,مَفَال,L2_017 haiku b38,WAZN_NOT_IN_INV
AR10463,رِمّة,اسم جامد,2501,18184,بقايا من كيان سابق,رمم,فِعْلَةٌ,,,,,CANDIDATE,,L2_017 haiku b38,WAZN_LEMMA_MISMATCH
AR10464,أَثّر,فعل,2502,16254,أحدث تأثير ذهني,ءثر,,,,,,CANDIDATE,أَفّلَ,L2_017 haiku b38,ROOT_NORMALIZED;WAZN_NOT_IN_INV
AR10465,أَصَابَ,فعل,2502,16387,أحدث تأثير معرفي,صيب,فَعَلَ,,,,,CANDIDATE,,L2_017 haiku b38,
AR10466,إِضْرَاب,اسم جامد,2510,16269;16270,خطأ في البيسبول,ضرب,إِفْعَالٌ,,,,,CANDIDATE,,L2_017 haiku b38,
AR10467,ضَرْبَة,اسم جامد,2510,17213,الضربة الأولى في التنس,ضرب,فَعْلَةٌ,,,,,CANDIDATE,,L2_017 haiku b38,
AR10468,مَسَار,اسم جامد,2520,16280,المسار على المحاور,سير,,,,,,CANDIDATE,مَفَال,L2_017 haiku b38,WAZN_NOT_IN_INV
AR10469,نُقْطَة,اسم جامد,2520,16281,نمط البيانات على رسم,نقط,فُعْلَةٌ,,,,,CANDIDATE,,L2_017 haiku b38,
AR10470,خَدَمَ,فعل,2521,16285,قام بدور في مؤسسة,خدم,فَعَلَ,,,,,CANDIDATE,,L2_017 haiku b38,
AR10471,وَظِفَ,فعل,2523,16287,أداء دور مقصود,وظف,,,,,,CANDIDATE,فَعّلَ,L2_017 haiku b38,WAZN_NOT_IN_INV
AR10472,خَط,اسم جامد,2524,16288,مجموعة منتجات متعلقة,خطط,فَعْلٌ,,,,,CANDIDATE,,L2_017 haiku b38,WAZN_LEMMA_MISMATCH
AR10473,مَجْموعَة,اسم جامد,2524,17227,مجموعة منتجات شركة,جمع,,,,,,CANDIDATE,مَفْعولَة,L2_017 haiku b38,WAZN_NOT_IN_INV
AR10474,وَثِيق,صفة مشبهة,2530,16301,متعلق بالموضوع الحالي,وثق,فَعِيلٌ,,,,,CANDIDATE,,L2_017 haiku b38,
AR10475,غَيْرَ وَثِيق,تركيب,2530,16302,غير متصل بالموضوع,,,,,,,CANDIDATE,,L2_017 haiku b38,
AR10476,مُتَصِل,اسم فاعل,2530,16303,ذو صلة بالموضوع,وصل,مُتَفَعِّلٌ,,,,,CANDIDATE,,L2_017 haiku b38,
AR10477,يَنْطَبِق,فعل,2530,17420,يكون ذا صلة,طبق,,,,,,CANDIDATE,يَفْعِل,L2_017 haiku b38,WAZN_LEMMA_MISMATCH;WAZN_NOT_IN_INV
AR10478,عَظِيم,صفة مشبهة,2542,16312,مؤثر بين نظرائه,عظم,فَعِيلٌ,,,,,CANDIDATE,,L2_017 haiku b38,
AR10479,بَارِز,اسم فاعل,2542,16330,جدير بالذكر,برز,فَاعِلٌ,,,,,CANDIDATE,,L2_017 haiku b38,
AR10480,طُور,اسم جامد,2550,16320,حالة الأمر الحراري والفيزيائي,طور,فُعُلٌ,,,,,CANDIDATE,,L2_017 haiku b39,
AR10481,مَرْحَلَة,اسم جامد,2550,16332,كل مرحلة من مراحل تغيّر حالة المادة,مرح,فَعْلَةٌ,,,,,CANDIDATE,,L2_017 haiku b39,WAZN_LEMMA_MISMATCH
AR10482,اقْتَاتَ,فعل,2560,16353,البقاء على الحياة برغم الضيق,قوت,,,,,,CANDIDATE,افْتَعَل,L2_017 haiku b39,WAZN_NOT_IN_INV
AR10483,عَاشَ,فعل,2560,16354,الاستمرار في الحياة باستهلاك ما يتوفر,عيش,,,,,,CANDIDATE,فَعَل,L2_017 haiku b39,WAZN_NOT_IN_INV
AR10484,عَاشَ,فعل,2562,16359,اتباع نمط سلوكي معين مدة طويلة,عيش,,,,,,CANDIDATE,فَعَل,L2_017 haiku b39,WAZN_NOT_IN_INV
AR10485,نَمَط,اسم جامد,2562,16363,سلسلة متكررة من السلوكيات والعادات,نمط,فَعَلٌ,,,,,CANDIDATE,,L2_017 haiku b39,
AR10486,حَيَاة,اسم جامد,2562,16377,مجموع التجارب والسلوكيات التي تشكل وجود الشخص,حيي,فَعَالَةٌ,,,,,CANDIDATE,,L2_017 haiku b39,
AR10487,طَرِيقَة,اسم جامد,2563,16360;16361,الأسلوب الذي يُنفَّذ به النشاط,طرق,فَعِيلَةٌ,,,,,CANDIDATE,,L2_017 haiku b39,
AR10488,عَاشَ,فعل,2564,16362,الاستمرار في الحياة تحت ظروف معينة,عيش,,,,,,CANDIDATE,فَعَل,L2_017 haiku b39,WAZN_NOT_IN_INV
AR10489,مَسَار,اسم جامد,2566,16367,الطريق المخطط الموصل إلى الهدف,سير,فَعَالٍ,,,,,CANDIDATE,,L2_017 haiku b39,
AR10490,حَيَاة,اسم جامد,2567,16372,مجموعة الكائنات الحية والعضويات,حيي,فَعَالَةٌ,,,,,CANDIDATE,,L2_017 haiku b39,
AR10491,كَائِن,اسم جامد,2567,16374;16375,كل ما يتمتع بصفات الحياة والعضوية,كون,فَاعِلٌ,,,,,CANDIDATE,,L2_017 haiku b39,
AR10492,إِنسَانِي,اسم منسوب,2567,17342,ما يتعلق بالإنسان أو الجنس البشري,ءنس,,,,,,CANDIDATE,فُعَالِي,L2_017 haiku b39,ROOT_NORMALIZED;WAZN_NOT_IN_INV
AR10493,طَاقَة,اسم جامد,2569,16379,القوة والحيوية والنشاط الذاتي,طوق,فَعَالَةٌ,,,,,CANDIDATE,,L2_017 haiku b39,
AR10494,حَيَوِيَّة,صفة مشبهة,2569,16380,الطاقة الحية والإقدام والنشاط,حيي,,,,,,CANDIDATE,فَعَوِيَّة,L2_017 haiku b39,WAZN_NOT_IN_INV
AR10495,رُوح,اسم جامد,2569,16381,الطاقة والعزيمة والمثابرة في العمل,روح,فُعُلٌ,,,,,CANDIDATE,,L2_017 haiku b39,
AR10496,خَدَعَ,فعل,2570,16391;16393;16394;18000,جعل الآخر يقبل ما ليس بحقيقة عن قصد,خدع,,,,,,CANDIDATE,فَعَل,L2_017 haiku b39,WAZN_NOT_IN_INV
AR10497,أَضَلَّ,فعل,2570,16392,توجيه الآخر نحو فهم خاطئ للحقائق,ضلل,,,,,,CANDIDATE,أَفْعَل,L2_017 haiku b39,WAZN_LEMMA_MISMATCH;WAZN_NOT_IN_INV
AR10498,خِدَاع,مصدر,2570,16413,فعل الخداع والتضليل المقصود,خدع,فِعَالٌ,,,,,CANDIDATE,,L2_017 haiku b39,
AR10499,انخَدَعَ,فعل,2572,16396,الوقوع ضحية للخداع وتكوين معتقدات خاطئة,خدع,,,,,,CANDIDATE,افْتَعَل,L2_017 haiku b39,WAZN_LEMMA_MISMATCH;WAZN_NOT_IN_INV
AR10500,صَدَّقَ,فعل,2572,16397,قبول الخبر دون تمحيص أو تشكك,صدق,,,,,,CANDIDATE,فَعَّل,L2_017 haiku b39,WAZN_NOT_IN_INV
AR10501,خِدَاع,مصدر,2573,17220;17221,فعل التضليل الناجح للغير,خدع,فِعَالٌ,,,,,CANDIDATE,,L2_017 haiku b39,
AR10502,رَأَى,فعل,2574,18170,إدراك محاولة الآخر الخداع والتضليل,راي,,,,,,CANDIDATE,فَعَل,L2_017 haiku b39,ROOT_ALIF;WAZN_NOT_IN_INV
AR10503,فَجَّرَ,فعل,2575,16398;16399;16695;16696,إشعال جهاز متفجّر لتفجيره بقصد,فجر,,,,,,CANDIDATE,فَعَّل,L2_017 haiku b39,WAZN_NOT_IN_INV
AR10504,تَفْجِير,مصدر,2575,16614,عملية إشعال جهاز متفجّر,فجر,تَفْعِيلٌ,,,,,CANDIDATE,,L2_017 haiku b39,
AR10505,مَخْبَأ,اسم جامد,2576,16400,إخفاء مخزون سري من المواد,خبا,مَفْعَلٌ,,,,,CANDIDATE,,L2_017 haiku b39,ROOT_ALIF
AR10506,إِخْفَاء,مصدر,2576,16401,تجميع وإخفاء كمية من الأشياء,خفي,إِفْعَالٌ,,,,,CANDIDATE,,L2_017 haiku b39,
AR10507,انفِجَار,مصدر,2577,16403;16615,حدث تفجر جهاز متفجّر بقوة,فجر,,,,,,CANDIDATE,افْعِلال,L2_017 haiku b39,WAZN_LEMMA_MISMATCH;WAZN_NOT_IN_INV
AR10508,انفَجَرَ,فعل,2577,16404;16405;16697;16699,التوسع الشديد السريع مع الإضرار,فجر,,,,,,CANDIDATE,افْتَعَل,L2_017 haiku b39,WAZN_LEMMA_MISMATCH;WAZN_NOT_IN_INV
AR10509,دَوِي,اسم جامد,2577,16634,صوت الانفجار العالي القوي,دوي,فَعِلٌ,,,,,CANDIDATE,,L2_017 haiku b39,
AR10510,فَخّ,اسم جامد,2578,16406;16428,أداة أو خطة لتضليل وإيذاء الآخرين,فخخ,,,,,,CANDIDATE,فَعّ,L2_017 haiku b39,WAZN_NOT_IN_INV
AR10511,حَفَّزَ,فعل,2579,16410,تشغيل جهاز ليعمل وفق غرضه,حفز,,,,,,CANDIDATE,فَعَّل,L2_017 haiku b39,WAZN_NOT_IN_INV
AR10512,فَجَّرَ,فعل,2579,16568,تشغيل آلية أو تفجير جهاز,فجر,,,,,,CANDIDATE,فَعَّل,L2_017 haiku b39,WAZN_NOT_IN_INV
AR10513,ظَهَرَ,فعل,2582,16419,الخروج من الاختفاء إلى الرؤية المباشرة,ظهر,,,,,,CANDIDATE,فَعَل,L2_017 haiku b39,WAZN_NOT_IN_INV
AR10514,تَمَرُّد,مصدر,2584,16424;16425,انتفاضة مسلحة ضد السلطة القائمة,مرد,تَفَعُّلٌ,,,,,CANDIDATE,,L2_017 haiku b39,
AR10515,مُتَمَرِّد,اسم فاعل,2584,16427;16629,شخص يشارك في التمرد المسلح,مرد,مُتَفَعِّلٌ,,,,,CANDIDATE,,L2_017 haiku b39,
AR10516,تَمَرَّدَ,فعل,2584,16536;16537,الرفع عن السلطة والنظام القائم,مرد,,,,,,CANDIDATE,تَفَعَّل,L2_017 haiku b39,WAZN_NOT_IN_INV
AR10517,ثَائِر,اسم فاعل,2585,16426,شخص يقود أو يشارك في الثورة,ثور,فَاعِلٌ,,,,,CANDIDATE,,L2_017 haiku b39,
AR10518,مِقْلَب,اسم جامد,2586,16429,خدعة ظريفة قد تسبب أذى أو إحراج,قلب,مِفْعَلٌ,,,,,CANDIDATE,,L2_017 haiku b39,
AR10519,نُكْتَة,اسم جامد,2586,16430,خدعة فكاهية تسبب ارتباك أو ضحك,نكت,فُعْلَةٌ,,,,,CANDIDATE,,L2_017 haiku b39,
AR10520,احْتِجَاج,مصدر,2587,16431;16433,تظاهرة عامة للتعبير عن موقف سياسي,حجج,,,,,,CANDIDATE,احْتِفَال,L2_017 haiku b39,WAZN_LEMMA_MISMATCH;WAZN_NOT_IN_INV
AR10521,احْتَجَّ,فعل,2587,16432;16434,المشاركة في تجمع للتعبير عن الرأي,حجج,,,,,,CANDIDATE,افْتَعَل,L2_017 haiku b39,WAZN_LEMMA_MISMATCH;WAZN_NOT_IN_INV
AR10522,مُحْتَجّ,اسم فاعل,2587,16613,الشخص الذي يشارك في الاحتجاجات,حجج,مُفْتَعِلٌ,,,,,CANDIDATE,,L2_017 haiku b39,WAZN_LEMMA_MISMATCH
AR10523,فِصِيل,اسم جامد,2588,16435;16436,جزء من منظمة عسكرية للمهمة المحددة,فصل,,,,,,CANDIDATE,فِعِيل,L2_017 haiku b39,WAZN_NOT_IN_INV
AR10524,أَفْلَسَ,فعل,2590,16511,فشل المشروع في الاستمرار والعمل,فلس,,,,,,CANDIDATE,أَفْعَل,L2_017 haiku b39,WAZN_NOT_IN_INV
AR10525,أَغْلَقَ,فعل,2590,16516;16524,توقف المحل عن تقديم الخدمات,غلق,,,,,,CANDIDATE,أَفْعَل,L2_017 haiku b39,WAZN_NOT_IN_INV
AR10526,حَاشِيَة,اسم جامد,2591,16441;16443,مجموعة من الأتباع والمرافقين,حشي,فَاعِلَةٌ,,,,,CANDIDATE,,L2_017 haiku b39,
AR10527,بِطَانَة,اسم جامد,2591,16442,جماعة مرافقة لشخص مهم,بطن,فِعَالَةٌ,,,,,CANDIDATE,,L2_017 haiku b39,
AR10528,مَوْكِب,اسم جامد,2591,16444,جماعة تتبع الشخص المهم والمشهور,وكب,مَفْعِلٌ,,,,,CANDIDATE,,L2_017 haiku b39,
AR10529,مَعْلُوم,اسم مفعول,2593,16446,ما يُعتقد أنه حقيقي وثابت,علم,مَفْعُولٌ,,,,,CANDIDATE,,L2_017 haiku b39,
AR10530,مَشْكُوك,صفة مشبهة,2593,16447,ما يُعتقد احتمالاً أنه قد يكون صحيحاً,شكك,مَفْعُولٌ,,,,,CANDIDATE,,L2_017 haiku b39,
AR10531,مَفْرُوض,اسم مفعول,2593,16448,ما يُفترض صحته بلا برهان,فرض,مَفْعُولٌ,,,,,CANDIDATE,,L2_017 haiku b39,
AR10532,مُمْكِن,صفة مشبهة,2593,16620,ما يُعتقد أنه قد يحدث أو يكون,ءمك,مُفْعِلٌ,,,,,CANDIDATE,,L2_017 haiku b39,ROOT_NORMALIZED
AR10533,قَافِلَة,اسم جامد,2597,16451,مجموعة مركبات تتحرك معاً,قفل,فَاعِلَةٌ,,,,,CANDIDATE,,L2_017 haiku b39,
AR10534,قَطَار,اسم جامد,2597,16452,سلسلة مركبات للنقل معاً,قطر,فَعَالٍ,,,,,CANDIDATE,,L2_017 haiku b39,
AR10535,مُقَاتِل,اسم فاعل,2598,16456;16458,شخص يقاتل في نزاع عسكري,قتل,مُفَاعِلٌ,,,,,CANDIDATE,,L2_017 haiku b39,
AR10536,مِسْلِح,اسم فاعل,2598,16457,شخص مسلح يشارك في القتال,سلح,,,,,,CANDIDATE,مِفْعِل,L2_017 haiku b39,WAZN_NOT_IN_INV
AR10537,طَرَف,اسم جامد,2598,16459,جهة محاربة في النزاع المسلح,طرف,فَعَلٌ,,,,,CANDIDATE,,L2_017 haiku b39,
AR10538,عَدُو,اسم جامد,2598,16484,المحارب من الجانب المعادي,عدا,فَعُلٌ,,,,,CANDIDATE,,L2_017 haiku b39,ROOT_ALIF
AR10539,عِصَابِي,اسم منسوب,2598,16700,عضو في جماعة حرب غير نظامية,عصب,,,,,,CANDIDATE,فِعَالِي,L2_017 haiku b39,WAZN_NOT_IN_INV
AR10540,دِرْع,اسم جامد,2602,16462;16463,طبقة حماية صلبة ضد الهجمات,درع,فِعْلٌ,,,,,CANDIDATE,,L2_017 haiku b39,
AR10541,سِتْرَة,اسم جامد,2602,16464;16473,ملابس حماية ضد الرصاص,ستر,فِعْلَةٌ,,,,,CANDIDATE,,L2_017 haiku b39,
AR10542,سَاق,اسم جامد,2602,16472,دعامة الساق وحمايتها,سوق,,,,,,CANDIDATE,فَاعِ,L2_017 haiku b39,WAZN_NOT_IN_INV
AR10543,لَوْح,اسم جامد,2602,16483,درع معدنية صلبة للحماية,لوح,فَعْلٌ,,,,,CANDIDATE,,L2_017 haiku b39,
AR10544,حَرَسَ,فعل,2603,16474,العمل في موقع محدد للحراسة,حرس,,,,,,CANDIDATE,فَعَل,L2_017 haiku b39,WAZN_NOT_IN_INV
AR10545,عَمِلَ,فعل,2603,16475;16476,العمل ضمن فريق منظم,عمل,,,,,,CANDIDATE,فَعِل,L2_017 haiku b39,WAZN_NOT_IN_INV
AR10546,مُسْتَوى,اسم مفعول,2604,16477,كمية أو درجة من مادة,سوا,مُفْتَعَلٌ,,,,,CANDIDATE,,L2_017 haiku b39,ROOT_ALIF
AR10547,كَمِّيَّة,اسم جامد,2604,16492;16493,مقدار من الشيء المحدد,كمم,فَعِيلَةٌ,,,,,CANDIDATE,,L2_017 haiku b39,WAZN_LEMMA_MISMATCH
AR10548,عَدَد,اسم جامد,2604,17504,حساب أو تقدير الكمية,عدد,فَعَلٌ,,,,,CANDIDATE,,L2_017 haiku b39,
AR10549,حَجْم,اسم جامد,2604,18662,درجة التمدد أو الانتشار,حجم,فَعْلٌ,,,,,CANDIDATE,,L2_017 haiku b39,
AR10550,دَرَجَة,اسم جامد,2604,18674,مقياس كمي لشيء ما,درج,فَعَلَةٌ,,,,,CANDIDATE,,L2_017 haiku b39,
AR10551,دَارَ,فعل,2611,16480,البحث في منطقة للتأكد من السلامة,دور,,,,,,CANDIDATE,فَعَل,L2_017 haiku b39,WAZN_NOT_IN_INV
AR10552,شَرطَ,فعل,2611,16481,مراقبة منطقة لضمان الأمن والقانون,شرط,,,,,,CANDIDATE,فَعَل,L2_017 haiku b39,WAZN_NOT_IN_INV
AR10553,دَوْرَة,اسم جامد,2611,16482,عملية الدوران والتفتيش في منطقة,دور,فَعْلَةٌ,,,,,CANDIDATE,,L2_017 haiku b39,
AR10554,دَوْرِيَّة,اسم جامد,2611,16595,مجموعة تقوم بالدوريات الأمنية,دور,فَعْلِيَّةٌ,,,,,CANDIDATE,,L2_017 haiku b39,
AR10555,ظَهَرَ,فعل,2612,16488,الوجود المرئي في ظروف معينة,ظهر,,,,,,CANDIDATE,فَعَل,L2_017 haiku b39,WAZN_NOT_IN_INV
AR10556,وَقَعَ,فعل,2612,16489,حدوث شيء غير مادي في شروط محددة,وقع,,,,,,CANDIDATE,فَعَل,L2_017 haiku b39,WAZN_NOT_IN_INV
AR10557,وُجِدَ,اسم مفعول,2612,16490,الوجود في مكان بعينه,وجد,,,,,,CANDIDATE,فُعِل,L2_017 haiku b39,WAZN_NOT_IN_INV
AR10558,مِدْنِي,اسم منسوب,2615,16485;16486;16487,شخص لا يشارك في النزاع العسكري,مدن,,,,,,CANDIDATE,فِعْلِي,L2_017 haiku b39,WAZN_NOT_IN_INV
AR10559,نَشَرَ,فعل,2616,16494;17194;17897,جعل النص متاحاً للنشر والتوزيع,نشر,,,,,,CANDIDATE,فَعَل,L2_017 haiku b39,WAZN_NOT_IN_INV
AR10560,أَطْلَقَ,فعل,2616,17893,جعل العمل الفني متاحاً للعامة,طلق,,,,,,CANDIDATE,أَفْعَل,L2_017 haiku b39,WAZN_NOT_IN_INV
AR10561,إِطْلاق,مصدر,2616,17894,ظهور عمل فني جديد للجمهور,طلق,إِفْعَالٌ,,,,,CANDIDATE,,L2_017 haiku b39,
AR10562,نَشْر,مصدر,2616,17896,إتاحة الكتاب أو العمل للعامة,نشر,فَعْلٌ,,,,,CANDIDATE,,L2_017 haiku b39,
AR10563,أَغْلَقَ,فعل,2620,16506;16525,توقف الموقع عن تقديم الخدمات,غلق,,,,,,CANDIDATE,أَفْعَل,L2_017 haiku b39,WAZN_NOT_IN_INV
AR10564,فَشِلَ,فعل,2622,16504;16512,توقف المسعى عن الاستمرار والجدوى,فشل,,,,,,CANDIDATE,فَعِل,L2_017 haiku b39,WAZN_NOT_IN_INV
AR10565,انهَار,فعل,2622,16517,تفكك المسعى واستحالة الاستمرار,هور,,,,,,CANDIDATE,افْعَل,L2_017 haiku b39,WAZN_NOT_IN_INV
AR10566,أَغْلَقَ,فعل,2622,16518,توقف الكيان عن العمل والإنتاج,غلق,,,,,,CANDIDATE,أَفْعَل,L2_017 haiku b39,WAZN_NOT_IN_INV
AR10567,أَفْلَسَ,فعل,2622,16522;16523,فشل المشروع التجاري تماماً,فلس,,,,,,CANDIDATE,أَفْعَل,L2_017 haiku b39,WAZN_NOT_IN_INV
AR10568,قُنْبُلَة,اسم جامد,2623,16528;16774,قنبلة مزروعة على جانب الطريق,قنبل,فُنْعُلَةٌ,,,,,CANDIDATE,,L2_017 haiku b39,
AR10569,عُبْوَة,اسم جامد,2623,16593;16594;16693;16775,جهاز متفجر مرتجل مخفي,عبا,فُعْلَةٌ,,,,,CANDIDATE,,L2_017 haiku b39,ROOT_ALIF
AR10570,عُبْوَة,اسم جامد,2624,16739;16740,عبوة تنفجر عند تحريك الضحية إياها,عبا,فُعْلَةٌ,,,,,CANDIDATE,,L2_017 haiku b39,ROOT_ALIF
AR10571,مَوْقِع,اسم جامد,2626,16529,المكان المحدد الذي يقع فيه الكيان,وقع,مَفْعِلٌ,,,,,CANDIDATE,,L2_017 haiku b39,
AR10572,مَكَان,اسم جامد,2626,16530,المنطقة المحددة التي يوجد فيها الشيء,مكن,,,,,,CANDIDATE,مَفَال,L2_017 haiku b39,WAZN_LEMMA_MISMATCH;WAZN_NOT_IN_INV
AR10573,أَقْلَعَ,فعل,2627,16535;16573,ارتفاع المركبة للطيران,قلع,,,,,,CANDIDATE,أَفْعَل,L2_017 haiku b39,WAZN_NOT_IN_INV
AR10574,أَفْلَتَ,فعل,2627,16714,تحرر السفينة من الرسوليات,فلت,,,,,,CANDIDATE,أَفْعَل,L2_017 haiku b39,WAZN_NOT_IN_INV
AR10575,مَرْكَز,اسم جامد,2628,16538,الموقع المعين للفرد للحراسة,مرك,مَفْعَلٌ,,,,,CANDIDATE,,L2_017 haiku b39,WAZN_LEMMA_MISMATCH
AR10576,مَنْصَب,اسم جامد,2628,16539,الموقع المحدد المخصص للشخص,نصب,مَفْعَلٌ,,,,,CANDIDATE,,L2_017 haiku b39,
AR10577,مَكَان,اسم جامد,2628,16540,المكان المعيّن للفرد أو المجموعة,مكن,,,,,,CANDIDATE,مَفَال,L2_017 haiku b39,WAZN_LEMMA_MISMATCH;WAZN_NOT_IN_INV
AR10578,انتَظَرَ,فعل,2630,16550,الانتظار والاستعداد للأوامر,نظر,,,,,,CANDIDATE,افْتَعَل,L2_017 haiku b39,WAZN_NOT_IN_INV
AR10579,جَاهِز,صفة مشبهة,2630,16551;16567,الكون مستعداً لتلبية الطلب,جهز,فَاعِلٌ,,,,,CANDIDATE,,L2_017 haiku b39,
AR10580,انطَلَقَ,فعل,2640,16569,تفاعل النظام وتشغيله بسبب خارجي,طلق,,,,,,CANDIDATE,افْتَعَل,L2_017 haiku b39,WAZN_LEMMA_MISMATCH;WAZN_NOT_IN_INV
AR10581,انفَجَرَ,فعل,2640,16570,تشغيل آلية عند تفاعل معين,فجر,,,,,,CANDIDATE,افْتَعَل,L2_017 haiku b39,WAZN_LEMMA_MISMATCH;WAZN_NOT_IN_INV
AR10582,أَسْقَطَ,فعل,2641,16571;16572,تعطيل طائرة وجعلها تهبط,سقط,,,,,,CANDIDATE,أَفْعَل,L2_017 haiku b39,WAZN_NOT_IN_INV
AR10583,إِسْقَاط,مصدر,2641,16975,عملية تعطيل طائرة وإسقاطها,سقط,إِفْعَالٌ,,,,,CANDIDATE,,L2_017 haiku b39,
AR10584,هَبَطَ,فعل,2642,16574;16575;16576,نزول الطائرة إلى الأرض,هبط,,,,,,CANDIDATE,فَعَل,L2_017 haiku b39,WAZN_NOT_IN_INV
AR10585,أَنْزَلَ,فعل,2643,16577;16578,إنزال مركبة جوية إلى اليابسة,نزل,,,,,,CANDIDATE,أَفْعَل,L2_017 haiku b39,WAZN_NOT_IN_INV
AR10586,مَاشِي,اسم فاعل,2645,16580,التنقل على الأقدام بلا مركبة,مشي,فَاعِلٌ,,,,,CANDIDATE,,L2_017 haiku b39,
AR10587,رَاكِب,اسم فاعل,2645,16581;16639,الركوب في مركبة حيوان أو آلة,ركب,فَاعِلٌ,,,,,CANDIDATE,,L2_017 haiku b39,
AR10588,امتَنَعَ,فعل,2651,16601;18552;18553,محاولة الامتناع عن فعل الشيء,منع,,,,,,CANDIDATE,افْتَعَل,L2_017 haiku b39,WAZN_NOT_IN_INV
AR10589,كَبَتَ,فعل,2651,18554;18559;18561,قمع الرغبات والأحاسيس والأفعال,كبت,,,,,,CANDIDATE,فَعَل,L2_017 haiku b39,WAZN_NOT_IN_INV
AR10590,كَبْت,مصدر,2651,18555;18562,عملية قمع المشاعر والرغبات,كبت,فَعْلٌ,,,,,CANDIDATE,,L2_017 haiku b39,
AR10591,قَاوَمَ,فعل,2651,18556,الامتناع عن الانصياع للرغبات,قوم,,,,,,CANDIDATE,فَاعَل,L2_017 haiku b39,WAZN_NOT_IN_INV
AR10592,مُقَاوَمَة,مصدر,2651,18557,القوة على مقاومة الرغبات,قوم,مُفَاعَلَةٌ,,,,,CANDIDATE,,L2_017 haiku b39,
AR10593,مُقَاوِم,صفة مشبهة,2651,18558,القادر على المقاومة والصمود,قوم,مُفَاعِلٌ,,,,,CANDIDATE,,L2_017 haiku b39,
AR10594,ضَبْط,مصدر,2651,18560,عملية كبح والتحكم في الأفعال,ضبط,فَعْلٌ,,,,,CANDIDATE,,L2_017 haiku b39,
AR10595,مُنتَدى,اسم جامد,2653,16616,موقع يعرض المعلومات والمناقشات,ندا,مُفْعَلٌ,,,,,CANDIDATE,,L2_017 haiku b39,ROOT_ALIF
AR10596,سَبَّورَة,اسم جامد,2653,16617,سطح لكتابة وعرض المعلومات,سبر,فَعَّالَةٌ,,,,,CANDIDATE,,L2_017 haiku b39,
AR10597,شَاشَة,اسم جامد,2653,17200,جهاز عرض المعلومات الرقمية,شيش,,,,,,CANDIDATE,فَاعَة,L2_017 haiku b39,WAZN_NOT_IN_INV
AR10598,زِرّ,اسم جامد,2654,16618,جهاز يُضغط للتحكم في الآلات,زرر,,,,,,CANDIDATE,فِعّ,L2_017 haiku b39,WAZN_NOT_IN_INV
AR10599,لَوْحَة,اسم جامد,2654,16619;16817,جهاز يحتوي على التحكم والتشغيل,لوح,فَعْلَةٌ,,,,,CANDIDATE,,L2_017 haiku b39,
AR10600,مِقْبَض,اسم جامد,2654,16679,جزء يُدار للتحكم بالآلة,قبض,مِفْعَلٌ,,,,,CANDIDATE,,L2_017 haiku b39,
AR10601,مُفَتَّاح,اسم جامد,2654,16680,جهاز له موضعا تشغيل أو إيقاف,فتح,مُفَعَّلٌ,,,,,CANDIDATE,,L2_017 haiku b39,
AR10602,تَحْكُّم,مصدر,2654,16754,جهاز لتوجيه وقيادة الآلة,حكم,,,,,,CANDIDATE,تَفْعُّل,L2_017 haiku b39,WAZN_NOT_IN_INV
AR10603,شُرْطَة,اسم جامد,2656,16626,جهة منظمة لإنفاذ القانون,شرط,فُعْلَةٌ,,,,,CANDIDATE,,L2_017 haiku b39,
AR10604,قِسْم,اسم جامد,2656,16627,قسم شرطي في منطقة معينة,قسم,فِعْلٌ,,,,,CANDIDATE,,L2_017 haiku b39,
AR10605,إِطْفَاء,مصدر,2656,17520,جهة مسؤولة عن مكافحة الحرائق,طفا,إِفْعَالٌ,,,,,CANDIDATE,,L2_017 haiku b39,ROOT_ALIF
AR10606,مَسْؤُولِيَّة,اسم جامد,2657,16631,المسؤولية عن تنفيذ عمل,سءل,مَفْعُولِيَّةٌ,,,,,CANDIDATE,,L2_017 haiku b39,ROOT_NORMALIZED
AR10607,مِسْؤول,صفة مشبهة,2657,16632,الشخص المسؤول عن الفعل,سءل,,,,,,CANDIDATE,مِفْعُول,L2_017 haiku b39,ROOT_NORMALIZED;WAZN_NOT_IN_INV
AR10608,وَرَاء,حرف,2657,16633,الشخص الذي يقف خلف الفعل والتخطيط,,,,,,,CANDIDATE,,L2_017 haiku b39,
AR10609,هُجُوم,اسم جامد,2658,16635;16637,هجوم يموت فيه المهاجم نفسه,هجم,فُعُولٌ,,,,,CANDIDATE,,L2_017 haiku b39,
AR10610,تفْجِير,مصدر,2658,16636,انفجار يموت فيه من فجّره,فجر,تَفْعِيلٌ,,,,,CANDIDATE,,L2_017 haiku b39,
AR10611,مُنتَحِر,اسم فاعل,2658,16638;16776,شخص يفجر نفسه ضد الأهداف,حرم,,,,,,CANDIDATE,مُنْتَفِل,L2_017 haiku b39,WAZN_LEMMA_MISMATCH;WAZN_NOT_IN_INV
AR10612,طَيّار,اسم جامد,2658,16937,جندي ينفذ هجوماً انتحارياً,طير,,,,,,CANDIDATE,فَيّال,L2_017 haiku b39,WAZN_NOT_IN_INV
AR10613,عُبْوَة,اسم جامد,2659,16691;16692;16789,عبوة ناسفة تُفجّر عن بعد,عبا,فُعْلَةٌ,,,,,CANDIDATE,,L2_017 haiku b39,ROOT_ALIF
AR10614,عَامِّي,اسم منسوب,2660,16645;16646,ما يتعلق بالعامة والشعب,عمم,,,,,,CANDIDATE,فَاعِلِي,L2_017 haiku b39,WAZN_LEMMA_MISMATCH;WAZN_NOT_IN_INV
AR10615,مُتَوَاضِع,صفة مشبهة,2660,16647,خاص بالناس البسطاء ولكن بإيجابية,وضع,مُتَفَاعِلٌ,,,,,CANDIDATE,,L2_017 haiku b39,
AR10616,عَادِي,صفة مشبهة,2660,16648,عام وبسيط ومتوسط الرتبة,عود,فَاعِلٌ,,,,,CANDIDATE,,L2_017 haiku b39,
AR10617,دَنِيء,صفة مشبهة,2660,16649,من الطبقة الاجتماعية المنخفضة,دنا,فَعِيلٌ,,,,,CANDIDATE,,L2_017 haiku b39,ROOT_ALIF
AR10618,عَامِل,اسم فاعل,2660,16650;16652,ما يتعلق بطبقة الشغالين,عمل,فَاعِلٌ,,,,,CANDIDATE,,L2_017 haiku b39,
AR10619,وَضِيع,صفة مشبهة,2660,16651,خاص بالناس الفقراء والعاديين,وضع,فَعِيلٌ,,,,,CANDIDATE,,L2_017 haiku b39,
AR10620,رَفِيع,صفة مشبهة,2660,16654,من الطبقة الاجتماعية العليا,رفع,فَعِيلٌ,,,,,CANDIDATE,,L2_017 haiku b39,
AR10621,نُقْطَة,اسم جامد,2662,16655,المكان الذي يُشغِّل منه الجهاز,نقط,فُعْلَةٌ,,,,,CANDIDATE,,L2_017 haiku b39,
AR10622,أَسَرَ,فعل,2663,16657;16659,أخذ الآخر تحت السيطرة ومنع هروبه,سير,,,,,,CANDIDATE,أَفْعَل,L2_017 haiku b39,WAZN_NOT_IN_INV
AR10623,حَجَزَ,فعل,2663,16690,وضع الفرد تحت الحراسة والحبس,حجز,,,,,,CANDIDATE,فَعَل,L2_017 haiku b39,WAZN_NOT_IN_INV
AR10624,أَسْر,مصدر,2663,16835,حدث أخذ شخص تحت الحبس والسيطرة,سير,أَفْعَلُ,,,,,CANDIDATE,,L2_017 haiku b39,
AR10625,حَرَّرَ,فعل,2665,16661,تحرير الأسير ضد إرادة آسره,حرر,,,,,,CANDIDATE,فَعَّل,L2_017 haiku b39,WAZN_NOT_IN_INV
AR10626,أَطْلَقَ,فعل,2665,17195,تحرير شخص من الحبس المفروض,طلق,,,,,,CANDIDATE,أَفْعَل,L2_017 haiku b39,WAZN_NOT_IN_INV
AR10627,خَاص,صفة مشبهة,2668,16673,فرد معين من مجموعة محددة,خصص,فَاعِلٌ,,,,,CANDIDATE,,L2_017 haiku b39,WAZN_LEMMA_MISMATCH
AR10628,مُعَيَّن,اسم مفعول,2668,16674;16676,محدد وواضح الهوية بالذات,عين,مُفَعَّلٌ,,,,,CANDIDATE,,L2_017 haiku b39,
AR10629,مُتَبَادَل,صفة مشبهة,2669,16675,ما يملكه أكثر من شخص,بدل,مُتَفَاعَلٌ,,,,,CANDIDATE,,L2_017 haiku b39,
AR10630,مُشْتَرَك,صفة مشبهة,2669,16677;16678;16761,ما يُستعمل من عدة جهات,شرك,مُفْتَعَلٌ,,,,,CANDIDATE,,L2_017 haiku b39,
AR10631,جَمَاعِي,اسم منسوب,2669,16762,ما تملكه المجموعة وإن لم يملكه الفرد,جمع,,,,,,CANDIDATE,فَعَالِي,L2_017 haiku b39,WAZN_NOT_IN_INV
AR10632,شَارَكَ,فعل,2669,17373,امتلاك صفة مشتركة مع الآخرين,شرك,,,,,,CANDIDATE,فَاعَل,L2_017 haiku b39,WAZN_NOT_IN_INV
AR10633,جُندِي,اسم جامد,2670,16701;16705,شخص يخدم في الجيش,جند,,,,,,CANDIDATE,فُعْلِي,L2_017 haiku b39,WAZN_NOT_IN_INV
AR10634,مُشَاة,اسم جامد,2670,16702,عضو في قوات المشاة البحرية,شيا,,,,,,CANDIDATE,مُفَاعَة,L2_017 haiku b39,ROOT_ALIF;WAZN_NOT_IN_INV
AR10635,بَحَّار,اسم جامد,2670,16703,عضو في القوات البحرية والأسطول,بحر,فَعَّالٌ,,,,,CANDIDATE,,L2_017 haiku b39,
AR10636,طَيَّار,اسم جامد,2670,16704,عضو في القوات الجوية,طير,فَعَّالٌ,,,,,CANDIDATE,,L2_017 haiku b39,
AR10637,عَسْكَرِي,اسم منسوب,2670,16764,فرد ينتمي للقوات المسلحة,عسكر,,,,,,CANDIDATE,فَعْكَرِي,L2_017 haiku b39,WAZN_NOT_IN_INV
AR10638,مَشِي,اسم فاعل,2670,16779,جندي في وحدة خاصة للعمليات,شيا,فَاعِلٌ,,,,,CANDIDATE,,L2_017 haiku b39,ROOT_ALIF
AR10639,مُدْفَعِي,اسم فاعل,2671,16706,عسكري يشغل المدفعية,دفع,,,,,,CANDIDATE,مُفْعَلِي,L2_017 haiku b39,WAZN_NOT_IN_INV
AR10640,قَنَّاص,اسم جامد,2671,16707,جندي يرمي من مسافة بعيدة,قنص,فَعَّالٌ,,,,,CANDIDATE,,L2_017 haiku b39,
AR10641,مُرَابِط,اسم فاعل,2671,16708,عسكري متخصص في الاتصالات,ربط,مُفَاعِلٌ,,,,,CANDIDATE,,L2_017 haiku b39,
AR10642,مُشَاة,اسم جامد,2671,16710,جندي يقاتل على الأقدام,شيا,,,,,,CANDIDATE,مُفَاعَة,L2_017 haiku b39,ROOT_ALIF;WAZN_NOT_IN_INV
AR10643,أَسْر,مصدر,2672,16711,حالة الحبس والسيطرة على الفرد,سير,أَفْعَلُ,,,,,CANDIDATE,,L2_017 haiku b39,
AR10644,أَسِير,اسم جامد,2672,16712,شخص محبوس تحت سيطرة آخر,سير,,,,,,CANDIDATE,أَفِيل,L2_017 haiku b39,WAZN_NOT_IN_INV
AR10645,مَسْجُون,اسم مفعول,2673,16718,شخص محبوس في السجن,سجن,مَفْعُولٌ,,,,,CANDIDATE,,L2_017 haiku b39,
AR10646,سِجْن,اسم جامد,2673,16719;16720;18321;18412,العقوبة بالحبس في السجن,سجن,فِعْلٌ,,,,,CANDIDATE,,L2_017 haiku b39,
AR10647,سَجِين,اسم جامد,2673,16721,الشخص المحبوس في السجن,سجن,فَعِيلٌ,,,,,CANDIDATE,,L2_017 haiku b39,
AR10648,قَضَى,فعل,2673,16732;16733,قضاء العقوبة السجنية,قضا,,,,,,CANDIDATE,فَعَل,L2_017 haiku b39,ROOT_ALIF;WAZN_NOT_IN_INV
AR10649,حَرَّرَ,فعل,2674,16713,تحرير شخص مسجون من حبسه,حرر,,,,,,CANDIDATE,فَعَّل,L2_017 haiku b39,WAZN_NOT_IN_INV
AR10650,وَدّ,اسم جامد,2675,16727,ينتمي إلى الطرف نفسه,ود,فَعْلٌ,,,,,CANDIDATE,,L2_017 haiku b40,ROOT_LEN
AR10651,عَدائِي,اسم منسوب,2675,16728,ينتمي إلى طرف مخالف,عدو,,,,,,CANDIDATE,فَعّالِي,L2_017 haiku b40,WAZN_NOT_IN_INV
AR10652,صَدِيق,اسم جامد,2675,16729,شخص متعاطف ومنضم,صدق,فَعِيلٌ,,,,,CANDIDATE,,L2_017 haiku b40,
AR10653,عَدُو,اسم جامد,2675,16730,فرد مناهض,عدو,فَعُلٌ,,,,,CANDIDATE,,L2_017 haiku b40,
AR10654,خَصْم,اسم جامد,2675,16731,طرف معارض,خصم,فَعْلٌ,,,,,CANDIDATE,,L2_017 haiku b40,
AR10655,عَمَلِيَّة,اسم جامد,2676,16734,أنشطة عسكرية منظمة,عمل,فَعَالِيَّةٌ,,,,,CANDIDATE,,L2_017 haiku b40,
AR10656,حَمْلَة,اسم جامد,2676,16735,عملية عسكرية واسعة,حمل,فَعْلَةٌ,,,,,CANDIDATE,,L2_017 haiku b40,
AR10657,هَجْمَة,اسم جامد,2677,16736,هجوم ردعي,هجم,فَعْلَةٌ,,,,,CANDIDATE,,L2_017 haiku b40,
AR10658,رَدَّ,فعل,2677,16737,يهاجم رداً,رد,,,,,,CANDIDATE,فَعَّ,L2_017 haiku b40,ROOT_LEN;WAZN_NOT_IN_INV
AR10659,هُجُوم,اسم جامد,2677,16738,هجوم واسع ردعي,هجم,فُعُولٌ,,,,,CANDIDATE,,L2_017 haiku b40,
AR10660,مُتَحَدّث,اسم فاعل,2678,16743,يعبر عن الآخرين,حدث,مُفَعَّلٌ,,,,,CANDIDATE,,L2_017 haiku b40,WAZN_LEMMA_MISMATCH
AR10661,حَجَزَ,فعل,2679,16749,يحتفظ بشيء,حجز,فَعَلَ,,,,,CANDIDATE,,L2_017 haiku b40,
AR10662,حَجْز,مصدر,2679,16750,احتفاظ مخصص,حجز,فَعْلٌ,,,,,CANDIDATE,,L2_017 haiku b40,
AR10663,احْتَفَظَ,فعل,2679,16751,يبقي مخصص,حفظ,اِفْتَعَلَ,,,,,CANDIDATE,,L2_017 haiku b40,
AR10664,حَجْز,اسم جامد,2679,16752;18809,ترتيب احتفاظ,حجز,فَعْلٌ,,,,,CANDIDATE,,L2_017 haiku b40,
AR10665,سِجِل,اسم جامد,2680,16757;16758,كتاب حسابات,سجل,,,,,,CANDIDATE,فِعِل,L2_017 haiku b40,WAZN_NOT_IN_INV
AR10666,تَسْجِيل,مصدر,2680,16759;16938,كيان الحفظ,سجل,تَفْعِيلٌ,,,,,CANDIDATE,,L2_017 haiku b40,
AR10667,يَوْمِيَّة,اسم جامد,2680,16760,كتاب تسجيل,يوم,فَعَالِيَّةٌ,,,,,CANDIDATE,,L2_017 haiku b40,
AR10668,عَمِلَ,فعل,2676,16763,يؤدي نشاطات عسكرية,عمل,فَعِلَ,,,,,CANDIDATE,,L2_017 haiku b40,
AR10669,سَهْم,اسم جامد,2682,16780,جزء من رأس مال,سهم,فَعْلٌ,,,,,CANDIDATE,,L2_017 haiku b40,
AR10670,عَادِي,صفة مشبهة,2682,16781;16784,سهم عادي,عاد,فَاعِلٌ,,,,,CANDIDATE,,L2_017 haiku b40,ROOT_ALIF
AR10671,مُمَتَاز,اسم فاعل,2682,16782,سهم ممتاز,متز,مُفَعَّلٌ,,,,,CANDIDATE,,L2_017 haiku b40,
AR10672,رَأْس مَال,تركيب,2682,16783,المال الجماعي,,,,,,,CANDIDATE,,L2_017 haiku b40,
AR10673,تَصْوِيتِي,اسم منسوب,2682,16785,سهم التصويت,صوت,,,,,,CANDIDATE,تَفْعِيلِي,L2_017 haiku b40,WAZN_NOT_IN_INV
AR10674,مَجْمُوعَة ضَابِطَة,تركيب,2683,16787,مجموعة بدون معالجة,,,,,,,CANDIDATE,,L2_017 haiku b40,
AR10675,مَجْمُوعَة,اسم جامد,2683,16788,أفراد بدون معالجة,جمع,,,,,,CANDIDATE,فَعْلُوعَة,L2_017 haiku b40,WAZN_LEMMA_MISMATCH;WAZN_NOT_IN_INV
AR10676,تَجْرِبَة,اسم جامد,2683,16793,اختبار محكوم,جرب,تَفْعِلَةٌ,,,,,CANDIDATE,,L2_017 haiku b40,
AR10677,دِرَاسَة,اسم جامد,2683,16794,تجربة محكومة,درس,فِعَالَةٌ,,,,,CANDIDATE,,L2_017 haiku b40,
AR10678,مُعَالَجَة,مصدر,2683,16795,تطبيق على أفراد,علج,مُفَاعَلَةٌ,,,,,CANDIDATE,,L2_017 haiku b40,
AR10679,اخْتَبَرَ,فعل,2683,16796,يجري تجربة,خبر,اِفْتَعَلَ,,,,,CANDIDATE,,L2_017 haiku b40,
AR10680,جَرَّبَ,فعل,2683,16797,يجري تجربة,جرب,فَعَّلَ,,,,,CANDIDATE,,L2_017 haiku b40,
AR10681,فَرْد,اسم جامد,2683,16798,شخص التجربة,فرد,فَعْلٌ,,,,,CANDIDATE,,L2_017 haiku b40,
AR10682,هَارِب,اسم فاعل,2684,16805;16806;16807;16808;16809,شخص هارب,هرب,فَاعِلٌ,,,,,CANDIDATE,,L2_017 haiku b40,
AR10683,عُنْف,اسم جامد,2685,16813,فعل يسبب ضرر,عنف,فُعْلٌ,,,,,CANDIDATE,,L2_017 haiku b40,
AR10684,وَحْشِيَّة,اسم جامد,2685,16814,فعل قاسٍ,وحش,فَعْلِيَّةٌ,,,,,CANDIDATE,,L2_017 haiku b40,
AR10685,غَلْظَة,اسم جامد,2685,16815,فعل قسوة,غلظ,فَعْلَةٌ,,,,,CANDIDATE,,L2_017 haiku b40,
AR10686,فَرْضِيَّة,اسم جامد,2683,16816,تخمين قابل للاختبار,فرض,فَعْلِيَّةٌ,,,,,CANDIDATE,,L2_017 haiku b40,
AR10687,سَدّ,فعل,2686,16818;16822,يحجب المدخل,سدد,,,,,,CANDIDATE,فَعَّ,L2_017 haiku b40,WAZN_NOT_IN_INV
AR10688,حَاصَرَ,فعل,2686,16819,يمنع الدخول,حصر,فَاعَلَ,,,,,CANDIDATE,,L2_017 haiku b40,
AR10689,طَوَّقَ,فعل,2686,16820,يحجب بالحصار,طوق,فَعَّلَ,,,,,CANDIDATE,,L2_017 haiku b40,
AR10690,حَاجِز,اسم فاعل,2686,16821,حاجز طريق,حجز,فَاعِلٌ,,,,,CANDIDATE,,L2_017 haiku b40,
AR10691,حَيّ,اسم جامد,2687,16824,جزء مدينة متميز,حيي,,,,,,CANDIDATE,فَعّ,L2_017 haiku b40,WAZN_NOT_IN_INV
AR10692,جَيْب,اسم جامد,2687,16825,منطقة منعزلة,جيب,فَعْلٌ,,,,,CANDIDATE,,L2_017 haiku b40,
AR10693,حِزَام,اسم جامد,2687,16826,منطقة ممتدة,حزم,فِعَالٌ,,,,,CANDIDATE,,L2_017 haiku b40,
AR10694,تَسَاوُم,مصدر,2688,16827,اتفاق بالتنازل,سوم,تَفَاعُلٌ,,,,,CANDIDATE,,L2_017 haiku b40,
AR10695,تَسْوِيَة,مصدر,2688,16828,اتفاق متبادل,سوي,تَفْعِلَةٌ,,,,,CANDIDATE,,L2_017 haiku b40,
AR10696,تَوَاسُط,مصدر,2688,16829,اتفاق بالتنازل,وسط,تَفَاعُلٌ,,,,,CANDIDATE,,L2_017 haiku b40,
AR10697,ضَحّى,فعل,2689,16830,يتنازل من أجل,ضحي,,,,,,CANDIDATE,فَعَّى,L2_017 haiku b40,WAZN_NOT_IN_INV
AR10698,تَسَاهَلَ,فعل,2689,16831,يتنازل لصالح,سهل,تَفَاعَلَ,,,,,CANDIDATE,,L2_017 haiku b40,
AR10699,طَوّرَ,فعل,2691,16833,يتقدم بمنتج,طور,فَعَّلَ,,,,,CANDIDATE,,L2_017 haiku b40,
AR10700,تَطْوِير,مصدر,2691,16834,تقدم المنتج,طور,تَفْعِيلٌ,,,,,CANDIDATE,,L2_017 haiku b40,
AR10701,تَطَوّرَ,فعل,2693,16860,ينتقل بيولوجياً,طور,تَفَعَّلَ,,,,,CANDIDATE,,L2_017 haiku b40,
AR10702,تَطَوّر,مصدر,2693,16861,انتقال بيولوجي,طور,تَفَعُّلٌ,,,,,CANDIDATE,,L2_017 haiku b40,
AR10703,نَمَى,فعل,2693,16862,ينمو بيولوجياً,نمو,,,,,,CANDIDATE,فَعَى,L2_017 haiku b40,WAZN_NOT_IN_INV
AR10704,نُمُو,مصدر,2693,16863,النمو البيولوجي,نمو,فُعُولٌ,,,,,CANDIDATE,,L2_017 haiku b40,
AR10705,طَلَبَ,فعل,2700,16878,يطلب شيئاً,طلب,فَعَلَ,,,,,CANDIDATE,,L2_017 haiku b40,
AR10706,طَلَب,اسم جامد,2700,16879,طلب تقديم,طلب,فَعَلٌ,,,,,CANDIDATE,,L2_017 haiku b40,
AR10707,أَمْر,اسم جامد,2700,16880,وثيقة طلب,ءمر,فَعْلٌ,,,,,CANDIDATE,,L2_017 haiku b40,ROOT_NORMALIZED
AR10708,مَمْلَكَة,اسم جامد,2701,16883,أعلى تصنيف,ملك,فَعْلَةٌ,,,,,CANDIDATE,,L2_017 haiku b40,WAZN_LEMMA_MISMATCH
AR10709,شُعْبَة,اسم جامد,2701,16884,فئة تصنيفية,شعب,فُعْلَةٌ,,,,,CANDIDATE,,L2_017 haiku b40,
AR10710,طَائِفَة,اسم جامد,2701,16885,فئة تصنيفية,طيف,فَاعِلَةٌ,,,,,CANDIDATE,,L2_017 haiku b40,
AR10711,رُتْبَة,اسم جامد,2701,16886,فئة تصنيفية,رتب,فُعْلَةٌ,,,,,CANDIDATE,,L2_017 haiku b40,
AR10712,فَصِيلَة,اسم جامد,2701,16887,فئة تصنيفية,فصل,فَعِيلَةٌ,,,,,CANDIDATE,,L2_017 haiku b40,
AR10713,جِنْس,اسم جامد,2701,16888,فئة تصنيفية,جنس,فِعْلٌ,,,,,CANDIDATE,,L2_017 haiku b40,
AR10714,نَوْع,اسم جامد,2701,16889,فئة متخصصة,نوع,فَعْلٌ,,,,,CANDIDATE,,L2_017 haiku b40,
AR10715,مَجَال,اسم جامد,2701,16890,أعلى مستوى,مجل,فَعَالٍ,,,,,CANDIDATE,,L2_017 haiku b40,
AR10716,تَرَنَّحَ,فعل,2703,16907,قد يسقط,رنح,تَفَعَّلَ,,,,,CANDIDATE,,L2_017 haiku b40,
AR10717,مُتَوَازِن,اسم فاعل,2703,16908,وضع غير مستقر,وزن,مُتَفَاعِلٌ,,,,,CANDIDATE,,L2_017 haiku b40,
AR10718,فَوْضَى,اسم جامد,2705,16916,حالة اضطراب,فوض,فَعْلَى (لغير التأنيث),,,,,CANDIDATE,,L2_017 haiku b40,
AR10719,اضْطِرَاب,مصدر,2705,16917,حالة فوضى,طرب,اِفْتِعَالٌ,,,,,CANDIDATE,,L2_017 haiku b40,WAZN_LEMMA_MISMATCH
AR10720,نِظَام,اسم جامد,2705,16918,حالة منظمة,نظم,فِعَالٌ,,,,,CANDIDATE,,L2_017 haiku b40,
AR10721,بِلْبِلَة,اسم جامد,2705,16919,حالة فوضى,بلبل,,,,,,CANDIDATE,فِعْفِلَة,L2_017 haiku b40,WAZN_NOT_IN_INV
AR10722,فَوْضَوِيَّة,اسم جامد,2705,16923,غياب النظام,فوض,,,,,,CANDIDATE,فَعْلَوِيَّة,L2_017 haiku b40,WAZN_NOT_IN_INV
AR10723,حِصَار,اسم جامد,2686,16926,منع الدخول,حصر,فِعَالٌ,,,,,CANDIDATE,,L2_017 haiku b40,
AR10724,مَرِيض,اسم جامد,2708,16929,شخص تحت رعاية,مرض,فَاعِلٌ,,,,,CANDIDATE,,L2_017 haiku b40,
AR10725,طَبِيب,اسم جامد,2708,16930,متخصص طبي,طبب,فَاعِلٌ,,,,,CANDIDATE,,L2_017 haiku b40,
AR10726,مُمَرّضَة,اسم جامد,2708,16931,متخصصة طبية,مرض,مُفَعِّلَةٌ,,,,,CANDIDATE,,L2_017 haiku b40,
AR10727,جَرّاح,اسم جامد,2708,16932,طبيب جراح,جرح,فَعَّالٌ,,,,,CANDIDATE,,L2_017 haiku b40,
AR10728,رِعَايَة,مصدر,2708,16936,إشراف طبي,رعي,فِعَالَةٌ,,,,,CANDIDATE,,L2_017 haiku b40,
AR10729,غِيَاب,مصدر,2709,16944,عدم حضور,غيب,فِعَالٌ,,,,,CANDIDATE,,L2_017 haiku b40,
AR10730,إِجَازَة,اسم جامد,2709,16945;16946;16947;16951,فترة غياب,جوز,إِفَالَةٌ,,,,,CANDIDATE,,L2_017 haiku b40,
AR10731,عُطْلَة,اسم جامد,2709,16949;16950,فترة راحة,عطل,فُعْلَةٌ,,,,,CANDIDATE,,L2_017 haiku b40,
AR10732,رَاحَة,مصدر,2709,16952,فترة بعيداً,روح,,,,,,CANDIDATE,فَاعَة,L2_017 haiku b40,WAZN_NOT_IN_INV
AR10733,مُظْلِم,صفة مشبهة,2712,16968;16971;16972,يفتقد الضوء,ظلم,مُفْعِلٌ,,,,,CANDIDATE,,L2_017 haiku b40,
AR10734,خَافِت,صفة مشبهة,2712,16969,به ضوء قليل,خفت,فَاعِلٌ,,,,,CANDIDATE,,L2_017 haiku b40,
AR10735,أَسْوَد,صفة مشبهة,2712,16970,بدون ضوء,سود,أَفْعَلُ,,,,,CANDIDATE,,L2_017 haiku b40,
AR10736,مُضِيء,صفة مشبهة,2712,16973;16982,به ضوء وافر,ضيء,,,,,,CANDIDATE,مُفِيل,L2_017 haiku b40,WAZN_NOT_IN_INV
AR10737,مُشْرِق,صفة مشبهة,2712,16974,مليء بالضوء,شرق,مُفْعِلٌ,,,,,CANDIDATE,,L2_017 haiku b40,
AR10738,إِجَازَة مَدْفُوعَة,تركيب,2709,16976,إجازة برواتب,,,,,,,CANDIDATE,,L2_017 haiku b40,
AR10739,مُشْمِس,صفة مشبهة,2712,16981,مضاء بالشمس,شمس,مُفْعِلٌ,,,,,CANDIDATE,,L2_017 haiku b40,
AR10740,بِلا شَمْس,تركيب,2712,16983,خالِ من الشمس,,,,,,,CANDIDATE,,L2_017 haiku b40,
AR10741,بِلا قَمَر,تركيب,2712,16984,خالِ من القمر,,,,,,,CANDIDATE,,L2_017 haiku b40,
AR10742,ظَلِيل,صفة مشبهة,2712,16985,يحجب الضوء,ظلل,فَعِيلٌ,,,,,CANDIDATE,,L2_017 haiku b40,
AR10743,مُتَفَائِل,اسم فاعل,2713,16989,له نظرة إيجابية,فءل,مُتَفَاعِلٌ,,,,,CANDIDATE,,L2_017 haiku b40,ROOT_NORMALIZED
AR10744,مُتَشَائِم,اسم فاعل,2713,16990,له نظرة سلبية,شءم,مُتَفَاعِلٌ,,,,,CANDIDATE,,L2_017 haiku b40,ROOT_NORMALIZED
AR10745,مُؤَمّل,اسم فاعل,2713,16991,موقف متفائل,ءمل,,,,,,CANDIDATE,مُفَعّل,L2_017 haiku b40,ROOT_NORMALIZED;WAZN_NOT_IN_INV
AR10746,إِيجَابِي,اسم منسوب,2713,16992,نظرة إيجابية,يجب,,,,,,CANDIDATE,إِفَالِي,L2_017 haiku b40,WAZN_NOT_IN_INV
AR10747,سَلْبِي,اسم منسوب,2713,16993,نظرة سلبية,سلب,,,,,,CANDIDATE,فَعْلِي,L2_017 haiku b40,WAZN_NOT_IN_INV
AR10748,آيِس,اسم فاعل,2713,16994,بلا أمل,ييس,فَاعِلٌ,,,,,CANDIDATE,,L2_017 haiku b40,
AR10749,كَئِيب,صفة مشبهة,2713,16995,موقف منقبض,كيب,فَعِيلٌ,,,,,CANDIDATE,,L2_017 haiku b40,
AR10750,حَدّ,فعل,2714,16997,يحدد الخيارات,حدد,,,,,,CANDIDATE,فَعَّ,L2_017 haiku b40,WAZN_NOT_IN_INV
AR10751,حَد,اسم جامد,2715,16999,حدود إمكانيات,حدد,فَعْلٌ,,,,,CANDIDATE,,L2_017 haiku b40,WAZN_LEMMA_MISMATCH
AR10752,قَيْد,اسم جامد,2715,17000,حد الإمكانيات,قيد,فَعْلٌ,,,,,CANDIDATE,,L2_017 haiku b40,
AR10753,اسْتِخْدَام,مصدر,2717,17007,غرض الاستعمال,خدم,اِسْتِفْعَالٌ,,,,,CANDIDATE,,L2_017 haiku b40,
AR10754,وَظِيفَة,اسم جامد,2717,17008,نشاط الأداة,وظف,فَاعِلَةٌ,,,,,CANDIDATE,,L2_017 haiku b40,
AR10755,ظَهَرَ,فعل,2718,17009,يظهر علامات,ظهر,فَعَلَ,,,,,CANDIDATE,,L2_017 haiku b40,
AR10756,ظُهُور,مصدر,2718,17010,يظهر الحالة,ظهر,فُعُولٌ,,,,,CANDIDATE,,L2_017 haiku b40,
AR10757,أَظْهَرَ,فعل,2718,17011;17063,يعرض علامات,ظهر,أَفْعَلَ,,,,,CANDIDATE,,L2_017 haiku b40,
AR10758,عَرَض,اسم جامد,2718,17012,انحراف عن الطبيعي,عرض,فَعَلٌ,,,,,CANDIDATE,,L2_017 haiku b40,
AR10759,عَرَضِي,اسم منسوب,2718,17013,يكون عرضاً,عرض,,,,,,CANDIDATE,فَعَلِي,L2_017 haiku b40,WAZN_NOT_IN_INV
AR10760,بِلا عَرَض,تركيب,2718,17014,بدون أعراض,,,,,,,CANDIDATE,,L2_017 haiku b40,
AR10761,سَبّب,فعل,2718,17015,يُحدِث سبب,سبب,فَعَّلَ,,,,,CANDIDATE,,L2_017 haiku b40,
AR10762,وَظِيفَة,اسم جامد,2716,17016,نشاط أساسي,وظف,فَاعِلَةٌ,,,,,CANDIDATE,,L2_017 haiku b40,
AR10763,غَرَض,اسم جامد,2716,17017,سبب الوجود,غرض,فَعَلٌ,,,,,CANDIDATE,,L2_017 haiku b40,
AR10764,دَالَّة,اسم جامد,2719,17018,علاقة رياضية,دول,فَاعِلَةٌ,,,,,CANDIDATE,,L2_017 haiku b40,
AR10765,مُعَادَلَة,اسم جامد,2719,17019,تساوي تعبيرين,عدل,مُفَاعَلَةٌ,,,,,CANDIDATE,,L2_017 haiku b40,
AR10766,صِيغَة,اسم جامد,2719,17020,علاقة بالرموز,صيغ,فِعْلَةٌ,,,,,CANDIDATE,,L2_017 haiku b40,
AR10767,شَدِيد,صفة مشبهة,2720,17024,عالِ الشدة,شدد,فَعِيلٌ,,,,,CANDIDATE,,L2_017 haiku b40,
AR10768,فَائِدَة,اسم جامد,2721,17025,ميزة أو ربح,فيد,فَاعِلَةٌ,,,,,CANDIDATE,,L2_017 haiku b40,
AR10769,انْتَفَعَ,فعل,2721,17026,يحصل على ميزة,نفع,اِفْتَعَلَ,,,,,CANDIDATE,,L2_017 haiku b40,
AR10770,قَاسِي,صفة مشبهة,2722,17028,صارم بسيط,قسي,فَاعِلٌ,,,,,CANDIDATE,,L2_017 haiku b40,
AR10771,بَسِيط,صفة مشبهة,2722,17029,بدون زخرفة,بسط,فَعِيلٌ,,,,,CANDIDATE,,L2_017 haiku b40,
AR10772,عَارِي,صفة مشبهة,2722,17030,بسيط جداً,عري,فَاعِلٌ,,,,,CANDIDATE,,L2_017 haiku b40,
AR10773,مُعَقّد,اسم فاعل,2722,17031,معقد ومختلط,عقد,مُفَعَّلٌ,,,,,CANDIDATE,,L2_017 haiku b40,
AR10774,تَنْبِيه,مصدر,2723,17034,حالة استعداد,نبه,تَفْعِيلٌ,,,,,CANDIDATE,,L2_017 haiku b40,
AR10775,حِرَاسَة,مصدر,2723,17035,موقف الحماية,حرس,فِعَالَةٌ,,,,,CANDIDATE,,L2_017 haiku b40,
AR10776,قَوِي,صفة مشبهة,2724,17036,قوي التأثير,قوي,فَعِيلٌ,,,,,CANDIDATE,,L2_017 haiku b40,
AR10777,فَعّال,صفة مشبهة,2724,17037,قوي التأثير,فعل,فَعَّالٌ,,,,,CANDIDATE,,L2_017 haiku b40,
AR10778,قَاسِي,صفة مشبهة,2724,17038,قوي التأثير,قسي,فَاعِلٌ,,,,,CANDIDATE,,L2_017 haiku b40,
AR10779,قَوِي,صفة مشبهة,2720,17039,عالِ الشدة,قوي,فَعِيلٌ,,,,,CANDIDATE,,L2_017 haiku b40,
AR10780,حَذّرَ,فعل,2730,17042,ينبه من خطر,حذر,فَعَّلَ,,,,,CANDIDATE,,L2_017 haiku b40,
AR10781,تَحْذِير,مصدر,2730,17043,رسالة تنبيه,حذر,تَفْعِيلٌ,,,,,CANDIDATE,,L2_017 haiku b40,
AR10782,إِنْذَار,مصدر,2730,17044,رسالة تحذير,نذر,إِفْعَالٌ,,,,,CANDIDATE,,L2_017 haiku b40,
AR10783,نَذّرَ,فعل,2730,17045,ينبه مسبقاً,نذر,فَعَّلَ,,,,,CANDIDATE,,L2_017 haiku b40,
AR10784,سَبَب,اسم جامد,2718,17060,سبب الحالة,سبب,فَعَلٌ,,,,,CANDIDATE,,L2_017 haiku b40,
AR10785,رَبَطَ,فعل,2718,17061;17066,يربط العرض,ربط,فَعَلَ,,,,,CANDIDATE,,L2_017 haiku b40,
AR10786,حَاكَى,فعل,2718,17062,يأخذ شكل,حكي,فَاعَلَ,,,,,CANDIDATE,,L2_017 haiku b40,
AR10787,رَأَى,فعل,2718,17064,يلاحظ,رءي,فَعَلَ,,,,,CANDIDATE,,L2_017 haiku b40,ROOT_NORMALIZED
AR10788,أَنْتَجَ,فعل,2718,17065,ينتج,نتج,أَفْعَلَ,,,,,CANDIDATE,,L2_017 haiku b40,
AR10789,تَضَمّنَ,فعل,2718,17067,يكون جزءاً,ضمن,تَفَعَّلَ,,,,,CANDIDATE,,L2_017 haiku b40,
AR10790,دَفَنَ,فعل,2740,17069,يضع تحت الأرض,دفن,فَعَلَ,,,,,CANDIDATE,,L2_017 haiku b40,
AR10791,ارْتَبَطَ,فعل,2718,17072,يرى معها,ربط,اِفْتَعَلَ,,,,,CANDIDATE,,L2_017 haiku b40,
AR10792,عَالَجَ,فعل,2741,17073,يخفف الأعراض,علج,فَاعَلَ,,,,,CANDIDATE,,L2_017 haiku b40,
AR10793,وَسَمَ,فعل,2718,17074,يعرّف,وسم,فَعَلَ,,,,,CANDIDATE,,L2_017 haiku b40,
AR10794,مِفْتَاح,اسم جامد,2743,17076,جسم معدني,فتح,مِفْعَالٌ,,,,,CANDIDATE,,L2_017 haiku b40,
AR10795,تَرْكِيبَة,اسم جامد,2743,17077,سلسلة رموز,ركب,تَفْعِلَةٌ,,,,,CANDIDATE,,L2_017 haiku b40,
AR10796,كَلِمَة سِرّ,تركيب,2743,17078,سلسلة أحرف,,,,,,,CANDIDATE,,L2_017 haiku b40,
AR10797,بِطَاقَة,اسم جامد,2743,17079,بطاقة الدخول,بطق,فِعَالَةٌ,,,,,CANDIDATE,,L2_017 haiku b40,
AR10798,بِطَاقَة مِفْتَاح,تركيب,2743,17080,بطاقة للدخول,,,,,,,CANDIDATE,,L2_017 haiku b40,
AR10799,بِسَبَب,حرف,2718,17090,يشير للسبب,,,,,,,CANDIDATE,,L2_017 haiku b40,
AR10800,نَتَجَ,فعل,2718,17091,يؤدي,نتج,فَعَلَ,,,,,CANDIDATE,,L2_017 haiku b40,
AR10801,زَادَ,فعل,2750,17093,يرفع,زيد,فَعَلَ,,,,,CANDIDATE,,L2_017 haiku b40,
AR10802,نَتِيجَة,اسم جامد,2718,17094;17109,نتيجة,نتج,فَعِيلَةٌ,,,,,CANDIDATE,,L2_017 haiku b40,
AR10803,أَسْهَمَ,فعل,2718,17101,يساهم,سهم,أَفْعَلَ,,,,,CANDIDATE,,L2_017 haiku b40,
AR10804,حَثّ,فعل,2718,17102,يبدأ,حثث,,,,,,CANDIDATE,فَعَّ,L2_017 haiku b40,WAZN_NOT_IN_INV
AR10805,حَاضِر,صفة مشبهة,2718,17103,موجود,حضر,فَاعِلٌ,,,,,CANDIDATE,,L2_017 haiku b40,
AR10806,اسْتَثَارَ,فعل,2718,17104,يبدأ,ثور,اِسْتَفْعَلَ,,,,,CANDIDATE,,L2_017 haiku b40,
AR10807,ضَعّفَ,فعل,2750,17105,يعيق,ضعف,فَعَّلَ,,,,,CANDIDATE,,L2_017 haiku b40,
AR10808,أَدّى,فعل,2718,17110,يؤثر,ءدي,,,,,,CANDIDATE,أَفّى,L2_017 haiku b40,ROOT_NORMALIZED;WAZN_NOT_IN_INV
AR10809,حَفّزَ,فعل,2750,17111;17143,يجعل نشطاً,حفز,فَعَّلَ,,,,,CANDIDATE,,L2_017 haiku b40,
AR10810,مَنَعَ,فعل,2750,17112,يعيق,منع,فَعَلَ,,,,,CANDIDATE,,L2_017 haiku b40,
AR10811,تَطَوّرَ,فعل,2741,17113,يصبح تدريجياً,طور,تَفَعَّلَ,,,,,CANDIDATE,,L2_017 haiku b40,
AR10812,دَلّ,فعل,2741,17114,يوصي,دلل,,,,,,CANDIDATE,فَعَّ,L2_017 haiku b40,WAZN_NOT_IN_INV
AR10813,دَلّ,فعل,2718,17115,يقترح,دلل,,,,,,CANDIDATE,فَعَّ,L2_017 haiku b40,WAZN_NOT_IN_INV
AR10814,تَكَوّنَ,فعل,2741,17116,يتألف,كون,تَفَعَّلَ,,,,,CANDIDATE,,L2_017 haiku b40,
AR10815,حَاوَلَ,فعل,2741,17117,يحاول,حول,فَاعَلَ,,,,,CANDIDATE,,L2_017 haiku b40,
AR10816,مَنَعَ,فعل,2741,17134,يوقف,منع,فَعَلَ,,,,,CANDIDATE,,L2_017 haiku b40,
AR10817,غَيْر شَائِع,تركيب,2718,17136,غير معتاد,,,,,,,CANDIDATE,,L2_017 haiku b40,
AR10818,شَائِع,صفة مشبهة,2718,17137,معتاد,شيع,فَاعِلٌ,,,,,CANDIDATE,,L2_017 haiku b40,
AR10819,اقْتَرَحَ,فعل,2718,17138,يلمح,قرح,اِفْتَعَلَ,,,,,CANDIDATE,,L2_017 haiku b40,
AR10820,أَضَرّ,فعل,2718,17142,يؤذي,ضرر,أَفْعَلَ,,,,,CANDIDATE,,L2_017 haiku b40,WAZN_LEMMA_MISMATCH
AR10821,حَدَثَ,فعل,2718,17144,يقع,حدث,فَعَلَ,,,,,CANDIDATE,,L2_017 haiku b40,
AR10822,لَاحَظَ,فعل,2718,17145,يشهد,لحظ,فَاعَلَ,,,,,CANDIDATE,,L2_017 haiku b40,
AR10823,نَتَجَ,فعل,2741,17146,يحدث,نتج,فَعَلَ,,,,,CANDIDATE,,L2_017 haiku b40,
AR10824,صِفَة,اسم جامد,2718,17147,علامة,صفة,فِعَلَةٌ,,,,,CANDIDATE,,L2_017 haiku b40,
AR10825,مُتَكَرِّر,اسم فاعل,2718,17150,متكرر,كرر,مُتَفَعِّلٌ,,,,,CANDIDATE,,L2_017 haiku b40,
AR10826,عَامَلَ,فعل,2770,17160,يتعامل,عمل,فَاعَلَ,,,,,CANDIDATE,,L2_017 haiku b40,
AR10827,سَاءَ الْمُعَامَلَة,تركيب,2770,17161,يسيء التعامل,,,,,,,CANDIDATE,,L2_017 haiku b40,
AR10828,اسْتَعْمَلَ,فعل,2770,17162,يسيء الاستعمال,عمل,اِسْتَفْعَلَ,,,,,CANDIDATE,,L2_017 haiku b40,
AR10829,أَقْرَضَ,فعل,2781,17180;17181,يعطي مؤقتاً,قرض,أَفْعَلَ,,,,,CANDIDATE,,L2_017 haiku b40,
AR10830,قَرْض,اسم جامد,2781,17182,شيء معطى مؤقتاً,قرض,فَعْلٌ,,,,,CANDIDATE,,L2_017 haiku b40,
AR10831,اسْتَقْرَضَ,فعل,2783,17183,يأخذ مؤقتاً,قرض,اِسْتَفْعَلَ,,,,,CANDIDATE,,L2_017 haiku b40,
AR10832,ضَعِيف,صفة مشبهة,2720,17201,قليل الشدة,ضعف,فَعِيلٌ,,,,,CANDIDATE,,L2_017 haiku b40,
AR10833,مُمَثّل,اسم مفعول,2678,17210,يتصرف نيابة,مثل,مُفَعَّلٌ,,,,,CANDIDATE,,L2_017 haiku b40,
AR10834,مُتَحَدّثَة,اسم فاعل,2678,17211,تعبر عن الآخرين,حدث,مُفَعَّلَةٌ,,,,,CANDIDATE,,L2_017 haiku b40,WAZN_LEMMA_MISMATCH
AR10835,نَاطِق,اسم فاعل,2678,17212,يتحدث نيابة,نطق,فَاعِلٌ,,,,,CANDIDATE,,L2_017 haiku b40,
AR10836,صِنْف,اسم جامد,2701,17265,تقسيم متميز,صنف,فِعْلٌ,,,,,CANDIDATE,,L2_017 haiku b40,
AR10837,احْتَفَظَ,فعل,2800,17338,يستمر,حفظ,اِفْتَعَلَ,,,,,CANDIDATE,,L2_017 haiku b40,
AR10838,أَمْسَكَ,فعل,2800,17339,يحافظ,مسك,أَفْعَلَ,,,,,CANDIDATE,,L2_017 haiku b40,
AR10839,تَمَسّكَ,فعل,2800,17340,يحافظ,مسك,تَفَعَّلَ,,,,,CANDIDATE,,L2_017 haiku b40,
AR10840,تَشَبّثَ,فعل,2800,17341,يحافظ,شبث,تَفَعَّلَ,,,,,CANDIDATE,,L2_017 haiku b40,
AR10841,تَغَيّبَ,فعل,2709,17363,يبتعد عن,غيب,تَفَعَّلَ,,,,,CANDIDATE,,L2_017 haiku b40,
AR10842,شَارَكَ,فعل,2810,17375,يستعمل مع,شرك,فَاعَلَ,,,,,CANDIDATE,,L2_017 haiku b40,
AR10843,أَطْفَأَ,فعل,2820,17436;17438;17439,يخمد النار,طفا,أَفْعَلَ,,,,,CANDIDATE,,L2_017 haiku b40,ROOT_ALIF
AR10844,خَنَقَ,فعل,2820,17437,يطفئ,خنق,فَعَلَ,,,,,CANDIDATE,,L2_017 haiku b40,
AR10845,أَخْمَدَ,فعل,2820,17440,يوقف الاحتراق,خمد,أَفْعَلَ,,,,,CANDIDATE,,L2_017 haiku b40,
AR10846,نَفَخَ,فعل,2820,17441,يطفئ بالنفخ,نفخ,فَعَلَ,,,,,CANDIDATE,,L2_017 haiku b40,
AR10847,دَاسَ,فعل,2820,17442,يطفئ بالوطء,دوس,فَعَلَ,,,,,CANDIDATE,,L2_017 haiku b40,
AR10848,طَفّأَ,فعل,2820,17443,يطفئ اللهب,طفا,فَعَّلَ,,,,,CANDIDATE,,L2_017 haiku b40,ROOT_ALIF
AR10849,انْطَفَأَ,فعل,2823,17445;17447;17449,توقف الاحتراق,طفا,اِنْفَعَلَ,,,,,CANDIDATE,,L2_017 haiku b40,ROOT_ALIF
AR10850,احْتَرَقَ,فعل,2823,17446,توقف الاحتراق,حرق,اِفْتَعَلَ,,,,,CANDIDATE,,L2_017 haiku b40,
AR10851,مُزدَحِم,اسم فاعل,2722,18045,مليء بالأشياء,زحم,مُفْتَعِلٌ,,,,,CANDIDATE,,L2_017 haiku b40,WAZN_LEMMA_MISMATCH
AR10852,عَدَم اسْتِقْرَار,تركيب,2703,18549,نقص الاستقرار,,,,,,,CANDIDATE,,L2_017 haiku b40,
AR10853,غَيْر مُسْتَقِرّ,صفة مشبهة,2703,18550,غير مستقر,قرر,,,,,,CANDIDATE,فَيْر فَاعِل,L2_017 haiku b40,WAZN_LEMMA_MISMATCH;WAZN_NOT_IN_INV
AR10854,غَيْر ثَابِت,صفة مشبهة,2703,18551,غير ثابت,ثبت,,,,,,CANDIDATE,فَيْر فَاعِل,L2_017 haiku b40,WAZN_LEMMA_MISMATCH;WAZN_NOT_IN_INV
AR10855,شَغَب,اسم جامد,2705,18613,اضطراب صاخب,شغب,فَعَلٌ,,,,,CANDIDATE,,L2_017 haiku b40,
AR10856,اسْتِقْرَار,مصدر,2703,18652,حالة الثبات,قرر,اِفْتِعَالٌ,,,,,CANDIDATE,,L2_017 haiku b40,WAZN_LEMMA_MISMATCH
AR10857,مُسْتَقِرّ,اسم فاعل,2703,18653,ثابت الموضع,قرر,مُفْتَعِلٌ,,,,,CANDIDATE,,L2_017 haiku b40,WAZN_LEMMA_MISMATCH
AR10858,رَاسِخ,اسم فاعل,2703,18654,ثابت القاعدة,رسخ,فَاعِلٌ,,,,,CANDIDATE,,L2_017 haiku b40,
AR10859,اشْتَعَلَ,فعل,2824,17450;17589,إصدار الحرارة والضوء من احتراق الوقود,شعل,اِفْتَعَلَ,,,,,CANDIDATE,,L2_017 haiku b41,
AR10860,حَرِيق,اسم جامد,2824,17451,اشتعال ضخم وشديد ينجم عنه تدمير كامل,حرق,فَعِيلٌ,,,,,CANDIDATE,,L2_017 haiku b41,
AR10861,جَحِيم,اسم جامد,2824,17452,حريق كبير جداً ومروع,جحم,فَعِيلٌ,,,,,CANDIDATE,,L2_017 haiku b41,
AR10862,نَار,اسم جامد,2824,17455,احتراق المواد القابلة للاشتعال,نور,فَعَلٌ,,,,,CANDIDATE,,L2_017 haiku b41,
AR10863,بُؤْرَة,اسم جامد,2824,17460,نقطة من الحرارة الشديدة داخل حريق مشتعل,بءر,فُعْلَةٌ,,,,,CANDIDATE,,L2_017 haiku b41,ROOT_NORMALIZED
AR10864,نَار مُضَادَّة,تركيب,2824,17466,حريق يحرق الوقود لمنع احتراقه من نار أخرى,,,,,,,CANDIDATE,,L2_017 haiku b41,
AR10865,نَار المُخَيَّم,تركيب,2824,17481,نار مشعلة في موقع إقامة مؤقتة غالباً في البرية,,,,,,,CANDIDATE,,L2_017 haiku b41,
AR10866,أَلْسِنَة,اسم جامد,2824,17483,وصف النار بالاستعارة من خلال ألسنتها,لسن,فَعِلَةٌ,,,,,CANDIDATE,,L2_017 haiku b41,WAZN_LEMMA_MISMATCH
AR10867,حَرِيق الشَّرَر,تركيب,2824,17484,حريق ينشأ عندما تسقط جمرة على موقع قابل للاشتعال,,,,,,,CANDIDATE,,L2_017 haiku b41,
AR10868,تَوَهُّج,اسم جامد,2824,17489,حريق غير مسيطر عليه,وهج,تَفَعُّلٌ,,,,,CANDIDATE,,L2_017 haiku b41,
AR10869,التَهَبَ,فعل,2824,17490,احتراق قوي وشديد,لهب,اِفْتَعَلَ,,,,,CANDIDATE,,L2_017 haiku b41,
AR10870,مُشْتَعِل,صفة مشبهة,2824,17503,يوصف بكونه مشتعلاً,شعل,مُفْتَعِلٌ,,,,,CANDIDATE,,L2_017 haiku b41,
AR10871,حَرِيق الحَشَائِش,تركيب,2824,17534,حريق يتوقد بحطام الحشائش والنباتات,,,,,,,CANDIDATE,,L2_017 haiku b41,
AR10872,نَار الحَطَب,تركيب,2824,17625,نار مشعلة عادة من قبل شخص واحد تحضر عليها جماعة,,,,,,,CANDIDATE,,L2_017 haiku b41,
AR10873,مُلْتَهِب,صفة مشبهة,2824,18462,يوصف بكونه محترقاً ومشتعلاً,لهب,مُفْتَعِلٌ,,,,,CANDIDATE,,L2_017 haiku b41,
AR10874,سَاطِع,صفة مشبهة,2824,18463,محترق ومشتعل,سطع,فَاعِلٌ,,,,,CANDIDATE,,L2_017 haiku b41,
AR10875,اشْتَعَلَ,فعل,2827,17461;17464,فجأة تشتعل النار وتنتشر,شعل,اِفْتَعَلَ,,,,,CANDIDATE,,L2_017 haiku b41,
AR10876,التَقَطَ,فعل,2827,17462,بدء الاحتراق والاستهلاك من قبل النار,لقط,اِفْتَعَلَ,,,,,CANDIDATE,,L2_017 haiku b41,
AR10877,بَدَأَ,فعل,2827,17491,تشتعل النار بدون قصد عادة في الماضي,بدء,فَعَلَ,,,,,CANDIDATE,,L2_017 haiku b41,ROOT_NORMALIZED
AR10878,احْتَرَقَ,فعل,2827,18505,الاستهلاك أو الاستهلاك من قبل النار,حرق,اِفْتَعَلَ,,,,,CANDIDATE,,L2_017 haiku b41,
AR10879,فَرِيق,اسم جامد,2828,17456,مجموعة من الناس يعملون معاً,فريق,فَعِيلٌ,,,,,CANDIDATE,,L2_017 haiku b41,
AR10880,طَاقِم,اسم جامد,2828,17457,مجموعة من الناس موكلة لمهمة محددة,طقم,فَاعِلٌ,,,,,CANDIDATE,,L2_017 haiku b41,
AR10881,إطْفَائِي,اسم فاعل,2828,17494,فريق موكل بإطفاء الحرائق,طفء,,,,,,CANDIDATE,إِفْعَائِي,L2_017 haiku b41,ROOT_NORMALIZED;WAZN_NOT_IN_INV
AR10882,مُطَفِّي الحَرَائِق,تركيب,2828,17619,فريق يعمل على إطفاء الحرائق,,,,,,,CANDIDATE,,L2_017 haiku b41,
AR10883,نَار مُضَادَّة,تركيب,2829,17459,نار تستهلك وقود النار الأخرى لتشكيل حاجز,,,,,,,CANDIDATE,,L2_017 haiku b41,
AR10884,طَوَارِئ,اسم جامد,2831,17468,موقف يتطلب إجراء فوري لتجنب نتيجة سيئة,طور,فَوَاعِلُ,,,,,CANDIDATE,,L2_017 haiku b41,
AR10885,قَاتَلَ,فعل,2832,17470;17613,محاولة إطفاء حريق ببذل جهود كبيرة,قتل,فَاعَلَ,,,,,CANDIDATE,,L2_017 haiku b41,
AR10886,تَقَدَّمَ,فعل,2832,17479,التقدم نحو المنطقة التي كانت مشتعلة,قدم,تَفَعَّلَ,,,,,CANDIDATE,,L2_017 haiku b41,
AR10887,مُعَارَكَة,اسم جامد,2832,17482,جهد إطفائي لا يُعرف نتيجته,عرك,مُفَاعَلَةٌ,,,,,CANDIDATE,,L2_017 haiku b41,
AR10888,سَيْطَرَ,فعل,2832,17486,منع النار من الوصول إلى نقطة حرجة,سيطر,فَاعَلَ,,,,,CANDIDATE,,L2_017 haiku b41,
AR10889,هَاجَمَ,فعل,2832,17487,الدفع العنيف نحو النار للسيطرة عليها,هجم,فَاعَلَ,,,,,CANDIDATE,,L2_017 haiku b41,
AR10890,اسْتَخْدَمَ,فعل,2832,17559,توظيف رجال الإطفاء بجهد مركز ضد النار,خدم,اِسْتَفْعَلَ,,,,,CANDIDATE,,L2_017 haiku b41,
AR10891,إطْفَاء,مصدر,2832,17620,عملية إخماد الحرائق,طفء,إِفْعَالٌ,,,,,CANDIDATE,,L2_017 haiku b41,ROOT_NORMALIZED
AR10892,حَرِيق الأَرَاضِي البَرِّيَّة,تركيب,2835,17495,نار تشتعل في منطقة ريفية غير مأهولة,,,,,,,CANDIDATE,,L2_017 haiku b41,
AR10893,حَرِيق بَرِّي,تركيب,2835,17614,حريق في مناطق غير حضرية يتطلب استجابة طوارئ,,,,,,,CANDIDATE,,L2_017 haiku b41,
AR10894,قَرَأَ,فعل,2836,17474,الفحص البصري للنص لفهم محتواه,قرء,فَاعَلَ,,,,,CANDIDATE,,L2_017 haiku b41,ROOT_NORMALIZED
AR10895,حَاجِز نَار,تركيب,2837,17505,شريط أرض مُجَرَّد بقصد منع انتقال النار,,,,,,,CANDIDATE,,L2_017 haiku b41,
AR10896,خَطّ النَّار,تركيب,2837,17506,شريط أرض مُجَرَّد بقصد منع انتقال النار,,,,,,,CANDIDATE,,L2_017 haiku b41,
AR10897,جَدْوَلَ,فعل,2838,17593,التخطيط لحدث يقع في وقت محدد,جدول,فَعْلَلَ,,,,,CANDIDATE,,L2_017 haiku b41,
AR10898,نَظَّمَ,فعل,2838,17595,ترتيب وقت ومكان لحدوث حدث,نظم,فَعَّلَ,,,,,CANDIDATE,,L2_017 haiku b41,
AR10899,نَسَّقَ,فعل,2838,17597,جدولة حدث في وقت ومكان محددين,نسق,فَعَّلَ,,,,,CANDIDATE,,L2_017 haiku b41,
AR10900,تَحْضِيرَات,اسم جامد,2839,17603,التحضير لحدث ما,حضر,تَفْعِيلٌ,,,,,CANDIDATE,,L2_017 haiku b41,WAZN_LEMMA_MISMATCH
AR10901,خَطَّطَ,فعل,2839,17604,تنظيم حدث ما,خطط,فَعَّلَ,,,,,CANDIDATE,,L2_017 haiku b41,
AR10902,نَظَّمَ,فعل,2839,17605,التحضير لحدث أو نشاط,نظم,فَعَّلَ,,,,,CANDIDATE,,L2_017 haiku b41,
AR10903,جَهَّزَ,فعل,2839,17606,التحضير لحدث أو نشاط,جهز,فَعَّلَ,,,,,CANDIDATE,,L2_017 haiku b41,
AR10904,جَمَعَ,فعل,2839,17608,تنظيم نشاط أو حدث,جمع,فَاعَلَ,,,,,CANDIDATE,,L2_017 haiku b41,
AR10905,كَلْب,اسم جامد,2840,17627,حيوان ثديي مستأنس ينحدر من الذئاب,كلب,فَعْلٌ,,,,,CANDIDATE,,L2_017 haiku b41,
AR10906,قِطَّة,اسم جامد,2840,17628,حيوان صغير مستأنس يربى كحيوان أليف,قطط,فِعْلَةٌ,,,,,CANDIDATE,,L2_017 haiku b41,WAZN_LEMMA_MISMATCH
AR10907,خِنْزِير,اسم جامد,2840,17629,حيوان ثديي مستأنس يربى للحوم,خنزر,فِعْلِيلٌ,,,,,CANDIDATE,,L2_017 haiku b41,
AR10908,بَقَرَة,اسم جامد,2840,17630,حيوان مستأنس يربى للبن أو اللحم,بقر,فَعَلَةٌ,,,,,CANDIDATE,,L2_017 haiku b41,
AR10909,نَعْجَة,اسم جامد,2840,17631,حيوان مستأنس يربى للصوف أو اللحم,نعج,فَعْلَةٌ,,,,,CANDIDATE,,L2_017 haiku b41,
AR10910,حَيَوَان,اسم جامد,2840,17632,كائن حي ينتمي إلى مملكة الحيوان,حيا,,,,,,CANDIDATE,فَعَوَال,L2_017 haiku b41,ROOT_ALIF;WAZN_NOT_IN_INV
AR10911,أنْقَذَ,فعل,2841,17640;17641,إنقاذ شخص أو شيء من وضع خطير,نقذ,أَفْعَلَ,,,,,CANDIDATE,,L2_017 haiku b41,
AR10912,جَدْوَل,اسم جامد,2844,17652,خطة عقلية للأحداث,جدول,فَعْوَلٌ,,,,,CANDIDATE,,L2_017 haiku b41,
AR10913,جَدْوَل زَمَنِي,تركيب,2844,17653,جدول ذهني للأحداث,,,,,,,CANDIDATE,,L2_017 haiku b41,
AR10914,جِدَاول,اسم جامد,2844,17654,خطة من الأشياء المراد فعلها,جدول,فِعَالٌ,,,,,CANDIDATE,,L2_017 haiku b41,
AR10915,بَرْنَامِج,اسم جامد,2844,17655,جدول مخطط للأحداث والمسارات عند السفر,برنج,,,,,,CANDIDATE,فَرْنَل,L2_017 haiku b41,WAZN_NOT_IN_INV
AR10916,شَجَرَة,اسم جامد,2850,17698,نبات معمّر له ساق وفروع وأوراق,شجر,فَعَلَةٌ,,,,,CANDIDATE,,L2_017 haiku b41,
AR10917,عُشْب,اسم جامد,2850,18052,نبات يُعتبر غير مرغوب في حالات معينة,عشب,فُعْلٌ,,,,,CANDIDATE,,L2_017 haiku b41,
AR10918,أعْدَىٰ,فعل,2851,17700,نشر عدوى إلى كائن بقصد أو بدونه,عدي,أَفْعَلَ,,,,,CANDIDATE,,L2_017 haiku b41,
AR10919,أصَابَ,فعل,2851,18171,التسبب بمرض لدى شخص,صيب,أَفْعَلَ,,,,,CANDIDATE,,L2_017 haiku b41,
AR10920,لَا,حرف,2860,17711,أداة نفي بسيطة غالباً تأتي بعد الأفعال المساعدة,,,,,,,CANDIDATE,,L2_017 haiku b41,
AR10921,أَبَداً,ظرف,2860,17730,أداة نفي تسبق أو تتبع الأفعال المساعدة,بدا,,,,,,CANDIDATE,أَفْعَال,L2_017 haiku b41,ROOT_ALIF;WAZN_NOT_IN_INV
AR10922,بِدُون,حرف جر,2860,17732,حرف جر نافي,,,,,,,CANDIDATE,,L2_017 haiku b41,POS_NOT_CLOSED;ROOT_MISSING;WAZN_MISSING
AR10923,لا,حرف,2860,17733,حرف نفي يسبق اسماً,,,,,,,CANDIDATE,,L2_017 haiku b41,UNVOCALIZED
AR10924,لم يَعُد,تركيب,2860,17734,تركيب نفي يسبق أو يتبع فعلاً,,,,,,,CANDIDATE,,L2_017 haiku b41,
AR10925,أبْداً,ظرف,2860,18632,نفي مطلق غالباً في سياق القضية المنفية كاذبة,بدا,,,,,,CANDIDATE,أَفْعَال,L2_017 haiku b41,ROOT_ALIF;WAZN_NOT_IN_INV
AR10926,بِقُرْب,حرف جر,2880,17751,يقع غير بعيد من,,,,,,,CANDIDATE,,L2_017 haiku b41,POS_NOT_CLOSED;ROOT_MISSING;WAZN_MISSING
AR10927,بِجَانِب,حرف جر,2880,17752,قريب وعلى جانب,,,,,,,CANDIDATE,,L2_017 haiku b41,POS_NOT_CLOSED;ROOT_MISSING;WAZN_MISSING
AR10928,تَحْت,حرف جر,2880,17754,في اتجاه الجاذبية,,,,,,,CANDIDATE,,L2_017 haiku b41,POS_NOT_CLOSED;ROOT_MISSING;WAZN_MISSING
AR10929,تَحْتَ,حرف جر,2880,17757;17820,في مكان أسفل أو تحت,,,,,,,CANDIDATE,,L2_017 haiku b41,POS_NOT_CLOSED;ROOT_MISSING;WAZN_MISSING
AR10930,خَلْف,حرف جر,2880,17758;17785,على الجانب الآخر من,,,,,,,CANDIDATE,,L2_017 haiku b41,POS_NOT_CLOSED;ROOT_MISSING;WAZN_MISSING
AR10931,أمَام,حرف جر,2880,17784,في موضع قبل أو أمام,,,,,,,CANDIDATE,,L2_017 haiku b41,POS_NOT_CLOSED;ROOT_MISSING;WAZN_MISSING
AR10932,أمَام,ظرف,2880,17786,في موضع قبل أو في الأمام,دوم,,,,,,CANDIDATE,أَفْعَال,L2_017 haiku b41,WAZN_NOT_IN_INV
AR10933,عَلَىٰ طُول,حرف جر,2880,17787,على أو بطول محور ما,,,,,,,CANDIDATE,,L2_017 haiku b41,POS_NOT_CLOSED;ROOT_MISSING;WAZN_MISSING
AR10934,مُجَاوِر,صفة مشبهة,2880,17793,يقع أو يعيش قريباً,جور,مُفَاعِلٌ,,,,,CANDIDATE,,L2_017 haiku b41,
AR10935,فَوْق,حرف جر,2880,17810,في مكان أعلى من,,,,,,,CANDIDATE,,L2_017 haiku b41,POS_NOT_CLOSED;ROOT_MISSING;WAZN_MISSING
AR10936,مُقَابِل,صفة مشبهة,2880,17811,يقع وجهاً لوجه أو مقابلة,قابل,مُفَاعِلٌ,,,,,CANDIDATE,,L2_017 haiku b41,ROOT_ALIF
AR10937,يَسَار,اسم جامد,2880,17815;17817;17824,ما يقع على يسار المعلم المرجعي,يسر,فَعَالٍ,,,,,CANDIDATE,,L2_017 haiku b41,
AR10938,يَمِين,اسم جامد,2880,17816;17818;17823,ما يقع على يمين المعلم المرجعي,يمن,فَعِيلٌ,,,,,CANDIDATE,,L2_017 haiku b41,
AR10939,مُقَابِل,حرف جر,2880,17821,في موضع مقابل,,,,,,,CANDIDATE,,L2_017 haiku b41,POS_NOT_CLOSED;ROOT_MISSING;WAZN_MISSING
AR10940,عَلَىٰ,حرف جر,2880,17931,في تماس مباشر مع سطح,,,,,,,CANDIDATE,,L2_017 haiku b41,POS_NOT_CLOSED;ROOT_MISSING;WAZN_MISSING
AR10941,عَلَىٰ,حرف جر,2890,17780;17809,في تماس مع ومدعوم من,,,,,,,CANDIDATE,,L2_017 haiku b41,POS_NOT_CLOSED;ROOT_MISSING;WAZN_MISSING
AR10942,فَوْق,حرف جر,2890,17781,في تماس مع الجزء العلوي ومدعوم من,,,,,,,CANDIDATE,,L2_017 haiku b41,POS_NOT_CLOSED;ROOT_MISSING;WAZN_MISSING
AR10943,عَلَىٰ قِمَّة,تركيب,2890,17782,مدعوم وفي تماس مع السطح العلوي,,,,,,,CANDIDATE,,L2_017 haiku b41,
AR10944,ضِدّ,حرف جر,2890,17783,الملامسة بطريقة تشكل ضغطاً,,,,,,,CANDIDATE,,L2_017 haiku b41,POS_NOT_CLOSED;ROOT_MISSING;WAZN_MISSING
AR10945,لَامَسَ,فعل,2890,17788,أن تكون الأسطح في تماس,لمس,فَاعَلَ,,,,,CANDIDATE,,L2_017 haiku b41,
AR10946,مُلَامِس,صفة مشبهة,2890,17790,الأسطح في تماس,لمس,مُفَاعِلٌ,,,,,CANDIDATE,,L2_017 haiku b41,
AR10947,لَمَسَ,فعل,2890,17791,أن لا يكون هناك فصل بين الأسطح,لمس,فَاعَلَ,,,,,CANDIDATE,,L2_017 haiku b41,
AR10948,تَمَاس,اسم جامد,2890,17794,حالة عدم الفصل بين الأسطح,تمس,تَفَاعُلٌ,,,,,CANDIDATE,,L2_017 haiku b41,WAZN_LEMMA_MISMATCH
AR10949,مُمَاس,صفة مشبهة,2890,17808,الملامسة في مكان واحد فقط,ممس,مُفَاعِلٌ,,,,,CANDIDATE,,L2_017 haiku b41,WAZN_LEMMA_MISMATCH
AR10950,بَعِيد,صفة مشبهة,2890,17929,غير في تماس مع,بعد,فَعِيلٌ,,,,,CANDIDATE,,L2_017 haiku b41,
AR10951,مُتَجَاوِر,صفة مشبهة,2891,17795;17798,في منطقة مجاورة مباشرة,جور,مُتَفَاعِلٌ,,,,,CANDIDATE,,L2_017 haiku b41,
AR10952,حَدَّ,فعل,2891,17796,مشاركة حد مع,حدد,فَاعَلَ,,,,,CANDIDATE,,L2_017 haiku b41,WAZN_LEMMA_MISMATCH
AR10953,جَاوَرَ,فعل,2891,17797,أن يكون في منطقة مجاورة,جور,فَاعَلَ,,,,,CANDIDATE,,L2_017 haiku b41,
AR10954,تَجَاوُر,اسم جامد,2891,17799,حالة الوجود في مناطق متاخمة,جور,تَفَاعُلٌ,,,,,CANDIDATE,,L2_017 haiku b41,
AR10955,مُتَلاصِق,صفة مشبهة,2891,17802,مشاركة الحدود,لصق,مُتَفَاعِلٌ,,,,,CANDIDATE,,L2_017 haiku b41,
AR10956,تَلاصَقَ,فعل,2891,17803,الحدود المشتركة مع,لصق,تَفَاعَلَ,,,,,CANDIDATE,,L2_017 haiku b41,
AR10957,مُتَتَالي,صفة مشبهة,2891,17804,مشاركة الحدود دون احتلال نفس المساحة,تالي,مُتَفَاعِلٌ,,,,,CANDIDATE,,L2_017 haiku b41,ROOT_ALIF
AR10958,تَتَالي,اسم جامد,2891,17805,حالة مشاركة الحد,تالي,تَفَاعُلٌ,,,,,CANDIDATE,,L2_017 haiku b41,ROOT_ALIF
AR10959,بِجَانِب,حرف جر,2891,17806,بدون فاصل بينهما,,,,,,,CANDIDATE,,L2_017 haiku b41,POS_NOT_CLOSED;ROOT_MISSING;WAZN_MISSING
AR10960,جَار,اسم جامد,2891,17807,كائن يقع بجانب آخر,جور,فَاعِلٌ,,,,,CANDIDATE,,L2_017 haiku b41,
AR10961,حَاذَىٰ,فعل,2891,17827,أن تكون الأرض أو البناء مجاوراً,حذي,فَاعَلَ,,,,,CANDIDATE,,L2_017 haiku b41,
AR10962,حَادّ,صفة مشبهة,2891,17838,مشاركة حد,حدد,فَاعِلٌ,,,,,CANDIDATE,,L2_017 haiku b41,WAZN_LEMMA_MISMATCH
AR10963,قَرِيب,صفة مشبهة,2900,17828,ضمن مسافة قصيرة من,قرب,فَعِيلٌ,,,,,CANDIDATE,,L2_017 haiku b41,
AR10964,قَرِيب جِدّاً,صفة مشبهة,2900,17829,ضمن مسافة قصيرة جداً,قرب,فَعِيلٌ,,,,,CANDIDATE,,L2_017 haiku b41,WAZN_LEMMA_MISMATCH
AR10965,قُرْب,اسم جامد,2900,17830,حالة الوجود ضمن مسافة قصيرة,قرب,فُعْلٌ,,,,,CANDIDATE,,L2_017 haiku b41,
AR10966,بَعِيد,صفة مشبهة,2900,17831;17832,خارج مسافة معينة من,بعد,فَعِيلٌ,,,,,CANDIDATE,,L2_017 haiku b41,
AR10967,إِذَا,حرف,2903,17833,يعتمد على وضع غير مؤكد,,,,,,,CANDIDATE,,L2_017 haiku b41,
AR10968,في حَالَة,تركيب,2903,18020;18191,إذا حدثت حالة غير محتملة إلى حد ما,,,,,,,CANDIDATE,,L2_017 haiku b41,
AR10969,بِافْتِرَاض,حرف,2903,18021;18023,إذا,,,,,,,CANDIDATE,,L2_017 haiku b41,
AR10970,بِشَرْط,حرف,2903,18050,إذا حدثت حالة محتملة,,,,,,,CANDIDATE,,L2_017 haiku b41,
AR10971,طَالَمَا,حرف,2903,18192,إذا / بشرط حدوث حالة محتملة,,,,,,,CANDIDATE,,L2_017 haiku b41,
AR10972,لَو,حرف,2903,18210,افتراض حالة غير مؤكدة,,,,,,,CANDIDATE,,L2_017 haiku b41,
AR10973,إلاّ إِذَا,حرف,2904,17835,يعتمد على عدم حدوث احتمال ما,,,,,,,CANDIDATE,,L2_017 haiku b41,
AR10974,وَإلاّ,ظرف,2904,18040,إذا لم يحدث الحدث السابق,وءلا,فَعْلٌ,,,,,CANDIDATE,,L2_017 haiku b41,ROOT_ALIF;ROOT_NORMALIZED
AR10975,عِنْد,حرف جر,2905,17841,يقع حيث كائن ما بلا بنية سياقية,,,,,,,CANDIDATE,,L2_017 haiku b41,POS_NOT_CLOSED;ROOT_MISSING;WAZN_MISSING
AR10976,حَيْث,ظرف,2905,17842,في أي مكان,حيث,فَاعِلٌ,,,,,CANDIDATE,,L2_017 haiku b41,
AR10977,هُنَا,ظرف,2905,17843,في هذا المكان,هنا,فُعَّالٌ,,,,,CANDIDATE,,L2_017 haiku b41,ROOT_ALIF
AR10978,هُنَاك,ظرف,2905,17844,في ذلك المكان,هنك,فُعَّالٌ,,,,,CANDIDATE,,L2_017 haiku b41,
AR10979,أيْن,ظرف,2905,17944,في أي مكان,ءين,فَاعِلٌ,,,,,CANDIDATE,,L2_017 haiku b41,ROOT_NORMALIZED
AR10980,في البَيْت,ظرف,2905,17979,يقع في المكان الذي يعيش فيه,,,,,,,CANDIDATE,,L2_017 haiku b41,ROOT_MISSING;WAZN_MISSING
AR10981,حَوْل,حرف جر,2911,17884,يحيط بالفعل أو تقريباً,,,,,,,CANDIDATE,,L2_017 haiku b41,POS_NOT_CLOSED;ROOT_MISSING;WAZN_MISSING
AR10982,أحَاطَ,فعل,2911,17885;17890;17891;17892,يقع على كل جانب من,حيط,أَفْعَلَ,,,,,CANDIDATE,,L2_017 haiku b41,
AR10983,مُحِيط,صفة مشبهة,2911,17887,على جميع الجوانب من,حيط,,,,,,CANDIDATE,مُفِيل,L2_017 haiku b41,WAZN_NOT_IN_INV
AR10984,مُشْرِق,حرف جر,2911,17888,مع جزء متطرف على كل جانب من,,,,,,,CANDIDATE,,L2_017 haiku b41,POS_NOT_CLOSED;ROOT_MISSING;WAZN_MISSING
AR10985,عَقَالَ,فعل,2911,17889,يقع على جانبي,عقل,فَاعَلَ,,,,,CANDIDATE,,L2_017 haiku b41,
AR10986,مُشْرِق,صفة مشبهة,2911,18016,على جانبي,شرق,مُفْعِلٌ,,,,,CANDIDATE,,L2_017 haiku b41,
AR10987,فَوْق,حرف جر,2912,17961,في أو في مكان أعلى من,,,,,,,CANDIDATE,,L2_017 haiku b41,POS_NOT_CLOSED;ROOT_MISSING;WAZN_MISSING
AR10988,تَحْت,حرف جر,2912,17962,في أو في مكان أسفل من,,,,,,,CANDIDATE,,L2_017 haiku b41,POS_NOT_CLOSED;ROOT_MISSING;WAZN_MISSING
AR10989,شَرْقاً,ظرف,2912,17963;17977,في اتجاه معيار البوصلة,شرق,,,,,,CANDIDATE,فَعْلاً,L2_017 haiku b41,WAZN_NOT_IN_INV
AR10990,شَرْق,اسم جامد,2912,17964;17978,الاتجاه المشار إليه من البوصلة,شرق,فَعْلٌ,,,,,CANDIDATE,,L2_017 haiku b41,
AR10991,شِمَالاً,ظرف,2912,17965,في اتجاه معيار البوصلة,شمال,فِعَالٌ,,,,,CANDIDATE,,L2_017 haiku b41,ROOT_ALIF
AR10992,شِمَال,اسم جامد,2912,17966,الاتجاه المشار إليه من البوصلة,شمال,فِعَالٌ,,,,,CANDIDATE,,L2_017 haiku b41,ROOT_ALIF
AR10993,شَمَالاً شَرْقاً,ظرف,2912,17967,في اتجاه معيار البوصلة,,,,,,,CANDIDATE,,L2_017 haiku b41,ROOT_MISSING;WAZN_MISSING
AR10994,شَمَال شَرْق,اسم جامد,2912,17968,الاتجاه المشار إليه من البوصلة,,,,,,,CANDIDATE,,L2_017 haiku b41,ROOT_MISSING;WAZN_MISSING
AR10995,شَمَالاً غَرْباً,ظرف,2912,17969,في اتجاه معيار البوصلة,,,,,,,CANDIDATE,,L2_017 haiku b41,ROOT_MISSING;WAZN_MISSING
AR10996,شَمَال غَرْب,اسم جامد,2912,17970,الاتجاه المشار إليه من البوصلة,,,,,,,CANDIDATE,,L2_017 haiku b41,ROOT_MISSING;WAZN_MISSING
AR10997,جَنُوباً شَرْقاً,ظرف,2912,17971,في اتجاه معيار البوصلة,,,,,,,CANDIDATE,,L2_017 haiku b41,ROOT_MISSING;WAZN_MISSING
AR10998,جَنُوب شَرْق,اسم جامد,2912,17972,الاتجاه المشار إليه من البوصلة,,,,,,,CANDIDATE,,L2_017 haiku b41,ROOT_MISSING;WAZN_MISSING
AR10999,جَنُوباً غَرْباً,ظرف,2912,17973,في اتجاه معيار البوصلة,,,,,,,CANDIDATE,,L2_017 haiku b41,ROOT_MISSING;WAZN_MISSING
AR11000,جَنُوب غَرْب,اسم جامد,2912,17974,الاتجاه المشار إليه من البوصلة,,,,,,,CANDIDATE,,L2_017 haiku b41,ROOT_MISSING;WAZN_MISSING
AR11001,غَرْباً,ظرف,2912,17975,في اتجاه معيار البوصلة,غرب,,,,,,CANDIDATE,فَعْلاً,L2_017 haiku b41,WAZN_NOT_IN_INV
AR11002,غَرْب,اسم جامد,2912,17976,الاتجاه المشار إليه من البوصلة,غرب,فَعْلٌ,,,,,CANDIDATE,,L2_017 haiku b41,
AR11003,فَعَلَ,فعل,2913,17932,أبسط معنى للفعل الجنسي,فعل,فَاعَلَ,,,,,CANDIDATE,,L2_017 haiku b41,
AR11004,مَارَسَ,فعل,2913,17933;17936;17939;17940;17941;17942;17947;17948;17949;17950;17951;17952;17954;17955;17958;17981;17983,ممارسة النشاط الجنسي,مرس,فَاعَلَ,,,,,CANDIDATE,,L2_017 haiku b41,
AR11005,تَزَاوَجَ,فعل,2913,17935;17946,الاتصال الجنسي غالباً بمعنى بيولوجي,زوج,تَفَاعَلَ,,,,,CANDIDATE,,L2_017 haiku b41,
AR11006,ضَاجَعَ,فعل,2913,17937,ممارسة النشاط الجنسي,ضجع,فَاعَلَ,,,,,CANDIDATE,,L2_017 haiku b41,
AR11007,اتّصَالِ,اسم جامد,2913,17945,فعل جنسي,وصل,اِفْتِعَالٌ,,,,,CANDIDATE,,L2_017 haiku b41,
AR11008,جِمَاع,اسم جامد,2913,17953,فعل من الحميمية قد يؤدي إلى الإنزال,جمع,فِعَالٌ,,,,,CANDIDATE,,L2_017 haiku b41,
AR11009,عَمَلِيَّة سَرِيعَة,اسم جامد,2913,17980,جلسة جنسية بسبب قيود الوقت,,,,,,,CANDIDATE,,L2_017 haiku b41,ROOT_MISSING;WAZN_MISSING
AR11010,قَفَزَ,فعل,2913,17982,ممارسة النشاط الجنسي بطريقة ملطفة,قفز,فَاعَلَ,,,,,CANDIDATE,,L2_017 haiku b41,
AR11011,أنْجَبَ,فعل,2914,17956,جماع بقصد الإنجاب,نجب,أَفْعَلَ,,,,,CANDIDATE,,L2_017 haiku b41,
AR11012,بَدَأَ,فعل,2931,18001;18010;18012,يبدأ السريان والتطبيق,بدء,فَعَلَ,,,,,CANDIDATE,,L2_017 haiku b41,ROOT_NORMALIZED
AR11013,أثَّرَ,فعل,2931,18011,التأثير على,ءثر,فَعَّلَ,,,,,CANDIDATE,,L2_017 haiku b41,ROOT_NORMALIZED
AR11014,دَخَلَ,فعل,2931,18013,يبدأ السريان,دخل,فَاعَلَ,,,,,CANDIDATE,,L2_017 haiku b41,
AR11015,قَلِيلاً,ظرف,2960,18194;18198,إشارة إلى التحفظ في التصنيف,قلل,فَعِيلٌ,,,,,CANDIDATE,,L2_017 haiku b41,
AR11016,نَوْعاً مّا,ظرف,2960,18195;18197,إشارة إلى عدم الدقة أو التحفظ,نوع,,,,,,CANDIDATE,فَعْلاً,L2_017 haiku b41,WAZN_NOT_IN_INV
AR11017,مِثْل,ظرف,2960,18196,إشارة إلى التحفظ وعدم الدقة,مثل,فِعْلٌ,,,,,CANDIDATE,,L2_017 haiku b41,
AR11018,شَيْء,اسم جامد,2960,18199,إشارة إلى الحذر في التصنيف,شيا,فَعْلٌ,,,,,CANDIDATE,,L2_017 haiku b41,ROOT_ALIF
AR11019,بِطَرِيقَة مّا,ظرف,2960,18200,إشارة إلى نطاق محدود للتأكيد,,,,,,,CANDIDATE,,L2_017 haiku b41,ROOT_MISSING;WAZN_MISSING
AR11020,بِالأَحْرَىٰ,ظرف,2960,18201,إشارة إلى تلطيف التأثير العاطفي,,,,,,,CANDIDATE,,L2_017 haiku b41,ROOT_MISSING;WAZN_MISSING
AR11021,أصْبَحَ,فعل,2971,18221,انتهى إلى صفة نهائية,صبح,أَفْعَلَ,,,,,CANDIDATE,,L2_017 haiku b41,
AR11022,تَحَوَّلَ,فعل,2971,18222,التغير في الطبيعة أو الحالة أو الشكل,حول,تَفَعَّلَ,,,,,CANDIDATE,,L2_017 haiku b41,
AR11023,ذَهَبَ,فعل,2972,18224,الدخول إلى أو الكون في حالة محددة,ذهب,فَاعَلَ,,,,,CANDIDATE,,L2_017 haiku b41,
AR11024,تَحَوُّل,اسم جامد,2973,18225;18227;18230;18233;18236,تغير في الشكل أو الطبيعة,حول,تَفَعُّلٌ,,,,,CANDIDATE,,L2_017 haiku b41,
AR11025,تَحَوَّلَ,فعل,2973,18226;18228;18231;18232;18234;18235,تغير كامل,حول,تَفَعَّلَ,,,,,CANDIDATE,,L2_017 haiku b41,
AR11026,انْتَقَلَ,فعل,2973,18250,التغير من فئة أو حالة إلى أخرى,نقل,اِنْفَعَلَ,,,,,CANDIDATE,,L2_017 haiku b41,WAZN_LEMMA_MISMATCH
AR11027,سَلَّمَ,فعل,2974,18237,الاعتراف أخيراً بصحة شيء,سلم,فَعَّلَ,,,,,CANDIDATE,,L2_017 haiku b41,
AR11028,نَفَىٰ,فعل,2974,18238,الادعاء بأن شيئاً غير صحيح,نفي,فَاعَلَ,,,,,CANDIDATE,,L2_017 haiku b41,
AR11029,أكَّدَ,فعل,2974,18239;18241,التأكيد على صحة شيء,ءكد,فَعَّلَ,,,,,CANDIDATE,,L2_017 haiku b41,ROOT_NORMALIZED
AR11030,تَأْكِيد,اسم جامد,2974,18240;18242,فعل التأكيد على الصحة,ءكد,تَفْعِيلٌ,,,,,CANDIDATE,,L2_017 haiku b41,ROOT_NORMALIZED
AR11031,نَفْي,اسم جامد,2974,18243,فعل النفي,نفي,فَعْلٌ,,,,,CANDIDATE,,L2_017 haiku b41,
AR11032,أعَادَ تَأْكِيد,فعل,2974,18244,التأكيد مرة أخرى,ءكد,أَفْعَلَ,,,,,CANDIDATE,,L2_017 haiku b41,ROOT_NORMALIZED
AR11033,فَنَّدَ,فعل,2974,18245,إثبات عدم صحة شيء,فند,فَعَّلَ,,,,,CANDIDATE,,L2_017 haiku b41,
AR11034,شَهِدَ,فعل,2974,18246,الإقرار بصحة أو صحة شيء,شهد,,,,,,CANDIDATE,فَاعِل,L2_017 haiku b41,WAZN_NOT_IN_INV
AR11035,انْتَهَىٰ,فعل,2980,18251,انتهى إلى وضع نهائي,نهي,اِنْفَعَلَ,,,,,CANDIDATE,,L2_017 haiku b41,
AR11036,مَوَّلَ,فعل,2982,18253;18254;18256,توفير الأموال لمشروع,مول,فَعَّلَ,,,,,CANDIDATE,,L2_017 haiku b41,
AR11037,دَعَمَ,فعل,2982,18255;18257,الدعم بتوفير الأموال,دعم,فَاعَلَ,,,,,CANDIDATE,,L2_017 haiku b41,
AR11038,أرْسَلَ فَاتُورَة,فعل,2983,18258;18259,إخطار بالدين كتابة,,,,,,,CANDIDATE,,L2_017 haiku b41,ROOT_MISSING;WAZN_MISSING
AR11039,فَاتُورَة,اسم جامد,2983,18609,وثيقة تحتوي على ما هو مستحق,فتر,فَاعُولَةٌ,,,,,CANDIDATE,,L2_017 haiku b41,
AR11040,اسْتَدْعَى,فعل,2984,18307;18309,طَلَب رسمياً من شخص مثوله أمام المحكمة,دعو,اِسْتَفْعَلَ,,,,,CANDIDATE,,L2_017 haiku b42 | invoke formally,
AR11041,أَصْدَرَ أَمْرَ حضور,تركيب,2984,18308,أصدر أمراً رسمياً بحضور المدّعى عليه,,,,,,,CANDIDATE,,L2_017 haiku b42 | formal order to appear,
AR11042,أَمْرُ حضور,تركيب,2984,18310,أمر رسمي بمثول المدّعى عليه أمام المحكمة,,,,,,,CANDIDATE,,L2_017 haiku b42 | official citation/summons,
AR11043,اِسْتِدْعاء,مصدر,2984,18311,طَلَب رسمي لمثول شخص أمام جهة قضائية,دعو,اِسْتِفْعَالٌ,,,,,CANDIDATE,,L2_017 haiku b42 | formal call/citation,
AR11044,إِشْعار حضور,تركيب,2984,18312,إخطار رسمي يطلب مثول المدّعى عليه أمام المحكمة,,,,,,,CANDIDATE,,L2_017 haiku b42 | notice to appear,
AR11045,عَلَى أَيّ حال,تركيب,2991,18570;18571;18573,يُستخدَم لإظهار أن حالة أفضل ممكنة رغم الظروف,,,,,,,CANDIDATE,,L2_017 haiku b42 | adverbial phrase,
AR11046,عَلى أَقَلّ تَقْدير,تركيب,2991,18572,يُظْهِر أَنَّ هناك جانب إيجابي على الأقل,,,,,,,CANDIDATE,,L2_017 haiku b42 | at least some good,
AR11047,عَلى أَيّ حال,تركيب,2991,18574,في أي حدث، يظل هناك جانب إيجابي,,,,,,,CANDIDATE,,L2_017 haiku b42 | any event/anyway,
AR11048,عَلى الأَقَلّ,تركيب,2991,18577;18578;18579,يُشار إلى أقلِّ حد مقبول من الإيجابية,,,,,,,CANDIDATE,,L2_017 haiku b42 | minimum standard,
AR11049,هُوِيَّة,اسم جامد,3000,18673,السّمة الفريدة التي تميّز كل مصداق عن آخر,هوي,,,,,,CANDIDATE,فُعِيلَة,L2_017 haiku b42 | unique identifier,WAZN_NOT_IN_INV
AR11050,تَحَسَّنَ,فعل,3012,18709;18710;18713;18714,أَصْبَحَ أَفْضَلَ حالاً من قبل,حسن,تَفَعَّلَ,,,,,CANDIDATE,,L2_017 haiku b42 | become better,
AR11051,تَدَهْوَرَ,فعل,3012,18711;18715,أَصْبَحَ أَسْوَأَ حالاً,دهور,تَفَعَّلَ,,,,,CANDIDATE,,L2_017 haiku b42 | become worse,
AR11052,أَسَاءَ,فعل,3012,18716,انْتَقَلَ مِن سِيءٍ إِلَى أَسْوَأَ,سوء,أَفْعَلَ,,,,,CANDIDATE,,L2_017 haiku b42 | worsen,
AR11053,تَحَسُّن,مصدر,3012,18717;18718,الانْتِقالُ إِلَى حالٍ أَفْضَلَ,حسن,تَفَعُّلٌ,,,,,CANDIDATE,,L2_017 haiku b42 | becoming better,
AR11054,تَدَهْوُر,مصدر,3012,18719,عمليةُ الانتقالِ نحو الأسوأ,دهور,تَفَعُّلٌ,,,,,CANDIDATE,,L2_017 haiku b42 | process of worsening,
AR11055,انْحِدار,مصدر,3012,18720,الانْتِقالُ مِن حالٍ جيدةٍ إِلَى أَسْوَأَ,حدر,اِنْفِعَالٌ,,,,,CANDIDATE,,L2_017 haiku b42 | descent/decline,
AR11056,تَغَيَّرَ,فعل,3011,18722,صفة لما خضع للتحوّل أو التبدّل,غير,تَفَعَّلَ,,,,,CANDIDATE,,L2_017 haiku b42 | underwent change,
AR11057,لَم يَتَغَيَّر,فعل,3011,18723,صفة لما بقي على حاله دون تحوّل,غير,تَفَعَّلَ,,,,,CANDIDATE,,L2_017 haiku b42 | not changed,
AR11058,تَبَدَّلَ,فعل,3011,18724,صفة لما تغيّرت سماته أو خصائصه,بدل,تَفَعَّلَ,,,,,CANDIDATE,,L2_017 haiku b42 | underwent alteration,
AR11059,بَقِيَ عَلى حالِه,فعل,3011,18725,صفة لما لم تتغيّر صفاته رغم الظروف,قيم,فَعِلَ,,,,,CANDIDATE,,L2_017 haiku b42 | not altered,
AR11060,شَرِيك,اسم جامد,3013,18727;18731,الشخص المشترك مع آخر في المؤسسة,شرك,فَعِيلٌ,,,,,CANDIDATE,,L2_017 haiku b42 | partner,
AR11061,زَمِيل,اسم جامد,3013,18728,الشخص الذي يعمل مع آخر في نفس المؤسسة,زمل,فَعِيلٌ,,,,,CANDIDATE,,L2_017 haiku b42 | colleague,
AR11062,زَمِيل عَمَل,تركيب,3013,18729,الشخص الذي يعمل مع آخر في نفس الشركة,,,,,,,CANDIDATE,,L2_017 haiku b42 | co-worker,
AR11063,وَطَنِي,صفة مشبهة,3013,18730,الشخص من نفس الوطن أو الدولة,وطن,,,,,,CANDIDATE,فَعَلِي,L2_017 haiku b42 | countryman,WAZN_NOT_IN_INV
AR11064,أَخ دِينِي,تركيب,3013,18732,الشخص من نفس الديانة أو الملة,,,,,,,CANDIDATE,,L2_017 haiku b42 | co-religionist,
AR11065,زَمِيل,صفة مشبهة,3013,18733,من نفس الجهة العملية أو المؤسسة,زمل,فَعِيلٌ,,,,,CANDIDATE,,L2_017 haiku b42 | fellow/colleague,
AR11066,رَفِيق,اسم جامد,3013,18734,عضو الحزب أو المؤسسة العسكرية ذاتها,رفق,فَعِيلٌ,,,,,CANDIDATE,,L2_017 haiku b42 | comrade,
AR11067,أَخ,اسم جامد,3013,18735,عضو المنظمة أو النقابة الذكورية,ءخو,فَعَلٌ,,,,,CANDIDATE,,L2_017 haiku b42 | brother/member,ROOT_NORMALIZED
AR11068,أُخْت,اسم جامد,3013,18736,عضوة المنظمة أو النقابة النسائية,ءخو,فُعْلٌ,,,,,CANDIDATE,,L2_017 haiku b42 | sister/member,ROOT_NORMALIZED
AR11069,فَرْع,اسم جامد,3015,18737,جزء من منظمة انفصل عن الجسم الرئيس,فرع,فَعْلٌ,,,,,CANDIDATE,,L2_017 haiku b42 | branch/offshoot,
AR11070,أَصِيبَ بِمَرَض,فعل,3016,18738,بَدَأَ يعاني من مرض ما,صيب,أُفْعِلَ,,,,,CANDIDATE,,L2_017 haiku b42 | suffer from disease,
AR11071,فِئَة,اسم جامد,3015,18739,مجموعة لها آراء مختلفة عن المجموعة الأكبر,فءي,فِعَلَةٌ,,,,,CANDIDATE,,L2_017 haiku b42 | faction,ROOT_NORMALIZED
AR11072,انْفِصالِي,اسم منسوب,3015,18740,وصف لمن يحاول الانفصال بآراء مختلفة,فصل,,,,,,CANDIDATE,اِنْفِعالِي,L2_017 haiku b42 | breakaway/separatist,WAZN_NOT_IN_INV
AR11073,طائِفَة,اسم جامد,3015,18741,مجموعة دينية لها عقائد مختلفة,طيف,فَاعِلَةٌ,,,,,CANDIDATE,,L2_017 haiku b42 | sect,
AR11074,مجموعة انْشِقاقِيَّة,تركيب,3015,18743,فصيل له اختلافات أيديولوجية مع المجموعة الأكبر,,,,,,,CANDIDATE,,L2_017 haiku b42 | splinter group,
AR11075,أَصِيبَ,فعل,3016,18744;18745,بَدَأَ يعاني من عدوى مرضية,صيب,أُفْعِلَ,,,,,CANDIDATE,,L2_017 haiku b42 | get infected,
AR11076,مَرِضَ,فعل,3016,18746,بَدَأَ يُعاني من مرض,مرض,فَعِلَ,,,,,CANDIDATE,,L2_017 haiku b42 | get sick,
AR11077,عَدِيَ,فعل,3016,18747,نُقِلَتْ إِليه العدوى من مصدر ما,عدي,فَعِلَ,,,,,CANDIDATE,,L2_017 haiku b42 | catch/transmit,
AR11078,انقلاب,اسم جامد,72,1563,الاستيلاء على السلطة بقوة غير شرعية,نقل,اِنْفِعَالٌ,,,,,CANDIDATE,,L2_017 haiku b43,UNVOCALIZED;WAZN_LEMMA_MISMATCH
AR11079,انتخب,فعل,72,1564,تعيين شخص للمنصب بواسطة التصويت,خيب,اِفْتَعَلَ,,,,,CANDIDATE,,L2_017 haiku b43,UNVOCALIZED
AR11080,تمرد,اسم جامد,72,1565;1566,المقاومة المسلحة ضد السلطة القائمة,مرد,تَفَعُّلٌ,,,,,CANDIDATE,,L2_017 haiku b43,UNVOCALIZED
AR11081,تمرد,فعل,72,1567;1570,الثورة على السلطة المستقرة,مرد,تَفَعَّلَ,,,,,CANDIDATE,,L2_017 haiku b43,UNVOCALIZED
AR11082,أطاح,فعل,72,1568;10385,عزل القائد بالقوة من منصبه,طيح,أَفْعَلَ,,,,,CANDIDATE,,L2_017 haiku b43,UNVOCALIZED
AR11083,ثورة,اسم جامد,72,1569;1571;8353,الانتفاضة المسلحة ضد الحكم القائم,ثور,,,,,,CANDIDATE,فَعْوَة,L2_017 haiku b43,UNVOCALIZED;WAZN_NOT_IN_INV
AR11084,انتفاضة,اسم جامد,72,1572;17302,التمرد والمقاومة ضد السلطة,نفض,اِنْفِعَالَةٌ,,,,,CANDIDATE,,L2_017 haiku b43,UNVOCALIZED;WAZN_LEMMA_MISMATCH
AR11085,أخرج,فعل,72,1808,إخراج شخص من منصبه بالقوة,خرج,أَفْعَلَ,,,,,CANDIDATE,,L2_017 haiku b43,UNVOCALIZED
AR11086,عزل,فعل,72,5254,إزاحة شخص من المنصب بشكل مباغت وقهري,عزل,فَعَلَ,,,,,CANDIDATE,,L2_017 haiku b43,UNVOCALIZED
AR11087,خلع,فعل,72,5255,إزالة الملك من سلطته,خلع,فَعَلَ,,,,,CANDIDATE,,L2_017 haiku b43,UNVOCALIZED
AR11088,إطاحة,اسم جامد,72,8352,إزاحة شخص من السلطة,طيح,إِفْعَالَةٌ,,,,,CANDIDATE,,L2_017 haiku b43,UNVOCALIZED
AR11089,تولى,فعل,72,10184,السيطرة على شيء أو تحمل المسؤولية عنه,ولي,تَفَعَّلَ,,,,,CANDIDATE,,L2_017 haiku b43,UNVOCALIZED
AR11090,انتخاب,اسم جامد,72,10900,الإجراء الرسمي لاختيار شخص للمنصب,خيب,اِفْتِعَالٌ,,,,,CANDIDATE,,L2_017 haiku b43,UNVOCALIZED
AR11091,نصب,فعل,72,12131;13668,تنصيب شخص في منصب قيادي,نصب,فَعَلَ,,,,,CANDIDATE,,L2_017 haiku b43,UNVOCALIZED
AR11092,تتويج,اسم جامد,72,12132,تنصيب الملك أو الأسقف على العرش,تيج,تَفْعِيلٌ,,,,,CANDIDATE,,L2_017 haiku b43,UNVOCALIZED
AR11093,وتج,فعل,72,12133;12134,نصب شخص ملكاً بحفل التتويج,تيج,فَعَّلَ,,,,,CANDIDATE,,L2_017 haiku b43,UNVOCALIZED
AR11094,منح,فعل,72,12136,إعطاء السلطة الجديدة لشخص أو مجموعة,منح,فَعَلَ,,,,,CANDIDATE,,L2_017 haiku b43,UNVOCALIZED
AR11095,ثائر,اسم فاعل,72,13710,شخص يثور ويطالب بالتغيير السياسي,ثور,فَاعِلٌ,,,,,CANDIDATE,,L2_017 haiku b43,UNVOCALIZED
AR11096,استقلال,اسم جامد,72,15234,التحرر من حكم القائد السابق,قيل,اِسْتِفْعَالٌ,,,,,CANDIDATE,,L2_017 haiku b43,UNVOCALIZED
AR11097,حرية,اسم جامد,72,17690,عدم وجود سيطرة أو تحكم مركزي,حرر,فِعَالَةٌ,,,,,CANDIDATE,,L2_017 haiku b43,UNVOCALIZED;WAZN_LEMMA_MISMATCH
AR11098,عزل,اسم جامد,72,18701,وضع يُزاح فيه الموظف من منصبه فجأة,عزل,فَعَلٌ,,,,,CANDIDATE,,L2_017 haiku b43,UNVOCALIZED
AR11099,ودود,صفة,74,1614;1616,الشخص المحب للصحبة والودود في التعامل,ودد,فَعُولٌ,,,,,CANDIDATE,,L2_017 haiku b43,POS_NOT_CLOSED;UNVOCALIZED
AR11100,منفتح,صفة,74,1615;1620,شخص اجتماعي واثق من نفسه,فتح,مُنْفَعِلٌ,,,,,CANDIDATE,,L2_017 haiku b43,POS_NOT_CLOSED;UNVOCALIZED
AR11101,اجتماعي,اسم منسوب,74,1617;1623,الشخص المتطلع لرفقة الآخرين,جمع,,,,,,CANDIDATE,اِفْتِعَالِي,L2_017 haiku b43,UNVOCALIZED;WAZN_NOT_IN_INV
AR11102,خجول,صفة,74,1618;1622,الشخص المنطوي اجتماعياً,خجل,فَعُولٌ,,,,,CANDIDATE,,L2_017 haiku b43,POS_NOT_CLOSED;UNVOCALIZED
AR11103,منعزل,صفة,74,1619,شخص يفضل العزلة ولا يحب الاختلاط,عزل,مُنْفَعِلٌ,,,,,CANDIDATE,,L2_017 haiku b43,POS_NOT_CLOSED;UNVOCALIZED
AR11104,ناسك,صفة,74,1621,شخص يتجنب الآخرين ويعيش حياة منعزلة,نسك,فَاعِلٌ,,,,,CANDIDATE,,L2_017 haiku b43,POS_NOT_CLOSED;UNVOCALIZED
AR11105,جبان,صفة,74,1624,الشخص الخائف والضعيف الثقة,جبن,فَعَالٍ,,,,,CANDIDATE,,L2_017 haiku b43,POS_NOT_CLOSED;UNVOCALIZED
AR11106,لطيف,صفة,74,18466,الشخص الطيب الأخلاق والمحب للاختلاط,لطف,فَعِيلٌ,,,,,CANDIDATE,,L2_017 haiku b43,POS_NOT_CLOSED;UNVOCALIZED
AR11107,استبدادي,اسم منسوب,75,1625,الشخص المؤمن بفرض الطاعة المطلقة,بدد,,,,,,CANDIDATE,اِسْتِفْعَالِي,L2_017 haiku b43,UNVOCALIZED;WAZN_NOT_IN_INV
AR11108,متساهل,صفة,75,1626,الشخص الغير صارم وسهل المراس,سهل,مُتَفَعِّلٌ,,,,,CANDIDATE,,L2_017 haiku b43,POS_NOT_CLOSED;UNVOCALIZED
AR11109,متسامح,صفة,75,1627;1630,الشخص الرحيم والمتسامح,سمح,مُتَفَعِّلٌ,,,,,CANDIDATE,,L2_017 haiku b43,POS_NOT_CLOSED;UNVOCALIZED
AR11110,تحرري,اسم منسوب,75,1628,الشخص المحترم لآراء الآخرين المختلفة,حرر,,,,,,CANDIDATE,تَفَعُّلِي,L2_017 haiku b43,UNVOCALIZED;WAZN_NOT_IN_INV
AR11111,صارم,صفة,75,1629,الشخص الملتزم بفرض احترام القواعد,صرم,فَاعِلٌ,,,,,CANDIDATE,,L2_017 haiku b43,POS_NOT_CLOSED;UNVOCALIZED
AR11112,قاسي,صفة,75,17021,الشخص الشديد والقاسي,قسو,فَاعِلٌ,,,,,CANDIDATE,,L2_017 haiku b43,POS_NOT_CLOSED;UNVOCALIZED
AR11113,زيّن,فعل,76,1631;1636;11857,تغطية شيء بطريقة جميلة,زين,فَعَّلَ,,,,,CANDIDATE,,L2_017 haiku b43,
AR11114,غطى,فعل,76,1632;1635;1642,التغطية الكاملة بطبقة سميكة,غطي,فَعَلَ,,,,,CANDIDATE,,L2_017 haiku b43,UNVOCALIZED
AR11115,ستر,فعل,76,1633,الستر والإخفاء بطريقة كاملة,ستر,فَعَلَ,,,,,CANDIDATE,,L2_017 haiku b43,UNVOCALIZED
AR11116,غلف,فعل,76,1634,تشكيل طبقة واقية على شيء,غلف,فَعَلَ,,,,,CANDIDATE,,L2_017 haiku b43,UNVOCALIZED
AR11117,زخرف,فعل,76,1637,إضافة الزينة والجمال,زخرف,فَعَلَ,,,,,CANDIDATE,,L2_017 haiku b43,UNVOCALIZED
AR11118,لفّ,فعل,76,1639,الإحاطة والتغطية الكاملة,لفف,فَعَّلَ,,,,,CANDIDATE,,L2_017 haiku b43,WAZN_LEMMA_MISMATCH
AR11119,اكتنف,فعل,76,1640;1645,زينة بسلسلة أو إكليل زهور,كنف,اِفْتَعَلَ,,,,,CANDIDATE,,L2_017 haiku b43,UNVOCALIZED
AR11120,امتلأ,فعل,76,1641,صيرورة الشيء ممتلئاً,ملا,اِفْتَعَلَ,,,,,CANDIDATE,,L2_017 haiku b43,ROOT_ALIF;UNVOCALIZED
AR11121,اصطفّ,فعل,76,1643,الوقوف على طول الحدود,صفف,اِفْتَعَلَ,,,,,CANDIDATE,,L2_017 haiku b43,WAZN_LEMMA_MISMATCH
AR11122,رصف,فعل,76,1644,التغطية كالرصيف,رصف,فَعَلَ,,,,,CANDIDATE,,L2_017 haiku b43,UNVOCALIZED
AR11123,نقط,فعل,76,3929,التوزيع المتناثر على المساحة,نقط,فَعَلَ,,,,,CANDIDATE,,L2_017 haiku b43,UNVOCALIZED
AR11124,نثر,فعل,76,3977;17926,نشر وتوزيع بطريقة متناثرة,نثر,فَعَلَ,,,,,CANDIDATE,,L2_017 haiku b43,UNVOCALIZED
AR11125,غطّى,فعل,76,11859,التغطية بقشرة صلبة,غطي,فَعَّلَ,,,,,CANDIDATE,,L2_017 haiku b43,
AR11126,في كل مكان,تركيب,76,17927,التغطية الشاملة,,,,,,,CANDIDATE,,L2_017 haiku b43,UNVOCALIZED
AR11127,عبر,حرف,76,17928,التغطية الموزعة عبر المناطق,,,,,,,CANDIDATE,,L2_017 haiku b43,UNVOCALIZED
AR11128,فوق,حرف,76,17959,التغطية من الأعلى,,,,,,,CANDIDATE,,L2_017 haiku b43,UNVOCALIZED
AR11129,حول,حرف,76,17960,الوجود في أماكن موزعة,,,,,,,CANDIDATE,,L2_017 haiku b43,UNVOCALIZED
AR11130,تعظيم,اسم جامد,77,1646,جعل شيء يبدو أكبر,عظم,تَفْعِيلٌ,,,,,CANDIDATE,,L2_017 haiku b43,UNVOCALIZED
AR11131,زيادة,اسم جامد,77,1647,عملية إضافة أو زيادة شيء,زيد,,,,,,CANDIDATE,فِيَالَة,L2_017 haiku b43,UNVOCALIZED;WAZN_NOT_IN_INV
AR11132,انقباض,اسم جامد,77,1648,عملية انكماش الحجم أو العدد,قبض,اِنْفِعَالٌ,,,,,CANDIDATE,,L2_017 haiku b43,UNVOCALIZED
AR11133,وسّع,فعل,77,1649;1650;1652;1663,جعل شيء أوسع أو أكبر,وسع,فَعَّلَ,,,,,CANDIDATE,,L2_017 haiku b43,
AR11134,توسيع,اسم جامد,77,1651,عملية جعل شيء أكبر,وسع,تَفْعِيلٌ,,,,,CANDIDATE,,L2_017 haiku b43,UNVOCALIZED
AR11135,توسع,اسم جامد,77,1653,عملية الانتشار أو الزيادة,وسع,تَفَعُّلٌ,,,,,CANDIDATE,,L2_017 haiku b43,UNVOCALIZED
AR11136,نمو,اسم جامد,77,1655,عملية الزيادة في الحجم,نمي,فَعَلٌ,,,,,CANDIDATE,,L2_017 haiku b43,UNVOCALIZED
AR11137,نفخ,فعل,77,1656;12041,توسيع بملء الهواء أو الغاز,نفخ,فَعَلَ,,,,,CANDIDATE,,L2_017 haiku b43,UNVOCALIZED
AR11138,طوّل,فعل,77,1657,جعل الشيء أطول,طول,فَعَّلَ,,,,,CANDIDATE,,L2_017 haiku b43,
AR11139,تكبير,اسم جامد,77,1658,إظهار الشيء أكبر مما هو,كبر,تَفْعِيلٌ,,,,,CANDIDATE,,L2_017 haiku b43,UNVOCALIZED
AR11140,كبّر,فعل,77,1659,إظهار الشيء أكبر بالعدسة,كبر,فَعَّلَ,,,,,CANDIDATE,,L2_017 haiku b43,
AR11141,تقليل,اسم جامد,77,1660,عملية تصغير الحجم أو العدد,قلل,تَفْعِيلٌ,,,,,CANDIDATE,,L2_017 haiku b43,UNVOCALIZED
AR11142,انكمش,فعل,77,1661,صيرورة الشيء أصغر,كمش,اِنْفَعَلَ,,,,,CANDIDATE,,L2_017 haiku b43,UNVOCALIZED
AR11143,تورم,فعل,77,1662,زيادة الحجم بشكل متضخم,ورم,تَفَعَّلَ,,,,,CANDIDATE,,L2_017 haiku b43,UNVOCALIZED
AR11144,ضاق,فعل,77,4730,صيرورة الشيء أضيق,ضيق,فَعَلَ,,,,,CANDIDATE,,L2_017 haiku b43,UNVOCALIZED
AR11145,نما,فعل,77,11318,جعل الشيء يزداد حجماً,نمي,فَعَلَ,,,,,CANDIDATE,,L2_017 haiku b43,UNVOCALIZED
AR11146,مدّ,فعل,77,15441,شد شيء من الطرفين ليزداد سطحه,مدد,فَعَّلَ,,,,,CANDIDATE,,L2_017 haiku b43,WAZN_LEMMA_MISMATCH
AR11147,ضغط,فعل,77,18527,جعل الشيء أكثر كثافة بالضغط,ضغط,فَعَلَ,,,,,CANDIDATE,,L2_017 haiku b43,UNVOCALIZED
AR11148,ضغط,اسم جامد,77,18528,عملية الضغط والتكثيف,ضغط,فَعَلٌ,,,,,CANDIDATE,,L2_017 haiku b43,UNVOCALIZED
AR11149,كثّف,فعل,77,18529,جعل الشيء أكثر كثافة,كثف,فَعَّلَ,,,,,CANDIDATE,,L2_017 haiku b43,
AR11150,دائم,صفة,79,1711;1719,الشيء الذي يستمر أو يدوم,دوم,فَاعِلٌ,,,,,CANDIDATE,,L2_017 haiku b43,POS_NOT_CLOSED;UNVOCALIZED
AR11151,قصير,صفة,79,1712;1723,الشيء ذو المدة القليلة,قصر,فَعِيلٌ,,,,,CANDIDATE,,L2_017 haiku b43,POS_NOT_CLOSED;UNVOCALIZED
AR11152,مزمن,صفة,79,1713,المرض أو المشكلة التي تستمر طويلاً,زمن,مُفَعِّلٌ,,,,,CANDIDATE,,L2_017 haiku b43,POS_NOT_CLOSED;UNVOCALIZED
AR11153,باق,صفة,79,1714,الشيء الذي يستمر ويدوم,بقي,فَاعِلٌ,,,,,CANDIDATE,,L2_017 haiku b43,POS_NOT_CLOSED;UNVOCALIZED
AR11154,زائل,صفة,79,1715,الشيء الذي يمضي بسرعة,زول,فَاعِلٌ,,,,,CANDIDATE,,L2_017 haiku b43,POS_NOT_CLOSED;UNVOCALIZED
AR11155,أبدي,صفة,79,1716,الشيء الذي يدوم للأبد,بدد,,,,,,CANDIDATE,أَفْعَالِي,L2_017 haiku b43,POS_NOT_CLOSED;UNVOCALIZED;WAZN_LEMMA_MISMATCH;WAZN_NOT_IN_INV
AR11156,ممتد,صفة,79,1717,الشيء الطويل المدى,متد,مُفَعِّلٌ,,,,,CANDIDATE,,L2_017 haiku b43,POS_NOT_CLOSED;UNVOCALIZED
AR11157,مؤقت,صفة,79,1718,الشيء غير الدائم أو المرحلي,وقت,مُفَعِّلٌ,,,,,CANDIDATE,,L2_017 haiku b43,POS_NOT_CLOSED;UNVOCALIZED
AR11158,طويل,صفة,79,1720;13915,الشيء ذو المدة الطويلة,طول,فَعِيلٌ,,,,,CANDIDATE,,L2_017 haiku b43,POS_NOT_CLOSED;UNVOCALIZED
AR11159,وجيز,صفة,79,1721,الشيء الذي يحدث للحظة,وجز,فَعِيلٌ,,,,,CANDIDATE,,L2_017 haiku b43,POS_NOT_CLOSED;UNVOCALIZED
AR11160,دائب,صفة,79,1722,الشيء الذي لا ينقطع,دوب,فَاعِلٌ,,,,,CANDIDATE,,L2_017 haiku b43,POS_NOT_CLOSED;UNVOCALIZED
AR11161,مستمر,صفة,79,15849,الشيء الطويل الأمد,سمر,مُسْتَفْعِلٌ,,,,,CANDIDATE,,L2_017 haiku b43,POS_NOT_CLOSED;UNVOCALIZED;WAZN_LEMMA_MISMATCH
AR11162,سريع,صفة,79,16090,الحدث الذي ينتهي بسرعة,سرع,فَعِيلٌ,,,,,CANDIDATE,,L2_017 haiku b43,POS_NOT_CLOSED;UNVOCALIZED
AR11163,متواصل,صفة,79,16953,الشيء المستمر والدائم,وصل,مُتَفَاعِلٌ,,,,,CANDIDATE,,L2_017 haiku b43,POS_NOT_CLOSED;UNVOCALIZED
AR11164,متوافق,صفة,117,14712,الامتثال لمعيار أو قاعدة معينة,وفق,مُتَفَاعِلٌ,,,,,CANDIDATE,,L2_017 haiku b43,POS_NOT_CLOSED;UNVOCALIZED
AR11165,امتلك,فعل,118,17681,الحيازة والملكية,ملك,اِفْتَعَلَ,,,,,CANDIDATE,,L2_017 haiku b43,UNVOCALIZED
AR11166,تلألؤ,اسم جامد,131,9211;9219,الومضة أو البريق,لالا,تَفَعُّلٌ,,,,,CANDIDATE,,L2_017 haiku b43,ROOT_ALIF;UNVOCALIZED
AR11167,بريق,اسم جامد,131,9216;9218;9230,الإضاءة الساطعة,برق,فَعِيلٌ,,,,,CANDIDATE,,L2_017 haiku b43,UNVOCALIZED
AR11168,تلألأ,فعل,131,9220,إصدار ومضات من الضوء,لالا,تَفَعَّلَ,,,,,CANDIDATE,,L2_017 haiku b43,ROOT_ALIF;UNVOCALIZED
AR11169,توهج,اسم جامد,131,9222;9226;9249,إضاءة ساطعة جداً,وهج,تَفَعُّلٌ,,,,,CANDIDATE,,L2_017 haiku b43,UNVOCALIZED
AR11170,برق,فعل,131,9229;9231;9234,إصدار ومضات براقة,برق,فَعَلَ,,,,,CANDIDATE,,L2_017 haiku b43,UNVOCALIZED
AR11171,برق,اسم جامد,131,9232,الومضة براقة,برق,فَعِيلٌ,,,,,CANDIDATE,,L2_017 haiku b43,UNVOCALIZED
AR11172,براق,صفة,131,9233,الشيء الذي يصدر ومضات براقة,برق,فَاعِلٌ,,,,,CANDIDATE,,L2_017 haiku b43,POS_NOT_CLOSED;UNVOCALIZED
AR11173,لمع,فعل,131,9235;9237;9245,إصدار ومضات ضوئية صغيرة,لمع,فَعَلَ,,,,,CANDIDATE,,L2_017 haiku b43,UNVOCALIZED
AR11174,لمعة,اسم جامد,131,9236;9246,ومضة صغيرة من الضوء,لمع,فَعْلَةٌ,,,,,CANDIDATE,,L2_017 haiku b43,UNVOCALIZED
AR11175,لمعان,اسم جامد,131,9238,ضوء خافت متموج,لمع,فَعَلانٌ,,,,,CANDIDATE,,L2_017 haiku b43,UNVOCALIZED
AR11176,ألمع,اسم جامد,131,9241,إضاءة خافتة أو قصيرة,لمع,أَفْعَلُ,,,,,CANDIDATE,,L2_017 haiku b43,UNVOCALIZED
AR11177,رفرف,فعل,131,9242,إصدار ضوء متقطع,رفف,,,,,,CANDIDATE,فَعْفَعَ,L2_017 haiku b43,UNVOCALIZED;WAZN_NOT_IN_INV
AR11178,رفرفة,اسم جامد,131,9243,إصدار ضوء متقطع من المصدر,رفف,,,,,,CANDIDATE,فَعْفَعَة,L2_017 haiku b43,UNVOCALIZED;WAZN_NOT_IN_INV
AR11179,اشتعل,فعل,131,9247;9248,إضاءة ساطعة مفاجئة,شعل,اِفْتَعَلَ,,,,,CANDIDATE,,L2_017 haiku b43,UNVOCALIZED
AR11180,توهج,فعل,131,9250,إصدار ومضات وبريق,وهج,تَفَعَّلَ,,,,,CANDIDATE,,L2_017 haiku b43,UNVOCALIZED
AR11181,انفجر,فعل,133,4409,بدء حدث غير مرغوب فجأة,فجر,اِنْفَعَلَ,,,,,CANDIDATE,,L2_017 haiku b43,UNVOCALIZED
AR11182,بداية,اسم جامد,133,4410,بدء شيء ما,بدء,فِعَالَةٌ,,,,,CANDIDATE,,L2_017 haiku b43,UNVOCALIZED
AR11183,ناشئ,صفة,133,4411;4413,الشيء الذي في مراحله الأولية,نشا,فَاعِلٌ,,,,,CANDIDATE,,L2_017 haiku b43,POS_NOT_CLOSED;ROOT_ALIF;UNVOCALIZED
AR11184,بدء,اسم جامد,133,4412,بدء حدث غير سار,بدء,فَعْلٌ,,,,,CANDIDATE,,L2_017 haiku b43,UNVOCALIZED
AR11185,تَذَكَّرَ,فعل,135,2672;7829,استعادة معلومة من الذاكرة إلى الوعي,ذكر,تَفَعَّلَ,,,,,CANDIDATE,,L2_017 haiku b44,
AR11186,تَذَكُّر,مصدر,135,2673,فعل أو قدرة استعادة المضمون من الذاكرة,ذكر,تَفَعُّلٌ,,,,,CANDIDATE,,L2_017 haiku b44,
AR11187,سَافَرَ,فعل,343,5957;5961,انتقال المسافر من موقع إلى آخر,سفر,فَعَلَ,,,,,CANDIDATE,,L2_017 haiku b44,
AR11188,سَفَر,اسم جامد,343,5958,رحلات التنقل خاصة البعيدة,سفر,فَعَلٌ,,,,,CANDIDATE,,L2_017 haiku b44,
AR11189,رِحْلَة بَحْرِيَّة,تركيب,343,5959,ركوب البحر أو الفضاء لمسافات طويلة,,,,,,,CANDIDATE,,L2_017 haiku b44,
AR11190,أَبْحَرَ,فعل,343,5960,الذهاب في رحلة بحرية,برح,أَفْعَلَ,,,,,CANDIDATE,,L2_017 haiku b44,WAZN_LEMMA_MISMATCH
AR11191,رِحْلَة,اسم جامد,343,5962;6064,الانتقال من موقع إلى موقع آخر,رحل,فِعْلَةٌ,,,,,CANDIDATE,,L2_017 haiku b44,
AR11192,رِحْلَة قَصِيرَة,تركيب,343,5963,التنقل لغرض الترفيه لمسافات قريبة,,,,,,,CANDIDATE,,L2_017 haiku b44,
AR11193,رِحْلَة طَوِيلَة,تركيب,343,5964,مسار طويل ومحفوف بالأحداث,,,,,,,CANDIDATE,,L2_017 haiku b44,
AR11194,حِمْلَة,اسم جامد,343,5965,رحلة منظمة لهدف معين,حمل,فِعْلَةٌ,,,,,CANDIDATE,,L2_017 haiku b44,
AR11195,تَنَقَّلَ,فعل,343,5966,السفر بانتظام بين السكن والعمل,نقل,تَفَعَّلَ,,,,,CANDIDATE,,L2_017 haiku b44,
AR11196,ترحّل,مصدر,343,6059,الانتقال من مكان إلى آخر بصورة متكررة,رحل,تَفَعُّلٌ,,,,,CANDIDATE,,L2_017 haiku b44,
AR11197,حِجّ,اسم جامد,343,6060,رحلة دينية للعبادة والنسك,حجج,,,,,,CANDIDATE,فِعّ,L2_017 haiku b44,WAZN_NOT_IN_INV
AR11198,جَالَ,فعل,343,6061,الذهاب لعدة أماكن للترفيه,جول,فَعَلَ,,,,,CANDIDATE,,L2_017 haiku b44,
AR11199,جَوْلَة,اسم جامد,343,6062,رحلة للترفيه بزيارة أماكن متعددة,جول,فَعْلَةٌ,,,,,CANDIDATE,,L2_017 haiku b44,
AR11200,مَغَامَرَة,اسم جامد,343,6063,حملة لمراقبة الحيوانات في موطنها,غمر,مَفْعَلَةٌ,,,,,CANDIDATE,,L2_017 haiku b44,
AR11201,نُزْهَة,اسم جامد,343,7527,رحلة فخمة للترفيه على حساب الدولة,نزه,فُعْلَةٌ,,,,,CANDIDATE,,L2_017 haiku b44,
AR11202,إجَازَة,اسم جامد,343,15204,عطلة لقضاء الوقت بسرور,جوز,فِعَالَةٌ,,,,,CANDIDATE,,L2_017 haiku b44,
AR11203,نُزْهَة قَصِيرَة,تركيب,343,15212,رحلة قصيرة للترفيه والاستمتاع,,,,,,,CANDIDATE,,L2_017 haiku b44,
AR11204,عَصَرَ,فعل,344,5971,ضغط الشيء ليصبح كتلة صغيرة,عصر,فَعَلَ,,,,,CANDIDATE,,L2_017 haiku b44,
AR11205,سَطَّحَ,فعل,344,5973,جعل الشيء مسطحاً,سطح,فَعَّلَ,,,,,CANDIDATE,,L2_017 haiku b44,
AR11206,جَعَّدَ,فعل,344,5974,تكسير الشيء وتجعيده بالضغط,جعد,فَعَّلَ,,,,,CANDIDATE,,L2_017 haiku b44,
AR11207,سَحَقَ,فعل,344,5975;5997;5998,ضغط الشيء حتى يتشوه,سحق,فَعَلَ,,,,,CANDIDATE,,L2_017 haiku b44,
AR11208,حَفَرَ,فعل,344,5976,تكوين تجويف بالضغط على السطح,حفر,فَعَلَ,,,,,CANDIDATE,,L2_017 haiku b44,
AR11209,عَوَّجَ,فعل,344,6090,جعل الشيء منحني من الحرارة أو الرطوبة,عوج,فَعَّلَ,,,,,CANDIDATE,,L2_017 haiku b44,
AR11210,سَحَنَ,فعل,344,6114,تسطيح سطح الشيء بآلة محمولة,سحن,فَعَلَ,,,,,CANDIDATE,,L2_017 haiku b44,
AR11211,طَوَّى,فعل,344,6170,ثني الشيء على نفسه بحيث يغطيه,طوي,فَعَّلَ,,,,,CANDIDATE,,L2_017 haiku b44,
AR11212,شَكَّلَ,فعل,344,7612,إعطاء الشيء صيغة معينة,شكل,فَعَّلَ,,,,,CANDIDATE,,L2_017 haiku b44,
AR11213,صَوَّرَ,فعل,344,7613,تشكيل الشيء على صورة معينة,صور,فَعَّلَ,,,,,CANDIDATE,,L2_017 haiku b44,
AR11214,صَاغَ,فعل,344,7614,تشكيل الشيء المرن باليد أو بقالب,صيغ,فَاعَلَ,,,,,CANDIDATE,,L2_017 haiku b44,
AR11215,تَشْوِيه,مصدر,344,7615,تغيير الشكل الأصلي للشيء,شوه,تَفْعِيلٌ,,,,,CANDIDATE,,L2_017 haiku b44,
AR11216,ثَنَى,فعل,344,7616,تطبيق قوة تجعل الشيء منحنياً,ثني,فَعَلَ,,,,,CANDIDATE,,L2_017 haiku b44,
AR11217,نَعَّمَ,فعل,344,15084,تسوية سطح الشيء بآلة,نعم,فَعَّلَ,,,,,CANDIDATE,,L2_017 haiku b44,
AR11218,لَفَّ,فعل,344,15344,تكوين ملف أو شكل منحني,لفف,فَعَّلَ,,,,,CANDIDATE,,L2_017 haiku b44,WAZN_LEMMA_MISMATCH
AR11219,قَطَرَ,فعل,345,6015;6021,سقوط السائل نقطة تلو الأخرى,قطر,فَعَلَ,,,,,CANDIDATE,,L2_017 haiku b44,
AR11220,جَرَى,فعل,345,6016;6030;6152,تحرك السائل بانسيابية وتوالي,جري,فَعَلَ,,,,,CANDIDATE,,L2_017 haiku b44,
AR11221,فَارَ,فعل,345,6017,ارتفاع فقاعات هواء من السائل,فور,,,,,,CANDIDATE,فَاعَ,L2_017 haiku b44,WAZN_NOT_IN_INV
AR11222,تَسَرَّبَ,فعل,345,6018;6026;6027,تدفق السائل بكمية صغيرة,سرب,تَفَعَّلَ,,,,,CANDIDATE,,L2_017 haiku b44,
AR11223,انْدَفَعَ,فعل,345,6019;6028;6032;6033;6151;9506,اندفاع السائل بسرعة وكثرة,دفع,,,,,,CANDIDATE,انْفَعَلَ,L2_017 haiku b44,WAZN_NOT_IN_INV
AR11224,تَدَفَّقَ,فعل,345,6020,تدفق السائل بسرعة نحو الأسفل,دفق,تَفَعَّلَ,,,,,CANDIDATE,,L2_017 haiku b44,
AR11225,رَشَّ,فعل,345,6022;6031,تناثر السائل فوق السطح,رشش,فَعَّلَ,,,,,CANDIDATE,,L2_017 haiku b44,WAZN_LEMMA_MISMATCH
AR11226,انْفَجَرَ,فعل,345,6023,خروج السائل بقوة وكثرة,فجر,,,,,,CANDIDATE,انْفَعَلَ,L2_017 haiku b44,WAZN_NOT_IN_INV
AR11227,رَشَحَ,فعل,345,6024;6025,تسرب السائل ببطء عبر مسام,رشح,فَعَلَ,,,,,CANDIDATE,,L2_017 haiku b44,
AR11228,تَشَرَّبَ,فعل,345,6029,تسرب السائل عبر المادة,شرب,تَفَعَّلَ,,,,,CANDIDATE,,L2_017 haiku b44,
AR11229,سَالَ,فعل,345,6030;6159,تحرك السائل بسهولة,سيل,,,,,,CANDIDATE,فَاعَ,L2_017 haiku b44 | variant,WAZN_NOT_IN_INV
AR11230,خَرِرَ,فعل,345,6153,جريان السائل بحركة حلزونية مع صوت,خرر,فَعِلَ,,,,,CANDIDATE,,L2_017 haiku b44,
AR11231,انْسَكَبَ,فعل,345,6155,تدفق السائل فوق حافة الإناء,سكب,,,,,,CANDIDATE,انْفَعَلَ,L2_017 haiku b44,WAZN_NOT_IN_INV
AR11232,تَحَرَّكَ,فعل,345,17522,حركة الشيء قفزات سريعة كالمضخة,حرك,تَفَعَّلَ,,,,,CANDIDATE,,L2_017 haiku b44,
AR11233,تَنَاثَرَ,فعل,345,17523,تناثر السائل في قطرات,نثر,تَفَاعَلَ,,,,,CANDIDATE,,L2_017 haiku b44,
AR11234,رَذَاذ,اسم جامد,345,17524,انتشار السائل في الهواء بشكل منفرق,رذذ,فَعَالٍ,,,,,CANDIDATE,,L2_017 haiku b44,
AR11235,فَاسِد,صفة مشبهة,346,6043;6046,نخر الجسم الحي من التحلل,فسد,فَاعِلٌ,,,,,CANDIDATE,,L2_017 haiku b44,
AR11236,عَفِن,صفة مشبهة,346,6045;6048;6191,رائحة الطعام الدهني من البلى,عفن,فَعِلٌ,,,,,CANDIDATE,,L2_017 haiku b44,
AR11237,مُتَعَفِّن,اسم مفعول,346,6190,مغطى بالفطريات الدقيقة,عفن,مُتَفَعِّلٌ,,,,,CANDIDATE,,L2_017 haiku b44,
AR11238,انْتَقَمَ,فعل,347,6056;6065;6066,إنزال الأذى جزاء ظلم سابق,نقم,,,,,,CANDIDATE,انْفَعَلَ,L2_017 haiku b44,WAZN_LEMMA_MISMATCH;WAZN_NOT_IN_INV
AR11239,مُنْتَقِم,اسم فاعل,347,6057;6072,شخص يأخذ ثأره,نقم,مُفْتَعِلٌ,,,,,CANDIDATE,,L2_017 haiku b44,
AR11240,ثَأْر,اسم جامد,347,6058;6067;10124,العقوبة للانتقام من الظلم,ثور,,,,,,CANDIDATE,فَأْل,L2_017 haiku b44,WAZN_NOT_IN_INV
AR11241,انْتِقَامِي,اسم منسوب,347,6068,رغبة في إيذاء الآخر انتقاماً,نقم,,,,,,CANDIDATE,افْتِعَالِي,L2_017 haiku b44,WAZN_NOT_IN_INV
AR11242,حَاقِد,صفة مشبهة,347,6069,رغبة قوية غير معقولة بالانتقام,حقد,فَاعِلٌ,,,,,CANDIDATE,,L2_017 haiku b44,
AR11243,انْتِقَام,مصدر,347,6070,العقوبة بروح من الغضب الأخلاقي,نقم,,,,,,CANDIDATE,افْتِعَال,L2_017 haiku b44,WAZN_NOT_IN_INV
AR11244,رد,اسم جامد,347,6071,الهجوم ردّاً على هجوم مماثل,ردد,,,,,,CANDIDATE,فَعّ,L2_017 haiku b44,UNVOCALIZED;WAZN_NOT_IN_INV
AR11245,منتقم,صفة مشبهة,347,6073,يرغب في الانتقام بقوة,نقم,مُفْتَعِلٌ,,,,,CANDIDATE,,L2_017 haiku b44,UNVOCALIZED
AR11246,انتقامي,اسم منسوب,347,6074,متعلق بالعقوبة الانتقامية,نقم,,,,,,CANDIDATE,افْتِعَالِي,L2_017 haiku b44,UNVOCALIZED;WAZN_NOT_IN_INV
AR11247,انتقام,مصدر,347,6075,تغريم الدولة دولة أخرى,نقم,,,,,,CANDIDATE,افْتِعَال,L2_017 haiku b44,UNVOCALIZED;WAZN_NOT_IN_INV
AR11248,تَأْدِيبِي,اسم منسوب,347,6076,متعلق بالعقوبة الرادعة,ءدب,,,,,,CANDIDATE,تَأْفِيلِي,L2_017 haiku b44,ROOT_NORMALIZED;WAZN_NOT_IN_INV
AR11249,عُقُوبِي,اسم منسوب,347,6076,متعلق بالعقوبة الردية,عقب,,,,,,CANDIDATE,فُعُولِي,L2_017 haiku b44 | variant,WAZN_NOT_IN_INV
AR11250,اِنْتَقَمَ,فعل,347,10003,إيقاع الأذى مماثل ردّاً,نقم,,,,,,CANDIDATE,افْتَعَلَ,L2_017 haiku b44,WAZN_NOT_IN_INV
AR11251,عُقُوبَة,اسم جامد,347,10676,تدابير دول لإرغام أخرى على الامتثال,عقب,فُعُولَةٌ,,,,,CANDIDATE,,L2_017 haiku b44,
AR11252,صَدِئَ,فعل,348,6104,إصابة المعدن بالصدأ,صدا,فَعِلَ,,,,,CANDIDATE,,L2_017 haiku b44,ROOT_ALIF
AR11253,تَآكَلَ,فعل,348,6105,تدمير المعدن بفعل كيميائي,ءكل,تَفَاعَلَ,,,,,CANDIDATE,,L2_017 haiku b44,ROOT_NORMALIZED
AR11254,تَأَكْسَدَ,فعل,348,17521,اتحاد المادة بالأكسجين ناتجاً عن التآكل,ءكسد,,,,,,CANDIDATE,تَفَعْلَ,L2_017 haiku b44,ROOT_NORMALIZED;WAZN_NOT_IN_INV
AR11255,تَحَيُّز,مصدر,349,6095;6098;13305,الميل الشخصي نحو جانب معين,حيز,تَفَعُّلٌ,,,,,CANDIDATE,,L2_017 haiku b44,
AR11256,مُنْحَاز,اسم مفعول,349,6096,يفضل جانباً على آخر في نزاع,حيز,مُفْتَعِلٌ,,,,,CANDIDATE,,L2_017 haiku b44,
AR11257,عَادِل,صفة مشبهة,349,6097,يعامل الأطراف بالتساوي,عدل,فَاعِلٌ,,,,,CANDIDATE,,L2_017 haiku b44,
AR11258,عِدْل,اسم جامد,349,6099,عدم الانحياز في نزاع,عدل,فِعْلٌ,,,,,CANDIDATE,,L2_017 haiku b44,
AR11259,حِيَادِي,اسم منسوب,349,6100,لا ينحاز لأي جانب,حيد,,,,,,CANDIDATE,فِعَالِي,L2_017 haiku b44,WAZN_NOT_IN_INV
AR11260,حِيَاد,اسم جامد,349,6101,عدم الانحياز بين جانبين,حيد,فِعَالٌ,,,,,CANDIDATE,,L2_017 haiku b44,
AR11261,فَضَّلَ,فعل,349,6102;6103,يعامل جانباً بتفضيل,فضل,فَعَّلَ,,,,,CANDIDATE,,L2_017 haiku b44,
AR11262,حَاكَ,فعل,349,11254,التأثير على التقييم بانحياز,حيك,,,,,,CANDIDATE,فَاعَ,L2_017 haiku b44,WAZN_NOT_IN_INV
AR11263,مُتَحَيِّز,اسم مفعول,349,11255;13304,لديه ميل معين,حيز,مُتَفَعِّلٌ,,,,,CANDIDATE,,L2_017 haiku b44,
AR11264,حَكَمَ,فعل,349,13306,إصدار حكم سريع بدون كفاية,حكم,فَعَلَ,,,,,CANDIDATE,,L2_017 haiku b44,
AR11265,آكَلَ,فعل,350,6106,تدمير معدن بفعل كيميائي,ءكل,فَاعَلَ,,,,,CANDIDATE,,L2_017 haiku b44,ROOT_NORMALIZED
AR11266,أَكْسَدَ,فعل,350,6107,تفاعل مادة مع الأكسجين,ءكسد,أَفْعَلَ,,,,,CANDIDATE,,L2_017 haiku b44,ROOT_NORMALIZED
AR11267,أَسْوَدَّ,فعل,350,6108,فقدان البريق بسبب الرطوبة,سود,,,,,,CANDIDATE,أَفْعَلَّ,L2_017 haiku b44,WAZN_NOT_IN_INV
AR11268,صَدِّأَ,فعل,350,17584,تكوين طبقة صدأ على المعدن,صدا,فَعَّلَ,,,,,CANDIDATE,,L2_017 haiku b44,ROOT_ALIF
AR11269,تَقَشَّرَ,فعل,351,6109,الانقسام إلى قطع رقيقة,قشر,تَفَعَّلَ,,,,,CANDIDATE,,L2_017 haiku b44,
AR11270,مَسَّ,فعل,351,6110,تحويل شيء إلى جزيئات دقيقة,مسس,فَعَّلَ,,,,,CANDIDATE,,L2_017 haiku b44,WAZN_LEMMA_MISMATCH
AR11271,طَحَنَ,فعل,351,6111;6182,تحويل إلى حبيبات بالضغط,طحن,فَعَلَ,,,,,CANDIDATE,,L2_017 haiku b44,
AR11272,تَفَتَّتَ,فعل,351,6112,تحطم الشيء إلى قطع,فتت,تَفَعَّلَ,,,,,CANDIDATE,,L2_017 haiku b44,
AR11273,سَحَقَ,فعل,351,6113;18461,تحويل بالضغط القوي,سحق,فَعَلَ,,,,,CANDIDATE,,L2_017 haiku b44,
AR11274,بَشَرَ,فعل,351,6184,تقطيع الطعام إلى شرائح دقيقة,بشر,فَعَلَ,,,,,CANDIDATE,,L2_017 haiku b44,
AR11275,مَزَّقَ,فعل,351,6185,تمزيق إلى شرائح,مزق,فَعَّلَ,,,,,CANDIDATE,,L2_017 haiku b44,
AR11276,قَرْقَرَ,فعل,351,6186,كسر الطعام الصلب بالأسنان,قرقر,,,,,,CANDIDATE,فَعْفَعَ,L2_017 haiku b44,WAZN_NOT_IN_INV
AR11277,مَضَغَ,فعل,351,6187;6188,عض ومضغ الطعام في الفم,مضغ,فَعَلَ,,,,,CANDIDATE,,L2_017 haiku b44,
AR11278,مَضْغ,مصدر,351,8022,عملية مضغ الطعام,مضغ,فَعْلٌ,,,,,CANDIDATE,,L2_017 haiku b44,
AR11279,هَرَسَ,فعل,351,18460,تحويل إلى كتلة ناعمة,هرس,فَعَلَ,,,,,CANDIDATE,,L2_017 haiku b44,
AR11280,انْتَقَى,فعل,352,6269,الاختيار الدقيق من البدائل,نقي,,,,,,CANDIDATE,افْتَعَلَ,L2_017 haiku b44,WAZN_NOT_IN_INV
AR11281,اِخْتَارَ,فعل,352,6270;6271;12780,اختيار من عدة خيارات,خير,,,,,,CANDIDATE,افْتَعَلَ,L2_017 haiku b44,WAZN_NOT_IN_INV
AR11282,تَوَاضَعَ,فعل,352,6274,الاتفاق على قرار,وضع,تَفَاعَلَ,,,,,CANDIDATE,,L2_017 haiku b44,
AR11283,اِتَّفَقَ,فعل,352,6274,الوصول إلى اتفاق,فقق,,,,,,CANDIDATE,افْتَعَلَ,L2_017 haiku b44 | variant,WAZN_LEMMA_MISMATCH;WAZN_NOT_IN_INV
AR11284,انْتَخَبَ,فعل,352,6276,الاختيار للقيام بعمل,نخب,,,,,,CANDIDATE,افْتَعَلَ,L2_017 haiku b44,WAZN_NOT_IN_INV
AR11285,اِخْتِيَار,مصدر,352,6277,الشيء المختار,خير,,,,,,CANDIDATE,افْتِعَال,L2_017 haiku b44,WAZN_NOT_IN_INV
AR11286,انْتِقَاء,مصدر,352,6279;14593,عملية أو نتيجة الاختيار,نقي,,,,,,CANDIDATE,افْتِعَال,L2_017 haiku b44,WAZN_NOT_IN_INV
AR11287,قَارَنَ,فعل,353,6115,المماثلة أو الموازاة,قرن,فَاعَلَ,,,,,CANDIDATE,,L2_017 haiku b44,
AR11288,نَاسَبَ,فعل,353,6116,الوفاء بالمستوى المطلوب,نسب,فَاعَلَ,,,,,CANDIDATE,,L2_017 haiku b44,
AR11289,سَاوَى,فعل,353,6117;6119;6121,المساواة في القوة أو الجودة,ساي,,,,,,CANDIDATE,فَاعَ,L2_017 haiku b44,ROOT_ALIF;WAZN_NOT_IN_INV
AR11290,نِدّ,اسم جامد,353,6118,شخص قادر على المعادلة,ندد,,,,,,CANDIDATE,فِعّ,L2_017 haiku b44,WAZN_NOT_IN_INV
AR11291,مُتَسَاوٍ,اسم مفعول,353,6148,بنفس الجودة,ساي,مُتَفَاعِلٌ,,,,,CANDIDATE,,L2_017 haiku b44,ROOT_ALIF
AR11292,تَوَازَى,فعل,353,11170,المقارنة بين الأشياء,وزي,تَفَاعَلَ,,,,,CANDIDATE,,L2_017 haiku b44,
