ar_lu_id,lemma_ar,pos_ar,frame_id,en_lu_ids,definition_ar,root,wazn,evidence_primary,evidence_frame_level,metaphor_flag,owner_choice,status,wazn_note,note
AR00002,زَخَرَ,فعل,262,4765;4773,امتلأ وفاض بالكثير مما فيه.,زخر,فَعَلَ,roots-4662:زخر:المحكم — المعاني,roots-4662:زخر:مقاييس — المحور,roots-4662:زخر:الأساس — المجاز,زَخَرَ,APPROVED,,
AR00003,غَاصّ,اسم فاعل,262,4767;4770;5184;6998;6999,ممتلئ بأهله أو بما فيه حتى ضاق به.,غصص,فَاعِلٌ,roots-4662:غصص:المحكم — المعاني,roots-4662:غصص:مقاييس — النص,,غَاصّ,APPROVED,,تقريب: يفوته معنى الكراهة
AR00004,غَصَّ,فعل,262,4768;4769,امتلأ المكان بأهله حتى ضاق بهم.,غصص,فَعِلَ,roots-4662:غصص:المحكم — المعاني,roots-4662:غصص:مقاييس — النص,,غَصَّ,APPROVED,,
AR00005,اِكْتَظَّ,فعل,262,4769,امتلأ المكان امتلاءً شديداً حتى لم يعد يتّسع لمزيد.,كظظ,اِفْتَعَلَ,,roots-4662:كظظ:مقاييس — المحور,roots-4662:كظظ:الأساس — المجاز,اِكْتَظَّ,APPROVED,,
AR00006,اِزْدَحَمَ,فعل,262,4769,كثر الناس أو الأشياء في المكان وتضايقوا فيه.,زحم,اِفْتَعَلَ,roots-4662:زحم:المحكم — المعاني,roots-4662:زحم:مقاييس — المحور,,اِزْدَحَمَ,APPROVED,,
AR00007,مُكْتَظّ,اسم فاعل,262,4770;4771;6992;6999;7004;7016,ممتلئ امتلاءً شديداً لا يتّسع لمزيد.,كظظ,مُفْتَعِلٌ,,roots-4662:كظظ:مقاييس — المحور,roots-4662:كظظ:الأساس — المجاز,مُكْتَظّ,APPROVED,,WAZN ← L2_006 فا من اِفْتَعَلَ
AR00008,مُزْدَحِم,اسم فاعل,262,4770;4771;4774;5184;7004;7016,كثير الناس أو الأشياء المتضايقة حتى تعسر الحركة فيه.,زحم,مُفْتَعِلٌ,roots-4662:زحم:المحكم — المعاني,roots-4662:زحم:مقاييس — المحور,,مُزْدَحِم,APPROVED,,WAZN ← L2_006 فا من اِفْتَعَلَ
AR00009,زَاخِر,اسم فاعل,262,4772;6918,ممتلئ فائض بالكثير مما فيه.,زخر,فَاعِلٌ,roots-4662:زخر:المحكم — المعاني,roots-4662:زخر:مقاييس — المحور,roots-4662:زخر:الأساس — المجاز,زَاخِر,APPROVED,,
AR00011,مُغَطَّى,اسم مفعول,262,4797;4798,عليه شيء يستر سطحه كلّه أو أكثره.,غطو,مُفَعَّلٌ,roots-4662:غطو:المحكم — المعاني,roots-4662:غطو:مقاييس — المحور,,مُغَطَّى,APPROVED,,ويُذكر في الجذر غطي أيضاً | WAZN ← L2_006 مف من فَعَّلَ
AR00012,مَكْسُوّ,اسم مفعول,262,4797;6916;7001,عليه طبقة أو غطاء يكسو سطحه.,كسو,مَفْعُولٌ,roots-4662:كسو:المحكم — المعاني,,,مَكْسُوّ,APPROVED,,
AR00015,مُلَفَّع,اسم مفعول,262,4799,مغطّى ملفوف بما يستره.,لفع,مُفَعَّلٌ,roots-4662:لفع:المحكم — المعاني,roots-4662:لفع:مقاييس — المحور,roots-4662:لفع:الأساس — المجاز,مُلَفَّع,APPROVED,,WAZN ← L2_006 مف من فَعَّلَ
AR00017,مُنَقَّط,اسم مفعول,262,6917;7024,منتشرة على سطحه نقاط أو أشياء صغيرة متفرّقة.,نقط,مُفَعَّلٌ,roots-4662:نقط:المحكم — المعاني,roots-4662:نقط:مقاييس — المحور,roots-4662:نقط:الأساس — المجاز,مُنَقَّط,APPROVED,,WAZN ← L2_006 مف من فَعَّلَ
AR00018,مَرْشُوش,اسم مفعول,262,6967;6993,نُثر عليه سائل أو قطرات متفرّقة.,رشش,مَفْعُولٌ,roots-4662:رشش:المحكم — المعاني,roots-4662:رشش:مقاييس — المحور,roots-4662:رشش:الأساس — المجاز,مَرْشُوش,APPROVED,,
AR00019,مَدْهُون,اسم مفعول,262,6969;7014;7109,عليه طبقة من دهن أو زبدة أو طلاء.,دهن,مَفْعُولٌ,roots-4662:دهن:المحكم — المعاني,roots-4662:دهن:مقاييس — المحور,roots-4662:دهن:الأساس — المجاز,مَدْهُون,APPROVED,,لا لفظ يخصّ الزبدة؛ يُذكر المدهون به صراحة
AR00022,مُلَطَّخ,اسم مفعول,262,6972;6987;7023;7024,عليه بقع أو آثار من مادة لزجة أو سائلة.,لطخ,مُفَعَّلٌ,roots-4662:لطخ:المحكم — المعاني,roots-4662:لطخ:مقاييس — المحور,,مُلَطَّخ,APPROVED,,WAZN ← L2_006 مف من فَعَّلَ
AR00024,مَفْرُوش,اسم مفعول,262,6973,مبسوط على سطحه شيء أو أشياء كثيرة متفرّقة.,فرش,مَفْعُولٌ,roots-4662:فرش:المحكم — المعاني,roots-4662:فرش:مقاييس — المحور,roots-4662:فرش:الأساس — المجاز,مَفْرُوش,APPROVED,,
AR00027,مُكَدَّس,اسم مفعول,262,6991;17295,متراكمة عليه أو فيه أشياء كثيرة بعضها فوق بعض.,كدس,مُفَعَّلٌ,roots-4662:كدس:المحكم — المعاني,roots-4662:كدس:مقاييس — النص,roots-4662:كدس:الأساس — المجاز,مُكَدَّس,APPROVED,,WAZN ← L2_006 مف من فَعَّلَ
AR00028,مَذْرُور,اسم مفعول,262,6993;7000,نُثرت عليه حبيبات أو مسحوق دقيق.,ذرر,مَفْعُولٌ,roots-4662:ذرر:المحكم — المعاني,roots-4662:ذرر:مقاييس — المحور,roots-4662:ذرر:الأساس — المجاز,مَذْرُور,APPROVED,,
AR00032,مُفْعَم,اسم مفعول,262,6997,ممتلئ امتلاءً تامّاً.,فعم,مُفْعَلٌ,roots-4662:فعم:المحكم — المعاني,roots-4662:فعم:مقاييس — المحور,roots-4662:فعم:الأساس — المجاز,مُفْعَم,APPROVED,,
AR00033,مَمْلُوء,اسم مفعول,262,7009,قد شُغل حيّزه بما وُضع فيه.,ملء,مَفْعُولٌ,roots-4662:ملء:المحكم — المعاني,,roots-4662:ملء:الأساس — المجاز,مَمْلُوء,APPROVED,,
AR00034,مُمْتَلِئ,اسم فاعل,262,7009;7010,قد شُغل حيّزه بما فيه.,ملء,مُفْتَعِلٌ,roots-4662:ملء:المحكم — المعاني,,roots-4662:ملء:الأساس — المجاز,مُمْتَلِئ,APPROVED,,WAZN ← L2_006 فا من اِفْتَعَلَ
AR00035,مَلْآن,صفة مشبهة,262,7010,فيه كثير من الشيء وإن بقي فيه متّسع.,ملء,فَعْلانُ,roots-4662:ملء:المحكم — المعاني,,roots-4662:ملء:الأساس — المجاز,مَلْآن,APPROVED,,
AR00036,مُزَيَّن,اسم مفعول,262,7012;7019;7020;7028;7031;7132,وُضعت عليه أشياء تحسّنه وتجمّله.,زين,مُفَعَّلٌ,roots-4662:زين:المحكم — المعاني,roots-4662:زين:مقاييس — المحور,roots-4662:زين:الأساس — المجاز,مُزَيَّن,APPROVED,,WAZN ← L2_006 مف من فَعَّلَ
AR00038,مُزَفَّت,اسم مفعول,262,7013,مكسوّ سطحه بالزفت.,زفت,مُفَعَّلٌ,roots-4662:زفت:المحكم — المعاني,roots-4662:زفت:مقاييس — النص,,مُزَفَّت,APPROVED,,WAZN ← L2_006 مف من فَعَّلَ
AR00039,مُنَجَّد,اسم مفعول,262,7015,مزيّن بالستور والبُسُط المعلّقة والمفروشة.,نجد,مُفَعَّلٌ,roots-4662:نجد:المحكم — المعاني,roots-4662:نجد:مقاييس — المحور,roots-4662:نجد:الأساس — المجاز,مُنَجَّد,APPROVED,,WAZN ← L2_006 مف من فَعَّلَ
AR00041,مَرْصُوف,اسم مفعول,262,7018,مكسوّ سطحه بحجارة مرصوصة متلاصقة.,رصف,مَفْعُولٌ,roots-4662:رصف:المحكم — المعاني,roots-4662:رصف:مقاييس — المحور,roots-4662:رصف:الأساس — المجاز,مَرْصُوف,APPROVED,,
AR00042,مُكَلَّل,اسم مفعول,262,7019,محفوف بأكاليل أو بما يحيط به زينة.,كلل,مُفَعَّلٌ,roots-4662:كلل:المحكم — المعاني,roots-4662:كلل:مقاييس — المحور,roots-4662:كلل:الأساس — المجاز,مُكَلَّل,APPROVED,,WAZN ← L2_006 مف من فَعَّلَ
AR00043,مُزْدَان,اسم فاعل,262,7020;7021,متزيّن بكثير من الزينة البهيّة.,زين,مُفْتَعِلٌ,roots-4662:زين:المحكم — المعاني,roots-4662:زين:مقاييس — المحور,roots-4662:زين:الأساس — المجاز,مُزْدَان,APPROVED,,WAZN ← L2_006 فا من اِفْتَعَلَ
AR00044,مُرَصَّع,اسم مفعول,262,7022;7029,مثبّتة فيه جواهر أو مسامير أو نحوها متفرّقة.,رصع,مُفَعَّلٌ,roots-4662:رصع:المحكم — المعاني,roots-4662:رصع:مقاييس — المحور,,مُرَصَّع,APPROVED,,WAZN ← L2_006 مف من فَعَّلَ
AR00047,مُزَجَّج,اسم مفعول,262,7129,مكسوّ بطبقة زجاجية لامعة.,زجج,مُفَعَّلٌ,roots-4662:زجج:المحكم — المعاني,roots-4662:زجج:مقاييس — المحور,roots-4662:زجج:الأساس — المجاز,مُزَجَّج,APPROVED,,WAZN ← L2_006 مف من فَعَّلَ
AR00048,مُذَهَّب,اسم مفعول,262,7130,مكسوّ بطبقة رقيقة من الذهب.,ذهب,مُفَعَّلٌ,roots-4662:ذهب:المحكم — المعاني,roots-4662:ذهب:مقاييس — المحور,roots-4662:ذهب:الأساس — المجاز,مُذَهَّب,APPROVED,,WAZN ← L2_006 مف من فَعَّلَ
AR00049,مُوَشَّى,اسم مفعول,262,7132,منقوش مزيّن بألوان ونقوش.,وشي,مُفَعَّلٌ,roots-4662:وشي:المحكم — المعاني,roots-4662:وشي:مقاييس — المحور,,مُوَشَّى,APPROVED,,WAZN ← L2_006 مف من فَعَّلَ
AR00050,مَلِيء,صفة مشبهة,262,13511,كثير ما فيه من الشيء، ويغلب في المكروه.,ملء,فَعِيلٌ,roots-4662:ملء:المحكم — المعاني,,roots-4662:ملء:الأساس — المجاز,مَلِيء,APPROVED,,
AR00052,اِزْدَانَ,فعل,262,,تزيّن المكان بكثير من الزينة.,زين,اِفْتَعَلَ,roots-4662:زين:المحكم — المعاني,roots-4662:زين:مقاييس — المحور,roots-4662:زين:الأساس — المجاز,اِزْدَانَ,APPROVED,,AR_ONLY
AR00053,اِمْتَلَأَ,فعل,262,,شُغل حيّز المكان بما فيه.,ملء,اِفْتَعَلَ,roots-4662:ملء:المحكم — المعاني,,roots-4662:ملء:الأساس — المجاز,اِمْتَلَأَ,APPROVED,,AR_ONLY
AR00055,شَارَات المُلْك,تركيب,158,3056,ما يتّخذه الملوك من تاج وصولجان ونحوهما علامةً على الملك.,,,,,,شَارَات المُلْك,APPROVED,,التركيب بلفظ الجمع
AR00056,خَلْخَال,اسم جامد,158,3358,حلية مستديرة تلبسها المرأة في ساقها فوق الكعب.,خلل,فَعْلالٌ (مضاعف),roots-4662:خلل:المحكم — المعاني,roots-4662:خلل:مقاييس — المحور,roots-4662:خلل:الأساس — المجاز,خَلْخَال,APPROVED,,L2_011 root خلخل→خلل
AR00058,خَاتَم,اسم جامد,158,3359,حلقة من معدن تلبس في الإصبع زينةً أو علامةً على خطبة أو زواج.,ختم,فَاعَلٌ,roots-4662:ختم:المحكم — المعاني,roots-4662:ختم:مقاييس — المحور,roots-4662:ختم:الأساس — المجاز,خَاتَم,APPROVED,,ويقال خَاتِم
AR00059,قُرْط,اسم جامد,158,3360,حلية تعلّق في شحمة الأذن.,قرط,فُعْلٌ,roots-4662:قرط:المحكم — المعاني,roots-4662:قرط:مقاييس — النص,roots-4662:قرط:الأساس — المجاز,قُرْط,APPROVED,,
AR00063,قِلَادَة,اسم جامد,158,3363,ما يُجعل في العنق من سلسلة أو خرز أو جوهر.,قلد,فِعَالَةٌ,roots-4662:قلد:المحكم — المعاني,roots-4662:قلد:مقاييس — المحور,roots-4662:قلد:الأساس — المجاز,قِلَادَة,APPROVED,,WAZN_L2_005 ← فِعَالٌ
AR00065,سِوَار,اسم جامد,158,3364;3365,حلية مستديرة تلبس في المعصم أو الذراع.,سور,فِعَالٌ,roots-4662:سور:المحكم — المعاني,roots-4662:سور:مقاييس — المحور,,سِوَار,APPROVED,,ويقال إِسْوَار
AR00066,إِكْلِيل,اسم جامد,158,3366;3370;3371;3372,حلية مستديرة كالتاج الصغير، من جوهر أو زهر، توضع على الرأس.,كلل,إِفْعِيلٌ,roots-4662:كلل:المحكم — المعاني,roots-4662:كلل:مقاييس — المحور,roots-4662:كلل:الأساس — المجاز,إِكْلِيل,APPROVED,,
AR00070,سِلْسِلَة,اسم جامد,158,3373,حلقات من معدن يتّصل بعضها ببعض تلبس حلية.,سلسل,فِعْلِلَةٌ,v21:سلسل:المحكم — المعاني,,,سِلْسِلَة,APPROVED,,WAZN_L2_005 ← فِعْلِلٌ
AR00071,دَلَّايَة,اسم جامد,158,3375,حلية تتدلّى من سلسلة العنق.,دلي,فَعَّالَةٌ,,v21:دلي:مقاييس — المحور,v21:دلي:الأساس — المجاز,دَلَّايَة,APPROVED,,مستعمل في العربية المعاصرة | WAZN_L2_005 ← فَعَّالٌ
AR00072,شَعْر مُسْتَعَار,تركيب,158,3376;3440,شعر طبيعي أو صناعي يوضع على الرأس ليغطيه أو يكمّل شعره.,,,,,,شَعْر مُسْتَعَار,APPROVED,,
AR00073,زِرّ كُمّ,تركيب,158,3399,زرّ يشدّ طرفي كمّ القميص بإدخاله في عروتيه.,,,,,,زِرّ كُمّ,APPROVED,,
AR00074,نَظَّارَة,اسم آلة,158,3429;3430,عدستان في إطار يستقرّ على الأنف والأذنين لتقوية البصر أو حمايته.,نظر,فَعَّالَةٌ,roots-4662:نظر:المحكم — المعاني,roots-4662:نظر:مقاييس — النص,roots-4662:نظر:الأساس — المجاز,نَظَّارَة,APPROVED,,POS_L2_007:ALA | WAZN_L2_005 ← فَعَّالٌ
AR00075,قُبَّعَة,اسم جامد,158,3432;3435,غطاء للرأس ذو شكل مخصوص.,قبع,فُعَّلَةٌ,roots-4662:قبع:المحكم — المعاني,roots-4662:قبع:مقاييس — المحور,,قُبَّعَة,APPROVED,,WAZN ← L2_015 المالك
AR00076,دَبُّوس قُبَّعَة,تركيب,158,3433,إبرة طويلة تثبَّت بها قبعة المرأة على رأسها.,,,,,,دَبُّوس قُبَّعَة,APPROVED,,
AR00077,قِنَاع,اسم جامد,158,3437,غطاء للوجه أو بعضه يُلبس تنكّراً أو وقايةً أو في التمثيل.,قنع,فِعَالٌ,roots-4662:قنع:المحكم — المعاني,roots-4662:قنع:مقاييس — المحور,roots-4662:قنع:الأساس — المجاز,قِنَاع,APPROVED,,
AR00078,كِمَامَة,اسم آلة,158,3437,غطاء يوضع على الفم والأنف وقايةً.,كمم,فِعَالَةٌ,roots-4662:كمم:المحكم — المعاني,roots-4662:كمم:مقاييس — المحور,,كِمَامَة,APPROVED,,POS_L2_007:ALA | WAZN_L2_005 ← فِعَالٌ
AR00079,مِنْدِيل,اسم جامد,158,3438,قطعة قماش مربّعة تُشدّ على الرأس أو العنق.,ندل,مِفْعِيلٌ,roots-4662:ندل:المحكم — المعاني,roots-4662:ندل:مقاييس — المحور,,مِنْدِيل,APPROVED,,
AR00080,طَرْبُوش,اسم جامد,158,3442,غطاء رأس أحمر مخروطي مقطوع الرأس ذو شرّابة سوداء.,,,,,,طَرْبُوش,APPROVED,,دخيل/معرّب لا جذر عربي له؛ مستقر في الفصحى المعاصرة ولا لفظ أصيل يقوم مقامه
AR00081,قَلَنْسُوَة,اسم جامد,158,3443,غطاء يُلبس على الرأس ملتصقاً به.,قلس,فَعَنْلُوَةٌ,roots-4662:قلس:المحكم — المعاني,roots-4662:قلس:مقاييس — المحور,roots-4662:قلس:الأساس — المجاز,قَلَنْسُوَة,APPROVED,,
AR00082,كُمَّة,اسم جامد,158,3443,قلنسوة مدوّرة تغطي أعلى الرأس.,كمم,فُعْلَةٌ,roots-4662:كمم:المحكم — المعاني,roots-4662:كمم:مقاييس — المحور,,كُمَّة,APPROVED,,WAZN_L2_005 ← فُعْلٌ
AR00084,بِيرِيه,اسم جامد,158,3448,قبعة مستديرة مسطّحة من لبد أو قماش.,,,,,,بِيرِيه,APPROVED,,دخيل/معرّب لا جذر عربي له؛ مستقر في الفصحى المعاصرة ولا لفظ أصيل يقوم مقامه
AR00086,نِقَاب,اسم جامد,158,3459,ما تستر به المرأة وجهها إلا العينين.,نقب,فِعَالٌ,roots-4662:نقب:المحكم — المعاني,roots-4662:نقب:مقاييس — المحور,,نِقَاب,APPROVED,,
AR00088,لِثَام,اسم جامد,158,3459,ما يُشدّ على الفم والأنف من ثوب.,لثم,فِعَالٌ,roots-4662:لثم:المحكم — المعاني,roots-4662:لثم:مقاييس — المحور,roots-4662:لثم:الأساس — المجاز,لِثَام,APPROVED,,
AR00089,غِطَاء رَأْس,تركيب,158,3460;3461,ما يُلبس على الرأس، ومنه ما يتّخذ في المناسبات.,,,,,,غِطَاء رَأْس,APPROVED,,
AR00091,مِنْطَقَة,اسم آلة,158,3462,ما يُشدّ به الوسط ويُعلّق فيه السلاح ونحوه.,نطق,مِفْعَلَةٌ,roots-4662:نطق:المحكم — المعاني,roots-4662:نطق:مقاييس — المحور,roots-4662:نطق:الأساس — المجاز,مِنْطَقَة,APPROVED,,POS_L2_007:ALA | WAZN_L2_005 ← مِفْعَلٌ
AR00092,مِخْنَقَة,اسم آلة,158,3541,قلادة تحيط بالعنق ضيّقة عليه.,خنق,مِفْعَلَةٌ,roots-4662:خنق:المحكم — المعاني,roots-4662:خنق:مقاييس — المحور,roots-4662:خنق:الأساس — المجاز,مِخْنَقَة,APPROVED,,POS_L2_007:ALA | WAZN_L2_005 ← مِفْعَلٌ
AR00093,شَبَكَة شَعْر,تركيب,158,3605,نسيج دقيق متخلّل يُجمع به الشعر.,,,,,,شَبَكَة شَعْر,APPROVED,,
AR00094,مِشْبَك شَعْر,تركيب,158,3606;3610,أداة صغيرة يُثبَّت بها الشعر في موضعه.,,,,,,مِشْبَك شَعْر,APPROVED,,
AR00095,دَبُّوس شَعْر,تركيب,158,3608,إبرة معقوفة يُثبَّت بها الشعر.,,,,,,دَبُّوس شَعْر,APPROVED,,
AR00097,سَاعَة,اسم جامد,158,3612,أداة صغيرة لمعرفة الوقت تُلبس في المعصم.,سوع,فَعْلَةٌ,roots-4662:سوع:المحكم — المعاني,roots-4662:سوع:مقاييس — المحور,,سَاعَة,APPROVED,,WAZN_L2_005 ← فَعْلٌ
AR00098,سَاعَة يَد,تركيب,158,3612,ساعة صغيرة تُلبس في المعصم بسير.,,,,,,سَاعَة يَد,APPROVED,,
AR00099,وِسَام,اسم جامد,158,3613,قطعة من معدن منقوشة تُمنح تقديراً لعمل أو تذكاراً لحدث وتُعلّق على الصدر.,وسم,فِعَالٌ,roots-4662:وسم:المحكم — المعاني,roots-4662:وسم:مقاييس — المحور,roots-4662:وسم:الأساس — المجاز,وِسَام,APPROVED,,
AR00100,نَوْط,اسم جامد,158,3613,وسام يُعلّق على الصدر.,نوط,فَعْلٌ,roots-4662:نوط:المحكم — المعاني,roots-4662:نوط:مقاييس — المحور,roots-4662:نوط:الأساس — المجاز,نَوْط,APPROVED,,
AR00105,نَظَّارَة وَاقِيَة,تركيب,158,3620,نظارة محكمة على العينين ذات جوانب تحميهما.,,,,,,نَظَّارَة وَاقِيَة,APPROVED,,
AR00106,خُوذَة,اسم جامد,158,3673;3674,غطاء صلب يقي الرأس.,خوذ,فُعْلَةٌ,v21:خوذ:المحكم — المعاني,v21:خوذ:مقاييس — النص,,خُوذَة,APPROVED,,WAZN_L2_005 ← فُعْلٌ
AR00108,مِغْفَر,اسم آلة,158,3677,زرد يُنسج على قدر الرأس ويُلبس تحت القلنسوة وقايةً في الحرب.,غفر,مِفْعَلٌ,roots-4662:غفر:المحكم — المعاني,roots-4662:غفر:مقاييس — النص,roots-4662:غفر:الأساس — المجاز,مِغْفَر,APPROVED,,POS_L2_007:ALA
AR00109,دِرْع,اسم جامد,158,3678,قميص من زرد الحديد يلبسه المقاتل.,درع,فِعْلٌ,roots-4662:درع:المحكم — المعاني,roots-4662:درع:مقاييس — المحور,,دِرْع,APPROVED,,
AR00110,سَابِغَة,اسم فاعل,158,3678,درع طويلة تامّة.,سبغ,فَاعِلَةٌ,roots-4662:سبغ:المحكم — المعاني,roots-4662:سبغ:مقاييس — المحور,roots-4662:سبغ:الأساس — المجاز,سَابِغَة,APPROVED,,مؤنث اسم الفاعل مستعمل اسماً | WAZN_L2_005 ← فَاعِلٌ
AR00111,رِدَاء,اسم جامد,158,3679,ثوب واسع يُلقى على الكتفين فوق الثياب.,ردي,فِعَالٌ,roots-4662:ردي:المحكم — المعاني,roots-4662:ردي:مقاييس — المحور,roots-4662:ردي:الأساس — المجاز,رِدَاء,APPROVED,,ويُذكر في ردي/ردأ
AR00112,عَبَاءَة,اسم جامد,158,3679,كساء واسع مفتوح المقدّم يُلبس فوق الثياب.,عبي,فَعَالَةٌ,,,,عَبَاءَة,APPROVED,,WAZN ← L2_015 المالك
AR00113,قِنَاع غَاز,تركيب,158,12212,قناع واقٍ يغطي الوجه للوقاية من الغازات السامة.,,,,,,قِنَاع غَاز,APPROVED,,
AR00115,خِزَامَة,اسم جامد,158,,حلقة تُلبس في الأنف زينةً.,خزم,فِعَالَةٌ,roots-4662:خزم:المحكم — المعاني,roots-4662:خزم:مقاييس — المحور,roots-4662:خزم:الأساس — المجاز,خِزَامَة,APPROVED,,AR_ONLY | WAZN_L2_005 ← فِعَالٌ
AR00123,عُنْقُود,اسم جامد,103,2113,طائفةٌ من أشياء متشابهة متقاربة متلاصقة.,عنقد,فُعْلُولٌ (رباعي),,,,عُنْقُود,APPROVED,,أصله عنقود العنب
AR00125,قَطِيع,اسم جامد,103,2114;2116,طائفةٌ من الحيوان تعيش أو تسير معاً.,قطع,فَعِيلٌ,roots-4662:قطع:المحكم — المعاني,roots-4662:قطع:مقاييس — المحور,roots-4662:قطع:الأساس — المجاز,قَطِيع,APPROVED,,
AR00126,مَفْرَزَة,اسم جامد,103,2115,عددٌ قليل من الجنود يُفرَز لمهمّة معيّنة.,فرز,مَفْعَلَةٌ,roots-4662:فرز:المحكم — المعاني,roots-4662:فرز:مقاييس — المحور,,مَفْرَزَة,APPROVED,,WAZN_L2_005 ← مَفْعَلٌ
AR00127,فِرْقَة,اسم جامد,103,2115,طائفةٌ من الناس أو الجنود منفردةٌ لعمل.,فرق,فِعْلَةٌ,roots-4662:فرق:المحكم — المعاني,roots-4662:فرق:مقاييس — المحور,roots-4662:فرق:الأساس — المجاز,فِرْقَة,APPROVED,,WAZN_L2_005 ← فِعْلٌ
AR00128,سِرْب,اسم جامد,103,2117;2120;2121;2661;2880;2881;2882,جماعةٌ من الطير أو السمك أو الظباء أو النساء أو غيرها تسير معاً.,سرب,فِعْلٌ,roots-4662:سرب:المحكم — المعاني,roots-4662:سرب:مقاييس — المحور,roots-4662:سرب:الأساس — المجاز,سِرْب,APPROVED,,
AR00131,فَرِيق,اسم جامد,103,2122;2124,طائفةٌ من الناس يعملون معاً أو يشتركون في نشاط.,فرق,فَعِيلٌ,roots-4662:فرق:المحكم — المعاني,roots-4662:فرق:مقاييس — المحور,roots-4662:فرق:الأساس — المجاز,فَرِيق,APPROVED,,
AR00132,دُفْعَة,اسم جامد,103,2123;2883,ما يأتي أو يُنتَج من الشيء في مرة واحدة.,دفع,فُعْلَةٌ,roots-4662:دفع:المحكم — المعاني,roots-4662:دفع:مقاييس — المحور,roots-4662:دفع:الأساس — المجاز,دُفْعَة,APPROVED,,WAZN_L2_005 ← فُعْلٌ
AR00133,رَكْب,اسم جامد,103,2124,جماعةٌ من المسافرين يسيرون معاً.,ركب,فَعْلٌ,roots-4662:ركب:المحكم — المعاني,roots-4662:ركب:مقاييس — المحور,,رَكْب,APPROVED,,
AR00134,زُمْرَة,اسم جامد,103,2125;2131;2663,جماعةٌ من الناس تجمعهم صلةٌ أو غرض.,زمر,فُعْلَةٌ,roots-4662:زمر:المحكم — المعاني,roots-4662:زمر:مقاييس — المحور,roots-4662:زمر:الأساس — المجاز,زُمْرَة,APPROVED,,WAZN_L2_005 ← فُعْلٌ
AR00135,فَوْج,اسم جامد,103,2125,جماعةٌ من الناس تمضي أو تُعامَل معاً.,فوج,فَعْلٌ,roots-4662:فوج:المحكم — المعاني,roots-4662:فوج:مقاييس — المحور,,فَوْج,APPROVED,,
AR00136,فَيْلَق,اسم جامد,103,2126;2665,جمعٌ عظيم من الجند أو الناس.,فلق,فَيْعَلٌ,roots-4662:فلق:المحكم — المعاني,roots-4662:فلق:مقاييس — المحور,roots-4662:فلق:الأساس — المجاز,فَيْلَق,APPROVED,,
AR00137,كَوْمَة,اسم جامد,103,2127,ما جُمع من الأشياء بعضه فوق بعض.,كوم,فَعْلَةٌ,roots-4662:كوم:المحكم — المعاني,roots-4662:كوم:مقاييس — المحور,,كَوْمَة,APPROVED,,WAZN_L2_005 ← فَعْلٌ
AR00138,كُدْس,اسم جامد,103,2127,ما تراكم من الأشياء بعضها على بعض.,كدس,فُعْلٌ,roots-4662:كدس:المحكم — المعاني,roots-4662:كدس:مقاييس — النص,roots-4662:كدس:الأساس — المجاز,كُدْس,APPROVED,,
AR00140,نَوْع,اسم جامد,103,2130,جملةٌ من الأشياء يجمعها وجهُ شبهٍ واحد.,نوع,فَعْلٌ,roots-4662:نوع:المحكم — المعاني,roots-4662:نوع:مقاييس — المحور,,نَوْع,APPROVED,,
AR00142,طَاقَم,اسم جامد,103,2132,جماعةٌ تعمل في تشغيل سفينة أو طائرة أو قطار ونحوها.,طقم,فَاعَلٌ,,,,طَاقَم,APPROVED,,يُقال إنه دخيل تركي
AR00146,خَلِيط,اسم جامد,103,2136,ما اجتمع من أشياء مختلفة غير متجانسة.,خلط,فَعِيلٌ,roots-4662:خلط:المحكم — المعاني,roots-4662:خلط:مقاييس — النص,roots-4662:خلط:الأساس — المجاز,خَلِيط,APPROVED,,
AR00148,جَمّ غَفِير,تركيب,103,2140,جمعٌ كثير جداً من الناس.,,,,,,جَمّ غَفِير,APPROVED,,
AR00152,فَصِيلَة,اسم جامد,103,2664,طائفةٌ يجمعها نسبٌ أو خصائص مشتركة.,فصل,فَعِيلَةٌ,roots-4662:فصل:المحكم — المعاني,roots-4662:فصل:مقاييس — النص,,فَصِيلَة,APPROVED,,WAZN_L2_005 ← فَعِيلٌ
AR00153,سِلْك,اسم جامد,103,2665,جماعةٌ منتظمة تقوم بعمل واحد.,سلك,فِعْلٌ,roots-4662:سلك:المحكم — المعاني,roots-4662:سلك:مقاييس — المحور,roots-4662:سلك:الأساس — المجاز,سِلْك,APPROVED,,كالسلك الدبلوماسي
AR00154,طَقْم,اسم جامد,103,2666,مجموعةٌ من الأشياء تُستعمل معاً.,طقم,فَعْلٌ,,,,طَقْم,APPROVED,,يُقال إنه دخيل تركي
AR00155,كَمّ,اسم جامد,103,2667,مقدارٌ كبير من الأشياء.,كمم,فَعْلٌ,roots-4662:كمم:المحكم — المعاني,roots-4662:كمم:مقاييس — المحور,,كَمّ,APPROVED,,
AR00157,مَدْرَسَة,اسم جامد,103,2881,جماعةٌ تشترك في مذهب أو منهج أو أسلوب.,درس,مَفْعَلَةٌ,roots-4662:درس:المحكم — المعاني,roots-4662:درس:مقاييس — المحور,roots-4662:درس:الأساس — المجاز,مَدْرَسَة,APPROVED,,WAZN_L2_005 ← مَفْعَلٌ
AR00158,غَوْغَاء,اسم جامد,103,2884,جماعةٌ من عامة الناس كثيرة الاضطراب والجلبة.,غوغ,فَعْلاءُ,,,,غَوْغَاء,APPROVED,,WAZN ← SIBAWAYH_EXISTS
AR00159,رَعَاع,اسم جامد,103,2884,سقطة الناس وأخلاطهم.,رعع,فَعَالٍ,roots-4662:رعع:المحكم — المعاني,roots-4662:رعع:مقاييس — المحور,,رَعَاع,APPROVED,,WAZN ← SIBAWAYH_EXISTS
AR00162,أَهْل,اسم جامد,103,2926,سكان الموضع جميعاً.,ءهل,فَعْلٌ,v21:أهل:المحكم — المعاني,v21:أهل:مقاييس — المحور,,أَهْل,APPROVED,,
AR00163,أُسْطُول,اسم جامد,103,4033,جماعةٌ من السفن.,,,,,,أُسْطُول,APPROVED,,معرّب قديم؛ لا لفظ عربي بمعناه
AR00166,هَيْئَة,اسم جامد,103,13115,جماعةٌ منظّمة ذات وظيفة مشتركة.,هيء,فَعْلَةٌ,roots-4662:هيء:المحكم — المعاني,roots-4662:هيء:مقاييس — النص,,هَيْئَة,APPROVED,,WAZN_L2_005 ← فَعْلٌ
AR00167,قَبِيلَة,اسم جامد,103,13782,جماعةٌ من الأسر ترجع إلى أصل واحد وتشترك في العادات واللهجة.,قبل,فَعِيلَةٌ,roots-4662:قبل:المحكم — المعاني,roots-4662:قبل:مقاييس — المحور,roots-4662:قبل:الأساس — المجاز,قَبِيلَة,APPROVED,,WAZN_L2_005 ← فَعِيلٌ
AR00168,قُوَّة,اسم جامد,103,16150,جماعةٌ من الناس تجمعهم وظيفة أو غاية.,قوي,فُعْلَةٌ,,roots-4662:قوي:مقاييس — المحور,,قُوَّة,APPROVED,,WAZN_L2_005 ← فُعْلٌ
AR00170,تَوْلِيفَة,اسم جامد,103,17097,جملةٌ مؤلفة من أكثر من عنصر متمايز.,ولف,تَفْعِيلَةٌ,roots-4662:ولف:المحكم — المعاني,,,تَوْلِيفَة,APPROVED,,WAZN_L2_005 ← تَفْعِيلٌ
AR00171,مَزِيج,اسم جامد,103,17097,ما خُلط من أشياء مختلفة.,مزج,فَعِيلٌ,roots-4662:مزج:المحكم — المعاني,roots-4662:مزج:مقاييس — المحور,roots-4662:مزج:الأساس — المجاز,مَزِيج,APPROVED,,
AR00172,رَهْط,اسم جامد,103,,جماعةٌ من الرجال دون العشرة.,رهط,فَعْلٌ,roots-4662:رهط:المحكم — المعاني,roots-4662:رهط:مقاييس — المحور,roots-4662:رهط:الأساس — المجاز,رَهْط,APPROVED,,AR_ONLY
AR00173,ثُلَّة,اسم جامد,103,,جماعةٌ من الناس.,ثلل,فُعْلَةٌ,v21:ثلل:المحكم — المعاني,v21:ثلل:مقاييس — المحور,v21:ثلل:الأساس — المجاز,ثُلَّة,APPROVED,,AR_ONLY | WAZN_L2_005 ← فُعْلٌ
AR00174,كَتِيبَة,اسم جامد,103,,طائفةٌ من الجيش مجتمعة.,كتب,فَعِيلَةٌ,roots-4662:كتب:المحكم — المعاني,roots-4662:كتب:مقاييس — المحور,roots-4662:كتب:الأساس — المجاز,كَتِيبَة,APPROVED,,AR_ONLY | WAZN_L2_005 ← فَعِيلٌ
AR00175,شِرْذِمَة,اسم جامد,103,,طائفةٌ قليلة من الناس.,شرذم,فِعْلِلَةٌ,,,,شِرْذِمَة,APPROVED,,AR_ONLY | WAZN_L2_005 ← فِعْلِلٌ
AR00177,فَرِيق,اسم جامد,2390,16016,رتبة عسكرية عليا يتولى صاحبها قيادة قوات كبيرة.,فرق,فَعِيلٌ,roots-4662:فرق:المحكم — المعاني,roots-4662:فرق:مقاييس — المحور,roots-4662:فرق:الأساس — المجاز,فَرِيق,APPROVED,,دلالة الرتبة حادثة
AR00178,لِوَاء,اسم جامد,2390,16016,رتبة عسكرية فوق العميد ودون الفريق، ويُلقَّب بها صاحبها.,لوي,فِعَالٌ,roots-4662:لوي:المحكم — المعاني,roots-4662:لوي:مقاييس — المحور,roots-4662:لوي:الأساس — المجاز,لِوَاء,APPROVED,,أصله لِوَايٌ
AR00179,رُبَّان,اسم جامد,2390,16017,رئيس الملّاحين المتولي أمر السفينة.,ربن,فُعَّالٌ,v21:ربن:المحكم — المعاني,v21:ربن:مقاييس — النص,,رُبَّان,APPROVED,,وقيل في ربب على فُعْلان
AR00180,رَئِيس,صفة مشبهة,2390,18053;18063;18064;18065,من يتولى أمر جماعة أو هيئة أو دولة ويكون على رأسها.,رءس,فَعِيلٌ,roots-4662:رءس:المحكم — المعاني,roots-4662:رءس:مقاييس — المحور,roots-4662:رءس:الأساس — المجاز,رَئِيس,APPROVED,,
AR00181,أُسْقُف,اسم جامد,2390,18061,رتبة كنسية عليا يتولى صاحبها رعاية أبرشية ويرسم الكهنة.,سقف,أُفْعُلٌّ,roots-4662:سقف:المحكم — المعاني,roots-4662:سقف:مقاييس — المحور,roots-4662:سقف:الأساس — المجاز,أُسْقُف,APPROVED,,في اللسان والقاموس أُسْقُفّ بالتشديد تحت سقف، وقيل أعجمي معرّب | WAZN ← L2_015 المالك
AR00182,زَعِيم,صفة مشبهة,2390,18065;18082,سيّد القوم ورئيسهم المتكلم عنهم.,زعم,فَعِيلٌ,roots-4662:زعم:المحكم — المعاني,roots-4662:زعم:مقاييس — المحور,roots-4662:زعم:الأساس — المجاز,زَعِيم,APPROVED,,
AR00183,قَائِد,اسم فاعل,2390,18066;18082,من يتقدم الجماعة ويتولى أمرها ويوجهها، ولا سيما في الجيش.,قود,فَاعِلٌ,roots-4662:قود:المحكم — المعاني,roots-4662:قود:مقاييس — المحور,roots-4662:قود:الأساس — المجاز,قَائِد,APPROVED,,أصله قاوِد
AR00185,نَائِب,اسم فاعل,2390,18068;18094,عضو منتخب في مجلس تشريعي ينوب عن ناخبيه.,نوب,فَاعِلٌ,roots-4662:نوب:المحكم — المعاني,roots-4662:نوب:مقاييس — المحور,,نَائِب,APPROVED,,أصله ناوِب
AR00186,نَائِبَة,اسم فاعل,2390,18069,امرأة منتخبة عضواً في مجلس تشريعي تنوب عن ناخبيها.,نوب,فَاعِلَةٌ,roots-4662:نوب:المحكم — المعاني,roots-4662:نوب:مقاييس — المحور,,نَائِبَة,APPROVED,,WAZN_L2_005 ← فَاعِلٌ
AR00187,مُدِير,اسم فاعل,2390,18070;18077;18092,من يتولى تدبير مؤسسة أو إدارة أو نشاط ويشرف عليه.,دور,مُفْعِلٌ,roots-4662:دور:المحكم — المعاني,roots-4662:دور:مقاييس — المحور,,مُدِير,APPROVED,,WAZN ← L2_006 فا من أَفْعَلَ
AR00188,دُوقَة,اسم جامد,2390,18071,امرأة تحمل لقب الدوق أو زوجته أو أرملته.,,,,,,دُوقَة,APPROVED,,دخيل/معرّب لا جذر عربي له؛ مستقر في الفصحى المعاصرة ولا لفظ أصيل يقوم مقامه
AR00189,إِمْبِرَاطُور,اسم جامد,2390,18072,الحاكم الأعلى لإمبراطورية.,,,,,,إِمْبِرَاطُور,APPROVED,,دخيل/معرّب لا جذر عربي له؛ مستقر في الفصحى المعاصرة ولا لفظ أصيل يقوم مقامه
AR00190,إِمْبِرَاطُورَة,اسم جامد,2390,18073,الحاكمة العليا لإمبراطورية أو زوجة الإمبراطور.,,,,,,إِمْبِرَاطُورَة,APPROVED,,دخيل/معرّب لا جذر عربي له؛ مستقر في الفصحى المعاصرة ولا لفظ أصيل يقوم مقامه
AR00191,مُدِيرٌ تَنْفِيذِيٌّ,تركيب,2390,18075,رأس مؤسسة تجارية أو جهة حكومية المتولي تنفيذ أعمالها.,,,,,,مُدِيرٌ تَنْفِيذِيٌّ,APPROVED,,
AR00194,نَاظِر,اسم فاعل,2390,18077,المتولي أمر مدرسة أو وقف أو جهة والقائم على شؤونها.,نظر,فَاعِلٌ,roots-4662:نظر:المحكم — المعاني,roots-4662:نظر:مقاييس — النص,roots-4662:نظر:الأساس — المجاز,نَاظِر,APPROVED,,
AR00196,قَيْصَر,اسم جامد,2390,18079;18101,لقب إمبراطور الروم والألمان والروس قديماً.,,,,,,قَيْصَر,APPROVED,,معرّب قديم عن لقب أعجمي؛ لا جذر عربي له
AR00197,مَلِك,صفة مشبهة,2390,18080,صاحب السلطان الأعلى في دولة مستقلة، يرثه في الغالب.,ملك,فَعِلٌ,roots-4662:ملك:المحكم — المعاني,roots-4662:ملك:مقاييس — المحور,roots-4662:ملك:الأساس — المجاز,مَلِك,APPROVED,,
AR00199,مَهَرَاجَا,اسم جامد,2390,18084,لقب أمير هندي قديماً.,,,,,,مَهَرَاجَا,APPROVED,,دخيل/معرّب لا جذر عربي له؛ مستقر في الفصحى المعاصرة ولا لفظ أصيل يقوم مقامه
AR00200,رَئِيسُ البَلَدِيَّةِ,تركيب,2390,18085,المسؤول الأول عن إدارة مجلس المدينة وشؤونها.,,,,,,رَئِيسُ البَلَدِيَّةِ,APPROVED,,
AR00201,وَزِير,صفة مشبهة,2390,18086;18095,من يتولى وزارة من وزارات الدولة ويحمل عن الحاكم أعباءها.,وزر,فَعِيلٌ,roots-4662:وزر:المحكم — المعاني,roots-4662:وزر:مقاييس — المحور,roots-4662:وزر:الأساس — المجاز,وَزِير,APPROVED,,
AR00202,قُطْب,اسم جامد,2390,18087,ذو النفوذ الأكبر في صناعة أو تجارة.,قطب,فُعْلٌ,roots-4662:قطب:المحكم — المعاني,roots-4662:قطب:مقاييس — المحور,roots-4662:قطب:الأساس — المجاز,قُطْب,APPROVED,,استعمال مجازي من قطب الرحى
AR00203,عَاهِل,اسم فاعل,2390,18088,الملك الأعظم صاحب السيادة العليا على الدولة.,عهل,فَاعِلٌ,v21:عهل:المحكم — المعاني,v21:عهل:مقاييس — المحور,,عَاهِل,APPROVED,,
AR00204,مَسْؤُول,اسم مفعول,2390,18089,من يشغل منصباً عاماً ويتولى مهامه.,سءل,مَفْعُولٌ,roots-4662:سءل:المحكم — المعاني,roots-4662:سءل:مقاييس — النص,,مَسْؤُول,APPROVED,,
AR00205,رَئِيسُ الوُزَرَاءِ,تركيب,2390,18090,رئيس الحكومة المتولي أمر مجلس الوزراء.,,,,,,رَئِيسُ الوُزَرَاءِ,APPROVED,,
AR00207,مَلِكَة,صفة مشبهة,2390,18093,المرأة صاحبة السلطان الأعلى في دولة مستقلة.,ملك,فَعِلَةٌ,roots-4662:ملك:المحكم — المعاني,roots-4662:ملك:مقاييس — المحور,roots-4662:ملك:الأساس — المجاز,مَلِكَة,APPROVED,,WAZN_L2_005 ← فَعِلٌ
AR00208,شَاه,اسم جامد,2390,18096,لقب ملك إيران قديماً.,,,,,,شَاه,APPROVED,,دخيل/معرّب لا جذر عربي له؛ مستقر في الفصحى المعاصرة ولا لفظ أصيل يقوم مقامه
AR00210,سُلْطَان,اسم جامد,2390,18098,الحاكم المسلم صاحب السيادة والسلطة.,سلط,فُعْلانٌ,roots-4662:سلط:المحكم — المعاني,roots-4662:سلط:مقاييس — المحور,,سُلْطَان,APPROVED,,
AR00215,دُكْتُور,اسم جامد,2390,18108;18109,لقب يسبق اسم الطبيب أو حامل الشهادة العليا.,,,,,,دُكْتُور,APPROVED,,معرّب؛ وفي وظيفة اللقب السابق للاسم لا يقوم لفظ أصيل مقامه، ويُختصر خطاً «د.»
AR00216,سَيِّد,صفة مشبهة,2390,18110,من له السيادة والأمر على غيره.,سود,فَيْعِلٌ,roots-4662:سود:المحكم — المعاني,roots-4662:سود:مقاييس — المحور,roots-4662:سود:الأساس — المجاز,سَيِّد,APPROVED,,WAZN ← L2_015 المالك
AR00217,سَيِّدَة,صفة مشبهة,2390,18111;18112,لقب احترام يسبق اسم المرأة.,سود,فَيْعِلَةٌ,roots-4662:سود:المحكم — المعاني,roots-4662:سود:مقاييس — المحور,roots-4662:سود:الأساس — المجاز,سَيِّدَة,APPROVED,,WAZN ← L2_015 المالك
AR00221,خَالَة,اسم جامد,2390,18120,أخت الأم.,خول,فَعَلَةٌ,roots-4662:خول:المحكم — المعاني,roots-4662:خول:مقاييس — المحور,roots-4662:خول:الأساس — المجاز,خَالَة,APPROVED,,WAZN_L2_005 ← فَعَلٌ
AR00223,خَال,اسم جامد,2390,18121,أخو الأم.,خول,فَعَلٌ,roots-4662:خول:المحكم — المعاني,roots-4662:خول:مقاييس — المحور,roots-4662:خول:الأساس — المجاز,خَال,APPROVED,,أصله خَوَلٌ
AR00226,ابْنُ العَمِّ,تركيب,2390,18130,ابن أخي الأب.,,,,,,ابْنُ العَمِّ,APPROVED,,
AR00227,ابْنُ الخَالِ,تركيب,2390,18130,ابن أخي الأم.,,,,,,ابْنُ الخَالِ,APPROVED,,
AR00229,فَضِيلَة,اسم جامد,2390,,لقب تبجيل يسبق اسم العالم أو الشيخ.,فضل,فَعِيلَةٌ,roots-4662:فضل:المحكم — المعاني,roots-4662:فضل:مقاييس — المحور,,فَضِيلَة,APPROVED,,AR_ONLY | WAZN_L2_005 ← فَعِيلٌ
AR00230,سَمَاحَة,مصدر,2390,,لقب تبجيل يسبق اسم المفتي أو كبير العلماء.,سمح,فَعَالَةٌ,roots-4662:سمح:المحكم — المعاني,roots-4662:سمح:مقاييس — المحور,roots-4662:سمح:الأساس — المجاز,سَمَاحَة,APPROVED,,AR_ONLY | WAZN ← L2_015 المالك
AR00233,رَبَطَ,فعل,197,3768;4515;4541;4709;4720;5158;5480;11914;11915,وصل شيئاً بآخر بحبل ونحوه وأحكم وصله.,ربط,فَعَلَ,roots-4662:ربط:المحكم — المعاني,roots-4662:ربط:مقاييس — المحور,roots-4662:ربط:الأساس — المجاز,رَبَطَ,APPROVED,,
AR00234,وَصَلَ,فعل,197,3768;11873;11914;11915;11916,ضمّ الشيء إلى الشيء حتى اتصلا.,وصل,فَعَلَ,roots-4662:وصل:المحكم — المعاني,roots-4662:وصل:مقاييس — المحور,,وَصَلَ,APPROVED,,
AR00236,شَلَّ,فعل,197,4528,خاط الثوب خياطة خفيفة متباعدة ليمسكه مؤقتاً.,شلل,فَعَلَ,v21:شلل:المحكم — المعاني,v21:شلل:مقاييس — المحور,v21:شلل:الأساس — المجاز,شَلَّ,APPROVED,,شلّ الثوب: خاطه خياطة خفيفة متباعدة
AR00237,سَمَّرَ,فعل,197,4528;4533,ثبّت الشيء بالمسامير.,سمر,فَعَّلَ,roots-4662:سمر:المحكم — المعاني,roots-4662:سمر:مقاييس — المحور,roots-4662:سمر:الأساس — المجاز,سَمَّرَ,APPROVED,,
AR00238,أَلْصَقَ,فعل,197,4529;4531;4535;4537;4539;4541;6986;11871,جعل الشيء يلزق بغيره بالغراء.,لصق,أَفْعَلَ,roots-4662:لصق:المحكم — المعاني,roots-4662:لصق:مقاييس — المحور,roots-4662:لصق:الأساس — المجاز,أَلْصَقَ,APPROVED,,
AR00239,غَرَّى,فعل,197,4529;4722,ألصق الشيء بالغراء.,غرو,فَعَّلَ,roots-4662:غرو:المحكم — المعاني,roots-4662:غرو:مقاييس — المحور,,غَرَّى,APPROVED,,L2_011 root غري→غرو
AR00241,أَلْحَقَ,فعل,197,4535;11872;11874,أتبع الشيء بغيره وضمّه إليه.,لحق,أَفْعَلَ,roots-4662:لحق:المحكم — المعاني,roots-4662:لحق:مقاييس — المحور,roots-4662:لحق:الأساس — المجاز,أَلْحَقَ,APPROVED,,
AR00242,سَلْسَلَ,فعل,197,4536;11873,شدّ الشيء بالسلسلة.,سلسل,فَعْلَلَ,v21:سلسل:المحكم — المعاني,,,سَلْسَلَ,APPROVED,,بمعنى شدّ بالسلسلة مستعمل في الفصحى المعاصرة
AR00243,قَيَّدَ,فعل,197,4536;4708;4716;4718,شدّ الأسير أو الدابة بالقيد أو السلسلة.,قيد,فَعَّلَ,roots-4662:قيد:المحكم — المعاني,roots-4662:قيد:مقاييس — النص,,قَيَّدَ,APPROVED,,
AR00244,خَاطَ,فعل,197,4538,ضمّ طرفي الثوب ونحوه بالإبرة والخيط.,خيط,فَعَلَ,roots-4662:خيط:المحكم — المعاني,roots-4662:خيط:مقاييس — المحور,roots-4662:خيط:الأساس — المجاز,خَاطَ,APPROVED,,أصله خَيَطَ
AR00245,لَصِقَ,فعل,197,4539,لزم الشيء غيره فلم يفارقه.,لصق,فَعِلَ,roots-4662:لصق:المحكم — المعاني,roots-4662:لصق:مقاييس — المحور,roots-4662:لصق:الأساس — المجاز,لَصِقَ,APPROVED,,
AR00246,أَوْثَقَ,فعل,197,4540;4543;4709;11913,شدّ الشيء بالوثاق شداً محكماً.,وثق,أَفْعَلَ,roots-4662:وثق:المحكم — المعاني,roots-4662:وثق:مقاييس — المحور,,أَوْثَقَ,APPROVED,,
AR00248,دَمَجَ,فعل,197,4706,أدخل شيئاً في شيء حتى صارا شيئاً واحداً.,دمج,فَعَلَ,roots-4662:دمج:المحكم — المعاني,roots-4662:دمج:مقاييس — المحور,roots-4662:دمج:الأساس — المجاز,دَمَجَ,APPROVED,,
AR00249,كَبَّلَ,فعل,197,4708;4717;4718,شدّ بالكبل وهو القيد الضخم.,كبل,فَعَّلَ,roots-4662:كبل:المحكم — المعاني,roots-4662:كبل:مقاييس — المحور,roots-4662:كبل:الأساس — المجاز,كَبَّلَ,APPROVED,,
AR00250,فَصَلَ,فعل,197,4710,أبان الشيء عن غيره ونزعه منه.,فصل,فَعَلَ,roots-4662:فصل:المحكم — المعاني,roots-4662:فصل:مقاييس — النص,,فَصَلَ,APPROVED,,
AR00251,فَكَّ,فعل,197,4710;5768,فصل الشيء عما كان متصلاً به.,فكك,فَعَلَ,roots-4662:فكك:المحكم — المعاني,roots-4662:فكك:مقاييس — المحور,roots-4662:فكك:الأساس — المجاز,فَكَّ,APPROVED,,
AR00252,غَلَّ,فعل,197,4716,جعل الغلّ في يد الأسير أو عنقه.,غلل,فَعَلَ,roots-4662:غلل:المحكم — المعاني,roots-4662:غلل:مقاييس — المحور,,غَلَّ,APPROVED,,
AR00254,بَرْشَمَ,فعل,197,4719,وصل قطعتين بمسامير البرشام.,برشم,فَعْلَلَ,,,,بَرْشَمَ,APPROVED,,بمعنى الوصل بالمسمار البرشام مولّد
AR00256,لَحَمَ,فعل,197,4724;4725,وصل قطعتين من المعدن بإذابة موضع الالتقاء.,لحم,فَعَلَ,roots-4662:لحم:المحكم — المعاني,roots-4662:لحم:مقاييس — المحور,roots-4662:لحم:الأساس — المجاز,لَحَمَ,APPROVED,,
AR00257,تَلَاصَقَ,فعل,197,4836,لزق بعضه ببعض.,لصق,تَفَاعَلَ,roots-4662:لصق:المحكم — المعاني,roots-4662:لصق:مقاييس — المحور,roots-4662:لصق:الأساس — المجاز,تَلَاصَقَ,APPROVED,,
AR00258,تَكَتَّلَ,فعل,197,4836,تجمّع بعضه إلى بعض حتى صار كتلة.,كتل,تَفَعَّلَ,roots-4662:كتل:المحكم — المعاني,roots-4662:كتل:مقاييس — المحور,,تَكَتَّلَ,APPROVED,,
AR00259,أَرْسَى,فعل,197,5158;5159,ثبّت السفينة في موضعها بالمرساة أو بالحبال.,رسو,أَفْعَلَ,roots-4662:رسو:المحكم — المعاني,,roots-4662:رسو:الأساس — المجاز,أَرْسَى,APPROVED,,
AR00260,مُلْحَق,اسم مفعول,197,5477,جزء يُضاف إلى الشيء ليؤدي وظيفة.,لحق,مُفْعَلٌ,roots-4662:لحق:المحكم — المعاني,roots-4662:لحق:مقاييس — المحور,roots-4662:لحق:الأساس — المجاز,مُلْحَق,APPROVED,,
AR00261,رَبْط,مصدر,197,5548;8695,وصل شيء بآخر وإحكامه.,ربط,فَعْلٌ,roots-4662:ربط:المحكم — المعاني,roots-4662:ربط:مقاييس — المحور,roots-4662:ربط:الأساس — المجاز,رَبْط,APPROVED,,
AR00266,أَلْزَقَ,فعل,197,6986;11871,ألصق الشيء بغيره.,لزق,أَفْعَلَ,roots-4662:لزق:المحكم — المعاني,roots-4662:لزق:مقاييس — النص,,أَلْزَقَ,APPROVED,,
AR00268,إِلْحَاق,مصدر,197,8695,ضمّ الشيء إلى غيره.,لحق,إِفْعَالٌ,roots-4662:لحق:المحكم — المعاني,roots-4662:لحق:مقاييس — المحور,roots-4662:لحق:الأساس — المجاز,إِلْحَاق,APPROVED,,
AR00269,ذَيَّلَ,فعل,197,11872,جعل للشيء ذيلاً بإضافة شيء إليه في آخره.,ذيل,فَعَّلَ,roots-4662:ذيل:المحكم — المعاني,roots-4662:ذيل:مقاييس — المحور,roots-4662:ذيل:الأساس — المجاز,ذَيَّلَ,APPROVED,,
AR00271,قَرَنَ,فعل,197,11912,شدّ دابتين في حبل واحد أو نير.,قرن,فَعَلَ,roots-4662:قرن:المحكم — المعاني,roots-4662:قرن:مقاييس — المحور,,قَرَنَ,APPROVED,,
AR00272,كَتَّفَ,فعل,197,11913,شدّ يديه إلى خلفه بالحبل.,كتف,فَعَّلَ,roots-4662:كتف:المحكم — المعاني,roots-4662:كتف:مقاييس — المحور,roots-4662:كتف:الأساس — المجاز,كَتَّفَ,APPROVED,,
AR00274,رَكَّبَ,فعل,197,13150,وضع الشيء في موضعه وثبّته فيه.,ركب,فَعَّلَ,roots-4662:ركب:المحكم — المعاني,roots-4662:ركب:مقاييس — المحور,,رَكَّبَ,APPROVED,,
AR00275,زَرَّ,فعل,197,,أدخل الأزرار في عراها.,زرر,فَعَلَ,roots-4662:زرر:المحكم — المعاني,roots-4662:زرر:مقاييس — المحور,roots-4662:زرر:الأساس — المجاز,زَرَّ,APPROVED,,AR_ONLY
AR00278,لَفَقَ,فعل,197,,ضمّ شقّة إلى أخرى فخاطهما.,لفق,فَعَلَ,roots-4662:لفق:المحكم — المعاني,roots-4662:لفق:مقاييس — المحور,roots-4662:لفق:الأساس — المجاز,لَفَقَ,APPROVED,,AR_ONLY
AR00279,رَتَقَ,فعل,197,,ضمّ طرفي الشقّ ولأمه.,رتق,فَعَلَ,roots-4662:رتق:المحكم — المعاني,,roots-4662:رتق:الأساس — المجاز,رَتَقَ,APPROVED,,AR_ONLY
AR00282,نَعْسَان,صفة مشبهة,394,7171;7235;7307;7308,من غلبه النعاس ومال إلى النوم.,نعس,فَعْلانُ,roots-4662:نعس:المحكم — المعاني,roots-4662:نعس:مقاييس — المحور,roots-4662:نعس:الأساس — المجاز,نَعْسَان,APPROVED,,
AR00283,نَاعِس,اسم فاعل,394,7171,من أخذه النعاس.,نعس,فَاعِلٌ,roots-4662:نعس:المحكم — المعاني,roots-4662:نعس:مقاييس — المحور,roots-4662:نعس:الأساس — المجاز,نَاعِس,APPROVED,,
AR00288,ظَمْآن,صفة مشبهة,394,7174;7243,من اشتد عطشه.,ظمء,فَعْلانُ,v21:ظمأ:المحكم — المعاني,,v21:ظمأ:الأساس — المجاز,ظَمْآن,APPROVED,,
AR00289,مُغْتَلِم,اسم فاعل,394,7175,من غلبته شهوة الجماع وهاجت به.,غلم,مُفْتَعِلٌ,roots-4662:غلم:المحكم — المعاني,roots-4662:غلم:مقاييس — المحور,roots-4662:غلم:الأساس — المجاز,مُغْتَلِم,APPROVED,,WAZN ← L2_006 فا من اِفْتَعَلَ
AR00291,مُنْهَك,اسم مفعول,394,7178;7179;7181;7182;7184;7192;7193;7194;7195;7203;7236,من استُنفدت قوته فلم يعد يقدر على مزيد من الجهد.,نهك,مُفْعَلٌ,roots-4662:نهك:المحكم — المعاني,roots-4662:نهك:مقاييس — المحور,,مُنْهَك,APPROVED,,
AR00292,مُرْهَق,اسم مفعول,394,7178;7183,من أثقله الجهد حتى ضعفت قدرته على العمل.,رهق,مُفْعَلٌ,roots-4662:رهق:المحكم — المعاني,roots-4662:رهق:مقاييس — المحور,roots-4662:رهق:الأساس — المجاز,مُرْهَق,APPROVED,,
AR00293,كَالّ,اسم فاعل,394,7180,من أعيا وفترت قوته.,كلل,فَاعِلٌ,roots-4662:كلل:المحكم — المعاني,roots-4662:كلل:مقاييس — المحور,roots-4662:كلل:الأساس — المجاز,كَالّ,APPROVED,,
AR00294,خَائِر القُوَى,تركيب,394,7184;7195;7236,من ضعفت قوته وانحلّت من شدة التعب.,خور,فَاعِلٌ,roots-4662:خور:المحكم — المعاني,roots-4662:خور:مقاييس — المحور,roots-4662:خور:الأساس — المجاز,خَائِر القُوَى,APPROVED,,OWNER_REVIEW_L2_001
AR00296,إِرْهَاق,مصدر,394,7207,التعب الشديد الناتج عن الجهد البدني أو الذهني.,رهق,إِفْعَالٌ,roots-4662:رهق:المحكم — المعاني,roots-4662:رهق:مقاييس — المحور,roots-4662:رهق:الأساس — المجاز,إِرْهَاق,APPROVED,,
AR00297,إِنْهَاك,مصدر,394,7208,حال من استُنفدت قوته فلم يعد يقدر على الجهد.,نهك,إِفْعَالٌ,roots-4662:نهك:المحكم — المعاني,roots-4662:نهك:مقاييس — المحور,,إِنْهَاك,APPROVED,,
AR00298,إِعْيَاء,مصدر,394,7208,العجز عن مواصلة الجهد من شدة التعب.,عيي,إِفْعَالٌ,,,,إِعْيَاء,APPROVED,,
AR00299,كَلَال,مصدر,394,7210,فتور القوة وثقل النفس عن مواصلة الجهد.,كلل,فَعَالٍ,roots-4662:كلل:المحكم — المعاني,roots-4662:كلل:مقاييس — المحور,roots-4662:كلل:الأساس — المجاز,كَلَال,APPROVED,,WAZN ← SIBAWAYH_EXISTS
AR00301,ظَمَأ,مصدر,394,7211,شدة العطش.,ظمء,فَعَلٌ,v21:ظمأ:المحكم — المعاني,,v21:ظمأ:الأساس — المجاز,ظَمَأ,APPROVED,,
AR00304,وَسْنَان,صفة مشبهة,394,7235;7307,من أخذته السِّنة وثقل عليه النعاس.,وسن,فَعْلانُ,roots-4662:وسن:المحكم — المعاني,roots-4662:وسن:مقاييس — المحور,roots-4662:وسن:الأساس — المجاز,وَسْنَان,APPROVED,,
AR00305,سَاغِب,اسم فاعل,394,7237;7239,من اشتد به الجوع.,سغب,فَاعِلٌ,roots-4662:سغب:المحكم — المعاني,roots-4662:سغب:مقاييس — المحور,,سَاغِب,APPROVED,,
AR00306,نَهِم,صفة مشبهة,394,7239,من اشتدت شهوته إلى الطعام فلا يشبع.,نهم,فَعِلٌ,roots-4662:نهم:المحكم — المعاني,roots-4662:نهم:مقاييس — المحور,roots-4662:نهم:الأساس — المجاز,نَهِم,APPROVED,,
AR00308,غَثَيَان,مصدر,394,7244;7245,اضطراب المعدة مع الإحساس بالرغبة في القيء.,غثي,فَعَلانٌ,v21:غثي:المحكم — المعاني,v21:غثي:مقاييس — النص,,غَثَيَان,APPROVED,,
AR00309,تَهَوُّع,مصدر,394,7244,تكلّف القيء والإحساس بقربه.,هوع,تَفَعُّلٌ,,roots-4662:هوع:مقاييس — المحور,roots-4662:هوع:الأساس — المجاز,تَهَوُّع,APPROVED,,WAZN ← L2_006 مص من تَفَعَّلَ
AR00311,سَغَب,مصدر,394,7246,الجوع الشديد.,سغب,فَعَلٌ,roots-4662:سغب:المحكم — المعاني,roots-4662:سغب:مقاييس — المحور,,سَغَب,APPROVED,,
AR00312,نُعَاس,مصدر,394,7247;7248;7309,فتور يسبق النوم وميل إليه.,نعس,فُعَالٌ,roots-4662:نعس:المحكم — المعاني,roots-4662:نعس:مقاييس — المحور,roots-4662:نعس:الأساس — المجاز,نُعَاس,APPROVED,,
AR00313,وَسَن,مصدر,394,7247,ثقل النعاس الذي يسبق النوم.,وسن,فَعَلٌ,roots-4662:وسن:المحكم — المعاني,roots-4662:وسن:مقاييس — المحور,roots-4662:وسن:الأساس — المجاز,وَسَن,APPROVED,,
AR00315,رَيَّان,صفة مشبهة,394,18160,من ارتوى من الماء فلا يشعر بالعطش.,روي,فَعْلانُ,roots-4662:روي:المحكم — المعاني,roots-4662:روي:مقاييس — المحور,roots-4662:روي:الأساس — المجاز,رَيَّان,APPROVED,,
AR00318,نَعَسَ,فعل,394,,غلبه النعاس.,نعس,فَعَلَ,roots-4662:نعس:المحكم — المعاني,roots-4662:نعس:مقاييس — المحور,roots-4662:نعس:الأساس — المجاز,نَعَسَ,APPROVED,,AR_ONLY
AR00321,ظَمِئَ,فعل,394,,اشتد عطشه.,ظمء,فَعِلَ,v21:ظمأ:المحكم — المعاني,,v21:ظمأ:الأساس — المجاز,ظَمِئَ,APPROVED,,AR_ONLY
AR00323,قَوَّسَ,فعل,16,65,حنى عضواً كالظهر حتى صار كالقوس.,قوس,فَعَّلَ,roots-4662:قوس:المحكم — المعاني,roots-4662:قوس:مقاييس — المحور,,قَوَّسَ,APPROVED,,
AR00324,تَقَوَّسَ,فعل,16,65,انحنى عضوُه حتى صار كالقوس.,قوس,تَفَعَّلَ,roots-4662:قوس:المحكم — المعاني,roots-4662:قوس:مقاييس — المحور,,تَقَوَّسَ,APPROVED,,
AR00325,رَفْرَفَ,فعل,16,66;75;78,حرّك أهدابه حركةً خفيفة متتابعة.,رفف,فَعْلَلَ,roots-4662:رفف:المحكم — المعاني,roots-4662:رفف:مقاييس — المحور,roots-4662:رفف:الأساس — المجاز,رَفْرَفَ,APPROVED,,يُذكر في بعض المعاجم رباعياً في مادة مستقلة
AR00327,حَنَى,فعل,16,67,عطف عضواً كالرأس أو الظهر فأماله.,حنو,فَعَلَ,v21:حنو:المحكم — المعاني,v21:حنو:مقاييس — المحور,,حَنَى,APPROVED,,ويُذكر في حنو أيضاً | L2_011 root حني→حنو
AR00329,هَزَّ,فعل,16,69;87;93;103;104;106,حرّك الشيء حركةً سريعة صعوداً ونزولاً أو يميناً وشمالاً.,هزز,فَعَلَ,roots-4662:هزز:المحكم — المعاني,roots-4662:هزز:مقاييس — المحور,roots-4662:هزز:الأساس — المجاز,هَزَّ,APPROVED,,
AR00331,أَمَالَ,فعل,16,71,حرّك عضواً كالرأس فجعله منحرفاً إلى جهة.,ميل,أَفْعَلَ,roots-4662:ميل:المحكم — المعاني,roots-4662:ميل:مقاييس — النص,roots-4662:ميل:الأساس — المجاز,أَمَالَ,APPROVED,,
AR00335,عَقَدَ ذِرَاعَيْهِ,تركيب,16,73,وضع ذراعيه إحداهما فوق الأخرى على صدره.,,,,,,عَقَدَ ذِرَاعَيْهِ,APPROVED,,
AR00336,أَرْخَى,فعل,16,74,أنزل عضواً وتركه مسترسلاً.,رخو,أَفْعَلَ,roots-4662:رخو:المحكم — المعاني,roots-4662:رخو:مقاييس — المحور,,أَرْخَى,APPROVED,,ويُذكر في رخي أيضاً
AR00338,خَفَقَ,فعل,16,75,ضرب الطائرُ بجناحيه وحرّكهما.,خفق,فَعَلَ,roots-4662:خفق:المحكم — المعاني,roots-4662:خفق:مقاييس — المحور,,خَفَقَ,APPROVED,,
AR00339,شَدَّ عَضَلَهُ,تركيب,16,76,قبض عضلةً وقوّاها لثني مفصل أو إظهار قوّة.,,,,,,شَدَّ عَضَلَهُ,APPROVED,,
AR00341,رَمَى,فعل,16,77;100,ألقى بذراعيه أو بنفسه في اتّجاه بقوّة.,رمي,فَعَلَ,roots-4662:رمي:المحكم — المعاني,roots-4662:رمي:مقاييس — النص,roots-4662:رمي:الأساس — المجاز,رَمَى,APPROVED,,
AR00342,رَفَّ,فعل,16,78;102,اختلج الجفن واضطرب حركةً خفيفة.,رفف,فَعَلَ,roots-4662:رفف:المحكم — المعاني,roots-4662:رفف:مقاييس — المحور,roots-4662:رفف:الأساس — المجاز,رَفَّ,APPROVED,,
AR00345,نَكَسَ,فعل,16,84,خفض رأسه وطأطأه.,نكس,فَعَلَ,roots-4662:نكس:المحكم — المعاني,roots-4662:نكس:مقاييس — المحور,roots-4662:نكس:الأساس — المجاز,نَكَسَ,APPROVED,,
AR00346,اِنْتَفَضَ,فعل,16,85,تحرّك بدنُه أو عضوه حركةً سريعة مفاجئة.,نفض,اِفْتَعَلَ,roots-4662:نفض:المحكم — المعاني,roots-4662:نفض:مقاييس — المحور,roots-4662:نفض:الأساس — المجاز,اِنْتَفَضَ,APPROVED,,
AR00347,اِخْتَلَجَ,فعل,16,85;102,اضطرب العضو اضطراباً سريعاً.,خلج,اِفْتَعَلَ,roots-4662:خلج:المحكم — المعاني,roots-4662:خلج:مقاييس — المحور,roots-4662:خلج:الأساس — المجاز,اِخْتَلَجَ,APPROVED,,
AR00348,رَفَعَ,فعل,16,86,أعلى عضواً إلى موضعٍ أعلى.,رفع,فَعَلَ,roots-4662:رفع:المحكم — المعاني,roots-4662:رفع:مقاييس — المحور,roots-4662:رفع:الأساس — المجاز,رَفَعَ,APPROVED,,
AR00349,أَوْمَأَ,فعل,16,87,حرّك رأسه إلى أسفل ثم أعاده إشارةً.,ومء,أَفْعَلَ,roots-4662:ومء:المحكم — المعاني,roots-4662:ومء:مقاييس — النص,,أَوْمَأَ,APPROVED,,
AR00352,زَمَّ,فعل,16,89;90,ضمّ شفتيه وجمعهما.,زمم,فَعَلَ,roots-4662:زمم:المحكم — المعاني,roots-4662:زمم:مقاييس — المحور,roots-4662:زمم:الأساس — المجاز,زَمَّ,APPROVED,,
AR00353,قَطَّبَ,فعل,16,89;108;6171;11962,جمع ما بين عينيه فتغضّن جبينه.,قطب,فَعَّلَ,roots-4662:قطب:المحكم — المعاني,roots-4662:قطب:مقاييس — المحور,roots-4662:قطب:الأساس — المجاز,قَطَّبَ,APPROVED,,
AR00354,أَدَارَ,فعل,16,91,حرّك عضواً كالعين حركةً دائرية.,دور,أَفْعَلَ,roots-4662:دور:المحكم — المعاني,roots-4662:دور:مقاييس — المحور,,أَدَارَ,APPROVED,,
AR00355,قَلَّبَ,فعل,16,91,حرّك عينيه أو كفّيه هنا وهناك.,قلب,فَعَّلَ,roots-4662:قلب:المحكم — المعاني,roots-4662:قلب:مقاييس — المحور,roots-4662:قلب:الأساس — المجاز,قَلَّبَ,APPROVED,,
AR00356,نَفَضَ,فعل,16,93;101,حرّك عضواً حركةً قوية سريعة.,نفض,فَعَلَ,roots-4662:نفض:المحكم — المعاني,roots-4662:نفض:مقاييس — المحور,roots-4662:نفض:الأساس — المجاز,نَفَضَ,APPROVED,,
AR00357,هَزَّ كَتِفَيْهِ,تركيب,16,94,رفع كتفيه قليلاً ثم أنزلهما دلالةً على الشكّ أو الجهل أو عدم الاكتراث.,,,,,,هَزَّ كَتِفَيْهِ,APPROVED,,
AR00358,تَمَلْمَلَ,فعل,16,95;3981,تقلّب في مجلسه ولم يستقرّ.,ملل,تَفَعْلَلَ,roots-4662:ملل:المحكم — المعاني,roots-4662:ملل:مقاييس — المحور,,تَمَلْمَلَ,APPROVED,,يُذكر في بعض المعاجم رباعياً في مادة مستقلة
AR00359,تَمَطَّى,فعل,16,98,مدّ أعضاءه حتى استقامت إلى أقصاها.,مطو,تَفَعَّلَ,roots-4662:مطو:المحكم — المعاني,roots-4662:مطو:مقاييس — المحور,roots-4662:مطو:الأساس — المجاز,تَمَطَّى,APPROVED,,ويُذكر في مطط أيضاً
AR00360,مَدَّ,فعل,16,98;17670,بسط عضواً إلى غاية طوله.,مدد,فَعَلَ,roots-4662:مدد:المحكم — المعاني,roots-4662:مدد:مقاييس — المحور,roots-4662:مدد:الأساس — المجاز,مَدَّ,APPROVED,,
AR00361,لَوَّحَ,فعل,16,99;105,حرّك ذراعه أو يده إلى جانبين.,لوح,فَعَّلَ,roots-4662:لوح:المحكم — المعاني,roots-4662:لوح:مقاييس — النص,roots-4662:لوح:الأساس — المجاز,لَوَّحَ,APPROVED,,
AR00362,نَاسَ,فعل,16,99,تحرّك العضو متدلّياً جيئةً وذهاباً.,نوس,فَعَلَ,roots-4662:نوس:المحكم — المعاني,roots-4662:نوس:مقاييس — المحور,,نَاسَ,APPROVED,,
AR00363,أَلْقَى,فعل,16,100,طرح بعضوه أو بنفسه طرحاً سريعاً.,لقي,أَفْعَلَ,roots-4662:لقي:المحكم — المعاني,roots-4662:لقي:مقاييس — المحور,roots-4662:لقي:الأساس — المجاز,أَلْقَى,APPROVED,,
AR00367,غَمَزَ,فعل,16,107,أغمض إحدى عينيه وفتحها سريعاً إشارةً.,غمز,فَعَلَ,roots-4662:غمز:المحكم — المعاني,roots-4662:غمز:مقاييس — المحور,roots-4662:غمز:الأساس — المجاز,غَمَزَ,APPROVED,,
AR00370,تَلَوَّى,فعل,16,3978;3979;15376,تثنّى بدنه وانعطف من ألم.,لوي,تَفَعَّلَ,roots-4662:لوي:المحكم — المعاني,roots-4662:لوي:مقاييس — المحور,roots-4662:لوي:الأساس — المجاز,تَلَوَّى,APPROVED,,
AR00371,تَضَوَّرَ,فعل,16,3978,تلوّى وتقلّب من شدّة الألم أو الجوع.,ضور,تَفَعَّلَ,v21:ضور:المحكم — المعاني,v21:ضور:مقاييس — المحور,,تَضَوَّرَ,APPROVED,,
AR00372,تَمَعَّجَ,فعل,16,3979,تلوّى في حركته كتلوّي الحيّة.,معج,تَفَعَّلَ,roots-4662:معج:المحكم — المعاني,roots-4662:معج:مقاييس — المحور,roots-4662:معج:الأساس — المجاز,تَمَعَّجَ,APPROVED,,
AR00373,اِرْتَعَدَ,فعل,16,3980,اضطرب بدنه من خوف أو نفور.,رعد,اِفْتَعَلَ,roots-4662:رعد:المحكم — المعاني,roots-4662:رعد:مقاييس — المحور,roots-4662:رعد:الأساس — المجاز,اِرْتَعَدَ,APPROVED,,
AR00374,اِقْشَعَرَّ,فعل,16,3980,انتفض جلده وتقبّض من فزع أو كراهة.,قشعر,اِفْعَلَلَّ,,,,اِقْشَعَرَّ,APPROVED,,
AR00375,تَثَاءَبَ,فعل,16,4003,فتح فمه واسعاً وأخذ نفَساً عميقاً من نعاس أو ملل.,ثءب,تَفَاعَلَ,v21:ثأب:المحكم — المعاني,,,تَثَاءَبَ,APPROVED,,
AR00376,اِهْتَزَّ,فعل,16,4083,تحرّك حركةً خفيفة سريعة إلى جهتين.,هزز,اِفْتَعَلَ,roots-4662:هزز:المحكم — المعاني,roots-4662:هزز:مقاييس — المحور,roots-4662:هزز:الأساس — المجاز,اِهْتَزَّ,APPROVED,,
AR00377,تَرَجْرَجَ,فعل,16,4083,اضطرب وتمايل حركةً خفيفة.,رجج,تَفَعْلَلَ,roots-4662:رجج:المحكم — المعاني,roots-4662:رجج:مقاييس — المحور,roots-4662:رجج:الأساس — المجاز,تَرَجْرَجَ,APPROVED,,يُذكر في بعض المعاجم رباعياً في مادة مستقلة
AR00378,اِرْتَعَشَ,فعل,16,4084,اهتزّ بدنه اهتزازاً خفيفاً لا يملكه من برد أو خوف.,رعش,اِفْتَعَلَ,roots-4662:رعش:المحكم — المعاني,roots-4662:رعش:مقاييس — النص,roots-4662:رعش:الأساس — المجاز,اِرْتَعَشَ,APPROVED,,
AR00379,اِرْتَجَفَ,فعل,16,4084,اضطرب بدنه من برد أو فزع.,رجف,اِفْتَعَلَ,roots-4662:رجف:المحكم — المعاني,roots-4662:رجف:مقاييس — المحور,roots-4662:رجف:الأساس — المجاز,اِرْتَجَفَ,APPROVED,,
AR00380,اِنْحَنَى,فعل,16,4990,خفض رأسه أو بدنه بسرعة تفادياً لضربة أو لئلا يُرى.,حنو,اِنْفَعَلَ,v21:حنو:المحكم — المعاني,v21:حنو:مقاييس — المحور,,اِنْحَنَى,APPROVED,,L2_011 root حني→حنو
AR00381,طَأْطَأَ,فعل,16,4990,خفض رأسه.,طءطء,فَعْلَلَ,v21:طأطأ:المحكم — المعاني,,v21:طأطأ:الأساس — المجاز,طَأْطَأَ,APPROVED,,يُذكر في بعض المعاجم رباعياً في مادة مستقلة | L2_011 root طءء→طءطء
AR00382,تَلَمَّظَ,فعل,16,9717,حرّك لسانه وشفتيه فأحدث بهما صوتاً.,لمظ,تَفَعَّلَ,roots-4662:لمظ:المحكم — المعاني,roots-4662:لمظ:مقاييس — النص,roots-4662:لمظ:الأساس — المجاز,تَلَمَّظَ,APPROVED,,
AR00383,فَتَحَ,فعل,16,10986,حرّك عضواً كالعين أو الفم حتى انفرج.,فتح,فَعَلَ,roots-4662:فتح:المحكم — المعاني,roots-4662:فتح:مقاييس — المحور,roots-4662:فتح:الأساس — المجاز,فَتَحَ,APPROVED,,
AR00384,فَغَرَ,فعل,16,10986,فتح فمه.,فغر,فَعَلَ,roots-4662:فغر:المحكم — المعاني,roots-4662:فغر:مقاييس — المحور,,فَغَرَ,APPROVED,,
AR00385,أَغْمَضَ,فعل,16,10987;10992,أطبق جفنيه.,غمض,أَفْعَلَ,roots-4662:غمض:المحكم — المعاني,roots-4662:غمض:مقاييس — المحور,roots-4662:غمض:الأساس — المجاز,أَغْمَضَ,APPROVED,,
AR00389,دَقَّ,فعل,16,11148,ضرب الأرض بقدمه بقوّة.,دقق,فَعَلَ,roots-4662:دقق:المحكم — المعاني,roots-4662:دقق:مقاييس — المحور,roots-4662:دقق:الأساس — المجاز,دَقَّ,APPROVED,,
AR00391,اِنْقَبَضَ,فعل,16,11955,تقلّص الوجه وتجمّع.,قبض,اِنْفَعَلَ,roots-4662:قبض:المحكم — المعاني,roots-4662:قبض:مقاييس — المحور,roots-4662:قبض:الأساس — المجاز,اِنْقَبَضَ,APPROVED,,
AR00392,زَوَى,فعل,16,11962,قبض ما بين عينيه وجمعه.,زوي,فَعَلَ,roots-4662:زوي:المحكم — المعاني,roots-4662:زوي:مقاييس — المحور,,زَوَى,APPROVED,,
AR00394,لَوَى,فعل,16,15376,أدار عضواً من بدنه حول نفسه.,لوي,فَعَلَ,roots-4662:لوي:المحكم — المعاني,roots-4662:لوي:مقاييس — المحور,roots-4662:لوي:الأساس — المجاز,لَوَى,APPROVED,,
AR00395,غَمْزَة,اسم مرة,16,17314,إغماضُ إحدى العينين وفتحها سريعاً.,غمز,فَعْلَةٌ,roots-4662:غمز:المحكم — المعاني,roots-4662:غمز:مقاييس — المحور,roots-4662:غمز:الأساس — المجاز,غَمْزَة,APPROVED,,اسم المرة | WAZN_L2_005 ← فَعْلٌ | POS_L2_007:ISM_MARRA (من نص الملاحظة)
AR00397,أَشَاحَ,فعل,16,,صرف وجهه وأعرض به.,شيح,أَفْعَلَ,v21:شيح:المحكم — المعاني,v21:شيح:مقاييس — المحور,,أَشَاحَ,APPROVED,,AR_ONLY
AR00398,اِلْتَفَتَ,فعل,16,,صرف وجهه إلى جانب.,لفت,اِفْتَعَلَ,roots-4662:لفت:المحكم — المعاني,roots-4662:لفت:مقاييس — المحور,roots-4662:لفت:الأساس — المجاز,اِلْتَفَتَ,APPROVED,,AR_ONLY
AR00399,غَضَّ,فعل,16,,خفض بصره وكفّه.,غضض,فَعَلَ,roots-4662:غضض:المحكم — المعاني,roots-4662:غضض:مقاييس — المحور,roots-4662:غضض:الأساس — المجاز,غَضَّ,APPROVED,,AR_ONLY
AR00400,ذِرَاع,اسم جامد,119,2377,الطرف العلوي من بدن الإنسان، يمتد من الكتف إلى اليد.,ذرع,فِعَالٌ,roots-4662:ذرع:المحكم — المعاني,roots-4662:ذرع:مقاييس — المحور,roots-4662:ذرع:الأساس — المجاز,ذِرَاع,APPROVED,,في المعاجم الذراع من طرف المرفق إلى طرف الإصبع الوسطى، والمعاصر يطلقه على الطرف كله
AR00401,كَاحِل,اسم جامد,119,2379,المفصل الذي تتصل به القدم بالساق.,كحل,فَاعِلٌ,roots-4662:كحل:المحكم — المعاني,roots-4662:كحل:مقاييس — المحور,roots-4662:كحل:الأساس — المجاز,كَاحِل,APPROVED,,صيغته صيغة اسم الفاعل وهو هنا اسم عضو
AR00402,كَعْب,اسم جامد,119,2379,العظم الناتئ عند ملتقى الساق والقدم من الجانبين.,كعب,فَعْلٌ,roots-4662:كعب:المحكم — المعاني,roots-4662:كعب:مقاييس — المحور,roots-4662:كعب:الأساس — المجاز,كَعْب,APPROVED,,
AR00404,دُبُر,اسم جامد,119,2380,مؤخَّر البدن، ويُكنى به عن المخرج.,دبر,فُعُلٌ,roots-4662:دبر:المحكم — المعاني,roots-4662:دبر:مقاييس — المحور,roots-4662:دبر:الأساس — المجاز,دُبُر,APPROVED,,
AR00406,لِحْيَة,اسم جامد,119,2384,الشعر النابت على الذقن والخدين من الرجل.,لحي,فِعْلَةٌ,roots-4662:لحي:المحكم — المعاني,roots-4662:لحي:مقاييس — النص,,لِحْيَة,APPROVED,,WAZN_L2_005 ← فِعْلٌ
AR00414,خَدّ,اسم جامد,119,2393,جانب الوجه من تحت العين إلى طرف الفك.,خدد,فَعْلٌ,roots-4662:خدد:المحكم — المعاني,roots-4662:خدد:مقاييس — المحور,,خَدّ,APPROVED,,
AR00415,وَجْنَة,اسم جامد,119,2393,ما ارتفع من الخد تحت العين.,وجن,فَعْلَةٌ,roots-4662:وجن:المحكم — المعاني,roots-4662:وجن:مقاييس — المحور,,وَجْنَة,APPROVED,,WAZN_L2_005 ← فَعْلٌ
AR00417,ذَقَن,اسم جامد,119,2395,مجتمع اللحيين من أسفل الوجه تحت الفم.,ذقن,فَعَلٌ,roots-4662:ذقن:المحكم — المعاني,roots-4662:ذقن:مقاييس — النص,roots-4662:ذقن:الأساس — المجاز,ذَقَن,APPROVED,,
AR00419,شَحْمَة الأُذُن,تركيب,119,2397,ما لان من أسفل الأذن وتدلّى منها.,,,,,,شَحْمَة الأُذُن,APPROVED,,
AR00420,مِرْفَق,اسم جامد,119,2398,المفصل الذي بين الساعد والعضد.,رفق,مِفْعَلٌ,roots-4662:رفق:المحكم — المعاني,roots-4662:رفق:مقاييس — المحور,roots-4662:رفق:الأساس — المجاز,مِرْفَق,APPROVED,,ويقال أيضًا مَرْفِق (مَفْعِل)؛ صيغته صيغة اسم الآلة
AR00422,وَجْه,اسم جامد,119,2400,مقدم الرأس من منابت الشعر إلى الذقن.,وجه,فَعْلٌ,roots-4662:وجه:المحكم — المعاني,roots-4662:وجه:مقاييس — المحور,roots-4662:وجه:الأساس — المجاز,وَجْه,APPROVED,,
AR00425,لَحْم,اسم جامد,119,2403,النسيج الرخو الذي يكسو عظام البدن تحت الجلد.,لحم,فَعْلٌ,roots-4662:لحم:المحكم — المعاني,roots-4662:لحم:مقاييس — المحور,roots-4662:لحم:الأساس — المجاز,لَحْم,APPROVED,,
AR00426,قَدَم,اسم جامد,119,2404,ما يطأ عليه الإنسان أو الحيوان من طرف الرجل تحت الكاحل.,قدم,فَعَلٌ,roots-4662:قدم:المحكم — المعاني,roots-4662:قدم:مقاييس — المحور,roots-4662:قدم:الأساس — المجاز,قَدَم,APPROVED,,
AR00427,رِجْل,اسم جامد,119,2404;2549;2550;11244,الطرف الذي يمشي عليه الإنسان من أصل الفخذ إلى القدم، وهي من ذوات الأربع قائمتها الخلفية.,رجل,فِعْلٌ,roots-4662:رجل:المحكم — المعاني,roots-4662:رجل:مقاييس — المحور,roots-4662:رجل:الأساس — المجاز,رِجْل,APPROVED,,
AR00428,سَاعِد,اسم جامد,119,2405,ما بين المرفق والكف من اليد.,سعد,فَاعِلٌ,roots-4662:سعد:المحكم — المعاني,roots-4662:سعد:مقاييس — المحور,roots-4662:سعد:الأساس — المجاز,سَاعِد,APPROVED,,صيغته صيغة اسم الفاعل وهو هنا اسم عضو
AR00431,رُفْغ,اسم جامد,119,2407,أصل الفخذ مما يلي البطن.,رفغ,فُعْلٌ,roots-4662:رفغ:المحكم — المعاني,roots-4662:رفغ:مقاييس — المحور,roots-4662:رفغ:الأساس — المجاز,رُفْغ,APPROVED,,الأُرْبِيَّة مصطلح طبي معاصر لهذه المنطقة لم يُدرج لتردد وزنه وجذره
AR00434,يَد,اسم جامد,119,2409;2533;2534;2535;2547,طرف الذراع من الرسغ إلى أطراف الأصابع، وتطلق من ذوات الأربع على القائمة الأمامية.,يدي,فَعٌٌ,roots-4662:يدي:المحكم — المعاني,,roots-4662:يدي:الأساس — المجاز,يَد,APPROVED,,WAZN ← L2_015 المالك
AR00435,كَفّ,اسم جامد,119,2409,باطن اليد مع الأصابع.,كفف,فَعْلٌ,roots-4662:كفف:المحكم — المعاني,roots-4662:كفف:مقاييس — المحور,roots-4662:كفف:الأساس — المجاز,كَفّ,APPROVED,,
AR00436,رَأْس,اسم جامد,119,2410,أعلى بدن الإنسان ومقدَّم بدن الحيوان، وفيه الدماغ والوجه.,رءس,فَعْلٌ,roots-4662:رءس:المحكم — المعاني,roots-4662:رءس:مقاييس — المحور,roots-4662:رءس:الأساس — المجاز,رَأْس,APPROVED,,
AR00439,قَاطِعَة,اسم جامد,119,2413,سن من الأسنان الأمامية حادة الحافة معدّة للقطع.,قطع,فَاعِلَةٌ,roots-4662:قطع:المحكم — المعاني,roots-4662:قطع:مقاييس — المحور,roots-4662:قطع:الأساس — المجاز,قَاطِعَة,APPROVED,,مصطلح طبي معاصر؛ صيغته صيغة اسم الفاعل | WAZN_L2_005 ← فَاعِلٌ
AR00440,فَكّ,اسم جامد,119,2415,أحد العظمين الأعلى والأسفل اللذين تنبت عليهما الأسنان.,فكك,فَعْلٌ,roots-4662:فكك:المحكم — المعاني,roots-4662:فكك:مقاييس — المحور,roots-4662:فكك:الأساس — المجاز,فَكّ,APPROVED,,
AR00441,لَحْي,اسم جامد,119,2415,العظم الذي تنبت عليه الأسنان من الإنسان والحيوان.,لحي,فَعْلٌ,roots-4662:لحي:المحكم — المعاني,roots-4662:لحي:مقاييس — النص,,لَحْي,APPROVED,,
AR00444,خُفّ,اسم جامد,119,2502,طرف قائمة البعير الذي يطأ به.,خفف,فُعْلٌ,roots-4662:خفف:المحكم — المعاني,roots-4662:خفف:مقاييس — المحور,roots-4662:خفف:الأساس — المجاز,خُفّ,APPROVED,,
AR00445,مِخْلَب,اسم جامد,119,2503;2505,الظفر المعقوف الحاد للطائر الجارح والسبع.,خلب,مِفْعَلٌ,roots-4662:خلب:المحكم — المعاني,roots-4662:خلب:مقاييس — المحور,roots-4662:خلب:الأساس — المجاز,مِخْلَب,APPROVED,,صيغته صيغة اسم الآلة
AR00447,بُرْثُن,اسم جامد,119,2504,كف السبع بأصابعها ومخالبها.,برثن,فُعْلُلٌ,v21:برثن:المحكم — المعاني,,,بُرْثُن,APPROVED,,
AR00449,فَرْوَة,اسم جامد,119,2507,جلد الحيوان بما عليه من الشعر أو الصوف.,فرو,فَعْلَةٌ,v21:فرو:المحكم — المعاني,,v21:فرو:الأساس — المجاز,فَرْوَة,APPROVED,,WAZN_L2_005 ← فَعْلٌ
AR00451,خَطْم,اسم جامد,119,2508;2516,مقدَّم أنف الدابة وفمها.,خطم,فَعْلٌ,roots-4662:خطم:المحكم — المعاني,roots-4662:خطم:مقاييس — المحور,roots-4662:خطم:الأساس — المجاز,خَطْم,APPROVED,,
AR00453,نَاب,اسم جامد,119,2510,السن الطويلة الحادة خلف الرباعية، وهي في السباع آلة الفتك.,نيب,فَعْلٌ,roots-4662:نيب:المحكم — المعاني,,,نَاب,APPROVED,,WAZN ← SIBAWAYH_EXISTS
AR00455,لِبْدَة,اسم جامد,119,2512,الشعر المتراكب على عنق الأسد وكتفيه.,لبد,فِعْلَةٌ,roots-4662:لبد:المحكم — المعاني,roots-4662:لبد:مقاييس — النص,roots-4662:لبد:الأساس — المجاز,لِبْدَة,APPROVED,,WAZN_L2_005 ← فِعْلٌ
AR00458,قَرْن الاسْتِشْعَار,تركيب,119,2514;2542,أحد الزائدين الرفيعين على رأس الحشرة تستشعر بهما.,,,,,,قَرْن الاسْتِشْعَار,APPROVED,,
AR00459,قَرْن,اسم جامد,119,2515;2539,النتوء العظمي الصلب على رأس بعض الحيوانات كالثور والوعل والأيّل.,قرن,فَعْلٌ,roots-4662:قرن:المحكم — المعاني,roots-4662:قرن:مقاييس — المحور,,قَرْن,APPROVED,,قرن الأيّل المتشعب ليس له اسم مفرد خاص
AR00460,مِنْقَار,اسم جامد,119,2517;2694,فم الطائر القرني الناتئ.,نقر,مِفْعَالٌ,roots-4662:نقر:المحكم — المعاني,roots-4662:نقر:مقاييس — المحور,roots-4662:نقر:الأساس — المجاز,مِنْقَار,APPROVED,,صيغته صيغة اسم الآلة
AR00462,ذَيْل,اسم جامد,119,2519,مؤخَّر جسم الحيوان الممتد خلفه.,ذيل,فَعْلٌ,roots-4662:ذيل:المحكم — المعاني,roots-4662:ذيل:مقاييس — المحور,roots-4662:ذيل:الأساس — المجاز,ذَيْل,APPROVED,,
AR00463,ذَنَب,اسم جامد,119,2519,ما يتدلى من مؤخر الدابة والطائر.,ذنب,فَعَلٌ,roots-4662:ذنب:المحكم — المعاني,roots-4662:ذنب:مقاييس — المحور,roots-4662:ذنب:الأساس — المجاز,ذَنَب,APPROVED,,
AR00465,قَائِمَة أَمَامِيَّة,تركيب,119,2533;2547,إحدى القائمتين المتقدمتين اللتين يقف عليهما الحيوان ويمشي.,,,,,,قَائِمَة أَمَامِيَّة,APPROVED,,
AR00468,قَفَا,اسم جامد,119,2540,مؤخَّر العنق.,قفو,فَعَلٌ,roots-4662:قفو:المحكم — المعاني,,roots-4662:قفو:الأساس — المجاز,قَفَا,APPROVED,,يكتب أيضًا بالياء في بعض الأصول، وأصل الألف واو
AR00469,قَذَال,اسم جامد,119,2540,جماع مؤخر الرأس فوق القفا.,قذل,فَعَالٍ,roots-4662:قذل:المحكم — المعاني,roots-4662:قذل:مقاييس — النص,,قَذَال,APPROVED,,WAZN ← SIBAWAYH_EXISTS
AR00472,قَائِمَة خَلْفِيَّة,تركيب,119,2549;2550,إحدى القائمتين المتأخرتين اللتين يقف عليهما الحيوان ويمشي.,,,,,,قَائِمَة خَلْفِيَّة,APPROVED,,
AR00473,أُنْمُلَة,اسم جامد,119,2551,رأس الإصبع، وفيها الظفر.,نمل,أُفْعُلَةٌ,roots-4662:نمل:المحكم — المعاني,roots-4662:نمل:مقاييس — النص,,أُنْمُلَة,APPROVED,,وفيها لغات منها أَنْمُلَة | WAZN ← L2_015 المالك
AR00475,شَفَة,اسم جامد,119,2554,أحد طرفي الفم الأعلى والأسفل.,شفه,فَعَةٌ,v21:شفه:المحكم — المعاني,,v21:شفه:الأساس — المجاز,شَفَة,APPROVED,,WAZN ← L2_015 المالك
AR00477,لِسَان,اسم جامد,119,2569,العضو اللحمي المتحرك في الفم، به الذوق والبلع والكلام.,لسن,فِعَالٌ,roots-4662:لسن:المحكم — المعاني,roots-4662:لسن:مقاييس — المحور,roots-4662:لسن:الأساس — المجاز,لِسَان,APPROVED,,
AR00479,مَنْخِر,اسم جامد,119,2634,ثقب الأنف الذي يجري فيه النفَس.,نخر,مَفْعِلٌ,roots-4662:نخر:المحكم — المعاني,roots-4662:نخر:مقاييس — المحور,roots-4662:نخر:الأساس — المجاز,مَنْخِر,APPROVED,,ويقال مِنْخَر؛ صيغته صيغة اسم المكان
AR00480,أَخْمَص,اسم جامد,119,2635,ما لا يمس الأرض من باطن القدم.,خمص,أَفْعَلُ,roots-4662:خمص:المحكم — المعاني,roots-4662:خمص:مقاييس — المحور,,أَخْمَص,APPROVED,,
AR00481,بَاطِن القَدَم,تركيب,119,2635,الجهة السفلى من القدم التي يطأ بها.,,,,,,بَاطِن القَدَم,APPROVED,,
AR00482,سُرَّة,اسم جامد,119,2644,النقرة الصغيرة في وسط البطن حيث قُطع الحبل السري.,سرر,فُعْلَةٌ,roots-4662:سرر:المحكم — المعاني,roots-4662:سرر:مقاييس — النص,roots-4662:سرر:الأساس — المجاز,سُرَّة,APPROVED,,WAZN_L2_005 ← فُعْلٌ
AR00484,رَقَبَة,اسم جامد,119,2646,العنق، وقيل مؤخره.,رقب,فَعَلَةٌ,roots-4662:رقب:المحكم — المعاني,roots-4662:رقب:مقاييس — المحور,roots-4662:رقب:الأساس — المجاز,رَقَبَة,APPROVED,,WAZN_L2_005 ← فَعَلٌ
AR00485,كَفَل,اسم جامد,119,2647;2847,العجز من الدابة وما يليه من مؤخرها.,كفل,فَعَلٌ,roots-4662:كفل:المحكم — المعاني,roots-4662:كفل:مقاييس — المحور,roots-4662:كفل:الأساس — المجاز,كَفَل,APPROVED,,
AR00487,سَبَّابَة,اسم جامد,119,2648,الإصبع التي تلي الإبهام.,سبب,فَعَّالَةٌ,roots-4662:سبب:المحكم — المعاني,roots-4662:سبب:مقاييس — النص,roots-4662:سبب:الأساس — المجاز,سَبَّابَة,APPROVED,,WAZN_L2_005 ← فَعَّالٌ
AR00488,فَخِذ,اسم جامد,119,2649,ما بين الورك والركبة من الرجل.,فخذ,فَعِلٌ,roots-4662:فخذ:المحكم — المعاني,roots-4662:فخذ:مقاييس — النص,roots-4662:فخذ:الأساس — المجاز,فَخِذ,APPROVED,,
AR00489,فَم,اسم جامد,119,2684,المدخل الذي في أسفل الوجه يدخل منه الطعام ويخرج منه الكلام.,فوه,فَعٌٌ,roots-4662:فوه:المحكم — المعاني,roots-4662:فوه:مقاييس — المحور,roots-4662:فوه:الأساس — المجاز,فَم,APPROVED,,WAZN ← L2_015 المالك
AR00490,لَامِسَة,اسم جامد,119,2693,عضو طويل لين في بعض الحيوانات المائية تلمس به وتقبض وتتحرك.,لمس,فَاعِلَةٌ,roots-4662:لمس:المحكم — المعاني,roots-4662:لمس:مقاييس — المحور,roots-4662:لمس:الأساس — المجاز,لَامِسَة,APPROVED,,مصطلح علمي معاصر؛ صيغته صيغة اسم الفاعل | WAZN_L2_005 ← فَاعِلٌ
AR00491,زَائِدَة,اسم جامد,119,2845,جزء ناتئ من جسم الكائن الحي له هيئة أو وظيفة متميزة.,زيد,فَاعِلَةٌ,roots-4662:زيد:المحكم — المعاني,roots-4662:زيد:مقاييس — المحور,roots-4662:زيد:الأساس — المجاز,زَائِدَة,APPROVED,,صيغته صيغة اسم الفاعل | WAZN_L2_005 ← فَاعِلٌ
AR00493,يَافُوخ,اسم جامد,119,2855,الموضع الذي يلتقي فيه عظم مقدم الرأس ومؤخره.,يفخ,فَاعُولٌ,roots-4662:يفخ:المحكم — المعاني,,,يَافُوخ,APPROVED,,ويذكر أيضًا في ءفخ
AR00494,ذَكَر,اسم جامد,119,10278,عضو التناسل الظاهر من الرجل.,ذكر,فَعَلٌ,roots-4662:ذكر:المحكم — المعاني,roots-4662:ذكر:مقاييس — المحور,roots-4662:ذكر:الأساس — المجاز,ذَكَر,APPROVED,,
AR00495,قَضِيب,اسم جامد,119,10278,عضو التناسل من الذكر، ويستعمل في السياق الطبي.,قضب,فَعِيلٌ,roots-4662:قضب:المحكم — المعاني,roots-4662:قضب:مقاييس — المحور,roots-4662:قضب:الأساس — المجاز,قَضِيب,APPROVED,,
AR00496,سَاق,اسم جامد,119,11244,ما بين الركبة والقدم من الرجل.,سوق,فَعْلٌ,roots-4662:سوق:المحكم — المعاني,roots-4662:سوق:مقاييس — المحور,roots-4662:سوق:الأساس — المجاز,سَاق,APPROVED,,WAZN ← SIBAWAYH_EXISTS
AR00497,كَتِف,اسم جامد,119,14162,ملتقى العضد بالبدن من أعلى الظهر.,كتف,فَعِلٌ,roots-4662:كتف:المحكم — المعاني,roots-4662:كتف:مقاييس — المحور,roots-4662:كتف:الأساس — المجاز,كَتِف,APPROVED,,
AR00498,مَنْكِب,اسم جامد,119,14162,مجتمع رأس الكتف والعضد.,نكب,مَفْعِلٌ,roots-4662:نكب:المحكم — المعاني,roots-4662:نكب:مقاييس — المحور,roots-4662:نكب:الأساس — المجاز,مَنْكِب,APPROVED,,صيغته صيغة اسم المكان
AR00499,سِنّ,اسم جامد,119,15304,واحدة الأسنان الصلبة النابتة في الفم يُعضّ بها ويُمضغ.,سنن,فِعْلٌ,roots-4662:سنن:المحكم — المعاني,roots-4662:سنن:مقاييس — المحور,roots-4662:سنن:الأساس — المجاز,سِنّ,APPROVED,,
AR00500,رُكْبَة,اسم جامد,119,15974,موصل ما بين الفخذ والساق من الرجل.,ركب,فُعْلَةٌ,roots-4662:ركب:المحكم — المعاني,roots-4662:ركب:مقاييس — المحور,,رُكْبَة,APPROVED,,WAZN_L2_005 ← فُعْلٌ
AR00501,بُؤْبُؤ,اسم جامد,119,17298,الثقب الأسود في وسط العين تنفذ منه الرؤية.,بءبء,فُعْلُلٌ,v21:بأبأ:المحكم — المعاني,,,بُؤْبُؤ,APPROVED,,
AR00502,إِنْسَان العَيْن,تركيب,119,17298,المثال الذي يرى في سواد العين، ويراد به الحدقة.,,,,,,إِنْسَان العَيْن,APPROVED,,
AR00504,رِئَة,اسم جامد,119,18703,إحدى العضوين في الصدر يجري فيهما التنفس.,رءي,فِعَةٌ,roots-4662:رءي:المحكم — المعاني,roots-4662:رءي:مقاييس — المحور,roots-4662:رءي:الأساس — المجاز,رِئَة,APPROVED,,ويذكرها بعضهم في رءو | WAZN ← L2_015 المالك
AR00506,رُسْغ,اسم جامد,119,,المفصل بين الساعد والكف.,رسغ,فُعْلٌ,roots-4662:رسغ:المحكم — المعاني,roots-4662:رسغ:مقاييس — النص,roots-4662:رسغ:الأساس — المجاز,رُسْغ,APPROVED,,AR_ONLY
AR00508,خِنْصَر,اسم جامد,119,,أصغر أصابع اليد والقدم.,خنصر,فِعْلِلٌ,,,,خِنْصَر,APPROVED,,AR_ONLY
AR00510,غُرْفَة,اسم جامد,188,3159,حيّز من البناء تحيط به الجدران ويعلوه سقف ويُدخَل إليه من باب.,غرف,فُعْلَةٌ,roots-4662:غرف:المحكم — المعاني,roots-4662:غرف:مقاييس — النص,roots-4662:غرف:الأساس — المجاز,غُرْفَة,APPROVED,,WAZN_L2_005 ← فُعْلٌ
AR00511,حُجْرَة,اسم جامد,188,3159,بيت صغير من البناء محجور بجدران يسكنه المرء أو يخلو فيه.,حجر,فُعْلَةٌ,v21:حجر:المحكم — المعاني,v21:حجر:مقاييس — المحور,v21:حجر:الأساس — المجاز,حُجْرَة,APPROVED,,WAZN_L2_005 ← فُعْلٌ
AR00512,دِهْلِيز,اسم جامد,188,3160;3161;3186;3212,ممرّ أو حجرة صغيرة تُفضي إلى حجرة رئيسة.,دهلز,فِعْلِيلٌ (رباعي),,,,دِهْلِيز,APPROVED,,معرّب فارسي قديم مذكور في المعاجم تحت دهلز
AR00513,غُرْفَة اِنْتِظَار,تركيب,188,3161,حجرة صغيرة تتقدّم حجرة رئيسة يجلس فيها القادمون حتى يُؤذن لهم.,,,,,,غُرْفَة اِنْتِظَار,APPROVED,,
AR00514,مَرْسَم,اسم مكان,188,3162;3209,موضع يزاول فيه الفنان الرسم والتصوير.,رسم,مَفْعَلٌ,roots-4662:رسم:المحكم — المعاني,roots-4662:رسم:مقاييس — المحور,roots-4662:رسم:الأساس — المجاز,مَرْسَم,APPROVED,,POS_L2_007:MAKAN
AR00517,قَاعَة رَقْص,تركيب,188,3164,قاعة واسعة تُعَدّ لإقامة حفلات الرقص الرسمية.,,,,,,قَاعَة رَقْص,APPROVED,,
AR00518,قَبْو,اسم جامد,188,3165;3175,بناء معقود تحت مستوى الأرض في أسفل البيت يُتّخذ للخزن أو السكن.,قبو,فَعْلٌ,roots-4662:قبو:المحكم — المعاني,roots-4662:قبو:مقاييس — النص,,قَبْو,APPROVED,,
AR00519,سِرْدَاب,اسم جامد,188,3165;3175,بناء تحت الأرض يُنزَل إليه للخزن أو للاستتار.,سردب,فِعْلالٌ (رباعي),,,,سِرْدَاب,APPROVED,,معرّب فارسي قديم مذكور في المعاجم تحت سردب
AR00521,غُرْفَة نَوْم,تركيب,188,3167,غرفة في البيت مخصّصة للنوم.,,,,,,غُرْفَة نَوْم,APPROVED,,
AR00522,مَخْدَع,اسم مكان,188,3167;3168;3169;3181;3183,بيت صغير داخل البيت يُتّخذ للنوم.,خدع,مَفْعَلٌ,roots-4662:خدع:المحكم — المعاني,roots-4662:خدع:مقاييس — النص,roots-4662:خدع:الأساس — المجاز,مَخْدَع,APPROVED,,POS_L2_007:MAKAN؛ وفي المعاجم مُخْدَع ومِخْدَع أيضاً
AR00523,خِدْر,اسم جامد,188,3169,ناحية مستورة من البيت تُخصّ بها المرأة.,خدر,فِعْلٌ,roots-4662:خدر:المحكم — المعاني,roots-4662:خدر:مقاييس — المحور,roots-4662:خدر:الأساس — المجاز,خِدْر,APPROVED,,
AR00524,مَقْصَف,اسم مكان,188,3170,موضع في مؤسسة تعليمية يُباع فيه الطعام والشراب للطلبة.,قصف,مَفْعَلٌ,roots-4662:قصف:المحكم — المعاني,roots-4662:قصف:مقاييس — المحور,roots-4662:قصف:الأساس — المجاز,مَقْصَف,APPROVED,,POS_L2_007:MAKAN
AR00525,زِنْزَانَة,اسم جامد,188,3174,حجرة ضيّقة يُحبس فيها السجين.,,فِعْلَالَةٌ,,,,زِنْزَانَة,APPROVED,,ROOT_DEFER: مولّد حديث لا مدخل له في المعاجم القديمة؛ لم يُنسب إلى جذر دون حسم المالك | WAZN_L2_005 ← فِعْلَالٌ
AR00527,قَاعَة,اسم جامد,188,3176,حجرة واسعة في البناء تُعقد فيها المجالس والمناسبات.,قوع,فَعَلَةٌ,roots-4662:قوع:المحكم — المعاني,roots-4662:قوع:مقاييس — المحور,,قَاعَة,APPROVED,,معتلة العين | WAZN_L2_005 ← فَعَلٌ
AR00528,بَهْو,اسم جامد,188,3176;3184;3193;3204,حجرة فسيحة تُقام فيها المناسبات الرسمية.,بهو,فَعْلٌ,v21:بهو:المحكم — المعاني,v21:بهو:مقاييس — المحور,,بَهْو,APPROVED,,
AR00529,غُرْفَة الأَمَانَات,تركيب,188,3179,حجرة تُودَع فيها الأمتعة والمعاطف مؤقتاً لقاء أجر.,,,,,,غُرْفَة الأَمَانَات,APPROVED,,
AR00530,غُرْفَة الْمَعَاطِف,تركيب,188,3180,حجرة في مبنى عام تُترك فيها الملابس الخارجية والحقائب.,,,,,,غُرْفَة الْمَعَاطِف,APPROVED,,
AR00531,حُجَيْرَة,اسم جامد,188,3181,حجرة صغيرة جداً.,حجر,فُعَيْلَةٌ,v21:حجر:المحكم — المعاني,v21:حجر:مقاييس — المحور,v21:حجر:الأساس — المجاز,حُجَيْرَة,APPROVED,,تصغير حُجْرَة | WAZN ← L2_015 المالك
AR00532,مَمَرّ,اسم مكان,188,3182,مسلك طويل داخل البناء تنفتح عليه أبواب الحجرات.,مرر,مَفْعَلٌ,roots-4662:مرر:المحكم — المعاني,roots-4662:مرر:مقاييس — المحور,roots-4662:مرر:الأساس — المجاز,مَمَرّ,APPROVED,,POS_L2_007:MAKAN؛ أصله مَمْرَر
AR00533,رِوَاق,اسم جامد,188,3182;3200;3211,مسلك طويل في البناء تنفتح عليه الحجرات.,روق,فِعَالٌ,roots-4662:روق:المحكم — المعاني,roots-4662:روق:مقاييس — المحور,roots-4662:روق:الأساس — المجاز,رِوَاق,APPROVED,,
AR00534,خَلْوَة,اسم جامد,188,3183,حجرة خاصة ينفرد فيها المرء عن الناس.,خلو,فَعْلَةٌ,roots-4662:خلو:المحكم — المعاني,roots-4662:خلو:مقاييس — المحور,,خَلْوَة,APPROVED,,WAZN_L2_005 ← فَعْلٌ
AR00535,رَدْهَة,اسم جامد,188,3184;3193;3212,ساحة فسيحة عند مدخل مبنى عام كالفندق والمسرح.,رده,فَعْلَةٌ,roots-4662:رده:المحكم — المعاني,roots-4662:رده:مقاييس — المحور,,رَدْهَة,APPROVED,,WAZN_L2_005 ← فَعْلٌ
AR00536,مَدْخَل,اسم مكان,188,3186,الموضع الذي يلي الباب الخارجي من البيت.,دخل,مَفْعَلٌ,roots-4662:دخل:المحكم — المعاني,roots-4662:دخل:مقاييس — المحور,,مَدْخَل,APPROVED,,POS_L2_007:MAKAN
AR00538,مَخْزَن الطَّعَام,تركيب,188,3189;3197,حجرة صغيرة أو ركن تُحفظ فيه المؤونة وأدوات الأكل.,,,,,,مَخْزَن الطَّعَام,APPROVED,,
AR00539,مَغْسَلَة,اسم مكان,188,3190;14713,حجرة أو موضع تُغسل فيه الثياب والمفارش.,غسل,مَفْعَلَةٌ,roots-4662:غسل:المحكم — المعاني,roots-4662:غسل:مقاييس — المحور,roots-4662:غسل:الأساس — المجاز,مَغْسَلَة,APPROVED,,POS_L2_007:MAKAN | WAZN_L2_005 ← مَفْعَلٌ
AR00541,غُرْفَة الأَطْفَال,تركيب,188,3195,غرفة في البيت تُخصّ بالأطفال الصغار.,,,,,,غُرْفَة الأَطْفَال,APPROVED,,
AR00542,مَكْتَب,اسم مكان,188,3196,حجرة أو جناح يُزاوَل فيه العمل الإداري والكتابي.,كتب,مَفْعَلٌ,roots-4662:كتب:المحكم — المعاني,roots-4662:كتب:مقاييس — المحور,roots-4662:كتب:الأساس — المجاز,مَكْتَب,APPROVED,,POS_L2_007:MAKAN
AR00543,غُرْفَة الْجُلُوس,تركيب,188,3198;3222;3227,حجرة في البيت مؤثّثة للجلوس والراحة واستقبال الزوار.,,,,,,غُرْفَة الْجُلُوس,APPROVED,,
AR00545,غُرْفَة اللَّعِب,تركيب,188,3199;3226,غرفة في البيت تُخصّص للعب الأطفال.,,,,,,غُرْفَة اللَّعِب,APPROVED,,
AR00546,سَقِيفَة,اسم جامد,188,3200;3211,ظُلّة مسقوفة بارزة أمام مدخل البناء.,سقف,فَعِيلَةٌ,roots-4662:سقف:المحكم — المعاني,roots-4662:سقف:مقاييس — المحور,roots-4662:سقف:الأساس — المجاز,سَقِيفَة,APPROVED,,WAZN_L2_005 ← فَعِيلٌ
AR00547,قَاعَة الطَّعَام,تركيب,188,3201,قاعة يتناول فيها الجماعة طعامهم في مؤسسة تعليمية أو دينية.,,,,,,قَاعَة الطَّعَام,APPROVED,,
AR00548,مُسْتَوْدَع,اسم مكان,188,3202;3208,موضع تُحفظ فيه الأشياء وتُخزن.,ودع,مُسْتَفْعَلٌ,roots-4662:ودع:المحكم — المعاني,roots-4662:ودع:مقاييس — المحور,roots-4662:ودع:الأساس — المجاز,مُسْتَوْدَع,APPROVED,,POS_L2_007:MAKAN | WAZN ← L2_006 مف من اِسْتَفْعَلَ
AR00549,مَخْزَن,اسم مكان,188,3202;3208,حجرة تُخزن فيها الأمتعة والسلع.,خزن,مَفْعَلٌ,roots-4662:خزن:المحكم — المعاني,roots-4662:خزن:مقاييس — المحور,roots-4662:خزن:الأساس — المجاز,مَخْزَن,APPROVED,,POS_L2_007:MAKAN
AR00550,غُرْفَة الاِسْتِقْبَال,تركيب,188,3204,حجرة في البيت الكبير يُستقبل فيها الضيوف.,,,,,,غُرْفَة الاِسْتِقْبَال,APPROVED,,
AR00551,اِسْتُودْيُو,اسم جامد,188,3209,حجرة مجهّزة يُسجَّل فيها أو يُبثّ منها البرامج المرئية والمسموعة.,,,,,,اِسْتُودْيُو,APPROVED,,دخيل مستقر في الفصحى المعاصرة لمعنى غرفة البث؛ لا مفرد عربي بمعناه
AR00552,غُرْفَة الْمُطَالَعَة,تركيب,188,3210,حجرة في البيت تُخصّ بالقراءة والكتابة والبحث.,,,,,,غُرْفَة الْمُطَالَعَة,APPROVED,,
AR00554,قِسْم,اسم جامد,188,3213,جزء من المستشفى يُخصّ بفئة من المرضى.,قسم,فِعْلٌ,roots-4662:قسم:المحكم — المعاني,roots-4662:قسم:مقاييس — المحور,roots-4662:قسم:الأساس — المجاز,قِسْم,APPROVED,,
AR00555,غُرْفَة الْعَمَل,تركيب,188,3215,حجرة في البناء تُستعمل للعمل خاصة.,,,,,,غُرْفَة الْعَمَل,APPROVED,,
AR00557,قَاعَة الْوَلَائِم,تركيب,188,3217,قاعة في البناء معدّة لإقامة الولائم.,,,,,,قَاعَة الْوَلَائِم,APPROVED,,
AR00558,غُرْفَة الطَّعَام,تركيب,188,3218,غرفة في البيت أو الفندق تُتناول فيها الوجبات.,,,,,,غُرْفَة الطَّعَام,APPROVED,,
AR00559,غُرْفَة تَبْدِيل الْمَلَابِس,تركيب,188,3219,حجرة يبدّل فيها الممثلون أو اللاعبون ثيابهم.,,,,,,غُرْفَة تَبْدِيل الْمَلَابِس,APPROVED,,
AR00560,غُرْفَة الْمَعِيشَة,تركيب,188,3220;3222,غرفة في البيت يجتمع فيها أفراد الأسرة لشؤونهم اليومية.,,,,,,غُرْفَة الْمَعِيشَة,APPROVED,,
AR00561,غُرْفَة الضُّيُوف,تركيب,188,3221,غرفة في البيت أو الفندق تُعدّ لنوم الضيوف.,,,,,,غُرْفَة الضُّيُوف,APPROVED,,
AR00562,غُرْفَة النَّوْم الرَّئِيسِيَّة,تركيب,188,3223,غرفة النوم الكبرى في البيت المخصّصة لربّ الأسرة.,,,,,,غُرْفَة النَّوْم الرَّئِيسِيَّة,APPROVED,,
AR00563,حَمَّام السَّيِّدَات,تركيب,188,3224,دورة مياه مخصّصة للنساء في مبنى عام.,,,,,,حَمَّام السَّيِّدَات,APPROVED,,
AR00564,دَوْرَة الْمِيَاه,تركيب,188,3225;3233,حجرة فيها مرحاض ومغسلة لقضاء الحاجة.,,,,,,دَوْرَة الْمِيَاه,APPROVED,,
AR00566,مِرْحَاض,اسم مكان,188,3233,موضع قضاء الحاجة.,رحض,مِفْعَالٌ,roots-4662:رحض:المحكم — المعاني,roots-4662:رحض:مقاييس — المحور,roots-4662:رحض:الأساس — المجاز,مِرْحَاض,APPROVED,,POS_L2_007:MAKAN؛ على صيغة مِفْعال
AR00567,بُرْج الأَجْرَاس,تركيب,188,10113,الموضع من البرج الذي تُعلّق فيه الأجراس.,,,,,,بُرْج الأَجْرَاس,APPROVED,,
AR00570,مَذْبَح,اسم مكان,188,10918,الموضع المقدّس في المعبد الذي تُقام عليه الشعائر.,ذبح,مَفْعَلٌ,roots-4662:ذبح:المحكم — المعاني,roots-4662:ذبح:مقاييس — المحور,roots-4662:ذبح:الأساس — المجاز,مَذْبَح,APPROVED,,POS_L2_007:MAKAN
AR00571,غُرْفَة الْغَسِيل,تركيب,188,14713,حجرة في البيت تُغسل فيها الثياب.,,,,,,غُرْفَة الْغَسِيل,APPROVED,,
AR00573,دَوْر,اسم جامد,188,16421;17624,طبقة من طبقات البناء.,دور,فَعْلٌ,roots-4662:دور:المحكم — المعاني,roots-4662:دور:مقاييس — المحور,,دَوْر,APPROVED,,هذا المعنى مولّد معاصر
AR00575,سَطْح,اسم جامد,188,,أعلى البيت المكشوف الذي يُصعد إليه ويُجلس عليه.,سطح,فَعْلٌ,roots-4662:سطح:المحكم — المعاني,roots-4662:سطح:مقاييس — المحور,,سَطْح,APPROVED,,AR_ONLY
AR00580,مَنْزِل,اسم مكان,173,2999;3010;3012;3024,الموضع الذي ينزله المرء ويتخذه مسكناً دائماً.,نزل,مَفْعِلٌ,roots-4662:نزل:المحكم — المعاني,roots-4662:نزل:مقاييس — النص,roots-4662:نزل:الأساس — المجاز,مَنْزِل,APPROVED,,اسم مكان | POS_L2_007:MAKAN (من نص الملاحظة)
AR00581,دَار,اسم جامد,173,2999,البيت الجامع للبناء والساحة يقيم فيه المرء وأهله.,دور,فَعَلٌ,roots-4662:دور:المحكم — المعاني,roots-4662:دور:مقاييس — المحور,,دَار,APPROVED,,أصلها دَوَرٌ أُعِلّت العين
AR00582,بَيْت عَائِم,تركيب,173,3000,مسكنٌ مقام على قارب طافٍ على الماء يُتخذ للإقامة.,,,,,,بَيْت عَائِم,APPROVED,,لا مفرد فصيح مستقر؛ عَوّامة مصرية الاستعمال
AR00583,كَنِيسَة,اسم جامد,173,3001,معبد النصارى الذي يجتمعون فيه للصلاة.,كنس,فَعِيلَةٌ,roots-4662:كنس:المحكم — المعاني,roots-4662:كنس:مقاييس — المحور,roots-4662:كنس:الأساس — المجاز,كَنِيسَة,APPROVED,,قيل معرّب عن كِنِشْت؛ والمعاجم تذكرها في كنس | WAZN_L2_005 ← فَعِيلٌ
AR00586,قَلْعَة,اسم جامد,173,3005;13513;14009,بناءٌ ضخم محصّن يُتّخذ معقلاً للدفاع، يكون غالباً على مرتفع.,قلع,فَعْلَةٌ,roots-4662:قلع:المحكم — المعاني,roots-4662:قلع:مقاييس — المحور,,قَلْعَة,APPROVED,,WAZN_L2_005 ← فَعْلٌ
AR00589,مَهْجَع,اسم مكان,173,3009,بناءٌ أو مكانٌ ينام فيه جماعةٌ من الطلاب أو الجنود ونحوهم.,هجع,مَفْعَلٌ,roots-4662:هجع:المحكم — المعاني,roots-4662:هجع:مقاييس — المحور,roots-4662:هجع:الأساس — المجاز,مَهْجَع,APPROVED,,اسم مكان | POS_L2_007:MAKAN (من نص الملاحظة)
AR00590,مَسْكَن,اسم مكان,173,3010;3024;16811,البناء الذي يسكنه الإنسان ويستقر فيه.,سكن,مَفْعَلٌ,roots-4662:سكن:المحكم — المعاني,roots-4662:سكن:مقاييس — المحور,roots-4662:سكن:الأساس — المجاز,مَسْكَن,APPROVED,,اسم مكان | POS_L2_007:MAKAN (من نص الملاحظة)
AR00593,نُزُل,اسم جامد,173,3014;3015;3017;3022;3104,دارٌ تُهيَّأ لنزول المسافرين والضيوف بأجر.,نزل,فُعُلٌ,roots-4662:نزل:المحكم — المعاني,roots-4662:نزل:مقاييس — النص,roots-4662:نزل:الأساس — المجاز,نُزُل,APPROVED,,
AR00594,فُنْدُق,اسم جامد,173,3015,بناءٌ يقدّم المبيت والطعام للمسافرين والسائحين بأجر.,فندق,فُعْلُلٌ,,,,فُنْدُق,APPROVED,,قيل معرّب
AR00595,قَصْر,اسم جامد,173,3018;3021;3095;3116,دارٌ ضخمة فخمة البناء يسكنها الملوك والأعيان.,قصر,فَعْلٌ,roots-4662:قصر:المحكم — المعاني,roots-4662:قصر:مقاييس — المحور,roots-4662:قصر:الأساس — المجاز,قَصْر,APPROVED,,
AR00598,مَلْجَأ,اسم مكان,173,3028;3139,بناءٌ يُلجأ إليه للاحتماء من خطرٍ كالقصف ونحوه.,لجء,مَفْعَلٌ,roots-4662:لجء:المحكم — المعاني,roots-4662:لجء:مقاييس — النص,,مَلْجَأ,APPROVED,,اسم مكان | POS_L2_007:MAKAN (من نص الملاحظة)
AR00600,خَيْمَة,اسم جامد,173,3031;3128,بيتٌ من نسيج أو شعر يُنصب على أعمدة وأوتاد ويمكن نقله.,خيم,فَعْلَةٌ,roots-4662:خيم:المحكم — المعاني,roots-4662:خيم:مقاييس — المحور,,خَيْمَة,APPROVED,,WAZN_L2_005 ← فَعْلٌ
AR00602,فِيلَّا,اسم جامد,173,3032,دارٌ فسيحة مستقلة تحيط بها حديقة في حيّ سكني.,,,,,,فِيلَّا,APPROVED,,دخيل مستقر في الفصحى المعاصرة؛ لا مفرد عربي مستقر بمعناه
AR00604,قَاعَة,اسم جامد,173,3086;3100,حجرةٌ واسعة أو بناءٌ للاجتماعات والحفلات ونحوها.,قوع,فَعَلَةٌ,roots-4662:قوع:المحكم — المعاني,roots-4662:قوع:مقاييس — المحور,,قَاعَة,APPROVED,,معتلة العين | WAZN_L2_005 ← فَعَلٌ
AR00606,هُرْي,اسم جامد,173,3087,بيتٌ كبير تُخزَن فيه الحبوب.,هري,فُعْلٌ,roots-4662:هري:المحكم — المعاني,,,هُرْي,APPROVED,,
AR00607,ثُكْنَة,اسم جامد,173,3088;16811,مبنى أو مجموعة مبانٍ يقيم فيها الجنود.,ثكن,فُعْلَةٌ,v21:ثكن:المحكم — المعاني,v21:ثكن:مقاييس — المحور,,ثُكْنَة,APPROVED,,WAZN_L2_005 ← فُعْلٌ
AR00608,بُرْج الأَجْرَاس,تركيب,173,3091,برجٌ تُعلَّق فيه الأجراس، قائمٌ بنفسه غالباً.,,,,,,بُرْج الأَجْرَاس,APPROVED,,
AR00609,مَقْطُورَة,اسم مفعول,173,3092,عربةٌ مجهّزة للسكن تُجرّ خلف سيارة.,قطر,مَفْعُولَةٌ,roots-4662:قطر:المحكم — المعاني,roots-4662:قطر:مقاييس — النص,roots-4662:قطر:الأساس — المجاز,مَقْطُورَة,APPROVED,,WAZN_L2_005 ← مَفْعُولٌ
AR00610,خَان,اسم جامد,173,3093;3104,نُزُلٌ ذو فناء واسع ينزله المسافرون والقوافل.,,,,,,خَان,APPROVED,,معرّب فارسي مستقر في التراث؛ النُّزُل لا يخص ذا الفناء
AR00611,شَالِيه,اسم جامد,173,3094,بيتٌ خشبي صغير يُتّخذ للاصطياف أو العطلات.,,,,,,شَالِيه,APPROVED,,دخيل مستقر في الفصحى المعاصرة؛ لا مفرد عربي بمعناه
AR00612,مِرْآب,اسم جامد,173,3097,بناءٌ تُؤوى فيه السيارات.,,مِفْعَالٌ,,,,مِرْآب,APPROVED,,ROOT_DEFER: لفظ مجمعي اختُلف في جذره؛ لم يُنسب إلى جذر دون حسم المالك | WAZN ← SIBAWAYH_EXISTS
AR00614,دَفِيئَة,اسم جامد,173,3099,بيتٌ زجاجيّ يُزرع فيه ما يحتاج إلى الوقاية من البرد.,دفء,فَعِيلَةٌ,roots-4662:دفء:المحكم — المعاني,roots-4662:دفء:مقاييس — المحور,,دَفِيئَة,APPROVED,,WAZN_L2_005 ← فَعِيلٌ
AR00615,مَسْرَح,اسم مكان,173,3102;7105,بناءٌ تُعرض فيه التمثيليات والعروض الفنية.,سرح,مَفْعَلٌ,roots-4662:سرح:المحكم — المعاني,roots-4662:سرح:مقاييس — المحور,roots-4662:سرح:الأساس — المجاز,مَسْرَح,APPROVED,,اسم مكان | POS_L2_007:MAKAN (من نص الملاحظة)
AR00616,كُشْك,اسم جامد,173,3106,بناءٌ صغير مفتوح الواجهة تُباع منه الصحف والمرطّبات ونحوها.,,,,,,كُشْك,APPROVED,,معرّب فارسي مستقر؛ لا لفظ عربي بمعناه
AR00617,مَنَارَة,اسم جامد,173,3107,برجٌ في أعلاه نورٌ يهتدي به الملاحون في البحر.,نور,مَفْعَلَةٌ,roots-4662:نور:المحكم — المعاني,roots-4662:نور:مقاييس — المحور,,مَنَارَة,APPROVED,,WAZN_L2_005 ← مَفْعَلٌ
AR00618,مُجَمَّع تِجَارِيّ,تركيب,173,3109,بناءٌ كبير مغلق يضمّ متاجر كثيرة يتسوّق فيها الناس.,,,,,,مُجَمَّع تِجَارِيّ,APPROVED,,
AR00619,مَسْجِد,اسم مكان,173,3112,بيتٌ يجتمع فيه المسلمون للصلاة.,سجد,مَفْعِلٌ,roots-4662:سجد:المحكم — المعاني,roots-4662:سجد:مقاييس — المحور,roots-4662:سجد:الأساس — المجاز,مَسْجِد,APPROVED,,اسم مكان | POS_L2_007:MAKAN (من نص الملاحظة)
AR00621,مُلْحَق,اسم مفعول,173,3113;3114,بناءٌ أصغر تابعٌ لبناءٍ رئيس قائمٌ في ساحته أو ملاصقٌ له.,لحق,مُفْعَلٌ,roots-4662:لحق:المحكم — المعاني,roots-4662:لحق:مقاييس — المحور,roots-4662:لحق:الأساس — المجاز,مُلْحَق,APPROVED,,
AR00623,هَرَم,اسم جامد,173,3119,بناءٌ حجري ضخم مربّع القاعدة تلتقي جوانبه المائلة في رأس، اتُّخذ قبوراً للملوك.,هرم,فَعَلٌ,roots-4662:هرم:المحكم — المعاني,roots-4662:هرم:مقاييس — المحور,roots-4662:هرم:الأساس — المجاز,هَرَم,APPROVED,,
AR00624,سَقِيفَة,اسم جامد,173,3122,بناءٌ بسيط ذو سقف يُستظل به وتُحفظ فيه الأدوات أو الدواب.,سقف,فَعِيلَةٌ,roots-4662:سقف:المحكم — المعاني,roots-4662:سقف:مقاييس — المحور,roots-4662:سقف:الأساس — المجاز,سَقِيفَة,APPROVED,,WAZN_L2_005 ← فَعِيلٌ
AR00625,نَاطِحَة سَحَاب,تركيب,173,3123;16773,بناءٌ شاهق الارتفاع كثير الطبقات.,,,,,,نَاطِحَة سَحَاب,APPROVED,,
AR00626,إِصْطَبْل,اسم جامد,173,3124,بيتٌ تُؤوى فيه الخيل والدواب.,,,,,,إِصْطَبْل,APPROVED,,دخيل قديم مستقر؛ المَرْبِط موضع الربط لا البناء
AR00627,مَلْعَب,اسم مكان,173,3125,ساحةٌ للألعاب الرياضية تحيط بها مدرّجات للمتفرّجين.,لعب,مَفْعَلٌ,roots-4662:لعب:المحكم — المعاني,roots-4662:لعب:مقاييس — المحور,roots-4662:لعب:الأساس — المجاز,مَلْعَب,APPROVED,,اسم مكان | POS_L2_007:MAKAN (من نص الملاحظة)
AR00629,كَنِيس,اسم جامد,173,3127,معبد اليهود الذي يجتمعون فيه للعبادة والتعليم.,كنس,فَعِيلٌ,roots-4662:كنس:المحكم — المعاني,roots-4662:كنس:مقاييس — المحور,roots-4662:كنس:الأساس — المجاز,كَنِيس,APPROVED,,
AR00630,حَانَة,اسم جامد,173,3129;10228;14926,موضعٌ تُباع فيه الخمر وتُقدَّم فيه المشروبات.,حون,فَعَلَةٌ,v21:حون:المحكم — المعاني,,,حَانَة,APPROVED,,معتلة العين؛ وتُذكر أيضاً في حين | WAZN_L2_005 ← فَعَلٌ
AR00632,مَخْزَن,اسم مكان,173,3135,بناءٌ كبير تُحفظ فيه البضائع والمواد.,خزن,مَفْعَلٌ,roots-4662:خزن:المحكم — المعاني,roots-4662:خزن:مقاييس — المحور,roots-4662:خزن:الأساس — المجاز,مَخْزَن,APPROVED,,اسم مكان | POS_L2_007:MAKAN (من نص الملاحظة)
AR00633,مُسْتَوْدَع,اسم جامد,173,3135,بناءٌ كبير تُودَع فيه البضائع والمواد.,ودع,مُسْتَفْعَلٌ,roots-4662:ودع:المحكم — المعاني,roots-4662:ودع:مقاييس — المحور,roots-4662:ودع:الأساس — المجاز,مُسْتَوْدَع,APPROVED,,WAZN ← L2_006 مف من اِسْتَفْعَلَ
AR00636,دَار البَلَدِيَّة,تركيب,173,10229,البناء الذي تقوم فيه الدوائر الإدارية لحكومة المدينة.,,,,,,دَار البَلَدِيَّة,APPROVED,,
AR00637,مَرْقَص,اسم مكان,173,10230;10231,ملهىً يُرقص فيه على الموسيقى.,رقص,مَفْعَلٌ,roots-4662:رقص:المحكم — المعاني,roots-4662:رقص:مقاييس — المحور,roots-4662:رقص:الأساس — المجاز,مَرْقَص,APPROVED,,اسم مكان | POS_L2_007:MAKAN (من نص الملاحظة)
AR00638,مَكْتَبَة,اسم جامد,173,10232,بناءٌ أو حجرةٌ تُجمع فيها الكتب والدوريات للمطالعة.,كتب,مَفْعَلَةٌ,roots-4662:كتب:المحكم — المعاني,roots-4662:كتب:مقاييس — المحور,roots-4662:كتب:الأساس — المجاز,مَكْتَبَة,APPROVED,,WAZN_L2_005 ← مَفْعَلٌ
AR00643,مُنْشَأَة,اسم مفعول,173,10921,بناءٌ أو منشأٌ ثابت أُقيم لغرض معيّن.,نشء,مُفْعَلَةٌ,roots-4662:نشء:المحكم — المعاني,roots-4662:نشء:مقاييس — المحور,,مُنْشَأَة,APPROVED,,WAZN_L2_005 ← مُفْعَلٌ
AR00644,إِسْكَان,مصدر,173,12613,المساكن من بيوت وشقق منظوراً إليها جملةً.,سكن,إِفْعَالٌ,roots-4662:سكن:المحكم — المعاني,roots-4662:سكن:مقاييس — المحور,roots-4662:سكن:الأساس — المجاز,إِسْكَان,APPROVED,,
AR00647,رِبَاط,اسم جامد,173,,بناءٌ محصّن على الثغور يرابط فيه المجاهدون والمتعبّدون.,ربط,فِعَالٌ,roots-4662:ربط:المحكم — المعاني,roots-4662:ربط:مقاييس — المحور,roots-4662:ربط:الأساس — المجاز,رِبَاط,APPROVED,,AR_ONLY
AR00650,زَاوِيَة,اسم جامد,173,,بناءٌ صغير يتخذه أهل التصوف للعبادة والتعليم.,زوي,فَاعِلَةٌ,roots-4662:زوي:المحكم — المعاني,roots-4662:زوي:مقاييس — المحور,,زَاوِيَة,APPROVED,,AR_ONLY | WAZN_L2_005 ← فَاعِلٌ
AR00652,أُسْبُوع,اسم جامد,229,3947,مدة من الزمن تتألف من سبعة أيام متوالية.,سبع,أُفْعُولٌ,roots-4662:سبع:المحكم — المعاني,roots-4662:سبع:مقاييس — المحور,roots-4662:سبع:الأساس — المجاز,أُسْبُوع,APPROVED,,
AR00653,فَجْر,اسم جامد,229,3948;3955,أول ضوء النهار حين ينشق عنه ظلام الليل.,فجر,فَعْلٌ,roots-4662:فجر:المحكم — المعاني,roots-4662:فجر:مقاييس — المحور,roots-4662:فجر:الأساس — المجاز,فَجْر,APPROVED,,
AR00654,يَوْمُ عَمَلٍ,تركيب,229,3951,يوم من أيام الأسبوع غير يومي العطلة.,,,,,,يَوْمُ عَمَلٍ,APPROVED,,
AR00655,نِهَايَةُ الْأُسْبُوعِ,تركيب,229,3952,يوما العطلة في آخر الأسبوع.,,,,,,نِهَايَةُ الْأُسْبُوعِ,APPROVED,,تركيب حادث
AR00656,فَلَق,اسم جامد,229,3955,ضوء الصبح حين ينفلق عنه الليل.,فلق,فَعَلٌ,roots-4662:فلق:المحكم — المعاني,roots-4662:فلق:مقاييس — المحور,roots-4662:فلق:الأساس — المجاز,فَلَق,APPROVED,,
AR00663,أَرْبِعَاء,اسم جامد,229,3996,اليوم الواقع بعد الثلاثاء وقبل الخميس.,ربع,أَفْعِلَاءُ (جمع),roots-4662:ربع:المحكم — المعاني,roots-4662:ربع:مقاييس — المحور,roots-4662:ربع:الأساس — المجاز,أَرْبِعَاء,APPROVED,,يلزمه التعريف بأل | WAZN ← SIBAWAYH_EXISTS
AR00664,خَمِيس,اسم جامد,229,3997,اليوم الواقع بعد الأربعاء وقبل الجمعة.,خمس,فَعِيلٌ,roots-4662:خمس:المحكم — المعاني,roots-4662:خمس:مقاييس — المحور,roots-4662:خمس:الأساس — المجاز,خَمِيس,APPROVED,,يلزمه التعريف بأل
AR00666,سَبْت,اسم جامد,229,4000,اليوم الواقع بعد الجمعة وقبل الأحد.,سبت,فَعْلٌ,roots-4662:سبت:المحكم — المعاني,roots-4662:سبت:مقاييس — المحور,,سَبْت,APPROVED,,
AR00670,مُنْتَصَفُ النَّهَارِ,تركيب,229,4059,الوقت الواقع في وسط النهار.,,,,,,مُنْتَصَفُ النَّهَارِ,APPROVED,,
AR00672,بَعْدَ الظُّهْرِ,تركيب,229,4060,الوقت الممتد من زوال الشمس إلى المساء.,,,,,,بَعْدَ الظُّهْرِ,APPROVED,,
AR00673,غَسَق,اسم جامد,229,4061;4066,أول ظلمة الليل بعد غروب الشمس.,غسق,فَعَلٌ,roots-4662:غسق:المحكم — المعاني,roots-4662:غسق:مقاييس — المحور,roots-4662:غسق:الأساس — المجاز,غَسَق,APPROVED,,
AR00675,مَسَاء,اسم جامد,229,4062,الوقت من الظهر أو العصر إلى أول الليل.,مسو,فَعَالٍ,roots-4662:مسو:المحكم — المعاني,,,مَسَاء,APPROVED,,في اللسان تحت مسا | WAZN ← SIBAWAYH_EXISTS
AR00680,مُنْتَصَفُ اللَّيْلِ,تركيب,229,4065,الوقت الواقع في وسط الليل.,,,,,,مُنْتَصَفُ اللَّيْلِ,APPROVED,,
AR00683,سَنَة,اسم جامد,229,4074,مدة من الزمن قدرها اثنا عشر شهراً.,سنو,فَعَةٌ,roots-4662:سنو:المحكم — المعاني,,roots-4662:سنو:الأساس — المجاز,سَنَة,APPROVED,,في اللسان تحت سنا وسنه | WAZN ← L2_015 المالك
AR00685,سَنَةٌ مِيلَادِيَّةٌ,تركيب,229,4078,السنة من أول كانون الثاني إلى آخر كانون الأول.,,,,,,سَنَةٌ مِيلَادِيَّةٌ,APPROVED,,
AR00687,كَانُونُ الثَّانِي,تركيب,229,4643,الشهر الأول من السنة الميلادية.,,,,,,كَانُونُ الثَّانِي,APPROVED,,اسم الشهر في التقويم المستعمل في المشرق (أصله سرياني)؛ لفظ دخيل مستقر لا مقابل عربي أصيل له
AR00688,يَنَايِر,اسم جامد,229,4643,الشهر الأول من السنة الميلادية.,,,,,,يَنَايِر,APPROVED,,الاسم المعرّب عن اللاتينية المستعمل في مصر والمغرب؛ لفظ دخيل مستقر لا مقابل عربي أصيل له
AR00689,شُبَاط,اسم جامد,229,4644,الشهر الثاني من السنة الميلادية.,,,,,,شُبَاط,APPROVED,,اسم الشهر في التقويم المستعمل في المشرق (أصله سرياني)؛ لفظ دخيل مستقر لا مقابل عربي أصيل له
AR00690,فِبْرَايِر,اسم جامد,229,4644,الشهر الثاني من السنة الميلادية.,,,,,,فِبْرَايِر,APPROVED,,الاسم المعرّب عن اللاتينية المستعمل في مصر والمغرب؛ لفظ دخيل مستقر لا مقابل عربي أصيل له
AR00691,آذَار,اسم جامد,229,4645,الشهر الثالث من السنة الميلادية.,,,,,,آذَار,APPROVED,,اسم الشهر في التقويم المستعمل في المشرق (أصله سرياني)؛ لفظ دخيل مستقر لا مقابل عربي أصيل له
AR00692,مَارِس,اسم جامد,229,4645,الشهر الثالث من السنة الميلادية.,,,,,,مَارِس,APPROVED,,الاسم المعرّب عن اللاتينية المستعمل في مصر والمغرب؛ لفظ دخيل مستقر لا مقابل عربي أصيل له
AR00693,نَيْسَان,اسم جامد,229,4646,الشهر الرابع من السنة الميلادية.,,,,,,نَيْسَان,APPROVED,,اسم الشهر في التقويم المستعمل في المشرق (أصله سرياني)؛ لفظ دخيل مستقر لا مقابل عربي أصيل له
AR00694,أَبْرِيل,اسم جامد,229,4646,الشهر الرابع من السنة الميلادية.,,,,,,أَبْرِيل,APPROVED,,الاسم المعرّب عن اللاتينية المستعمل في مصر والمغرب؛ لفظ دخيل مستقر لا مقابل عربي أصيل له
AR00695,أَيَّار,اسم جامد,229,4647,الشهر الخامس من السنة الميلادية.,,,,,,أَيَّار,APPROVED,,اسم الشهر في التقويم المستعمل في المشرق (أصله سرياني)؛ لفظ دخيل مستقر لا مقابل عربي أصيل له
AR00696,مَايُو,اسم جامد,229,4647,الشهر الخامس من السنة الميلادية.,,,,,,مَايُو,APPROVED,,الاسم المعرّب عن اللاتينية المستعمل في مصر والمغرب؛ لفظ دخيل مستقر لا مقابل عربي أصيل له
AR00697,حَزِيرَان,اسم جامد,229,4648,الشهر السادس من السنة الميلادية.,,,,,,حَزِيرَان,APPROVED,,اسم الشهر في التقويم المستعمل في المشرق (أصله سرياني)؛ لفظ دخيل مستقر لا مقابل عربي أصيل له
AR00698,يُونْيُو,اسم جامد,229,4648,الشهر السادس من السنة الميلادية.,,,,,,يُونْيُو,APPROVED,,الاسم المعرّب عن اللاتينية المستعمل في مصر والمغرب؛ لفظ دخيل مستقر لا مقابل عربي أصيل له
AR00699,تَمُّوز,اسم جامد,229,4649,الشهر السابع من السنة الميلادية.,,,,,,تَمُّوز,APPROVED,,اسم الشهر في التقويم المستعمل في المشرق (أصله سرياني)؛ لفظ دخيل مستقر لا مقابل عربي أصيل له
AR00700,يُولْيُو,اسم جامد,229,4649,الشهر السابع من السنة الميلادية.,,,,,,يُولْيُو,APPROVED,,الاسم المعرّب عن اللاتينية المستعمل في مصر والمغرب؛ لفظ دخيل مستقر لا مقابل عربي أصيل له
AR00701,آب,اسم جامد,229,4650,الشهر الثامن من السنة الميلادية.,,,,,,آب,APPROVED,,اسم الشهر في التقويم المستعمل في المشرق (أصله سرياني)؛ لفظ دخيل مستقر لا مقابل عربي أصيل له
AR00702,أُغُسْطُس,اسم جامد,229,4650,الشهر الثامن من السنة الميلادية.,,,,,,أُغُسْطُس,APPROVED,,الاسم المعرّب عن اللاتينية المستعمل في مصر والمغرب؛ لفظ دخيل مستقر لا مقابل عربي أصيل له
AR00703,أَيْلُول,اسم جامد,229,4651,الشهر التاسع من السنة الميلادية.,,,,,,أَيْلُول,APPROVED,,اسم الشهر في التقويم المستعمل في المشرق (أصله سرياني)؛ لفظ دخيل مستقر لا مقابل عربي أصيل له
AR00704,سِبْتَمْبِر,اسم جامد,229,4651,الشهر التاسع من السنة الميلادية.,,,,,,سِبْتَمْبِر,APPROVED,,الاسم المعرّب عن اللاتينية المستعمل في مصر والمغرب؛ لفظ دخيل مستقر لا مقابل عربي أصيل له
AR00705,تِشْرِينُ الْأَوَّلُ,تركيب,229,4652,الشهر العاشر من السنة الميلادية.,,,,,,تِشْرِينُ الْأَوَّلُ,APPROVED,,اسم الشهر في التقويم المستعمل في المشرق (أصله سرياني)؛ لفظ دخيل مستقر لا مقابل عربي أصيل له
AR00706,أُكْتُوبَر,اسم جامد,229,4652,الشهر العاشر من السنة الميلادية.,,,,,,أُكْتُوبَر,APPROVED,,الاسم المعرّب عن اللاتينية المستعمل في مصر والمغرب؛ لفظ دخيل مستقر لا مقابل عربي أصيل له
AR00707,تِشْرِينُ الثَّانِي,تركيب,229,4653,الشهر الحادي عشر من السنة الميلادية.,,,,,,تِشْرِينُ الثَّانِي,APPROVED,,اسم الشهر في التقويم المستعمل في المشرق (أصله سرياني)؛ لفظ دخيل مستقر لا مقابل عربي أصيل له
AR00708,نُوفَمْبِر,اسم جامد,229,4653,الشهر الحادي عشر من السنة الميلادية.,,,,,,نُوفَمْبِر,APPROVED,,الاسم المعرّب عن اللاتينية المستعمل في مصر والمغرب؛ لفظ دخيل مستقر لا مقابل عربي أصيل له
AR00709,كَانُونُ الْأَوَّلُ,تركيب,229,4654,الشهر الثاني عشر من السنة الميلادية.,,,,,,كَانُونُ الْأَوَّلُ,APPROVED,,اسم الشهر في التقويم المستعمل في المشرق (أصله سرياني)؛ لفظ دخيل مستقر لا مقابل عربي أصيل له
AR00710,دِيسَمْبِر,اسم جامد,229,4654,الشهر الثاني عشر من السنة الميلادية.,,,,,,دِيسَمْبِر,APPROVED,,الاسم المعرّب عن اللاتينية المستعمل في مصر والمغرب؛ لفظ دخيل مستقر لا مقابل عربي أصيل له
AR00712,سَنَةٌ كَبِيسَةٌ,تركيب,229,4764,سنة تزيد يوماً فتكون ثلاثمئة وستة وستين يوماً.,,,,,,سَنَةٌ كَبِيسَةٌ,APPROVED,,
AR00716,رَبِيع,اسم جامد,229,5139,الفصل الذي يلي الشتاء ويسبق الصيف ويطلع فيه النبات.,ربع,فَعِيلٌ,roots-4662:ربع:المحكم — المعاني,roots-4662:ربع:مقاييس — المحور,roots-4662:ربع:الأساس — المجاز,رَبِيع,APPROVED,,
AR00718,سَاعَة,اسم جامد,229,5142,جزء من أربعة وعشرين جزءاً من اليوم والليلة.,سوع,فَعْلَةٌ,roots-4662:سوع:المحكم — المعاني,roots-4662:سوع:مقاييس — المحور,,سَاعَة,APPROVED,,في اللسان تحت سوع | WAZN_L2_005 ← فَعْلٌ
AR00719,دَقِيقَة,اسم جامد,229,5143,جزء من ستين جزءاً من الساعة.,دقق,فَعِيلَةٌ,roots-4662:دقق:المحكم — المعاني,roots-4662:دقق:مقاييس — المحور,roots-4662:دقق:الأساس — المجاز,دَقِيقَة,APPROVED,,دلالة الوحدة الزمنية حادثة | WAZN_L2_005 ← فَعِيلٌ
AR00721,خَرِيف,اسم جامد,229,5185,الفصل الذي يلي الصيف ويسبق الشتاء.,خرف,فَعِيلٌ,roots-4662:خرف:المحكم — المعاني,roots-4662:خرف:مقاييس — المحور,,خَرِيف,APPROVED,,
AR00722,عَامٌ دِرَاسِيٌّ,تركيب,229,7345,المدة التي تنعقد فيها الدراسة من أولها إلى عطلتها الصيفية.,,,,,,عَامٌ دِرَاسِيٌّ,APPROVED,,
AR00723,رُبْع,اسم جامد,229,13729,مدة ثلاثة أشهر من السنة.,ربع,فُعْلٌ,roots-4662:ربع:المحكم — المعاني,roots-4662:ربع:مقاييس — المحور,roots-4662:ربع:الأساس — المجاز,رُبْع,APPROVED,,يقال الربع الأول من السنة
AR00726,سَاعَةُ الذُّرْوَةِ,تركيب,229,14391,وقت اشتداد ازدحام السير في أول يوم العمل وآخره.,,,,,,سَاعَةُ الذُّرْوَةِ,APPROVED,,تركيب حادث
AR00728,قَرْن,اسم جامد,229,14795,مدة من الزمن قدرها مئة سنة.,قرن,فَعْلٌ,roots-4662:قرن:المحكم — المعاني,roots-4662:قرن:مقاييس — المحور,,قَرْن,APPROVED,,
AR00732,ذَاتَ يَوْمٍ,تركيب,229,16882,في يوم ما غير معيّن.,,,,,,ذَاتَ يَوْمٍ,APPROVED,,
AR00733,يَوْمًا مَا,تركيب,229,16882,في يوم غير معيّن من الماضي أو المستقبل.,,,,,,يَوْمًا مَا,APPROVED,,
AR00734,ضُحَى,اسم جامد,229,,ارتفاع النهار بعد طلوع الشمس.,ضحو,فُعَلٌ,v21:ضحو:المحكم — المعاني,,v21:ضحو:الأساس — المجاز,ضُحَى,APPROVED,,AR_ONLY
AR00735,سَحَر,اسم جامد,229,,آخر الليل قبيل الفجر.,سحر,فَعَلٌ,roots-4662:سحر:المحكم — المعاني,roots-4662:سحر:مقاييس — المحور,roots-4662:سحر:الأساس — المجاز,سَحَر,APPROVED,,AR_ONLY
AR00737,هَزِيع,اسم جامد,229,,طائفة من الليل نحو ثلثه أو ربعه.,هزع,فَعِيلٌ,roots-4662:هزع:المحكم — المعاني,roots-4662:هزع:مقاييس — المحور,,هَزِيع,APPROVED,,AR_ONLY
AR00742,كَوَى,فعل,112,2249,أحرق جلد غيره بحديدة محمّاة أو نحوها.,كوي,فَعَلَ,roots-4662:كوي:المحكم — المعاني,roots-4662:كوي:مقاييس — المحور,roots-4662:كوي:الأساس — المجاز,كَوَى,APPROVED,,الجذر في اللسان كوى
AR00743,هَرَا,فعل,112,2250;2251;2325,ضرب غيره بالهراوة وهي العصا الغليظة.,هرو,فَعَلَ,roots-4662:هرو:المحكم — المعاني,roots-4662:هرو:مقاييس — النص,,هَرَا,APPROVED,,في اللسان: هَرَوْتُه بالهِراوة ضربته بها؛ وهو قليل الاستعمال
AR00744,سَحَقَ,فعل,112,2256;5996,ضغط على الشيء ضغطاً شديداً حتى فتّته أو هشّمه.,سحق,فَعَلَ,roots-4662:سحق:المحكم — المعاني,roots-4662:سحق:مقاييس — المحور,roots-4662:سحق:الأساس — المجاز,سَحَقَ,APPROVED,,
AR00745,رَضَّ,فعل,112,2256;2352,دقّ الجسد أو العضو دقاً يكسره أو يترك فيه أثراً دون أن يُدميه.,رضض,فَعَلَ,roots-4662:رضض:المحكم — المعاني,roots-4662:رضض:مقاييس — المحور,roots-4662:رضض:الأساس — المجاز,رَضَّ,APPROVED,,
AR00750,رَفَسَ,فعل,112,2271,ضرب غيره بقدمه ضربة شديدة.,رفس,فَعَلَ,roots-4662:رفس:المحكم — المعاني,roots-4662:رفس:مقاييس — النص,,رَفَسَ,APPROVED,,
AR00751,رَكَلَ,فعل,112,2271,ضرب غيره برجله.,ركل,فَعَلَ,roots-4662:ركل:المحكم — المعاني,roots-4662:ركل:مقاييس — المحور,,رَكَلَ,APPROVED,,
AR00752,لَكَمَ,فعل,112,2274;8424;12048,ضرب غيره بقبضة يده.,لكم,فَعَلَ,roots-4662:لكم:المحكم — المعاني,roots-4662:لكم:مقاييس — النص,roots-4662:لكم:الأساس — المجاز,لَكَمَ,APPROVED,,
AR00753,وَكَزَ,فعل,112,2274,ضرب غيره بجُمع كفّه.,وكز,فَعَلَ,roots-4662:وكز:المحكم — المعاني,roots-4662:وكز:مقاييس — النص,,وَكَزَ,APPROVED,,
AR00755,هَشَّمَ,فعل,112,2275,كسر الشيء الصلب كسراً شديداً متكرراً.,هشم,فَعَّلَ,roots-4662:هشم:المحكم — المعاني,roots-4662:هشم:مقاييس — المحور,roots-4662:هشم:الأساس — المجاز,هَشَّمَ,APPROVED,,
AR00756,رَمَحَ,فعل,112,2309,طعن غيره بالرمح.,رمح,فَعَلَ,roots-4662:رمح:المحكم — المعاني,roots-4662:رمح:مقاييس — النص,,رَمَحَ,APPROVED,,في اللسان: رَمَحَه طعنه بالرمح
AR00757,رَجَمَ,فعل,112,2310,رمى غيره بالحجارة ليؤذيه أو يقتله.,رجم,فَعَلَ,roots-4662:رجم:المحكم — المعاني,roots-4662:رجم:مقاييس — المحور,roots-4662:رجم:الأساس — المجاز,رَجَمَ,APPROVED,,
AR00759,أَوْجَعَ,فعل,112,2311,أحدث في غيره ألماً.,وجع,أَفْعَلَ,roots-4662:وجع:المحكم — المعاني,roots-4662:وجع:مقاييس — النص,,أَوْجَعَ,APPROVED,,
AR00760,آلَمَ,فعل,112,2311,أوقع بغيره الألم.,ءلم,أَفْعَلَ,v21:ألم:المحكم — المعاني,v21:ألم:مقاييس — المحور,,آلَمَ,APPROVED,,الجذر في اللسان ألم
AR00762,سَاطَ,فعل,112,2312;2357;2374,ضرب غيره بالسوط.,سوط,فَعَلَ,roots-4662:سوط:المحكم — المعاني,roots-4662:سوط:مقاييس — المحور,roots-4662:سوط:الأساس — المجاز,سَاطَ,APPROVED,,في اللسان: ساطه بالسوط يسوطه
AR00763,كَسَرَ,فعل,112,2315;2327,أحدث في العظم أو الشيء الصلب صدعاً أو فصلاً.,كسر,فَعَلَ,roots-4662:كسر:المحكم — المعاني,roots-4662:كسر:مقاييس — المحور,roots-4662:كسر:الأساس — المجاز,كَسَرَ,APPROVED,,
AR00764,نَطَحَ,فعل,112,2317,ضرب غيره برأسه أو بقرنه.,نطح,فَعَلَ,roots-4662:نطح:المحكم — المعاني,roots-4662:نطح:مقاييس — المحور,roots-4662:نطح:الأساس — المجاز,نَطَحَ,APPROVED,,
AR00765,خَدَشَ,فعل,112,2321;15135,مزّق الجلد قليلاً بظفر أو مخلب أو نحوهما.,خدش,فَعَلَ,roots-4662:خدش:المحكم — المعاني,roots-4662:خدش:مقاييس — المحور,roots-4662:خدش:الأساس — المجاز,خَدَشَ,APPROVED,,
AR00766,خَمَشَ,فعل,112,2321,خدش الوجه أو الجلد بالأظفار.,خمش,فَعَلَ,roots-4662:خمش:المحكم — المعاني,roots-4662:خمش:مقاييس — المحور,roots-4662:خمش:الأساس — المجاز,خَمَشَ,APPROVED,,
AR00767,لَطَمَ,فعل,112,2322;2326;2371;2375;6054,ضرب الخدّ أو الوجه بباطن الكف.,لطم,فَعَلَ,roots-4662:لطم:المحكم — المعاني,roots-4662:لطم:مقاييس — المحور,roots-4662:لطم:الأساس — المجاز,لَطَمَ,APPROVED,,
AR00769,هَشَمَ,فعل,112,2327,كسر العظم أو الرأس.,هشم,فَعَلَ,roots-4662:هشم:المحكم — المعاني,roots-4662:هشم:مقاييس — المحور,roots-4662:هشم:الأساس — المجاز,هَشَمَ,APPROVED,,
AR00772,وَخَزَ,فعل,112,2350,طعن غيره طعناً خفيفاً بشيء محدّد الطرف.,وخز,فَعَلَ,roots-4662:وخز:المحكم — المعاني,roots-4662:وخز:مقاييس — النص,roots-4662:وخز:الأساس — المجاز,وَخَزَ,APPROVED,,
AR00773,نَخَسَ,فعل,112,2350,غرز في جسد غيره طرف عود أو نحوه بسرعة.,نخس,فَعَلَ,roots-4662:نخس:المحكم — المعاني,roots-4662:نخس:مقاييس — المحور,roots-4662:نخس:الأساس — المجاز,نَخَسَ,APPROVED,,
AR00774,نَهَشَ,فعل,112,2359,تناول اللحم بالأنياب أو المخالب فجرحه وقطعه.,نهش,فَعَلَ,,roots-4662:نهش:مقاييس — النص,,نَهَشَ,APPROVED,,
AR00775,مَزَّقَ,فعل,112,2359,قطّع الجسد أو الجلد قطعاً متفرقة.,مزق,فَعَّلَ,roots-4662:مزق:المحكم — المعاني,roots-4662:مزق:مقاييس — المحور,roots-4662:مزق:الأساس — المجاز,مَزَّقَ,APPROVED,,
AR00776,رَمَى,فعل,112,2360,قذف غيره بشيء ليصيبه.,رمي,فَعَلَ,roots-4662:رمي:المحكم — المعاني,roots-4662:رمي:مقاييس — النص,roots-4662:رمي:الأساس — المجاز,رَمَى,APPROVED,,الجذر في اللسان رمى
AR00777,رَشَقَ,فعل,112,2360,رمى غيره بالسهام أو الحجارة متتابعة.,رشق,فَعَلَ,roots-4662:رشق:المحكم — المعاني,roots-4662:رشق:مقاييس — المحور,roots-4662:رشق:الأساس — المجاز,رَشَقَ,APPROVED,,
AR00778,هَرَسَ,فعل,112,5996,دقّ الشيء وضغطه حتى تفتّت.,هرس,فَعَلَ,roots-4662:هرس:المحكم — المعاني,roots-4662:هرس:مقاييس — المحور,roots-4662:هرس:الأساس — المجاز,هَرَسَ,APPROVED,,
AR00779,رَكَبَ,فعل,112,7026,ضرب غيره بركبته.,ركب,فَعَلَ,roots-4662:ركب:المحكم — المعاني,roots-4662:ركب:مقاييس — المحور,,رَكَبَ,APPROVED,,في اللسان: رَكَبَه يَرْكُبُه ضربه بركبته؛ قليل الاستعمال
AR00780,كَلَمَ,فعل,112,7950,جرح غيره.,كلم,فَعَلَ,roots-4662:كلم:المحكم — المعاني,roots-4662:كلم:مقاييس — المحور,roots-4662:كلم:الأساس — المجاز,كَلَمَ,APPROVED,,في اللسان: الكَلْم الجرح
AR00783,تَسْمِيم,مصدر,112,9083,إدخال السم في جسد غيره أو في طعامه وشرابه.,سمم,تَفْعِيلٌ,roots-4662:سمم:المحكم — المعاني,roots-4662:سمم:مقاييس — المحور,,تَسْمِيم,APPROVED,,
AR00784,أَوْسَعَ ضَرْبًا,تركيب,112,9129,ضرب غيره ضرباً كثيراً حتى آذاه.,,,,,,أَوْسَعَ ضَرْبًا,APPROVED,,يتعدى بالمفعول: أوسعه ضرباً
AR00786,شَوَّهَ,فعل,112,12043;12070,أفسد عضواً من أعضاء غيره إفساداً دائماً يقبح به منظره.,شوه,فَعَّلَ,v21:شوه:المحكم — المعاني,,v21:شوه:الأساس — المجاز,شَوَّهَ,APPROVED,,لا يخص إتلاف العضو إتلافاً دائماً كل الخصوص
AR00788,عَصَا,فعل,112,12049,ضرب غيره بالعصا.,عصو,فَعَلَ,v21:عصو:المحكم — المعاني,v21:عصو:مقاييس — النص,,عَصَا,APPROVED,,في اللسان: عَصَوْتُه بالعصا ضربته؛ قليل الاستعمال
AR00789,سَمَّمَ,فعل,112,12051,جعل في جسد غيره سمّاً ليؤذيه أو يقتله.,سمم,فَعَّلَ,roots-4662:سمم:المحكم — المعاني,roots-4662:سمم:مقاييس — المحور,,سَمَّمَ,APPROVED,,
AR00790,سَمَّ,فعل,112,12051,جعل السمّ في طعام غيره أو جسده.,سمم,فَعَلَ,roots-4662:سمم:المحكم — المعاني,roots-4662:سمم:مقاييس — المحور,,سَمَّ,APPROVED,,
AR00791,مَثَّلَ,فعل,112,12070,قطع أطراف غيره أو جدع أنفه وأذنه تنكيلاً.,مثل,فَعَّلَ,roots-4662:مثل:المحكم — المعاني,roots-4662:مثل:مقاييس — المحور,,مَثَّلَ,APPROVED,,يتعدى بالباء: مثّل به
AR00792,لَدَغَ,فعل,112,15088,أصاب بإبرته أو نابه فأدخل فيه السم.,لدغ,فَعَلَ,roots-4662:لدغ:المحكم — المعاني,roots-4662:لدغ:مقاييس — النص,,لَدَغَ,APPROVED,,
AR00793,لَسَعَ,فعل,112,15088,ضرب بإبرة ذنبه فآلم.,لسع,فَعَلَ,roots-4662:لسع:المحكم — المعاني,roots-4662:لسع:مقاييس — النص,roots-4662:لسع:الأساس — المجاز,لَسَعَ,APPROVED,,
AR00795,خَدَّرَ,فعل,112,17276,أعطى غيره مادة تذهب بإحساسه أو وعيه.,خدر,فَعَّلَ,roots-4662:خدر:المحكم — المعاني,roots-4662:خدر:مقاييس — المحور,roots-4662:خدر:الأساس — المجاز,خَدَّرَ,APPROVED,,
AR00796,لَوَى,فعل,112,17310,فتل عضواً من أعضاء غيره حتى آذاه.,لوي,فَعَلَ,roots-4662:لوي:المحكم — المعاني,roots-4662:لوي:مقاييس — المحور,roots-4662:لوي:الأساس — المجاز,لَوَى,APPROVED,,الجذر في اللسان لوى
AR00798,نَكَّلَ,فعل,112,,أنزل بغيره عقوبة شديدة تجعله عبرة.,نكل,فَعَّلَ,roots-4662:نكل:المحكم — المعاني,roots-4662:نكل:مقاييس — النص,,نَكَّلَ,APPROVED,,AR_ONLY
AR00801,اِزْدَادَ,فعل,91,1870,صار أكثر أو أكبر في مقدار أو قيمة.,زيد,اِفْتَعَلَ,roots-4662:زيد:المحكم — المعاني,roots-4662:زيد:مقاييس — المحور,roots-4662:زيد:الأساس — المجاز,اِزْدَادَ,APPROVED,,
AR00802,زَادَ,فعل,91,1870,كثُر أو كبُر مقداره أو قيمته.,زيد,فَعَلَ,roots-4662:زيد:المحكم — المعاني,roots-4662:زيد:مقاييس — المحور,roots-4662:زيد:الأساس — المجاز,زَادَ,APPROVED,,
AR00803,تَزَايَدَ,فعل,91,1870,زاد شيئاً فشيئاً على التتابع.,زيد,تَفَاعَلَ,roots-4662:زيد:المحكم — المعاني,roots-4662:زيد:مقاييس — المحور,roots-4662:زيد:الأساس — المجاز,تَزَايَدَ,APPROVED,,
AR00804,زِيَادَة,مصدر,91,1871;13724,صعود الشيء في مقداره أو قيمته على مقياس.,زيد,فِعَالَةٌ,roots-4662:زيد:المحكم — المعاني,roots-4662:زيد:مقاييس — المحور,roots-4662:زيد:الأساس — المجاز,زِيَادَة,APPROVED,,WAZN_L2_005 ← فِعَالٌ
AR00805,اِزْدِيَاد,مصدر,91,1871,صيرورة الشيء أكثر أو أكبر في مقداره.,زيد,اِفْتِعَالٌ,roots-4662:زيد:المحكم — المعاني,roots-4662:زيد:مقاييس — المحور,roots-4662:زيد:الأساس — المجاز,اِزْدِيَاد,APPROVED,,WAZN ← L2_006 مص من اِفْتَعَلَ
AR00806,تَزَايُد,مصدر,91,1871,زيادة الشيء شيئاً فشيئاً على التتابع.,زيد,تَفَاعُلٌ,roots-4662:زيد:المحكم — المعاني,roots-4662:زيد:مقاييس — المحور,roots-4662:زيد:الأساس — المجاز,تَزَايُد,APPROVED,,WAZN ← L2_006 مص من تَفَاعَلَ
AR00807,اِنْخَفَضَ,فعل,91,1872;1877;1954;12886;17560,نزل إلى مستوى أدنى على مقياس.,خفض,اِنْفَعَلَ,roots-4662:خفض:المحكم — المعاني,,roots-4662:خفض:الأساس — المجاز,اِنْخَفَضَ,APPROVED,,
AR00808,هَبَطَ,فعل,91,1872;1954,نزل في قيمته أو مقداره.,هبط,فَعَلَ,roots-4662:هبط:المحكم — المعاني,roots-4662:هبط:مقاييس — المحور,,هَبَطَ,APPROVED,,
AR00809,اِنْخِفَاض,مصدر,91,1873;1876;16962,نزول الشيء إلى مستوى أدنى على مقياس.,خفض,اِنْفِعَالٌ,roots-4662:خفض:المحكم — المعاني,,roots-4662:خفض:الأساس — المجاز,اِنْخِفَاض,APPROVED,,WAZN ← L2_006 مص من اِنْفَعَلَ
AR00810,هُبُوط,مصدر,91,1873,نزول القيمة أو المقدار.,هبط,فُعُولٌ,roots-4662:هبط:المحكم — المعاني,roots-4662:هبط:مقاييس — المحور,,هُبُوط,APPROVED,,WAZN ← L2_015 المالك
AR00811,اِرْتَفَعَ,فعل,91,1874,صعد إلى مستوى أعلى على مقياس.,رفع,اِفْتَعَلَ,roots-4662:رفع:المحكم — المعاني,roots-4662:رفع:مقاييس — المحور,roots-4662:رفع:الأساس — المجاز,اِرْتَفَعَ,APPROVED,,
AR00813,اِرْتِفَاع,مصدر,91,1875;16964,صعود الشيء إلى مستوى أعلى على مقياس.,رفع,اِفْتِعَالٌ,roots-4662:رفع:المحكم — المعاني,roots-4662:رفع:مقاييس — المحور,roots-4662:رفع:الأساس — المجاز,اِرْتِفَاع,APPROVED,,WAZN ← L2_006 مص من اِفْتَعَلَ
AR00815,نَقْص,مصدر,91,1876,قلّة الشيء عمّا كان عليه في مقداره.,نقص,فَعْلٌ,roots-4662:نقص:المحكم — المعاني,roots-4662:نقص:مقاييس — النص,,نَقْص,APPROVED,,
AR00816,تَنَاقُص,مصدر,91,1876,نقص الشيء شيئاً فشيئاً على التتابع.,نقص,تَفَاعُلٌ,roots-4662:نقص:المحكم — المعاني,roots-4662:نقص:مقاييس — النص,,تَنَاقُص,APPROVED,,WAZN ← L2_006 مص من تَفَاعَلَ
AR00817,نَقَصَ,فعل,91,1877,قلّ مقداره عمّا كان عليه.,نقص,فَعَلَ,roots-4662:نقص:المحكم — المعاني,roots-4662:نقص:مقاييس — النص,,نَقَصَ,APPROVED,,
AR00818,تَنَاقَصَ,فعل,91,1877;1994,نقص شيئاً فشيئاً على التتابع.,نقص,تَفَاعَلَ,roots-4662:نقص:المحكم — المعاني,roots-4662:نقص:مقاييس — النص,,تَنَاقَصَ,APPROVED,,
AR00820,تَضَاءَلَ,فعل,91,1879;1994,صغر وقلّ شيئاً فشيئاً.,ضءل,تَفَاعَلَ,v21:ضأل:المحكم — المعاني,v21:ضأل:مقاييس — المحور,v21:ضأل:الأساس — المجاز,تَضَاءَلَ,APPROVED,,
AR00821,قَلَّ,فعل,91,1879,صار أقلّ مقداراً أو عدداً.,قلل,فَعَلَ,roots-4662:قلل:المحكم — المعاني,roots-4662:قلل:مقاييس — المحور,roots-4662:قلل:الأساس — المجاز,قَلَّ,APPROVED,,
AR00822,هَوَى,فعل,91,1881,سقط من مستوى عالٍ إلى مستوى أدنى بسرعة.,هوي,فَعَلَ,roots-4662:هوي:المحكم — المعاني,roots-4662:هوي:مقاييس — المحور,roots-4662:هوي:الأساس — المجاز,هَوَى,APPROVED,,
AR00823,تَهَاوَى,فعل,91,1881;1886,تساقط سريعاً في قيمته أو مقداره.,هوي,تَفَاعَلَ,roots-4662:هوي:المحكم — المعاني,roots-4662:هوي:مقاييس — المحور,roots-4662:هوي:الأساس — المجاز,تَهَاوَى,APPROVED,,
AR00824,نَمَا,فعل,91,1882,زاد وكبر على مرّ الزمن.,نمو,فَعَلَ,roots-4662:نمو:المحكم — المعاني,,,نَمَا,APPROVED,,ويُذكر في الجذر نمي أيضاً
AR00825,تَنَامَى,فعل,91,1882;11654,نما شيئاً فشيئاً وتزايد.,نمو,تَفَاعَلَ,roots-4662:نمو:المحكم — المعاني,,,تَنَامَى,APPROVED,,ويُذكر في الجذر نمي أيضاً
AR00827,تَرَاجَعَ,فعل,91,1884;1889,عاد إلى مستوى أدنى مما كان عليه.,رجع,تَفَاعَلَ,roots-4662:رجع:المحكم — المعاني,roots-4662:رجع:مقاييس — المحور,roots-4662:رجع:الأساس — المجاز,تَرَاجَعَ,APPROVED,,
AR00828,تَدَنَّى,فعل,91,1884,نزل إلى مستوى منخفض.,دنو,تَفَعَّلَ,roots-4662:دنو:المحكم — المعاني,,roots-4662:دنو:الأساس — المجاز,تَدَنَّى,APPROVED,,
AR00829,تَرَاجُع,مصدر,91,1885,النزول إلى مستوى أدنى، ويغلب فيه الذمّ.,رجع,تَفَاعُلٌ,roots-4662:رجع:المحكم — المعاني,roots-4662:رجع:مقاييس — المحور,roots-4662:رجع:الأساس — المجاز,تَرَاجُع,APPROVED,,WAZN ← L2_006 مص من تَفَاعَلَ
AR00830,تَدَنِّي,مصدر,91,1885,النزول إلى مستوى منخفض.,دنو,تَفَعُّلٌ,roots-4662:دنو:المحكم — المعاني,,roots-4662:دنو:الأساس — المجاز,تَدَنِّي,APPROVED,,لفظه منقوص؛ يكتب بلا تنوين تدنّي | WAZN ← L2_006 مص من تَفَعَّلَ
AR00831,اِنْهَارَ,فعل,91,1886,سقطت قيمته أو مقداره سقوطاً سريعاً شديداً.,هور,اِنْفَعَلَ,roots-4662:هور:المحكم — المعاني,roots-4662:هور:مقاييس — المحور,roots-4662:هور:الأساس — المجاز,اِنْهَارَ,APPROVED,,
AR00832,اِنْهِيَار,مصدر,91,1887,سقوط القيمة أو المقدار سقوطاً سريعاً شديداً.,هور,اِنْفِعَالٌ,roots-4662:هور:المحكم — المعاني,roots-4662:هور:مقاييس — المحور,roots-4662:هور:الأساس — المجاز,اِنْهِيَار,APPROVED,,WAZN ← L2_006 مص من اِنْفَعَلَ
AR00833,تَهَاوِي,مصدر,91,1887,تساقط القيمة أو المقدار سريعاً.,هوي,تَفَاعُلٌ,roots-4662:هوي:المحكم — المعاني,roots-4662:هوي:مقاييس — المحور,roots-4662:هوي:الأساس — المجاز,تَهَاوِي,APPROVED,,لفظه منقوص؛ يكتب بلا تنوين تهاوي | WAZN ← L2_006 مص من تَفَاعَلَ
AR00834,قَفَزَ,فعل,91,1888;1894,ارتفع فجأة ارتفاعاً كبيراً.,قفز,فَعَلَ,roots-4662:قفز:المحكم — المعاني,roots-4662:قفز:مقاييس — المحور,roots-4662:قفز:الأساس — المجاز,قَفَزَ,APPROVED,,
AR00835,اِنْزَلَقَ,فعل,91,1889,انحدر شيئاً فشيئاً إلى مستوى أدنى.,زلق,اِنْفَعَلَ,roots-4662:زلق:المحكم — المعاني,roots-4662:زلق:مقاييس — المحور,roots-4662:زلق:الأساس — المجاز,اِنْزَلَقَ,APPROVED,,
AR00836,رَبِحَ,فعل,91,1890,زادت قيمته بمقدار معيّن.,ربح,فَعِلَ,roots-4662:ربح:المحكم — المعاني,roots-4662:ربح:مقاييس — المحور,roots-4662:ربح:الأساس — المجاز,رَبِحَ,APPROVED,,
AR00837,كَسَبَ,فعل,91,1890,أصاب زيادة في قيمته بمقدار معيّن.,كسب,فَعَلَ,roots-4662:كسب:المحكم — المعاني,roots-4662:كسب:مقاييس — المحور,roots-4662:كسب:الأساس — المجاز,كَسَبَ,APPROVED,,
AR00838,تَقَدَّمَ,فعل,91,1893,ارتفع إلى مرتبة أعلى على مقياس.,قدم,تَفَعَّلَ,roots-4662:قدم:المحكم — المعاني,roots-4662:قدم:مقاييس — المحور,roots-4662:قدم:الأساس — المجاز,تَقَدَّمَ,APPROVED,,
AR00839,وَثَبَ,فعل,91,1894,ارتفع فجأة طفرةً واحدة.,وثب,فَعَلَ,roots-4662:وثب:المحكم — المعاني,roots-4662:وثب:مقاييس — النص,roots-4662:وثب:الأساس — المجاز,وَثَبَ,APPROVED,,
AR00841,تَضَاعَفَ ثَلَاثَ مَرَّات,تركيب,91,1997,صار ثلاثة أمثال ما كان عليه.,,,,,,تَضَاعَفَ ثَلَاثَ مَرَّات,APPROVED,,التركيب يتضمن عدداً لكن موقعه تركيب لا عدد
AR00842,تَذَبْذَبَ,فعل,91,2016,تردّد صعوداً ونزولاً على غير انتظام.,ذبذب,تَفَعْلَلَ,,,,تَذَبْذَبَ,APPROVED,,
AR00843,تَقَلَّبَ,فعل,91,2016,تغيّر من حال إلى حال صعوداً ونزولاً.,قلب,تَفَعَّلَ,roots-4662:قلب:المحكم — المعاني,roots-4662:قلب:مقاييس — المحور,roots-4662:قلب:الأساس — المجاز,تَقَلَّبَ,APPROVED,,
AR00844,تَذَبْذُب,مصدر,91,2017,تردّد القيمة صعوداً ونزولاً على غير انتظام.,ذبذب,تَفَعْلُلٌ,,,,تَذَبْذُب,APPROVED,,WAZN ← L2_006 مص من تَفَعْلَلَ
AR00845,تَقَلُّب,مصدر,91,2017,تغيّر القيمة من حال إلى حال صعوداً ونزولاً.,قلب,تَفَعُّلٌ,roots-4662:قلب:المحكم — المعاني,roots-4662:قلب:مقاييس — المحور,roots-4662:قلب:الأساس — المجاز,تَقَلُّب,APPROVED,,WAZN ← L2_006 مص من تَفَعَّلَ
AR00846,قَفْزَة,اسم جامد,91,2018,ارتفاع حادّ مفاجئ، ويكثر في الأسعار.,قفز,فَعْلَةٌ,roots-4662:قفز:المحكم — المعاني,roots-4662:قفز:مقاييس — المحور,roots-4662:قفز:الأساس — المجاز,قَفْزَة,APPROVED,,اسم مرّة | WAZN_L2_005 ← فَعْلٌ
AR00847,اِنْفَجَرَ,فعل,91,7701,زاد عدده أو امتداده فجأة زيادة كبيرة.,فجر,اِنْفَعَلَ,roots-4662:فجر:المحكم — المعاني,roots-4662:فجر:مقاييس — المحور,roots-4662:فجر:الأساس — المجاز,اِنْفَجَرَ,APPROVED,,استعارة
AR00848,اِنْفِجَار,مصدر,91,7702,زيادة سريعة مفاجئة مقلقة في العدد أو الامتداد.,فجر,اِنْفِعَالٌ,roots-4662:فجر:المحكم — المعاني,roots-4662:فجر:مقاييس — المحور,roots-4662:فجر:الأساس — المجاز,اِنْفِجَار,APPROVED,,WAZN ← L2_006 مص من اِنْفَعَلَ
AR00849,تَكَاثَرَ,فعل,91,11654,كثر عدده سريعاً.,كثر,تَفَاعَلَ,roots-4662:كثر:المحكم — المعاني,roots-4662:كثر:مقاييس — النص,,تَكَاثَرَ,APPROVED,,
AR00850,نُمُوّ,مصدر,91,12488,الزيادة في مقدار أو بُعد على مرّ الزمن.,نمو,فُعُولٌ,roots-4662:نمو:المحكم — المعاني,,,نُمُوّ,APPROVED,,ويُذكر في الجذر نمي أيضاً | WAZN ← L2_015 المالك
AR00851,تَنَامِي,مصدر,91,12488,الزيادة المتتابعة شيئاً فشيئاً.,نمو,تَفَاعُلٌ,roots-4662:نمو:المحكم — المعاني,,,تَنَامِي,APPROVED,,لفظه منقوص؛ يكتب بلا تنوين تنامي | WAZN ← L2_006 مص من تَفَاعَلَ
AR00855,وَصَلَ,فعل,91,12879,انتهى إلى قيمة أو مستوى معيّن.,وصل,فَعَلَ,roots-4662:وصل:المحكم — المعاني,roots-4662:وصل:مقاييس — المحور,,وَصَلَ,APPROVED,,
AR00856,نَزَلَ,فعل,91,12886;17560,انحطّ إلى قيمة أدنى، ويغلب في النقص اليسير.,نزل,فَعَلَ,roots-4662:نزل:المحكم — المعاني,roots-4662:نزل:مقاييس — النص,roots-4662:نزل:الأساس — المجاز,نَزَلَ,APPROVED,,
AR00858,تَأَرْجَحَ,فعل,91,12978,تنقّل سريعاً بين قيمة وأخرى.,رجح,تَأَفْعَلَ,roots-4662:رجح:المحكم — المعاني,roots-4662:رجح:مقاييس — المحور,roots-4662:رجح:الأساس — المجاز,تَأَرْجَحَ,APPROVED,,يُعامَل أيضاً رباعياً على أرجح فيكون تَفَعْلَلَ | WAZN ← L2_015 المالك
AR00862,تَغَيَّرَ,فعل,91,13593,انتقل من حال إلى حال.,غير,تَفَعَّلَ,roots-4662:غير:المحكم — المعاني,roots-4662:غير:مقاييس — المحور,roots-4662:غير:الأساس — المجاز,تَغَيَّرَ,APPROVED,,
AR00863,رِبْح,اسم جامد,91,13724,زيادة تحصل في المال أو القيمة.,ربح,فِعْلٌ,roots-4662:ربح:المحكم — المعاني,roots-4662:ربح:مقاييس — المحور,roots-4662:ربح:الأساس — المجاز,رِبْح,APPROVED,,
AR00864,بِشَكْل مُتَزَايِد,تركيب,91,13836,على نحو يزداد مقداره أو تكراره.,,,,,,بِشَكْل مُتَزَايِد,APPROVED,,
AR00865,أَكْثَرَ فَأَكْثَرَ,تركيب,91,13836,بزيادة متتابعة في المقدار أو التكرار.,,,,,,أَكْثَرَ فَأَكْثَرَ,APPROVED,,
AR00866,اِنْتَفَخَ,فعل,91,14503,كبر حجمه وتضخّم.,نفخ,اِفْتَعَلَ,roots-4662:نفخ:المحكم — المعاني,roots-4662:نفخ:مقاييس — المحور,roots-4662:نفخ:الأساس — المجاز,اِنْتَفَخَ,APPROVED,,استعارة
AR00867,مُتَزَايِد,اسم فاعل,91,15206,آخذ في الزيادة.,زيد,مُتَفَاعِلٌ,roots-4662:زيد:المحكم — المعاني,roots-4662:زيد:مقاييس — المحور,roots-4662:زيد:الأساس — المجاز,مُتَزَايِد,APPROVED,,WAZN ← L2_006 فا من تَفَاعَلَ
AR00868,مُتَنَامِي,اسم فاعل,91,15206,آخذ في النموّ شيئاً فشيئاً.,نمو,مُتَفَاعِلٌ,roots-4662:نمو:المحكم — المعاني,,,مُتَنَامِي,APPROVED,,لفظه منقوص؛ يكتب بلا تنوين متنامي | WAZN ← L2_006 فا من تَفَاعَلَ
AR00869,اِنْكَمَشَ,فعل,91,16744,نقص مقداره أو حجمه وتقبّض.,كمش,اِنْفَعَلَ,roots-4662:كمش:المحكم — المعاني,roots-4662:كمش:مقاييس — المحور,roots-4662:كمش:الأساس — المجاز,اِنْكَمَشَ,APPROVED,,
AR00870,تَقَلَّصَ,فعل,91,16744,نقص وانضمّ بعضه إلى بعض.,قلص,تَفَعَّلَ,roots-4662:قلص:المحكم — المعاني,roots-4662:قلص:مقاييس — المحور,,تَقَلَّصَ,APPROVED,,
AR00871,اِنْكِمَاش,مصدر,91,16745,نقص المقدار أو الحجم وتقبّضه.,كمش,اِنْفِعَالٌ,roots-4662:كمش:المحكم — المعاني,roots-4662:كمش:مقاييس — المحور,roots-4662:كمش:الأساس — المجاز,اِنْكِمَاش,APPROVED,,WAZN ← L2_006 مص من اِنْفَعَلَ
AR00872,تَقَلُّص,مصدر,91,16745,نقص الشيء وانضمام بعضه إلى بعض.,قلص,تَفَعُّلٌ,roots-4662:قلص:المحكم — المعاني,roots-4662:قلص:مقاييس — المحور,,تَقَلُّص,APPROVED,,WAZN ← L2_006 مص من تَفَعَّلَ
AR00873,مُنْخَفِض,اسم فاعل,91,16941,نازل عن مستواه المعتاد.,خفض,مُنْفَعِلٌ,roots-4662:خفض:المحكم — المعاني,,roots-4662:خفض:الأساس — المجاز,مُنْخَفِض,APPROVED,,WAZN ← L2_006 فا من اِنْفَعَلَ
AR00874,مُتَدَنِّي,اسم فاعل,91,16941,نازل إلى مستوى منخفض.,دنو,مُتَفَعِّلٌ,roots-4662:دنو:المحكم — المعاني,,roots-4662:دنو:الأساس — المجاز,مُتَدَنِّي,APPROVED,,لفظه منقوص؛ يكتب بلا تنوين متدنّي | WAZN ← L2_006 فا من تَفَعَّلَ
AR00875,مُرْتَفِع,اسم فاعل,91,16942,زائد عن مستواه المعتاد.,رفع,مُفْتَعِلٌ,roots-4662:رفع:المحكم — المعاني,roots-4662:رفع:مقاييس — المحور,roots-4662:رفع:الأساس — المجاز,مُرْتَفِع,APPROVED,,WAZN ← L2_006 فا من اِفْتَعَلَ
AR00876,مُتَسَارِع,اسم فاعل,91,16954,آخذ في ازدياد سرعته أو معدّله.,سرع,مُتَفَاعِلٌ,roots-4662:سرع:المحكم — المعاني,roots-4662:سرع:مقاييس — المحور,,مُتَسَارِع,APPROVED,,WAZN ← L2_006 فا من تَفَاعَلَ
AR00877,بِانْخِفَاض,تركيب,91,17656,مع نقصٍ بمقدار يُذكر بعده.,,,,,,بِانْخِفَاض,APPROVED,,حرف الجر مع المصدر؛ يقوم مقام الحرف الإنجليزي
AR00879,تَدَهْوَرَ,فعل,91,,انحدر إلى حال أسوأ.,دهور,تَفَعْلَلَ,,,,تَدَهْوَرَ,APPROVED,,AR_ONLY
AR00880,فُسْتَان,اسم جامد,134,2657;2682,ثوبٌ نسائي من قطعة واحدة يستر البدن وينسدل على الساقين.,,,,,,فُسْتَان,APPROVED,,دخيل/معرّب لا جذر عربي له؛ مستقر في الفصحى المعاصرة
AR00881,دِرْع,اسم جامد,134,2657;2682;3076,قميص المرأة السابغ، وهو ثوبها الذي تلبسه.,درع,فِعْلٌ,roots-4662:درع:المحكم — المعاني,roots-4662:درع:مقاييس — المحور,,دِرْع,APPROVED,,
AR00882,تَنُّورَة دَاخِلِيَّة,تركيب,134,2686;2715,تنورة خفيفة تلبسها المرأة تحت الفستان أو التنورة.,,,,,,تَنُّورَة دَاخِلِيَّة,APPROVED,,
AR00883,فُسْتَان سَهْرَة,تركيب,134,2687;2731,فستان طويل فاخر يُلبس في الحفلات الرسمية والمناسبات المسائية.,,,,,,فُسْتَان سَهْرَة,APPROVED,,
AR00885,قَمِيص نَوْم,تركيب,134,2689;3351;3352;3353,ثوبٌ نسائي خفيف واسع يُلبس عند النوم.,,,,,,قَمِيص نَوْم,APPROVED,,
AR00886,جَوْرَب,اسم جامد,134,2691;2692;2925;2933;2972;3398,لفافة منسوجة تُلبس في القدم وأسفل الساق.,,,,,,جَوْرَب,APPROVED,,معرّب (فارسي)؛ يذكره المعجميون في (جرب)
AR00887,رَان,اسم جامد,134,2695,غطاءٌ للساق كالخفّ إلا أنه بلا قدم وأطول منه، يُلبس وقايةً.,رين,فَعَلٌ,roots-4662:رين:المحكم — المعاني,roots-4662:رين:مقاييس — المحور,,رَان,APPROVED,,لفظ تراثي؛ الجذر على ما في لسان العرب (رين) | WAZN ← SIBAWAYH_EXISTS
AR00888,قَبَاء,اسم جامد,134,2696,ثوبٌ يُلبس فوق الثياب مشقوق المقدَّم يُضمّ بأزرار أو حزام.,قبو,فَعَالٍ,roots-4662:قبو:المحكم — المعاني,roots-4662:قبو:مقاييس — النص,,قَبَاء,APPROVED,,WAZN ← SIBAWAYH_EXISTS
AR00889,سُتْرَة,اسم جامد,134,2696;2913;2996,ثوبٌ قصير ذو كمّين يُلبس فوق القميص ويُغلق من الأمام.,ستر,فُعْلَةٌ,roots-4662:ستر:المحكم — المعاني,roots-4662:ستر:مقاييس — المحور,,سُتْرَة,APPROVED,,WAZN_L2_005 ← فُعْلٌ
AR00890,تَنُّورَة,اسم جامد,134,2732,ثوبٌ نسائي يُشدّ على الخصر وينسدل على الساقين.,,,,,,تَنُّورَة,APPROVED,,دخيل/معرّب لا جذر عربي له؛ مستقر في الفصحى المعاصرة
AR00891,سِرْوَال قَصِير,تركيب,134,2864,سروال لا يتجاوز الركبتين.,,,,,,سِرْوَال قَصِير,APPROVED,,
AR00892,بِنْطَال قَصِير,تركيب,134,2864,بنطال لا يتجاوز الركبتين.,,,,,,بِنْطَال قَصِير,APPROVED,,
AR00893,بِنْطَال,اسم جامد,134,2866;2878,لباسٌ يستر من الخصر إلى الكعبين بشقّين لكل ساق شقّ.,,,,,,بِنْطَال,APPROVED,,دخيل/معرّب لا جذر عربي له (من الإيطالية)؛ مستقر في الفصحى المعاصرة
AR00894,سِرْوَال,اسم جامد,134,2866;2878,لباسٌ يستر النصف الأسفل من البدن، لكل ساق منه شقّ.,,,,,,سِرْوَال,APPROVED,,معرّب (فارسي)؛ يذكره المعجميون في (سرل)
AR00895,مِلْحَفَة,اسم جامد,134,2900,ملاءةٌ واسعة يُلتحف بها فوق الثياب.,لحف,مِفْعَلَةٌ,roots-4662:لحف:المحكم — المعاني,roots-4662:لحف:مقاييس — المحور,roots-4662:لحف:الأساس — المجاز,مِلْحَفَة,APPROVED,,WAZN_L2_005 ← مِفْعَلٌ
AR00896,لِفَاع,اسم جامد,134,2900;2944,ثوبٌ يُتلفّع به فيُجلَّل به الرأس والكتفان أو البدن.,لفع,فِعَالٌ,roots-4662:لفع:المحكم — المعاني,roots-4662:لفع:مقاييس — المحور,roots-4662:لفع:الأساس — المجاز,لِفَاع,APPROVED,,
AR00897,قَمِيص,اسم جامد,134,2906;2907,ثوبٌ يُلبس على أعلى البدن، له كمّان وجيب.,قمص,فَعِيلٌ,roots-4662:قمص:المحكم — المعاني,roots-4662:قمص:مقاييس — المحور,roots-4662:قمص:الأساس — المجاز,قَمِيص,APPROVED,,
AR00898,بُلُوزَة,اسم جامد,134,2907,ثوبٌ نسائي يُلبس على أعلى البدن يشبه القميص.,,,,,,بُلُوزَة,APPROVED,,دخيل/معرّب لا جذر عربي له؛ مستقر في الفصحى المعاصرة
AR00899,عَبَاءَة,اسم جامد,134,2908;3619,كساءٌ واسع مفتوح المقدم يُلبس فوق الثياب، بلا أكمام أو بأكمام واسعة.,عبي,فَعَالَةٌ,,,,عَبَاءَة,APPROVED,,WAZN ← L2_015 المالك
AR00900,رِدَاء,اسم جامد,134,2908;2909,ثوبٌ يُلقى على الكتفين وأعلى البدن فوق الثياب.,ردي,فِعَالٌ,roots-4662:ردي:المحكم — المعاني,roots-4662:ردي:مقاييس — المحور,roots-4662:ردي:الأساس — المجاز,رِدَاء,APPROVED,,
AR00904,رَبْطَة عُنُق,تركيب,134,2915;2940,شريط من قماش يُعقد حول العنق تحت الياقة.,,,,,,رَبْطَة عُنُق,APPROVED,,
AR00905,لِبَاس,اسم جامد,134,2935;3059;3074,ما يستر به الإنسانُ بدنه من الثياب على العموم.,لبس,فِعَالٌ,roots-4662:لبس:المحكم — المعاني,roots-4662:لبس:مقاييس — المحور,roots-4662:لبس:الأساس — المجاز,لِبَاس,APPROVED,,
AR00906,مَلْبَس,اسم جامد,134,2935;2936;3059,ما يُلبَس من الثياب، اسمٌ لما يُرتدى.,لبس,مَفْعَلٌ,roots-4662:لبس:المحكم — المعاني,roots-4662:لبس:مقاييس — المحور,roots-4662:لبس:الأساس — المجاز,مَلْبَس,APPROVED,,
AR00907,كِسْوَة,اسم جامد,134,2935,ما يُكسى به البدن من الثياب.,كسو,فِعْلَةٌ,roots-4662:كسو:المحكم — المعاني,,,كِسْوَة,APPROVED,,WAZN_L2_005 ← فِعْلٌ
AR00909,زِينَة,اسم جامد,134,2937,ما يُتجمَّل به من الثياب الفاخرة والحُلِيّ، ومنه «خذوا زينتكم عند كل مسجد».,زين,فِعْلَةٌ,roots-4662:زين:المحكم — المعاني,roots-4662:زين:مقاييس — المحور,roots-4662:زين:الأساس — المجاز,زِينَة,APPROVED,,WAZN_L2_005 ← فِعْلٌ
AR00913,نِطَاق,اسم جامد,134,2942,شقّة من قماش تُشدّ على الوسط.,نطق,فِعَالٌ,roots-4662:نطق:المحكم — المعاني,roots-4662:نطق:مقاييس — المحور,roots-4662:نطق:الأساس — المجاز,نِطَاق,APPROVED,,
AR00916,خِمَار,اسم جامد,134,2943,ثوبٌ تغطي به المرأة رأسها.,خمر,فِعَالٌ,roots-4662:خمر:المحكم — المعاني,roots-4662:خمر:مقاييس — المحور,roots-4662:خمر:الأساس — المجاز,خِمَار,APPROVED,,
AR00917,شَال,اسم جامد,134,2944;3655;3667,قطعة نسيج تُلقى على الكتفين أو الرأس.,,,,,,شَال,APPROVED,,معرّب (فارسي)؛ لا جذر عربي له
AR00918,رِبَاط,اسم جامد,134,2976,ما يُشدّ به الشيء، ويراد هنا ما يُعقد على الساق ليمسك الجورب.,ربط,فِعَالٌ,roots-4662:ربط:المحكم — المعاني,roots-4662:ربط:مقاييس — المحور,roots-4662:ربط:الأساس — المجاز,رِبَاط,APPROVED,,يُخصَّص بالإضافة (رباط الجورب)
AR00920,سِرْوَال دَاخِلِيّ,تركيب,134,2985;2990;7201,سروال قصير يُلبس تحت الثياب ساتراً العورة.,,,,,,سِرْوَال دَاخِلِيّ,APPROVED,,
AR00921,كَنْزَة,اسم جامد,134,2992;2993;2995,ثوبٌ منسوج من صوف ونحوه ذو كمّين طويلين يُلبس على أعلى البدن.,,,,,,كَنْزَة,APPROVED,,دخيل غير مقطوع الأصل؛ مستعمل في العربية المعاصرة، فلا جذر يُثبت
AR00922,لِبَاس سِبَاحَة,تركيب,134,3026;11150,ما يُلبس عند السباحة.,,,,,,لِبَاس سِبَاحَة,APPROVED,,
AR00923,بِيكِينِي,اسم جامد,134,3030,لباس سباحة نسائي من قطعتين.,,,,,,بِيكِينِي,APPROVED,,دخيل/معرّب لا جذر عربي له
AR00924,جِلْبَاب,اسم جامد,134,3033,ثوبٌ واسع سابغ يُلبس فوق الثياب.,جلبب,فِعْلالٌ (رباعي),,,,جِلْبَاب,APPROVED,,
AR00928,تَنُّورَة قَصِيرَة,تركيب,134,3036,تنورة قصيرة جداً تعلو الركبتين.,,,,,,تَنُّورَة قَصِيرَة,APPROVED,,
AR00929,كِسَاء,اسم جامد,134,3057,ثوبٌ يُلتحف به أو يُكتسى، ويُطلق على اللباس عامة في الأسلوب الأدبي.,كسو,فِعَالٌ,roots-4662:كسو:المحكم — المعاني,,,كِسَاء,APPROVED,,
AR00930,رِيَاش,اسم جامد,134,3057,فاخر الثياب وحسنها، لفظ أدبي قديم.,ريش,فِعَالٌ,roots-4662:ريش:المحكم — المعاني,roots-4662:ريش:مقاييس — المحور,roots-4662:ريش:الأساس — المجاز,رِيَاش,APPROVED,,
AR00931,زِيّ,اسم جامد,134,3062;3067;3068;3383;3543,هيئة اللباس المميزة لفئة أو مقام أو زمان أو مكان.,زوي,فِعْلٌ,roots-4662:زوي:المحكم — المعاني,roots-4662:زوي:مقاييس — المحور,,زِيّ,APPROVED,,أصله زِوْيٌ على فِعْل
AR00932,حُلَّة كَهَنُوتِيَّة,تركيب,134,3066,ثوب يلبسه رجال الدين في الطقوس الكنسية.,,,,,,حُلَّة كَهَنُوتِيَّة,APPROVED,,
AR00933,لِبَاس دَاخِلِيّ,تركيب,134,3070;3071;3072;3073;3075;3355,ما يُلبس تحت الثياب ملاصقاً للجسد.,,,,,,لِبَاس دَاخِلِيّ,APPROVED,,
AR00934,قُفَّاز,اسم جامد,134,3140;3141;3142;3680,غطاءٌ لليد يُلبس عليها.,قفز,فُعَّالٌ,roots-4662:قفز:المحكم — المعاني,roots-4662:قفز:مقاييس — المحور,roots-4662:قفز:الأساس — المجاز,قُفَّاز,APPROVED,,يُخصَّص بالوصف (قفاز بلا أصابع منفصلة)
AR00936,مِمْطَر,اسم جامد,134,3349,ثوبٌ يُتوقّى به من المطر.,مطر,مِفْعَلٌ,roots-4662:مطر:المحكم — المعاني,roots-4662:مطر:مقاييس — النص,roots-4662:مطر:الأساس — المجاز,مِمْطَر,APPROVED,,
AR00937,مَنَامَة,اسم جامد,134,3350,ثياب النوم من سروال وقميص.,نوم,مَفْعَلَةٌ,roots-4662:نوم:المحكم — المعاني,roots-4662:نوم:مقاييس — المحور,roots-4662:نوم:الأساس — المجاز,مَنَامَة,APPROVED,,WAZN_L2_005 ← مَفْعَلٌ
AR00938,بِيجَامَة,اسم جامد,134,3350,ثياب النوم من سروال واسع وقميص.,,,,,,بِيجَامَة,APPROVED,,دخيل/معرّب لا جذر عربي له
AR00939,ثِيَاب النَّوْم,تركيب,134,3354,ما يُلبس عند النوم من الثياب.,,,,,,ثِيَاب النَّوْم,APPROVED,,
AR00940,قَمِيص دَاخِلِيّ,تركيب,134,3356,قميص خفيف يُلبس على أعلى البدن تحت الثياب.,,,,,,قَمِيص دَاخِلِيّ,APPROVED,,
AR00941,جِينْز,اسم جامد,134,3378,سروالٌ متين من نسيج قطني أزرق غالباً.,,,,,,جِينْز,APPROVED,,دخيل/معرّب لا جذر عربي له
AR00943,بَدْلَة عَمَل,تركيب,134,3379;3380,ثوب سابغ يُلبس فوق الثياب وقايةً أثناء العمل.,,,,,,بَدْلَة عَمَل,APPROVED,,
AR00944,حَمَّالَة صَدْر,تركيب,134,3395;3396,لباس نسائي داخلي يسند الثديين.,,,,,,حَمَّالَة صَدْر,APPROVED,,
AR00945,كِيمُونُو,اسم جامد,134,3402,ثوبٌ ياباني طويل واسع الأكمام يُشدّ بحزام.,,,,,,كِيمُونُو,APPROVED,,دخيل/معرّب لا جذر عربي له
AR00946,قُفْطَان,اسم جامد,134,3403,ثوبٌ طويل واسع يلبسه الرجال والنساء.,,,,,,قُفْطَان,APPROVED,,دخيل/معرّب لا جذر عربي له
AR00947,زِيّ رَسْمِيّ,تركيب,134,3542,لباس مميز موحّد يلبسه أفراد هيئة أو مؤسسة.,,,,,,زِيّ رَسْمِيّ,APPROVED,,
AR00948,زِيّ مُوَحَّد,تركيب,134,3542,لباس واحد الهيئة يلبسه المنتسبون إلى مدرسة أو هيئة.,,,,,,زِيّ مُوَحَّد,APPROVED,,
AR00949,زِيّ تَنَكُّرِيّ,تركيب,134,3543,لباس يُتنكَّر به في حفلة أو عرض.,,,,,,زِيّ تَنَكُّرِيّ,APPROVED,,
AR00950,هِنْدَام,اسم جامد,134,3545,هيئة الإنسان في لباسه وتأنّقه.,,,,,,هِنْدَام,APPROVED,,معرّب (فارسي)
AR00951,جُرْمُوق,اسم جامد,134,3548,خفٌّ صغير يُلبس فوق الخفّ أو الحذاء وقايةً.,,,,,,جُرْمُوق,APPROVED,,معرّب (فارسي)؛ يذكره المعجميون في (جرمق)
AR00952,خُفّ,اسم جامد,134,3552;3558;3670,ما يُلبس في القدم من جلد ونحوه ويستر الكعبين وقد يعلو الساق.,خفف,فُعْلٌ,roots-4662:خفف:المحكم — المعاني,roots-4662:خفف:مقاييس — المحور,roots-4662:خفف:الأساس — المجاز,خُفّ,APPROVED,,
AR00953,بَابُوج,اسم جامد,134,3552,نعلٌ ليّن يُلبس في البيت.,,,,,,بَابُوج,APPROVED,,دخيل/معرّب لا جذر عربي له (فارسي)
AR00954,نَعْل,اسم جامد,134,3553;3642,ما وُقِيَت به القدم من الأرض، يُشدّ بسيور أو شِسع بين الأصابع.,نعل,فَعْلٌ,roots-4662:نعل:المحكم — المعاني,roots-4662:نعل:مقاييس — المحور,roots-4662:نعل:الأساس — المجاز,نَعْل,APPROVED,,
AR00955,صَنْدَل,اسم جامد,134,3553,نعلٌ خفيف مفتوح تُشدّ إلى القدم بسيور.,,,,,,صَنْدَل,APPROVED,,دخيل/معرّب لا جذر عربي له
AR00956,حِذَاء رِيَاضِيّ,تركيب,134,3556,حذاء ليّن يُلبس للرياضة أو في الأحوال العادية.,,,,,,حِذَاء رِيَاضِيّ,APPROVED,,
AR00958,قَبْقَاب,اسم جامد,134,3561,نعلٌ متّخذ من خشب.,قبب,فَعْلالٌ (مضاعف),roots-4662:قبب:المحكم — المعاني,roots-4662:قبب:مقاييس — المحور,roots-4662:قبب:الأساس — المجاز,قَبْقَاب,APPROVED,,L2_011 root قبقب→قبب
AR00959,سَارِي,اسم جامد,134,3601,ثوبٌ نسائي هندي من شقّة طويلة تُلفّ على البدن.,,,,,,سَارِي,APPROVED,,دخيل/معرّب لا جذر عربي له
AR00961,سَمَل,اسم جامد,134,3646;3657,الثوب الخَلَق البالي.,سمل,فَعَلٌ,roots-4662:سمل:المحكم — المعاني,roots-4662:سمل:مقاييس — المحور,,سَمَل,APPROVED,,يُجمع على أَسْمَال
AR00964,مِنْدِيل,اسم جامد,134,3659;4058,قطعة قماش تُلفّ على العنق أو تُعقد عليه.,ندل,مِفْعِيلٌ,roots-4662:ندل:المحكم — المعاني,roots-4662:ندل:مقاييس — المحور,,مِنْدِيل,APPROVED,,يُخصَّص بالإضافة (منديل عنق)
AR00965,بِنْطَال رِيَاضِيّ,تركيب,134,3663,بنطال واسع مرن الخصر يُلبس للرياضة والراحة.,,,,,,بِنْطَال رِيَاضِيّ,APPROVED,,
AR00966,بَدْلَة رِيَاضِيَّة,تركيب,134,3665,طقم من سترة وبنطال يُلبس للرياضة أو الراحة.,,,,,,بَدْلَة رِيَاضِيَّة,APPROVED,,
AR00968,سِرْبَال,اسم جامد,134,,القميص أو كل ما يُلبس، لفظ قديم.,سربل,فِعْلالٌ (رباعي),v21:سربل:المحكم — المعاني,,,سِرْبَال,APPROVED,,AR_ONLY
AR00969,قَلَنْسُوَة,اسم جامد,134,,غطاءٌ يُلبس على الرأس.,قلس,فَعَنْلُوَةٌ,roots-4662:قلس:المحكم — المعاني,roots-4662:قلس:مقاييس — المحور,roots-4662:قلس:الأساس — المجاز,قَلَنْسُوَة,APPROVED,,AR_ONLY
AR00970,نِقَاب,اسم جامد,134,,ما تستر به المرأة وجهها إلا العينين.,نقب,فِعَالٌ,roots-4662:نقب:المحكم — المعاني,roots-4662:نقب:مقاييس — المحور,,نِقَاب,APPROVED,,AR_ONLY
AR00972,مِرْط,اسم جامد,134,,كساءٌ من صوف أو خزّ يُؤتزر به.,مرط,فِعْلٌ,roots-4662:مرط:المحكم — المعاني,roots-4662:مرط:مقاييس — المحور,,مِرْط,APPROVED,,AR_ONLY
AR00974,طَيْلَسَان,اسم جامد,134,,كساءٌ يُلقى على الرأس والكتفين.,,,,,,طَيْلَسَان,APPROVED,,AR_ONLY
AR00976,هَذَر,مصدر,39,567,كلام كثير فيه خلط وسقط.,هذر,فَعَلٌ,roots-4662:هذر:المحكم — المعاني,roots-4662:هذر:مقاييس — النص,,هَذَر,APPROVED,,
AR00977,لَغْو,مصدر,39,567,كلام ساقط لا يُعتدّ به ولا يُحصل منه على فائدة.,لغو,فَعْلٌ,roots-4662:لغو:المحكم — المعاني,roots-4662:لغو:مقاييس — المحور,roots-4662:لغو:الأساس — المجاز,لَغْو,APPROVED,,
AR00979,زَعَقَ,فعل,39,568;569;604;605;606;611;626,صاح بالكلام صياحًا حادًّا شديدًا.,زعق,فَعَلَ,roots-4662:زعق:المحكم — المعاني,roots-4662:زعق:مقاييس — المحور,,زَعَقَ,APPROVED,,
AR00982,تَذَمَّرَ,فعل,39,571;623,أظهر الشكوى والتبرّم بكلام فيه ضعف وإلحاح.,ذمر,تَفَعَّلَ,roots-4662:ذمر:المحكم — المعاني,roots-4662:ذمر:مقاييس — المحور,roots-4662:ذمر:الأساس — المجاز,تَذَمَّرَ,APPROVED,,
AR00984,نَهَقَ,فعل,39,573,تكلّم بصوت عالٍ خشن منكر.,نهق,فَعَلَ,roots-4662:نهق:المحكم — المعاني,roots-4662:نهق:مقاييس — المحور,,نَهَقَ,APPROVED,,استعماله في كلام الإنسان مجازي من صوت الحيوان
AR00986,هَذَى,فعل,39,574,تكلّم بكلام غير معقول ولا متّسق.,هذي,فَعَلَ,,roots-4662:هذي:مقاييس — النص,roots-4662:هذي:الأساس — المجاز,هَذَى,APPROVED,,معتل اللام
AR00988,غَرَّدَ,فعل,39,576;616;620,قال كلامًا بصوت رخيم مطرب كتغريد الطائر.,غرد,فَعَّلَ,roots-4662:غرد:المحكم — المعاني,roots-4662:غرد:مقاييس — المحور,,غَرَّدَ,APPROVED,,استعماله في كلام الإنسان مجازي من صوت الحيوان
AR00989,زَقْزَقَ,فعل,39,577,تكلّم بأصوات قصيرة حادّة متتابعة كأصوات العصافير.,زقق,فَعْلَلَ,roots-4662:زقق:المحكم — المعاني,roots-4662:زقق:مقاييس — المحور,roots-4662:زقق:الأساس — المجاز,زَقْزَقَ,APPROVED,,استعماله في كلام الإنسان مجازي من صوت الحيوان؛ يُذكر في بعض المعاجم رباعياً في مادة مستقلة
AR00990,ضَحِكَ,فعل,39,578,أظهر بصوته انبساطًا أو سخرية مصاحبًا لكلامه.,ضحك,فَعِلَ,v21:ضحك:المحكم — المعاني,v21:ضحك:مقاييس — النص,v21:ضحك:الأساس — المجاز,ضَحِكَ,APPROVED,,يُقيَّد بالحال لإفادة الخفوت
AR00991,طَقْطَقَ بِلِسَانِه,تركيب,39,579,أحدث بلسانه صوتًا متكررًا يعبّر به عن الاستنكار أو القلق.,,,,,,طَقْطَقَ بِلِسَانِه,APPROVED,,
AR00992,نَاغَى,فعل,39,580,كلّم غيره بصوت ليّن رقيق كما يُكلَّم الطفل.,نغي,فَاعَلَ,roots-4662:نغي:المحكم — المعاني,roots-4662:نغي:مقاييس — النص,roots-4662:نغي:الأساس — المجاز,نَاغَى,APPROVED,,معتل اللام
AR00993,هَدَلَ,فعل,39,580,تكلّم بصوت رخيم ليّن متردّد كهديل الحمام.,هدل,فَعَلَ,roots-4662:هدل:المحكم — المعاني,roots-4662:هدل:مقاييس — المحور,,هَدَلَ,APPROVED,,استعماله في كلام الإنسان مجازي من صوت الحيوان
AR00994,نَعَقَ,فعل,39,581,تكلّم بصوت أجشّ منكر.,نعق,فَعَلَ,roots-4662:نعق:المحكم — المعاني,roots-4662:نعق:مقاييس — المحور,,نَعَقَ,APPROVED,,استعماله في كلام الإنسان مجازي من صوت الحيوان
AR00995,تَكَلَّمَ بِصَوْتٍ أَجَشّ,تركيب,39,581;587;599,قال كلامه بصوت غليظ خشن فيه بحّة.,,,,,,تَكَلَّمَ بِصَوْتٍ أَجَشّ,APPROVED,,
AR00996,دَنْدَنَ,فعل,39,582;585,تكلّم أو ترنّم بصوت خافت متصل لا يكاد يُفهم.,دنن,فَعْلَلَ,roots-4662:دنن:المحكم — المعاني,roots-4662:دنن:مقاييس — المحور,,دَنْدَنَ,APPROVED,,يُذكر في بعض المعاجم رباعياً في مادة مستقلة
AR00997,تَرَنَّمَ,فعل,39,582,رجّع صوته بالكلام في لين وتطريب.,رنم,تَفَعَّلَ,roots-4662:رنم:المحكم — المعاني,roots-4662:رنم:مقاييس — النص,roots-4662:رنم:الأساس — المجاز,تَرَنَّمَ,APPROVED,,
AR01000,لَهَثَ,فعل,39,586,أخرج نفسه متتابعًا بصوت مسموع وهو يتكلّم من تعب أو جهد.,لهث,فَعَلَ,roots-4662:لهث:المحكم — المعاني,roots-4662:لهث:مقاييس — النص,roots-4662:لهث:الأساس — المجاز,لَهَثَ,APPROVED,,
AR01004,دَمْدَمَ,فعل,39,589;602,تكلّم بصوت غليظ متصل فيه غضب.,دمم,فَعْلَلَ,roots-4662:دمم:المحكم — المعاني,roots-4662:دمم:مقاييس — المحور,roots-4662:دمم:الأساس — المجاز,دَمْدَمَ,APPROVED,,يُذكر في بعض المعاجم رباعياً في مادة مستقلة
AR01005,نَخَرَ,فعل,39,590;608,أخرج صوتًا من أنفه مع كلامه استنكارًا أو غضبًا.,نخر,فَعَلَ,roots-4662:نخر:المحكم — المعاني,roots-4662:نخر:مقاييس — المحور,roots-4662:نخر:الأساس — المجاز,نَخَرَ,APPROVED,,
AR01006,هَمْهَمَ,فعل,39,590;596,أخرج كلامًا خفيًّا يردّده في صدره لا يكاد يُفهم.,همم,فَعْلَلَ,roots-4662:همم:المحكم — المعاني,,,هَمْهَمَ,APPROVED,,يُذكر في بعض المعاجم رباعياً في مادة مستقلة
AR01007,غَرْغَرَ,فعل,39,591,تكلّم وفي حلقه صوت كتردّد الماء.,غرر,فَعْلَلَ,roots-4662:غرر:المحكم — المعاني,roots-4662:غرر:مقاييس — المحور,roots-4662:غرر:الأساس — المجاز,غَرْغَرَ,APPROVED,,يُذكر في بعض المعاجم رباعياً في مادة مستقلة
AR01008,فَحَّ,فعل,39,592,قال كلامه بصوت حادّ من بين أسنانه تعبيرًا عن الغيظ أو الاستهزاء.,فحح,فَعَلَ,roots-4662:فحح:المحكم — المعاني,roots-4662:فحح:مقاييس — النص,,فَحَّ,APPROVED,,استعماله في كلام الإنسان مجازي من صوت الحيوان
AR01011,وَلْوَلَ,فعل,39,594;619,رفع صوته بالصياح والدعاء بالويل جزعًا.,ولول,فَعْلَلَ,v21:ولول:المحكم — المعاني,,v21:ولول:الأساس — المجاز,وَلْوَلَ,APPROVED,,يُذكر في بعض المعاجم رباعياً في مادة مستقلة | L2_011 root ولل→ولول
AR01013,غَمْغَمَ,فعل,39,596,تكلّم كلامًا لا يتبيّن من خفائه.,غمم,فَعْلَلَ,roots-4662:غمم:المحكم — المعاني,roots-4662:غمم:مقاييس — المحور,roots-4662:غمم:الأساس — المجاز,غَمْغَمَ,APPROVED,,يُذكر في بعض المعاجم رباعياً في مادة مستقلة
AR01014,خَرْخَرَ,فعل,39,597,تكلّم بصوت ليّن متردّد كخرخرة الهرّ.,خرر,فَعْلَلَ,roots-4662:خرر:المحكم — المعاني,roots-4662:خرر:مقاييس — المحور,roots-4662:خرر:الأساس — المجاز,خَرْخَرَ,APPROVED,,استعماله في كلام الإنسان مجازي من صوت الحيوان؛ يُذكر في بعض المعاجم رباعياً في مادة مستقلة
AR01015,قَالَ بِحِدَّة,تركيب,39,598,تكلّم بكلام قصير حادّ مفاجئ.,,,,,,قَالَ بِحِدَّة,APPROVED,,
AR01016,هَذْرَمَ,فعل,39,600;609,أسرع في كلامه حتى تتلاحق كلماته.,هذرم,فَعْلَلَ,,,,هَذْرَمَ,APPROVED,,
AR01017,زَأَرَ,فعل,39,601,صاح بصوت شديد غليظ من غضب.,زءر,فَعَلَ,roots-4662:زءر:المحكم — المعاني,roots-4662:زءر:مقاييس — المحور,roots-4662:زءر:الأساس — المجاز,زَأَرَ,APPROVED,,استعماله في كلام الإنسان مجازي من صوت الحيوان
AR01018,هَدَرَ,فعل,39,601;602,تكلّم بصوت عميق متصل مدوٍّ.,هدر,فَعَلَ,roots-4662:هدر:المحكم — المعاني,roots-4662:هدر:مقاييس — النص,roots-4662:هدر:الأساس — المجاز,هَدَرَ,APPROVED,,
AR01019,تَلَعْثَمَ,فعل,39,609;610,تكلّم متقطعًا متعثّرًا لا يُبين كلامه.,لعثم,تَفَعْلَلَ,,,,تَلَعْثَمَ,APPROVED,,
AR01020,قَالَ بِصَوْتٍ رَفِيع,تركيب,39,612;613,تكلّم بصوت حادّ دقيق.,,,,,,قَالَ بِصَوْتٍ رَفِيع,APPROVED,,
AR01021,أَرْعَدَ,فعل,39,614,تكلّم بصوت عالٍ غاضب متوعّد.,رعد,أَفْعَلَ,roots-4662:رعد:المحكم — المعاني,roots-4662:رعد:مقاييس — المحور,roots-4662:رعد:الأساس — المجاز,أَرْعَدَ,APPROVED,,من قولهم: أرعد وأبرق
AR01023,ضَحِكَ ضِحْكَةً مَكْتُومَة,تركيب,39,615,ضحك ضحكًا خافتًا متقطعًا يكتمه.,,,,,,ضَحِكَ ضِحْكَةً مَكْتُومَة,APPROVED,,
AR01024,رَجَّعَ,فعل,39,616;620,ردّد صوته في حلقه بالكلام أو الغناء ترديدًا مرتعشًا.,رجع,فَعَّلَ,roots-4662:رجع:المحكم — المعاني,roots-4662:رجع:مقاييس — المحور,roots-4662:رجع:الأساس — المجاز,رَجَّعَ,APPROVED,,
AR01027,نَاحَ,فعل,39,619,رفع صوته بالبكاء والتفجّع.,نوح,فَعَلَ,roots-4662:نوح:المحكم — المعاني,roots-4662:نوح:مقاييس — المحور,roots-4662:نوح:الأساس — المجاز,نَاحَ,APPROVED,,أجوف واوي
AR01029,حَشْرَجَ,فعل,39,621,تكلّم وفي صدره صوت متردّد كالغرغرة من ضيق النفس.,حشرج,فَعْلَلَ,,,,حَشْرَجَ,APPROVED,,
AR01030,نَشَجَ,فعل,39,622,بكى بصوت متقطع خافت يتردّد في صدره.,نشج,فَعَلَ,roots-4662:نشج:المحكم — المعاني,roots-4662:نشج:مقاييس — المحور,roots-4662:نشج:الأساس — المجاز,نَشَجَ,APPROVED,,
AR01031,هَتَفَ,فعل,39,624,صاح بصوت عالٍ تعبيرًا عن الفرح أو الحماسة.,هتف,فَعَلَ,roots-4662:هتف:المحكم — المعاني,roots-4662:هتف:مقاييس — النص,,هَتَفَ,APPROVED,,
AR01032,هَلَّلَ,فعل,39,624,رفع صوته فرحًا وابتهاجًا.,هلل,فَعَّلَ,roots-4662:هلل:المحكم — المعاني,roots-4662:هلل:مقاييس — المحور,roots-4662:هلل:الأساس — المجاز,هَلَّلَ,APPROVED,,
AR01034,لَجْلَجَ,فعل,39,,ردّد كلامه في فيه ولم يُبنه.,لجج,فَعْلَلَ,roots-4662:لجج:المحكم — المعاني,roots-4662:لجج:مقاييس — المحور,roots-4662:لجج:الأساس — المجاز,لَجْلَجَ,APPROVED,,AR_ONLY؛ يُذكر في بعض المعاجم رباعياً في مادة مستقلة
AR01036,حَقِيبَة ظَهْر,تركيب,78,1665;1684;4417,حقيبة ذات حمالتين تُحمل على الظهر في السفر والتنزه.,,,,,,حَقِيبَة ظَهْر,APPROVED,,
AR01040,صُنْدُوق,اسم جامد,78,1670;1673;4229;4238;4243,صندوق صغير مزخرف تُحفظ فيه النفائس.,صندق,فُعْلُولٌ (رباعي),,,,صُنْدُوق,APPROVED,,
AR01042,قِنِّينَة,اسم جامد,78,1678;4227;4419,إناء من زجاج ضيّق العنق تُحفظ فيه السوائل.,قنن,فِعِّيلَةٌ,roots-4662:قنن:المحكم — المعاني,roots-4662:قنن:مقاييس — النص,roots-4662:قنن:الأساس — المجاز,قِنِّينَة,APPROVED,,WAZN_L2_005 ← فِعِّيلٌ
AR01045,قَدَح,اسم جامد,78,1680;4247,إناء يُشرب فيه الماء ونحوه.,قدح,فَعَلٌ,roots-4662:قدح:المحكم — المعاني,,roots-4662:قدح:الأساس — المجاز,قَدَح,APPROVED,,
AR01046,حَقِيبَة يَد,تركيب,78,1681,حقيبة صغيرة تحمل فيها المرأة حاجاتها اليومية.,,,,,,حَقِيبَة يَد,APPROVED,,
AR01048,مِغْرَفَة,اسم جامد,78,1685,أداة ذات مقبض طويل وتجويف كبير يُغرف بها المرق والسائل الحار.,غرف,مِفْعَلَةٌ,roots-4662:غرف:المحكم — المعاني,roots-4662:غرف:مقاييس — النص,roots-4662:غرف:الأساس — المجاز,مِغْرَفَة,APPROVED,,WAZN_L2_005 ← مِفْعَلٌ
AR01049,خِزَانَة,اسم جامد,78,1686;4454,موضع مغلق يُقفل تُحفظ فيه الثياب والأمتعة.,خزن,فِعَالَةٌ,roots-4662:خزن:المحكم — المعاني,roots-4662:خزن:مقاييس — المحور,roots-4662:خزن:الأساس — المجاز,خِزَانَة,APPROVED,,WAZN_L2_005 ← فِعَالٌ
AR01050,كُوب,اسم جامد,78,1687;4247;4423,إناء أسطواني كبير ذو عروة يُشرب فيه.,كوب,فُعْلٌ,roots-4662:كوب:المحكم — المعاني,roots-4662:كوب:مقاييس — النص,,كُوب,APPROVED,,
AR01051,قِدْر,اسم جامد,78,1690;4310;7202,إناء يُطبخ فيه الطعام.,قدر,فِعْلٌ,roots-4662:قدر:المحكم — المعاني,roots-4662:قدر:مقاييس — المحور,roots-4662:قدر:الأساس — المجاز,قِدْر,APPROVED,,
AR01055,خَزَّان,اسم جامد,78,1692;4453,وعاء كبير يُخزّن فيه الماء أو السائل أو الغاز.,خزن,فَعَّالٌ,roots-4662:خزن:المحكم — المعاني,roots-4662:خزن:مقاييس — المحور,roots-4662:خزن:الأساس — المجاز,خَزَّان,APPROVED,,
AR01056,صِهْرِيج,اسم جامد,78,1692;4453,وعاء كبير يُحبس فيه الماء أو السائل.,صهرج,فِعْلِيلٌ (رباعي),,,,صِهْرِيج,APPROVED,,
AR01057,كِيس,اسم جامد,78,1693;4221;4418,وعاء كبير من خيش أو ورق غليظ تُحفظ فيه السلع وتُنقل.,كيس,فِعْلٌ,roots-4662:كيس:المحكم — المعاني,roots-4662:كيس:مقاييس — المحور,roots-4662:كيس:الأساس — المجاز,كِيس,APPROVED,,
AR01058,غِرَارَة,اسم جامد,78,1693,وعاء كبير من صوف أو شعر يُجعل فيه الحبّ والتبن ونحوهما.,غرر,فِعَالَةٌ,roots-4662:غرر:المحكم — المعاني,roots-4662:غرر:مقاييس — المحور,roots-4662:غرر:الأساس — المجاز,غِرَارَة,APPROVED,,WAZN_L2_005 ← فِعَالٌ
AR01059,حَقِيبَة مَدْرَسِيَّة,تركيب,78,1694,حقيبة تُحمل على الكتف أو الظهر تُجعل فيها كتب المدرسة.,,,,,,حَقِيبَة مَدْرَسِيَّة,APPROVED,,
AR01060,مِلْعَقَة,اسم جامد,78,1698,أداة ذات تجويف صغير ومقبض يُتناول بها الطعام ويُحرَّك.,لعق,مِفْعَلَةٌ,roots-4662:لعق:المحكم — المعاني,roots-4662:لعق:مقاييس — المحور,roots-4662:لعق:الأساس — المجاز,مِلْعَقَة,APPROVED,,WAZN_L2_005 ← مِفْعَلٌ
AR01062,حَقِيبَة سَفَر,تركيب,78,1699,حقيبة ذات مقبض وغطاء تُحمل فيها الثياب والأمتعة في السفر.,,,,,,حَقِيبَة سَفَر,APPROVED,,
AR01064,مِلْعَقَة شَاي,تركيب,78,2023,ملعقة صغيرة يُحرَّك بها الشاي ونحوه.,,,,,,مِلْعَقَة شَاي,APPROVED,,
AR01065,أَمْبُولَة,اسم جامد,78,4208,قارورة زجاجية صغيرة مختومة تُحفظ فيها جرعة من الدواء.,,,,,,أَمْبُولَة,APPROVED,,دخيل مستقر في الفصحى المعاصرة؛ لا لفظ عربي أصيل بهذا المعنى
AR01066,مِنْفَضَة,اسم جامد,78,4209,إناء صغير يُنفض فيه رماد السجائر.,نفض,مِفْعَلَةٌ,roots-4662:نفض:المحكم — المعاني,roots-4662:نفض:مقاييس — المحور,roots-4662:نفض:الأساس — المجاز,مِنْفَضَة,APPROVED,,WAZN_L2_005 ← مِفْعَلٌ
AR01068,بِرْمِيل,اسم جامد,78,4222;4250;4263,وعاء أسطواني كبير من خشب أو معدن تُخزّن فيه السوائل.,,,,,,بِرْمِيل,APPROVED,,مولّد مستقر في الفصحى المعاصرة؛ أصله غير عربي على الأرجح، ولا لفظ أصيل للوعاء الأسطواني ذي الأضلاع
AR01069,دَنّ,اسم جامد,78,4222;4250;4288,وعاء ضخم يُحفظ فيه الشراب والسوائل.,دنن,فَعْلٌ,roots-4662:دنن:المحكم — المعاني,roots-4662:دنن:مقاييس — المحور,,دَنّ,APPROVED,,
AR01071,حَوْض,اسم جامد,78,4223;4424;18679,وعاء واسع مفتوح يُجمع فيه الماء ونحوه.,حوض,فَعْلٌ,v21:حوض:المحكم — المعاني,v21:حوض:مقاييس — النص,v21:حوض:الأساس — المجاز,حَوْض,APPROVED,,
AR01072,سَلَّة,اسم جامد,78,4224;4270,وعاء مضفور من القصب أو الخوص أو نحوهما تُحمل فيه الأشياء.,سلل,فَعْلَةٌ,roots-4662:سلل:المحكم — المعاني,roots-4662:سلل:مقاييس — المحور,,سَلَّة,APPROVED,,WAZN_L2_005 ← فَعْلٌ
AR01073,قُفَّة,اسم جامد,78,4224,وعاء مضفور من الخوص يُحمل فيه المتاع.,قفف,فُعْلَةٌ,roots-4662:قفف:المحكم — المعاني,roots-4662:قفف:مقاييس — المحور,,قُفَّة,APPROVED,,WAZN_L2_005 ← فُعْلٌ
AR01075,سَلَّة مُهْمَلَات,تركيب,78,4226,سلة يُلقى فيها ما لا حاجة إليه.,,,,,,سَلَّة مُهْمَلَات,APPROVED,,
AR01076,زُجَاجَة,اسم جامد,78,4227,إناء من زجاج ضيّق الفم تُحفظ فيه السوائل.,زجج,فُعَالَةٌ,roots-4662:زجج:المحكم — المعاني,roots-4662:زجج:مقاييس — المحور,roots-4662:زجج:الأساس — المجاز,زُجَاجَة,APPROVED,,WAZN_L2_005 ← فُعَالٌ
AR01077,قَارُورَة,اسم جامد,78,4227;4419,إناء من زجاج تستقر فيه السوائل.,قرر,فَاعُولَةٌ,roots-4662:قرر:المحكم — المعاني,roots-4662:قرر:مقاييس — المحور,roots-4662:قرر:الأساس — المجاز,قَارُورَة,APPROVED,,WAZN_L2_005 ← فَاعُولٌ
AR01078,قَصْعَة,اسم جامد,78,4228,إناء مقعّر واسع يُوضع فيه الطعام.,قصع,فَعْلَةٌ,roots-4662:قصع:المحكم — المعاني,roots-4662:قصع:مقاييس — المحور,roots-4662:قصع:الأساس — المجاز,قَصْعَة,APPROVED,,WAZN_L2_005 ← فَعْلٌ
AR01080,دَلْو,اسم جامد,78,4231;4421,إناء ذو مقبض يُستقى به الماء ويُحمل.,دلو,فَعْلٌ,roots-4662:دلو:المحكم — المعاني,,,دَلْو,APPROVED,,
AR01083,زَمْزَمِيَّة,اسم جامد,78,4233,وعاء يحمل فيه المسافر أو الجندي ماءه.,زمم,فَعْلَلِيَّةٌ,roots-4662:زمم:المحكم — المعاني,roots-4662:زمم:مقاييس — المحور,roots-4662:زمم:الأساس — المجاز,زَمْزَمِيَّة,APPROVED,,منسوبة إلى زمزم، وتذكر المعاجم زمزم في مادة زمم | WAZN ← L2_007 نسبة فَعْلَلٌ
AR01085,خَرْطُوشَة,اسم جامد,78,4236,غلاف يُركَّب في جهاز ويحوي مادة يستعملها الجهاز.,,,,,,خَرْطُوشَة,APPROVED,,دخيل مستقر في الفصحى المعاصرة؛ لا لفظ عربي أصيل بهذا المعنى
AR01086,غِلَاف,اسم جامد,78,4237,ما يُجعل فيه الشيء ليحفظه ويصونه.,غلف,فِعَالٌ,roots-4662:غلف:المحكم — المعاني,roots-4662:غلف:مقاييس — النص,,غِلَاف,APPROVED,,
AR01087,تَابُوت,اسم جامد,78,4239;4287,صندوق يوضع فيه الميت.,تبت,فَاعُولٌ,,,,تَابُوت,APPROVED,,في لسان العرب تحت تبت، وقيل أصله تَأْبُوَة على فَعْلُوَة من توب
AR01088,وِعَاء,اسم جامد,78,4241,كل ما يُجعل فيه شيء ليحويه أو يُنقل به.,وعي,فِعَالٌ,roots-4662:وعي:المحكم — المعاني,roots-4662:وعي:مقاييس — المحور,,وِعَاء,APPROVED,,
AR01091,بُوتَقَة,اسم جامد,78,4245,وعاء يُصهر فيه المعدن ونحوه على نار شديدة.,,,,,,بُوتَقَة,APPROVED,,معرّب مستقر في الفصحى؛ ويقال في القديم بُوطَة وهي معرّبة أيضاً
AR01092,مِمْلَحَة,اسم جامد,78,4246,إناء صغير يوضع فيه الملح على المائدة.,ملح,مِفْعَلَةٌ,roots-4662:ملح:المحكم — المعاني,roots-4662:ملح:مقاييس — النص,roots-4662:ملح:الأساس — المجاز,مِمْلَحَة,APPROVED,,WAZN_L2_005 ← مِفْعَلٌ
AR01100,مُوَزِّع,اسم فاعل,78,4262,جهاز يخزن مادة ويُخرج منها مقداراً محدداً عند الحاجة.,وزع,مُفَعِّلٌ,roots-4662:وزع:المحكم — المعاني,roots-4662:وزع:مقاييس — النص,roots-4662:وزع:الأساس — المجاز,مُوَزِّع,APPROVED,,WAZN ← L2_006 فا من فَعَّلَ
AR01101,ظَرْف بَرِيدِيّ,تركيب,78,4278,ظرف تُرسل فيه الأشياء بالبريد.,,,,,,ظَرْف بَرِيدِيّ,APPROVED,,
AR01102,نَاوُوس,اسم جامد,78,4287,تابوت من حجر يُدفن فيه الميت.,نوس,فَاعُولٌ,roots-4662:نوس:المحكم — المعاني,roots-4662:نوس:مقاييس — المحور,,نَاوُوس,APPROVED,,
AR01103,خُرْج,اسم جامد,78,4301,وعاء ذو جانبين يوضع على ظهر الدابة.,خرج,فُعْلٌ,roots-4662:خرج:المحكم — المعاني,roots-4662:خرج:مقاييس — المحور,roots-4662:خرج:الأساس — المجاز,خُرْج,APPROVED,,
AR01104,سَمَاوَر,اسم جامد,78,4305,وعاء معدني مزخرف يُغلى فيه ماء الشاي.,,,,,,سَمَاوَر,APPROVED,,دخيل مستقر في الفصحى المعاصرة؛ لا لفظ عربي أصيل بهذا المعنى
AR01105,تِرْمُس,اسم جامد,78,4307,وعاء يحفظ حرارة ما فيه من شراب.,,,,,,تِرْمُس,APPROVED,,دخيل مستقر في الفصحى المعاصرة؛ لا لفظ عربي أصيل بهذا المعنى
AR01106,مِرْجَل,اسم جامد,78,4310,قدر عظيمة من نحاس أو حجر يُغلى فيها.,رجل,مِفْعَلٌ,roots-4662:رجل:المحكم — المعاني,roots-4662:رجل:مقاييس — المحور,roots-4662:رجل:الأساس — المجاز,مِرْجَل,APPROVED,,
AR01107,طَاجِن,اسم جامد,78,4312,إناء ذو غطاء يُطهى فيه الطعام على نار هادئة.,طجن,فَاعِلٌ,v21:طجن:المحكم — المعاني,,,طَاجِن,APPROVED,,معرّب قديم تذكره المعاجم في مادة طجن
AR01108,مِلَفّ,اسم جامد,78,4416,غلاف مطوي تُحفظ فيه الأوراق.,لفف,مِفْعَلٌ,roots-4662:لفف:المحكم — المعاني,roots-4662:لفف:مقاييس — المحور,,مِلَفّ,APPROVED,,
AR01109,مَزْهَرِيَّة,اسم جامد,78,4420,إناء للزينة تُوضع فيه الأزهار.,زهر,مَفْعَلِيَّةٌ,roots-4662:زهر:المحكم — المعاني,roots-4662:زهر:مقاييس — المحور,roots-4662:زهر:الأساس — المجاز,مَزْهَرِيَّة,APPROVED,,WAZN ← L2_007 نسبة مَفْعَلٌ
AR01110,مَاصَّة,اسم فاعل,78,4422,أنبوب دقيق يُسحب به السائل ويُنقل بمقدار.,مصص,فَاعِلَةٌ,roots-4662:مصص:المحكم — المعاني,roots-4662:مصص:مقاييس — المحور,roots-4662:مصص:الأساس — المجاز,مَاصَّة,APPROVED,,WAZN_L2_005 ← فَاعِلٌ
AR01111,زُجَاجَة نَبِيذ,تركيب,78,4441,زجاجة يُعبّأ فيها النبيذ.,,,,,,زُجَاجَة نَبِيذ,APPROVED,,
AR01112,خِزَانَة أَدْرَاج,تركيب,78,4442,قطعة أثاث ذات أدراج تُحفظ فيها الأمتعة.,,,,,,خِزَانَة أَدْرَاج,APPROVED,,
AR01113,قِرْبَة مَاء سَاخِن,تركيب,78,4443,وعاء ليّن يُملأ ماءً ساخناً للتدفئة.,,,,,,قِرْبَة مَاء سَاخِن,APPROVED,,
AR01114,خَزْنَة,اسم جامد,78,4454,صندوق حديدي محكم القفل تُحفظ فيه الأموال والنفائس.,خزن,فَعْلَةٌ,roots-4662:خزن:المحكم — المعاني,roots-4662:خزن:مقاييس — المحور,roots-4662:خزن:الأساس — المجاز,خَزْنَة,APPROVED,,WAZN_L2_005 ← فَعْلٌ
AR01115,أَصِيص,اسم جامد,78,4455,إناء يُزرع فيه النبات.,ءصص,فَعِيلٌ,v21:أصص:المحكم — المعاني,v21:أصص:مقاييس — المحور,,أَصِيص,APPROVED,,
AR01117,دُرْج,اسم جامد,78,11155,صندوق بلا غطاء ينزلق في المكتب أو الخزانة.,درج,فُعْلٌ,roots-4662:درج:المحكم — المعاني,roots-4662:درج:مقاييس — المحور,roots-4662:درج:الأساس — المجاز,دُرْج,APPROVED,,
AR01118,حَوْض سَمَك,تركيب,78,18374,حوض زجاجي يُربّى فيه السمك.,,,,,,حَوْض سَمَك,APPROVED,,
AR01119,مِرْكَن,اسم جامد,78,18679,إناء واسع تُغسل فيه الثياب.,ركن,مِفْعَلٌ,roots-4662:ركن:المحكم — المعاني,roots-4662:ركن:مقاييس — المحور,roots-4662:ركن:الأساس — المجاز,مِرْكَن,APPROVED,,
AR01120,قِرْبَة,اسم جامد,78,,وعاء من جلد يُحمل فيه الماء.,قرب,فِعْلَةٌ,roots-4662:قرب:المحكم — المعاني,roots-4662:قرب:مقاييس — المحور,roots-4662:قرب:الأساس — المجاز,قِرْبَة,APPROVED,,AR_ONLY | WAZN_L2_005 ← فِعْلٌ
AR01121,زِقّ,اسم جامد,78,,وعاء من جلد يُجعل فيه الشراب أو السمن.,زقق,فِعْلٌ,roots-4662:زقق:المحكم — المعاني,roots-4662:زقق:مقاييس — المحور,roots-4662:زقق:الأساس — المجاز,زِقّ,APPROVED,,AR_ONLY
AR01122,كُوز,اسم جامد,78,,إناء صغير ذو عروة يُشرب فيه.,كوز,فُعْلٌ,roots-4662:كوز:المحكم — المعاني,roots-4662:كوز:مقاييس — المحور,,كُوز,APPROVED,,AR_ONLY
AR01123,قُلَّة,اسم جامد,78,,جرة صغيرة من فخار يُبرَّد فيها الماء.,قلل,فُعْلَةٌ,roots-4662:قلل:المحكم — المعاني,roots-4662:قلل:مقاييس — المحور,roots-4662:قلل:الأساس — المجاز,قُلَّة,APPROVED,,AR_ONLY | WAZN_L2_005 ← فُعْلٌ
AR01126,مُكْحُلَة,اسم جامد,78,,وعاء صغير يُجعل فيه الكحل.,كحل,مُفْعُلَةٌ,roots-4662:كحل:المحكم — المعاني,roots-4662:كحل:مقاييس — المحور,roots-4662:كحل:الأساس — المجاز,مُكْحُلَة,APPROVED,,AR_ONLY | WAZN_L2_005 ← مُفْعُلٌ
AR01129,رَدِيء,صفة مشبهة,354,6123;6134;6147;6219;6288;6297;6666;6669;16190,ناقص الجودة فاسد الصنعة.,ردء,فَعِيلٌ,roots-4662:ردء:المحكم — المعاني,,roots-4662:ردء:الأساس — المجاز,رَدِيء,APPROVED,,
AR01130,رَائِع,اسم فاعل,354,6126;6129;6135;6139;6142;6221;6283;6284;6286;6313;6316;7652;14588;18802,بالغ الحسن والجودة يثير الإعجاب.,روع,فَاعِلٌ,roots-4662:روع:المحكم — المعاني,roots-4662:روع:مقاييس — المحور,roots-4662:روع:الأساس — المجاز,رَائِع,APPROVED,,
AR01132,فَائِق,اسم فاعل,354,6127;6128,عالٍ في جودته يعلو على غيره.,فوق,فَاعِلٌ,roots-4662:فوق:المحكم — المعاني,roots-4662:فوق:مقاييس — المحور,roots-4662:فوق:الأساس — المجاز,فَائِق,APPROVED,,
AR01133,مُمْتَاز,اسم فاعل,354,6127;6128;6284;6285;6312;6313;6673;6674,بالغ الجودة متقدم على نظائره.,ميز,مُفْتَعِلٌ,roots-4662:ميز:المحكم — المعاني,roots-4662:ميز:مقاييس — المحور,roots-4662:ميز:الأساس — المجاز,مُمْتَاز,APPROVED,,مُمْتَاز يصلح وزنه للفاعل والمفعول؛ رجّح الفاعل | WAZN ← L2_006 فا من اِفْتَعَلَ
AR01134,مُذْهِل,اسم فاعل,354,6129;6140;6144;6282;6298;6734;7652;18801;18802,بالغ الجودة حتى يدهش الناظر.,ذهل,مُفْعِلٌ,roots-4662:ذهل:المحكم — المعاني,roots-4662:ذهل:مقاييس — المحور,,مُذْهِل,APPROVED,,WAZN ← L2_006 فا من أَفْعَلَ
AR01135,مُتَمَيِّز,اسم فاعل,354,6130;18795,بارز الجودة ظاهر الفضل على غيره.,ميز,مُتَفَعِّلٌ,roots-4662:ميز:المحكم — المعاني,roots-4662:ميز:مقاييس — المحور,roots-4662:ميز:الأساس — المجاز,مُتَمَيِّز,APPROVED,,WAZN ← L2_006 فا من تَفَعَّلَ
AR01136,فَذّ,صفة مشبهة,354,6130,فريد في جودته لا نظير له.,فذذ,فَعْلٌ,roots-4662:فذذ:المحكم — المعاني,roots-4662:فذذ:مقاييس — المحور,,فَذّ,APPROVED,,
AR01137,مُزْرِي,اسم فاعل,354,6131,حقير الحال يدعو إلى الاستخفاف.,زري,مُفْعِلٌ,roots-4662:زري:المحكم — المعاني,roots-4662:زري:مقاييس — المحور,,مُزْرِي,APPROVED,,أصله مُزْرٍ | WAZN ← L2_006 فا من أَفْعَلَ
AR01138,فَظِيع,صفة مشبهة,354,6133;6137;6219;6272;6280;17637,شديد القبح بالغ السوء.,فظع,فَعِيلٌ,roots-4662:فظع:المحكم — المعاني,roots-4662:فظع:مقاييس — النص,,فَظِيع,APPROVED,,
AR01139,مُرِيع,اسم فاعل,354,6133;6280,بالغ السوء يفزع منه.,روع,مُفْعِلٌ,roots-4662:روع:المحكم — المعاني,roots-4662:روع:مقاييس — المحور,roots-4662:روع:الأساس — المجاز,مُرِيع,APPROVED,,WAZN ← L2_006 فا من أَفْعَلَ
AR01141,خَيَالِيّ,اسم منسوب,354,6135,بالغ الحسن حتى كأنه من نسج الخيال.,خيل,فَعَالِيٌّ,roots-4662:خيل:المحكم — المعاني,roots-4662:خيل:مقاييس — المحور,,خَيَالِيّ,APPROVED,,POS_L2_007:NISBA | WAZN ← L2_007 نسبة فَعَالٍ
AR01142,سَيِّئ,صفة مشبهة,354,6137;6147;6288,قبيح الصفة غير مرضيّ.,سوء,فَيْعِلٌ,roots-4662:سوء:المحكم — المعاني,,,سَيِّئ,APPROVED,,WAZN ← L2_015 المالك
AR01146,مُدْهِش,اسم فاعل,354,6144;6298,يثير التعجب لحسنه البالغ.,دهش,مُفْعِلٌ,roots-4662:دهش:المحكم — المعاني,roots-4662:دهش:مقاييس — النص,,مُدْهِش,APPROVED,,WAZN ← L2_006 فا من أَفْعَلَ
AR01148,مِنَ الدَّرَجَةِ الْأُولَى,تركيب,354,6285,في أعلى مراتب الجودة.,,,,,,مِنَ الدَّرَجَةِ الْأُولَى,APPROVED,,
AR01149,هَائِل,اسم فاعل,354,6286,عظيم في قدره وجودته.,هول,فَاعِلٌ,roots-4662:هول:المحكم — المعاني,roots-4662:هول:مقاييس — المحور,roots-4662:هول:الأساس — المجاز,هَائِل,APPROVED,,دلالة الاستحسان حادثة؛ أصله المخيف
AR01152,مَقْبُول,اسم مفعول,354,6289;6291;6293;6295,مرضيّ لا يرقى إلى الجودة العالية.,قبل,مَفْعُولٌ,roots-4662:قبل:المحكم — المعاني,roots-4662:قبل:مقاييس — المحور,roots-4662:قبل:الأساس — المجاز,مَقْبُول,APPROVED,,
AR01153,لَا بَأْسَ بِهِ,تركيب,354,6289;6293,مقبول لا عيب ظاهر فيه ولا تميز.,,,,,,لَا بَأْسَ بِهِ,APPROVED,,
AR01154,مُتَوَسِّط,اسم فاعل,354,6290;6294,في منزلة بين الجيد والرديء.,وسط,مُتَفَعِّلٌ,roots-4662:وسط:المحكم — المعاني,roots-4662:وسط:مقاييس — المحور,roots-4662:وسط:الأساس — المجاز,مُتَوَسِّط,APPROVED,,WAZN ← L2_006 فا من تَفَعَّلَ
AR01156,لَائِق,اسم فاعل,354,6291,مناسب مقبول في مستواه.,ليق,فَاعِلٌ,roots-4662:ليق:المحكم — المعاني,roots-4662:ليق:مقاييس — المحور,,لَائِق,APPROVED,,
AR01158,مِنَ الدَّرَجَةِ الثَّانِيَةِ,تركيب,354,6296,دون الأعلى جودةً في مرتبة وسطى أو دنيا.,,,,,,مِنَ الدَّرَجَةِ الثَّانِيَةِ,APPROVED,,
AR01159,مِنَ الدَّرَجَةِ الثَّالِثَةِ,تركيب,354,6297,في مرتبة دنيا من الجودة.,,,,,,مِنَ الدَّرَجَةِ الثَّالِثَةِ,APPROVED,,
AR01161,بَيْنَ بَيْنَ,تركيب,354,6388,لا هو بالجيد ولا بالرديء.,,,,,,بَيْنَ بَيْنَ,APPROVED,,
AR01162,دُونَ الْمُسْتَوَى,تركيب,354,6666,أقل من القدر المعتاد أو المطلوب.,,,,,,دُونَ الْمُسْتَوَى,APPROVED,,
AR01163,مُتَدَنِّي,اسم فاعل,354,6669,منحطّ في مستواه دون المطلوب.,دنو,مُتَفَعِّلٌ,roots-4662:دنو:المحكم — المعاني,,roots-4662:دنو:الأساس — المجاز,مُتَدَنِّي,APPROVED,,أصله مُتَدَنٍّ | WAZN ← L2_006 فا من تَفَعَّلَ
AR01164,مِنَ الطِّرَازِ الْأَوَّلِ,تركيب,354,6673;6674,من أعلى الأصناف جودةً.,,,,,,مِنَ الطِّرَازِ الْأَوَّلِ,APPROVED,,
AR01165,لَا يُصَدَّقُ,تركيب,354,6734,بالغ الجودة حتى يكاد لا يُصدَّق.,,,,,,لَا يُصَدَّقُ,APPROVED,,
AR01166,سَاءَ,فعل,354,9122,كان قبيحاً غير مرضيّ.,سوء,فَعَلَ,roots-4662:سوء:المحكم — المعاني,,,سَاءَ,APPROVED,,
AR01168,سَمِج,صفة مشبهة,354,9274;9275,قبيح ثقيل لا ملاحة فيه.,سمج,فَعِلٌ,roots-4662:سمج:المحكم — المعاني,roots-4662:سمج:مقاييس — المحور,,سَمِج,APPROVED,,تقريب: يفوته طابع العامية
AR01169,اِمْتِيَاز,مصدر,354,10126,بلوغ الشيء غاية الجودة وتقدمه على غيره.,ميز,اِفْتِعَالٌ,roots-4662:ميز:المحكم — المعاني,roots-4662:ميز:مقاييس — المحور,roots-4662:ميز:الأساس — المجاز,اِمْتِيَاز,APPROVED,,WAZN ← L2_006 مص من اِفْتَعَلَ
AR01171,مَرْغُوب,اسم مفعول,354,10852;15007,تميل إليه النفوس وتطلبه.,رغب,مَفْعُولٌ,roots-4662:رغب:المحكم — المعاني,roots-4662:رغب:مقاييس — المحور,roots-4662:رغب:الأساس — المجاز,مَرْغُوب,APPROVED,,
AR01172,خَارِق,اسم فاعل,354,14559,يتجاوز المعتاد في جودته.,خرق,فَاعِلٌ,roots-4662:خرق:المحكم — المعاني,roots-4662:خرق:مقاييس — المحور,roots-4662:خرق:الأساس — المجاز,خَارِق,APPROVED,,
AR01175,كَرِيه,صفة مشبهة,354,14599,تنفر منه النفس لقبحه.,كره,فَعِيلٌ,roots-4662:كره:المحكم — المعاني,roots-4662:كره:مقاييس — المحور,roots-4662:كره:الأساس — المجاز,كَرِيه,APPROVED,,
AR01178,رَائِج,اسم فاعل,354,15007,كثير الطلب عند الناس.,روج,فَاعِلٌ,roots-4662:روج:المحكم — المعاني,roots-4662:روج:مقاييس — النص,,رَائِج,APPROVED,,
AR01179,خَلَّاب,صيغة مبالغة,354,15203,آسر للنفس بحسنه.,خلب,فَعَّالٌ,roots-4662:خلب:المحكم — المعاني,roots-4662:خلب:مقاييس — المحور,roots-4662:خلب:الأساس — المجاز,خَلَّاب,APPROVED,,POS_L2_007:MUBALAGHA
AR01181,عَلَى نَحْوٍ حَسَنٍ,تركيب,354,18721,بطريقة مرضيّة محمودة.,,,,,,عَلَى نَحْوٍ حَسَنٍ,APPROVED,,
AR01182,غُثَاء,اسم جامد,354,18798,ما لا قيمة فيه ولا نفع من الأشياء.,غثو,فُعَالٌ,v21:غثو:المحكم — المعاني,,,غُثَاء,APPROVED,,مجاز
AR01183,دُرَّة,اسم جامد,354,18799,الشيء النفيس البالغ الحسن، تشبيهاً باللؤلؤة.,درر,فُعْلَةٌ,roots-4662:درر:المحكم — المعاني,roots-4662:درر:مقاييس — المحور,,دُرَّة,APPROVED,,WAZN_L2_005 ← فُعْلٌ
AR01185,كَنْز,اسم جامد,354,18800,الشيء الثمين البالغ النفع والحسن.,كنز,فَعْلٌ,roots-4662:كنز:المحكم — المعاني,roots-4662:كنز:مقاييس — المحور,roots-4662:كنز:الأساس — المجاز,كَنْز,APPROVED,,مجاز عن المال المدفون
AR01186,لَا نَظِيرَ لَهُ,تركيب,354,18803,بلغ من الحسن ما لا يماثله فيه غيره.,,,,,,لَا نَظِيرَ لَهُ,APPROVED,,تقريب: لا مثل عربي ثابت مقابل
AR01187,سَقَط,اسم جامد,354,18804,رديء المتاع وما لا خير فيه.,سقط,فَعَلٌ,roots-4662:سقط:المحكم — المعاني,roots-4662:سقط:مقاييس — المحور,roots-4662:سقط:الأساس — المجاز,سَقَط,APPROVED,,
AR01189,لَا قِيمَةَ لَهُ,تركيب,354,18805,خالٍ من النفع والحسن.,,,,,,لَا قِيمَةَ لَهُ,APPROVED,,
AR01190,نَفِيس,صفة مشبهة,354,,عالي القيمة يُرغب فيه ويُضنّ به.,نفس,فَعِيلٌ,roots-4662:نفس:المحكم — المعاني,roots-4662:نفس:مقاييس — المحور,roots-4662:نفس:الأساس — المجاز,نَفِيس,APPROVED,,AR_ONLY
AR01191,خَسِيس,صفة مشبهة,354,,دنيء القيمة حقير الجودة.,خسس,فَعِيلٌ,roots-4662:خسس:المحكم — المعاني,roots-4662:خسس:مقاييس — المحور,,خَسِيس,APPROVED,,AR_ONLY
AR01192,سَخِيف,صفة مشبهة,354,,رقيق القيمة لا يُعتدّ به.,سخف,فَعِيلٌ,roots-4662:سخف:المحكم — المعاني,roots-4662:سخف:مقاييس — المحور,,سَخِيف,APPROVED,,AR_ONLY
AR01195,أَرَادَ,فعل,366,6412;6683,طلب الشيء ومالت نفسه إلى نيله أو فعله.,رود,أَفْعَلَ,roots-4662:رود:المحكم — المعاني,roots-4662:رود:مقاييس — المحور,,أَرَادَ,APPROVED,,معتل العين
AR01196,رَغِبَ,فعل,366,6412;6413;7430;13040,مالت نفسه إلى الشيء وأحبّ نيله.,رغب,فَعِلَ,roots-4662:رغب:المحكم — المعاني,roots-4662:رغب:مقاييس — المحور,roots-4662:رغب:الأساس — المجاز,رَغِبَ,APPROVED,,يتعدّى بفي
AR01199,رَغْبَة,مصدر,366,6414;6427;6429;6602,ميل النفس إلى الشيء وحبّ نيله.,رغب,فَعْلَةٌ,roots-4662:رغب:المحكم — المعاني,roots-4662:رغب:مقاييس — المحور,roots-4662:رغب:الأساس — المجاز,رَغْبَة,APPROVED,,WAZN_L2_005 ← فَعْلٌ
AR01201,رَاغِب,اسم فاعل,366,6415;8737,مَن مالت نفسه إلى الشيء وأحبّ نيله.,رغب,فَاعِلٌ,roots-4662:رغب:المحكم — المعاني,roots-4662:رغب:مقاييس — المحور,roots-4662:رغب:الأساس — المجاز,رَاغِب,APPROVED,,يتعدّى بفي
AR01205,تَلَهَّفَ,فعل,366,6418;15067,اشتدّ حرصه على الشيء وتحرّق إليه.,لهف,تَفَعَّلَ,roots-4662:لهف:المحكم — المعاني,roots-4662:لهف:مقاييس — المحور,,تَلَهَّفَ,APPROVED,,
AR01207,لَهْفَة,مصدر,366,6420,شدّة الحرص على الشيء والتحرّق إليه.,لهف,فَعْلَةٌ,roots-4662:لهف:المحكم — المعاني,roots-4662:لهف:مقاييس — المحور,,لَهْفَة,APPROVED,,WAZN_L2_005 ← فَعْلٌ
AR01208,مُتَلَهِّف,اسم فاعل,366,6421;6546;9890;10288,شديد الحرص على الشيء متحرّق إليه.,لهف,مُتَفَعِّلٌ,roots-4662:لهف:المحكم — المعاني,roots-4662:لهف:مقاييس — المحور,,مُتَلَهِّف,APPROVED,,WAZN ← L2_006 فا من تَفَعَّلَ
AR01211,ظَمَأ,مصدر,366,6422,شدّة الشوق إلى الشيء على التشبيه بالعطش.,ظمء,فَعَلٌ,v21:ظمأ:المحكم — المعاني,,v21:ظمأ:الأساس — المجاز,ظَمَأ,APPROVED,,
AR01214,ظَمِئَ,فعل,366,6423,اشتدّ شوقه إلى الشيء.,ظمء,فَعِلَ,v21:ظمأ:المحكم — المعاني,,v21:ظمأ:الأساس — المجاز,ظَمِئَ,APPROVED,,يتعدّى بإلى
AR01216,ظَمْآن,صفة مشبهة,366,6424,شديد الشوق إلى نيل الشيء.,ظمء,فَعْلانُ,v21:ظمأ:المحكم — المعاني,,v21:ظمأ:الأساس — المجاز,ظَمْآن,APPROVED,,
AR01222,طَمَحَ,فعل,366,6428,سما بأمله إلى بلوغ غاية عالية.,طمح,فَعَلَ,v21:طمح:المحكم — المعاني,v21:طمح:مقاييس — المحور,v21:طمح:الأساس — المجاز,طَمَحَ,APPROVED,,يتعدّى بإلى
AR01224,أُمْنِيَة,اسم جامد,366,6429,ما يرجو المرء حصوله أو يتمنّاه.,مني,أُفْعُولَةٌ,roots-4662:مني:المحكم — المعاني,roots-4662:مني:مقاييس — المحور,,أُمْنِيَة,APPROVED,,أصلها أُمْنُويَة | WAZN_L2_005 ← أُفْعُولٌ
AR01225,تَمَنَّى,فعل,366,6430;6684,رغب في حصول أمر يبعد وقوعه أو يستحيل.,مني,تَفَعَّلَ,roots-4662:مني:المحكم — المعاني,roots-4662:مني:مقاييس — المحور,,تَمَنَّى,APPROVED,,
AR01226,وَدَّ,فعل,366,6430;6684;17678,أحبّ حصول الأمر وتمنّاه.,ودد,فَعِلَ,roots-4662:ودد:المحكم — المعاني,roots-4662:ودد:مقاييس — المحور,,وَدَّ,APPROVED,,
AR01228,طُمُوح,مصدر,366,6595;6702,تطلّع المرء إلى بلوغ غاية بعيدة.,طمح,فُعُولٌ,v21:طمح:المحكم — المعاني,v21:طمح:مقاييس — المحور,v21:طمح:الأساس — المجاز,طُمُوح,APPROVED,,WAZN ← L2_015 المالك
AR01230,رَجَا,فعل,366,6604,أمّل حصول أمر محبوب يتوقّعه.,رجو,فَعَلَ,roots-4662:رجو:المحكم — المعاني,,roots-4662:رجو:الأساس — المجاز,رَجَا,APPROVED,,
AR01233,رَجَاء,مصدر,366,6605,ترقّب حصول المحبوب مع ظنّ وقوعه.,رجو,فَعَالٍ,roots-4662:رجو:المحكم — المعاني,,roots-4662:رجو:الأساس — المجاز,رَجَاء,APPROVED,,WAZN ← SIBAWAYH_EXISTS
AR01237,أَمَلًا فِي,تركيب,366,9844;18389,رغبةً في حصول أمر يُرجى.,,,,,,أَمَلًا فِي,APPROVED,,
AR01238,طَمَعًا فِي,تركيب,366,9844,رغبةً في نيل أمر يُطلب.,,,,,,طَمَعًا فِي,APPROVED,,
AR01239,مُتَحَفِّز,اسم فاعل,366,10287,متأهّب شديد الرغبة في الإقدام على أمر.,حفز,مُتَفَعِّلٌ,v21:حفز:المحكم — المعاني,v21:حفز:مقاييس — المحور,,مُتَحَفِّز,APPROVED,,WAZN ← L2_006 فا من تَفَعَّلَ
AR01242,مَرْغُوب,اسم مفعول,366,13267,ما تميل إليه النفوس وتطلبه.,رغب,مَفْعُولٌ,roots-4662:رغب:المحكم — المعاني,roots-4662:رغب:مقاييس — المحور,roots-4662:رغب:الأساس — المجاز,مَرْغُوب,APPROVED,,
AR01243,مَنْشُود,اسم مفعول,366,13267,ما يُطلب ويُسعى إلى بلوغه.,نشد,مَفْعُولٌ,roots-4662:نشد:المحكم — المعاني,roots-4662:نشد:مقاييس — المحور,roots-4662:نشد:الأساس — المجاز,مَنْشُود,APPROVED,,
AR01244,مُرَاد,اسم مفعول,366,13267,ما يريده المرء ويقصده.,رود,مُفْعَلٌ,roots-4662:رود:المحكم — المعاني,roots-4662:رود:مقاييس — المحور,,مُرَاد,APPROVED,,معتل العين | WAZN ← SIBAWAYH_EXISTS
AR01246,إِرَادَة,مصدر,366,13858,ميل النفس إلى أمر وعزمها عليه.,رود,إِفْعَالَةٌ,roots-4662:رود:المحكم — المعاني,roots-4662:رود:مقاييس — المحور,,إِرَادَة,APPROVED,,معتل العين | WAZN_L2_005 ← إِفْعَالٌ
AR01247,كَارِه,اسم فاعل,366,15556;15557,مَن لا يرغب في الأمر ونفسه تأباه.,كره,فَاعِلٌ,roots-4662:كره:المحكم — المعاني,roots-4662:كره:مقاييس — المحور,roots-4662:كره:الأساس — المجاز,كَارِه,APPROVED,,
AR01249,نَزْوَة,اسم مرة,366,18539,رغبة مفاجئة طارئة تدفع إلى فعل.,نزو,فَعْلَةٌ,roots-4662:نزو:المحكم — المعاني,roots-4662:نزو:مقاييس — النص,roots-4662:نزو:الأساس — المجاز,نَزْوَة,APPROVED,,POS_L2_007:ISM_MARRA اسم مرة لا مقابل له في قائمة الأقسام المغلقة؛ وُسم مصدراً مؤقتاً | WAZN_L2_005 ← فَعْلٌ
AR01250,هَوِيَ,فعل,366,,أحبّ الشيء ومالت نفسه إليه.,هوي,فَعِلَ,roots-4662:هوي:المحكم — المعاني,roots-4662:هوي:مقاييس — المحور,roots-4662:هوي:الأساس — المجاز,هَوِيَ,APPROVED,,AR_ONLY
AR01251,هَوَى,مصدر,366,,ميل النفس إلى ما تشتهيه.,هوي,فَعَلٌ,roots-4662:هوي:المحكم — المعاني,roots-4662:هوي:مقاييس — المحور,roots-4662:هوي:الأساس — المجاز,هَوَى,APPROVED,,AR_ONLY
AR01253,صَبَا,فعل,366,,مال بقلبه إلى الشيء واشتاق إليه.,صبو,فَعَلَ,v21:صبو:المحكم — المعاني,,v21:صبو:الأساس — المجاز,صَبَا,APPROVED,,AR_ONLY؛ يتعدّى بإلى
AR01254,رَامَ,فعل,366,,طلب الشيء وقصد إلى نيله.,روم,فَعَلَ,roots-4662:روم:المحكم — المعاني,roots-4662:روم:مقاييس — المحور,,رَامَ,APPROVED,,AR_ONLY؛ معتل العين
AR01255,نَهِم,صفة مشبهة,366,,مفرط الرغبة في الشيء لا يشبع منه.,نهم,فَعِلٌ,roots-4662:نهم:المحكم — المعاني,roots-4662:نهم:مقاييس — المحور,roots-4662:نهم:الأساس — المجاز,نَهِم,APPROVED,,AR_ONLY
AR01256,غاضِب,اسم فاعل,46,769,من ثارت نفسه وانفعل على شخص أو أمر كرهه.,غضب,فَاعِلٌ,roots-4662:غضب:المحكم — المعاني,roots-4662:غضب:مقاييس — المحور,roots-4662:غضب:الأساس — المجاز,غاضِب,APPROVED,,
AR01257,غَضْبان,صفة مشبهة,46,769,من امتلأت نفسه غضبًا على شخص أو أمر.,غضب,فَعْلانُ,roots-4662:غضب:المحكم — المعاني,roots-4662:غضب:مقاييس — المحور,roots-4662:غضب:الأساس — المجاز,غَضْبان,APPROVED,,
AR01258,مُرْتاع,اسم فاعل,46,771;6949;8777;8800;8835,من أفزعه أمر هائل فاضطرب له.,روع,مُفْتَعِلٌ,roots-4662:روع:المحكم — المعاني,roots-4662:روع:مقاييس — المحور,roots-4662:روع:الأساس — المجاز,مُرْتاع,APPROVED,,WAZN ← L2_006 فا من اِفْتَعَلَ
AR01260,مُنْزَعِج,اسم فاعل,46,772;779;6956;8861,من أقلقه أمر وكدّر صفوه.,زعج,مُنْفَعِلٌ,roots-4662:زعج:المحكم — المعاني,roots-4662:زعج:مقاييس — المحور,,مُنْزَعِج,APPROVED,,WAZN ← L2_006 فا من اِنْفَعَلَ
AR01262,خائِب الأَمَل,تركيب,46,773,من لم يتحقق ما كان يرجوه فحزن لذلك.,,,,,,خائِب الأَمَل,APPROVED,,
AR01266,مُمْتَعِض,اسم فاعل,46,776;4333;8805;8873;8876,من شقّ عليه أمر فغضب منه غضبًا يسيرًا.,معض,مُفْتَعِلٌ,roots-4662:معض:المحكم — المعاني,roots-4662:معض:مقاييس — النص,,مُمْتَعِض,APPROVED,,WAZN ← L2_006 فا من اِفْتَعَلَ
AR01267,مَسْرُور,اسم مفعول,46,777;7221;8792;8832,من أدخل عليه أمر السرور.,سرر,مَفْعُولٌ,roots-4662:سرر:المحكم — المعاني,roots-4662:سرر:مقاييس — النص,roots-4662:سرر:الأساس — المجاز,مَسْرُور,APPROVED,,
AR01269,مُسْتاء,اسم فاعل,46,778;779;4333;8805;8874,من ساءه أمر فكرهه وتكدّر منه.,سوء,مُفْتَعِلٌ,roots-4662:سوء:المحكم — المعاني,,,مُسْتاء,APPROVED,,WAZN ← L2_006 فا من اِفْتَعَلَ
AR01271,مُتَكَدِّر,اسم فاعل,46,779,من ذهب صفاء نفسه لأمر ساءه.,كدر,مُتَفَعِّلٌ,roots-4662:كدر:المحكم — المعاني,roots-4662:كدر:مقاييس — المحور,roots-4662:كدر:الأساس — المجاز,مُتَكَدِّر,APPROVED,,WAZN ← L2_006 فا من تَفَعَّلَ
AR01272,مَذْعُور,اسم مفعول,46,4327;6952,من تملّكه الخوف الشديد حتى شلّ حركته.,ذعر,مَفْعُولٌ,roots-4662:ذعر:المحكم — المعاني,roots-4662:ذعر:مقاييس — المحور,,مَذْعُور,APPROVED,,
AR01273,مَرْعُوب,اسم مفعول,46,4327;6952;8839,من ملأ الرعب قلبه.,رعب,مَفْعُولٌ,roots-4662:رعب:المحكم — المعاني,roots-4662:رعب:مقاييس — المحور,roots-4662:رعب:الأساس — المجاز,مَرْعُوب,APPROVED,,
AR01275,خَجِل,صفة مشبهة,46,6932;7141;8779,من استحيا واضطرب لأمر صدر منه أو وقع عليه.,خجل,فَعِلٌ,roots-4662:خجل:المحكم — المعاني,roots-4662:خجل:مقاييس — المحور,,خَجِل,APPROVED,,
AR01276,قَلِق,صفة مشبهة,46,6934;6955;7106;7112;8787;8878,من اضطربت نفسه وانشغلت خوفًا مما قد يقع.,قلق,فَعِلٌ,roots-4662:قلق:المحكم — المعاني,roots-4662:قلق:مقاييس — المحور,,قَلِق,APPROVED,,
AR01279,مُتَلَهِّف,اسم فاعل,46,6937,من اشتد شوقه وتطلعه إلى أمر.,لهف,مُتَفَعِّلٌ,roots-4662:لهف:المحكم — المعاني,roots-4662:لهف:مقاييس — المحور,,مُتَلَهِّف,APPROVED,,WAZN ← L2_006 فا من تَفَعَّلَ
AR01281,مُرْتَبِك,اسم فاعل,46,6941;7114;7142;7146;7196;8796;8797;8877,من اختلط عليه أمره فلم يدر ما يفعل.,ربك,مُفْتَعِلٌ,roots-4662:ربك:المحكم — المعاني,roots-4662:ربك:مقاييس — المحور,roots-4662:ربك:الأساس — المجاز,مُرْتَبِك,APPROVED,,WAZN ← L2_006 فا من اِفْتَعَلَ
AR01282,مُرْتاح,اسم فاعل,46,6942,من سكنت نفسه وزال عنه التعب والقلق.,روح,مُفْتَعِلٌ,roots-4662:روح:المحكم — المعاني,roots-4662:روح:مقاييس — المحور,roots-4662:روح:الأساس — المجاز,مُرْتاح,APPROVED,,WAZN ← L2_006 فا من اِفْتَعَلَ
AR01283,مُطْمَئِنّ,اسم فاعل,46,6942;8788;17674,من سكنت نفسه وزال عنها القلق.,طمءن,مُفْعَلِلٌّ,v21:طمأن:المحكم — المعاني,,,مُطْمَئِنّ,APPROVED,,WAZN ← L2_015 المالك
AR01284,ناقِم,اسم فاعل,46,6943;8806;8836,من أنكر على غيره أمرًا وحمل عليه غضبًا مستقرًا.,نقم,فَاعِلٌ,roots-4662:نقم:المحكم — المعاني,roots-4662:نقم:مقاييس — المحور,,ناقِم,APPROVED,,
AR01287,مُتَقَزِّز,اسم فاعل,46,6944,من عافت نفسه شيئًا مستقذرًا.,قزز,مُتَفَعِّلٌ,,roots-4662:قزز:مقاييس — النص,,مُتَقَزِّز,APPROVED,,WAZN ← L2_006 فا من تَفَعَّلَ
AR01289,كَئِيب,صفة مشبهة,46,6945;7148;7149;7150;7151;7152;7155;8793,من ساءت حاله وانكسرت نفسه من الحزن.,كءب,فَعِيلٌ,roots-4662:كءب:المحكم — المعاني,roots-4662:كءب:مقاييس — المحور,roots-4662:كءب:الأساس — المجاز,كَئِيب,APPROVED,,
AR01292,مُتَوَتِّر,اسم فاعل,46,6950;7186;8776;8872,من اشتد قلقه وشدّ أعصابه ترقبًا لأمر.,وتر,مُتَفَعِّلٌ,roots-4662:وتر:المحكم — المعاني,roots-4662:وتر:مقاييس — النص,roots-4662:وتر:الأساس — المجاز,مُتَوَتِّر,APPROVED,,WAZN ← L2_006 فا من تَفَعَّلَ
AR01293,مَكْرُوب,اسم مفعول,46,6950;7113;8800;8802,من اشتد عليه الغمّ وضاقت نفسه.,كرب,مَفْعُولٌ,roots-4662:كرب:المحكم — المعاني,roots-4662:كرب:مقاييس — المحور,roots-4662:كرب:الأساس — المجاز,مَكْرُوب,APPROVED,,
AR01295,مَذْهُول,اسم مفعول,46,6951;7191;8781,من غاب عن رشده لشدة ما فاجأه.,ذهل,مَفْعُولٌ,roots-4662:ذهل:المحكم — المعاني,roots-4662:ذهل:مقاييس — المحور,,مَذْهُول,APPROVED,,
AR01297,مُتَأَلِّم,اسم فاعل,46,6953;7188;7200,من يجد ألمًا شديدًا في نفسه.,ءلم,مُتَفَعِّلٌ,v21:ألم:المحكم — المعاني,v21:ألم:مقاييس — المحور,,مُتَأَلِّم,APPROVED,,WAZN ← L2_006 فا من تَفَعَّلَ
AR01298,مَكْلُوم,اسم مفعول,46,6954;8834,من جرحته مصيبة في نفسه جرحًا باقي الأثر.,كلم,مَفْعُولٌ,roots-4662:كلم:المحكم — المعاني,roots-4662:كلم:مقاييس — المحور,roots-4662:كلم:الأساس — المجاز,مَكْلُوم,APPROVED,,
AR01299,مَهْمُوم,اسم مفعول,46,7106;8787,من شغل الهمّ قلبه بما يخشاه.,همم,مَفْعُولٌ,roots-4662:همم:المحكم — المعاني,,,مَهْمُوم,APPROVED,,
AR01300,مُرْهَق,اسم مفعول,46,7113,من أثقلته الهموم والمطالب حتى ضاق بها.,رهق,مُفْعَلٌ,roots-4662:رهق:المحكم — المعاني,roots-4662:رهق:مقاييس — المحور,roots-4662:رهق:الأساس — المجاز,مُرْهَق,APPROVED,,
AR01301,مُهان,اسم مفعول,46,7143;7163,من نيل من كرامته فشعر بالهوان.,هون,مُفْعَلٌ,roots-4662:هون:المحكم — المعاني,roots-4662:هون:مقاييس — المحور,,مُهان,APPROVED,,
AR01302,ذَلِيل,صفة مشبهة,46,7143,من هانت نفسه وانكسرت بإهانة.,ذلل,فَعِيلٌ,roots-4662:ذلل:المحكم — المعاني,roots-4662:ذلل:مقاييس — المحور,roots-4662:ذلل:الأساس — المجاز,ذَلِيل,APPROVED,,
AR01306,واجِم,اسم فاعل,46,7149;17694,من سكت عن الكلام من شدة الحزن أو الغيظ.,وجم,فَاعِلٌ,roots-4662:وجم:المحكم — المعاني,roots-4662:وجم:مقاييس — المحور,,واجِم,APPROVED,,
AR01307,كاسِف البال,تركيب,46,7150;7157;8790,سيئ الحال منكسر النفس من الحزن.,,,,,,كاسِف البال,APPROVED,,
AR01310,شَقِيّ,صفة مشبهة,46,7153,من لزمه العناء وسوء الحال.,شقو,فَعِيلٌ,v21:شقو:المحكم — المعاني,v21:شقو:مقاييس — المحور,v21:شقو:الأساس — المجاز,شَقِيّ,APPROVED,,
AR01311,مُكْتَئِب,اسم فاعل,46,7155;7158;8790;8793,من غلب عليه الحزن وانطفأ نشاطه.,كءب,مُفْتَعِلٌ,roots-4662:كءب:المحكم — المعاني,roots-4662:كءب:مقاييس — المحور,roots-4662:كءب:الأساس — المجاز,مُكْتَئِب,APPROVED,,WAZN ← L2_006 فا من اِفْتَعَلَ
AR01312,يائِس,اسم فاعل,46,7156;8799,من انقطع رجاؤه مما كان يأمله.,يءس,فَاعِلٌ,roots-4662:يءس:المحكم — المعاني,roots-4662:يءس:مقاييس — المحور,roots-4662:يءس:الأساس — المجاز,يائِس,APPROVED,,
AR01313,قانِط,اسم فاعل,46,7156,من بلغ أشد اليأس.,قنط,فَاعِلٌ,roots-4662:قنط:المحكم — المعاني,roots-4662:قنط:مقاييس — النص,,قانِط,APPROVED,,
AR01314,مُنْكَسِر,اسم فاعل,46,7157;7159;15175,من انكسرت نفسه بخيبة أو مصيبة.,كسر,مُنْفَعِلٌ,roots-4662:كسر:المحكم — المعاني,roots-4662:كسر:مقاييس — المحور,roots-4662:كسر:الأساس — المجاز,مُنْكَسِر,APPROVED,,WAZN ← L2_006 فا من اِنْفَعَلَ
AR01315,مُنْقَبِض,اسم فاعل,46,7158;7161,من ضاق صدره وذهب انشراحه.,قبض,مُنْفَعِلٌ,roots-4662:قبض:المحكم — المعاني,roots-4662:قبض:مقاييس — المحور,roots-4662:قبض:الأساس — المجاز,مُنْقَبِض,APPROVED,,WAZN ← L2_006 فا من اِنْفَعَلَ
AR01316,خائِب,اسم فاعل,46,7159,من لم ينل ما أمّله فانكسرت نفسه.,خيب,فَاعِلٌ,roots-4662:خيب:المحكم — المعاني,roots-4662:خيب:مقاييس — المحور,roots-4662:خيب:الأساس — المجاز,خائِب,APPROVED,,
AR01317,ساخِط,اسم فاعل,46,7160;8836,من كره أمرًا ولم يرض به فغضب منه.,سخط,فَاعِلٌ,,,,ساخِط,APPROVED,,
AR01319,مَشْدُوه,اسم مفعول,46,7162;8871,من تحيّر وذهل لأمر عجيب.,شده,مَفْعُولٌ,v21:شده:المحكم — المعاني,v21:شده:مقاييس — النص,,مَشْدُوه,APPROVED,,
AR01320,واجِد,اسم فاعل,46,7163;8874,من غضب على صاحبه لإساءة نالته منه.,وجد,فَاعِلٌ,roots-4662:وجد:المحكم — المعاني,roots-4662:وجد:مقاييس — المحور,roots-4662:وجد:الأساس — المجاز,واجِد,APPROVED,,
AR01321,مُغْضَب,اسم مفعول,46,7164;8808;8837,من أثير غضبه حتى بلغ منه مبلغًا شديدًا.,غضب,مُفْعَلٌ,roots-4662:غضب:المحكم — المعاني,roots-4662:غضب:مقاييس — المحور,roots-4662:غضب:الأساس — المجاز,مُغْضَب,APPROVED,,
AR01322,مُهْتاج,اسم فاعل,46,7186,من ثارت نفسه واشتد انفعالها.,هيج,مُفْتَعِلٌ,roots-4662:هيج:المحكم — المعاني,roots-4662:هيج:مقاييس — المحور,roots-4662:هيج:الأساس — المجاز,مُهْتاج,APPROVED,,WAZN ← L2_006 فا من اِفْتَعَلَ
AR01323,مُغْتاظ,اسم فاعل,46,7187;8809;8837;8873,من امتلأ صدره غيظًا مما نزل به.,غيظ,مُفْتَعِلٌ,roots-4662:غيظ:المحكم — المعاني,roots-4662:غيظ:مقاييس — المحور,roots-4662:غيظ:الأساس — المجاز,مُغْتاظ,APPROVED,,WAZN ← L2_006 فا من اِفْتَعَلَ
AR01324,مُسْتَفَزّ,اسم مفعول,46,7187,من استُثير غضبه بما يُهيّجه.,فزز,مُسْتَفْعَلٌ,roots-4662:فزز:المحكم — المعاني,roots-4662:فزز:مقاييس — المحور,,مُسْتَفَزّ,APPROVED,,WAZN ← L2_006 مف من اِسْتَفْعَلَ
AR01325,مُتَوَجِّع,اسم فاعل,46,7188,من يشكو ألمًا نفسيًا شديدًا.,وجع,مُتَفَعِّلٌ,roots-4662:وجع:المحكم — المعاني,roots-4662:وجع:مقاييس — النص,,مُتَوَجِّع,APPROVED,,WAZN ← L2_006 فا من تَفَعَّلَ
AR01326,مُشَوَّش,اسم مفعول,46,7196;8801,من اختلط عليه فكره فلم يتبين أمره.,شوش,مُفَعَّلٌ,,,,مُشَوَّش,APPROVED,,WAZN ← L2_006 مف من فَعَّلَ
AR01327,مُلْتاع,اسم فاعل,46,7200,من أحرق الحزن أو الشوق قلبه.,لوع,مُفْتَعِلٌ,roots-4662:لوع:المحكم — المعاني,,,مُلْتاع,APPROVED,,WAZN ← L2_006 فا من اِفْتَعَلَ
AR01328,سَعِيد,صفة مشبهة,46,7221,من طابت نفسه وانشرح صدره.,سعد,فَعِيلٌ,roots-4662:سعد:المحكم — المعاني,roots-4662:سعد:مقاييس — المحور,roots-4662:سعد:الأساس — المجاز,سَعِيد,APPROVED,,
AR01329,فَرِح,صفة مشبهة,46,7221,من امتلأت نفسه سرورًا بأمر.,فرح,فَعِلٌ,roots-4662:فرح:المحكم — المعاني,roots-4662:فرح:مقاييس — المحور,,فَرِح,APPROVED,,
AR01331,تَقَزُّز,مصدر,46,7252,عيافة النفس للشيء المستقذر.,قزز,تَفَعُّلٌ,,roots-4662:قزز:مقاييس — النص,,تَقَزُّز,APPROVED,,WAZN ← L2_006 مص من تَفَعَّلَ
AR01332,اِنْزِعاج,مصدر,46,7253;7263,قلق النفس وتكدّرها مما يضايقها.,زعج,اِنْفِعَالٌ,roots-4662:زعج:المحكم — المعاني,roots-4662:زعج:مقاييس — المحور,,اِنْزِعاج,APPROVED,,WAZN ← L2_006 مص من اِنْفَعَلَ
AR01334,غَضَب,مصدر,46,7254,انفعال يثور في النفس عند إساءة أو مكروه يصيبها.,غضب,فَعَلٌ,roots-4662:غضب:المحكم — المعاني,roots-4662:غضب:مقاييس — المحور,roots-4662:غضب:الأساس — المجاز,غَضَب,APPROVED,,
AR01335,سُخْط,مصدر,46,7254;7278;14759,كراهية الأمر وعدم الرضا به مع غضب على فاعله.,سخط,فُعْلٌ,,,,سُخْط,APPROVED,,
AR01336,لَوْعَة,مصدر,46,7261;7302,حرقة في القلب من حزن أو شوق.,لوع,فَعْلَةٌ,roots-4662:لوع:المحكم — المعاني,,,لَوْعَة,APPROVED,,WAZN_L2_005 ← فَعْلٌ
AR01337,كَرْب,مصدر,46,7261;7298,الغمّ الشديد الذي يأخذ بالنفس.,كرب,فَعْلٌ,roots-4662:كرب:المحكم — المعاني,roots-4662:كرب:مقاييس — المحور,roots-4662:كرب:الأساس — المجاز,كَرْب,APPROVED,,
AR01339,اِمْتِعاض,مصدر,46,7263;7284,غضب يسير يجده المرء مما يشق عليه.,معض,اِفْتِعَالٌ,roots-4662:معض:المحكم — المعاني,roots-4662:معض:مقاييس — النص,,اِمْتِعاض,APPROVED,,WAZN ← L2_006 مص من اِفْتَعَلَ
AR01340,يَأْس,مصدر,46,7264;8794,انقطاع الرجاء من الأمر.,يءس,فَعْلٌ,roots-4662:يءس:المحكم — المعاني,roots-4662:يءس:مقاييس — المحور,roots-4662:يءس:الأساس — المجاز,يَأْس,APPROVED,,
AR01341,قُنُوط,مصدر,46,7264;8794,أشد اليأس من الخير.,قنط,فُعُولٌ,roots-4662:قنط:المحكم — المعاني,roots-4662:قنط:مقاييس — النص,,قُنُوط,APPROVED,,WAZN ← L2_015 المالك
AR01342,قَلَق,مصدر,46,7265;10660,اضطراب النفس وانشغالها خوفًا من مكروه متوقع.,قلق,فَعَلٌ,roots-4662:قلق:المحكم — المعاني,roots-4662:قلق:مقاييس — المحور,,قَلَق,APPROVED,,
AR01345,نَشْوَة,مصدر,46,7266;7288,ارتياح وطرب يغمر النفس.,نشو,فَعْلَةٌ,roots-4662:نشو:المحكم — المعاني,,roots-4662:نشو:الأساس — المجاز,نَشْوَة,APPROVED,,WAZN_L2_005 ← فَعْلٌ
AR01347,دَهْشَة,مصدر,46,7270,تحيّر المرء أمام أمر مفاجئ عجيب.,دهش,فَعْلَةٌ,roots-4662:دهش:المحكم — المعاني,roots-4662:دهش:مقاييس — النص,,دَهْشَة,APPROVED,,WAZN_L2_005 ← فَعْلٌ
AR01349,اِرْتِباك,مصدر,46,7271;7277;7283,اختلاط الأمر على المرء واضطرابه فيه.,ربك,اِفْتِعَالٌ,roots-4662:ربك:المحكم — المعاني,roots-4662:ربك:مقاييس — المحور,roots-4662:ربك:الأساس — المجاز,اِرْتِباك,APPROVED,,WAZN ← L2_006 مص من اِفْتَعَلَ
AR01350,ذُهُول,مصدر,46,7274,غياب المرء عن رشده لدهشة أو فزع شديد.,ذهل,فُعُولٌ,roots-4662:ذهل:المحكم — المعاني,roots-4662:ذهل:مقاييس — المحور,,ذُهُول,APPROVED,,WAZN ← L2_015 المالك
AR01352,اِرْتِياع,مصدر,46,7276,فزع النفس واضطرابها من أمر هائل.,روع,اِفْتِعَالٌ,roots-4662:روع:المحكم — المعاني,roots-4662:روع:مقاييس — المحور,roots-4662:روع:الأساس — المجاز,اِرْتِياع,APPROVED,,WAZN ← L2_006 مص من اِفْتَعَلَ
AR01356,تَشَوُّش,مصدر,46,7279,اختلاط الفكر واضطرابه.,شوش,تَفَعُّلٌ,,,,تَشَوُّش,APPROVED,,WAZN ← L2_006 مص من تَفَعَّلَ
AR01358,وُجُوم,مصدر,46,7281,سكوت المرء عن الكلام من شدة الحزن.,وجم,فُعُولٌ,roots-4662:وجم:المحكم — المعاني,roots-4662:وجم:مقاييس — المحور,,وُجُوم,APPROVED,,WAZN ← L2_015 المالك
AR01359,كَآبَة,مصدر,46,7281;7285;7305,سوء الحال وانكسار النفس من الحزن.,كءب,فَعَالَةٌ,roots-4662:كءب:المحكم — المعاني,roots-4662:كءب:مقاييس — المحور,roots-4662:كءب:الأساس — المجاز,كَآبَة,APPROVED,,WAZN ← L2_015 المالك
AR01360,اِسْتِياء,مصدر,46,7284,تكدّر النفس وكراهيتها لأمر ساءها.,سوء,اِفْتِعَالٌ,roots-4662:سوء:المحكم — المعاني,,,اِسْتِياء,APPROVED,,WAZN ← L2_006 مص من اِفْتَعَلَ
AR01361,اِكْتِئاب,مصدر,46,7285,غلبة الحزن على النفس وانطفاء نشاطها.,كءب,اِفْتِعَالٌ,roots-4662:كءب:المحكم — المعاني,roots-4662:كءب:مقاييس — المحور,roots-4662:كءب:الأساس — المجاز,اِكْتِئاب,APPROVED,,WAZN ← L2_006 مص من اِفْتَعَلَ
AR01364,غَمّ,مصدر,46,7286;7298,حزن يغطي القلب ويضيّق الصدر.,غمم,فَعْلٌ,roots-4662:غمم:المحكم — المعاني,roots-4662:غمم:مقاييس — المحور,roots-4662:غمم:الأساس — المجاز,غَمّ,APPROVED,,
AR01365,خَجَل,مصدر,46,7287,استحياء يعتري المرء فيضطرب ويحمرّ وجهه.,خجل,فَعَلٌ,roots-4662:خجل:المحكم — المعاني,roots-4662:خجل:مقاييس — المحور,,خَجَل,APPROVED,,
AR01366,خَيْبَة,مصدر,46,7289,حرمان المرء ما أمّله وحزنه على ذلك.,خيب,فَعْلَةٌ,roots-4662:خيب:المحكم — المعاني,roots-4662:خيب:مقاييس — المحور,roots-4662:خيب:الأساس — المجاز,خَيْبَة,APPROVED,,WAZN_L2_005 ← فَعْلٌ
AR01368,غَيْظ,مصدر,46,7290;13651,أشد الغضب يكتمه صاحبه في صدره.,غيظ,فَعْلٌ,roots-4662:غيظ:المحكم — المعاني,roots-4662:غيظ:مقاييس — المحور,roots-4662:غيظ:الأساس — المجاز,غَيْظ,APPROVED,,
AR01369,نَفاد الصَّبْر,تركيب,46,7290,عجز المرء عن احتمال ما يغيظه بعد طول مقاساة.,,,,,,نَفاد الصَّبْر,APPROVED,,
AR01370,تَوَتُّر,مصدر,46,7291,شدة القلق وانشداد النفس ترقبًا لأمر.,وتر,تَفَعُّلٌ,roots-4662:وتر:المحكم — المعاني,roots-4662:وتر:مقاييس — النص,roots-4662:وتر:الأساس — المجاز,تَوَتُّر,APPROVED,,WAZN ← L2_006 مص من تَفَعَّلَ
AR01372,مَلَل,مصدر,46,7293,سآمة النفس من الشيء لطوله أو تكراره.,ملل,فَعَلٌ,roots-4662:ملل:المحكم — المعاني,roots-4662:ملل:مقاييس — المحور,,مَلَل,APPROVED,,
AR01373,سَأَم,مصدر,46,7293,ضجر النفس وملالها من الشيء.,سءم,فَعَلٌ,roots-4662:سءم:المحكم — المعاني,,,سَأَم,APPROVED,,
AR01374,خَزْيان,صفة مشبهة,46,7299;8779;8840,من استحيا أشد الاستحياء مما صدر منه.,خزي,فَعْلانُ,roots-4662:خزي:المحكم — المعاني,,,خَزْيان,APPROVED,,
AR01375,اِنْفِعال,مصدر,46,7300,تأثر النفس وهياجها بما يرد عليها.,فعل,اِنْفِعَالٌ,roots-4662:فعل:المحكم — المعاني,roots-4662:فعل:مقاييس — المحور,,اِنْفِعال,APPROVED,,WAZN ← L2_006 مص من اِنْفَعَلَ
AR01377,رِضا,مصدر,46,7301,طيب النفس بما نالها وقبولها له.,رضو,فِعَلٌ,roots-4662:رضو:المحكم — المعاني,,,رِضا,APPROVED,,
AR01380,رُعْب,مصدر,46,7303,الخوف الشديد الذي يملأ القلب.,رعب,فُعْلٌ,roots-4662:رعب:المحكم — المعاني,roots-4662:رعب:مقاييس — المحور,roots-4662:رعب:الأساس — المجاز,رُعْب,APPROVED,,
AR01381,فَزَع,مصدر,46,7303,انقباض النفس ونفارها من أمر مخيف مفاجئ.,فزع,فَعَلٌ,roots-4662:فزع:المحكم — المعاني,roots-4662:فزع:مقاييس — المحور,,فَزَع,APPROVED,,
AR01382,خِزْي,مصدر,46,7304,الاستحياء الشديد مع انكسار من فضيحة أو ذلة.,خزي,فِعْلٌ,roots-4662:خزي:المحكم — المعاني,,,خِزْي,APPROVED,,
AR01383,مَذَلَّة,مصدر,46,7304,الهوان وانكسار النفس بإهانة.,ذلل,مَفْعَلَةٌ,roots-4662:ذلل:المحكم — المعاني,roots-4662:ذلل:مقاييس — المحور,roots-4662:ذلل:الأساس — المجاز,مَذَلَّة,APPROVED,,WAZN_L2_005 ← مَفْعَلٌ
AR01386,فَزِع,صفة مشبهة,46,8777;8839,من أخذه الذعر فجأة من أمر مخيف.,فزع,فَعِلٌ,roots-4662:فزع:المحكم — المعاني,roots-4662:فزع:مقاييس — المحور,,فَزِع,APPROVED,,
AR01387,مُسْتَمْتِع,اسم فاعل,46,8778,من وجد لذة وأنسًا فيما يشاهده أو يسمعه.,متع,مُسْتَفْعِلٌ,roots-4662:متع:المحكم — المعاني,roots-4662:متع:مقاييس — المحور,roots-4662:متع:الأساس — المجاز,مُسْتَمْتِع,APPROVED,,WAZN ← L2_006 فا من اِسْتَفْعَلَ
AR01388,دَهِش,صفة مشبهة,46,8780,من تحيّر لأمر مفاجئ فذهب عقله عن غيره.,دهش,فَعِلٌ,roots-4662:دهش:المحكم — المعاني,roots-4662:دهش:مقاييس — النص,,دَهِش,APPROVED,,
AR01392,قانِع,اسم فاعل,46,8788,من رضي بما قسم له ولم يطلب غيره.,قنع,فَاعِلٌ,roots-4662:قنع:المحكم — المعاني,roots-4662:قنع:مقاييس — المحور,roots-4662:قنع:الأساس — المجاز,قانِع,APPROVED,,
AR01394,راغِب,اسم فاعل,46,8789,من مالت نفسه إلى شيء وأحبت حصوله.,رغب,فَاعِلٌ,roots-4662:رغب:المحكم — المعاني,roots-4662:رغب:مقاييس — المحور,roots-4662:رغب:الأساس — المجاز,راغِب,APPROVED,,
AR01396,سُرُور,مصدر,46,8791,انشراح الصدر بلذة أو نيل مطلوب.,سرر,فُعُولٌ,roots-4662:سرر:المحكم — المعاني,roots-4662:سرر:مقاييس — النص,roots-4662:سرر:الأساس — المجاز,سُرُور,APPROVED,,WAZN ← L2_015 المالك
AR01399,مَفْجُوع,اسم مفعول,46,8795;8833,من نزلت به مصيبة أوجعته في عزيز.,فجع,مَفْعُولٌ,roots-4662:فجع:المحكم — المعاني,roots-4662:فجع:مقاييس — النص,,مَفْجُوع,APPROVED,,
AR01403,مَغْمُوم,اسم مفعول,46,8802,من غشيه الغمّ وأثقل قلبه.,غمم,مَفْعُولٌ,roots-4662:غمم:المحكم — المعاني,roots-4662:غمم:مقاييس — المحور,roots-4662:غمم:الأساس — المجاز,مَغْمُوم,APPROVED,,
AR01405,نَشْوان,صفة مشبهة,46,8803;8810,من غمرته نشوة الفرح.,نشو,فَعْلانُ,roots-4662:نشو:المحكم — المعاني,,roots-4662:نشو:الأساس — المجاز,نَشْوان,APPROVED,,
AR01406,جَذِل,صفة مشبهة,46,8804;8831,من اشتد فرحه وظهر عليه.,جذل,فَعِلٌ,v21:جذل:المحكم — المعاني,v21:جذل:مقاييس — المحور,v21:جذل:الأساس — المجاز,جَذِل,APPROVED,,
AR01407,نافِد الصَّبْر,تركيب,46,8809,من لم يعد يحتمل ما يغيظه أو يطول عليه.,,,,,,نافِد الصَّبْر,APPROVED,,
AR01408,جَذْلان,صفة مشبهة,46,8831;8862;8875,من غمره الفرح بظفر أو بشرى.,جذل,فَعْلانُ,v21:جذل:المحكم — المعاني,v21:جذل:مقاييس — المحور,v21:جذل:الأساس — المجاز,جَذْلان,APPROVED,,
AR01409,مُنْكَسِر القَلْب,تركيب,46,8834,من فتّت الحزن قلبه بفقد أو خيبة.,,,,,,مُنْكَسِر القَلْب,APPROVED,,
AR01410,مَفْزُوع,اسم مفعول,46,8835,من أصابه الفزع من أمر هائل.,فزع,مَفْعُولٌ,roots-4662:فزع:المحكم — المعاني,roots-4662:فزع:مقاييس — المحور,,مَفْزُوع,APPROVED,,
AR01411,خائِف,اسم فاعل,46,8839,من توقّع مكروهًا فاضطربت نفسه منه.,خوف,فَاعِلٌ,roots-4662:خوف:المحكم — المعاني,roots-4662:خوف:مقاييس — المحور,roots-4662:خوف:الأساس — المجاز,خائِف,APPROVED,,
AR01412,جَذَل,مصدر,46,8843,الفرح الشديد الظاهر.,جذل,فَعَلٌ,v21:جذل:المحكم — المعاني,v21:جذل:مقاييس — المحور,v21:جذل:الأساس — المجاز,جَذَل,APPROVED,,
AR01413,فَرَح,مصدر,46,8843,لذة في القلب لنيل المشتهى.,فرح,فَعَلٌ,roots-4662:فرح:المحكم — المعاني,roots-4662:فرح:مقاييس — المحور,,فَرَح,APPROVED,,
AR01417,رَثَى,فعل,46,8847,رقّ لحال غيره وتوجّع له.,رثي,فَعَلَ,roots-4662:رثي:المحكم — المعاني,roots-4662:رثي:مقاييس — المحور,,رَثَى,APPROVED,,
AR01418,مُغْتَمّ,اسم فاعل,46,8856,من أصابه الغمّ لأمر ساءه.,غمم,مُفْتَعِلٌ,roots-4662:غمم:المحكم — المعاني,roots-4662:غمم:مقاييس — المحور,roots-4662:غمم:الأساس — المجاز,مُغْتَمّ,APPROVED,,WAZN ← L2_006 فا من اِفْتَعَلَ
AR01420,مُتَوَجِّس,اسم فاعل,46,8872,من أحسّ في نفسه خيفة مما قد يقع.,وجس,مُتَفَعِّلٌ,roots-4662:وجس:المحكم — المعاني,roots-4662:وجس:مقاييس — المحور,,مُتَوَجِّس,APPROVED,,WAZN ← L2_006 فا من تَفَعَّلَ
AR01421,اِهْتِمام,مصدر,46,8988,انشغال النفس بأمر وإقبالها عليه.,همم,اِفْتِعَالٌ,roots-4662:همم:المحكم — المعاني,,,اِهْتِمام,APPROVED,,WAZN ← L2_006 مص من اِفْتَعَلَ
AR01422,فُضُول,مصدر,46,8988,تطلع النفس إلى معرفة ما يعنيها وما لا يعنيها.,فضل,فُعُولٌ,roots-4662:فضل:المحكم — المعاني,roots-4662:فضل:مقاييس — المحور,,فُضُول,APPROVED,,WAZN ← L2_015 المالك
AR01423,هَمّ,مصدر,46,10660,حزن يشغل القلب بما يخشاه المرء.,همم,فَعْلٌ,roots-4662:همم:المحكم — المعاني,,,هَمّ,APPROVED,,
AR01424,ضاقَ ذَرْعًا,تركيب,46,10915,عجز عن احتمال أمر فضجر منه وتبرّم.,,,,,,ضاقَ ذَرْعًا,APPROVED,,
AR01425,مُولَع,اسم مفعول,46,13282,من تعلق قلبه بشيء تعلقًا شديدًا.,ولع,مُفْعَلٌ,roots-4662:ولع:المحكم — المعاني,roots-4662:ولع:مقاييس — المحور,,مُولَع,APPROVED,,
AR01428,اِسْتِنْكار,مصدر,46,14759,إنكار المرء أمرًا يراه قبيحًا مع غضب منه ونفور.,نكر,اِسْتِفْعَالٌ,roots-4662:نكر:المحكم — المعاني,roots-4662:نكر:مقاييس — المحور,,اِسْتِنْكار,APPROVED,,WAZN ← L2_006 مص من اِسْتَفْعَلَ
AR01429,مَرارَة,مصدر,46,17264,أسى ممزوج بالنقمة تخلّفه في النفس خيبة أو ظلم.,مرر,فَعَالَةٌ,roots-4662:مرر:المحكم — المعاني,roots-4662:مرر:مقاييس — المحور,roots-4662:مرر:الأساس — المجاز,مَرارَة,APPROVED,,WAZN ← L2_015 المالك
AR01430,نِقْمَة,مصدر,46,17264,غضب مستقر في النفس على من أساء أو ظلم.,نقم,فِعْلَةٌ,roots-4662:نقم:المحكم — المعاني,roots-4662:نقم:مقاييس — المحور,,نِقْمَة,APPROVED,,WAZN_L2_005 ← فِعْلٌ
AR01431,بِخَيْر,تركيب,46,17674;17689,في حال حسنة لا يشكو شيئًا.,,,,,,بِخَيْر,APPROVED,,
AR01433,شَقاء,مصدر,46,17693,العناء وسوء الحال الملازم للنفس.,شقو,فَعَالٍ,v21:شقو:المحكم — المعاني,v21:شقو:مقاييس — المحور,v21:شقو:الأساس — المجاز,شَقاء,APPROVED,,WAZN ← SIBAWAYH_EXISTS
AR01435,غَضِبَ,فعل,46,,ثارت نفسه وانفعل على من أساء إليه أو على أمر كرهه.,غضب,فَعِلَ,roots-4662:غضب:المحكم — المعاني,roots-4662:غضب:مقاييس — المحور,roots-4662:غضب:الأساس — المجاز,غَضِبَ,APPROVED,,AR_ONLY
AR01437,فَرِحَ,فعل,46,,امتلأت نفسه سرورًا بأمر ناله.,فرح,فَعِلَ,roots-4662:فرح:المحكم — المعاني,roots-4662:فرح:مقاييس — المحور,,فَرِحَ,APPROVED,,AR_ONLY
AR01438,اِغْتاظَ,فعل,46,,امتلأ صدره غيظًا من أمر أو شخص.,غيظ,اِفْتَعَلَ,roots-4662:غيظ:المحكم — المعاني,roots-4662:غيظ:مقاييس — المحور,roots-4662:غيظ:الأساس — المجاز,اِغْتاظَ,APPROVED,,AR_ONLY
AR01439,سَئِمَ,فعل,46,,ملّ الشيء وضجر منه لطوله أو تكراره.,سءم,فَعِلَ,roots-4662:سءم:المحكم — المعاني,,,سَئِمَ,APPROVED,,AR_ONLY
AR01443,مَقَتَ,فعل,48,855;856;865;878,أبغض الشيء أشدّ البغض.,مقت,فَعَلَ,roots-4662:مقت:المحكم — المعاني,roots-4662:مقت:مقاييس — المحور,,مَقَتَ,APPROVED,,
AR01447,هَوِيَ,فعل,48,857,مال قلبه إلى الشيء وأحبّه.,هوي,فَعِلَ,roots-4662:هوي:المحكم — المعاني,roots-4662:هوي:مقاييس — المحور,roots-4662:هوي:الأساس — المجاز,هَوِيَ,APPROVED,,
AR01448,اِسْتَمْتَعَ,فعل,48,861,وجد اللذة والمتعة في الشيء.,متع,اِسْتَفْعَلَ,roots-4662:متع:المحكم — المعاني,roots-4662:متع:مقاييس — المحور,roots-4662:متع:الأساس — المجاز,اِسْتَمْتَعَ,APPROVED,,
AR01450,يَئِسَ,فعل,48,863,انقطع رجاؤه وأمله.,يءس,فَعِلَ,roots-4662:يءس:المحكم — المعاني,roots-4662:يءس:مقاييس — المحور,roots-4662:يءس:الأساس — المجاز,يَئِسَ,APPROVED,,
AR01451,قَنَطَ,فعل,48,863,اشتدّ يأسه من الخير.,قنط,فَعَلَ,roots-4662:قنط:المحكم — المعاني,roots-4662:قنط:مقاييس — النص,,قَنَطَ,APPROVED,,ويقال قَنِطَ
AR01453,اِزْدَرَى,فعل,48,864,استخفّ بغيره وعابه.,زري,اِفْتَعَلَ,roots-4662:زري:المحكم — المعاني,roots-4662:زري:مقاييس — المحور,,اِزْدَرَى,APPROVED,,أُبدلت تاء الافتعال دالاً
AR01454,كَرِهَ,فعل,48,866;875,نفرت نفسه من الشيء ولم يرضه.,كره,فَعِلَ,roots-4662:كره:المحكم — المعاني,roots-4662:كره:مقاييس — المحور,roots-4662:كره:الأساس — المجاز,كَرِهَ,APPROVED,,
AR01455,خَشِيَ,فعل,48,867;872,خاف أمراً متوقعاً وحذره.,خشي,فَعِلَ,roots-4662:خشي:المحكم — المعاني,roots-4662:خشي:مقاييس — المحور,,خَشِيَ,APPROVED,,
AR01456,تَوَجَّسَ,فعل,48,867,أحسّ خيفة من أمر يتوقعه.,وجس,تَفَعَّلَ,roots-4662:وجس:المحكم — المعاني,roots-4662:وجس:مقاييس — المحور,,تَوَجَّسَ,APPROVED,,
AR01459,خَافَ,فعل,48,872,توقّع مكروهاً ففزع منه.,خوف,فَعِلَ,roots-4662:خوف:المحكم — المعاني,roots-4662:خوف:مقاييس — المحور,roots-4662:خوف:الأساس — المجاز,خَافَ,APPROVED,,أصله خَوِفَ
AR01462,أَحَبَّ,فعل,48,877;880,وجد الشيء موافقاً لهواه فمال إليه.,حبب,أَفْعَلَ,v21:حبب:المحكم — المعاني,v21:حبب:مقاييس — المحور,,أَحَبَّ,APPROVED,,
AR01464,وَدَّ,فعل,48,880,أحبّ الشيء وتمنّاه.,ودد,فَعِلَ,roots-4662:ودد:المحكم — المعاني,roots-4662:ودد:مقاييس — المحور,,وَدَّ,APPROVED,,أصله وَدِدَ
AR01465,تَفَجَّعَ,فعل,48,881,اشتدّ توجّعه على فقد عزيز.,فجع,تَفَعَّلَ,roots-4662:فجع:المحكم — المعاني,roots-4662:فجع:مقاييس — النص,,تَفَجَّعَ,APPROVED,,
AR01466,رَحِمَ,فعل,48,883,رقّ قلبه لغيره وعطف عليه.,رحم,فَعِلَ,roots-4662:رحم:المحكم — المعاني,roots-4662:رحم:مقاييس — المحور,roots-4662:رحم:الأساس — المجاز,رَحِمَ,APPROVED,,
AR01468,نَدِمَ,فعل,48,884,تأسّف على ما فعل وتمنّى أنه لم يكن.,ندم,فَعِلَ,roots-4662:ندم:المحكم — المعاني,roots-4662:ندم:مقاييس — المحور,,نَدِمَ,APPROVED,,
AR01470,اِسْتَاءَ,فعل,48,886,ساءه الأمر فكرهه وتكدّر منه.,سوء,اِفْتَعَلَ,roots-4662:سوء:المحكم — المعاني,,,اِسْتَاءَ,APPROVED,,
AR01471,نَقَمَ,فعل,48,886,أنكر الأمر على غيره وغضب منه.,نقم,فَعَلَ,roots-4662:نقم:المحكم — المعاني,roots-4662:نقم:مقاييس — المحور,,نَقَمَ,APPROVED,,ويقال نَقِمَ
AR01472,رَثَى,فعل,48,887,رقّ لغيره ورحمه.,رثي,فَعَلَ,roots-4662:رثي:المحكم — المعاني,roots-4662:رثي:مقاييس — المحور,,رَثَى,APPROVED,,رثى له أي رقّ له
AR01473,نَادِم,اسم فاعل,48,4198,متحسّر على ما فعل.,ندم,فَاعِلٌ,roots-4662:ندم:المحكم — المعاني,roots-4662:ندم:مقاييس — المحور,,نَادِم,APPROVED,,
AR01476,كَرَاهِيَة,مصدر,48,4202,نفور النفس من الشيء.,كره,فَعَالِيَةٌ,roots-4662:كره:المحكم — المعاني,roots-4662:كره:مقاييس — المحور,roots-4662:كره:الأساس — المجاز,كَرَاهِيَة,APPROVED,,
AR01478,رَحْمَة,مصدر,48,4313;6700,رقّة القلب لما يصيب الغير من ضرّ وحرص على كشفه.,رحم,فَعْلَةٌ,roots-4662:رحم:المحكم — المعاني,roots-4662:رحم:مقاييس — المحور,roots-4662:رحم:الأساس — المجاز,رَحْمَة,APPROVED,,WAZN_L2_005 ← فَعْلٌ
AR01480,كُرْه,مصدر,48,6689,نفور النفس من الشيء.,كره,فُعْلٌ,roots-4662:كره:المحكم — المعاني,roots-4662:كره:مقاييس — المحور,roots-4662:كره:الأساس — المجاز,كُرْه,APPROVED,,
AR01481,نُفُور,مصدر,48,6689;11974,انقباض النفس عن الشيء وتباعدها منه.,نفر,فُعُولٌ,roots-4662:نفر:المحكم — المعاني,roots-4662:نفر:مقاييس — المحور,roots-4662:نفر:الأساس — المجاز,نُفُور,APPROVED,,WAZN ← L2_015 المالك
AR01482,يَأْس,مصدر,48,6694,انقطاع الأمل يحمل صاحبه على التهوّر.,يءس,فَعْلٌ,roots-4662:يءس:المحكم — المعاني,roots-4662:يءس:مقاييس — المحور,roots-4662:يءس:الأساس — المجاز,يَأْس,APPROVED,,
AR01483,قُنُوط,مصدر,48,6694,أشدّ اليأس.,قنط,فُعُولٌ,roots-4662:قنط:المحكم — المعاني,roots-4662:قنط:مقاييس — النص,,قُنُوط,APPROVED,,WAZN ← L2_015 المالك
AR01486,مَقْت,مصدر,48,6697;6707;6711,أشدّ البغض.,مقت,فَعْلٌ,roots-4662:مقت:المحكم — المعاني,roots-4662:مقت:مقاييس — المحور,,مَقْت,APPROVED,,
AR01487,نَدَم,مصدر,48,6704,تأسّف المرء على ما فعل وتمنّيه أنه لم يكن.,ندم,فَعَلٌ,roots-4662:ندم:المحكم — المعاني,roots-4662:ندم:مقاييس — المحور,,نَدَم,APPROVED,,
AR01490,اِسْتِيَاء,مصدر,48,6705,تكدّر النفس من أمر ساءها.,سوء,اِفْتِعَالٌ,roots-4662:سوء:المحكم — المعاني,,,اِسْتِيَاء,APPROVED,,WAZN ← L2_006 مص من اِفْتَعَلَ
AR01493,هُيَام,مصدر,48,6706,أشدّ العشق حتى يذهب بالعقل.,هيم,فُعَالٌ,roots-4662:هيم:المحكم — المعاني,roots-4662:هيم:مقاييس — المحور,roots-4662:هيم:الأساس — المجاز,هُيَام,APPROVED,,
AR01494,اِسْتِمْتَاع,مصدر,48,6709,وجدان اللذة في الشيء.,متع,اِسْتِفْعَالٌ,roots-4662:متع:المحكم — المعاني,roots-4662:متع:مقاييس — المحور,roots-4662:متع:الأساس — المجاز,اِسْتِمْتَاع,APPROVED,,WAZN ← L2_006 مص من اِسْتَفْعَلَ
AR01495,تَلَذُّذ,مصدر,48,6709,وجدان الشيء لذيذاً.,لذذ,تَفَعُّلٌ,roots-4662:لذذ:المحكم — المعاني,roots-4662:لذذ:مقاييس — المحور,,تَلَذُّذ,APPROVED,,WAZN ← L2_006 مص من تَفَعَّلَ
AR01496,مُغْتَاظ,اسم فاعل,48,6824;11182,من امتلأ غيظاً من أمر ضايقه.,غيظ,مُفْتَعِلٌ,roots-4662:غيظ:المحكم — المعاني,roots-4662:غيظ:مقاييس — المحور,roots-4662:غيظ:الأساس — المجاز,مُغْتَاظ,APPROVED,,WAZN ← L2_006 فا من اِفْتَعَلَ
AR01498,قَلِق,صفة مشبهة,48,6851,من اضطربت نفسه لأمر يخشاه.,قلق,فَعِلٌ,roots-4662:قلق:المحكم — المعاني,roots-4662:قلق:مقاييس — المحور,,قَلِق,APPROVED,,
AR01499,مَهْمُوم,اسم مفعول,48,6851,من ثقل عليه الهمّ.,همم,مَفْعُولٌ,roots-4662:همم:المحكم — المعاني,,,مَهْمُوم,APPROVED,,
AR01500,مُتَوَتِّر,اسم فاعل,48,6852,من اشتدّ اضطراب نفسه وسهل انفعاله.,وتر,مُتَفَعِّلٌ,roots-4662:وتر:المحكم — المعاني,roots-4662:وتر:مقاييس — النص,roots-4662:وتر:الأساس — المجاز,مُتَوَتِّر,APPROVED,,WAZN ← L2_006 فا من تَفَعَّلَ
AR01501,سَرِيع الاِنْفِعَال,تركيب,48,6852,من يضطرب ويهتاج لأدنى سبب.,,,,,,سَرِيع الاِنْفِعَال,APPROVED,,
AR01502,مُتَوَجِّس,اسم فاعل,48,7110,من يحسّ خيفة من أمر يتوقعه.,وجس,مُتَفَعِّلٌ,roots-4662:وجس:المحكم — المعاني,roots-4662:وجس:مقاييس — المحور,,مُتَوَجِّس,APPROVED,,WAZN ← L2_006 فا من تَفَعَّلَ
AR01503,وَجِل,صفة مشبهة,48,7110,من خاف وفزع قلبه.,وجل,فَعِلٌ,roots-4662:وجل:المحكم — المعاني,,,وَجِل,APPROVED,,
AR01504,مُولَع,اسم مفعول,48,8354,من تعلّق قلبه بالشيء ولزمه.,ولع,مُفْعَلٌ,roots-4662:ولع:المحكم — المعاني,roots-4662:ولع:مقاييس — المحور,,مُولَع,APPROVED,,
AR01505,مُغْرَم,اسم مفعول,48,8354,من شُغف بالشيء وأحبّه.,غرم,مُفْعَلٌ,roots-4662:غرم:المحكم — المعاني,roots-4662:غرم:مقاييس — المحور,,مُغْرَم,APPROVED,,
AR01506,مُهْتَمّ,اسم فاعل,48,8746,من عني بالشيء ورغب في معرفته.,همم,مُفْتَعِلٌ,roots-4662:همم:المحكم — المعاني,,,مُهْتَمّ,APPROVED,,WAZN ← L2_006 فا من اِفْتَعَلَ
AR01507,مَشْدُوه,اسم مفعول,48,10257,من دهش وتحيّر حتى ذهل.,شده,مَفْعُولٌ,v21:شده:المحكم — المعاني,v21:شده:مقاييس — النص,,مَشْدُوه,APPROVED,,
AR01509,قَانِع,اسم فاعل,48,10258;10261,من رضي بما ناله واكتفى به.,قنع,فَاعِلٌ,roots-4662:قنع:المحكم — المعاني,roots-4662:قنع:مقاييس — المحور,roots-4662:قنع:الأساس — المجاز,قَانِع,APPROVED,,
AR01510,رِضَا,مصدر,48,10259;10260,طيب النفس بما نالت وسكونها إليه.,رضي,فِعَلٌ,,v21:رضي:مقاييس — المحور,,رِضَا,APPROVED,,مقصور؛ وفي بعض المعاجم تحت رضو
AR01511,قَنَاعَة,مصدر,48,10259,الرضا بما قُسم والاكتفاء به.,قنع,فَعَالَةٌ,roots-4662:قنع:المحكم — المعاني,roots-4662:قنع:مقاييس — المحور,roots-4662:قنع:الأساس — المجاز,قَنَاعَة,APPROVED,,WAZN ← L2_015 المالك
AR01512,اِرْتِيَاح,مصدر,48,10260,سكون النفس وطيبها بما يوافقها.,روح,اِفْتِعَالٌ,roots-4662:روح:المحكم — المعاني,roots-4662:روح:مقاييس — المحور,roots-4662:روح:الأساس — المجاز,اِرْتِيَاح,APPROVED,,WAZN ← L2_006 مص من اِفْتَعَلَ
AR01513,مُرْتَاح,اسم فاعل,48,10261;16220,من سكنت نفسه وطابت بما يوافقها.,روح,مُفْتَعِلٌ,roots-4662:روح:المحكم — المعاني,roots-4662:روح:مقاييس — المحور,roots-4662:روح:الأساس — المجاز,مُرْتَاح,APPROVED,,WAZN ← L2_006 فا من اِفْتَعَلَ
AR01514,مُنْفَعِل,اسم فاعل,48,10262,من ثارت نفسه بغضب أو قلق أو حماسة.,فعل,مُنْفَعِلٌ,roots-4662:فعل:المحكم — المعاني,roots-4662:فعل:مقاييس — المحور,,مُنْفَعِل,APPROVED,,WAZN ← L2_006 فا من اِنْفَعَلَ
AR01515,مُهْتَاج,اسم فاعل,48,10262;14144,من ثار وهاج من شدة الانفعال.,هيج,مُفْتَعِلٌ,roots-4662:هيج:المحكم — المعاني,roots-4662:هيج:مقاييس — المحور,roots-4662:هيج:الأساس — المجاز,مُهْتَاج,APPROVED,,WAZN ← L2_006 فا من اِفْتَعَلَ
AR01516,سَاخِط,اسم فاعل,48,10812,من لم يرض بما هو فيه وكرهه.,سخط,فَاعِلٌ,,,,سَاخِط,APPROVED,,
AR01517,مُسْتَاء,اسم فاعل,48,10812;11184,من ساءه الأمر فكرهه وتكدّر منه.,سوء,مُفْتَعِلٌ,roots-4662:سوء:المحكم — المعاني,,,مُسْتَاء,APPROVED,,WAZN ← L2_006 فا من اِفْتَعَلَ
AR01518,مُرْتَبِك,اسم فاعل,48,10874,من اختلط عليه أمره فاضطرب.,ربك,مُفْتَعِلٌ,roots-4662:ربك:المحكم — المعاني,roots-4662:ربك:مقاييس — المحور,roots-4662:ربك:الأساس — المجاز,مُرْتَبِك,APPROVED,,WAZN ← L2_006 فا من اِفْتَعَلَ
AR01520,رَابِط الجَأْش,تركيب,48,10875;15321,ثابت القلب لا يضطرب عند الشدائد.,,,,,,رَابِط الجَأْش,APPROVED,,
AR01521,هَادِئ,اسم فاعل,48,10876;15321,ساكن النفس غير مضطرب.,هدء,فَاعِلٌ,roots-4662:هدء:المحكم — المعاني,,roots-4662:هدء:الأساس — المجاز,هَادِئ,APPROVED,,
AR01522,مُطْمَئِنّ,اسم فاعل,48,10876;16220,من سكنت نفسه وزال قلقه.,طمن,مُفْعَلِلٌّ,,v21:طمن:مقاييس — النص,v21:طمن:الأساس — المجاز,مُطْمَئِنّ,APPROVED,,في لسان العرب تحت طمن، وفي غيره تحت طمأن | WAZN ← L2_015 المالك
AR01524,سُلْوَان,مصدر,48,10902;10903,ذهاب الهمّ وطيب النفس بعد الحزن.,سلو,فُعْلانٌ,roots-4662:سلو:المحكم — المعاني,roots-4662:سلو:مقاييس — المحور,,سُلْوَان,APPROVED,,
AR01525,مُتْعَة,اسم مصدر,48,11178,ما يجده المرء من لذة وانبساط.,متع,فُعْلَةٌ,roots-4662:متع:المحكم — المعاني,roots-4662:متع:مقاييس — المحور,roots-4662:متع:الأساس — المجاز,مُتْعَة,APPROVED,,اسم مصدر | WAZN_L2_005 ← فُعْلٌ | POS_L2_007:ISM_MASDAR (من نص الملاحظة)
AR01526,لَذَّة,مصدر,48,11178,إدراك الملائم من حيث هو ملائم.,لذذ,فَعْلَةٌ,roots-4662:لذذ:المحكم — المعاني,roots-4662:لذذ:مقاييس — المحور,,لَذَّة,APPROVED,,WAZN_L2_005 ← فَعْلٌ
AR01527,سُرُور,مصدر,48,11178,انشراح الصدر بلذة فيها طمأنينة.,سرر,فُعُولٌ,roots-4662:سرر:المحكم — المعاني,roots-4662:سرر:مقاييس — النص,roots-4662:سرر:الأساس — المجاز,سُرُور,APPROVED,,WAZN ← L2_015 المالك
AR01528,مُنْزَعِج,اسم فاعل,48,11182,من أقلقه أمر وكدّر صفوه.,زعج,مُنْفَعِلٌ,roots-4662:زعج:المحكم — المعاني,roots-4662:زعج:مقاييس — المحور,,مُنْزَعِج,APPROVED,,WAZN ← L2_006 فا من اِنْفَعَلَ
AR01529,مُتَكَدِّر,اسم فاعل,48,11184,من تغيّر صفاء نفسه لأمر ساءه.,كدر,مُتَفَعِّلٌ,roots-4662:كدر:المحكم — المعاني,roots-4662:كدر:مقاييس — المحور,roots-4662:كدر:الأساس — المجاز,مُتَكَدِّر,APPROVED,,WAZN ← L2_006 فا من تَفَعَّلَ
AR01530,مَفْتُون,اسم مفعول,48,12203,من استهواه الشيء وأعجبه حتى شغله.,فتن,مَفْعُولٌ,roots-4662:فتن:المحكم — المعاني,roots-4662:فتن:مقاييس — المحور,,مَفْتُون,APPROVED,,
AR01533,سَئِم,صفة مشبهة,48,13265,من ملّ الشيء وضجر منه.,سءم,فَعِلٌ,roots-4662:سءم:المحكم — المعاني,,,سَئِم,APPROVED,,
AR01534,مَرْعُوب,اسم مفعول,48,13542,من ملأه الخوف.,رعب,مَفْعُولٌ,roots-4662:رعب:المحكم — المعاني,roots-4662:رعب:مقاييس — المحور,roots-4662:رعب:الأساس — المجاز,مَرْعُوب,APPROVED,,
AR01535,مُرْتَاع,اسم فاعل,48,13542,من أفزعه أمر فاضطرب له.,روع,مُفْتَعِلٌ,roots-4662:روع:المحكم — المعاني,roots-4662:روع:مقاييس — المحور,roots-4662:روع:الأساس — المجاز,مُرْتَاع,APPROVED,,WAZN ← L2_006 فا من اِفْتَعَلَ
AR01536,بِسُرُور,تركيب,48,13832,على حال من الرضا وطيب النفس دون كدر.,,,,,,بِسُرُور,APPROVED,,
AR01537,بِلَهْفَة,تركيب,48,14145,على حال من التشوّق والاضطراب.,,,,,,بِلَهْفَة,APPROVED,,
AR01539,اِنْزِعَاج,مصدر,48,16898,قلق النفس واضطرابها.,زعج,اِنْفِعَالٌ,roots-4662:زعج:المحكم — المعاني,roots-4662:زعج:مقاييس — المحور,,اِنْزِعَاج,APPROVED,,WAZN ← L2_006 مص من اِنْفَعَلَ
AR01540,سَئِمَ,فعل,48,,ملّ الشيء وضجر منه.,سءم,فَعِلَ,roots-4662:سءم:المحكم — المعاني,,,سَئِمَ,APPROVED,,AR_ONLY
AR01542,وَلِهَ,فعل,48,,ذهب عقله من شدة الحب أو الحزن.,وله,فَعِلَ,roots-4662:وله:المحكم — المعاني,roots-4662:وله:مقاييس — المحور,,وَلِهَ,APPROVED,,AR_ONLY
AR01544,اِرْتَاحَ,فعل,48,,سكنت نفسه إلى الشيء وطابت به.,روح,اِفْتَعَلَ,roots-4662:روح:المحكم — المعاني,roots-4662:روح:مقاييس — المحور,roots-4662:روح:الأساس — المجاز,اِرْتَاحَ,APPROVED,,AR_ONLY
AR01546,غَمَّ,فعل,47,780;801,أثقل نفسه بالهمّ والكآبة حتى ضاق صدره.,غمم,فَعَلَ,roots-4662:غمم:المحكم — المعاني,roots-4662:غمم:مقاييس — المحور,roots-4662:غمم:الأساس — المجاز,غَمَّ,APPROVED,,
AR01548,أَفْزَعَ,فعل,47,781;818;840;845;850,أدخل عليه خوفاً مفاجئاً فاضطرب له.,فزع,أَفْعَلَ,roots-4662:فزع:المحكم — المعاني,roots-4662:فزع:مقاييس — المحور,,أَفْزَعَ,APPROVED,,
AR01549,ذَعَرَ,فعل,47,781;846,أخافه خوفاً شديداً مباغتاً.,ذعر,فَعَلَ,roots-4662:ذعر:المحكم — المعاني,roots-4662:ذعر:مقاييس — المحور,,ذَعَرَ,APPROVED,,
AR01550,أَدْهَشَ,فعل,47,782;786;849;4210,أوقعه في الدهشة والتعجّب لأمر لم يتوقّعه.,دهش,أَفْعَلَ,roots-4662:دهش:المحكم — المعاني,roots-4662:دهش:مقاييس — النص,,أَدْهَشَ,APPROVED,,
AR01551,أَذْهَلَ,فعل,47,782;787;848;4215;4299;13264;15121,أدهشه دهشة شديدة حتى غاب عن رشده لحظة.,ذهل,أَفْعَلَ,roots-4662:ذهل:المحكم — المعاني,roots-4662:ذهل:مقاييس — المحور,,أَذْهَلَ,APPROVED,,
AR01552,أَغْضَبَ,فعل,47,783;826,حمله على الغضب.,غضب,أَفْعَلَ,roots-4662:غضب:المحكم — المعاني,roots-4662:غضب:مقاييس — المحور,roots-4662:غضب:الأساس — المجاز,أَغْضَبَ,APPROVED,,
AR01553,غَاظَ,فعل,47,783;812;815;820;828;837;4211;4220;4293;4317,ملأ صدره غيظاً وغضباً مكتوماً.,غيظ,فَعَلَ,roots-4662:غيظ:المحكم — المعاني,roots-4662:غيظ:مقاييس — المحور,roots-4662:غيظ:الأساس — المجاز,غَاظَ,APPROVED,,
AR01554,أَزْعَجَ,فعل,47,784;807;809;828;853;854;15081;15108,أقلق راحته وكدّر عليه سكونه.,زعج,أَفْعَلَ,roots-4662:زعج:المحكم — المعاني,roots-4662:زعج:مقاييس — المحور,,أَزْعَجَ,APPROVED,,
AR01558,أَوْغَرَ صَدْرَهُ,تركيب,47,785;4297,ملأ قلبه حقداً وغيظاً على غيره.,,,,,,أَوْغَرَ صَدْرَهُ,APPROVED,,
AR01562,أَعْيَا,فعل,47,788,أعجزه فهمُه فلم يجد له وجهاً.,عيي,أَفْعَلَ,,,,أَعْيَا,APPROVED,,
AR01563,أَرْبَكَ,فعل,47,789;797;803;804;835;4296;4318;7144;7145,أخلط عليه أمره فاضطرب ولم يتماسك.,ربك,أَفْعَلَ,roots-4662:ربك:المحكم — المعاني,roots-4662:ربك:مقاييس — المحور,roots-4662:ربك:الأساس — المجاز,أَرْبَكَ,APPROVED,,
AR01564,سَحَرَ,فعل,47,790;793;811;814;6051,استمال قلبه بجماله أو بيانه كأنّه سحر.,سحر,فَعَلَ,roots-4662:سحر:المحكم — المعاني,roots-4662:سحر:مقاييس — المحور,roots-4662:سحر:الأساس — المجاز,سَحَرَ,APPROVED,,
AR01565,فَتَنَ,فعل,47,790;792;793;811;817;6051,أعجبه إعجاباً شديداً حتى تعلّق به.,فتن,فَعَلَ,roots-4662:فتن:المحكم — المعاني,roots-4662:فتن:مقاييس — المحور,,فَتَنَ,APPROVED,,
AR01566,هَدَّأَ,فعل,47,791;829;830;844,أذهب اضطرابه حتى سكن.,هدء,فَعَّلَ,roots-4662:هدء:المحكم — المعاني,,roots-4662:هدء:الأساس — المجاز,هَدَّأَ,APPROVED,,
AR01567,سَكَّنَ,فعل,47,791;830;844,أزال هيجانه وأعاده إلى السكينة.,سكن,فَعَّلَ,roots-4662:سكن:المحكم — المعاني,roots-4662:سكن:مقاييس — المحور,roots-4662:سكن:الأساس — المجاز,سَكَّنَ,APPROVED,,
AR01569,سَلَبَ لُبَّهُ,تركيب,47,792,استولى على عقله إعجاباً حتى ذهل.,,,,,,سَلَبَ لُبَّهُ,APPROVED,,
AR01571,أَفْرَحَ,فعل,47,794;821,جعله يفرح.,فرح,أَفْعَلَ,roots-4662:فرح:المحكم — المعاني,roots-4662:فرح:مقاييس — المحور,,أَفْرَحَ,APPROVED,,
AR01573,سَلَّى,فعل,47,795;798;813;4219,خفّف همّه وشغله عنه بما يؤنسه.,سلو,فَعَّلَ,roots-4662:سلو:المحكم — المعاني,roots-4662:سلو:مقاييس — المحور,,سَلَّى,APPROVED,,
AR01574,اِسْتَرْضَى,فعل,47,796;832,طلب رضاه وتلطّف به حتى سكن غضبه.,رضو,اِسْتَفْعَلَ,roots-4662:رضو:المحكم — المعاني,,,اِسْتَرْضَى,APPROVED,,
AR01575,اِسْتَمَالَ,فعل,47,796,تلطّف به حتى مال إليه وزالت نفرته.,ميل,اِسْتَفْعَلَ,roots-4662:ميل:المحكم — المعاني,roots-4662:ميل:مقاييس — النص,roots-4662:ميل:الأساس — المجاز,اِسْتَمَالَ,APPROVED,,
AR01578,سَرَّ,فعل,47,800;821;822;833,أدخل السرور على قلبه.,سرر,فَعَلَ,roots-4662:سرر:المحكم — المعاني,roots-4662:سرر:مقاييس — النص,roots-4662:سرر:الأساس — المجاز,سَرَّ,APPROVED,,
AR01579,كَرَبَ,فعل,47,801;808,اشتدّ عليه الغمّ حتى ضاق به.,كرب,فَعَلَ,roots-4662:كرب:المحكم — المعاني,roots-4662:كرب:مقاييس — المحور,roots-4662:كرب:الأساس — المجاز,كَرَبَ,APPROVED,,
AR01580,خَيَّبَ,فعل,47,802;819;17610,لم يحقّق رجاءه فردّه خائباً.,خيب,فَعَّلَ,roots-4662:خيب:المحكم — المعاني,roots-4662:خيب:مقاييس — المحور,roots-4662:خيب:الأساس — المجاز,خَيَّبَ,APPROVED,,
AR01581,خَيَّبَ أَمَلَهُ,تركيب,47,802,لم يحقّق ما كان يرجوه فانكسر قلبه.,,,,,,خَيَّبَ أَمَلَهُ,APPROVED,,
AR01582,خَذَلَ,فعل,47,802;17610,ترك نصرته وقد كان يرجوها فخاب ظنّه.,خذل,فَعَلَ,roots-4662:خذل:المحكم — المعاني,roots-4662:خذل:مقاييس — المحور,roots-4662:خذل:الأساس — المجاز,خَذَلَ,APPROVED,,
AR01586,أَيْأَسَ,فعل,47,806,قطع رجاءه حتى يئس.,يءس,أَفْعَلَ,roots-4662:يءس:المحكم — المعاني,roots-4662:يءس:مقاييس — المحور,roots-4662:يءس:الأساس — المجاز,أَيْأَسَ,APPROVED,,
AR01587,فَتَّ فِي عَضُدِهِ,تركيب,47,806;852,أضعف عزيمته وأوهن همّته.,,,,,,فَتَّ فِي عَضُدِهِ,APPROVED,,
AR01588,سَاءَ,فعل,47,807,وقع منه موقع الكراهة فلم يرضَ به.,سوء,فَعَلَ,roots-4662:سوء:المحكم — المعاني,,,سَاءَ,APPROVED,,
AR01589,أَقْلَقَ,فعل,47,809;835;853;4217;6532;15107,أذهب سكونه وجعله مضطرباً قلقاً.,قلق,أَفْعَلَ,roots-4662:قلق:المحكم — المعاني,roots-4662:قلق:مقاييس — المحور,,أَقْلَقَ,APPROVED,,
AR01590,أَخْجَلَ,فعل,47,810;842;4292;4320,حمله على الخجل والاستحياء.,خجل,أَفْعَلَ,roots-4662:خجل:المحكم — المعاني,roots-4662:خجل:مقاييس — المحور,,أَخْجَلَ,APPROVED,,
AR01592,أَمْتَعَ,فعل,47,813,أدخل عليه المتعة والأنس.,متع,أَفْعَلَ,roots-4662:متع:المحكم — المعاني,roots-4662:متع:مقاييس — المحور,roots-4662:متع:الأساس — المجاز,أَمْتَعَ,APPROVED,,
AR01595,اِسْتَهْوَى,فعل,47,817;15110,جذبه إليه وحبّبه إلى نفسه.,هوي,اِسْتَفْعَلَ,roots-4662:هوي:المحكم — المعاني,roots-4662:هوي:مقاييس — المحور,roots-4662:هوي:الأساس — المجاز,اِسْتَهْوَى,APPROVED,,
AR01596,أَخَافَ,فعل,47,818;840,جعله يخاف ويتوقّع مكروهاً.,خوف,أَفْعَلَ,roots-4662:خوف:المحكم — المعاني,roots-4662:خوف:مقاييس — المحور,roots-4662:خوف:الأساس — المجاز,أَخَافَ,APPROVED,,
AR01597,خَوَّفَ,فعل,47,818;6489,أوقع الخوف في نفسه.,خوف,فَعَّلَ,roots-4662:خوف:المحكم — المعاني,roots-4662:خوف:مقاييس — المحور,roots-4662:خوف:الأساس — المجاز,خَوَّفَ,APPROVED,,
AR01598,حَزَّ فِي نَفْسِهِ,تركيب,47,820;4317;16407,آلمه وبقي أثره في نفسه.,,,,,,حَزَّ فِي نَفْسِهِ,APPROVED,,
AR01599,أَرْضَى,فعل,47,822;829;832;833;839;14987,جعله راضياً قانعاً بما ناله.,رضو,أَفْعَلَ,roots-4662:رضو:المحكم — المعاني,,,أَرْضَى,APPROVED,,
AR01601,شَدَّ أَزْرَهُ,تركيب,47,823;15584,قوّاه وشجّعه فاشتدّ عزمه.,,,,,,شَدَّ أَزْرَهُ,APPROVED,,
AR01602,أَذَلَّ,فعل,47,824,حطّ من عزّته وكرامته.,ذلل,أَفْعَلَ,roots-4662:ذلل:المحكم — المعاني,roots-4662:ذلل:مقاييس — المحور,roots-4662:ذلل:الأساس — المجاز,أَذَلَّ,APPROVED,,
AR01603,أَهَانَ,فعل,47,824,استخفّ به وجرح كرامته.,هون,أَفْعَلَ,roots-4662:هون:المحكم — المعاني,roots-4662:هون:مقاييس — المحور,,أَهَانَ,APPROVED,,
AR01605,طَمْأَنَ,فعل,47,836,أزال شكّه وخوفه فاطمأنّت نفسه.,طمءن,فَعْلَلَ,v21:طمأن:المحكم — المعاني,,,طَمْأَنَ,APPROVED,,
AR01606,اِسْتَفَزَّ,فعل,47,837;4220;4322,أثاره واستخفّه حتى غضب.,فزز,اِسْتَفْعَلَ,roots-4662:فزز:المحكم — المعاني,roots-4662:فزز:مقاييس — المحور,,اِسْتَفَزَّ,APPROVED,,
AR01608,هَزَّ,فعل,47,841,أثّر في نفسه تأثيراً شديداً فاضطربت له.,هزز,فَعَلَ,roots-4662:هزز:المحكم — المعاني,roots-4662:هزز:مقاييس — المحور,roots-4662:هزز:الأساس — المجاز,هَزَّ,APPROVED,,
AR01609,زَلْزَلَ,فعل,47,841,زعزع نفسه وأقلقها قلقاً شديداً.,زلزل,فَعْلَلَ,,,,زَلْزَلَ,APPROVED,,
AR01610,أَخْزَى,فعل,47,842;4320,أوقعه في الخزي والذلّ والاستحياء.,خزي,أَفْعَلَ,roots-4662:خزي:المحكم — المعاني,,,أَخْزَى,APPROVED,,
AR01612,رَوَّعَ,فعل,47,843;850;4328,أفزعه فزعاً شديداً حتى اضطرب قلبه.,روع,فَعَّلَ,roots-4662:روع:المحكم — المعاني,roots-4662:روع:مقاييس — المحور,roots-4662:روع:الأساس — المجاز,رَوَّعَ,APPROVED,,
AR01614,حَفَّزَ,فعل,47,847,حثّه وأثار نشاطه ورغبته.,حفز,فَعَّلَ,v21:حفز:المحكم — المعاني,v21:حفز:مقاييس — المحور,,حَفَّزَ,APPROVED,,
AR01615,فَاجَأَ,فعل,47,849,أتاه بما لم يكن يتوقّعه فأدهشه.,فجء,فَاعَلَ,roots-4662:فجء:المحكم — المعاني,,,فَاجَأَ,APPROVED,,
AR01616,أَرْعَبَ,فعل,47,850;4328,ملأ قلبه رعباً وخوفاً شديداً.,رعب,أَفْعَلَ,roots-4662:رعب:المحكم — المعاني,roots-4662:رعب:مقاييس — المحور,roots-4662:رعب:الأساس — المجاز,أَرْعَبَ,APPROVED,,
AR01618,أَرْهَبَ,فعل,47,852;6489,أخافه وأوقع في نفسه الرهبة والهيبة.,رهب,أَفْعَلَ,roots-4662:رهب:المحكم — المعاني,roots-4662:رهب:مقاييس — المحور,roots-4662:رهب:الأساس — المجاز,أَرْهَبَ,APPROVED,,
AR01619,كَدَّرَ,فعل,47,854;4211;4217,عكّر صفو نفسه فاغتمّ.,كدر,فَعَّلَ,roots-4662:كدر:المحكم — المعاني,roots-4662:كدر:مقاييس — المحور,roots-4662:كدر:الأساس — المجاز,كَدَّرَ,APPROVED,,
AR01620,أَمَلَّ,فعل,47,4123,جعله يملّ ويسأم لطول أو رتابة.,ملل,أَفْعَلَ,roots-4662:ملل:المحكم — المعاني,roots-4662:ملل:مقاييس — المحور,,أَمَلَّ,APPROVED,,
AR01621,أَسْأَمَ,فعل,47,4123,أوقعه في السأم وفتور الرغبة.,سءم,أَفْعَلَ,roots-4662:سءم:المحكم — المعاني,,,أَسْأَمَ,APPROVED,,
AR01622,إِزْعَاج,مصدر,47,4212,إثارة القلق والضيق في نفس غيره.,زعج,إِفْعَالٌ,roots-4662:زعج:المحكم — المعاني,roots-4662:زعج:مقاييس — المحور,,إِزْعَاج,APPROVED,,
AR01625,أَثَارَ اشْمِئْزَازَهُ,تركيب,47,4214;4329;4332,جعله ينفر ويتقزّز من الشيء.,,,,,,أَثَارَ اشْمِئْزَازَهُ,APPROVED,,
AR01626,أَضْحَكَ,فعل,47,4216,حمله على الضحك والاستظراف.,ضحك,أَفْعَلَ,v21:ضحك:المحكم — المعاني,v21:ضحك:مقاييس — النص,v21:ضحك:الأساس — المجاز,أَضْحَكَ,APPROVED,,
AR01627,رَاقَ,فعل,47,4216;15082,استحسنه وسُرّ به، يقال راقه الشيء.,روق,فَعَلَ,roots-4662:روق:المحكم — المعاني,roots-4662:روق:مقاييس — المحور,roots-4662:روق:الأساس — المجاز,رَاقَ,APPROVED,,
AR01628,أَهَمَّ,فعل,47,4217;15107,أوقعه في الهمّ والقلق، يقال أهمّه الأمر.,همم,أَفْعَلَ,roots-4662:همم:المحكم — المعاني,,,أَهَمَّ,APPROVED,,
AR01630,لَذَعَ,فعل,47,4218,آلمه بكلام حادّ.,لذع,فَعَلَ,roots-4662:لذع:المحكم — المعاني,roots-4662:لذع:مقاييس — المحور,,لَذَعَ,APPROVED,,
AR01631,أَنْعَشَ,فعل,47,4295,بعث فيه النشاط والانشراح.,نعش,أَفْعَلَ,roots-4662:نعش:المحكم — المعاني,roots-4662:نعش:مقاييس — المحور,,أَنْعَشَ,APPROVED,,
AR01632,أَفْحَمَ,فعل,47,4300,أسكته فلم يجد جواباً ولا مخرجاً.,فحم,أَفْعَلَ,roots-4662:فحم:المحكم — المعاني,roots-4662:فحم:مقاييس — المحور,,أَفْحَمَ,APPROVED,,
AR01633,أَسْخَطَ,فعل,47,4325;11972,حمله على السخط وشدّة الإنكار.,سخط,أَفْعَلَ,,,,أَسْخَطَ,APPROVED,,
AR01634,نَفَّرَ,فعل,47,4329;4332,جعله ينفر ويكره الشيء.,نفر,فَعَّلَ,roots-4662:نفر:المحكم — المعاني,roots-4662:نفر:مقاييس — المحور,roots-4662:نفر:الأساس — المجاز,نَفَّرَ,APPROVED,,
AR01636,آلَمَ,فعل,47,5296;15582,أوجع نفسه وأحزنها.,ءلم,أَفْعَلَ,v21:ألم:المحكم — المعاني,v21:ألم:مقاييس — المحور,,آلَمَ,APPROVED,,
AR01637,فَجَعَ,فعل,47,6460;15013,أوجعه بمصيبة عظيمة.,فجع,فَعَلَ,roots-4662:فجع:المحكم — المعاني,roots-4662:فجع:مقاييس — النص,,فَجَعَ,APPROVED,,
AR01638,اِسْتَرْعَى انْتِبَاهَهُ,تركيب,47,6471,لفت نظره وشغل اهتمامه.,,,,,,اِسْتَرْعَى انْتِبَاهَهُ,APPROVED,,
AR01640,أَثَارَ فُضُولَهُ,تركيب,47,6475,حرّك رغبته في معرفة الأمر.,,,,,,أَثَارَ فُضُولَهُ,APPROVED,,
AR01641,أَقَضَّ مَضْجَعَهُ,تركيب,47,6532,أقلقه قلقاً شديداً حتى جفاه النوم.,,,,,,أَقَضَّ مَضْجَعَهُ,APPROVED,,
AR01642,هَيَّجَ,فعل,47,6922;15061,حرّك مشاعره وأثارها.,هيج,فَعَّلَ,roots-4662:هيج:المحكم — المعاني,roots-4662:هيج:مقاييس — المحور,roots-4662:هيج:الأساس — المجاز,هَيَّجَ,APPROVED,,
AR01643,مُفَاجَأَة,مصدر,47,12785,أمر غير متوقّع يقع فيُدهش.,فجء,مُفَاعَلَةٌ,roots-4662:فجء:المحكم — المعاني,,,مُفَاجَأَة,APPROVED,,WAZN ← L2_006 مص من فَاعَلَ
AR01644,قَلَق,مصدر,47,14612,اضطراب النفس وانزعاجها.,قلق,فَعَلٌ,roots-4662:قلق:المحكم — المعاني,roots-4662:قلق:مقاييس — المحور,,قَلَق,APPROVED,,
AR01645,هَمّ,مصدر,47,14612,ما يشغل النفس ويحزنها.,همم,فَعْلٌ,roots-4662:همم:المحكم — المعاني,,,هَمّ,APPROVED,,
AR01647,كَسَرَ قَلْبَهُ,تركيب,47,15009,أحزنه حزناً شديداً حتى انكسرت نفسه.,,,,,,كَسَرَ قَلْبَهُ,APPROVED,,
AR01648,أَوْجَعَ,فعل,47,15582,آلمه ألماً شديداً في نفسه.,وجع,أَفْعَلَ,roots-4662:وجع:المحكم — المعاني,roots-4662:وجع:مقاييس — النص,,أَوْجَعَ,APPROVED,,
AR01649,أَمَضَّ,فعل,47,16407,أوجعه وشقّ عليه، يقال أمضّه الأمر.,مضض,أَفْعَلَ,roots-4662:مضض:المحكم — المعاني,roots-4662:مضض:مقاييس — المحور,roots-4662:مضض:الأساس — المجاز,أَمَضَّ,APPROVED,,
AR01652,أَوْحَشَ,فعل,47,,أوقع في نفسه الوحشة والانقباض.,وحش,أَفْعَلَ,roots-4662:وحش:المحكم — المعاني,roots-4662:وحش:مقاييس — المحور,,أَوْحَشَ,APPROVED,,AR_ONLY
AR01654,أَقَرَّ عَيْنَهُ,تركيب,47,,أسرّه وأرضاه فسكنت نفسه.,,,,,,أَقَرَّ عَيْنَهُ,APPROVED,,AR_ONLY
AR01655,أَثْلَجَ صَدْرَهُ,تركيب,47,,أفرحه وأزال همّه.,,,,,,أَثْلَجَ صَدْرَهُ,APPROVED,,AR_ONLY
AR01656,مُولَع,اسم مفعول,136,2675,شديدُ التعلّق بمجالٍ ما حتى صار واسع المعرفة به.,ولع,مُفْعَلٌ,roots-4662:ولع:المحكم — المعاني,roots-4662:ولع:مقاييس — المحور,,مُولَع,APPROVED,,
AR01657,هَاوِي,اسم فاعل,136,2675;3155,من يشتغل بفنّ أو مجال حبّاً له ويُكثر الاطّلاع عليه.,هوي,فَاعِلٌ,roots-4662:هوي:المحكم — المعاني,roots-4662:هوي:مقاييس — المحور,roots-4662:هوي:الأساس — المجاز,هَاوِي,APPROVED,,منقوص؛ يكتب بلا تنوين؛ أصله هاوِيٌ
AR01665,دُرْبَة,اسم مصدر,136,2680,اعتيادُ الأمر والجرأةُ عليه بكثرة المزاولة.,درب,فُعْلَةٌ,roots-4662:درب:المحكم — المعاني,roots-4662:درب:مقاييس — النص,,دُرْبَة,APPROVED,,POS_L2_007:ISM_MASDAR | WAZN_L2_005 ← فُعْلٌ
AR01667,مُتَمَرِّس,اسم فاعل,136,2681,من مارس الأمر طويلاً حتى أحكمه.,مرس,مُتَفَعِّلٌ,roots-4662:مرس:المحكم — المعاني,roots-4662:مرس:مقاييس — المحور,,مُتَمَرِّس,APPROVED,,WAZN ← L2_006 فا من تَفَعَّلَ
AR01670,إِتْقَان,مصدر,136,2698;2734,إحكامُ العلم أو الصنعة حتى تُؤدّى على أتمّ وجه.,تقن,إِفْعَالٌ,v21:تقن:المحكم — المعاني,v21:تقن:مقاييس — المحور,,إِتْقَان,APPROVED,,
AR01671,تَمَكُّن,مصدر,136,2698,القدرةُ الراسخة على علمٍ أو مهارة.,مكن,تَفَعُّلٌ,roots-4662:مكن:المحكم — المعاني,roots-4662:مكن:مقاييس — النص,roots-4662:مكن:الأساس — المجاز,تَمَكُّن,APPROVED,,WAZN ← L2_006 مص من تَفَعَّلَ
AR01672,ذَوَّاق,صيغة مبالغة,136,2700,من دقّ تمييزه بين الجيّد والرديء في الفنّ أو الطعام أو الشراب.,ذوق,فَعَّالٌ,roots-4662:ذوق:المحكم — المعاني,roots-4662:ذوق:مقاييس — المحور,roots-4662:ذوق:الأساس — المجاز,ذَوَّاق,APPROVED,,POS_L2_007:MUBALAGHA
AR01673,مُلِمّ,اسم فاعل,136,2701;2707;8993,من له معرفةٌ حسنةٌ بالأمر.,لمم,مُفْعِلٌ,roots-4662:لمم:المحكم — المعاني,roots-4662:لمم:مقاييس — المحور,,مُلِمّ,APPROVED,,WAZN ← L2_006 فا من أَفْعَلَ
AR01675,نَابِغَة,اسم فاعل,136,2704;2713;2717,من ظهرت موهبته وفاق أقرانه.,نبغ,فَاعِلَةٌ,roots-4662:نبغ:المحكم — المعاني,roots-4662:نبغ:مقاييس — المحور,roots-4662:نبغ:الأساس — المجاز,نَابِغَة,APPROVED,,التاء للمبالغة لا للتأنيث | WAZN_L2_005 ← فَاعِلٌ
AR01678,إِلْمَام,مصدر,136,2708,المعرفةُ بمجالٍ من مجالات العلم.,لمم,إِفْعَالٌ,roots-4662:لمم:المحكم — المعاني,roots-4662:لمم:مقاييس — المحور,,إِلْمَام,APPROVED,,
AR01680,مَاهِر,اسم فاعل,136,2710;2711;2738,من اكتسب الحذق في عمل.,مهر,فَاعِلٌ,,roots-4662:مهر:مقاييس — المحور,,مَاهِر,APPROVED,,
AR01681,فَذّ,صفة مشبهة,136,2712;9252,منفردٌ في مهارته لا نظير له.,فذذ,فَعْلٌ,roots-4662:فذذ:المحكم — المعاني,roots-4662:فذذ:مقاييس — المحور,,فَذّ,APPROVED,,
AR01682,عَبْقَرِيّ,اسم منسوب,136,2713;2717,من بلغ في مجالٍ غايةً من الحذق تُعجب الناس.,عبقر,فَعْلَلِيٌّ,,,,عَبْقَرِيّ,APPROVED,,POS_L2_007:NISBA | WAZN ← L2_007 نسبة فَعْلَلٌ
AR01684,غِرّ,صفة مشبهة,136,2718;2721,من لم يجرّب الأمور.,غرر,فِعْلٌ,roots-4662:غرر:المحكم — المعاني,roots-4662:غرر:مقاييس — المحور,roots-4662:غرر:الأساس — المجاز,غِرّ,APPROVED,,
AR01685,قَلِيلُ الْخِبْرَة,تركيب,136,2721,من لم يكتسب خبرةً كافية.,,,,,,قَلِيلُ الْخِبْرَة,APPROVED,,
AR01686,أَخْرَق,صفة مشبهة,136,2722;8985,من لا يُحسن العمل ولا يعرف وجهه.,خرق,أَفْعَلُ,roots-4662:خرق:المحكم — المعاني,roots-4662:خرق:مقاييس — المحور,roots-4662:خرق:الأساس — المجاز,أَخْرَق,APPROVED,,
AR01689,مُتْقِن,اسم فاعل,136,2733,من يُحكم عمله ويؤدّيه بإجادة.,تقن,مُفْعِلٌ,v21:تقن:المحكم — المعاني,v21:تقن:مقاييس — المحور,,مُتْقِن,APPROVED,,WAZN ← L2_006 فا من أَفْعَلَ
AR01690,كُفْء,صفة مشبهة,136,2733;8983,القادرُ على القيام بالعمل كما ينبغي.,كفء,فُعْلٌ,roots-4662:كفء:المحكم — المعاني,roots-4662:كفء:مقاييس — المحور,roots-4662:كفء:الأساس — المجاز,كُفْء,APPROVED,,
AR01691,كَفَاءَة,مصدر,136,2734;8984,القدرةُ على أداء العمل على وجهه.,كفء,فَعَالَةٌ,roots-4662:كفء:المحكم — المعاني,roots-4662:كفء:مقاييس — المحور,roots-4662:كفء:الأساس — المجاز,كَفَاءَة,APPROVED,,WAZN ← L2_015 المالك
AR01692,طُولُ الْبَاع,تركيب,136,2735,القدرة الواسعة والتمكّن في أمرٍ ما.,,,,,,طُولُ الْبَاع,APPROVED,,
AR01694,تَفَنُّن,مصدر,136,2737,الإتيانُ بفنون الصنعة وأحسنها.,فنن,تَفَعُّلٌ,roots-4662:فنن:المحكم — المعاني,roots-4662:فنن:مقاييس — المحور,,تَفَنُّن,APPROVED,,WAZN ← L2_006 مص من تَفَعَّلَ
AR01695,مَهَارَة,مصدر,136,2739;2742,إتقانُ العمل وحسنُ أدائه.,مهر,فَعَالَةٌ,,roots-4662:مهر:مقاييس — المحور,,مَهَارَة,APPROVED,,WAZN ← L2_015 المالك
AR01696,رَكِيك,صفة مشبهة,136,3156,ضعيفُ الصنعة قليلُ الإحكام.,ركك,فَعِيلٌ,roots-4662:ركك:المحكم — المعاني,roots-4662:ركك:مقاييس — المحور,,رَكِيك,APPROVED,,
AR01698,غَيْرُ كُفْء,تركيب,136,8981,ليس أهلاً للعمل لنقص قدرته.,,,,,,غَيْرُ كُفْء,APPROVED,,
AR01700,قُصُور,مصدر,136,8982,نقصُ القدرة عن بلوغ المطلوب.,قصر,فُعُولٌ,roots-4662:قصر:المحكم — المعاني,roots-4662:قصر:مقاييس — المحور,roots-4662:قصر:الأساس — المجاز,قُصُور,APPROVED,,WAZN ← L2_015 المالك
AR01701,قَدِير,صفة مشبهة,136,8983,قادرٌ على العمل متمكّنٌ منه.,قدر,فَعِيلٌ,roots-4662:قدر:المحكم — المعاني,roots-4662:قدر:مقاييس — المحور,roots-4662:قدر:الأساس — المجاز,قَدِير,APPROVED,,
AR01702,قُدْرَة,مصدر,136,8984,التمكّنُ من أداء العمل.,قدر,فُعْلَةٌ,roots-4662:قدر:المحكم — المعاني,roots-4662:قدر:مقاييس — المحور,roots-4662:قدر:الأساس — المجاز,قُدْرَة,APPROVED,,WAZN_L2_005 ← فُعْلٌ
AR01703,خُرْق,مصدر,136,8986;8987,الجهلُ بالعمل وسوءُ التصرّف فيه.,خرق,فُعْلٌ,roots-4662:خرق:المحكم — المعاني,roots-4662:خرق:مقاييس — المحور,roots-4662:خرق:الأساس — المجاز,خُرْق,APPROVED,,
AR01704,رَدِيء,صفة مشبهة,136,9120;9262;9263,شديدُ الضعف في نشاطٍ أو مهارة.,ردء,فَعِيلٌ,roots-4662:ردء:المحكم — المعاني,,roots-4662:ردء:الأساس — المجاز,رَدِيء,APPROVED,,
AR01705,سَيِّئ,صفة مشبهة,136,9121,ضعيفُ الأداء في نشاطٍ أو مهارة.,سوء,فَيْعِلٌ,roots-4662:سوء:المحكم — المعاني,,,سَيِّئ,APPROVED,,WAZN ← L2_015 المالك
AR01707,رَائِع,اسم فاعل,136,9251;9260;9264;9267,مثيرٌ للإعجاب بقدرته في نشاطٍ أو مهارة.,روع,فَاعِلٌ,roots-4662:روع:المحكم — المعاني,roots-4662:روع:مقاييس — المحور,roots-4662:روع:الأساس — المجاز,رَائِع,APPROVED,,
AR01708,هَائِل,اسم فاعل,136,9252;9264,عظيمُ القدرة في مهارته.,هول,فَاعِلٌ,roots-4662:هول:المحكم — المعاني,roots-4662:هول:مقاييس — المحور,roots-4662:هول:الأساس — المجاز,هَائِل,APPROVED,,
AR01709,مُمْتَاز,اسم فاعل,136,9253;9258;9261,بالغُ الجودة في أدائه.,ميز,مُفْتَعِلٌ,roots-4662:ميز:المحكم — المعاني,roots-4662:ميز:مقاييس — المحور,roots-4662:ميز:الأساس — المجاز,مُمْتَاز,APPROVED,,WAZN ← L2_006 فا من اِفْتَعَلَ
AR01711,مُذْهِل,اسم فاعل,136,9254;9257;9260,بلغ في مهارته حدّاً يدهش.,ذهل,مُفْعِلٌ,roots-4662:ذهل:المحكم — المعاني,roots-4662:ذهل:مقاييس — المحور,,مُذْهِل,APPROVED,,WAZN ← L2_006 فا من أَفْعَلَ
AR01712,مُتَوَسِّط,اسم فاعل,136,9255;9256,بين الجيّد والرديء في نشاطٍ أو مهارة.,وسط,مُتَفَعِّلٌ,roots-4662:وسط:المحكم — المعاني,roots-4662:وسط:مقاييس — المحور,roots-4662:وسط:الأساس — المجاز,مُتَوَسِّط,APPROVED,,WAZN ← L2_006 فا من تَفَعَّلَ
AR01713,خَارِق,اسم فاعل,136,9257,متجاوزٌ للمعتاد في قدرته.,خرق,فَاعِلٌ,roots-4662:خرق:المحكم — المعاني,roots-4662:خرق:مقاييس — المحور,roots-4662:خرق:الأساس — المجاز,خَارِق,APPROVED,,
AR01716,فَائِق,اسم فاعل,136,9261;9265,يعلو غيره في الكفاءة.,فوق,فَاعِلٌ,roots-4662:فوق:المحكم — المعاني,roots-4662:فوق:مقاييس — المحور,roots-4662:فوق:الأساس — المجاز,فَائِق,APPROVED,,
AR01717,فَظِيع,صفة مشبهة,136,9262,شديدُ السوء في نشاطٍ أو مهارة.,فظع,فَعِيلٌ,roots-4662:فظع:المحكم — المعاني,roots-4662:فظع:مقاييس — النص,,فَظِيع,APPROVED,,
AR01718,فَاشِل,اسم فاعل,136,9263,لا يُفلح في نشاطٍ أو مهارة.,فشل,فَاعِلٌ,roots-4662:فشل:المحكم — المعاني,roots-4662:فشل:مقاييس — النص,,فَاشِل,APPROVED,,
AR01719,مُنْقَطِعُ النَّظِير,تركيب,136,9265,لا يُدانيه أحد في كفاءته.,,,,,,مُنْقَطِعُ النَّظِير,APPROVED,,
AR01720,مُتَفَوِّق,اسم فاعل,136,9266,بارعٌ يعلو غيره في نشاطٍ أو مهارة.,فوق,مُتَفَعِّلٌ,roots-4662:فوق:المحكم — المعاني,roots-4662:فوق:مقاييس — المحور,roots-4662:فوق:الأساس — المجاز,مُتَفَوِّق,APPROVED,,WAZN ← L2_006 فا من تَفَعَّلَ
AR01722,دِرَايَة,مصدر,136,11629,المعرفةُ العملية بكيفية أداء الأمر.,دري,فِعَالَةٌ,roots-4662:دري:المحكم — المعاني,roots-4662:دري:مقاييس — النص,roots-4662:دري:الأساس — المجاز,دِرَايَة,APPROVED,,WAZN_L2_005 ← فِعَالٌ
AR01723,مُتَخَصِّص,اسم فاعل,136,13210,من قصر عنايته على مجالٍ واحد حتى أتقنه.,خصص,مُتَفَعِّلٌ,roots-4662:خصص:المحكم — المعاني,roots-4662:خصص:مقاييس — المحور,roots-4662:خصص:الأساس — المجاز,مُتَخَصِّص,APPROVED,,WAZN ← L2_006 فا من تَفَعَّلَ
AR01724,اِخْتِصَاصِيّ,اسم منسوب,136,13210,صاحبُ العلم الدقيق بمجالٍ معيّن.,خصص,اِفْتِعَالِيٌّ,roots-4662:خصص:المحكم — المعاني,roots-4662:خصص:مقاييس — المحور,roots-4662:خصص:الأساس — المجاز,اِخْتِصَاصِيّ,APPROVED,,POS_L2_007:NISBA | WAZN ← L2_007 نسبة اِفْتِعَالٌ
AR01726,حَدِيثُ الْعَهْد,تركيب,136,13331,قريبُ الصلة بالأمر لم يتمرّس فيه.,,,,,,حَدِيثُ الْعَهْد,APPROVED,,
AR01728,تَفَوَّقَ,فعل,136,13826,علا غيره في الأداء.,فوق,تَفَعَّلَ,roots-4662:فوق:المحكم — المعاني,roots-4662:فوق:مقاييس — المحور,roots-4662:فوق:الأساس — المجاز,تَفَوَّقَ,APPROVED,,
AR01730,قَوِيّ,صفة مشبهة,136,17040,ذو قدرةٍ بارزة في نشاطٍ أو مجال.,قوي,فَعِيلٌ,,roots-4662:قوي:مقاييس — المحور,,قَوِيّ,APPROVED,,
AR01732,غَيْرُ مُخْتَصّ,تركيب,136,17106;17107,من لا يملك خبرةً متخصّصة في مجالٍ ما.,,,,,,غَيْرُ مُخْتَصّ,APPROVED,,
AR01733,نِحْرِير,صفة مشبهة,136,,الحاذقُ الماهر المجرِّب.,نحر,فِعْلِيلٌ,roots-4662:نحر:المحكم — المعاني,,roots-4662:نحر:الأساس — المجاز,نِحْرِير,APPROVED,,AR_ONLY
AR01734,جِهْبِذ,اسم جامد,136,,الناقدُ الخبير بتمييز الجيّد من الرديء.,جهبذ,فِعْلِلٌ,,,,جِهْبِذ,APPROVED,,AR_ONLY
AR01735,تَمَرُّس,مصدر,136,,طولُ الممارسة حتى الإحكام.,مرس,تَفَعُّلٌ,roots-4662:مرس:المحكم — المعاني,roots-4662:مرس:مقاييس — المحور,,تَمَرُّس,APPROVED,,AR_ONLY | WAZN ← L2_006 مص من تَفَعَّلَ
AR01736,زَيَّنَ,فعل,59,1007;7131;15822,جعل على الشيء أو فيه ما يحسّنه ويجمّله.,زين,فَعَّلَ,roots-4662:زين:المحكم — المعاني,roots-4662:زين:مقاييس — المحور,roots-4662:زين:الأساس — المجاز,زَيَّنَ,APPROVED,,
AR01738,دَهَنَ,فعل,59,1008;1014;2584;3894;7108,طلى سطح الشيء بالدهن أو الزيت أو الطلاء.,دهن,فَعَلَ,roots-4662:دهن:المحكم — المعاني,roots-4662:دهن:مقاييس — المحور,roots-4662:دهن:الأساس — المجاز,دَهَنَ,APPROVED,,
AR01739,مَسَحَ,فعل,59,1008,أمرّ يده بالدهن أو الزيت على الشيء فطلاه به.,مسح,فَعَلَ,roots-4662:مسح:المحكم — المعاني,roots-4662:مسح:مقاييس — المحور,roots-4662:مسح:الأساس — المجاز,مَسَحَ,APPROVED,,
AR01740,غَطَّى,فعل,59,1009,جعل فوق الشيء ما يستره أو يحميه.,غطي,فَعَّلَ,,,,غَطَّى,APPROVED,,ويذكر أيضًا في غطو
AR01741,كَسَا,فعل,59,1009;2576;3901;3904;7138;15775,جعل على سطح الشيء طبقة أو غطاء تعمّه.,كسو,فَعَلَ,roots-4662:كسو:المحكم — المعاني,,,كَسَا,APPROVED,,
AR01742,ذَرَّ,فعل,59,1010,فرّق مسحوقًا دقيقًا على الشيء فغطّاه به تغطية خفيفة.,ذرر,فَعَلَ,roots-4662:ذرر:المحكم — المعاني,roots-4662:ذرر:مقاييس — المحور,roots-4662:ذرر:الأساس — المجاز,ذَرَّ,APPROVED,,
AR01746,عَبَّأَ,فعل,59,1012;3908,ملأ الوعاء بشيء ورتّبه فيه.,عبء,فَعَّلَ,v21:عبأ:المحكم — المعاني,v21:عبأ:مقاييس — المحور,,عَبَّأَ,APPROVED,,
AR01747,لَطَّخَ,فعل,59,1013;2575;2578;2588,لوّث سطح الشيء بمادة لزجة أو دسمة.,لطخ,فَعَّلَ,roots-4662:لطخ:المحكم — المعاني,roots-4662:لطخ:مقاييس — المحور,,لَطَّخَ,APPROVED,,
AR01749,لَفَّ,فعل,59,1016,أدار على الشيء ما يحيط به من كل جانب.,لفف,فَعَلَ,roots-4662:لفف:المحكم — المعاني,roots-4662:لفف:مقاييس — المحور,,لَفَّ,APPROVED,,
AR01750,غَلَّفَ,فعل,59,1016,جعل للشيء غلافًا يحيط به.,غلف,فَعَّلَ,roots-4662:غلف:المحكم — المعاني,roots-4662:غلف:مقاييس — النص,,غَلَّفَ,APPROVED,,
AR01753,كَدَّسَ,فعل,59,2580;2599;2612,ملأ المكان بأشياء مكوّمة بعضها فوق بعض.,كدس,فَعَّلَ,roots-4662:كدس:المحكم — المعاني,roots-4662:كدس:مقاييس — النص,roots-4662:كدس:الأساس — المجاز,كَدَّسَ,APPROVED,,
AR01755,زَرَعَ,فعل,59,2581;2626,ملأ الأرض بالبذور أو الشتلات.,زرع,فَعَلَ,roots-4662:زرع:المحكم — المعاني,roots-4662:زرع:مقاييس — المحور,roots-4662:زرع:الأساس — المجاز,زَرَعَ,APPROVED,,
AR01756,نَجَّدَ,فعل,59,2585,زيّن البيت بالستور والفرش والبُسط.,نجد,فَعَّلَ,roots-4662:نجد:المحكم — المعاني,roots-4662:نجد:مقاييس — المحور,roots-4662:نجد:الأساس — المجاز,نَجَّدَ,APPROVED,,في الاستعمال المعاصر غلبت عليه حشو الفرش
AR01757,رَشَّ,فعل,59,2586;2587;2589;2590;2591;2592;2598,فرّق الماء أو السائل على الشيء قطرات.,رشش,فَعَلَ,roots-4662:رشش:المحكم — المعاني,roots-4662:رشش:مقاييس — المحور,roots-4662:رشش:الأساس — المجاز,رَشَّ,APPROVED,,
AR01758,نَضَحَ,فعل,59,2586;2587,رشّ الشيء بالماء ونحوه فبلّله.,نضح,فَعَلَ,roots-4662:نضح:المحكم — المعاني,roots-4662:نضح:مقاييس — المحور,roots-4662:نضح:الأساس — المجاز,نَضَحَ,APPROVED,,
AR01759,نَثَرَ,فعل,59,2590;2627;3925,فرّق الأشياء الصغيرة على السطح متفرّقة.,نثر,فَعَلَ,roots-4662:نثر:المحكم — المعاني,roots-4662:نثر:مقاييس — المحور,roots-4662:نثر:الأساس — المجاز,نَثَرَ,APPROVED,,
AR01760,أَمْطَرَ,فعل,59,2592,أسقط على الشيء شيئًا كثيرًا متتابعًا كالمطر.,مطر,أَفْعَلَ,roots-4662:مطر:المحكم — المعاني,roots-4662:مطر:مقاييس — النص,roots-4662:مطر:الأساس — المجاز,أَمْطَرَ,APPROVED,,يتعدى بالباء إلى الموضوع
AR01761,كَوَّمَ,فعل,59,2599;2612,جمع الشيء بعضه فوق بعض في الموضع حتى يعلو.,كوم,فَعَّلَ,roots-4662:كوم:المحكم — المعاني,roots-4662:كوم:مقاييس — المحور,,كَوَّمَ,APPROVED,,
AR01762,ضَخَّ,فعل,59,2614,دفع السائل أو الغاز بقوة إلى داخل الشيء.,ضخخ,فَعَلَ,v21:ضخخ:المحكم — المعاني,v21:ضخخ:مقاييس — النص,,ضَخَّ,APPROVED,,
AR01763,غَرَسَ,فعل,59,2626,ثبّت الشجر والشتلات في الأرض.,غرس,فَعَلَ,roots-4662:غرس:المحكم — المعاني,roots-4662:غرس:مقاييس — النص,roots-4662:غرس:الأساس — المجاز,غَرَسَ,APPROVED,,
AR01764,زَفَّتَ,فعل,59,3900,طلى الطريق ونحوه بالزفت.,زفت,فَعَّلَ,roots-4662:زفت:المحكم — المعاني,roots-4662:زفت:مقاييس — النص,,زَفَّتَ,APPROVED,,
AR01767,غَمَرَ,فعل,59,3907;3928;5205,علا الشيء وعمّه حتى ستره أو ملأه.,غمر,فَعَلَ,roots-4662:غمر:المحكم — المعاني,roots-4662:غمر:مقاييس — المحور,roots-4662:غمر:الأساس — المجاز,غَمَرَ,APPROVED,,
AR01768,مَلَأَ,فعل,59,3908;6919,جعل الوعاء أو المكان ممتلئًا بشيء.,ملء,فَعَلَ,roots-4662:ملء:المحكم — المعاني,,roots-4662:ملء:الأساس — المجاز,مَلَأَ,APPROVED,,
AR01770,رَصَفَ,فعل,59,7017,فرش الأرض بالحجارة المتلاصقة.,رصف,فَعَلَ,roots-4662:رصف:المحكم — المعاني,roots-4662:رصف:مقاييس — المحور,roots-4662:رصف:الأساس — المجاز,رَصَفَ,APPROVED,,
AR01771,ذَهَّبَ,فعل,59,7127,طلى الشيء بالذهب.,ذهب,فَعَّلَ,roots-4662:ذهب:المحكم — المعاني,roots-4662:ذهب:مقاييس — المحور,roots-4662:ذهب:الأساس — المجاز,ذَهَّبَ,APPROVED,,
AR01772,مَوَّهَ,فعل,59,7127;15630,طلى الشيء بطبقة رقيقة من الذهب أو الفضة أو الصبغ.,موه,فَعَّلَ,roots-4662:موه:المحكم — المعاني,roots-4662:موه:مقاييس — النص,,مَوَّهَ,APPROVED,,
AR01773,زَجَّجَ,فعل,59,7128,طلى الخزف ونحوه بطلاء زجاجي لامع.,زجج,فَعَّلَ,roots-4662:زجج:المحكم — المعاني,roots-4662:زجج:مقاييس — المحور,roots-4662:زجج:الأساس — المجاز,زَجَّجَ,APPROVED,,
AR01777,غَشَّى,فعل,59,,ستر الشيء بغطاء يعلوه.,غشي,فَعَّلَ,roots-4662:غشي:المحكم — المعاني,roots-4662:غشي:مقاييس — المحور,,غَشَّى,APPROVED,,AR_ONLY
AR01778,فَرَشَ,فعل,59,,بسط على الأرض ما يغطيها.,فرش,فَعَلَ,roots-4662:فرش:المحكم — المعاني,roots-4662:فرش:مقاييس — المحور,roots-4662:فرش:الأساس — المجاز,فَرَشَ,APPROVED,,AR_ONLY
AR01779,كَلَّسَ,فعل,59,,طلى الجدار ونحوه بالكلس.,كلس,فَعَّلَ,roots-4662:كلس:المحكم — المعاني,roots-4662:كلس:مقاييس — المحور,,كَلَّسَ,APPROVED,,AR_ONLY
AR01780,فَاكِهَة,اسم جامد,277,5058,ما يؤكل من ثمار الشجر والنبات تفكّهًا، وأكثره حلو ليّن.,فكه,فَاعِلَةٌ,roots-4662:فكه:المحكم — المعاني,roots-4662:فكه:مقاييس — المحور,roots-4662:فكه:الأساس — المجاز,فَاكِهَة,APPROVED,,WAZN_L2_005 ← فَاعِلٌ
AR01784,خُضَار,اسم جامد,277,5061,ما يؤكل من النبات أو أجزائه غير الفاكهة.,خضر,فُعَالٌ,roots-4662:خضر:المحكم — المعاني,roots-4662:خضر:مقاييس — المحور,roots-4662:خضر:الأساس — المجاز,خُضَار,APPROVED,,
AR01787,بَطَاطِس,اسم جامد,277,5063,درنات نباتية نشوية من أهم المحاصيل، تُطهى وتؤكل.,,,,,,بَطَاطِس,APPROVED,,دخيل/معرّب مستقر في الفصحى المعاصرة؛ لا مقابل أصيل شائع
AR01788,بَازِلَّاء,اسم جامد,277,5064,حبّ أخضر مستدير يُطبخ ويؤكل.,,,,,,بَازِلَّاء,APPROVED,,دخيل/معرّب مستقر في الفصحى المعاصرة؛ لا مقابل أصيل شائع
AR01789,لَحْم,اسم جامد,277,5075,ما يؤكل من جسد الحيوان سوى العظم والشحم.,لحم,فَعْلٌ,roots-4662:لحم:المحكم — المعاني,roots-4662:لحم:مقاييس — المحور,roots-4662:لحم:الأساس — المجاز,لَحْم,APPROVED,,
AR01790,لَحْمُ بَقَر,تركيب,277,5076,لحم البقر والثيران المتخذ طعامًا.,,,,,,لَحْمُ بَقَر,APPROVED,,
AR01791,خَرُوف,اسم جامد,277,5077,ولد الضأن الصغير، ويُطلق على لحمه المأكول.,خرف,فَعُولٌ,roots-4662:خرف:المحكم — المعاني,roots-4662:خرف:مقاييس — المحور,,خَرُوف,APPROVED,,
AR01792,لَحْمُ ضَأْن,تركيب,277,5077,لحم الغنم ولا سيما صغارها المتخذ طعامًا.,,,,,,لَحْمُ ضَأْن,APPROVED,,
AR01793,لَحْمُ عِجْل,تركيب,277,5078,لحم ولد البقرة الصغير المتخذ طعامًا.,,,,,,لَحْمُ عِجْل,APPROVED,,
AR01794,دَاجِن,اسم فاعل,277,5079,ما أُلف في البيوت من الطير كالدجاج والبط والإوز، يُربّى للحمه وبيضه.,دجن,فَاعِلٌ,roots-4662:دجن:المحكم — المعاني,roots-4662:دجن:مقاييس — النص,roots-4662:دجن:الأساس — المجاز,دَاجِن,APPROVED,,يكثر في الجمع: دواجن
AR01795,دَجَاج,اسم جامد,277,5080,طائر داجن يُربّى للحمه وبيضه.,دجج,فَعَالٍ,roots-4662:دجج:المحكم — المعاني,roots-4662:دجج:مقاييس — المحور,,دَجَاج,APPROVED,,اسم جنس، واحدته دجاجة | WAZN ← SIBAWAYH_EXISTS
AR01796,فَرُّوج,اسم جامد,277,5080,الصغير من الدجاج، ويُطلق على لحمه المطبوخ.,فرج,فَعُّولٌ,roots-4662:فرج:المحكم — المعاني,roots-4662:فرج:مقاييس — المحور,,فَرُّوج,APPROVED,,
AR01797,دِيكٌ رُومِيّ,تركيب,277,5081,طائر داجن كبير أصله من أمريكا الشمالية، يؤكل لحمه.,,,,,,دِيكٌ رُومِيّ,APPROVED,,
AR01798,سَمَك,اسم جامد,277,5082,حيوان مائي، ويُطلق على لحمه المأكول.,سمك,فَعَلٌ,roots-4662:سمك:المحكم — المعاني,roots-4662:سمك:مقاييس — المحور,roots-4662:سمك:الأساس — المجاز,سَمَك,APPROVED,,
AR01799,سَلْمُون,اسم جامد,277,5083,سمك بحري كبير يهاجر إلى الأنهار ليبيض، يؤكل لحمه الوردي.,,,,,,سَلْمُون,APPROVED,,دخيل/معرّب مستقر في الفصحى المعاصرة؛ لا مقابل أصيل شائع
AR01800,تُونَة,اسم جامد,277,5084,سمك بحري كبير سريع يعيش في أسراب في البحار الدافئة، يؤكل لحمه.,,,,,,تُونَة,APPROVED,,دخيل/معرّب مستقر في الفصحى المعاصرة؛ لا مقابل أصيل شائع
AR01802,رُبْيَان,اسم جامد,277,5086,حيوان بحري صغير من القشريات له أرجل كثيرة، يؤكل.,,,,,,رُبْيَان,APPROVED,,لم يتحقق أصله في المعاجم القديمة؛ ويقال: قريدس، وجمبري
AR01803,كَرْكَنْد,اسم جامد,277,5087,حيوان بحري كبير من القشريات له كلّابتان، يؤكل لحمه.,,,,,,كَرْكَنْد,APPROVED,,دخيل/معرّب مستقر في الفصحى المعاصرة؛ لا مقابل أصيل شائع
AR01805,لَبَن,اسم جامد,277,5089,سائل أبيض يخرج من ضرع الأنعام يُشرب.,لبن,فَعَلٌ,roots-4662:لبن:المحكم — المعاني,roots-4662:لبن:مقاييس — المحور,roots-4662:لبن:الأساس — المجاز,لَبَن,APPROVED,,
AR01808,زُبْدَة,اسم جامد,277,5092,دسم أصفر يُستخرج من الحليب بالمخض ويُدهن به أو يُطبخ.,زبد,فُعْلَةٌ,roots-4662:زبد:المحكم — المعاني,roots-4662:زبد:مقاييس — المحور,roots-4662:زبد:الأساس — المجاز,زُبْدَة,APPROVED,,WAZN_L2_005 ← فُعْلٌ
AR01810,لَوْز,اسم جامد,277,5094,لبّ بيضوي يؤكل من ثمر شجرة اللوز، في قشر خشبي.,لوز,فَعْلٌ,roots-4662:لوز:المحكم — المعاني,roots-4662:لوز:مقاييس — النص,roots-4662:لوز:الأساس — المجاز,لَوْز,APPROVED,,
AR01811,فُولٌ سُودَانِيّ,تركيب,277,5095,بذور نبات تنضج تحت الأرض، تؤكل محمّصة أو يُستخرج منها الزيت.,,,,,,فُولٌ سُودَانِيّ,APPROVED,,ويقال: فستق العبيد
AR01812,مَعْكَرُونَة,اسم جامد,277,5096,عجين يُشكّل أشكالًا شتّى ويُسلق في الماء ويؤكل مع الصلصة.,,,,,,مَعْكَرُونَة,APPROVED,,دخيل/معرّب مستقر في الفصحى المعاصرة؛ لا مقابل أصيل شائع
AR01817,فُلْفُل,اسم جامد,277,5101,مسحوق حرّيف يُصنع من حبّ مجفّف مطحون يُطيَّب به الطعام.,فلل,فُعْلُلٌ,roots-4662:فلل:المحكم — المعاني,roots-4662:فلل:مقاييس — المحور,roots-4662:فلل:الأساس — المجاز,فُلْفُل,APPROVED,,قيل معرّب | L2_011 root فلفل→فلل
AR01818,رَيْحَان,اسم جامد,277,5102,نبات عطري يُستعمل في تطييب الطعام.,روح,فَيْعَلانٌ,roots-4662:روح:المحكم — المعاني,roots-4662:روح:مقاييس — المحور,roots-4662:روح:الأساس — المجاز,رَيْحَان,APPROVED,,أصله رَيْوَحان
AR01819,حُبُوبُ الإِفْطَار,تركيب,277,5103,طعام يُصنع من الحبوب ويؤكل في الصباح مع الحليب غالبًا.,,,,,,حُبُوبُ الإِفْطَار,APPROVED,,
AR01820,خَسّ,اسم جامد,277,5104,نبات بقلي تؤكل أوراقه نيئة في السلطة.,خسس,فَعْلٌ,roots-4662:خسس:المحكم — المعاني,roots-4662:خسس:مقاييس — المحور,,خَسّ,APPROVED,,
AR01823,رَغِيف,اسم جامد,277,5107,قرص من الخبز، ويُقال للصغير منه.,رغف,فَعِيلٌ,roots-4662:رغف:المحكم — المعاني,roots-4662:رغف:مقاييس — النص,roots-4662:رغف:الأساس — المجاز,رَغِيف,APPROVED,,
AR01824,بَسْكَوِيتٌ مَالِح,تركيب,277,5108,رقائق جافة مالحة تؤكل مع الجبن ونحوه.,,,,,,بَسْكَوِيتٌ مَالِح,APPROVED,,
AR01825,كَعْكَة,اسم جامد,277,5109;5114,قطعة من طعام حلو طريّ يُخبز من الدقيق والدهن والبيض والسكر.,كعك,فَعْلَةٌ,,,,كَعْكَة,APPROVED,,الكعك فارسي معرّب في اللسان | WAZN_L2_005 ← فَعْلٌ
AR01826,فَطِيرَة,اسم جامد,277,5110;5112,عجينة تُخبز أو تُقلى، رقيقة أو محشوّة بحلو أو مالح.,فطر,فَعِيلَةٌ,roots-4662:فطر:المحكم — المعاني,roots-4662:فطر:مقاييس — المحور,roots-4662:فطر:الأساس — المجاز,فَطِيرَة,APPROVED,,WAZN_L2_005 ← فَعِيلٌ
AR01827,كَعْكَةُ الجُبْن,تركيب,277,5111,حلوى غنية تُصنع من القشدة والجبن الطري على قاعدة من البسكويت.,,,,,,كَعْكَةُ الجُبْن,APPROVED,,
AR01828,كَرْوَاسَان,اسم جامد,277,5113,خبز هلالي الشكل من عجين هشّ مطبّق يؤكل في الفطور.,,,,,,كَرْوَاسَان,APPROVED,,دخيل/معرّب مستقر في الفصحى المعاصرة؛ لا مقابل أصيل شائع
AR01829,بَسْكَوِيت,اسم جامد,277,5114;5115,قطع صغيرة رقيقة مقرمشة من عجين حلو مخبوز.,,,,,,بَسْكَوِيت,APPROVED,,دخيل/معرّب مستقر في الفصحى المعاصرة؛ لا مقابل أصيل شائع
AR01831,شُوكُولَاتَة,اسم جامد,277,5117,طعام يُصنع من بذور الكاكاو المحمّصة المطحونة ويُحلّى غالبًا.,,,,,,شُوكُولَاتَة,APPROVED,,دخيل/معرّب مستقر في الفصحى المعاصرة؛ لا مقابل أصيل شائع
AR01833,سُكَّر,اسم جامد,277,5119,مادة بلّورية حلوة تُستخرج من قصب السكر أو الشمندر ويُحلّى بها.,سكر,فُعَّلٌ,roots-4662:سكر:المحكم — المعاني,roots-4662:سكر:مقاييس — المحور,,سُكَّر,APPROVED,,فارسي معرّب في اللسان | WAZN ← L2_015 المالك
AR01835,دُهْن,اسم جامد,277,5121,مادة دسمة حيوانية أو نباتية يُطبخ بها.,دهن,فُعْلٌ,roots-4662:دهن:المحكم — المعاني,roots-4662:دهن:مقاييس — المحور,roots-4662:دهن:الأساس — المجاز,دُهْن,APPROVED,,
AR01837,زَيْت,اسم جامد,277,5122,سائل دسم يُعصر من النبات أو يُستخرج من الحيوان ويُطبخ به.,زيت,فَعْلٌ,roots-4662:زيت:المحكم — المعاني,roots-4662:زيت:مقاييس — النص,,زَيْت,APPROVED,,
AR01838,خَلّ,اسم جامد,277,5123,سائل حامض يُتخذ بتخمير العصير ونحوه، يُتبّل به الطعام ويُكبس.,خلل,فَعْلٌ,roots-4662:خلل:المحكم — المعاني,roots-4662:خلل:مقاييس — المحور,roots-4662:خلل:الأساس — المجاز,خَلّ,APPROVED,,
AR01839,قَهْوَة,اسم جامد,277,5124,شراب ساخن يُصنع من حبّ البنّ المحمّص المطحون.,قهو,فَعْلَةٌ,v21:قهو:المحكم — المعاني,v21:قهو:مقاييس — المحور,v21:قهو:الأساس — المجاز,قَهْوَة,APPROVED,,كانت في القديم من أسماء الخمر | WAZN_L2_005 ← فَعْلٌ
AR01843,يَخْنَة,اسم جامد,277,5128,طعام من اللحم والخضار يُطبخ على نار هادئة في مرق.,,,,,,يَخْنَة,APPROVED,,فارسي دخيل
AR01844,صَلْصَة,اسم جامد,277,5129,سائل غليظ يُقدّم مع الطعام لتطييبه وترطيبه.,,,,,,صَلْصَة,APPROVED,,دخيل/معرّب مستقر في الفصحى المعاصرة؛ لا مقابل أصيل شائع
AR01847,صَلْصَةُ الخَلّ,تركيب,277,5131,مزيج من الزيت والخلّ والتوابل تُتبّل به السلطة.,,,,,,صَلْصَةُ الخَلّ,APPROVED,,
AR01848,كَاتْشَب,اسم جامد,277,5132,صلصة حرّيفة تُصنع من الطماطم والخلّ.,,,,,,كَاتْشَب,APPROVED,,دخيل/معرّب مستقر في الفصحى المعاصرة؛ لا مقابل أصيل شائع
AR01849,مَايُونِيز,اسم جامد,277,5133,صلصة كثيفة دسمة من صفار البيض المخفوق بالزيت والخلّ.,,,,,,مَايُونِيز,APPROVED,,دخيل/معرّب مستقر في الفصحى المعاصرة؛ لا مقابل أصيل شائع
AR01850,لَازَانْيَا,اسم جامد,277,6326,طعام إيطالي من رقائق العجين العريضة تُخبز مع اللحم أو الخضار وصلصة الجبن.,,,,,,لَازَانْيَا,APPROVED,,دخيل/معرّب مستقر في الفصحى المعاصرة؛ لا مقابل أصيل شائع
AR01852,غِذَاء,اسم جامد,277,13129,ما يقوم به البدن ونماؤه من طعام وشراب.,غذو,فِعَالٌ,v21:غذو:المحكم — المعاني,,,غِذَاء,APPROVED,,
AR01853,شَاي,اسم جامد,277,13866,شراب ساخن يُصنع بنقع أوراق نبات الشاي المجففة في الماء المغلي.,,,,,,شَاي,APPROVED,,دخيل/معرّب مستقر في الفصحى المعاصرة؛ لا مقابل أصيل شائع
AR01854,مَاء,اسم جامد,277,15542,سائل لا لون له ولا طعم ولا رائحة، به حياة الأحياء ويُشرب.,موه,فَعَلٌ,roots-4662:موه:المحكم — المعاني,roots-4662:موه:مقاييس — النص,,مَاء,APPROVED,,أصله مَوَه أُعلّت العين وأُبدلت الهاء همزة
AR01856,رُطَب,اسم جامد,277,15561,ثمر النخل إذا نضج ولان قبل أن يتمر.,رطب,فُعَلٌ,roots-4662:رطب:المحكم — المعاني,roots-4662:رطب:مقاييس — المحور,roots-4662:رطب:الأساس — المجاز,رُطَب,APPROVED,,
AR01857,مَلْفُوف,اسم مفعول,277,15965,نبات بقلي تلتفّ أوراقه بعضها على بعض، يؤكل مطبوخًا ونيئًا.,لفف,مَفْعُولٌ,roots-4662:لفف:المحكم — المعاني,roots-4662:لفف:مقاييس — المحور,,مَلْفُوف,APPROVED,,
AR01858,كُرُنْب,اسم جامد,277,15965,نبات بقلي تلتفّ أوراقه بعضها على بعض، يؤكل مطبوخًا ونيئًا.,كرنب,فُعُلٌّ,,,,كُرُنْب,APPROVED,,WAZN ← L2_015 المالك
AR01859,وَجْبَةٌ مَيْدَانِيَّة,تركيب,277,16810,طعام جاهز معبّأ يُوزّع على الجنود في الميدان.,,,,,,وَجْبَةٌ مَيْدَانِيَّة,APPROVED,,مقابل وصفي؛ لا لفظ مفرد مستقر
AR01860,جِعَة,اسم جامد,277,16832,شراب مسكر يُتخذ من الشعير المخمّر.,جعو,فِعَةٌ,v21:جعو:المحكم — المعاني,,,جِعَة,APPROVED,,في اللسان: نبيذ الشعير؛ محذوف اللام | WAZN ← L2_015 المالك
AR01862,زَيْتُون,اسم جامد,277,,ثمر شجرة الزيتون يؤكل ويُعصر منه الزيت.,زيت,فَيْعُولٌ,roots-4662:زيت:المحكم — المعاني,roots-4662:زيت:مقاييس — النص,,زَيْتُون,APPROVED,,AR_ONLY؛ ويذكره بعض المعاجم في زتن على فَعْلُون
AR01865,قَمْح,اسم جامد,277,,حبّ يُطحن فيُتخذ منه الدقيق والخبز.,قمح,فَعْلٌ,roots-4662:قمح:المحكم — المعاني,roots-4662:قمح:مقاييس — المحور,roots-4662:قمح:الأساس — المجاز,قَمْح,APPROVED,,AR_ONLY
AR01867,مِلْح,اسم جامد,277,,مادة بلّورية تُطيّب بها الأطعمة.,ملح,فِعْلٌ,roots-4662:ملح:المحكم — المعاني,roots-4662:ملح:مقاييس — النص,roots-4662:ملح:الأساس — المجاز,مِلْح,APPROVED,,AR_ONLY
AR01869,سَنَوِيّ,اسم منسوب,80,1724;1742,ما يحدث أو يصدر مرة في كل سنة.,سنو,فَعَلِيٌّ,roots-4662:سنو:المحكم — المعاني,,roots-4662:سنو:الأساس — المجاز,سَنَوِيّ,APPROVED,,POS_L2_007:NISBA؛ ويذكره بعض المعاجم في سنه | WAZN ← L2_007 نسبة فَعَلٌ
AR01871,كُلَّ سَنَتَيْن,تركيب,80,1725;1727,يدل على حدوث الأمر مرة واحدة في كل سنتين.,,,,,,كُلَّ سَنَتَيْن,APPROVED,,
AR01872,كُلَّ شَهْرَيْن,تركيب,80,1726,يدل على حدوث الأمر مرة واحدة في كل شهرين.,,,,,,كُلَّ شَهْرَيْن,APPROVED,,
AR01874,كُلَّ أُسْبُوعَيْن,تركيب,80,1729,يدل على حدوث الأمر مرة واحدة في كل أسبوعين.,,,,,,كُلَّ أُسْبُوعَيْن,APPROVED,,
AR01875,مُتَكَرِّر,اسم فاعل,80,1730;1737;1738,ما يقع مرة بعد مرة.,كرر,مُتَفَعِّلٌ,roots-4662:كرر:المحكم — المعاني,roots-4662:كرر:مقاييس — المحور,,مُتَكَرِّر,APPROVED,,WAZN ← L2_006 فا من تَفَعَّلَ
AR01876,كَثِير,صفة مشبهة,80,1730,ما تتعدّد مرات وقوعه في مدد متقاربة.,كثر,فَعِيلٌ,roots-4662:كثر:المحكم — المعاني,roots-4662:كثر:مقاييس — النص,,كَثِير,APPROVED,,
AR01877,نَادِر,اسم فاعل,80,1731;14594,ما قلّ وقوعه فلا يكاد يحدث.,ندر,فَاعِلٌ,roots-4662:ندر:المحكم — المعاني,roots-4662:ندر:مقاييس — المحور,roots-4662:ندر:الأساس — المجاز,نَادِر,APPROVED,,
AR01878,قَلِيل,صفة مشبهة,80,1731,ما لا يقع إلا في مرات معدودة متباعدة.,قلل,فَعِيلٌ,roots-4662:قلل:المحكم — المعاني,roots-4662:قلل:مقاييس — المحور,roots-4662:قلل:الأساس — المجاز,قَلِيل,APPROVED,,
AR01879,مُتَقَطِّع,اسم فاعل,80,1732;1740,ما يقع ثم ينقطع ثم يعود على غير انتظام.,قطع,مُتَفَعِّلٌ,roots-4662:قطع:المحكم — المعاني,roots-4662:قطع:مقاييس — المحور,roots-4662:قطع:الأساس — المجاز,مُتَقَطِّع,APPROVED,,WAZN ← L2_006 فا من تَفَعَّلَ
AR01883,غَيْرُ مُنْتَظِم,تركيب,80,1735,ما لا يجري وقوعه على نسق ثابت من الزمن.,,,,,,غَيْرُ مُنْتَظِم,APPROVED,,
AR01884,دَوْرِيّ,اسم منسوب,80,1736,ما يتكرّر وقوعه على فترات من الزمن.,دور,فَعْلِيٌّ,roots-4662:دور:المحكم — المعاني,roots-4662:دور:مقاييس — المحور,,دَوْرِيّ,APPROVED,,POS_L2_007:NISBA | WAZN ← L2_007 نسبة فَعْلٌ
AR01885,مُتَوَاتِر,اسم فاعل,80,1737,ما يتتابع وقوعه مرة بعد مرة.,وتر,مُتَفَاعِلٌ,roots-4662:وتر:المحكم — المعاني,roots-4662:وتر:مقاييس — النص,roots-4662:وتر:الأساس — المجاز,مُتَوَاتِر,APPROVED,,WAZN ← L2_006 فا من تَفَاعَلَ
AR01887,مُتَفَرِّق,اسم فاعل,80,1740,ما يقع في أوقات متباعدة غير منتظمة أو في مواضع قليلة.,فرق,مُتَفَعِّلٌ,roots-4662:فرق:المحكم — المعاني,roots-4662:فرق:مقاييس — المحور,roots-4662:فرق:الأساس — المجاز,مُتَفَرِّق,APPROVED,,WAZN ← L2_006 فا من تَفَعَّلَ
AR01888,أُسْبُوعِيّ,اسم منسوب,80,1741,ما يحدث أو يصدر مرة في كل أسبوع.,سبع,أُفْعُولِيٌّ,roots-4662:سبع:المحكم — المعاني,roots-4662:سبع:مقاييس — المحور,roots-4662:سبع:الأساس — المجاز,أُسْبُوعِيّ,APPROVED,,POS_L2_007:NISBA | WAZN ← L2_007 نسبة أُفْعُولٌ
AR01889,فَتْرَة,اسم جامد,80,8750,مدة من الزمن تفصل بين أمرين.,فتر,فَعْلَةٌ,roots-4662:فتر:المحكم — المعاني,roots-4662:فتر:مقاييس — المحور,roots-4662:فتر:الأساس — المجاز,فَتْرَة,APPROVED,,WAZN_L2_005 ← فَعْلٌ
AR01890,فَاصِل,اسم فاعل,80,8750,ما يقع من الزمن بين حدثين.,فصل,فَاعِلٌ,roots-4662:فصل:المحكم — المعاني,roots-4662:فصل:مقاييس — النص,,فَاصِل,APPROVED,,
AR01891,مُدَّة,اسم جامد,80,8751,قطعة من الزمن طالت أو قصرت.,مدد,فُعْلَةٌ,roots-4662:مدد:المحكم — المعاني,roots-4662:مدد:مقاييس — المحور,roots-4662:مدد:الأساس — المجاز,مُدَّة,APPROVED,,WAZN_L2_005 ← فُعْلٌ
AR01893,بَيْنَ الحِينِ وَالآخَر,تركيب,80,12551;12552;14217;14218;16470;16471,يدل على حدوث الأمر في أوقات متفرّقة غير متصلة.,,,,,,بَيْنَ الحِينِ وَالآخَر,APPROVED,,
AR01894,بِصُورَةٍ مُتَقَطِّعَة,تركيب,80,12551;12552,يدل على حدوث الأمر ثم انقطاعه ثم عودته.,,,,,,بِصُورَةٍ مُتَقَطِّعَة,APPROVED,,
AR01895,تَوَاتُر,مصدر,80,12645,معدّل تتابع وقوع الشيء في مدة معلومة.,وتر,تَفَاعُلٌ,roots-4662:وتر:المحكم — المعاني,roots-4662:وتر:مقاييس — النص,roots-4662:وتر:الأساس — المجاز,تَوَاتُر,APPROVED,,WAZN ← L2_006 مص من تَفَاعَلَ
AR01896,تَرَدُّد,مصدر,80,12645,عدد مرات تكرّر الشيء في وحدة من الزمن.,ردد,تَفَعُّلٌ,roots-4662:ردد:المحكم — المعاني,roots-4662:ردد:مقاييس — المحور,roots-4662:ردد:الأساس — المجاز,تَرَدُّد,APPROVED,,مصطلح علمي شائع | WAZN ← L2_006 مص من تَفَعَّلَ
AR01897,دَائِمًا,ظرف,80,13636;14210;14361,في كل الأحوال والأوقات بلا استثناء.,دوم,,roots-4662:دوم:المحكم — المعاني,roots-4662:دوم:مقاييس — المحور,roots-4662:دوم:الأساس — المجاز,دَائِمًا,APPROVED,,منصوب على الظرفية أو الحال أو المفعولية المطلقة
AR01898,دَوْمًا,ظرف,80,13636,في كل الأوقات على الاستمرار.,دوم,,roots-4662:دوم:المحكم — المعاني,roots-4662:دوم:مقاييس — المحور,roots-4662:دوم:الأساس — المجاز,دَوْمًا,APPROVED,,منصوب على الظرفية أو الحال أو المفعولية المطلقة
AR01899,مِنْ حِينٍ إِلَى آخَر,تركيب,80,13637;14218;16471,يدل على حدوث الأمر في أوقات متباعدة.,,,,,,مِنْ حِينٍ إِلَى آخَر,APPROVED,,
AR01901,قَطّ,ظرف,80,14104,في أي زمن مضى، ويُستعمل بعد النفي.,قطط,,roots-4662:قطط:المحكم — المعاني,roots-4662:قطط:مقاييس — المحور,roots-4662:قطط:الأساس — المجاز,قَطّ,APPROVED,,ظرف زمان مبني على الضم في الأصل
AR01902,كَثِيرًا,ظرف,80,14105;14106,في مرات عديدة متقاربة.,كثر,,roots-4662:كثر:المحكم — المعاني,roots-4662:كثر:مقاييس — النص,,كَثِيرًا,APPROVED,,منصوب على الظرفية أو الحال أو المفعولية المطلقة
AR01903,غَالِبًا,ظرف,80,14105;16465;16468,في أكثر الأحوال والمرات.,غلب,,roots-4662:غلب:المحكم — المعاني,roots-4662:غلب:مقاييس — المحور,roots-4662:غلب:الأساس — المجاز,غَالِبًا,APPROVED,,منصوب على الظرفية أو الحال أو المفعولية المطلقة
AR01904,مِرَارًا,ظرف,80,14106,مرة بعد مرة.,مرر,,roots-4662:مرر:المحكم — المعاني,roots-4662:مرر:مقاييس — المحور,roots-4662:مرر:الأساس — المجاز,مِرَارًا,APPROVED,,منصوب على الظرفية أو الحال أو المفعولية المطلقة
AR01905,نَادِرًا,ظرف,80,14107;15940,في مرات قليلة متباعدة.,ندر,,roots-4662:ندر:المحكم — المعاني,roots-4662:ندر:مقاييس — المحور,roots-4662:ندر:الأساس — المجاز,نَادِرًا,APPROVED,,منصوب على الظرفية أو الحال أو المفعولية المطلقة
AR01906,قَلَّمَا,تركيب,80,14107;15940,يدل على قلّة وقوع الفعل وندرته.,,,,,,قَلَّمَا,APPROVED,,فعل قلّ متصل بما الكافة
AR01909,كُلّ,اسم جامد,80,14110,اسم يدل بإضافته إلى لفظ الزمن على تكرّر الحدث عند كل فترة منه.,كلل,فُعْلٌ,roots-4662:كلل:المحكم — المعاني,roots-4662:كلل:مقاييس — المحور,roots-4662:كلل:الأساس — المجاز,كُلّ,APPROVED,,يلازم الإضافة
AR01910,طَوَالَ الوَقْت,تركيب,80,14210,في كل وقت دون انقطاع.,,,,,,طَوَالَ الوَقْت,APPROVED,,
AR01911,بِاسْتِمْرَار,تركيب,80,14361,على الدوام دون توقّف.,,,,,,بِاسْتِمْرَار,APPROVED,,
AR01912,بِانْتِظَام,تركيب,80,14615,على نسق ثابت من التكرار.,,,,,,بِانْتِظَام,APPROVED,,
AR01915,بِوَجْهٍ عَامّ,تركيب,80,16467,في أغلب الأحوال على الإجمال.,,,,,,بِوَجْهٍ عَامّ,APPROVED,,
AR01919,تَكَرُّر,مصدر,80,18705,وقوع الشيء مرة أخرى بعد وقوعه.,كرر,تَفَعُّلٌ,roots-4662:كرر:المحكم — المعاني,roots-4662:كرر:مقاييس — المحور,,تَكَرُّر,APPROVED,,WAZN ← L2_006 مص من تَفَعَّلَ
AR01921,مِرَارًا وَتَكْرَارًا,تركيب,80,,مرة بعد مرة على التكرار الكثير.,,,,,,مِرَارًا وَتَكْرَارًا,APPROVED,,AR_ONLY
AR01922,لِمَامًا,ظرف,80,,في أوقات متباعدة قليلة.,لمم,,roots-4662:لمم:المحكم — المعاني,roots-4662:لمم:مقاييس — المحور,,لِمَامًا,APPROVED,,AR_ONLY؛ منصوب على الظرفية أو الحال أو المفعولية المطلقة
AR01924,قِتَال,مصدر,93,1910;1919;1925;11600,تضارب الفريقين بالسلاح أو بالقوة ليغلب أحدهما الآخر.,قتل,فِعَالٌ,roots-4662:قتل:المحكم — المعاني,roots-4662:قتل:مقاييس — المحور,roots-4662:قتل:الأساس — المجاز,قِتَال,APPROVED,,
AR01929,مُلَاسَنَة,مصدر,93,1913,تبادل الكلام الجارح بين متخاصمين.,لسن,مُفَاعَلَةٌ,roots-4662:لسن:المحكم — المعاني,roots-4662:لسن:مقاييس — المحور,roots-4662:لسن:الأساس — المجاز,مُلَاسَنَة,APPROVED,,WAZN ← L2_006 مص من فَاعَلَ
AR01934,مُوَاجَهَة,مصدر,93,1917;3805,التقاء الخصمين وجهاً لوجه بقصد العداء.,وجه,مُفَاعَلَةٌ,roots-4662:وجه:المحكم — المعاني,roots-4662:وجه:مقاييس — المحور,roots-4662:وجه:الأساس — المجاز,مُوَاجَهَة,APPROVED,,WAZN ← L2_006 مص من فَاعَلَ
AR01936,خِصَام,مصدر,93,1918,نزاع وجدال حادّ بين متخاصمين.,خصم,فِعَالٌ,roots-4662:خصم:المحكم — المعاني,roots-4662:خصم:مقاييس — المحور,roots-4662:خصم:الأساس — المجاز,خِصَام,APPROVED,,
AR01937,نِزَال,مصدر,93,1920;1925,التقاء المتقاتلين في مواجهة.,نزل,فِعَالٌ,roots-4662:نزل:المحكم — المعاني,roots-4662:نزل:مقاييس — النص,roots-4662:نزل:الأساس — المجاز,نِزَال,APPROVED,,
AR01939,كِفَاح,مصدر,93,1921,مقاتلة العدو ومواجهته مباشرة بجهد شديد.,كفح,فِعَالٌ,roots-4662:كفح:المحكم — المعاني,,roots-4662:كفح:الأساس — المجاز,كِفَاح,APPROVED,,
AR01940,أَعْمَال عَدَائِيَّة,تركيب,93,1922,الأفعال الحربية التي يأتيها طرف متعادٍ ضدّ آخر في حال الحرب.,,,,,,أَعْمَال عَدَائِيَّة,APPROVED,,تركيب ثابت بصيغة الجمع
AR01941,مُنَاوَشَة,مصدر,93,1924,قتال يسير متقطّع بين فريقين.,نوش,مُفَاعَلَةٌ,roots-4662:نوش:المحكم — المعاني,roots-4662:نوش:مقاييس — المحور,,مُنَاوَشَة,APPROVED,,WAZN ← L2_006 مص من فَاعَلَ
AR01943,طَرِيق مَسْدُود,تركيب,93,1927,حال لا يستطيع فيها المتخاصمان التقدّم في نزاعهما.,,,,,,طَرِيق مَسْدُود,APPROVED,,تعبير معاصر مستقر
AR01944,نِزَاع,مصدر,93,1929;10638,خلاف وصراع بين طرفين متعاديين.,نزع,فِعَالٌ,roots-4662:نزع:المحكم — المعاني,roots-4662:نزع:مقاييس — المحور,roots-4662:نزع:الأساس — المجاز,نِزَاع,APPROVED,,
AR01946,قَاتَلَ,فعل,93,1930;1931,حارب غيرَه وسعى إلى غلبته بالسلاح أو القوة.,قتل,فَاعَلَ,roots-4662:قتل:المحكم — المعاني,roots-4662:قتل:مقاييس — المحور,roots-4662:قتل:الأساس — المجاز,قَاتَلَ,APPROVED,,
AR01947,تَقَاتَلَ,فعل,93,1930,قاتل كلٌّ من الطرفين الآخر.,قتل,تَفَاعَلَ,roots-4662:قتل:المحكم — المعاني,roots-4662:قتل:مقاييس — المحور,roots-4662:قتل:الأساس — المجاز,تَقَاتَلَ,APPROVED,,
AR01955,نَاوَشَ,فعل,93,1936,قاتل العدوَّ قتالاً يسيراً متقطّعاً.,نوش,فَاعَلَ,roots-4662:نوش:المحكم — المعاني,roots-4662:نوش:مقاييس — المحور,,نَاوَشَ,APPROVED,,
AR01956,تَنَاوَشَ,فعل,93,1936,ناوش كلٌّ من الفريقين الآخر.,نوش,تَفَاعَلَ,roots-4662:نوش:المحكم — المعاني,roots-4662:نوش:مقاييس — المحور,,تَنَاوَشَ,APPROVED,,
AR01957,وَاجَهَ,فعل,93,1938,قابل الخصمَ وجهاً لوجه بقصد العداء.,وجه,فَاعَلَ,roots-4662:وجه:المحكم — المعاني,roots-4662:وجه:مقاييس — المحور,roots-4662:وجه:الأساس — المجاز,وَاجَهَ,APPROVED,,
AR01961,تَبَادُل إِطْلَاق النَّار,تركيب,93,3803;10458,اشتباك يرمي فيه كلّ فريق الآخر بالرصاص.,,,,,,تَبَادُل إِطْلَاق النَّار,APPROVED,,
AR01962,اِشْتِبَاك مُسَلَّح,تركيب,93,3803;3804,قتال بالأسلحة بين فريقين.,,,,,,اِشْتِبَاك مُسَلَّح,APPROVED,,
AR01963,مُنَازَلَة,مصدر,93,3806,مواجهة حاسمة بين خصمين لفضّ ما بينهما.,نزل,مُفَاعَلَةٌ,roots-4662:نزل:المحكم — المعاني,roots-4662:نزل:مقاييس — النص,roots-4662:نزل:الأساس — المجاز,مُنَازَلَة,APPROVED,,WAZN ← L2_006 مص من فَاعَلَ
AR01964,مُمَاحَكَة,مصدر,93,3807,جدال ولجاج طويل بين متخاصمين.,محك,مُفَاعَلَةٌ,roots-4662:محك:المحكم — المعاني,roots-4662:محك:مقاييس — النص,,مُمَاحَكَة,APPROVED,,WAZN ← L2_006 مص من فَاعَلَ
AR01965,عِرَاك بِالْأَيْدِي,تركيب,93,10457,تضارب بالقبضات بين اثنين أو أكثر.,,,,,,عِرَاك بِالْأَيْدِي,APPROVED,,
AR01966,تَلَاكُم,مصدر,93,10457,ضرب كلٍّ من الخصمين الآخر بقبضته.,لكم,تَفَاعُلٌ,roots-4662:لكم:المحكم — المعاني,roots-4662:لكم:مقاييس — النص,roots-4662:لكم:الأساس — المجاز,تَلَاكُم,APPROVED,,WAZN ← L2_006 مص من تَفَاعَلَ
AR01967,حَرْب كِيمِيَائِيَّة,تركيب,93,11611,حرب تُستعمل فيها المواد الكيميائية السامّة سلاحاً.,,,,,,حَرْب كِيمِيَائِيَّة,APPROVED,,
AR01968,حَرْب بِيُولُوجِيَّة,تركيب,93,11623,حرب تُستعمل فيها الجراثيم والكائنات المُمرِضة سلاحاً.,,,,,,حَرْب بِيُولُوجِيَّة,APPROVED,,
AR01969,حَرْب جُرْثُومِيَّة,تركيب,93,11623,حرب تُنشر فيها الجراثيم المُمرِضة سلاحاً.,,,,,,حَرْب جُرْثُومِيَّة,APPROVED,,
AR01970,كَافَحَ,فعل,93,14676,قاتل العدوَّ مواجهةً وجاهده بشدّة.,كفح,فَاعَلَ,roots-4662:كفح:المحكم — المعاني,,roots-4662:كفح:الأساس — المجاز,كَافَحَ,APPROVED,,
AR01972,اِلْتِحَام,مصدر,93,14981,اشتباك المتقاتلين بالأجساد عن قرب.,لحم,اِفْتِعَالٌ,roots-4662:لحم:المحكم — المعاني,roots-4662:لحم:مقاييس — المحور,roots-4662:لحم:الأساس — المجاز,اِلْتِحَام,APPROVED,,WAZN ← L2_006 مص من اِفْتَعَلَ
AR01973,نَازَلَ,فعل,93,16741,برز لخصمه في القتال وواجهه.,نزل,فَاعَلَ,roots-4662:نزل:المحكم — المعاني,roots-4662:نزل:مقاييس — النص,roots-4662:نزل:الأساس — المجاز,نَازَلَ,APPROVED,,
AR01974,اِلْتَحَمَ,فعل,93,16741,اشتبك مع العدو في القتال عن قرب.,لحم,اِفْتَعَلَ,roots-4662:لحم:المحكم — المعاني,roots-4662:لحم:مقاييس — المحور,roots-4662:لحم:الأساس — المجاز,اِلْتَحَمَ,APPROVED,,
AR01975,مَلْحَمَة,اسم جامد,93,,معركة عظيمة يكثر فيها القتل.,لحم,مَفْعَلَةٌ,roots-4662:لحم:المحكم — المعاني,roots-4662:لحم:مقاييس — المحور,roots-4662:لحم:الأساس — المجاز,مَلْحَمَة,APPROVED,,AR_ONLY | WAZN_L2_005 ← مَفْعَلٌ
AR01976,هَيْجَاء,اسم جامد,93,,الحرب والقتال.,هيج,فَعْلاءُ,roots-4662:هيج:المحكم — المعاني,roots-4662:هيج:مقاييس — المحور,roots-4662:هيج:الأساس — المجاز,هَيْجَاء,APPROVED,,AR_ONLY
AR01978,وَقْعَة,اسم جامد,93,,معركة يلتقي فيها الفريقان المتحاربان.,وقع,فَعْلَةٌ,roots-4662:وقع:المحكم — المعاني,roots-4662:وقع:مقاييس — المحور,roots-4662:وقع:الأساس — المجاز,وَقْعَة,APPROVED,,AR_ONLY | WAZN_L2_005 ← فَعْلٌ
AR01980,تَقْدِير,مصدر,28,278;286;336;8501,معرفةُ قدر الشخص أو الشيء لفضله.,قدر,تَفْعِيلٌ,roots-4662:قدر:المحكم — المعاني,roots-4662:قدر:مقاييس — المحور,roots-4662:قدر:الأساس — المجاز,تَقْدِير,APPROVED,,
AR01981,أَكْبَرَ,فعل,28,279,رأى الشخص عظيماً فأجلّه.,كبر,أَفْعَلَ,roots-4662:كبر:المحكم — المعاني,roots-4662:كبر:مقاييس — المحور,roots-4662:كبر:الأساس — المجاز,أَكْبَرَ,APPROVED,,
AR01982,قَدَّرَ,فعل,28,279;285;337;4118;8500,عرف للشخص فضله ونظر إليه بإجلال.,قدر,فَعَّلَ,roots-4662:قدر:المحكم — المعاني,roots-4662:قدر:مقاييس — المحور,roots-4662:قدر:الأساس — المجاز,قَدَّرَ,APPROVED,,
AR01987,اِرْتِضَاء,مصدر,28,287,قبولُ الشيء عن رضا.,رضي,اِفْتِعَالٌ,,v21:رضي:مقاييس — المحور,,اِرْتِضَاء,APPROVED,,WAZN ← L2_006 مص من اِفْتَعَلَ
AR01989,رَاضِي,اسم فاعل,28,288,من قبل الشيء وارتضاه.,رضي,فَاعِلٌ,,v21:رضي:مقاييس — المحور,,رَاضِي,APPROVED,,منقوص؛ يكتب بلا تنوين؛ أصله راضِيٌ
AR01990,لَوْم,مصدر,28,291;8971,نسبةُ الخطأ إلى من صدر عنه.,لوم,فَعْلٌ,roots-4662:لوم:المحكم — المعاني,roots-4662:لوم:مقاييس — المحور,,لَوْم,APPROVED,,
AR01991,مَلَامَة,مصدر,28,291,تحميلُ المرء تبعة خطأ.,لوم,مَفْعَلَةٌ,roots-4662:لوم:المحكم — المعاني,roots-4662:لوم:مقاييس — المحور,,مَلَامَة,APPROVED,,مصدر ميمي | WAZN_L2_005 ← مَفْعَلٌ
AR01992,لَامَ,فعل,28,292,نسب إلى غيره المسؤولية عن خطأ.,لوم,فَعَلَ,roots-4662:لوم:المحكم — المعاني,roots-4662:لوم:مقاييس — المحور,,لَامَ,APPROVED,,
AR01994,اِزْدِرَاء,مصدر,28,308;329;362,عدُّ الشخص أو الشيء حقيراً لا يستحقّ الالتفات.,زري,اِفْتِعَالٌ,roots-4662:زري:المحكم — المعاني,roots-4662:زري:مقاييس — المحور,,اِزْدِرَاء,APPROVED,,WAZN ← L2_006 مص من اِفْتَعَلَ
AR01996,مُزْدَرِي,اسم فاعل,28,309;331;364,من يُظهر الاستصغار لغيره.,زري,مُفْتَعِلٌ,roots-4662:زري:المحكم — المعاني,roots-4662:زري:مقاييس — المحور,,مُزْدَرِي,APPROVED,,منقوص؛ يكتب بلا تنوين | WAZN ← L2_006 فا من اِفْتَعَلَ
AR01998,نَاقِد,اسم فاعل,28,310,من يُبدي ملاحظاتٍ سلبية على غيره.,نقد,فَاعِلٌ,roots-4662:نقد:المحكم — المعاني,roots-4662:نقد:مقاييس — المحور,,نَاقِد,APPROVED,,
AR01999,مُنْتَقِد,اسم فاعل,28,310,من يعيب غيره ويُظهر عدم رضاه.,نقد,مُفْتَعِلٌ,roots-4662:نقد:المحكم — المعاني,roots-4662:نقد:مقاييس — المحور,,مُنْتَقِد,APPROVED,,WAZN ← L2_006 فا من اِفْتَعَلَ
AR02000,لَعْنَة,اسم مرة,28,314,الحكمُ على الشخص بالطرد من الرحمة والعذاب الدائم.,لعن,فَعْلَةٌ,roots-4662:لعن:المحكم — المعاني,roots-4662:لعن:مقاييس — المحور,,لَعْنَة,APPROVED,,اسم المرة | WAZN_L2_005 ← فَعْلٌ | POS_L2_007:ISM_MARRA (من نص الملاحظة)
AR02001,اِسْتَنْكَرَ,فعل,28,321;327,عدّ الأمر منكراً ورفضه بشدّة.,نكر,اِسْتَفْعَلَ,roots-4662:نكر:المحكم — المعاني,roots-4662:نكر:مقاييس — المحور,,اِسْتَنْكَرَ,APPROVED,,
AR02002,اِسْتَهْجَنَ,فعل,28,321;4119,عدّ الأمر قبيحاً وأظهر نفوره منه.,هجن,اِسْتَفْعَلَ,roots-4662:هجن:المحكم — المعاني,,,اِسْتَهْجَنَ,APPROVED,,
AR02003,سَاخِر,اسم فاعل,28,325,من يُظهر الاستهزاء بغيره.,سخر,فَاعِلٌ,roots-4662:سخر:المحكم — المعاني,,roots-4662:سخر:الأساس — المجاز,سَاخِر,APPROVED,,
AR02004,مُسْتَهْزِئ,اسم فاعل,28,325,من يتّخذ غيره هزواً.,هزء,مُسْتَفْعِلٌ,roots-4662:هزء:المحكم — المعاني,roots-4662:هزء:مقاييس — النص,roots-4662:هزء:الأساس — المجاز,مُسْتَهْزِئ,APPROVED,,WAZN ← L2_006 فا من اِسْتَفْعَلَ
AR02005,اِسْتِنْكَار,مصدر,28,326,عدمُ الرضا بالأمر وعدُّه منكراً.,نكر,اِسْتِفْعَالٌ,roots-4662:نكر:المحكم — المعاني,roots-4662:نكر:مقاييس — المحور,,اِسْتِنْكَار,APPROVED,,WAZN ← L2_006 مص من اِسْتَفْعَلَ
AR02006,اِسْتِهْجَان,مصدر,28,326,عدُّ الأمر قبيحاً.,هجن,اِسْتِفْعَالٌ,roots-4662:هجن:المحكم — المعاني,,,اِسْتِهْجَان,APPROVED,,WAZN ← L2_006 مص من اِسْتَفْعَلَ
AR02007,أَنْكَرَ,فعل,28,327,لم يرضَ الأمر وعابه.,نكر,أَفْعَلَ,roots-4662:نكر:المحكم — المعاني,roots-4662:نكر:مقاييس — المحور,,أَنْكَرَ,APPROVED,,
AR02008,مُسْتَنْكِر,اسم فاعل,28,328,من يُظهر عدم رضاه بالأمر.,نكر,مُسْتَفْعِلٌ,roots-4662:نكر:المحكم — المعاني,roots-4662:نكر:مقاييس — المحور,,مُسْتَنْكِر,APPROVED,,WAZN ← L2_006 فا من اِسْتَفْعَلَ
AR02009,اِسْتِخْفَاف,مصدر,28,329;335,عدُّ الشيء هيّناً لا وزن له.,خفف,اِسْتِفْعَالٌ,roots-4662:خفف:المحكم — المعاني,roots-4662:خفف:مقاييس — المحور,roots-4662:خفف:الأساس — المجاز,اِسْتِخْفَاف,APPROVED,,WAZN ← L2_006 مص من اِسْتَفْعَلَ
AR02010,اِزْدَرَى,فعل,28,330;363,عدّ الشخص أو الشيء حقيراً فأعرض عنه.,زري,اِفْتَعَلَ,roots-4662:زري:المحكم — المعاني,roots-4662:زري:مقاييس — المحور,,اِزْدَرَى,APPROVED,,
AR02011,اِسْتَخَفَّ,فعل,28,330,عدّ الشيء هيّناً لا يستحقّ الاعتبار.,خفف,اِسْتَفْعَلَ,roots-4662:خفف:المحكم — المعاني,roots-4662:خفف:مقاييس — المحور,roots-4662:خفف:الأساس — المجاز,اِسْتَخَفَّ,APPROVED,,
AR02013,مُسْتَخِفّ,اسم فاعل,28,331,من يُظهر الاستهانة بغيره.,خفف,مُسْتَفْعِلٌ,roots-4662:خفف:المحكم — المعاني,roots-4662:خفف:مقاييس — المحور,roots-4662:خفف:الأساس — المجاز,مُسْتَخِفّ,APPROVED,,WAZN ← L2_006 فا من اِسْتَفْعَلَ
AR02014,قِلَّةُ اِحْتِرَام,تركيب,28,335,ضعفُ التوقير وسوءُ الأدب مع الغير.,,,,,,قِلَّةُ اِحْتِرَام,APPROVED,,
AR02018,نَقِيصَة,اسم جامد,28,339,خصلةٌ تُنقص من قدر صاحبها.,نقص,فَعِيلَةٌ,roots-4662:نقص:المحكم — المعاني,roots-4662:نقص:مقاييس — النص,,نَقِيصَة,APPROVED,,WAZN_L2_005 ← فَعِيلٌ
AR02020,اِنْتَقَدَ,فعل,28,340,أظهر ما في عمل غيره من قصور.,نقد,اِفْتَعَلَ,roots-4662:نقد:المحكم — المعاني,roots-4662:نقد:مقاييس — المحور,,اِنْتَقَدَ,APPROVED,,
AR02021,سَخِرَ,فعل,28,342,استهزأ بغيره احتقاراً.,سخر,فَعِلَ,roots-4662:سخر:المحكم — المعاني,,roots-4662:سخر:الأساس — المجاز,سَخِرَ,APPROVED,,
AR02022,اِسْتَهْزَأَ,فعل,28,342,اتّخذ غيره موضعاً للضحك والاحتقار.,هزء,اِسْتَفْعَلَ,roots-4662:هزء:المحكم — المعاني,roots-4662:هزء:مقاييس — النص,roots-4662:هزء:الأساس — المجاز,اِسْتَهْزَأَ,APPROVED,,
AR02023,لَائِم,اسم فاعل,28,354,من يُظهر لغيره عدم رضاه عنه.,لوم,فَاعِلٌ,roots-4662:لوم:المحكم — المعاني,roots-4662:لوم:مقاييس — المحور,,لَائِم,APPROVED,,
AR02026,وَصْمَة,مصدر,28,365,عارٌ يلحق بالمرء لحالٍ أو صفةٍ فيه.,وصم,فَعْلَةٌ,roots-4662:وصم:المحكم — المعاني,roots-4662:وصم:مقاييس — المحور,roots-4662:وصم:الأساس — المجاز,وَصْمَة,APPROVED,,WAZN_L2_005 ← فَعْلٌ
AR02028,وَصَمَ,فعل,28,366,عدّ غيره مستحقّاً للعار ونسبه إليه.,وصم,فَعَلَ,roots-4662:وصم:المحكم — المعاني,roots-4662:وصم:مقاييس — المحور,roots-4662:وصم:الأساس — المجاز,وَصَمَ,APPROVED,,
AR02030,اِنْتِقَاد,مصدر,28,367,ملاحظةٌ تُظهر عيب الشيء بشدّة.,نقد,اِفْتِعَالٌ,roots-4662:نقد:المحكم — المعاني,roots-4662:نقد:مقاييس — المحور,,اِنْتِقَاد,APPROVED,,WAZN ← L2_006 مص من اِفْتَعَلَ
AR02032,غَيْرُ نَاقِد,تركيب,28,370,لا يُبدي اعتراضاً ولا يُعمل نظره في الحكم.,,,,,,غَيْرُ نَاقِد,APPROVED,,
AR02033,مُسَلِّم,اسم فاعل,28,370,من يقبل الأمر دون فحص أو اعتراض.,سلم,مُفَعِّلٌ,roots-4662:سلم:المحكم — المعاني,roots-4662:سلم:مقاييس — المحور,roots-4662:سلم:الأساس — المجاز,مُسَلِّم,APPROVED,,WAZN ← L2_006 فا من فَعَّلَ
AR02034,مَجَّدَ,فعل,28,4116,أثنى على غيره ورفع منزلته.,مجد,فَعَّلَ,roots-4662:مجد:المحكم — المعاني,roots-4662:مجد:مقاييس — المحور,,مَجَّدَ,APPROVED,,
AR02038,وَقَّرَ,فعل,28,4120;8502,أكرم غيره وهابه.,وقر,فَعَّلَ,,,roots-4662:وقر:الأساس — المجاز,وَقَّرَ,APPROVED,,
AR02040,تَوْقِير,مصدر,28,4121,الإجلالُ والإكرام.,وقر,تَفْعِيلٌ,,,roots-4662:وقر:الأساس — المجاز,تَوْقِير,APPROVED,,
AR02043,سُخْرِيَة,اسم مصدر,28,4122,الاستهزاءُ بالغير.,سخر,فُعْلِيَةٌ,roots-4662:سخر:المحكم — المعاني,,roots-4662:سخر:الأساس — المجاز,سُخْرِيَة,APPROVED,,POS_L2_007:ISM_MASDAR | WAZN ← L2_015 المالك
AR02044,اِسْتِهْزَاء,مصدر,28,4122,اتّخاذُ الغير موضعاً للهزء.,هزء,اِسْتِفْعَالٌ,roots-4662:هزء:المحكم — المعاني,roots-4662:هزء:مقاييس — النص,roots-4662:هزء:الأساس — المجاز,اِسْتِهْزَاء,APPROVED,,WAZN ← L2_006 مص من اِسْتَفْعَلَ
AR02045,تَمْجِيد,مصدر,28,4159,رفعُ منزلة الغير بالثناء.,مجد,تَفْعِيلٌ,roots-4662:مجد:المحكم — المعاني,roots-4662:مجد:مقاييس — المحور,,تَمْجِيد,APPROVED,,
AR02047,تَكْرِيم,مصدر,28,4167,ما يُمنح للمرء إكراماً لفضله.,كرم,تَفْعِيلٌ,roots-4662:كرم:المحكم — المعاني,roots-4662:كرم:مقاييس — النص,roots-4662:كرم:الأساس — المجاز,تَكْرِيم,APPROVED,,
AR02052,أَلَّهَ,فعل,28,8970,جعل غيره إلهاً أو عامله معاملة الإله.,ءله,فَعَّلَ,v21:أله:المحكم — المعاني,v21:أله:مقاييس — المحور,,أَلَّهَ,APPROVED,,
AR02054,مَذْمُوم,اسم مفعول,28,10798,من يُحكم عليه بأنه مستحقّ للذمّ.,ذمم,مَفْعُولٌ,roots-4662:ذمم:المحكم — المعاني,roots-4662:ذمم:مقاييس — المحور,roots-4662:ذمم:الأساس — المجاز,مَذْمُوم,APPROVED,,
AR02055,مُسْتَهْجَن,اسم مفعول,28,10798,ما يُعدّ قبيحاً يستحقّ الإنكار.,هجن,مُسْتَفْعَلٌ,roots-4662:هجن:المحكم — المعاني,,,مُسْتَهْجَن,APPROVED,,WAZN ← L2_006 مف من اِسْتَفْعَلَ
AR02056,مُقَدِّر,اسم فاعل,28,11191,من يعرف للفضل قدره ويُظهر رضاه.,قدر,مُفَعِّلٌ,roots-4662:قدر:المحكم — المعاني,roots-4662:قدر:مقاييس — المحور,roots-4662:قدر:الأساس — المجاز,مُقَدِّر,APPROVED,,WAZN ← L2_006 فا من فَعَّلَ
AR02058,اِتَّهَمَ,فعل,28,12854,نسب إلى غيره فعل أمرٍ خاطئ.,وهم,اِفْتَعَلَ,roots-4662:وهم:المحكم — المعاني,roots-4662:وهم:مقاييس — النص,,اِتَّهَمَ,APPROVED,,من التُّهَمة، وتاؤها مبدلة من الواو
AR02059,اِرْتَضَى,فعل,28,17421,قبل الشيء وحكم بصوابه.,رضي,اِفْتَعَلَ,,v21:رضي:مقاييس — المحور,,اِرْتَضَى,APPROVED,,
AR02062,اِسْتَهَانَ,فعل,28,,عدّ الشيء هيّناً لا قيمة له.,هون,اِسْتَفْعَلَ,roots-4662:هون:المحكم — المعاني,roots-4662:هون:مقاييس — المحور,,اِسْتَهَانَ,APPROVED,,AR_ONLY
AR02064,لَمَزَ,فعل,219,4117,عاب غيره بالإشارة أو بكلام فيه غمز.,لمز,فَعَلَ,roots-4662:لمز:المحكم — المعاني,roots-4662:لمز:مقاييس — النص,,لَمَزَ,APPROVED,,
AR02065,قَرَّعَ,فعل,219,4128;8972;10549;16040,وبّخ غيره توبيخاً شديداً موجعاً.,قرع,فَعَّلَ,roots-4662:قرع:المحكم — المعاني,roots-4662:قرع:مقاييس — النص,roots-4662:قرع:الأساس — المجاز,قَرَّعَ,APPROVED,,
AR02067,تَقْرِيع,مصدر,219,4129;6432,التوبيخ الشديد الموجع.,قرع,تَفْعِيلٌ,roots-4662:قرع:المحكم — المعاني,roots-4662:قرع:مقاييس — النص,roots-4662:قرع:الأساس — المجاز,تَقْرِيع,APPROVED,,
AR02069,اِسْتِنْكَارِيّ,اسم منسوب,219,4131;4132;4134;4136,متضمن لمعنى الرفض والاستنكار.,نكر,اِسْتِفْعَالِيٌّ,roots-4662:نكر:المحكم — المعاني,roots-4662:نكر:مقاييس — المحور,,اِسْتِنْكَارِيّ,APPROVED,,POS_L2_007:NISBA | WAZN ← L2_007 نسبة اِسْتِفْعَالٌ
AR02072,اِسْتِنْكَار,مصدر,219,4135;7396,التعبير عن رفض الأمر وعدّه منكراً.,نكر,اِسْتِفْعَالٌ,roots-4662:نكر:المحكم — المعاني,roots-4662:نكر:مقاييس — المحور,,اِسْتِنْكَار,APPROVED,,WAZN ← L2_006 مص من اِسْتَفْعَلَ
AR02073,لَعَنَ,فعل,219,4139;7389,دعا على غيره بالطرد من الخير وسبّه.,لعن,فَعَلَ,roots-4662:لعن:المحكم — المعاني,roots-4662:لعن:مقاييس — المحور,,لَعَنَ,APPROVED,,
AR02074,لَعْن,مصدر,219,4140,الدعاء على الغير بالطرد والإبعاد من الخير.,لعن,فَعْلٌ,roots-4662:لعن:المحكم — المعاني,roots-4662:لعن:مقاييس — المحور,,لَعْن,APPROVED,,
AR02076,جَدِيرٌ بِالثَّنَاءِ,تركيب,219,4142,مستحق لأن يُذكر بالخير ويُثنى عليه.,,,,,,جَدِيرٌ بِالثَّنَاءِ,APPROVED,,
AR02077,مَادِح,اسم فاعل,219,4143;4145,ما يتضمن الثناء والمدح من القول.,مدح,فَاعِلٌ,roots-4662:مدح:المحكم — المعاني,roots-4662:مدح:مقاييس — المحور,,مَادِح,APPROVED,,
AR02079,لَعْنَة,مصدر,219,4146,دعاءٌ على الشخص بالشر والإبعاد.,لعن,فَعْلَةٌ,roots-4662:لعن:المحكم — المعاني,roots-4662:لعن:مقاييس — المحور,,لَعْنَة,APPROVED,,WAZN_L2_005 ← فَعْلٌ
AR02082,لَوْم,مصدر,219,4155;7375,نسبة الخطأ إلى الشخص وعتابه عليه.,لوم,فَعْلٌ,roots-4662:لوم:المحكم — المعاني,roots-4662:لوم:مقاييس — المحور,,لَوْم,APPROVED,,
AR02083,اِنْتِقَاص,مصدر,219,4156;4157;7393;7401,الحط من قدر الشخص أو الشيء بالقول.,نقص,اِفْتِعَالٌ,roots-4662:نقص:المحكم — المعاني,roots-4662:نقص:مقاييس — النص,,اِنْتِقَاص,APPROVED,,WAZN ← L2_006 مص من اِفْتَعَلَ
AR02085,تَلَاوُم,مصدر,219,4160,تبادل اللوم بين طرفين.,لوم,تَفَاعُلٌ,roots-4662:لوم:المحكم — المعاني,roots-4662:لوم:مقاييس — المحور,,تَلَاوُم,APPROVED,,WAZN ← L2_006 مص من تَفَاعَلَ
AR02086,تَلَاوَمَ,فعل,219,4161,لام كلٌّ من الطرفين صاحبه.,لوم,تَفَاعَلَ,roots-4662:لوم:المحكم — المعاني,roots-4662:لوم:مقاييس — المحور,,تَلَاوَمَ,APPROVED,,
AR02087,تَبَادَلَ الِاتِّهَامَاتِ,تركيب,219,4161,اتهم كل طرف الآخر ردّاً على اتهامه.,,,,,,تَبَادَلَ الِاتِّهَامَاتِ,APPROVED,,
AR02088,نَاقِد,اسم فاعل,219,4162,من يبدي رأياً في عيوب الأعمال أو الأشخاص ويحكم عليها.,نقد,فَاعِلٌ,roots-4662:نقد:المحكم — المعاني,roots-4662:نقد:مقاييس — المحور,,نَاقِد,APPROVED,,
AR02089,مُنْتَقِد,اسم فاعل,219,4162;11192,من يُبدي المآخذ والاستنكار على شخص أو أمر.,نقد,مُفْتَعِلٌ,roots-4662:نقد:المحكم — المعاني,roots-4662:نقد:مقاييس — المحور,,مُنْتَقِد,APPROVED,,WAZN ← L2_006 فا من اِفْتَعَلَ
AR02090,نَقْد,مصدر,219,4163;7387,بيان محاسن العمل ومساوئه عن فحص وتحليل.,نقد,فَعْلٌ,roots-4662:نقد:المحكم — المعاني,roots-4662:نقد:مقاييس — المحور,,نَقْد,APPROVED,,
AR02091,نَقَدَ,فعل,219,4164,فحص العمل وبيّن محاسنه ومساوئه بتفصيل.,نقد,فَعَلَ,roots-4662:نقد:المحكم — المعاني,roots-4662:نقد:مقاييس — المحور,,نَقَدَ,APPROVED,,
AR02093,هَلَّلَ,فعل,219,7364;15590,رفع صوته فرحاً واستحساناً لشخص أو أمر علانيةً.,هلل,فَعَّلَ,roots-4662:هلل:المحكم — المعاني,roots-4662:هلل:مقاييس — المحور,roots-4662:هلل:الأساس — المجاز,هَلَّلَ,APPROVED,,
AR02094,اِتِّهَام,مصدر,219,7366,نسبة الذنب أو الجرم إلى شخص.,وهم,اِفْتِعَالٌ,roots-4662:وهم:المحكم — المعاني,roots-4662:وهم:مقاييس — النص,,اِتِّهَام,APPROVED,,الجذر في اللسان وهم، ويُعامل معاصراً كأنه تهم | WAZN ← L2_006 مص من اِفْتَعَلَ
AR02095,اِتَّهَمَ,فعل,219,7367;7376,نسب إلى غيره ذنباً أو جرماً.,وهم,اِفْتَعَلَ,roots-4662:وهم:المحكم — المعاني,roots-4662:وهم:مقاييس — النص,,اِتَّهَمَ,APPROVED,,أصله اِوْتَهَمَ؛ الجذر في اللسان وهم، ويُعامل معاصراً كأنه تهم
AR02096,اِسْتَخَفَّ,فعل,219,7370,عدّ الشيء أو الشخص هيّناً لا وزن له وأظهر ذلك.,خفف,اِسْتَفْعَلَ,roots-4662:خفف:المحكم — المعاني,roots-4662:خفف:مقاييس — المحور,roots-4662:خفف:الأساس — المجاز,اِسْتَخَفَّ,APPROVED,,
AR02098,هَاجَمَ,فعل,219,7372;9572;10847;16040;18629,وجّه إلى غيره كلاماً عنيفاً في الذم والانتقاد.,هجم,فَاعَلَ,roots-4662:هجم:المحكم — المعاني,roots-4662:هجم:مقاييس — المحور,roots-4662:هجم:الأساس — المجاز,هَاجَمَ,APPROVED,,المعنى القولي مجاز عن الهجوم الحسي
AR02099,ذَمَّ,فعل,219,7374;7389,عاب غيره وذكره بما يسوء.,ذمم,فَعَلَ,roots-4662:ذمم:المحكم — المعاني,roots-4662:ذمم:مقاييس — المحور,roots-4662:ذمم:الأساس — المجاز,ذَمَّ,APPROVED,,
AR02102,أَدَانَ,فعل,219,7384,حكم على فعل أو شخص علانيةً بأنه مذموم.,دين,أَفْعَلَ,roots-4662:دين:المحكم — المعاني,roots-4662:دين:مقاييس — المحور,,أَدَانَ,APPROVED,,دلالة الحكم بالذنب حادثة في الاستعمال المعاصر
AR02104,إِدَانَة,مصدر,219,7385,إعلان الحكم على فعل أو شخص بأنه مذموم مستنكر.,دين,إِفَالَةٌ,roots-4662:دين:المحكم — المعاني,roots-4662:دين:مقاييس — المحور,,إِدَانَة,APPROVED,,WAZN ← L2_015 المالك
AR02106,اِنْتِقَاد,مصدر,219,7387,إظهار العيوب والمآخذ على شخص أو أمر على وجه الاستنكار.,نقد,اِفْتِعَالٌ,roots-4662:نقد:المحكم — المعاني,roots-4662:نقد:مقاييس — المحور,,اِنْتِقَاد,APPROVED,,WAZN ← L2_006 مص من اِفْتَعَلَ
AR02107,اِنْتَقَدَ,فعل,219,7388;9572,أظهر عيوب الشيء أو الشخص مستنكراً لها.,نقد,اِفْتَعَلَ,roots-4662:نقد:المحكم — المعاني,roots-4662:نقد:مقاييس — المحور,,اِنْتَقَدَ,APPROVED,,
AR02109,اِسْتَنْكَرَ,فعل,219,7391;7394;7397,عدّ الأمر منكراً وأعلن رفضه له.,نكر,اِسْتَفْعَلَ,roots-4662:نكر:المحكم — المعاني,roots-4662:نكر:مقاييس — المحور,,اِسْتَنْكَرَ,APPROVED,,
AR02110,اِنْتَقَصَ,فعل,219,7392;7400,حطّ من قدر غيره ووصفه بالنقص.,نقص,اِفْتَعَلَ,roots-4662:نقص:المحكم — المعاني,roots-4662:نقص:مقاييس — النص,,اِنْتَقَصَ,APPROVED,,
AR02111,حَطَّ مِنْ قَدْرِ,تركيب,219,7392,أنزل منزلة غيره بالقول ووصفه بما يضعه.,,,,,,حَطَّ مِنْ قَدْرِ,APPROVED,,
AR02114,سَخِرَ,فعل,219,7398;7418;7421;7426,استهزأ بغيره وضحك منه احتقاراً.,سخر,فَعِلَ,roots-4662:سخر:المحكم — المعاني,,roots-4662:سخر:الأساس — المجاز,سَخِرَ,APPROVED,,
AR02115,هَزِئَ,فعل,219,7398,سخر من غيره وعبث به احتقاراً.,هزء,فَعِلَ,roots-4662:هزء:المحكم — المعاني,roots-4662:هزء:مقاييس — النص,roots-4662:هزء:الأساس — المجاز,هَزِئَ,APPROVED,,
AR02116,سُخْرِيَة,مصدر,219,7399;7419,الاستهزاء بالشخص والضحك منه احتقاراً.,سخر,فُعْلِيَةٌ,roots-4662:سخر:المحكم — المعاني,,roots-4662:سخر:الأساس — المجاز,سُخْرِيَة,APPROVED,,في اللسان السُّخْرِيَّة بالتشديد أيضاً | WAZN ← L2_015 المالك
AR02117,اِسْتِهْزَاء,مصدر,219,7399;7419,العبث بالشخص بالقول احتقاراً.,هزء,اِسْتِفْعَالٌ,roots-4662:هزء:المحكم — المعاني,roots-4662:هزء:مقاييس — النص,roots-4662:هزء:الأساس — المجاز,اِسْتِهْزَاء,APPROVED,,WAZN ← L2_006 مص من اِسْتَفْعَلَ
AR02118,اِزْدَرَى,فعل,219,7400,احتقر غيره وعابه وتهاون به.,زري,اِفْتَعَلَ,roots-4662:زري:المحكم — المعاني,roots-4662:زري:مقاييس — المحور,,اِزْدَرَى,APPROVED,,أصله اِزْتَرَى، أبدلت التاء دالاً
AR02119,اِزْدِرَاء,مصدر,219,7401,الاحتقار والتهاون بالشخص مع إظهار ذلك.,زري,اِفْتِعَالٌ,roots-4662:زري:المحكم — المعاني,roots-4662:زري:مقاييس — المحور,,اِزْدِرَاء,APPROVED,,WAZN ← L2_006 مص من اِفْتَعَلَ
AR02120,أَطْرَى,فعل,219,7403;12757,بالغ في مدح غيره وأحسن الثناء عليه.,طرو,أَفْعَلَ,v21:طرو:المحكم — المعاني,,,أَطْرَى,APPROVED,,الجذر في اللسان طرا، ويذكر أيضاً تحت طري
AR02121,مَجَّدَ,فعل,219,7403,عظّم الشخص بالقول وذكر شرفه ورفعته.,مجد,فَعَّلَ,roots-4662:مجد:المحكم — المعاني,roots-4662:مجد:مقاييس — المحور,,مَجَّدَ,APPROVED,,
AR02122,مَدَحَ,فعل,219,7404;7408,أثنى على غيره بذكر محاسنه وصفاته الحسنة.,مدح,فَعَلَ,roots-4662:مدح:المحكم — المعاني,roots-4662:مدح:مقاييس — المحور,,مَدَحَ,APPROVED,,
AR02123,سَاخِر,اسم فاعل,219,7406,متضمن للاستهزاء والاحتقار.,سخر,فَاعِلٌ,roots-4662:سخر:المحكم — المعاني,,roots-4662:سخر:الأساس — المجاز,سَاخِر,APPROVED,,
AR02125,مَدْح,مصدر,219,7407,ذكرُ محاسن الشخص أو عمله والثناءُ عليه.,مدح,فَعْلٌ,roots-4662:مدح:المحكم — المعاني,roots-4662:مدح:مقاييس — المحور,,مَدْح,APPROVED,,
AR02128,لَامَ,فعل,219,7412;11193,نسب إلى غيره خطأً وعاتبه عليه.,لوم,فَعَلَ,roots-4662:لوم:المحكم — المعاني,roots-4662:لوم:مقاييس — المحور,,لَامَ,APPROVED,,
AR02129,اِسْتَهْزَأَ,فعل,219,7418;7426,عبث بغيره بالقول احتقاراً وتنقصاً.,هزء,اِسْتَفْعَلَ,roots-4662:هزء:المحكم — المعاني,roots-4662:هزء:مقاييس — النص,roots-4662:هزء:الأساس — المجاز,اِسْتَهْزَأَ,APPROVED,,
AR02130,لَاذِع,اسم فاعل,219,7420,موجع في الذم والنقد كأنه يحرق.,لذع,فَاعِلٌ,roots-4662:لذع:المحكم — المعاني,roots-4662:لذع:مقاييس — المحور,,لَاذِع,APPROVED,,
AR02131,نَوَّهَ,فعل,219,8903,رفع ذكر شخص وأشاد بفعله في بيان أو خطاب.,نوه,فَعَّلَ,roots-4662:نوه:المحكم — المعاني,roots-4662:نوه:مقاييس — المحور,,نَوَّهَ,APPROVED,,
AR02132,اِنْتِقَادِيّ,اسم منسوب,219,11192,متضمن للمآخذ والاستنكار.,نقد,اِفْتِعَالِيٌّ,roots-4662:نقد:المحكم — المعاني,roots-4662:نقد:مقاييس — المحور,,اِنْتِقَادِيّ,APPROVED,,POS_L2_007:NISBA | WAZN ← L2_007 نسبة اِفْتِعَالٌ
AR02133,أَلْقَى اللَّوْمَ عَلَى,تركيب,219,11193,حمّل غيره تبعة الخطأ بالقول.,,,,,,أَلْقَى اللَّوْمَ عَلَى,APPROVED,,
AR02134,تُهْمَة,اسم مصدر,219,13118,ما يُنسب إلى الشخص من ذنب أو جرم.,وهم,فُعْلَةٌ,roots-4662:وهم:المحكم — المعاني,roots-4662:وهم:مقاييس — النص,,تُهْمَة,APPROVED,,POS_L2_007:ISM_MASDAR؛ الجذر في اللسان وهم، والتاء مبدلة من الواو | WAZN ← L2_015 المالك (فُعْلَة: اللفظ مضبوط بسكون العين)
AR02135,أَلْصَقَ التُّهْمَةَ بِ,تركيب,219,13586,نسب الذنب إلى شخص بعينه وحمّله إياه.,,,,,,أَلْصَقَ التُّهْمَةَ بِ,APPROVED,,
AR02136,حَمَّلَ الْمَسْؤُولِيَّةَ,تركيب,219,13586,نسب إلى غيره تبعة أمر سيئ.,,,,,,حَمَّلَ الْمَسْؤُولِيَّةَ,APPROVED,,
AR02137,أَطْنَبَ فِي الْمَدْحِ,تركيب,219,15052,بالغ في الثناء وأطال فيه بحماسة.,,,,,,أَطْنَبَ فِي الْمَدْحِ,APPROVED,,
AR02138,هُجُوم,مصدر,219,18630,الكلام العنيف الموجَّه في ذم شخص أو انتقاده.,هجم,فُعُولٌ,roots-4662:هجم:المحكم — المعاني,roots-4662:هجم:مقاييس — المحور,roots-4662:هجم:الأساس — المجاز,هُجُوم,APPROVED,,WAZN ← L2_015 المالك
AR02139,هَجَا,فعل,219,,ذمّ غيره بالشعر وعدّد معايبه.,هجو,فَعَلَ,roots-4662:هجو:المحكم — المعاني,,roots-4662:هجو:الأساس — المجاز,هَجَا,APPROVED,,AR_ONLY
AR02140,هِجَاء,مصدر,219,,الذم بالشعر وتعداد المعايب.,هجو,فِعَالٌ,roots-4662:هجو:المحكم — المعاني,,roots-4662:هجو:الأساس — المجاز,هِجَاء,APPROVED,,AR_ONLY
AR02141,قَدَحَ,فعل,219,,طعن في عرض غيره أو نسبه بالقول.,قدح,فَعَلَ,roots-4662:قدح:المحكم — المعاني,,roots-4662:قدح:الأساس — المجاز,قَدَحَ,APPROVED,,AR_ONLY
AR02143,نَدَّدَ,فعل,219,,صرّح بعيب غيره واستنكر فعله علانيةً.,ندد,فَعَّلَ,roots-4662:ندد:المحكم — المعاني,roots-4662:ندد:مقاييس — المحور,,نَدَّدَ,APPROVED,,AR_ONLY
AR02144,تَنْدِيد,مصدر,219,,التصريح العلني باستنكار فعل أو شخص.,ندد,تَفْعِيلٌ,roots-4662:ندد:المحكم — المعاني,roots-4662:ندد:مقاييس — المحور,,تَنْدِيد,APPROVED,,AR_ONLY
AR02145,اِمْتَدَحَ,فعل,219,,أثنى على غيره وذكر محاسنه.,مدح,اِفْتَعَلَ,roots-4662:مدح:المحكم — المعاني,roots-4662:مدح:مقاييس — المحور,,اِمْتَدَحَ,APPROVED,,AR_ONLY
AR02146,قَتَلَ,فعل,590,8630;8639;8640,أزهق روح كائن حي بفعل منه أو بسببه.,قتل,فَعَلَ,roots-4662:قتل:المحكم — المعاني,roots-4662:قتل:مقاييس — المحور,roots-4662:قتل:الأساس — المجاز,قَتَلَ,APPROVED,,
AR02148,اِغْتَالَ,فعل,590,8632,قتل شخصًا ذا شأن غدرًا على غفلة منه، غالبًا لدافع سياسي.,غول,اِفْتَعَلَ,roots-4662:غول:المحكم — المعاني,roots-4662:غول:مقاييس — المحور,roots-4662:غول:الأساس — المجاز,اِغْتَالَ,APPROVED,,
AR02149,ضَرَبَ عُنُقَهُ,تركيب,590,8633,قتله بقطع رقبته بالسيف ونحوه.,,,,,,ضَرَبَ عُنُقَهُ,APPROVED,,
AR02150,قَطَعَ رَأْسَهُ,تركيب,590,8633;9045,قتله بفصل رأسه عن جسده.,,,,,,قَطَعَ رَأْسَهُ,APPROVED,,
AR02153,أَغْرَقَ,فعل,590,8636,أهلكه بإغماره في الماء حتى يموت.,غرق,أَفْعَلَ,roots-4662:غرق:المحكم — المعاني,roots-4662:غرق:مقاييس — المحور,roots-4662:غرق:الأساس — المجاز,أَغْرَقَ,APPROVED,,
AR02154,فَتَكَ,فعل,590,8640,قتل غيره بعنف أو على غرة.,فتك,فَعَلَ,roots-4662:فتك:المحكم — المعاني,roots-4662:فتك:مقاييس — المحور,roots-4662:فتك:الأساس — المجاز,فَتَكَ,APPROVED,,يتعدى بالباء: فتك به
AR02155,خَنَقَ,فعل,590,8642;8643;8645;9086,قتله بالضغط على عنقه أو بمنع الهواء عنه حتى يموت.,خنق,فَعَلَ,roots-4662:خنق:المحكم — المعاني,roots-4662:خنق:مقاييس — المحور,roots-4662:خنق:الأساس — المجاز,خَنَقَ,APPROVED,,
AR02156,كَتَمَ أَنْفَاسَهُ,تركيب,590,8643,قتله بسد فمه وأنفه حتى ينقطع نفسه.,,,,,,كَتَمَ أَنْفَاسَهُ,APPROVED,,
AR02157,قَتَلَهُ جُوعًا,تركيب,590,8644,أماته بحرمانه من الطعام.,,,,,,قَتَلَهُ جُوعًا,APPROVED,,
AR02158,اِنْتَحَرَ,فعل,590,8646,قتل نفسه عمدًا.,نحر,اِفْتَعَلَ,roots-4662:نحر:المحكم — المعاني,,roots-4662:نحر:الأساس — المجاز,اِنْتَحَرَ,APPROVED,,
AR02159,قَتَلَ نَفْسَهُ,تركيب,590,8646,أزهق روحه بيده عمدًا.,,,,,,قَتَلَ نَفْسَهُ,APPROVED,,
AR02160,قَتْل,مصدر,590,8647;9051;9052;9059,إزهاق روح إنسان أو حيوان.,قتل,فَعْلٌ,roots-4662:قتل:المحكم — المعاني,roots-4662:قتل:مقاييس — المحور,roots-4662:قتل:الأساس — المجاز,قَتْل,APPROVED,,
AR02161,اِنْتِحَار,مصدر,590,8648,قتل الإنسان نفسه عمدًا.,نحر,اِفْتِعَالٌ,roots-4662:نحر:المحكم — المعاني,,roots-4662:نحر:الأساس — المجاز,اِنْتِحَار,APPROVED,,WAZN ← L2_006 مص من اِفْتَعَلَ
AR02162,أَنْهَى حَيَاتَهُ,تركيب,590,8650,أماته قصدًا، ويستعمل في إماتة المريض الميؤوس منه أو الحيوان رفقًا به.,,,,,,أَنْهَى حَيَاتَهُ,APPROVED,,لا فعل عربي مفرد للقتل الرحيم
AR02163,قَتْل رَحِيم,تركيب,590,8651,إماتة المريض الميؤوس من شفائه بطلبه تخليصًا له من الألم.,,,,,,قَتْل رَحِيم,APPROVED,,
AR02165,قَضَى عَلَى,تركيب,590,8906;17590,أهلكه وقتله.,,,,,,قَضَى عَلَى,APPROVED,,
AR02166,قَاتِل,اسم فاعل,590,8907;9055;9087;9090;9097;9098,من يقتل غيره، أو ما يؤدي إلى الموت.,قتل,فَاعِلٌ,roots-4662:قتل:المحكم — المعاني,roots-4662:قتل:مقاييس — المحور,roots-4662:قتل:الأساس — المجاز,قَاتِل,APPROVED,,
AR02167,مُمِيت,اسم فاعل,590,8907;9097;9098,ما يؤدي إلى الموت.,موت,مُفْعِلٌ,roots-4662:موت:المحكم — المعاني,roots-4662:موت:مقاييس — المحور,roots-4662:موت:الأساس — المجاز,مُمِيت,APPROVED,,WAZN ← L2_006 فا من أَفْعَلَ
AR02172,قَتَّلَ,فعل,590,9047,أكثر القتل في جماعة بعنف.,قتل,فَعَّلَ,roots-4662:قتل:المحكم — المعاني,roots-4662:قتل:مقاييس — المحور,roots-4662:قتل:الأساس — المجاز,قَتَّلَ,APPROVED,,
AR02173,ذَبَحَ,فعل,590,9048;9066,قتل الحيوان بقطع حلقومه، ويستعار لقتل الناس بوحشية.,ذبح,فَعَلَ,roots-4662:ذبح:المحكم — المعاني,roots-4662:ذبح:مقاييس — المحور,roots-4662:ذبح:الأساس — المجاز,ذَبَحَ,APPROVED,,
AR02174,قَتْل عَمْد,تركيب,590,9052,قتل إنسان قصدًا وعدوانًا بغير حق.,,,,,,قَتْل عَمْد,APPROVED,,
AR02176,مَذْبَحَة,مصدر,590,9053;9056,قتل جماعي عنيف لعدد كبير من الناس.,ذبح,مَفْعَلَةٌ,roots-4662:ذبح:المحكم — المعاني,roots-4662:ذبح:مقاييس — المحور,roots-4662:ذبح:الأساس — المجاز,مَذْبَحَة,APPROVED,,صيغة مَفْعَلَة (مصدر ميمي/اسم مكان) مستعملة للحدث | WAZN_L2_005 ← مَفْعَلٌ
AR02177,وَأْد,مصدر,590,9057,دفن المولود حيًا حتى يموت.,وءد,فَعْلٌ,roots-4662:وءد:المحكم — المعاني,roots-4662:وءد:مقاييس — المحور,,وَأْد,APPROVED,,أخص من الإنجليزية: كان يقع على البنات في الجاهلية؛ وقتل الرضيع عمومًا يعبّر عنه وصفًا
AR02178,خَنْق,مصدر,590,9058;9073,القتل بالضغط على العنق أو بمنع الهواء.,خنق,فَعْلٌ,roots-4662:خنق:المحكم — المعاني,roots-4662:خنق:مقاييس — المحور,roots-4662:خنق:الأساس — المجاز,خَنْق,APPROVED,,
AR02179,فَتْك,مصدر,590,9059,القتل بعنف أو على غرة.,فتك,فَعْلٌ,roots-4662:فتك:المحكم — المعاني,roots-4662:فتك:مقاييس — المحور,roots-4662:فتك:الأساس — المجاز,فَتْك,APPROVED,,
AR02181,إِبَادَة جَمَاعِيَّة,تركيب,590,9065,القتل المتعمد لأعداد كبيرة من جماعة قومية أو دينية بقصد إفنائها.,,,,,,إِبَادَة جَمَاعِيَّة,APPROVED,,
AR02182,قَطْع الرَّأْس,تركيب,590,9067;9076,القتل بفصل الرأس عن الجسد.,,,,,,قَطْع الرَّأْس,APPROVED,,
AR02183,ضَرْب العُنُق,تركيب,590,9067,القتل بقطع الرقبة بالسيف ونحوه.,,,,,,ضَرْب العُنُق,APPROVED,,
AR02184,اِغْتِيَال,مصدر,590,9068,قتل شخص ذي شأن غدرًا على غفلة منه.,غول,اِفْتِعَالٌ,roots-4662:غول:المحكم — المعاني,roots-4662:غول:مقاييس — المحور,roots-4662:غول:الأساس — المجاز,اِغْتِيَال,APPROVED,,WAZN ← L2_006 مص من اِفْتَعَلَ
AR02185,تَقْتِيل,مصدر,590,9069,الإكثار من القتل بوحشية.,قتل,تَفْعِيلٌ,roots-4662:قتل:المحكم — المعاني,roots-4662:قتل:مقاييس — المحور,roots-4662:قتل:الأساس — المجاز,تَقْتِيل,APPROVED,,
AR02186,مَقْتَلَة,مصدر,590,9070,القتل الكثير في قوم.,قتل,مَفْعَلَةٌ,roots-4662:قتل:المحكم — المعاني,roots-4662:قتل:مقاييس — المحور,roots-4662:قتل:الأساس — المجاز,مَقْتَلَة,APPROVED,,صيغة مَفْعَلَة (مصدر ميمي/اسم مكان) مستعملة للحدث | WAZN_L2_005 ← مَفْعَلٌ
AR02187,مُغْتَال,اسم فاعل,590,9074,من يقتل شخصًا ذا شأن غدرًا.,غول,مُفْتَعِلٌ,roots-4662:غول:المحكم — المعاني,roots-4662:غول:مقاييس — المحور,roots-4662:غول:الأساس — المجاز,مُغْتَال,APPROVED,,WAZN ← L2_006 فا من اِفْتَعَلَ
AR02188,حَمَّام دَم,تركيب,590,9075,حادثة يقتل فيها كثيرون بعنف.,,,,,,حَمَّام دَم,APPROVED,,تعبير معاصر مستقر
AR02190,سَفَّاح,صيغة مبالغة,590,9088,من يكثر سفك الدماء ويقتل الناس بوحشية.,سفح,فَعَّالٌ,roots-4662:سفح:المحكم — المعاني,roots-4662:سفح:مقاييس — المحور,roots-4662:سفح:الأساس — المجاز,سَفَّاح,APPROVED,,صيغة مبالغة من اسم الفاعل | POS_L2_007:MUBALAGHA (من نص الملاحظة)
AR02192,سَفْك الدِّمَاء,تركيب,590,16812,القتل وإراقة الدم.,,,,,,سَفْك الدِّمَاء,APPROVED,,
AR02193,إِرَاقَة الدِّمَاء,تركيب,590,16812,القتل وإسالة الدم.,,,,,,إِرَاقَة الدِّمَاء,APPROVED,,
AR02194,أَزْهَقَ رُوحَهُ,تركيب,590,18400,قتله فأخرج روحه.,,,,,,أَزْهَقَ رُوحَهُ,APPROVED,,
AR02195,نَحَرَ,فعل,590,,ذبح البعير بالطعن في أعلى صدره.,نحر,فَعَلَ,roots-4662:نحر:المحكم — المعاني,,roots-4662:نحر:الأساس — المجاز,نَحَرَ,APPROVED,,AR_ONLY
AR02196,وَأَدَ,فعل,590,,دفن المولود حيًا حتى يموت.,وءد,فَعَلَ,roots-4662:وءد:المحكم — المعاني,roots-4662:وءد:مقاييس — المحور,,وَأَدَ,APPROVED,,AR_ONLY
AR02197,أَرْدَى,فعل,590,,أهلكه وأوقعه قتيلًا.,ردي,أَفْعَلَ,roots-4662:ردي:المحكم — المعاني,roots-4662:ردي:مقاييس — المحور,roots-4662:ردي:الأساس — المجاز,أَرْدَى,APPROVED,,AR_ONLY
AR02198,غِيلَة,مصدر,590,,القتل غدرًا على غفلة.,غول,فِعْلَةٌ,roots-4662:غول:المحكم — المعاني,roots-4662:غول:مقاييس — المحور,roots-4662:غول:الأساس — المجاز,غِيلَة,APPROVED,,AR_ONLY | WAZN_L2_005 ← فِعْلٌ
AR02200,وَالِد,اسم فاعل,104,2142;2238,من وُلد له الولد، أباً كان أو أماً.,ولد,فَاعِلٌ,roots-4662:ولد:المحكم — المعاني,roots-4662:ولد:مقاييس — المحور,roots-4662:ولد:الأساس — المجاز,وَالِد,APPROVED,,
AR02202,وَالِدَة,اسم فاعل,104,2143,المرأة التي ولدت.,ولد,فَاعِلَةٌ,roots-4662:ولد:المحكم — المعاني,roots-4662:ولد:مقاييس — المحور,roots-4662:ولد:الأساس — المجاز,وَالِدَة,APPROVED,,WAZN_L2_005 ← فَاعِلٌ
AR02204,وَلَد,اسم جامد,104,2144;2239;11747,كل مولود ذكراً كان أو أنثى منسوباً إلى أبويه.,ولد,فَعَلٌ,roots-4662:ولد:المحكم — المعاني,roots-4662:ولد:مقاييس — المحور,roots-4662:ولد:الأساس — المجاز,وَلَد,APPROVED,,
AR02207,خَال,اسم جامد,104,2146,أخو الأم.,خول,فَعَلٌ,roots-4662:خول:المحكم — المعاني,roots-4662:خول:مقاييس — المحور,roots-4662:خول:الأساس — المجاز,خَال,APPROVED,,أصله خَوَلٌ أُعلّت العين
AR02209,خَالَة,اسم جامد,104,2147;2148,أخت الأم.,خول,فَعَلَةٌ,roots-4662:خول:المحكم — المعاني,roots-4662:خول:مقاييس — المحور,roots-4662:خول:الأساس — المجاز,خَالَة,APPROVED,,معتلة العين | WAZN_L2_005 ← فَعَلٌ
AR02211,سِبْط,اسم جامد,104,2151,ولد الولد، وغلب على ولد البنت.,سبط,فِعْلٌ,roots-4662:سبط:المحكم — المعاني,roots-4662:سبط:مقاييس — المحور,,سِبْط,APPROVED,,
AR02213,بِنْت الأَخ,تركيب,104,2153,بنت أخي المرء.,,,,,,بِنْت الأَخ,APPROVED,,
AR02214,بِنْت الأُخْت,تركيب,104,2153,بنت أخت المرء.,,,,,,بِنْت الأُخْت,APPROVED,,
AR02215,اِبْن الأَخ,تركيب,104,2154,ابن أخي المرء.,,,,,,اِبْن الأَخ,APPROVED,,
AR02216,اِبْن الأُخْت,تركيب,104,2154,ابن أخت المرء.,,,,,,اِبْن الأُخْت,APPROVED,,
AR02226,خَتَن,اسم جامد,104,2161,زوج البنت أو الأخت.,ختن,فَعَلٌ,roots-4662:ختن:المحكم — المعاني,roots-4662:ختن:مقاييس — المحور,,خَتَن,APPROVED,,
AR02227,كَنَّة,اسم جامد,104,2162,زوجة الابن.,كنن,فَعْلَةٌ,roots-4662:كنن:المحكم — المعاني,roots-4662:كنن:مقاييس — المحور,,كَنَّة,APPROVED,,WAZN_L2_005 ← فَعْلٌ
AR02228,رَبِيب,اسم جامد,104,2163,ابن الزوجة أو الزوج من غير صاحبه.,ربب,فَعِيلٌ,roots-4662:ربب:المحكم — المعاني,roots-4662:ربب:مقاييس — المحور,roots-4662:ربب:الأساس — المجاز,رَبِيب,APPROVED,,
AR02229,رَبِيبَة,اسم جامد,104,2164,بنت الزوجة أو الزوج من غير صاحبه.,ربب,فَعِيلَةٌ,roots-4662:ربب:المحكم — المعاني,roots-4662:ربب:مقاييس — المحور,roots-4662:ربب:الأساس — المجاز,رَبِيبَة,APPROVED,,WAZN_L2_005 ← فَعِيلٌ
AR02230,زَوْجَة الأَب,تركيب,104,2165,امرأة الأب غير الأم.,,,,,,زَوْجَة الأَب,APPROVED,,
AR02231,رَابَّة,اسم فاعل,104,2165,امرأة الأب غير الأم.,ربب,فَاعِلَةٌ,roots-4662:ربب:المحكم — المعاني,roots-4662:ربب:مقاييس — المحور,roots-4662:ربب:الأساس — المجاز,رَابَّة,APPROVED,,WAZN_L2_005 ← فَاعِلٌ
AR02232,زَوْج الأُمّ,تركيب,104,2166,زوج الأم غير الأب.,,,,,,زَوْج الأُمّ,APPROVED,,
AR02233,رَابّ,اسم فاعل,104,2166,زوج الأم غير الأب.,ربب,فَاعِلٌ,roots-4662:ربب:المحكم — المعاني,roots-4662:ربب:مقاييس — المحور,roots-4662:ربب:الأساس — المجاز,رَابّ,APPROVED,,
AR02234,سِلْف,اسم جامد,104,2169,زوج أخت الزوجة.,سلف,فِعْلٌ,roots-4662:سلف:المحكم — المعاني,roots-4662:سلف:مقاييس — المحور,roots-4662:سلف:الأساس — المجاز,سِلْف,APPROVED,,سِلْف يغطي معنى زوج أخت الزوجة فقط
AR02235,سِلْفَة,اسم جامد,104,2171,زوجة أخي الزوج.,سلف,فِعْلَةٌ,roots-4662:سلف:المحكم — المعاني,roots-4662:سلف:مقاييس — المحور,roots-4662:سلف:الأساس — المجاز,سِلْفَة,APPROVED,,يغطي معنى زوجة أخي الزوج فقط | WAZN_L2_005 ← فِعْلٌ
AR02236,اِبْن العَمّ,تركيب,104,2172,ابن أخي الأب.,,,,,,اِبْن العَمّ,APPROVED,,
AR02237,اِبْن الخَال,تركيب,104,2172,ابن أخي الأم.,,,,,,اِبْن الخَال,APPROVED,,
AR02238,اِبْن الحَفِيد,تركيب,104,2179,ابن ولد الولد.,,,,,,اِبْن الحَفِيد,APPROVED,,
AR02239,بِنْت الحَفِيد,تركيب,104,2180,بنت ولد الولد.,,,,,,بِنْت الحَفِيد,APPROVED,,
AR02240,نَسِيب,صفة مشبهة,104,2240;2872;2875,القريب بالنسب أو بالمصاهرة.,نسب,فَعِيلٌ,roots-4662:نسب:المحكم — المعاني,roots-4662:نسب:مقاييس — النص,roots-4662:نسب:الأساس — المجاز,نَسِيب,APPROVED,,
AR02243,سَلَف,اسم جامد,104,2868;2870;2871,من تقدّم المرء من آبائه وذوي قرابته.,سلف,فَعَلٌ,roots-4662:سلف:المحكم — المعاني,roots-4662:سلف:مقاييس — المحور,roots-4662:سلف:الأساس — المجاز,سَلَف,APPROVED,,
AR02244,سَلِيل,اسم جامد,104,2869;7798,الولد المنحدر من أصل، ويُخصّ بمن له نسب رفيع.,سلل,فَعِيلٌ,roots-4662:سلل:المحكم — المعاني,roots-4662:سلل:مقاييس — المحور,,سَلِيل,APPROVED,,
AR02246,قَرِيب,صفة مشبهة,104,2872;2875,من يتصل بالمرء بنسب أو مصاهرة.,قرب,فَعِيلٌ,roots-4662:قرب:المحكم — المعاني,roots-4662:قرب:مقاييس — المحور,roots-4662:قرب:الأساس — المجاز,قَرِيب,APPROVED,,
AR02247,أَهْل,اسم جامد,104,2873;2876;16128,أقارب الرجل وعشيرته وذوو قرباه.,ءهل,فَعْلٌ,v21:أهل:المحكم — المعاني,v21:أهل:مقاييس — المحور,,أَهْل,APPROVED,,
AR02249,قَرِيبَة,صفة مشبهة,104,2874,المرأة تتصل بالمرء بنسب.,قرب,فَعِيلَةٌ,roots-4662:قرب:المحكم — المعاني,roots-4662:قرب:مقاييس — المحور,roots-4662:قرب:الأساس — المجاز,قَرِيبَة,APPROVED,,WAZN_L2_005 ← فَعِيلٌ
AR02250,رَحِم,اسم جامد,104,2876,القرابة، ويُطلق على الأقارب.,رحم,فَعِلٌ,roots-4662:رحم:المحكم — المعاني,roots-4662:رحم:مقاييس — المحور,roots-4662:رحم:الأساس — المجاز,رَحِم,APPROVED,,
AR02251,نَجْل,اسم جامد,104,7798,الولد.,نجل,فَعْلٌ,roots-4662:نجل:المحكم — المعاني,roots-4662:نجل:مقاييس — المحور,roots-4662:نجل:الأساس — المجاز,نَجْل,APPROVED,,
AR02252,نَسْل,اسم جامد,104,13316,الولد والذرية.,نسل,فَعْلٌ,roots-4662:نسل:المحكم — المعاني,roots-4662:نسل:مقاييس — المحور,roots-4662:نسل:الأساس — المجاز,نَسْل,APPROVED,,
AR02253,ذُرِّيَّة,اسم جامد,104,13316,نسل الرجل من الأولاد وأولادهم.,ذرر,فُعْلِيَّةٌ,roots-4662:ذرر:المحكم — المعاني,roots-4662:ذرر:مقاييس — المحور,roots-4662:ذرر:الأساس — المجاز,ذُرِّيَّة,APPROVED,,وتُذكر أيضاً في ذرء | WAZN ← L2_007 نسبة فُعْلٌ
AR02255,قَوْم,اسم جامد,104,16128,جماعة الرجل الذين ينتسب إليهم.,قوم,فَعْلٌ,roots-4662:قوم:المحكم — المعاني,roots-4662:قوم:مقاييس — المحور,roots-4662:قوم:الأساس — المجاز,قَوْم,APPROVED,,
AR02257,قَرَابَة,مصدر,104,17696,الصلة بين الناس بالنسب أو المصاهرة.,قرب,فَعَالَةٌ,roots-4662:قرب:المحكم — المعاني,roots-4662:قرب:مقاييس — المحور,roots-4662:قرب:الأساس — المجاز,قَرَابَة,APPROVED,,WAZN ← L2_015 المالك
AR02258,نَسَب,اسم جامد,104,17696,الانتماء إلى الآباء والقرابة.,نسب,فَعَلٌ,roots-4662:نسب:المحكم — المعاني,roots-4662:نسب:مقاييس — النص,roots-4662:نسب:الأساس — المجاز,نَسَب,APPROVED,,
AR02264,خُؤُولَة,مصدر,104,,القرابة من جهة الأخوال.,خول,فُعُولَةٌ,roots-4662:خول:المحكم — المعاني,roots-4662:خول:مقاييس — المحور,roots-4662:خول:الأساس — المجاز,خُؤُولَة,APPROVED,,AR_ONLY | WAZN ← L2_015 المالك
AR02265,أُسْقُف,اسم جامد,73,1573,رتبة كنسية عليا يتولى صاحبها رعاية أبرشية ويرسم الكهنة.,سقف,أُفْعُلٌّ,roots-4662:سقف:المحكم — المعاني,roots-4662:سقف:مقاييس — المحور,roots-4662:سقف:الأساس — المجاز,أُسْقُف,APPROVED,,في اللسان والقاموس أُسْقُفّ بالتشديد تحت سقف، وقيل أعجمي معرّب | WAZN ← L2_015 المالك
AR02266,رَئِيس,صفة مشبهة,73,1574;1576;1577;1578;1588;1599;4102;18329,من يتولى أمر جماعة أو هيئة أو دولة ويكون على رأسها.,رءس,فَعِيلٌ,roots-4662:رءس:المحكم — المعاني,roots-4662:رءس:مقاييس — المحور,roots-4662:رءس:الأساس — المجاز,رَئِيس,APPROVED,,
AR02267,مُدِير,اسم فاعل,73,1574;1583;1600;4103,من يتولى تدبير مؤسسة أو إدارة أو نشاط ويشرف عليه.,دور,مُفْعِلٌ,roots-4662:دور:المحكم — المعاني,roots-4662:دور:مقاييس — المحور,,مُدِير,APPROVED,,WAZN ← L2_006 فا من أَفْعَلَ
AR02268,قَائِد,اسم فاعل,73,1575;1581;1582;1585;1593,من يتقدم الجماعة ويتولى أمرها ويوجهها، ولا سيما في الجيش.,قود,فَاعِلٌ,roots-4662:قود:المحكم — المعاني,roots-4662:قود:مقاييس — المحور,roots-4662:قود:الأساس — المجاز,قَائِد,APPROVED,,أصله قاوِد
AR02269,رُبَّان,اسم جامد,73,1575,رئيس الملّاحين المتولي أمر السفينة.,ربن,فُعَّالٌ,v21:ربن:المحكم — المعاني,v21:ربن:مقاييس — النص,,رُبَّان,APPROVED,,وقيل في ربب على فُعْلان
AR02270,زَعِيم,صفة مشبهة,73,1578;1579;1593,سيّد القوم ورئيسهم المتكلم عنهم.,زعم,فَعِيلٌ,roots-4662:زعم:المحكم — المعاني,roots-4662:زعم:مقاييس — المحور,roots-4662:زعم:الأساس — المجاز,زَعِيم,APPROVED,,
AR02272,قَادَ,فعل,73,1580;1592;15240,تولّى أمر جماعة أو عمل وتقدّمه موجّهاً له.,قود,فَعَلَ,roots-4662:قود:المحكم — المعاني,roots-4662:قود:مقاييس — المحور,roots-4662:قود:الأساس — المجاز,قَادَ,APPROVED,,أصله قَوَدَ
AR02274,إِمْبِرَاطُور,اسم جامد,73,1584,الحاكم الأعلى لإمبراطورية.,,,,,,إِمْبِرَاطُور,APPROVED,,دخيل/معرّب لا جذر عربي له؛ مستقر في الفصحى المعاصرة ولا لفظ أصيل يقوم مقامه
AR02275,فَرِيق,اسم جامد,73,1585,رتبة عسكرية عليا يتولى صاحبها قيادة قوات كبيرة.,فرق,فَعِيلٌ,roots-4662:فرق:المحكم — المعاني,roots-4662:فرق:مقاييس — المحور,roots-4662:فرق:الأساس — المجاز,فَرِيق,APPROVED,,دلالة الرتبة حادثة
AR02277,سَاسَ,فعل,73,1586,دبّر أمر الرعية وقام عليه بما يصلحه.,سوس,فَعَلَ,roots-4662:سوس:المحكم — المعاني,roots-4662:سوس:مقاييس — المحور,roots-4662:سوس:الأساس — المجاز,سَاسَ,APPROVED,,أصله سَوَسَ
AR02279,وَالِي,اسم فاعل,73,1587;4101,من يتولى حكم ولاية أو إقليم نيابة عن السلطة العليا.,ولي,فَاعِلٌ,roots-4662:ولي:المحكم — المعاني,roots-4662:ولي:مقاييس — المحور,roots-4662:ولي:الأساس — المجاز,وَالِي,APPROVED,,أصله والِيٌ
AR02281,تَرَأَّسَ,فعل,73,1589;1598;17600,تولّى رئاسة جماعة أو مجلس أو جلسة.,رءس,تَفَعَّلَ,roots-4662:رءس:المحكم — المعاني,roots-4662:رءس:مقاييس — المحور,roots-4662:رءس:الأساس — المجاز,تَرَأَّسَ,APPROVED,,
AR02282,رَأَسَ,فعل,73,1589,صار رئيساً على قوم أو هيئة.,رءس,فَعَلَ,roots-4662:رءس:المحكم — المعاني,roots-4662:رءس:مقاييس — المحور,roots-4662:رءس:الأساس — المجاز,رَأَسَ,APPROVED,,
AR02284,مَلِك,صفة مشبهة,73,1591;1596;1607,صاحب السلطان الأعلى في دولة مستقلة، يرثه في الغالب.,ملك,فَعِلٌ,roots-4662:ملك:المحكم — المعاني,roots-4662:ملك:مقاييس — المحور,roots-4662:ملك:الأساس — المجاز,مَلِك,APPROVED,,
AR02285,عَاهِل,اسم فاعل,73,1591;1596;1607,الملك الأعظم صاحب السيادة العليا على الدولة.,عهل,فَاعِلٌ,v21:عهل:المحكم — المعاني,v21:عهل:مقاييس — المحور,,عَاهِل,APPROVED,,
AR02286,تَزَعَّمَ,فعل,73,1592,صار زعيماً لجماعة أو حركة وتولّى قيادتها.,زعم,تَفَعَّلَ,roots-4662:زعم:المحكم — المعاني,roots-4662:زعم:مقاييس — المحور,roots-4662:زعم:الأساس — المجاز,تَزَعَّمَ,APPROVED,,
AR02287,رَئِيسُ البَلَدِيَّةِ,تركيب,73,1594,المسؤول الأول عن إدارة مجلس المدينة وشؤونها.,,,,,,رَئِيسُ البَلَدِيَّةِ,APPROVED,,
AR02288,وَزِير,صفة مشبهة,73,1595;4111;14879,من يتولى وزارة من وزارات الدولة ويحمل عن الحاكم أعباءها.,وزر,فَعِيلٌ,roots-4662:وزر:المحكم — المعاني,roots-4662:وزر:مقاييس — المحور,roots-4662:وزر:الأساس — المجاز,وَزِير,APPROVED,,
AR02289,رَئِيسُ الوُزَرَاءِ,تركيب,73,1597;10822,رئيس الحكومة المتولي أمر مجلس الوزراء.,,,,,,رَئِيسُ الوُزَرَاءِ,APPROVED,,
AR02290,نَاظِر,اسم فاعل,73,1600;4103;17622,المتولي أمر مدرسة أو وقف أو جهة والقائم على شؤونها.,نظر,فَاعِلٌ,roots-4662:نظر:المحكم — المعاني,roots-4662:نظر:مقاييس — النص,roots-4662:نظر:الأساس — المجاز,نَاظِر,APPROVED,,
AR02291,مَلِكَة,صفة مشبهة,73,1601,المرأة صاحبة السلطان الأعلى في دولة مستقلة.,ملك,فَعِلَةٌ,roots-4662:ملك:المحكم — المعاني,roots-4662:ملك:مقاييس — المحور,roots-4662:ملك:الأساس — المجاز,مَلِكَة,APPROVED,,WAZN_L2_005 ← فَعِلٌ
AR02292,مَلَكَ,فعل,73,1602,تولّى الملك وكان صاحب السلطان على قوم.,ملك,فَعَلَ,roots-4662:ملك:المحكم — المعاني,roots-4662:ملك:مقاييس — المحور,roots-4662:ملك:الأساس — المجاز,مَلَكَ,APPROVED,,
AR02293,سَادَ,فعل,73,1603,صار سيّداً على قومه وتولّى أمرهم.,سود,فَعَلَ,roots-4662:سود:المحكم — المعاني,roots-4662:سود:مقاييس — المحور,roots-4662:سود:الأساس — المجاز,سَادَ,APPROVED,,أصله سَوَدَ
AR02294,أَدَارَ,فعل,73,1605;14862,تولّى تدبير عمل أو مؤسسة وتسيير شؤونها.,دور,أَفْعَلَ,roots-4662:دور:المحكم — المعاني,roots-4662:دور:مقاييس — المحور,,أَدَارَ,APPROVED,,
AR02295,شَاه,اسم جامد,73,1606,لقب ملك إيران قديماً.,,,,,,شَاه,APPROVED,,دخيل/معرّب لا جذر عربي له؛ مستقر في الفصحى المعاصرة ولا لفظ أصيل يقوم مقامه
AR02296,سُلْطَان,اسم جامد,73,1608,الحاكم المسلم صاحب السيادة والسلطة.,سلط,فُعْلانٌ,roots-4662:سلط:المحكم — المعاني,roots-4662:سلط:مقاييس — المحور,,سُلْطَان,APPROVED,,
AR02297,نَائِبُ القَائِدِ,تركيب,73,1609,من يخلف القائد وينوب عنه.,,,,,,نَائِبُ القَائِدِ,APPROVED,,
AR02298,نَائِبُ الرَّئِيسِ,تركيب,73,1610;1611;18330,من يلي الرئيس رتبةً وينوب عنه في غيابه.,,,,,,نَائِبُ الرَّئِيسِ,APPROVED,,
AR02299,نَائِبُ المُدِيرِ,تركيب,73,1612,من يلي المدير رتبةً وينوب عنه.,,,,,,نَائِبُ المُدِيرِ,APPROVED,,
AR02300,نَائِبُ المَلِكِ,تركيب,73,1613,من يحكم إقليماً أو مستعمرة نيابة عن الملك.,,,,,,نَائِبُ المَلِكِ,APPROVED,,
AR02301,خَلِيفَة,صفة مشبهة,73,4099,الإمام الأعظم للمسلمين القائم بأمر الدين والدنيا خلفاً للنبي.,خلف,فَعِيلَةٌ,roots-4662:خلف:المحكم — المعاني,roots-4662:خلف:مقاييس — المحور,roots-4662:خلف:الأساس — المجاز,خَلِيفَة,APPROVED,,WAZN_L2_005 ← فَعِيلٌ
AR02302,دَوْلَةٌ مَتْبُوعَةٌ,تركيب,73,4100,دولة لها سيادة على دولة أخرى تتمتع بحكم ذاتي في شؤونها الداخلية.,,,,,,دَوْلَةٌ مَتْبُوعَةٌ,APPROVED,,مصطلح القانون الدولي في مقابل الدولة التابعة
AR02305,إِمْبِرَاطُورَة,اسم جامد,73,4106,الحاكمة العليا لإمبراطورية أو زوجة الإمبراطور.,,,,,,إِمْبِرَاطُورَة,APPROVED,,دخيل/معرّب لا جذر عربي له؛ مستقر في الفصحى المعاصرة ولا لفظ أصيل يقوم مقامه
AR02306,مَهَرَاجَا,اسم جامد,73,4107,لقب أمير هندي قديماً.,,,,,,مَهَرَاجَا,APPROVED,,دخيل/معرّب لا جذر عربي له؛ مستقر في الفصحى المعاصرة ولا لفظ أصيل يقوم مقامه
AR02307,قَيْصَر,اسم جامد,73,4108;4115,لقب إمبراطور الروم والألمان والروس قديماً.,,,,,,قَيْصَر,APPROVED,,معرّب قديم عن لقب أعجمي؛ لا جذر عربي له
AR02308,قَيْصَرَة,اسم جامد,73,4109,لقب إمبراطورة روسيا قديماً.,,,,,,قَيْصَرَة,APPROVED,,معرّب؛ لا جذر عربي له
AR02309,دُوقَة,اسم جامد,73,4112,امرأة تحمل لقب الدوق أو زوجته أو أرملته.,,,,,,دُوقَة,APPROVED,,دخيل/معرّب لا جذر عربي له؛ مستقر في الفصحى المعاصرة ولا لفظ أصيل يقوم مقامه
AR02310,خَان,اسم جامد,73,4113,لقب للحكام والكبراء في آسيا الوسطى وبعض البلاد الإسلامية.,,,,,,خَان,APPROVED,,دخيل/معرّب لا جذر عربي له؛ مستقر في الفصحى المعاصرة ولا لفظ أصيل يقوم مقامه
AR02311,خِدِيوِي,اسم جامد,73,4114,لقب نائب السلطان العثماني في حكم مصر.,,,,,,خِدِيوِي,APPROVED,,دخيل/معرّب لا جذر عربي له؛ مستقر في الفصحى المعاصرة ولا لفظ أصيل يقوم مقامه
AR02312,بَاشَا,اسم جامد,73,4205,لقب رفيع لكبار الموظفين والقادة في الدولة العثمانية.,,,,,,بَاشَا,APPROVED,,دخيل/معرّب لا جذر عربي له؛ مستقر في الفصحى المعاصرة ولا لفظ أصيل يقوم مقامه
AR02313,سَيِّد,صفة مشبهة,73,4206,من له السيادة والأمر على غيره.,سود,فَيْعِلٌ,roots-4662:سود:المحكم — المعاني,roots-4662:سود:مقاييس — المحور,roots-4662:سود:الأساس — المجاز,سَيِّد,APPROVED,,WAZN ← L2_015 المالك
AR02314,بَارُون,اسم جامد,73,4207,لقب نبالة أوروبي، ويطلق على المتنفذ في تجارة أو صناعة.,,,,,,بَارُون,APPROVED,,دخيل/معرّب لا جذر عربي له؛ مستقر في الفصحى المعاصرة ولا لفظ أصيل يقوم مقامه
AR02315,مُسْتَبِدّ,اسم فاعل,73,7466;17272,حاكم ينفرد بالسلطة المطلقة دون مشورة أو رقيب.,بدد,مُسْتَفْعِلٌ,v21:بدد:المحكم — المعاني,v21:بدد:مقاييس — المحور,v21:بدد:الأساس — المجاز,مُسْتَبِدّ,APPROVED,,WAZN ← L2_006 فا من اِسْتَفْعَلَ
AR02317,مَسْؤُول,اسم مفعول,73,10625;14768;16013,من يشغل منصباً عاماً ويتولى مهامه.,سءل,مَفْعُولٌ,roots-4662:سءل:المحكم — المعاني,roots-4662:سءل:مقاييس — النص,,مَسْؤُول,APPROVED,,
AR02318,سُلْطَة,اسم جامد,73,11420;13595,جهة أو هيئة تملك الحكم والسيطرة في مجال ما.,سلط,فُعْلَةٌ,roots-4662:سلط:المحكم — المعاني,roots-4662:سلط:مقاييس — المحور,,سُلْطَة,APPROVED,,WAZN_L2_005 ← فُعْلٌ
AR02319,زَعِيمُ عِصَابَةِ مُخَدِّرَاتٍ,تركيب,73,11805,رئيس جماعة إجرامية تتاجر بالمخدرات.,,,,,,زَعِيمُ عِصَابَةِ مُخَدِّرَاتٍ,APPROVED,,
AR02321,دَوْلَة,اسم جامد,73,12183;16331,البلد بوصفه كياناً سياسياً ذا سلطة ونفوذ.,دول,فَعْلَةٌ,roots-4662:دول:المحكم — المعاني,roots-4662:دول:مقاييس — المحور,,دَوْلَة,APPROVED,,WAZN_L2_005 ← فَعْلٌ
AR02322,قُوَّة,مصدر,73,12183,دولة ذات نفوذ عسكري وسياسي بين الدول.,قوي,فُعْلَةٌ,,roots-4662:قوي:مقاييس — المحور,,قُوَّة,APPROVED,,WAZN_L2_005 ← فُعْلٌ
AR02323,رِئَاسِيّ,اسم منسوب,73,12433,منسوب إلى الرئيس أو الرئاسة.,رءس,فِعَالِيٌّ,roots-4662:رءس:المحكم — المعاني,roots-4662:رءس:مقاييس — المحور,roots-4662:رءس:الأساس — المجاز,رِئَاسِيّ,APPROVED,,اسم منسوب؛ لا فئة للنسبة في القائمة المغلقة فوُضع صفة مشبهة — OWNER_ALERT | POS_L2_007:NISBA (من نص الملاحظة) | WAZN ← L2_007 نسبة فِعَالٌ
AR02324,نِظَام,اسم جامد,73,13153,سلطة الحكم القائمة في بلد، ولا سيما المستبدة منها.,نظم,فِعَالٌ,roots-4662:نظم:المحكم — المعاني,roots-4662:نظم:مقاييس — المحور,roots-4662:نظم:الأساس — المجاز,نِظَام,APPROVED,,
AR02325,مُدِيرٌ عَامٌّ,تركيب,73,13371,المسؤول التنفيذي الأعلى في مؤسسة كبيرة.,,,,,,مُدِيرٌ عَامٌّ,APPROVED,,
AR02326,قِيَادَة,مصدر,73,13589;14592,تولّي أمر الجماعة وتوجيهها، والهيئة التي تتولاه.,قود,فِعَالَةٌ,roots-4662:قود:المحكم — المعاني,roots-4662:قود:مقاييس — المحور,roots-4662:قود:الأساس — المجاز,قِيَادَة,APPROVED,,WAZN_L2_005 ← فِعَالٌ
AR02330,رَئِيسُ الكَهَنَةِ,تركيب,73,13833,الكاهن الأعلى صاحب السلطة على سائر الكهنة.,,,,,,رَئِيسُ الكَهَنَةِ,APPROVED,,
AR02331,سَفِير,صفة مشبهة,73,13964,موظف رفيع يمثل دولته لدى دولة أخرى.,سفر,فَعِيلٌ,roots-4662:سفر:المحكم — المعاني,roots-4662:سفر:مقاييس — المحور,roots-4662:سفر:الأساس — المجاز,سَفِير,APPROVED,,
AR02333,سُلْطَةٌ تَشْرِيعِيَّةٌ,تركيب,73,14509,الهيئة الحكومية التي تسن القوانين.,,,,,,سُلْطَةٌ تَشْرِيعِيَّةٌ,APPROVED,,
AR02334,مَجْلِسٌ نِيَابِيٌّ,تركيب,73,14509,مجلس منتخب ينوب عن الشعب في التشريع والرقابة.,,,,,,مَجْلِسٌ نِيَابِيٌّ,APPROVED,,
AR02335,نَائِب,اسم فاعل,73,14529;14724,عضو منتخب في مجلس تشريعي ينوب عن ناخبيه.,نوب,فَاعِلٌ,roots-4662:نوب:المحكم — المعاني,roots-4662:نوب:مقاييس — المحور,,نَائِب,APPROVED,,أصله ناوِب
AR02336,مَجْلِسُ الشُّيُوخِ,تركيب,73,14597,المجلس التشريعي الأعلى في بعض الدول.,,,,,,مَجْلِسُ الشُّيُوخِ,APPROVED,,
AR02337,قُطْب,اسم جامد,73,14611,ذو النفوذ الأكبر في صناعة أو تجارة.,قطب,فُعْلٌ,roots-4662:قطب:المحكم — المعاني,roots-4662:قطب:مقاييس — المحور,roots-4662:قطب:الأساس — المجاز,قُطْب,APPROVED,,استعمال مجازي من قطب الرحى
AR02339,وَلِيُّ العَهْدِ,تركيب,73,14635;14771,الأمير المعيَّن لخلافة الملك في الحكم.,,,,,,وَلِيُّ العَهْدِ,APPROVED,,
AR02340,إِدَارَة,مصدر,73,14687,الجهاز الحاكم في عهد رئيس معين.,دور,إِفْعَالَةٌ,roots-4662:دور:المحكم — المعاني,roots-4662:دور:مقاييس — المحور,,إِدَارَة,APPROVED,,WAZN_L2_005 ← إِفْعَالٌ
AR02341,لِوَاء,اسم جامد,73,14715,رتبة عسكرية فوق العميد ودون الفريق، ويُلقَّب بها صاحبها.,لوي,فِعَالٌ,roots-4662:لوي:المحكم — المعاني,roots-4662:لوي:مقاييس — المحور,roots-4662:لوي:الأساس — المجاز,لِوَاء,APPROVED,,أصله لِوَايٌ؛ الوسم الإنجليزي صفة، والعربي اسم رتبة
AR02342,مُدِيرٌ تَنْفِيذِيٌّ,تركيب,73,14768,رأس مؤسسة تجارية أو جهة حكومية المتولي تنفيذ أعمالها.,,,,,,مُدِيرٌ تَنْفِيذِيٌّ,APPROVED,,
AR02345,رَئِيسٌ تَنْفِيذِيٌّ,تركيب,73,15845;15847,أعلى مسؤول في إدارة شركة أو مؤسسة.,,,,,,رَئِيسٌ تَنْفِيذِيٌّ,APPROVED,,لا اختصار عربي مستقر؛ يقابله التركيب الكامل
AR02349,نَائِبَة,اسم فاعل,73,18074,امرأة منتخبة عضواً في مجلس تشريعي تنوب عن ناخبيها.,نوب,فَاعِلَةٌ,roots-4662:نوب:المحكم — المعاني,roots-4662:نوب:مقاييس — المحور,,نَائِبَة,APPROVED,,WAZN_L2_005 ← فَاعِلٌ
AR02350,نَقِيب,صفة مشبهة,73,,رئيس القوم أو النقابة المتكلم عنهم والقائم بأمرهم.,نقب,فَعِيلٌ,roots-4662:نقب:المحكم — المعاني,roots-4662:نقب:مقاييس — المحور,,نَقِيب,APPROVED,,AR_ONLY
AR02351,رِئَاسَة,مصدر,73,,تولي منصب الرئيس والقيام بأمره.,رءس,فِعَالَةٌ,roots-4662:رءس:المحكم — المعاني,roots-4662:رءس:مقاييس — المحور,roots-4662:رءس:الأساس — المجاز,رِئَاسَة,APPROVED,,AR_ONLY | WAZN_L2_005 ← فِعَالٌ
AR02353,مَزْرَعَة,اسم مكان,196,3707;14491;17296,أرض وما عليها من مبانٍ تُتّخذ للزرع وتربية الماشية.,زرع,مَفْعَلَةٌ,roots-4662:زرع:المحكم — المعاني,roots-4662:زرع:مقاييس — المحور,roots-4662:زرع:الأساس — المجاز,مَزْرَعَة,APPROVED,,POS_L2_007:MAKAN | WAZN_L2_005 ← مَفْعَلٌ
AR02354,سِيَاج,اسم جامد,196,3708,حاجز يحيط بالأرض من شجر متلاصق أو غيره.,سوج,فِعَالٌ,roots-4662:سوج:المحكم — المعاني,,,سِيَاج,APPROVED,,أصله سِوَاج
AR02355,مَنْجَم,اسم مكان,196,8708,موضع يُحفر في الأرض لاستخراج المعادن.,نجم,مَفْعَلٌ,roots-4662:نجم:المحكم — المعاني,roots-4662:نجم:مقاييس — المحور,roots-4662:نجم:الأساس — المجاز,مَنْجَم,APPROVED,,POS_L2_007:MAKAN
AR02359,مَقْبَرَة,اسم مكان,196,8712,أرض واسعة يُدفن فيها الموتى.,قبر,مَفْعَلَةٌ,roots-4662:قبر:المحكم — المعاني,roots-4662:قبر:مقاييس — المحور,roots-4662:قبر:الأساس — المجاز,مَقْبَرَة,APPROVED,,POS_L2_007:MAKAN؛ ويقال مَقْبُرة | WAZN_L2_005 ← مَفْعَلٌ
AR02361,رِيفِيّ,اسم منسوب,196,10200,منسوب إلى الريف وما خرج عن المدن.,ريف,فِعْلِيٌّ,roots-4662:ريف:المحكم — المعاني,roots-4662:ريف:مقاييس — المحور,,رِيفِيّ,APPROVED,,POS_L2_007:NISBA | WAZN ← L2_007 نسبة فِعْلٌ
AR02362,قَرَوِيّ,اسم منسوب,196,10200,منسوب إلى القرية وأهلها.,قري,فَعَلِيٌّ,roots-4662:قري:المحكم — المعاني,roots-4662:قري:مقاييس — المحور,,قَرَوِيّ,APPROVED,,POS_L2_007:NISBA | WAZN ← L2_007 نسبة فَعَلٌ
AR02363,رِيف,اسم جامد,196,10201;10202,الأرض ذات الزرع والقرى خارج المدن الكبيرة.,ريف,فِعْلٌ,roots-4662:ريف:المحكم — المعاني,roots-4662:ريف:مقاييس — المحور,,رِيف,APPROVED,,
AR02365,مَدَنِيّ,اسم منسوب,196,10203,منسوب إلى المدينة وما يتعلق بها.,مدن,فَعَلِيٌّ,roots-4662:مدن:المحكم — المعاني,roots-4662:مدن:مقاييس — النص,,مَدَنِيّ,APPROVED,,POS_L2_007:NISBA | WAZN ← L2_007 نسبة فَعَلٌ
AR02366,مَدِينَة,اسم جامد,196,10204,موضع آهل بالسكان أكبر من البلدة والقرية.,مدن,فَعِيلَةٌ,roots-4662:مدن:المحكم — المعاني,roots-4662:مدن:مقاييس — النص,,مَدِينَة,APPROVED,,ومن المعاجم من يجعلها في دين | WAZN_L2_005 ← فَعِيلٌ
AR02368,قَرْيَة,اسم جامد,196,10205,مجموعة بيوت في الريف أصغر من البلدة.,قري,فَعْلَةٌ,roots-4662:قري:المحكم — المعاني,roots-4662:قري:مقاييس — المحور,,قَرْيَة,APPROVED,,وقيل في قرو | WAZN_L2_005 ← فَعْلٌ
AR02369,مَرْكَز,اسم مكان,196,10661;14575;16624,موضع أو مجموعة مبانٍ يتركّز فيها نشاط معيّن.,ركز,مَفْعَلٌ,roots-4662:ركز:المحكم — المعاني,roots-4662:ركز:مقاييس — المحور,roots-4662:ركز:الأساس — المجاز,مَرْكَز,APPROVED,,POS_L2_007:MAKAN
AR02370,مَرْفِق,اسم مكان,196,10662,مبنى أو موضع مجهّز لغرض معيّن ينتفع به الناس.,رفق,مَفْعِلٌ,roots-4662:رفق:المحكم — المعاني,roots-4662:رفق:مقاييس — المحور,roots-4662:رفق:الأساس — المجاز,مَرْفِق,APPROVED,,POS_L2_007:MAKAN؛ هذا المعنى مولّد معاصر
AR02371,مُنْشَأَة,اسم مفعول,196,10662;10713,مبنى أو مجموعة مبانٍ مقامة لغرض صناعي أو عسكري أو خدمي.,نشء,مُفْعَلَةٌ,roots-4662:نشء:المحكم — المعاني,roots-4662:نشء:مقاييس — المحور,,مُنْشَأَة,APPROVED,,WAZN_L2_005 ← مُفْعَلٌ
AR02373,مُفَاعِل,اسم فاعل,196,10714,منشأة تُجرى فيها تفاعلات انشطار نووي مضبوطة.,فعل,مُفَاعِلٌ,roots-4662:فعل:المحكم — المعاني,roots-4662:فعل:مقاييس — المحور,,مُفَاعِل,APPROVED,,هذا المعنى مولّد معاصر
AR02374,مَرْفَأ,اسم مكان,196,11418;15331,موضع على الساحل ترسو فيه السفن في مأمن.,رفء,مَفْعَلٌ,roots-4662:رفء:المحكم — المعاني,roots-4662:رفء:مقاييس — المحور,,مَرْفَأ,APPROVED,,POS_L2_007:MAKAN
AR02375,مِينَاء,اسم مكان,196,11418;15331,موضع على الساحل ترسو فيه السفن للتجارة والنقل.,وني,مِفْعَالٌ,roots-4662:وني:المحكم — المعاني,roots-4662:وني:مقاييس — المحور,roots-4662:وني:الأساس — المجاز,مِينَاء,APPROVED,,POS_L2_007:MAKAN؛ على صيغة مِفْعال
AR02379,مُسْتَوْدَع,اسم مكان,196,11437,موضع تُخزن فيه كميات كبيرة من السلع.,ودع,مُسْتَفْعَلٌ,roots-4662:ودع:المحكم — المعاني,roots-4662:ودع:مقاييس — المحور,roots-4662:ودع:الأساس — المجاز,مُسْتَوْدَع,APPROVED,,POS_L2_007:MAKAN | WAZN ← L2_006 مف من اِسْتَفْعَلَ
AR02380,مَخْزَن,اسم مكان,196,11437,موضع تُحفظ فيه السلع والأمتعة.,خزن,مَفْعَلٌ,roots-4662:خزن:المحكم — المعاني,roots-4662:خزن:مقاييس — المحور,roots-4662:خزن:الأساس — المجاز,مَخْزَن,APPROVED,,POS_L2_007:MAKAN
AR02381,مَوْقِع,اسم مكان,196,11550,رقعة من الأرض يقوم فيها شيء أو وقع فيها حدث.,وقع,مَفْعِلٌ,roots-4662:وقع:المحكم — المعاني,roots-4662:وقع:مقاييس — المحور,roots-4662:وقع:الأساس — المجاز,مَوْقِع,APPROVED,,POS_L2_007:MAKAN
AR02382,مَوْضِع,اسم مكان,196,11550,المكان الذي يكون فيه الشيء.,وضع,مَفْعِلٌ,roots-4662:وضع:المحكم — المعاني,roots-4662:وضع:مقاييس — المحور,roots-4662:وضع:الأساس — المجاز,مَوْضِع,APPROVED,,POS_L2_007:MAKAN
AR02383,مَدْرَسَة,اسم مكان,196,11659,مؤسسة ومبنى يتلقّى فيه الناشئة تعليمهم الأول.,درس,مَفْعَلَةٌ,roots-4662:درس:المحكم — المعاني,roots-4662:درس:مقاييس — المحور,roots-4662:درس:الأساس — المجاز,مَدْرَسَة,APPROVED,,POS_L2_007:MAKAN | WAZN_L2_005 ← مَفْعَلٌ
AR02386,مَوْقِف,اسم مكان,196,12739,موضع تقف فيه المركبات.,وقف,مَفْعِلٌ,roots-4662:وقف:المحكم — المعاني,roots-4662:وقف:مقاييس — المحور,roots-4662:وقف:الأساس — المجاز,مَوْقِف,APPROVED,,POS_L2_007:MAKAN
AR02387,قَاعِدَة,اسم فاعل,196,12784,موضع تُدار منه العمليات العسكرية أو غيرها.,قعد,فَاعِلَةٌ,roots-4662:قعد:المحكم — المعاني,roots-4662:قعد:مقاييس — المحور,roots-4662:قعد:الأساس — المجاز,قَاعِدَة,APPROVED,,اسم فاعل غلبت عليه الاسمية | WAZN_L2_005 ← فَاعِلٌ
AR02389,مُسْتَوْطَنَة,اسم مفعول,196,13498,موضع يقيم فيه جماعة من الناس ويتخذونه مسكناً.,وطن,مُسْتَفْعَلَةٌ,roots-4662:وطن:المحكم — المعاني,roots-4662:وطن:مقاييس — النص,roots-4662:وطن:الأساس — المجاز,مُسْتَوْطَنَة,APPROVED,,WAZN ← L2_005 مؤنث مُسْتَفْعَلٌ
AR02390,فِنَاء,اسم جامد,196,13505,ساحة مكشوفة تحيط بها جدران الدار أو مبانيها.,فني,فِعَالٌ,roots-4662:فني:المحكم — المعاني,roots-4662:فني:مقاييس — النص,,فِنَاء,APPROVED,,وقيل في فنو
AR02394,خَمَّارَة,اسم جامد,196,13790,موضع يُباع فيه الخمر ويُشرب.,خمر,فَعَّالَةٌ,roots-4662:خمر:المحكم — المعاني,roots-4662:خمر:مقاييس — المحور,roots-4662:خمر:الأساس — المجاز,خَمَّارَة,APPROVED,,WAZN_L2_005 ← فَعَّالٌ
AR02398,رِوَاق,اسم جامد,196,13828,قاعة تُعرض فيها الأعمال الفنية.,روق,فِعَالٌ,roots-4662:روق:المحكم — المعاني,roots-4662:روق:مقاييس — المحور,roots-4662:روق:الأساس — المجاز,رِوَاق,APPROVED,,هذا المعنى مولّد معاصر
AR02400,بُسْتَان,اسم جامد,196,13829,أرض يُغرس فيها الشجر والزرع.,بستن,فُعْلالٌ (رباعي),,,,بُسْتَان,APPROVED,,معرّب فارسي قديم مذكور في المعاجم
AR02401,مُتَنَزَّه,اسم مكان,196,13847,موضع عام واسع في المدينة يقصده الناس للترويح.,نزه,مُتَفَعَّلٌ,roots-4662:نزه:المحكم — المعاني,roots-4662:نزه:مقاييس — المحور,roots-4662:نزه:الأساس — المجاز,مُتَنَزَّه,APPROVED,,POS_L2_007:MAKAN | WAZN ← L2_006 مف من تَفَعَّلَ
AR02402,حَدِيقَة عَامَّة,تركيب,196,13847,أرض واسعة مزروعة في المدينة يقصدها الناس للترويح.,,,,,,حَدِيقَة عَامَّة,APPROVED,,
AR02403,مَيْدَان,اسم جامد,196,13854,ساحة واسعة مكشوفة تحيط بها المباني.,ميد,فَعْلانُ,roots-4662:ميد:المحكم — المعاني,roots-4662:ميد:مقاييس — المحور,roots-4662:ميد:الأساس — المجاز,مَيْدَان,APPROVED,,WAZN ← SIBAWAYH_EXISTS
AR02405,مَسْرَح,اسم مكان,196,13855,مبنى تُقدَّم فيه العروض التمثيلية.,سرح,مَفْعَلٌ,roots-4662:سرح:المحكم — المعاني,roots-4662:سرح:مقاييس — المحور,roots-4662:سرح:الأساس — المجاز,مَسْرَح,APPROVED,,POS_L2_007:MAKAN
AR02407,دُكَّان,اسم جامد,196,13861,حانوت صغير تُباع فيه السلع.,دكن,فُعَّالٌ,roots-4662:دكن:المحكم — المعاني,roots-4662:دكن:مقاييس — المحور,roots-4662:دكن:الأساس — المجاز,دُكَّان,APPROVED,,ومن المعاجم من يجعله فُعْلان من دكك
AR02408,كُلِّيَّة,اسم منسوب,196,13953,مؤسسة تعليمية تكون جزءاً من جامعة تُعنى بفرع من العلم.,كلل,فُعْلِيَّةٌ,roots-4662:كلل:المحكم — المعاني,roots-4662:كلل:مقاييس — المحور,roots-4662:كلل:الأساس — المجاز,كُلِّيَّة,APPROVED,,POS_L2_007:NISBA؛ نسبة غلبت عليها الاسمية؛ هذا المعنى مولّد معاصر | WAZN ← L2_007 نسبة فُعْلٌ
AR02409,فُسْحَة,اسم جامد,196,14169,مكان واسع مكشوف غير مبني يرتاده الناس.,فسح,فُعْلَةٌ,roots-4662:فسح:المحكم — المعاني,roots-4662:فسح:مقاييس — المحور,,فُسْحَة,APPROVED,,WAZN_L2_005 ← فُعْلٌ
AR02410,مَكْتَب الْبَرِيد,تركيب,196,14392,مبنى تُنجز فيه معاملات البريد.,,,,,,مَكْتَب الْبَرِيد,APPROVED,,
AR02411,قَنَاة,اسم جامد,196,14399,مجرى مائي محفور تسير فيه السفن أو يُنقل به الماء للري.,قنو,فَعَلَةٌ,,,roots-4662:قنو:الأساس — المجاز,قَنَاة,APPROVED,,وقيل في قني | WAZN_L2_005 ← فَعَلٌ
AR02413,مَرْج,اسم جامد,196,14401,أرض ذات عشب واسعة ترعى فيها الدواب.,مرج,فَعْلٌ,roots-4662:مرج:المحكم — المعاني,roots-4662:مرج:مقاييس — المحور,roots-4662:مرج:الأساس — المجاز,مَرْج,APPROVED,,
AR02414,مَقَرّ,اسم مكان,196,14575,الموضع الذي تُدار منه الأعمال.,قرر,مَفْعَلٌ,roots-4662:قرر:المحكم — المعاني,roots-4662:قرر:مقاييس — المحور,roots-4662:قرر:الأساس — المجاز,مَقَرّ,APPROVED,,POS_L2_007:MAKAN؛ أصله مَقْرَر
AR02415,وَسَط الْبَلَد,تركيب,196,14661,المركز التجاري والاقتصادي للمدينة.,,,,,,وَسَط الْبَلَد,APPROVED,,
AR02416,حَرَم جَامِعِيّ,تركيب,196,15242,الأرض التي تقوم عليها مباني الجامعة.,,,,,,حَرَم جَامِعِيّ,APPROVED,,
AR02417,حَدِيقَة الْحَيَوَان,تركيب,196,15250,موضع تُربّى فيه الحيوانات وتُعرض على الزائرين.,,,,,,حَدِيقَة الْحَيَوَان,APPROVED,,
AR02418,مَكَان الْعَمَل,تركيب,196,15353,الموضع الذي يعمل فيه المرء أو يُستخدم.,,,,,,مَكَان الْعَمَل,APPROVED,,
AR02421,مَيْدَان الرِّمَايَة,تركيب,196,16283,أرض مكشوفة يُتدرّب فيها على إصابة الهدف من بعيد.,,,,,,مَيْدَان الرِّمَايَة,APPROVED,,
AR02423,مَرْكَز الإِطْفَاء,تركيب,196,16625,مبنى يرابط فيه رجال الإطفاء.,,,,,,مَرْكَز الإِطْفَاء,APPROVED,,
AR02425,مُجَمَّع سَكَنِيّ,تركيب,196,16859,مجموعة كبيرة من المساكن تُبنى لتؤلّف حياً.,,,,,,مُجَمَّع سَكَنِيّ,APPROVED,,
AR02428,بُوتِيك,اسم جامد,196,18660,متجر صغير يبيع الملابس العصرية ونحوها.,,,,,,بُوتِيك,APPROVED,,دخيل مستقر في الفصحى المعاصرة؛ لا مفرد عربي بمعناه الخاص
AR02429,سُوق,اسم جامد,196,,موضع تُعرض فيه السلع ويُتبايع.,سوق,فُعْلٌ,roots-4662:سوق:المحكم — المعاني,roots-4662:سوق:مقاييس — المحور,roots-4662:سوق:الأساس — المجاز,سُوق,APPROVED,,AR_ONLY
AR02430,مَسْجِد,اسم مكان,196,,موضع يجتمع فيه المسلمون للصلاة.,سجد,مَفْعِلٌ,roots-4662:سجد:المحكم — المعاني,roots-4662:سجد:مقاييس — المحور,roots-4662:سجد:الأساس — المجاز,مَسْجِد,APPROVED,,AR_ONLY؛ POS_L2_007:MAKAN
AR02432,مَلْعَب,اسم مكان,196,,أرض معدّة لممارسة الألعاب الرياضية.,لعب,مَفْعَلٌ,roots-4662:لعب:المحكم — المعاني,roots-4662:لعب:مقاييس — المحور,roots-4662:لعب:الأساس — المجاز,مَلْعَب,APPROVED,,AR_ONLY؛ POS_L2_007:MAKAN
AR02433,ثُكْنَة,اسم جامد,196,,مبنى يقيم فيه الجنود.,ثكن,فُعْلَةٌ,v21:ثكن:المحكم — المعاني,v21:ثكن:مقاييس — المحور,,ثُكْنَة,APPROVED,,AR_ONLY | WAZN_L2_005 ← فُعْلٌ
AR02434,خَرَّ,فعل,69,1340;1356,صوّت الماءُ صوتاً متصلاً في جريانه.,خرر,فَعَلَ,roots-4662:خرر:المحكم — المعاني,roots-4662:خرر:مقاييس — المحور,roots-4662:خرر:الأساس — المجاز,خَرَّ,APPROVED,,
AR02435,نَبَحَ,فعل,69,1342;1523,صاح الكلبُ أو نحوه بصوته المعروف.,نبح,فَعَلَ,roots-4662:نبح:المحكم — المعاني,roots-4662:نبح:مقاييس — النص,roots-4662:نبح:الأساس — المجاز,نَبَحَ,APPROVED,,
AR02437,خَارَ,فعل,69,1344;1429,صوّت الثورُ أو البقرة بصوته الغليظ.,خور,فَعَلَ,roots-4662:خور:المحكم — المعاني,roots-4662:خور:مقاييس — المحور,roots-4662:خور:الأساس — المجاز,خَارَ,APPROVED,,
AR02438,دَوَّى,فعل,69,1346;1435;1495;13541,ارتفع صوتُ الشيء وامتدّ وتردّد صداه.,دوي,فَعَّلَ,roots-4662:دوي:المحكم — المعاني,roots-4662:دوي:مقاييس — النص,roots-4662:دوي:الأساس — المجاز,دَوَّى,APPROVED,,
AR02439,زَعَقَ,فعل,69,1346;1463;1487,صاح صياحاً شديداً حادّاً.,زعق,فَعَلَ,roots-4662:زعق:المحكم — المعاني,roots-4662:زعق:مقاييس — المحور,,زَعَقَ,APPROVED,,
AR02441,ثَغَا,فعل,69,1350,صوّتت الشاة أو المعز بصوتها الرقيق المتهدّج.,ثغو,فَعَلَ,,v21:ثغو:مقاييس — المحور,,ثَغَا,APPROVED,,
AR02442,يَعَرَ,فعل,69,1350,صاحت العنز بصوتها المعروف.,يعر,فَعَلَ,roots-4662:يعر:المحكم — المعاني,roots-4662:يعر:مقاييس — النص,,يَعَرَ,APPROVED,,
AR02443,نَهَقَ,فعل,69,1354,صوّت الحمارُ بصوته الخشن المعروف.,نهق,فَعَلَ,roots-4662:نهق:المحكم — المعاني,roots-4662:نهق:مقاييس — المحور,,نَهَقَ,APPROVED,,
AR02445,نَقْنَقَ,فعل,69,1359,صوّتت الدجاجةُ أو الضفدع صوتاً متقطعاً متتابعاً.,نقق,فَعْلَلَ,roots-4662:نقق:المحكم — المعاني,roots-4662:نقق:مقاييس — المحور,,نَقْنَقَ,APPROVED,,يُذكر في بعض المعاجم رباعياً في مادة مستقلة
AR02446,ضَغَا,فعل,69,1360;1426;1514;1525;1529,صاح الهرُّ أو الثعلب أو الكلب صياحاً فيه تضرّع أو ضعف.,ضغو,فَعَلَ,v21:ضغو:المحكم — المعاني,,v21:ضغو:الأساس — المجاز,ضَغَا,APPROVED,,
AR02447,نَعَبَ,فعل,69,1362;1392,صاح الغرابُ بصوته المعروف.,نعب,فَعَلَ,roots-4662:نعب:المحكم — المعاني,roots-4662:نعب:مقاييس — المحور,roots-4662:نعب:الأساس — المجاز,نَعَبَ,APPROVED,,
AR02448,نَعَقَ,فعل,69,1362,صاح الغرابُ ومدّ صوتَه.,نعق,فَعَلَ,roots-4662:نعق:المحكم — المعاني,roots-4662:نعق:مقاييس — المحور,,نَعَقَ,APPROVED,,
AR02450,سَقْسَقَ,فعل,69,1368,صوّت الطائرُ الصغير صوتاً رقيقاً متتابعاً.,سقق,فَعْلَلَ,,,,سَقْسَقَ,APPROVED,,يُذكر في بعض المعاجم رباعياً في مادة مستقلة
AR02451,صَأَى,فعل,69,1368;1437;1489;1491,صاح الفرخُ أو الفأرُ أو الخنزيرُ صوتاً رقيقاً حادّاً.,صءي,فَعَلَ,v21:صأي:المحكم — المعاني,,,صَأَى,APPROVED,,
AR02452,زَقْزَقَ,فعل,69,1370;1505;1507,صوّت العصفورُ صوتاً حادّاً خفيفاً متتابعاً.,زقق,فَعْلَلَ,roots-4662:زقق:المحكم — المعاني,roots-4662:زقق:مقاييس — المحور,roots-4662:زقق:الأساس — المجاز,زَقْزَقَ,APPROVED,,يُذكر في بعض المعاجم رباعياً في مادة مستقلة
AR02454,ضَحِكَ,فعل,69,1374;1402;1475;1477;1499;8720,أخرج صوتاً مع انبساط الوجه تعبيراً عن السرور أو التعجّب.,ضحك,فَعِلَ,v21:ضحك:المحكم — المعاني,v21:ضحك:مقاييس — النص,v21:ضحك:الأساس — المجاز,ضَحِكَ,APPROVED,,لا مفرد فصيح لهذا الضرب الخاص من الضحك؛ يُقيَّد بالحال أو المفعول المطلق
AR02456,رَنَّ,فعل,69,1376;1435;1497;9292,أصدر الشيءُ صوتاً صافياً ممتدّاً كصوت الجرس والمعدن.,رنن,فَعَلَ,roots-4662:رنن:المحكم — المعاني,roots-4662:رنن:مقاييس — المحور,roots-4662:رنن:الأساس — المجاز,رَنَّ,APPROVED,,
AR02457,قَعْقَعَ,فعل,69,1378;1380;1453,صوّت الشيءُ الصلبُ عند تحرّكه أو اصطدامه صوتاً متتابعاً، كقعقعة السلاح.,قعع,فَعْلَلَ,roots-4662:قعع:المحكم — المعاني,roots-4662:قعع:مقاييس — المحور,,قَعْقَعَ,APPROVED,,يُذكر في بعض المعاجم رباعياً في مادة مستقلة
AR02458,خَشْخَشَ,فعل,69,1380;1395;1453;1459;1465;6435,صوّت الشيءُ اليابسُ عند تحرّكه أو احتكاكه صوتاً متتابعاً.,خشش,فَعْلَلَ,roots-4662:خشش:المحكم — المعاني,roots-4662:خشش:مقاييس — المحور,roots-4662:خشش:الأساس — المجاز,خَشْخَشَ,APPROVED,,يُذكر في بعض المعاجم رباعياً في مادة مستقلة
AR02460,هَدَلَ,فعل,69,1386,صوّت الحمامُ بصوته الرخيم المتردّد.,هدل,فَعَلَ,roots-4662:هدل:المحكم — المعاني,roots-4662:هدل:مقاييس — المحور,,هَدَلَ,APPROVED,,
AR02461,سَعَلَ,فعل,69,1388,أخرج الهواءَ من صدره دفعةً بصوت.,سعل,فَعَلَ,roots-4662:سعل:المحكم — المعاني,roots-4662:سعل:مقاييس — المحور,roots-4662:سعل:الأساس — المجاز,سَعَلَ,APPROVED,,
AR02462,نَقَّ,فعل,69,1392,صوّت الضفدعُ بصوته المعروف.,نقق,فَعَلَ,roots-4662:نقق:المحكم — المعاني,roots-4662:نقق:مقاييس — المحور,,نَقَّ,APPROVED,,
AR02463,دَنْدَنَ,فعل,69,1393;1422,ردّد نغماً بصوت خفيض لا تُفهم ألفاظه.,دنن,فَعْلَلَ,roots-4662:دنن:المحكم — المعاني,roots-4662:دنن:مقاييس — المحور,,دَنْدَنَ,APPROVED,,يُذكر في بعض المعاجم رباعياً في مادة مستقلة
AR02464,تَرَنَّمَ,فعل,69,1393,ردّد الصوتَ بالغناء ترديداً رقيقاً.,رنم,تَفَعَّلَ,roots-4662:رنم:المحكم — المعاني,roots-4662:رنم:مقاييس — النص,roots-4662:رنم:الأساس — المجاز,تَرَنَّمَ,APPROVED,,
AR02467,نَشَّ,فعل,69,1398;1467,صوّت الماءُ أو الطعامُ عند الغليان أو القلي صوتاً كالفحيح.,نشش,فَعَلَ,roots-4662:نشش:المحكم — المعاني,roots-4662:نشش:مقاييس — النص,,نَشَّ,APPROVED,,
AR02469,هَرَّ,فعل,69,1407;1474,صوّت الكلبُ أو السبعُ صوتاً خفيضاً متوعّداً.,هرر,فَعَلَ,roots-4662:هرر:المحكم — المعاني,roots-4662:هرر:مقاييس — المحور,,هَرَّ,APPROVED,,
AR02471,قَبَعَ,فعل,69,1409,صوّت الخنزيرُ بصوته الغليظ القصير.,قبع,فَعَلَ,roots-4662:قبع:المحكم — المعاني,roots-4662:قبع:مقاييس — المحور,,قَبَعَ,APPROVED,,
AR02472,قَهْقَهَ,فعل,69,1411,ضحك ضحكاً عالياً متتابعاً.,قهه,فَعْلَلَ,,roots-4662:قهه:مقاييس — النص,,قَهْقَهَ,APPROVED,,يُذكر في بعض المعاجم رباعياً في مادة مستقلة
AR02473,قَرْقَرَ,فعل,69,1413,صوّت الماءُ أو البطنُ صوتاً أجوف متتابعاً.,قرر,فَعْلَلَ,roots-4662:قرر:المحكم — المعاني,roots-4662:قرر:مقاييس — المحور,roots-4662:قرر:الأساس — المجاز,قَرْقَرَ,APPROVED,,يُذكر في بعض المعاجم رباعياً في مادة مستقلة
AR02474,تَنَخَّمَ,فعل,69,1414,أخرج النخامةَ من حلقه بصوت خشن.,نخم,تَفَعَّلَ,roots-4662:نخم:المحكم — المعاني,roots-4662:نخم:مقاييس — النص,,تَنَخَّمَ,APPROVED,,
AR02475,فَحَّ,فعل,69,1416,صوّتت الأفعى بنفخ صوتاً كصوت السين.,فحح,فَعَلَ,roots-4662:فحح:المحكم — المعاني,roots-4662:فحح:مقاييس — النص,,فَحَّ,APPROVED,,
AR02476,زَقَا,فعل,69,1418,صاح الطائرُ كالبوم والديك صياحاً معروفاً.,زقو,فَعَلَ,roots-4662:زقو:المحكم — المعاني,roots-4662:زقو:مقاييس — المحور,,زَقَا,APPROVED,,
AR02478,نَاحَ,فعل,69,1423;1510,رفع صوتَه بالبكاء على الميت.,نوح,فَعَلَ,roots-4662:نوح:المحكم — المعاني,roots-4662:نوح:مقاييس — المحور,roots-4662:نوح:الأساس — المجاز,نَاحَ,APPROVED,,
AR02479,وَلْوَلَ,فعل,69,1423;1508;1510,رفع صوتَه بالصياح والبكاء من حزن أو مصيبة.,ولول,فَعْلَلَ,v21:ولول:المحكم — المعاني,,v21:ولول:الأساس — المجاز,وَلْوَلَ,APPROVED,,يُذكر في بعض المعاجم رباعياً في مادة مستقلة | L2_011 root ولل→ولول
AR02480,مَاءَ,فعل,69,1425,صاح الهرُّ بصوته المعروف.,موء,فَعَلَ,roots-4662:موء:المحكم — المعاني,,,مَاءَ,APPROVED,,
AR02484,خَرْخَرَ,فعل,69,1446,ردّد الهرُّ صوتاً خفيضاً متصلاً من حلقه.,خرر,فَعْلَلَ,roots-4662:خرر:المحكم — المعاني,roots-4662:خرر:مقاييس — المحور,roots-4662:خرر:الأساس — المجاز,خَرْخَرَ,APPROVED,,يُذكر في بعض المعاجم رباعياً في مادة مستقلة
AR02485,حَشْرَجَ,فعل,69,1452,تردّد النفَسُ في الحلق أو الصدر بصوت خشن.,حشرج,فَعْلَلَ,,,,حَشْرَجَ,APPROVED,,
AR02486,زَأَرَ,فعل,69,1455,صوّت الأسدُ أو نحوه صوتاً غليظاً ممتدّاً.,زءر,فَعَلَ,roots-4662:زءر:المحكم — المعاني,roots-4662:زءر:مقاييس — المحور,roots-4662:زءر:الأساس — المجاز,زَأَرَ,APPROVED,,
AR02487,هَدَرَ,فعل,69,1455;13541,ردّد البحرُ أو البعيرُ أو نحوهما صوتاً غليظاً متتابعاً.,هدر,فَعَلَ,roots-4662:هدر:المحكم — المعاني,roots-4662:هدر:مقاييس — النص,roots-4662:هدر:الأساس — المجاز,هَدَرَ,APPROVED,,
AR02490,غَطَّ,فعل,69,1479,ردّد النائمُ نفَسَه بصوت في حلقه وأنفه.,غطط,فَعَلَ,roots-4662:غطط:المحكم — المعاني,roots-4662:غطط:مقاييس — النص,,غَطَّ,APPROVED,,
AR02492,نَخَرَ,فعل,69,1481;1503,أخرج صوتاً قوياً من خيشومه بالنفَس.,نخر,فَعَلَ,roots-4662:نخر:المحكم — المعاني,roots-4662:نخر:مقاييس — المحور,roots-4662:نخر:الأساس — المجاز,نَخَرَ,APPROVED,,
AR02493,نَشَجَ,فعل,69,1483;1512,غصّ بالبكاء في حلقه دون انتحاب ظاهر.,نشج,فَعَلَ,roots-4662:نشج:المحكم — المعاني,roots-4662:نشج:مقاييس — المحور,roots-4662:نشج:الأساس — المجاز,نَشَجَ,APPROVED,,
AR02494,خَفَقَ,فعل,69,1493,اضطرب القلبُ ونبض نبضاً قوياً.,خفق,فَعَلَ,roots-4662:خفق:المحكم — المعاني,roots-4662:خفق:مقاييس — المحور,,خَفَقَ,APPROVED,,
AR02495,وَجَبَ,فعل,69,1493,خفق القلبُ واضطرب خفقاناً شديداً.,وجب,فَعَلَ,roots-4662:وجب:المحكم — المعاني,roots-4662:وجب:مقاييس — المحور,roots-4662:وجب:الأساس — المجاز,وَجَبَ,APPROVED,,
AR02496,رَعَدَ,فعل,69,1495,صوّت السحابُ أو نحوه صوتاً مدوّياً.,رعد,فَعَلَ,roots-4662:رعد:المحكم — المعاني,roots-4662:رعد:مقاييس — المحور,roots-4662:رعد:الأساس — المجاز,رَعَدَ,APPROVED,,
AR02497,دَقَّ,فعل,69,1501,صوّت الجرسُ بضربات متتابعة.,دقق,فَعَلَ,roots-4662:دقق:المحكم — المعاني,roots-4662:دقق:مقاييس — المحور,roots-4662:دقق:الأساس — المجاز,دَقَّ,APPROVED,,
AR02498,غَرَّدَ,فعل,69,1505;1507,رجّع الطائرُ صوتَه بالتطريب.,غرد,فَعَّلَ,roots-4662:غرد:المحكم — المعاني,roots-4662:غرد:مقاييس — المحور,,غَرَّدَ,APPROVED,,
AR02500,هَمَسَ,فعل,69,1517,أخرج صوتاً خفيّاً خافتاً.,همس,فَعَلَ,roots-4662:همس:المحكم — المعاني,roots-4662:همس:مقاييس — المحور,,هَمَسَ,APPROVED,,
AR02503,لَغَطَ,فعل,69,1521,أكثر الأصواتَ المختلطة التي لا تُفهم.,لغط,فَعَلَ,roots-4662:لغط:المحكم — المعاني,,,لَغَطَ,APPROVED,,
AR02504,وَعْوَعَ,فعل,69,1523,صاح الكلبُ أو الذئب صياحاً حادّاً متتابعاً.,وعع,فَعْلَلَ,,,,وَعْوَعَ,APPROVED,,يُذكر في بعض المعاجم رباعياً في مادة مستقلة
AR02506,تَلَعْثَمَ,فعل,69,11234,تردّد في كلامه وتوقّف بأصوات تدل على الحيرة.,لعثم,تَفَعْلَلَ,,,,تَلَعْثَمَ,APPROVED,,يقابل التردّد في الكلام لا أصوات التنحنح
AR02508,زَمَّرَ,فعل,69,17570;17572,أصدر بوقُ السيارة أو نحوه صوتاً عالياً.,زمر,فَعَّلَ,roots-4662:زمر:المحكم — المعاني,roots-4662:زمر:مقاييس — المحور,roots-4662:زمر:الأساس — المجاز,زَمَّرَ,APPROVED,,لبوق السيارة؛ لا فعل خاص بصوت الإوزّ
AR02509,رَغَا,فعل,69,,صوّت البعيرُ بصوته المعروف.,رغو,فَعَلَ,roots-4662:رغو:المحكم — المعاني,roots-4662:رغو:مقاييس — النص,roots-4662:رغو:الأساس — المجاز,رَغَا,APPROVED,,AR_ONLY
AR02512,زَغْرَدَ,فعل,69,,ردّدت المرأةُ صوتاً حادّاً متتابعاً بلسانها في الفرح.,زغرد,فَعْلَلَ,v21:زغرد:المحكم — المعاني,,,زَغْرَدَ,APPROVED,,AR_ONLY
AR02513,ضَخَامَة الأَطْرَاف,تركيب,239,4349,مرض يتضخّم فيه نموّ اليدين والقدمين وعظام الوجه لفرط إفراز هرمون النمو.,,,,,,ضَخَامَة الأَطْرَاف,APPROVED,,
AR02514,فُقْدَان الذَّاكِرَة,تركيب,239,4352,ذهاب الذاكرة كلّها أو بعضها.,,,,,,فُقْدَان الذَّاكِرَة,APPROVED,,
AR02515,اِلْتِهَاب المَفَاصِل,تركيب,239,4353,مرض تلتهب فيه المفاصل فتؤلم وتتيبّس.,,,,,,اِلْتِهَاب المَفَاصِل,APPROVED,,
AR02516,قَهَم,مصدر,239,4354,قلّة الشهوة إلى الطعام أو انعدامها.,قهم,فَعَلٌ,roots-4662:قهم:المحكم — المعاني,,,قَهَم,APPROVED,,المصطلح المعتمد في المعجم الطبي الموحّد
AR02517,فُقْدَان الشَّهِيَّة,تركيب,239,4354,انصراف النفس عن الطعام حتى يمتنع صاحبها عن الأكل.,,,,,,فُقْدَان الشَّهِيَّة,APPROVED,,
AR02518,اِخْتِنَاق,مصدر,239,4355,انقطاع الهواء عن البدن حتى يُغمى على صاحبه أو يهلك.,خنق,اِفْتِعَالٌ,roots-4662:خنق:المحكم — المعاني,roots-4662:خنق:مقاييس — المحور,roots-4662:خنق:الأساس — المجاز,اِخْتِنَاق,APPROVED,,WAZN ← L2_006 مص من اِفْتَعَلَ
AR02519,رَبْو,مصدر,239,4356,علّة في الصدر تأتي نوباتٍ يضيق معها النفس ويعلو.,ربو,فَعْلٌ,roots-4662:ربو:المحكم — المعاني,,roots-4662:ربو:الأساس — المجاز,رَبْو,APPROVED,,
AR02520,اِلْتِهَاب القَصَبَات,تركيب,239,4357,التهاب يصيب أغشية القصبات الهوائية ويصحبه سعال.,,,,,,اِلْتِهَاب القَصَبَات,APPROVED,,
AR02521,سَرَطَان,اسم جامد,239,4358,داء خبيث تتكاثر فيه خلايا الجسم تكاثراً لا ضابط له.,سرط,فَعَلانٌ,roots-4662:سرط:المحكم — المعاني,roots-4662:سرط:مقاييس — المحور,roots-4662:سرط:الأساس — المجاز,سَرَطَان,APPROVED,,
AR02522,دَاء المُبْيَضَّات,تركيب,239,4359,عدوى فطرية تسبّبها فطريات المبيضّات وتصيب الفم والجلد وغيرهما.,,,,,,دَاء المُبْيَضَّات,APPROVED,,الفطر نفسه يسمّى المبيضّة؛ ونُقل اللفظ إلى العلة التي يحدثها
AR02523,إِعْتَام العَدَسَة,تركيب,239,4360,علّة في العين تكدر فيها العدسة شيئاً فشيئاً فيضعف البصر.,,,,,,إِعْتَام العَدَسَة,APPROVED,,
AR02524,المَاء الأَبْيَض,تركيب,239,4360,اسم شائع لكدر عدسة العين المضعف للبصر.,,,,,,المَاء الأَبْيَض,APPROVED,,تركيب ثابت لا يستعمل إلا معرفاً
AR02525,اِلْتِهَاب القَنَوَات الصَّفْرَاوِيَّة,تركيب,239,4361,التهاب القنوات الناقلة للصفراء.,,,,,,اِلْتِهَاب القَنَوَات الصَّفْرَاوِيَّة,APPROVED,,
AR02526,اِلْتِهَاب المَرَارَة,تركيب,239,4362,التهاب المرارة، ويكون غالباً بسبب حصاها.,,,,,,اِلْتِهَاب المَرَارَة,APPROVED,,
AR02527,هَيْضَة,اسم جامد,239,4363,داء معدٍ يصيب الأمعاء فيحدث قيئاً وإسهالاً شديدين، وينتقل غالباً بالماء الملوّث.,هيض,فَعْلَةٌ,roots-4662:هيض:المحكم — المعاني,roots-4662:هيض:مقاييس — المحور,roots-4662:هيض:الأساس — المجاز,هَيْضَة,APPROVED,,المقابل المعتمد للكوليرا | WAZN_L2_005 ← فَعْلٌ
AR02528,تَشَمُّع الكَبِد,تركيب,239,4364,داء مزمن في الكبد تتلف فيه خلاياها وتتليّف أنسجتها.,,,,,,تَشَمُّع الكَبِد,APPROVED,,
AR02529,تَلَيُّف الكَبِد,تركيب,239,4364,داء مزمن تتحوّل فيه أنسجة الكبد إلى ألياف صلبة.,,,,,,تَلَيُّف الكَبِد,APPROVED,,
AR02530,زُكَام,مصدر,239,4365,علة شائعة تلتهب فيها بطانة الأنف والحلق فيسيل الأنف ويكثر العطاس.,زكم,فُعَالٌ,roots-4662:زكم:المحكم — المعاني,roots-4662:زكم:مقاييس — النص,roots-4662:زكم:الأساس — المجاز,زُكَام,APPROVED,,
AR02531,نَزْلَة,اسم جامد,239,4365,علة خفيفة في الأنف والحلق يصحبها سيلان وعطاس.,نزل,فَعْلَةٌ,roots-4662:نزل:المحكم — المعاني,roots-4662:نزل:مقاييس — النص,roots-4662:نزل:الأساس — المجاز,نَزْلَة,APPROVED,,WAZN_L2_005 ← فَعْلٌ
AR02532,اِلْتِهَاب القُولُون,تركيب,239,4366,التهاب يصيب بطانة القولون.,,,,,,اِلْتِهَاب القُولُون,APPROVED,,
AR02533,اِلْتِهَاب المُلْتَحِمَة,تركيب,239,4367,التهاب الغشاء الرقيق المبطِّن للجفن والمغطّي لبياض العين.,,,,,,اِلْتِهَاب المُلْتَحِمَة,APPROVED,,
AR02534,رَمَد,مصدر,239,4367,وجع العين وانتفاخها واحمرارها.,رمد,فَعَلٌ,roots-4662:رمد:المحكم — المعاني,roots-4662:رمد:مقاييس — المحور,roots-4662:رمد:الأساس — المجاز,رَمَد,APPROVED,,أعمّ من التهاب الملتحمة
AR02535,إِسْهَال,مصدر,239,4369,خروج الغائط مائعاً متكرراً.,سهل,إِفْعَالٌ,roots-4662:سهل:المحكم — المعاني,roots-4662:سهل:مقاييس — المحور,roots-4662:سهل:الأساس — المجاز,إِسْهَال,APPROVED,,
AR02536,اِكْتِئَاب,مصدر,239,4370,حزن شديد وانقباض في النفس يطول أمده.,كءب,اِفْتِعَالٌ,roots-4662:كءب:المحكم — المعاني,roots-4662:كءب:مقاييس — المحور,roots-4662:كءب:الأساس — المجاز,اِكْتِئَاب,APPROVED,,WAZN ← L2_006 مص من اِفْتَعَلَ
AR02537,اِلْتِهَاب الجِلْد,تركيب,239,4371,التهاب يصيب الجلد من مهيّج خارجي أو تحسّس.,,,,,,اِلْتِهَاب الجِلْد,APPROVED,,
AR02538,مَرَض السُّكَّرِيّ,تركيب,239,4372,خلل في استقلاب السكر في البدن يصحبه عطش شديد وكثرة بول.,,,,,,مَرَض السُّكَّرِيّ,APPROVED,,
AR02539,خُنَاق,اسم جامد,239,4373,داء جرثومي يلتهب فيه الحلق ويتكوّن فيه غشاء يعسر معه التنفس والبلع.,خنق,فُعَالٌ,roots-4662:خنق:المحكم — المعاني,roots-4662:خنق:مقاييس — المحور,roots-4662:خنق:الأساس — المجاز,خُنَاق,APPROVED,,المقابل المعتمد للدفتيريا
AR02540,دَاء الرُّتُوج,تركيب,239,4374,وجود جيوب صغيرة بارزة في جدار الأمعاء دون التهاب.,,,,,,دَاء الرُّتُوج,APPROVED,,
AR02541,عُسْر الطَّمْث,تركيب,239,4375,حيض مؤلم.,,,,,,عُسْر الطَّمْث,APPROVED,,
AR02542,إِكْزِيمَا,اسم جامد,239,4376,علة جلدية تخشن فيها رقع من الجلد وتلتهب ويصحبها حكاك ونزّ.,,,,,,إِكْزِيمَا,APPROVED,,دخيل/معرّب لا جذر عربي له؛ مستقر في الفصحى المعاصرة ولا لفظ أصيل يقوم مقامه
AR02543,نَزْلَة وَافِدَة,تركيب,239,4377;4378,عدوى فيروسية سريعة الانتشار تصيب مجاري التنفس مع حمّى وآلام وسعال.,,,,,,نَزْلَة وَافِدَة,APPROVED,,المقابل المعتمد للإنفلونزا
AR02544,اِلْتِهَاب الكَبِد,تركيب,239,4379,داء تلتهب فيه الكبد.,,,,,,اِلْتِهَاب الكَبِد,APPROVED,,
AR02545,فَتْق,مصدر,239,4380,بروز جزء من عضو، كالأمعاء، من خلال جدار التجويف الحاوي له.,فتق,فَعْلٌ,roots-4662:فتق:المحكم — المعاني,roots-4662:فتق:مقاييس — المحور,roots-4662:فتق:الأساس — المجاز,فَتْق,APPROVED,,
AR02546,اِرْتِفَاع ضَغْط الدَّم,تركيب,239,4381,زيادة ضغط الدم عن حدّه السويّ.,,,,,,اِرْتِفَاع ضَغْط الدَّم,APPROVED,,
AR02547,نَقْص سُكَّر الدَّم,تركيب,239,4382,انخفاض مقدار السكر في الدم عن حدّه السويّ.,,,,,,نَقْص سُكَّر الدَّم,APPROVED,,
AR02548,مَرَض,مصدر,239,4383;4384;4385,ما يخرج به البدن أو النفس عن حدّ الصحة.,مرض,فَعَلٌ,roots-4662:مرض:المحكم — المعاني,,roots-4662:مرض:الأساس — المجاز,مَرَض,APPROVED,,
AR02550,سَقَم,مصدر,239,4383;4385,المرض وطول ملازمته.,سقم,فَعَلٌ,roots-4662:سقم:المحكم — المعاني,roots-4662:سقم:مقاييس — المحور,roots-4662:سقم:الأساس — المجاز,سَقَم,APPROVED,,
AR02551,دَاء,اسم جامد,239,4384;10363,اسم جامع لكل مرض.,دوء,فَعَلٌ,roots-4662:دوء:المحكم — المعاني,,,دَاء,APPROVED,,يُذكر في المعاجم في مادة دوأ
AR02553,يَرَقَان,اسم جامد,239,4387,اصفرار الجلد وبياض العين لزيادة صبغ الصفراء في الدم.,يرق,فَعَلانٌ,v21:يرق:المحكم — المعاني,,,يَرَقَان,APPROVED,,ويقال أَرَقَان
AR02555,اِبْيِضَاض الدَّم,تركيب,239,4389,داء خبيث في نقيّ العظم يكثر فيه إنتاج كريات بيض غير سوية.,,,,,,اِبْيِضَاض الدَّم,APPROVED,,
AR02556,سَرَطَان الدَّم,تركيب,239,4389,اسم شائع لابيضاض الدم.,,,,,,سَرَطَان الدَّم,APPROVED,,
AR02558,حُمَّى المُسْتَنْقَعَات,تركيب,239,4390,اسم شائع للحمّى التي ينقلها البعوض في البلاد الحارة.,,,,,,حُمَّى المُسْتَنْقَعَات,APPROVED,,
AR02560,اِلْتِهَاب السَّحَايَا,تركيب,239,4392,التهاب الأغشية المحيطة بالدماغ والنخاع.,,,,,,اِلْتِهَاب السَّحَايَا,APPROVED,,
AR02561,غَزَارَة الطَّمْث,تركيب,239,4393,كثرة دم الحيض فوق المعتاد.,,,,,,غَزَارَة الطَّمْث,APPROVED,,
AR02562,شَلَل الأَطْفَال,تركيب,239,4394,داء فيروسي يصيب النخاع الشوكي وقد يورث الشلل، وأكثر ما يصيب الصغار.,,,,,,شَلَل الأَطْفَال,APPROVED,,
AR02564,اِلْتِهَاب الحُوَيْضَة وَالكُلْيَة,تركيب,239,4396,عدوى تصيب الكلية وحوضها.,,,,,,اِلْتِهَاب الحُوَيْضَة وَالكُلْيَة,APPROVED,,
AR02565,عُدّ وَرْدِيّ,تركيب,239,4397,علة في الوجه تتسع فيها أوعية دموية دقيقة فيحمرّ الخدّان والأنف.,,,,,,عُدّ وَرْدِيّ,APPROVED,,
AR02566,فُصَام,اسم جامد,239,4398,اضطراب عقلي مزمن تنفصم فيه صلة التفكير بالانفعال والسلوك فيضطرب إدراك الواقع.,فصم,فُعَالٌ,roots-4662:فصم:المحكم — المعاني,roots-4662:فصم:مقاييس — المحور,,فُصَام,APPROVED,,
AR02567,اِنْفِصَام الشَّخْصِيَّة,تركيب,239,4398,اسم شائع للفصام.,,,,,,اِنْفِصَام الشَّخْصِيَّة,APPROVED,,
AR02568,عِرْق النَّسَا,تركيب,239,4399,وجع يمتدّ من أسفل الظهر إلى الورك وظاهر الساق لانضغاط أصل عصب.,,,,,,عِرْق النَّسَا,APPROVED,,
AR02571,ضَغْط نَفْسِيّ,تركيب,239,4401,توتّر نفسي ينشأ من كثرة الأعباء والمخاوف.,,,,,,ضَغْط نَفْسِيّ,APPROVED,,
AR02572,زُهْرِيّ,اسم منسوب,239,4403,داء جرثومي ينتقل بالاتصال الجنسي ويتقدّم من الجلد إلى العظام والدماغ إن لم يعالج.,زهر,فُعْلِيٌّ,roots-4662:زهر:المحكم — المعاني,roots-4662:زهر:مقاييس — المحور,roots-4662:زهر:الأساس — المجاز,زُهْرِيّ,APPROVED,,POS_L2_007:NISBA; يستعمل اسماً للداء | WAZN ← L2_007 نسبة فُعْلٌ
AR02573,كُزَاز,اسم جامد,239,4404,داء جرثومي تتشنّج فيه العضلات الإرادية وتتصلّب.,كزز,فُعَالٌ,roots-4662:كزز:المحكم — المعاني,roots-4662:كزز:مقاييس — المحور,roots-4662:كزز:الأساس — المجاز,كُزَاز,APPROVED,,
AR02574,سُلّ,اسم جامد,239,4405,داء جرثومي معدٍ تنشأ فيه درنات في الأنسجة وأكثره في الرئة.,سلل,فُعْلٌ,roots-4662:سلل:المحكم — المعاني,roots-4662:سلل:مقاييس — المحور,,سُلّ,APPROVED,,
AR02575,تَدَرُّن,مصدر,239,4405,اسم علمي للسلّ بنشوء الدرنات في الأنسجة.,درن,تَفَعُّلٌ,roots-4662:درن:المحكم — المعاني,roots-4662:درن:مقاييس — المحور,,تَدَرُّن,APPROVED,,WAZN ← L2_006 مص من تَفَعَّلَ
AR02576,وَرَم,مصدر,239,4406,انتفاخ في موضع من البدن من نموّ زائد في أنسجته، حميداً أو خبيثاً.,ورم,فَعَلٌ,roots-4662:ورم:المحكم — المعاني,roots-4662:ورم:مقاييس — النص,,وَرَم,APPROVED,,
AR02577,قُرْحَة,اسم جامد,239,4407,جرح مفتوح على سطح البدن أو باطنه لا يلتئم.,قرح,فُعْلَةٌ,roots-4662:قرح:المحكم — المعاني,roots-4662:قرح:مقاييس — المحور,roots-4662:قرح:الأساس — المجاز,قُرْحَة,APPROVED,,WAZN_L2_005 ← فُعْلٌ
AR02579,حَصْبَة أَلْمَانِيَّة,تركيب,239,4559;4970,اسم شائع للحميراء.,,,,,,حَصْبَة أَلْمَانِيَّة,APPROVED,,
AR02580,نُكَاف,اسم جامد,239,4560,داء فيروسي يصيب الصغار غالباً فتنتفخ الغدتان اللعابيتان تحت الأذنين.,نكف,فُعَالٌ,roots-4662:نكف:المحكم — المعاني,roots-4662:نكف:مقاييس — المحور,,نُكَاف,APPROVED,,
AR02581,اِلْتِهَاب السَّحَايَا الجُرْثُومِيّ,تركيب,239,4809,التهاب أغشية الدماغ والنخاع بسبب جرثومة لا فيروس.,,,,,,اِلْتِهَاب السَّحَايَا الجُرْثُومِيّ,APPROVED,,
AR02582,وَعْكَة,اسم جامد,239,10361,مرض خفيف عارض.,وعك,فَعْلَةٌ,roots-4662:وعك:المحكم — المعاني,roots-4662:وعك:مقاييس — المحور,roots-4662:وعك:الأساس — المجاز,وَعْكَة,APPROVED,,WAZN_L2_005 ← فَعْلٌ
AR02584,كَلْم,مصدر,239,10362,الجرح.,كلم,فَعْلٌ,roots-4662:كلم:المحكم — المعاني,roots-4662:كلم:مقاييس — المحور,roots-4662:كلم:الأساس — المجاز,كَلْم,APPROVED,,
AR02585,حَالَة مَرَضِيَّة,تركيب,239,10364,علّة أو مشكلة صحية بعينها.,,,,,,حَالَة مَرَضِيَّة,APPROVED,,
AR02586,مُتَلَازِمَة,اسم فاعل,239,11239,علة تُعرف باجتماع أعراض بعينها معاً.,لزم,مُتَفَاعِلَةٌ,roots-4662:لزم:المحكم — المعاني,roots-4662:لزم:مقاييس — المحور,roots-4662:لزم:الأساس — المجاز,مُتَلَازِمَة,APPROVED,,مؤنث اسم الفاعل مستعمل اسماً | WAZN ← L2_005 مؤنث مُتَفَاعِلٌ
AR02588,مَرِيض,صفة مشبهة,239,13088;13089,من أصابه مرض في بدنه أو نفسه.,مرض,فَعِيلٌ,roots-4662:مرض:المحكم — المعاني,,roots-4662:مرض:الأساس — المجاز,مَرِيض,APPROVED,,
AR02589,سَقِيم,صفة مشبهة,239,13088,من طال به المرض.,سقم,فَعِيلٌ,roots-4662:سقم:المحكم — المعاني,roots-4662:سقم:مقاييس — المحور,roots-4662:سقم:الأساس — المجاز,سَقِيم,APPROVED,,
AR02591,مَوْعُوك,اسم مفعول,239,13090,من أصابته وعكة فليس على تمام صحته.,وعك,مَفْعُولٌ,roots-4662:وعك:المحكم — المعاني,roots-4662:وعك:مقاييس — المحور,roots-4662:وعك:الأساس — المجاز,مَوْعُوك,APPROVED,,
AR02592,مُتَوَعِّك,اسم فاعل,239,13090,من أصابته وعكة.,وعك,مُتَفَعِّلٌ,roots-4662:وعك:المحكم — المعاني,roots-4662:وعك:مقاييس — المحور,roots-4662:وعك:الأساس — المجاز,مُتَوَعِّك,APPROVED,,WAZN ← L2_006 فا من تَفَعَّلَ
AR02596,سُوء التَّغْذِيَة,تركيب,239,14521;14555,حال البدن إذا لم ينل من الغذاء كفايته أو ما يصلحه.,,,,,,سُوء التَّغْذِيَة,APPROVED,,
AR02597,نَقْص التَّغْذِيَة,تركيب,239,14555,قلّة ما ينال البدن من الغذاء عن حاجته.,,,,,,نَقْص التَّغْذِيَة,APPROVED,,
AR02598,مُقْعَد,اسم مفعول,239,14760,من لا يقدر على القيام والمشي لعلة في رجليه.,قعد,مُفْعَلٌ,roots-4662:قعد:المحكم — المعاني,roots-4662:قعد:مقاييس — المحور,roots-4662:قعد:الأساس — المجاز,مُقْعَد,APPROVED,,أعمّ من الشلل النصفي السفلي
AR02599,مَشْلُول,اسم مفعول,239,14760,من ذهبت حركة بعض أعضائه.,شلل,مَفْعُولٌ,v21:شلل:المحكم — المعاني,v21:شلل:مقاييس — المحور,v21:شلل:الأساس — المجاز,مَشْلُول,APPROVED,,أعمّ من الشلل النصفي السفلي
AR02600,سَلِيم,صفة مشبهة,239,15263,من كان في عافية لا مرض به.,سلم,فَعِيلٌ,roots-4662:سلم:المحكم — المعاني,roots-4662:سلم:مقاييس — المحور,roots-4662:سلم:الأساس — المجاز,سَلِيم,APPROVED,,
AR02603,مُتَلَازِمَة نَقْص المَنَاعَة المُكْتَسَب,تركيب,239,15302,داء فيروسي ينتقل بسوائل البدن ويذهب بمناعة الجسم فيعرّضه للعدوى والأورام.,,,,,,مُتَلَازِمَة نَقْص المَنَاعَة المُكْتَسَب,APPROVED,,
AR02604,مَرَض أَلْزْهَايْمَر,تركيب,239,15303,تدهور عقلي متزايد من تلف عام في الدماغ يصيب في الكهولة والشيخوخة.,,,,,,مَرَض أَلْزْهَايْمَر,APPROVED,,تركيب بعَلَم أعجمي؛ لا لفظ أصيل
AR02612,فَالِج,اسم جامد,239,,استرخاء يصيب أحد شقّي البدن فيذهب بحركته.,فلج,فَاعِلٌ,roots-4662:فلج:المحكم — المعاني,roots-4662:فلج:مقاييس — المحور,,فَالِج,APPROVED,,AR_ONLY
AR02614,شَارِد الذِّهْن,تركيب,29,372,من يغيب ذهنه عمّا حوله فيكثر سهوه.,,,,,,شَارِد الذِّهْن,APPROVED,,
AR02615,ذَاهِل,اسم فاعل,29,372,من غفل عن الشيء ونسيه لانشغال ذهنه.,ذهل,فَاعِلٌ,roots-4662:ذهل:المحكم — المعاني,roots-4662:ذهل:مقاييس — المحور,,ذَاهِل,APPROVED,,
AR02616,سَخِيف,صفة مشبهة,29,373;403;409;413;416,ما لا يقبله العقل ولا يليق لخروجه عن المعقول.,سخف,فَعِيلٌ,roots-4662:سخف:المحكم — المعاني,roots-4662:سخف:مقاييس — المحور,,سَخِيف,APPROVED,,
AR02617,سَخَافَة,مصدر,29,374,خروج الشيء عن المعقول واللائق.,سخف,فَعَالَةٌ,roots-4662:سخف:المحكم — المعاني,roots-4662:سخف:مقاييس — المحور,,سَخَافَة,APPROVED,,WAZN ← L2_015 المالك
AR02619,فَطِن,صفة مشبهة,29,375;414;420,من يدرك الأمور والناس على حقيقتها بسرعة.,فطن,فَعِلٌ,roots-4662:فطن:المحكم — المعاني,roots-4662:فطن:مقاييس — المحور,,فَطِن,APPROVED,,
AR02621,فِطْنَة,مصدر,29,376;13859,سرعة الإدراك وجودة الفهم.,فطن,فِعْلَةٌ,roots-4662:فطن:المحكم — المعاني,roots-4662:فطن:مقاييس — المحور,,فِطْنَة,APPROVED,,WAZN_L2_005 ← فِعْلٌ
AR02624,عَدِيم العَقْل,تركيب,29,377,من لا عقل له يزن به الأمور.,,,,,,عَدِيم العَقْل,APPROVED,,
AR02625,نُبُوغ,مصدر,29,378,ظهور الذكاء والموهبة ظهوراً فائقاً.,نبغ,فُعُولٌ,roots-4662:نبغ:المحكم — المعاني,roots-4662:نبغ:مقاييس — المحور,roots-4662:نبغ:الأساس — المجاز,نُبُوغ,APPROVED,,WAZN ← L2_015 المالك
AR02626,عَبْقَرِيَّة,مصدر,29,378,ذكاء فائق وموهبة نادرة.,عبقر,فَعْلَلِيَّةٌ,,,,عَبْقَرِيَّة,APPROVED,,مصدر صناعي | WAZN ← L2_007 نسبة فَعْلَلٌ
AR02627,نَابِغ,اسم فاعل,29,379,من ظهر ذكاؤه وموهبته على أقرانه.,نبغ,فَاعِلٌ,roots-4662:نبغ:المحكم — المعاني,roots-4662:نبغ:مقاييس — المحور,roots-4662:نبغ:الأساس — المجاز,نَابِغ,APPROVED,,
AR02628,عَبْقَرِيّ,اسم منسوب,29,379,الفائق في ذكائه وموهبته.,عبقر,فَعْلَلِيٌّ,,,,عَبْقَرِيّ,APPROVED,,POS_L2_007:NISBA | WAZN ← L2_007 نسبة فَعْلَلٌ
AR02629,أَلْمَعِيّ,اسم منسوب,29,379,الذكي المتوقّد الذي يصيب بظنّه.,لمع,أَفْعَلِيٌّ,roots-4662:لمع:المحكم — المعاني,roots-4662:لمع:مقاييس — المحور,roots-4662:لمع:الأساس — المجاز,أَلْمَعِيّ,APPROVED,,POS_L2_007:NISBA | WAZN ← L2_007 نسبة أَفْعَلُ
AR02630,وَاسِع الأُفُق,تركيب,29,380,من يتّسع فكره لآراء غيره ويتقبّلها.,,,,,,وَاسِع الأُفُق,APPROVED,,
AR02631,مُتَسَامِح,اسم فاعل,29,380,من يتقبّل آراء غيره ولا يضيق بها.,سمح,مُتَفَاعِلٌ,roots-4662:سمح:المحكم — المعاني,roots-4662:سمح:مقاييس — المحور,roots-4662:سمح:الأساس — المجاز,مُتَسَامِح,APPROVED,,WAZN ← L2_006 فا من تَفَاعَلَ
AR02633,مُكَابِر,اسم فاعل,29,381,من يصرّ على رأيه وإن ظهر له خطؤه.,كبر,مُفَاعِلٌ,roots-4662:كبر:المحكم — المعاني,roots-4662:كبر:مقاييس — المحور,roots-4662:كبر:الأساس — المجاز,مُكَابِر,APPROVED,,
AR02635,مُهْمِل,اسم فاعل,29,383;404,من لا يعتني بما يجب عليه ولا يحترز من الخطأ.,همل,مُفْعِلٌ,roots-4662:همل:المحكم — المعاني,roots-4662:همل:مقاييس — النص,roots-4662:همل:الأساس — المجاز,مُهْمِل,APPROVED,,WAZN ← L2_006 فا من أَفْعَلَ
AR02636,مُفَرِّط,اسم فاعل,29,383,من يقصّر فيما يجب أن يحفظه أو يعتني به.,فرط,مُفَعِّلٌ,roots-4662:فرط:المحكم — المعاني,roots-4662:فرط:مقاييس — المحور,roots-4662:فرط:الأساس — المجاز,مُفَرِّط,APPROVED,,WAZN ← L2_006 فا من فَعَّلَ
AR02637,إِهْمَال,مصدر,29,384,ترك العناية بما يجب الاعتناء به.,همل,إِفْعَالٌ,roots-4662:همل:المحكم — المعاني,roots-4662:همل:مقاييس — النص,roots-4662:همل:الأساس — المجاز,إِهْمَال,APPROVED,,
AR02638,تَفْرِيط,مصدر,29,384,التقصير في حفظ الشيء والعناية به.,فرط,تَفْعِيلٌ,roots-4662:فرط:المحكم — المعاني,roots-4662:فرط:مقاييس — المحور,roots-4662:فرط:الأساس — المجاز,تَفْرِيط,APPROVED,,
AR02639,مَاكِر,اسم فاعل,29,385;387;400,من يحتال ويخدع لينال مراده.,مكر,فَاعِلٌ,roots-4662:مكر:المحكم — المعاني,roots-4662:مكر:مقاييس — المحور,,مَاكِر,APPROVED,,
AR02640,مُخَادِع,اسم فاعل,29,385,من يظهر خلاف ما يضمر ليوقع بغيره.,خدع,مُفَاعِلٌ,roots-4662:خدع:المحكم — المعاني,roots-4662:خدع:مقاييس — النص,roots-4662:خدع:الأساس — المجاز,مُخَادِع,APPROVED,,
AR02644,سَيِّئ الظَّنّ,تركيب,29,388,من لا يثق بالناس ويحمل نواياهم على الشر.,,,,,,سَيِّئ الظَّنّ,APPROVED,,
AR02649,غَبِيّ,صفة مشبهة,29,391;6479,قليل الفطنة ضعيف الفهم.,غبي,فَعِيلٌ,v21:غبي:المحكم — المعاني,v21:غبي:مقاييس — المحور,,غَبِيّ,APPROVED,,ويُذكر أيضاً في غبو
AR02650,غَامِض,اسم فاعل,29,392,ما لم يتّضح في الذهن ولم يُستحضر جليّاً.,غمض,فَاعِلٌ,roots-4662:غمض:المحكم — المعاني,roots-4662:غمض:مقاييس — المحور,roots-4662:غمض:الأساس — المجاز,غَامِض,APPROVED,,
AR02654,تَمْيِيز,مصدر,29,394;16498,القدرة على الفصل بين الحسن والقبيح والصواب والخطأ.,ميز,تَفْعِيلٌ,roots-4662:ميز:المحكم — المعاني,roots-4662:ميز:مقاييس — المحور,roots-4662:ميز:الأساس — المجاز,تَمْيِيز,APPROVED,,
AR02655,مُسْتَنِير,اسم فاعل,29,395,من أضاء عقله بالعلم والمعرفة.,نور,مُسْتَفْعِلٌ,roots-4662:نور:المحكم — المعاني,roots-4662:نور:مقاييس — المحور,,مُسْتَنِير,APPROVED,,معتل العين؛ وزنه الصرفي مُسْتَفْعِل ولفظه مُسْتَفِيل | WAZN ← L2_006 فا من اِسْتَفْعَلَ
AR02657,اِسْتِنَارَة,مصدر,29,396,حال من أضاء عقله بالعلم والمعرفة.,نور,اِسْتِفْعَالٌ,roots-4662:نور:المحكم — المعاني,roots-4662:نور:مقاييس — المحور,,اِسْتِنَارَة,APPROVED,,معتل العين؛ لفظه اِسْتِفَالَة | WAZN ← L2_006 مص من اِسْتَفْعَلَ
AR02658,وَعْي,مصدر,29,396,إدراك المرء لما حوله وفهمه له.,وعي,فَعْلٌ,roots-4662:وعي:المحكم — المعاني,roots-4662:وعي:مقاييس — المحور,,وَعْي,APPROVED,,
AR02659,سَفِيه,صفة مشبهة,29,397,خفيف العقل لا يحسن التصرّف.,سفه,فَعِيلٌ,roots-4662:سفه:المحكم — المعاني,roots-4662:سفه:مقاييس — المحور,roots-4662:سفه:الأساس — المجاز,سَفِيه,APPROVED,,
AR02661,سَفَه,مصدر,29,398,خفّة العقل وسوء التصرّف.,سفه,فَعَلٌ,roots-4662:سفه:المحكم — المعاني,roots-4662:سفه:مقاييس — المحور,roots-4662:سفه:الأساس — المجاز,سَفَه,APPROVED,,
AR02663,نَسِيّ,صفة مشبهة,29,399,كثير النسيان.,نسي,فَعِيلٌ,roots-4662:نسي:المحكم — المعاني,roots-4662:نسي:مقاييس — المحور,,نَسِيّ,APPROVED,,POS_L2_007:MUBALAGHA | L2_009: صيغة مبالغة مقصورة على فَعَّال → صفة مشبهة
AR02664,كَثِير النِّسْيَان,تركيب,29,399,من يغلب عليه أن ينسى.,,,,,,كَثِير النِّسْيَان,APPROVED,,
AR02666,أَخْرَق,صفة مشبهة,29,401,من لا يحسن التصرّف لحمقه.,خرق,أَفْعَلُ,roots-4662:خرق:المحكم — المعاني,roots-4662:خرق:مقاييس — المحور,roots-4662:خرق:الأساس — المجاز,أَخْرَق,APPROVED,,
AR02668,غَيْر مَدْرُوس,تركيب,29,402,ما لم يُقلَّب فيه النظر قبل إمضائه.,,,,,,غَيْر مَدْرُوس,APPROVED,,
AR02670,غَافِل,اسم فاعل,29,404,من لا ينتبه لحاجات غيره ورغباتهم.,غفل,فَاعِلٌ,roots-4662:غفل:المحكم — المعاني,roots-4662:غفل:مقاييس — المحور,,غَافِل,APPROVED,,
AR02673,نَافِذ البَصِيرَة,تركيب,29,406,من يدرك بواطن الأمور إدراكاً عميقاً واضحاً.,,,,,,نَافِذ البَصِيرَة,APPROVED,,
AR02674,ذَكِيّ,صفة مشبهة,29,407;421,سريع الفهم حادّ العقل.,ذكو,فَعِيلٌ,roots-4662:ذكو:المحكم — المعاني,,,ذَكِيّ,APPROVED,,
AR02676,غَيْر عَقْلَانِيّ,تركيب,29,408,ما لا يجري على مقتضى العقل والمنطق.,,,,,,غَيْر عَقْلَانِيّ,APPROVED,,
AR02677,مُضْحِك,اسم فاعل,29,409;416,ما يثير السخرية لبعده عن المعقول.,ضحك,مُفْعِلٌ,v21:ضحك:المحكم — المعاني,v21:ضحك:مقاييس — النص,v21:ضحك:الأساس — المجاز,مُضْحِك,APPROVED,,WAZN ← L2_006 فا من أَفْعَلَ
AR02678,مَعْتُوه,اسم مفعول,29,410,ناقص العقل مختلّه.,عته,مَفْعُولٌ,v21:عته:المحكم — المعاني,,,مَعْتُوه,APPROVED,,
AR02679,غِرّ,صفة مشبهة,29,411,من لم يجرّب الأمور فتنقصه الخبرة والحكمة.,غرر,فِعْلٌ,roots-4662:غرر:المحكم — المعاني,roots-4662:غرر:مقاييس — المحور,roots-4662:غرر:الأساس — المجاز,غِرّ,APPROVED,,
AR02680,غَرِير,صفة مشبهة,29,411,الغافل الذي لم يجرّب الأمور.,غرر,فَعِيلٌ,roots-4662:غرر:المحكم — المعاني,roots-4662:غرر:مقاييس — المحور,roots-4662:غرر:الأساس — المجاز,غَرِير,APPROVED,,
AR02681,ضَيِّق الأُفُق,تركيب,29,412,من لا يتّسع فكره لآراء غيره.,,,,,,ضَيِّق الأُفُق,APPROVED,,
AR02684,لَمَّاح,صيغة مبالغة,29,414,سريع الإدراك يلمح الأمر من بعيد.,لمح,فَعَّالٌ,roots-4662:لمح:المحكم — المعاني,roots-4662:لمح:مقاييس — المحور,roots-4662:لمح:الأساس — المجاز,لَمَّاح,APPROVED,,POS_L2_007:MUBALAGHA
AR02685,رَشِيد,صفة مشبهة,29,415;418;419,من اهتدى إلى الصواب في رأيه وتدبيره.,رشد,فَعِيلٌ,roots-4662:رشد:المحكم — المعاني,roots-4662:رشد:مقاييس — المحور,roots-4662:رشد:الأساس — المجاز,رَشِيد,APPROVED,,
AR02687,لَبِيب,صفة مشبهة,29,417,العاقل الذي يحسن النظر في الأمور.,لبب,فَعِيلٌ,roots-4662:لبب:المحكم — المعاني,roots-4662:لبب:مقاييس — المحور,roots-4662:لبب:الأساس — المجاز,لَبِيب,APPROVED,,
AR02689,نَبِيه,صفة مشبهة,29,421,الفطن الحاضر الذهن.,نبه,فَعِيلٌ,roots-4662:نبه:المحكم — المعاني,roots-4662:نبه:مقاييس — المحور,roots-4662:نبه:الأساس — المجاز,نَبِيه,APPROVED,,
AR02690,غَيْر مَعْقُول,تركيب,29,422,ما لا يقوم على رأي سديد.,,,,,,غَيْر مَعْقُول,APPROVED,,
AR02691,بِغَبَاء,تركيب,29,13447,على وجه يدلّ على قلّة الفهم.,,,,,,بِغَبَاء,APPROVED,,
AR02692,بِحُمْق,تركيب,29,13447,على وجه يدلّ على قلّة العقل.,,,,,,بِحُمْق,APPROVED,,
AR02693,بِتَعَصُّب,تركيب,29,13448,على وجه لا يقبل رأي الآخرين.,,,,,,بِتَعَصُّب,APPROVED,,
AR02694,بِإِهْمَال,تركيب,29,13449,دون عناية كافية.,,,,,,بِإِهْمَال,APPROVED,,
AR02695,بِفِطْنَة,تركيب,29,13450,بإدراك حادّ سريع.,,,,,,بِفِطْنَة,APPROVED,,
AR02696,بِبَصِيرَة,تركيب,29,13451,بفهم عميق نافذ.,,,,,,بِبَصِيرَة,APPROVED,,
AR02697,ذَكَاء,مصدر,29,13859,حدّة الفهم وسرعته وقدرة العقل على الابتكار.,ذكو,فَعَالٍ,roots-4662:ذكو:المحكم — المعاني,,,ذَكَاء,APPROVED,,WAZN ← SIBAWAYH_EXISTS
AR02698,مَنْهُوم,اسم مفعول,29,15111,المولع بطلب العلم لا يشبع منه.,نهم,مَفْعُولٌ,roots-4662:نهم:المحكم — المعاني,roots-4662:نهم:مقاييس — المحور,roots-4662:نهم:الأساس — المجاز,مَنْهُوم,APPROVED,,يستعمل في هذا المعنى مقيداً بالعلم
AR02699,بِعِنَايَة,تركيب,29,15243,مع إعطاء الأمر حقّه من الانتباه.,,,,,,بِعِنَايَة,APPROVED,,
AR02700,بِحِرْص,تركيب,29,15243,مع شدّة الاحتراز من الخطأ.,,,,,,بِحِرْص,APPROVED,,
AR02703,مُرْتَاب,اسم فاعل,29,16025,من يشكّ في الناس ولا يأمنهم.,ريب,مُفْتَعِلٌ,roots-4662:ريب:المحكم — المعاني,roots-4662:ريب:مقاييس — المحور,,مُرْتَاب,APPROVED,,WAZN ← L2_006 فا من اِفْتَعَلَ
AR02705,رُشْد,مصدر,29,16498,إدراك الصواب من الخطأ في الأمور.,رشد,فُعْلٌ,roots-4662:رشد:المحكم — المعاني,roots-4662:رشد:مقاييس — المحور,roots-4662:رشد:الأساس — المجاز,رُشْد,APPROVED,,
AR02706,حِسّ سَلِيم,تركيب,29,16515,معرفة عملية بالصواب تحصل بالتجربة.,,,,,,حِسّ سَلِيم,APPROVED,,
AR02707,فَهِيم,صفة مشبهة,29,,سريع الفهم جيّده.,فهم,فَعِيلٌ,roots-4662:فهم:المحكم — المعاني,roots-4662:فهم:مقاييس — النص,,فَهِيم,APPROVED,,AR_ONLY
AR02708,رَزِين,صفة مشبهة,29,,الوقور الثابت الرأي.,رزن,فَعِيلٌ,roots-4662:رزن:المحكم — المعاني,roots-4662:رزن:مقاييس — المحور,roots-4662:رزن:الأساس — المجاز,رَزِين,APPROVED,,AR_ONLY
AR02709,سَدِيد الرَّأْي,تركيب,29,,من يصيب رأيه الصواب غالباً.,,,,,,سَدِيد الرَّأْي,APPROVED,,AR_ONLY
AR02710,مُغَفَّل,اسم مفعول,29,,من لا فطنة له فيسهل خداعه.,غفل,مُفَعَّلٌ,roots-4662:غفل:المحكم — المعاني,roots-4662:غفل:مقاييس — المحور,,مُغَفَّل,APPROVED,,AR_ONLY | WAZN ← L2_006 مف من فَعَّلَ
AR02712,نُهَيْر,اسم جامد,191,3404;3525;3526,نهرٌ صغير قليل الماء، وهو تصغير النهر.,نهر,فُعَيْلٌ,roots-4662:نهر:المحكم — المعاني,roots-4662:نهر:مقاييس — المحور,,نُهَيْر,APPROVED,,تصغير نَهْر | WAZN ← L2_015 المالك
AR02714,رَابِيَة,اسم فاعل,191,3405,ما ارتفع من الأرض ارتفاعاً يسيراً.,ربو,فَاعِلَةٌ,roots-4662:ربو:المحكم — المعاني,,roots-4662:ربو:الأساس — المجاز,رَابِيَة,APPROVED,,WAZN_L2_005 ← فَاعِلٌ
AR02717,رَبْوَة,اسم جامد,191,3409;3534;3583,ما ارتفع من الأرض قليلاً واستوى.,ربو,فَعْلَةٌ,roots-4662:ربو:المحكم — المعاني,,roots-4662:ربو:الأساس — المجاز,رَبْوَة,APPROVED,,ويقال رُبْوة ورِبْوة | WAZN_L2_005 ← فَعْلٌ
AR02719,سِلْسِلَة جَبَلِيَّة,تركيب,191,3410;3572,جبال متتابعة متصلة يمتد بعضها إثر بعض.,,,,,,سِلْسِلَة جَبَلِيَّة,APPROVED,,تقريب: لا لفظ يخصّ منظومة السلاسل المتوازية
AR02723,بُحَيْرَة جَبَلِيَّة,تركيب,191,3413,بحيرة صغيرة تقع بين الجبال أو في أعاليها.,,,,,,بُحَيْرَة جَبَلِيَّة,APPROVED,,
AR02724,خَوْر,اسم جامد,191,3414;3417;3512,لسانٌ من ماء البحر أو النهر يدخل في اليابسة، وهو مصبّ الماء في البحر.,خور,فَعْلٌ,roots-4662:خور:المحكم — المعاني,roots-4662:خور:مقاييس — المحور,roots-4662:خور:الأساس — المجاز,خَوْر,APPROVED,,
AR02726,وَادِي,اسم فاعل,191,3415;3496;3567;3576;13553,منفرج منخفض من الأرض بين الجبال أو التلال يكون مسيلاً للماء.,ودي,فَاعِلٌ,roots-4662:ودي:المحكم — المعاني,roots-4662:ودي:مقاييس — النص,roots-4662:ودي:الأساس — المجاز,وَادِي,APPROVED,,لفظه منقوص؛ يكتب بلا تنوين وادي
AR02727,صَدْع جَلِيدِيّ,تركيب,191,3416,شقّ عميق مفتوح في كتلة الجليد أو النهر الجليدي.,,,,,,صَدْع جَلِيدِيّ,APPROVED,,
AR02729,نَهْر,اسم جامد,191,3497,مجرى ماء عذب كبير يجري في مسيل حتى يصبّ في بحر أو بحيرة أو نهر آخر.,نهر,فَعْلٌ,roots-4662:نهر:المحكم — المعاني,roots-4662:نهر:مقاييس — المحور,,نَهْر,APPROVED,,
AR02732,شِبْه جَزِيرَة,تركيب,191,3501,أرضٌ يحيط بها الماء من جهات ثلاث وتتصل باليابسة من جهة.,,,,,,شِبْه جَزِيرَة,APPROVED,,
AR02733,فِيُورْد,اسم جامد,191,3502,لسان بحري طويل ضيق عميق بين جروف عالية نحتته الأنهار الجليدية.,,,,,,فِيُورْد,APPROVED,,دخيل/معرّب لا جذر عربي له؛ مستقر في الفصحى المعاصرة ولا لفظ عربي أصيل مفرد يؤديه
AR02734,نُتُوء صَخْرِيّ,تركيب,191,3503,كتلة صخرية بارزة ظاهرة على سطح الأرض.,,,,,,نُتُوء صَخْرِيّ,APPROVED,,
AR02736,أَرْخَبِيل,اسم جامد,191,3505,مجموعة كبيرة من الجزر المتقاربة في رقعة بحرية واحدة.,,,,,,أَرْخَبِيل,APPROVED,,دخيل/معرّب لا جذر عربي له؛ مستقر في الفصحى المعاصرة ولا لفظ عربي أصيل مفرد يؤديه
AR02737,جُرْف صَخْرِيّ,تركيب,191,3506,صخرة شاهقة وعرة شديدة الانحدار.,,,,,,جُرْف صَخْرِيّ,APPROVED,,
AR02738,نَهْر جَلِيدِيّ,تركيب,191,3507,كتلة ضخمة من الجليد تتكوّن من تراكم الثلج وتنساب ببطء.,,,,,,نَهْر جَلِيدِيّ,APPROVED,,
AR02739,أُخْدُود,اسم جامد,191,3508,شقّ عميق مستطيل في الأرض، وكثيراً ما يجري في قاعه نهر.,خدد,أُفْعُولٌ,roots-4662:خدد:المحكم — المعاني,roots-4662:خدد:مقاييس — المحور,,أُخْدُود,APPROVED,,
AR02742,خَلِيج,اسم جامد,191,3511;14535,جزء من البحر يتوغّل في اليابسة فتحيط به من أكثر جهاته.,خلج,فَعِيلٌ,roots-4662:خلج:المحكم — المعاني,roots-4662:خلج:مقاييس — المحور,roots-4662:خلج:الأساس — المجاز,خَلِيج,APPROVED,,
AR02744,قَنَاة,اسم جامد,191,3514,ممرّ مائي طبيعي أوسع من المضيق يصل بين بحرين.,قنو,فَعَلَةٌ,,,roots-4662:قنو:الأساس — المجاز,قَنَاة,APPROVED,,ويُذكر في الجذر قني أيضاً | WAZN_L2_005 ← فَعَلٌ
AR02745,رَأْس,اسم جامد,191,3515,طرفٌ من اليابسة داخلٌ في البحر.,رءس,فَعْلٌ,roots-4662:رءس:المحكم — المعاني,roots-4662:رءس:مقاييس — المحور,roots-4662:رءس:الأساس — المجاز,رَأْس,APPROVED,,
AR02748,مَغَارَة,اسم مكان,191,3517;3518,تجويف كبير غائر في الجبل أو تحت الأرض.,غور,مَفْعَلَةٌ,roots-4662:غور:المحكم — المعاني,roots-4662:غور:مقاييس — المحور,roots-4662:غور:الأساس — المجاز,مَغَارَة,APPROVED,,اسم مكان؛ لا فئة له في القائمة المغلقة فوُضع اسماً جامداً — OWNER_ALERT | WAZN_L2_005 ← مَفْعَلٌ | POS_L2_007:MAKAN (من نص الملاحظة)
AR02749,جَبَل جَلِيدِيّ,تركيب,191,3519;3520,كتلة ضخمة من الجليد طافية في البحر.,,,,,,جَبَل جَلِيدِيّ,APPROVED,,
AR02750,شَلَّال,اسم جامد,191,3521;3522;3524;15210,ماءٌ ينحدر من مكان عالٍ حين يجري النهر على حافة شديدة الانحدار.,شلل,فَعَّالٌ,v21:شلل:المحكم — المعاني,v21:شلل:مقاييس — المحور,v21:شلل:الأساس — المجاز,شَلَّال,APPROVED,,
AR02752,يَنْبُوع,اسم جامد,191,3523,مخرج الماء الذي يتفجّر من الأرض.,نبع,يَفْعُولٌ,roots-4662:نبع:المحكم — المعاني,roots-4662:نبع:مقاييس — المحور,roots-4662:نبع:الأساس — المجاز,يَنْبُوع,APPROVED,,
AR02753,جَزِيرَة مَرْجَانِيَّة,تركيب,191,3527,جزيرة أو سلسلة جزر حلقية الشكل تكوّنت من المرجان.,,,,,,جَزِيرَة مَرْجَانِيَّة,APPROVED,,
AR02754,طَوْف جَلِيدِيّ,تركيب,191,3528,صفيحة منبسطة من الجليد طافية على الماء.,,,,,,طَوْف جَلِيدِيّ,APPROVED,,
AR02755,كَثِيب,اسم جامد,191,3529,تلّ من الرمل تجمعه الريح.,كثب,فَعِيلٌ,roots-4662:كثب:المحكم — المعاني,roots-4662:كثب:مقاييس — المحور,roots-4662:كثب:الأساس — المجاز,كَثِيب,APPROVED,,
AR02757,كُتْلَة جَبَلِيَّة,تركيب,191,3530,مجموعة متراصّة من الجبال تشكّل كتلة واحدة.,,,,,,كُتْلَة جَبَلِيَّة,APPROVED,,
AR02758,قَارَة,اسم جامد,191,3532;3535,جُبَيْل صغير منقطع عن الجبال، مستوي الأعلى، شديد الجوانب.,قور,فَعَلَةٌ,roots-4662:قور:المحكم — المعاني,roots-4662:قور:مقاييس — المحور,roots-4662:قور:الأساس — المجاز,قَارَة,APPROVED,,أصله قَوَرَة | WAZN_L2_005 ← فَعَلٌ
AR02759,نَجْد,اسم جامد,191,3533;3631,ما ارتفع من الأرض واتّسع.,نجد,فَعْلٌ,roots-4662:نجد:المحكم — المعاني,roots-4662:نجد:مقاييس — المحور,roots-4662:نجد:الأساس — المجاز,نَجْد,APPROVED,,
AR02760,هَضْبَة,اسم جامد,191,3535;3631,أرض مرتفعة منبسطة واسعة.,هضب,فَعْلَةٌ,roots-4662:هضب:المحكم — المعاني,roots-4662:هضب:مقاييس — المحور,roots-4662:هضب:الأساس — المجاز,هَضْبَة,APPROVED,,WAZN_L2_005 ← فَعْلٌ
AR02762,حَاجِز رَمْلِيّ,تركيب,191,3539;3562;3563,كومة رملية مستطيلة ضحلة في البحر أو النهر أو عند مصبّه.,,,,,,حَاجِز رَمْلِيّ,APPROVED,,
AR02764,فُوَّهَة,اسم جامد,191,3555,تجويف واسع على هيئة الوعاء، كفم البركان أو أثر الارتطام.,فوه,فُعَّلَةٌ,roots-4662:فوه:المحكم — المعاني,roots-4662:فوه:مقاييس — المحور,roots-4662:فوه:الأساس — المجاز,فُوَّهَة,APPROVED,,WAZN ← L2_015 المالك
AR02765,لِسَان رَمْلِيّ,تركيب,191,3564,حافّة رملية منخفضة تمتد داخلة في الماء.,,,,,,لِسَان رَمْلِيّ,APPROVED,,
AR02767,خَانِق,اسم فاعل,191,3566;3578;3581,شِعبٌ ضيّق عميق في الجبل شديد الجوانب.,خنق,فَاعِلٌ,roots-4662:خنق:المحكم — المعاني,roots-4662:خنق:مقاييس — المحور,roots-4662:خنق:الأساس — المجاز,خَانِق,APPROVED,,
AR02768,مُنْخَفَض,اسم مفعول,191,3570,أرضٌ هابطة عمّا حولها.,خفض,مُنْفَعَلٌ,roots-4662:خفض:المحكم — المعاني,,roots-4662:خفض:الأساس — المجاز,مُنْخَفَض,APPROVED,,على صيغة اسم المفعول/المكان من انخفض | WAZN ← L2_006 مف من اِنْفَعَلَ
AR02771,فَجّ,اسم جامد,191,3574;3575,الطريق الواسع بين جبلين.,فجج,فَعْلٌ,roots-4662:فجج:المحكم — المعاني,roots-4662:فجج:مقاييس — المحور,,فَجّ,APPROVED,,
AR02772,مَمَرّ,اسم مكان,191,3575,طريق يُعبَر منه بين الجبال أو خلالها.,مرر,مَفْعَلٌ,roots-4662:مرر:المحكم — المعاني,roots-4662:مرر:مقاييس — المحور,roots-4662:مرر:الأساس — المجاز,مَمَرّ,APPROVED,,اسم مكان؛ لا فئة له في القائمة المغلقة فوُضع اسماً جامداً — OWNER_ALERT | POS_L2_007:MAKAN (من نص الملاحظة)
AR02773,غَوْر,اسم جامد,191,3577,أرضٌ منخفضة مستطيلة هابطة بين مرتفعين.,غور,فَعْلٌ,roots-4662:غور:المحكم — المعاني,roots-4662:غور:مقاييس — المحور,roots-4662:غور:الأساس — المجاز,غَوْر,APPROVED,,
AR02774,مَسِيل,اسم مكان,191,3578;3579;13553,مجرى ضيق تحفره المياه المنحدرة ولا يجري فيه الماء إلا عند المطر.,سيل,مَفْعِلٌ,roots-4662:سيل:المحكم — المعاني,roots-4662:سيل:مقاييس — المحور,roots-4662:سيل:الأساس — المجاز,مَسِيل,APPROVED,,اسم مكان؛ لا فئة له في القائمة المغلقة فوُضع اسماً جامداً — OWNER_ALERT | POS_L2_007:MAKAN (من نص الملاحظة)
AR02775,رُكَام جَلِيدِيّ,تركيب,191,3584,ما يحمله النهر الجليدي من صخور وحطام ويرسبه.,,,,,,رُكَام جَلِيدِيّ,APPROVED,,
AR02776,رَصِيف قَارِّيّ,تركيب,191,3622,الجزء المغمور الضحل من حافة القارة تحت البحر.,,,,,,رَصِيف قَارِّيّ,APPROVED,,
AR02778,بُحَيْرَة سَاحِلِيَّة,تركيب,191,3624,مسطّح ماء ضحل يفصله عن البحر حاجز رملي أو مرجاني.,,,,,,بُحَيْرَة سَاحِلِيَّة,APPROVED,,
AR02779,مُسْتَنْقَع,اسم مفعول,191,3627;3628,أرضٌ منخفضة يركد فيها الماء ويكثر الوحل.,نقع,مُسْتَفْعَلٌ,roots-4662:نقع:المحكم — المعاني,roots-4662:نقع:مقاييس — المحور,roots-4662:نقع:الأساس — المجاز,مُسْتَنْقَع,APPROVED,,على صيغة اسم المفعول/المكان من استنقع | WAZN ← L2_006 مف من اِسْتَفْعَلَ
AR02780,قُنَّة,اسم جامد,191,3629,أعلى الجبل، أو الجُبَيل الصغير المنفرد.,قنن,فُعْلَةٌ,roots-4662:قنن:المحكم — المعاني,roots-4662:قنن:مقاييس — النص,roots-4662:قنن:الأساس — المجاز,قُنَّة,APPROVED,,WAZN_L2_005 ← فُعْلٌ
AR02781,جَزِيرَة نَهْرِيَّة,تركيب,191,3630,جزيرة صغيرة في وسط النهر.,,,,,,جَزِيرَة نَهْرِيَّة,APPROVED,,
AR02782,جَبَل بَحْرِيّ,تركيب,191,3632,جبل يرتفع من قاع البحر ولا يبلغ سطح الماء.,,,,,,جَبَل بَحْرِيّ,APPROVED,,
AR02783,بُرْكَان,اسم جامد,191,3634,جبل في أعلاه فوهة تنبعث منها الحمم والغازات من باطن الأرض.,,,,,,بُرْكَان,APPROVED,,معرّب على الأرجح؛ ويرجعه بعضهم إلى الجذر برك على وزن فُعْلان
AR02786,مُنْحَدَر نَهْرِيّ,تركيب,191,3706,موضع من النهر يشتدّ فيه التيار ويضطرب سطحه بسبب العوائق.,,,,,,مُنْحَدَر نَهْرِيّ,APPROVED,,يغلب جمعاً: منحدرات نهرية
AR02787,خَطّ تَقْسِيم المِيَاه,تركيب,191,7185,مرتفع من الأرض يفصل بين مياه تجري إلى أنهار أو أحواض مختلفة.,,,,,,خَطّ تَقْسِيم المِيَاه,APPROVED,,
AR02788,مُرْتَفَع,اسم مفعول,191,7251,أرضٌ عالية كالتلّ أو الجبل.,رفع,مُفْتَعَلٌ,roots-4662:رفع:المحكم — المعاني,roots-4662:رفع:مقاييس — المحور,roots-4662:رفع:الأساس — المجاز,مُرْتَفَع,APPROVED,,على صيغة اسم المفعول/المكان من ارتفع | WAZN ← L2_006 مف من اِفْتَعَلَ
AR02789,نَشَز,اسم جامد,191,7251,المكان المرتفع من الأرض.,نشز,فَعَلٌ,roots-4662:نشز:المحكم — المعاني,roots-4662:نشز:مقاييس — المحور,roots-4662:نشز:الأساس — المجاز,نَشَز,APPROVED,,
AR02790,شَاطِئ,اسم فاعل,191,7658;14409,حافّة البحر أو البحيرة من الرمل أو الحصى.,شطء,فَاعِلٌ,v21:شطأ:المحكم — المعاني,v21:شطأ:مقاييس — النص,,شَاطِئ,APPROVED,,
AR02791,قَارَّة,اسم فاعل,191,10186,كتلة عظيمة متصلة من اليابسة، كآسيا وأفريقيا.,قرر,فَاعِلَةٌ,roots-4662:قرر:المحكم — المعاني,roots-4662:قرر:مقاييس — المحور,roots-4662:قرر:الأساس — المجاز,قَارَّة,APPROVED,,WAZN_L2_005 ← فَاعِلٌ
AR02792,قَارِّيّ,اسم منسوب,191,10355,منسوبٌ إلى القارّة أو مكوِّنٌ لها.,قرر,فَاعِلِيٌّ,roots-4662:قرر:المحكم — المعاني,roots-4662:قرر:مقاييس — المحور,roots-4662:قرر:الأساس — المجاز,قَارِّيّ,APPROVED,,اسم منسوب؛ لا فئة للنسبة في القائمة المغلقة فوُضع صفة مشبهة — OWNER_ALERT | POS_L2_007:NISBA (من نص الملاحظة) | WAZN ← L2_007 نسبة فَاعِلٌ
AR02793,قِمَّة,اسم جامد,191,11324,أعلى الجبل المدبَّب.,قمم,فِعْلَةٌ,roots-4662:قمم:المحكم — المعاني,roots-4662:قمم:مقاييس — المحور,roots-4662:قمم:الأساس — المجاز,قِمَّة,APPROVED,,WAZN_L2_005 ← فِعْلٌ
AR02794,ذُرْوَة,اسم جامد,191,11324,أعلى الشيء، ومنه أعلى الجبل.,ذرو,فُعْلَةٌ,roots-4662:ذرو:المحكم — المعاني,roots-4662:ذرو:مقاييس — النص,,ذُرْوَة,APPROVED,,ويقال ذِرْوَة | WAZN_L2_005 ← فُعْلٌ
AR02795,سَاحِلِيّ,اسم منسوب,191,12783,منسوبٌ إلى الساحل أو واقع عليه.,سحل,فَاعِلِيٌّ,roots-4662:سحل:المحكم — المعاني,roots-4662:سحل:مقاييس — المحور,roots-4662:سحل:الأساس — المجاز,سَاحِلِيّ,APPROVED,,اسم منسوب؛ لا فئة للنسبة في القائمة المغلقة فوُضع صفة مشبهة — OWNER_ALERT | POS_L2_007:NISBA (من نص الملاحظة) | WAZN ← L2_007 نسبة فَاعِلٌ
AR02796,سَاحِل,اسم فاعل,191,14409,الأرض المحاذية للبحر أو البحيرة.,سحل,فَاعِلٌ,roots-4662:سحل:المحكم — المعاني,roots-4662:سحل:مقاييس — المحور,roots-4662:سحل:الأساس — المجاز,سَاحِل,APPROVED,,
AR02797,وَعْر,صفة مشبهة,191,14412,صعب المسلك كثير الصخور غير مستوي السطح.,وعر,فَعْلٌ,roots-4662:وعر:المحكم — المعاني,roots-4662:وعر:مقاييس — المحور,roots-4662:وعر:الأساس — المجاز,وَعْر,APPROVED,,
AR02798,يَابِسَة,اسم فاعل,191,15465,الأرض الصلبة الممتدة خلاف الماء.,يبس,فَاعِلَةٌ,roots-4662:يبس:المحكم — المعاني,roots-4662:يبس:مقاييس — المحور,roots-4662:يبس:الأساس — المجاز,يَابِسَة,APPROVED,,WAZN_L2_005 ← فَاعِلٌ
AR02800,مَاء,اسم جامد,191,15543,كتلة أو رقعة من الماء كالبحر أو البحيرة.,موه,فَعَلٌ,roots-4662:موه:المحكم — المعاني,roots-4662:موه:مقاييس — النص,,مَاء,APPROVED,,أصله مَوَهٌ على فَعَل
AR02801,مَرْعَى,اسم مكان,191,16284,أرضٌ ينبت فيها الكلأ وترعى فيها الماشية.,رعي,مَفْعَلٌ,roots-4662:رعي:المحكم — المعاني,roots-4662:رعي:مقاييس — النص,roots-4662:رعي:الأساس — المجاز,مَرْعَى,APPROVED,,اسم مكان؛ لا فئة له في القائمة المغلقة فوُضع اسماً جامداً — OWNER_ALERT | POS_L2_007:MAKAN (من نص الملاحظة)
AR02803,سَبْخَة,اسم جامد,191,,أرضٌ ذات ملح ونزّ لا تكاد تُنبت.,سبخ,فَعْلَةٌ,roots-4662:سبخ:المحكم — المعاني,roots-4662:سبخ:مقاييس — المحور,roots-4662:سبخ:الأساس — المجاز,سَبْخَة,APPROVED,,AR_ONLY | WAZN_L2_005 ← فَعْلٌ
AR02805,سِيَاسِيّ,اسم منسوب,1071,10397,من يشتغل بالسياسة ويتولى شؤون الحكم أو يسعى إلى منصب عام.,سوس,فِعَالِيٌّ,roots-4662:سوس:المحكم — المعاني,roots-4662:سوس:مقاييس — المحور,roots-4662:سوس:الأساس — المجاز,سِيَاسِيّ,APPROVED,,POS_L2_007:NISBA | WAZN ← L2_007 نسبة فِعَالٌ
AR02806,رَجُلُ سِيَاسَة,تركيب,1071,10397,من يحترف العمل السياسي ويُعرف به.,,,,,,رَجُلُ سِيَاسَة,APPROVED,,
AR02807,مُزَارِع,اسم فاعل,1071,10398,من يتخذ الزراعة مهنة فيحرث الأرض ويقوم على زرعها أو يملكها ويديرها.,زرع,مُفَاعِلٌ,roots-4662:زرع:المحكم — المعاني,roots-4662:زرع:مقاييس — المحور,roots-4662:زرع:الأساس — المجاز,مُزَارِع,APPROVED,,
AR02808,فَلَّاح,صيغة مبالغة,1071,10398,من حرفته حراثة الأرض وزراعتها.,فلح,فَعَّالٌ,roots-4662:فلح:المحكم — المعاني,roots-4662:فلح:مقاييس — المحور,roots-4662:فلح:الأساس — المجاز,فَلَّاح,APPROVED,,POS_L2_007:MUBALAGHA؛ فعّال للحِرفة
AR02810,كَاتِب,اسم فاعل,1071,10400;18358,من يتخذ الكتابة صنعة، في ديوان يقيّد السجلات والحسابات أو في التأليف والإنشاء.,كتب,فَاعِلٌ,roots-4662:كتب:المحكم — المعاني,roots-4662:كتب:مقاييس — المحور,roots-4662:كتب:الأساس — المجاز,كَاتِب,APPROVED,,
AR02811,مُوَظَّف,اسم مفعول,1071,10400,من يُعيَّن في عمل إداري بأجر معلوم في مؤسسة أو دائرة.,وظف,مُفَعَّلٌ,roots-4662:وظف:المحكم — المعاني,roots-4662:وظف:مقاييس — المحور,roots-4662:وظف:الأساس — المجاز,مُوَظَّف,APPROVED,,لفظ مولَّد شائع في الفصحى المعاصرة | WAZN ← L2_006 مف من فَعَّلَ
AR02813,بُسْتَانِيّ,اسم منسوب,1071,10411,من يقوم على غرس الحدائق والبساتين والعناية بها.,,,,,,بُسْتَانِيّ,APPROVED,,POS_L2_007:NISBA؛ منسوب إلى بستان وهو فارسي معرّب؛ لا مقابل أصيل شائع
AR02815,خَادِمَة,اسم فاعل,1071,10413,امرأة تُستأجر للقيام بأعمال المنزل وخدمة أهله.,خدم,فَاعِلَةٌ,roots-4662:خدم:المحكم — المعاني,roots-4662:خدم:مقاييس — المحور,roots-4662:خدم:الأساس — المجاز,خَادِمَة,APPROVED,,WAZN_L2_005 ← فَاعِلٌ
AR02816,مُدِير,اسم فاعل,1071,10414,من يتولى إدارة مؤسسة أو جماعة من العاملين ويشرف على سير عملها.,دور,مُفْعِلٌ,roots-4662:دور:المحكم — المعاني,roots-4662:دور:مقاييس — المحور,,مُدِير,APPROVED,,أصله مُدْوِر أُعلّت العين | WAZN ← L2_006 فا من أَفْعَلَ
AR02817,أُسْتَاذ,اسم جامد,1071,10415,من يتولى التدريس في الجامعة ويحمل رتبة علمية فيها.,,,,,,أُسْتَاذ,APPROVED,,فارسي معرّب مستقر في الفصحى؛ لا مقابل أصيل بهذا المعنى
AR02818,مُوَظَّفُ اسْتِقْبَال,تركيب,1071,10416,من يتولى لقاء الزوار والعملاء وتسجيلهم وتوجيههم عند مدخل مؤسسة أو فندق.,,,,,,مُوَظَّفُ اسْتِقْبَال,APPROVED,,
AR02820,مَنْدُوبُ مَبِيعَات,تركيب,1071,10417,من يعمل لدى شركة في عرض منتجاتها على الزبائن وبيعها.,,,,,,مَنْدُوبُ مَبِيعَات,APPROVED,,
AR02821,خَادِم,اسم فاعل,1071,10418;17290,من يُستأجر للقيام بأعمال غيره، ولا سيما في المنزل.,خدم,فَاعِلٌ,roots-4662:خدم:المحكم — المعاني,roots-4662:خدم:مقاييس — المحور,roots-4662:خدم:الأساس — المجاز,خَادِم,APPROVED,,
AR02822,نَادِل,اسم فاعل,1071,10419;18346,من يخدم الزبائن في المطعم فيقدّم لهم الطعام والشراب على موائدهم.,ندل,فَاعِلٌ,roots-4662:ندل:المحكم — المعاني,roots-4662:ندل:مقاييس — المحور,,نَادِل,APPROVED,,
AR02823,نَجَّار,صيغة مبالغة,1071,10420,من حرفته صنع الأشياء من الخشب.,نجر,فَعَّالٌ,roots-4662:نجر:المحكم — المعاني,roots-4662:نجر:مقاييس — المحور,,نَجَّار,APPROVED,,POS_L2_007:MUBALAGHA؛ فعّال للحِرفة
AR02825,مُحَقِّقٌ خَاصّ,تركيب,1071,10731,من يعمل في التحرّي وكشف الخفايا لحساب من يستأجره لا لحساب الدولة.,,,,,,مُحَقِّقٌ خَاصّ,APPROVED,,
AR02826,مُمَثِّلَة,اسم فاعل,1071,11294,امرأة تحترف أداء الأدوار في المسرح أو السينما أو التلفاز.,مثل,مُفَعِّلَةٌ,roots-4662:مثل:المحكم — المعاني,roots-4662:مثل:مقاييس — المحور,,مُمَثِّلَة,APPROVED,,WAZN ← L2_005 مؤنث مُفَعِّلٌ
AR02827,نَادِلَة,اسم فاعل,1071,11295,امرأة تخدم الزبائن في المطعم فتقدّم لهم الطعام والشراب على موائدهم.,ندل,فَاعِلَةٌ,roots-4662:ندل:المحكم — المعاني,roots-4662:ندل:مقاييس — المحور,,نَادِلَة,APPROVED,,WAZN_L2_005 ← فَاعِلٌ
AR02828,فَنِّيّ,اسم منسوب,1071,12250,من يُستخدم لصيانة الأجهزة والمعدّات أو للعمل التطبيقي في المختبر.,فنن,فَعْلِيٌّ,roots-4662:فنن:المحكم — المعاني,roots-4662:فنن:مقاييس — المحور,,فَنِّيّ,APPROVED,,POS_L2_007:NISBA | WAZN ← L2_007 نسبة فَعْلٌ
AR02829,عَالِمُ السُّمُوم,تركيب,1071,12421,من يشتغل بدراسة السموم وآثارها.,,,,,,عَالِمُ السُّمُوم,APPROVED,,
AR02830,مُهَنْدِس,اسم فاعل,1071,12621,من تأهّل في الهندسة ويمارسها مهنة.,هندس,مُفَعْلِلٌ,,,,مُهَنْدِس,APPROVED,,يذكره بعض المعاجم في هندز، وهو معرّب من الفارسية | WAZN ← L2_006 فا من فَعْلَلَ
AR02831,عَمِيلٌ مُزْدَوَج,تركيب,1071,12648,جاسوس يُظهر العمل لدولة وهو يعمل في الحقيقة لعدوّها.,,,,,,عَمِيلٌ مُزْدَوَج,APPROVED,,
AR02834,عَالِمُ آثَار,تركيب,1071,13499,من يحترف دراسة تاريخ الإنسان من خلال آثاره المادية.,,,,,,عَالِمُ آثَار,APPROVED,,
AR02835,مِهْنِيّ,اسم منسوب,1071,13849,منسوب إلى المهنة أو متعلق بها.,مهن,فِعْلِيٌّ,roots-4662:مهن:المحكم — المعاني,roots-4662:مهن:مقاييس — المحور,,مِهْنِيّ,APPROVED,,POS_L2_007:NISBA | WAZN ← L2_007 نسبة فِعْلٌ
AR02837,وَكِيل,صفة مشبهة,1071,14688;18338,من يقوم مقام غيره من شخص أو هيئة وينوب عنه في أموره.,وكل,فَعِيلٌ,roots-4662:وكل:المحكم — المعاني,roots-4662:وكل:مقاييس — المحور,roots-4662:وكل:الأساس — المجاز,وَكِيل,APPROVED,,فعيل بمعنى مفعول
AR02839,قَاضِي,اسم فاعل,1071,14709;15973,من يتولى الفصل في الخصومات ويرأس جلسات المحكمة.,قضي,فَاعِلٌ,roots-4662:قضي:المحكم — المعاني,roots-4662:قضي:مقاييس — المحور,roots-4662:قضي:الأساس — المجاز,قَاضِي,APPROVED,,معتل اللام
AR02840,مِيكَانِيكِيّ,اسم منسوب,1071,14714,من يحترف إصلاح الآلات والمحرّكات.,,,,,,مِيكَانِيكِيّ,APPROVED,,POS_L2_007:NISBA؛ دخيل؛ لا مقابل أصيل شائع بهذا المعنى
AR02841,عَامِلُ نَفْط,تركيب,1071,14722,من يعمل في صناعة استخراج النفط.,,,,,,عَامِلُ نَفْط,APPROVED,,
AR02842,مُرَاسِل,اسم فاعل,1071,14725;17250,صحفي يوافي مؤسسته بالأخبار من مكان معيّن أو في شأن معيّن.,رسل,مُفَاعِلٌ,roots-4662:رسل:المحكم — المعاني,roots-4662:رسل:مقاييس — المحور,roots-4662:رسل:الأساس — المجاز,مُرَاسِل,APPROVED,,
AR02844,طَبِيبٌ بَيْطَرِيّ,تركيب,1071,14732,من تخصّص في طبّ الحيوانات ويمارسه.,,,,,,طَبِيبٌ بَيْطَرِيّ,APPROVED,,
AR02846,دَسِيس,صفة مشبهة,1071,14757,من يُدسّ في صفوف العدوّ متخفيًا ليأتي بأخباره.,دسس,فَعِيلٌ,roots-4662:دسس:المحكم — المعاني,roots-4662:دسس:مقاييس — المحور,,دَسِيس,APPROVED,,فعيل بمعنى مفعول
AR02849,رَجُلُ أَعْمَال,تركيب,1071,14853,من يشتغل بالتجارة أو إدارة المشروعات الاقتصادية.,,,,,,رَجُلُ أَعْمَال,APPROVED,,
AR02852,مُهَنْدِسٌ مِعْمَارِيّ,تركيب,1071,15222,من يصمّم المباني ويشرف على تشييدها.,,,,,,مُهَنْدِسٌ مِعْمَارِيّ,APPROVED,,
AR02854,شُرْطِيٌّ بِلِبَاسٍ مَدَنِيّ,تركيب,1071,15524,رجل شرطة يؤدي عمله بغير زيّه الرسمي.,,,,,,شُرْطِيٌّ بِلِبَاسٍ مَدَنِيّ,APPROVED,,
AR02857,رَجُلُ شُرْطَة,تركيب,1071,16041,فرد من أفراد الشرطة.,,,,,,رَجُلُ شُرْطَة,APPROVED,,
AR02858,نَاطِق,اسم فاعل,1071,16453;16454,من يدلي بالتصريحات ويجيب عن الأسئلة باسم شخص أو هيئة.,نطق,فَاعِلٌ,roots-4662:نطق:المحكم — المعاني,roots-4662:نطق:مقاييس — المحور,roots-4662:نطق:الأساس — المجاز,نَاطِق,APPROVED,,يُقيَّد عادة: النَّاطِق باسم كذا
AR02860,نَاطِقَة,اسم فاعل,1071,16455,امرأة تدلي بالتصريحات وتجيب عن الأسئلة باسم شخص أو هيئة.,نطق,فَاعِلَةٌ,roots-4662:نطق:المحكم — المعاني,roots-4662:نطق:مقاييس — المحور,roots-4662:نطق:الأساس — المجاز,نَاطِقَة,APPROVED,,WAZN_L2_005 ← فَاعِلٌ
AR02862,حَارِسٌ شَخْصِيّ,تركيب,1071,16611,من يرافق شخصًا ليحميه من الأذى.,,,,,,حَارِسٌ شَخْصِيّ,APPROVED,,
AR02865,خَيَّاط,صيغة مبالغة,1071,16643,من حرفته تفصيل الثياب وخياطتها أو تعديلها.,خيط,فَعَّالٌ,roots-4662:خيط:المحكم — المعاني,roots-4662:خيط:مقاييس — المحور,roots-4662:خيط:الأساس — المجاز,خَيَّاط,APPROVED,,POS_L2_007:MUBALAGHA؛ فعّال للحِرفة
AR02867,طَاهِي,اسم فاعل,1071,17268,من يتولى إعداد الطعام وطهوه بأجر.,طهو,فَاعِلٌ,v21:طهو:المحكم — المعاني,,v21:طهو:الأساس — المجاز,طَاهِي,APPROVED,,معتل اللام
AR02868,عُضْوُ مَجْلِسِ الشُّيُوخ,تركيب,1071,18337,من انتُخب أو عُيّن عضوًا في مجلس الشيوخ.,,,,,,عُضْوُ مَجْلِسِ الشُّيُوخ,APPROVED,,
AR02869,رِيَاضِيّ,اسم منسوب,1071,18339;18372,من يتدرّب على الألعاب والتمارين البدنية ويتنافس فيها، أو من تخصّص في علم الرياضيات.,روض,فِعَالِيٌّ,roots-4662:روض:المحكم — المعاني,roots-4662:روض:مقاييس — المحور,roots-4662:روض:الأساس — المجاز,رِيَاضِيّ,APPROVED,,POS_L2_007:NISBA؛ لفظ مشترك بين الرياضة البدنية وعلم الرياضيات | WAZN ← L2_007 نسبة فِعَالٌ
AR02870,رَئِيسُ الطُّهَاة,تركيب,1071,18340,كبير الطهاة في مطبخ المطعم.,,,,,,رَئِيسُ الطُّهَاة,APPROVED,,
AR02871,سَاقِي,اسم فاعل,1071,18341,من يُعدّ الشراب ويقدّمه للحاضرين في الحانة.,سقي,فَاعِلٌ,roots-4662:سقي:المحكم — المعاني,roots-4662:سقي:مقاييس — النص,roots-4662:سقي:الأساس — المجاز,سَاقِي,APPROVED,,معتل اللام
AR02873,مُدَرِّس,اسم فاعل,1071,18342,من يحترف التدريس في مدرسة أو معهد.,درس,مُفَعِّلٌ,roots-4662:درس:المحكم — المعاني,roots-4662:درس:مقاييس — المحور,roots-4662:درس:الأساس — المجاز,مُدَرِّس,APPROVED,,WAZN ← L2_006 فا من فَعَّلَ
AR02876,مُضِيفٌ جَوِّيّ,تركيب,1071,18345,من يقوم على خدمة الركاب في الرحلات الجوية.,,,,,,مُضِيفٌ جَوِّيّ,APPROVED,,
AR02877,مُطَوِّرُ بَرْمَجِيَّات,تركيب,1071,18347,من يصنع البرمجيات بكتابة الشيفرات وتصميمها.,,,,,,مُطَوِّرُ بَرْمَجِيَّات,APPROVED,,
AR02878,مُبَرْمِج,اسم فاعل,1071,18347;18612,من يكتب برامج الحاسوب.,,مُفَعْلِلٌ,,,,مُبَرْمِج,APPROVED,,فعل مولَّد من برنامج المعرّب؛ لا مادة له في المعاجم القديمة | WAZN ← L2_006 فا من فَعْلَلَ
AR02879,مُطَوِّرُ مَوَاقِع,تركيب,1071,18348,من يصنع مواقع الشبكة العالمية بالبرمجة والتصميم.,,,,,,مُطَوِّرُ مَوَاقِع,APPROVED,,
AR02881,رَبَّةُ بَيْت,تركيب,1071,18351,امرأة تتفرّغ لتدبير شؤون بيت أسرتها.,,,,,,رَبَّةُ بَيْت,APPROVED,,
AR02883,تِلْمِيذ,اسم جامد,1071,18352,من يتعلّم في المدرسة على يد معلّم.,تلمذ,فِعْلِيلٌ (رباعي),v21:تلمذ:المحكم — المعاني,,,تِلْمِيذ,APPROVED,,
AR02884,فَنَّان,صيغة مبالغة,1071,18353,من يمارس فنًّا من الفنون الجميلة أو فنون الأداء.,فنن,فَعَّالٌ,roots-4662:فنن:المحكم — المعاني,roots-4662:فنن:مقاييس — المحور,,فَنَّان,APPROVED,,POS_L2_007:MUBALAGHA
AR02886,مُوسِيقِيّ,اسم منسوب,1071,18354,من يحترف تأليف الموسيقى أو أداءها.,,,,,,مُوسِيقِيّ,APPROVED,,POS_L2_007:NISBA؛ منسوب إلى الموسيقى وهي دخيلة
AR02887,مُغَنِّي,اسم فاعل,1071,18355,من يحترف الغناء.,غني,مُفَعِّلٌ,roots-4662:غني:المحكم — المعاني,roots-4662:غني:مقاييس — المحور,roots-4662:غني:الأساس — المجاز,مُغَنِّي,APPROVED,,معتل اللام | WAZN ← L2_006 فا من فَعَّلَ
AR02889,رَسَّام,صيغة مبالغة,1071,18356,من يحترف رسم الصور وتلوينها.,رسم,فَعَّالٌ,roots-4662:رسم:المحكم — المعاني,roots-4662:رسم:مقاييس — المحور,roots-4662:رسم:الأساس — المجاز,رَسَّام,APPROVED,,POS_L2_007:MUBALAGHA
AR02890,رَاقِص,اسم فاعل,1071,18357,من يحترف الرقص.,رقص,فَاعِلٌ,roots-4662:رقص:المحكم — المعاني,roots-4662:رقص:مقاييس — المحور,roots-4662:رقص:الأساس — المجاز,رَاقِص,APPROVED,,
AR02893,مُمَثِّل,اسم فاعل,1071,18360,من يحترف أداء الأدوار في المسرح أو السينما أو التلفاز.,مثل,مُفَعِّلٌ,roots-4662:مثل:المحكم — المعاني,roots-4662:مثل:مقاييس — المحور,,مُمَثِّل,APPROVED,,WAZN ← L2_006 فا من فَعَّلَ
AR02894,مُنْتِج,اسم فاعل,1071,18361,من يتولى تمويل العمل المسرحي أو السينمائي أو الإذاعي وتدبير شؤونه الإدارية.,نتج,مُفْعِلٌ,roots-4662:نتج:المحكم — المعاني,roots-4662:نتج:مقاييس — النص,roots-4662:نتج:الأساس — المجاز,مُنْتِج,APPROVED,,WAZN ← L2_006 فا من أَفْعَلَ
AR02895,مُخْرِج,اسم فاعل,1071,18362,من يتولى قيادة العمل المسرحي أو السينمائي فنيًّا ليجسّد النص على وجه يرتضيه.,خرج,مُفْعِلٌ,roots-4662:خرج:المحكم — المعاني,roots-4662:خرج:مقاييس — المحور,roots-4662:خرج:الأساس — المجاز,مُخْرِج,APPROVED,,WAZN ← L2_006 فا من أَفْعَلَ
AR02897,عَالِمُ الأَعْصَاب,تركيب,1071,18364,من يشتغل بدراسة الجهاز العصبي.,,,,,,عَالِمُ الأَعْصَاب,APPROVED,,
AR02898,عَالِمُ الأَحْيَاء,تركيب,1071,18365,عالم تخصّص في علم الأحياء.,,,,,,عَالِمُ الأَحْيَاء,APPROVED,,
AR02899,كِيمْيَائِيّ,اسم منسوب,1071,18366,عالم تخصّص في الكيمياء.,,,,,,كِيمْيَائِيّ,APPROVED,,POS_L2_007:NISBA؛ منسوب إلى الكيمياء وهي معرّبة
AR02900,فِيزْيَائِيّ,اسم منسوب,1071,18367,عالم تخصّص في الفيزياء.,,,,,,فِيزْيَائِيّ,APPROVED,,POS_L2_007:NISBA؛ منسوب إلى الفيزياء وهي دخيلة
AR02901,عَالِمُ الإِنَاسَة,تركيب,1071,18368,من تخصّص في علم الإنسان ومجتمعاته وثقافاته.,,,,,,عَالِمُ الإِنَاسَة,APPROVED,,ويقال: عالم الأنثروبولوجيا
AR02902,لُغَوِيّ,اسم منسوب,1071,18369,من تخصّص في علم اللغة.,لغو,فُعَلِيٌّ,roots-4662:لغو:المحكم — المعاني,roots-4662:لغو:مقاييس — المحور,roots-4662:لغو:الأساس — المجاز,لُغَوِيّ,APPROVED,,POS_L2_007:NISBA | WAZN ← L2_007 نسبة فُعَلٌ
AR02903,لِسَانِيّ,اسم منسوب,1071,18369,من تخصّص في علم اللسانيات.,لسن,فِعَالِيٌّ,roots-4662:لسن:المحكم — المعاني,roots-4662:لسن:مقاييس — المحور,roots-4662:لسن:الأساس — المجاز,لِسَانِيّ,APPROVED,,POS_L2_007:NISBA | WAZN ← L2_007 نسبة فِعَالٌ
AR02904,عَالِمُ النَّفْس,تركيب,1071,18370,من تخصّص في علم النفس.,,,,,,عَالِمُ النَّفْس,APPROVED,,
AR02905,طَبِيبٌ نَفْسِيّ,تركيب,1071,18371,طبيب يمارس معالجة الاضطرابات النفسية.,,,,,,طَبِيبٌ نَفْسِيّ,APPROVED,,
AR02906,عَالِمُ رِيَاضِيَّات,تركيب,1071,18372,من تخصّص في علم الرياضيات.,,,,,,عَالِمُ رِيَاضِيَّات,APPROVED,,
AR02907,عَالِمُ الاجْتِمَاع,تركيب,1071,18373,من تخصّص في علم الاجتماع.,,,,,,عَالِمُ الاجْتِمَاع,APPROVED,,
AR02909,رَجُلُ إِطْفَاء,تركيب,1071,18471;18472,من يعمل في إخماد الحرائق وحماية ما تهدّده النار.,,,,,,رَجُلُ إِطْفَاء,APPROVED,,
AR02910,سَائِق,اسم فاعل,1071,18675,من يقود مركبة آلية بأجر.,سوق,فَاعِلٌ,roots-4662:سوق:المحكم — المعاني,roots-4662:سوق:مقاييس — المحور,roots-4662:سوق:الأساس — المجاز,سَائِق,APPROVED,,معتل العين
AR02918,زَوْج,اسم جامد,102,2025;2030,الرجل المقترن بامرأة بعقد نكاح، ويقال للمرأة أيضاً.,زوج,فَعْلٌ,roots-4662:زوج:المحكم — المعاني,roots-4662:زوج:مقاييس — المحور,roots-4662:زوج:الأساس — المجاز,زَوْج,APPROVED,,
AR02920,زَوْجَة,اسم جامد,102,2026,المرأة المقترنة برجل بعقد نكاح.,زوج,فَعْلَةٌ,roots-4662:زوج:المحكم — المعاني,roots-4662:زوج:مقاييس — المحور,roots-4662:زوج:الأساس — المجاز,زَوْجَة,APPROVED,,WAZN_L2_005 ← فَعْلٌ
AR02922,أَرْمَلَة,صفة مشبهة,102,2027,المرأة التي مات زوجها ولم تتزوج بعده.,رمل,أَفْعَلَةٌ,roots-4662:رمل:المحكم — المعاني,roots-4662:رمل:مقاييس — المحور,roots-4662:رمل:الأساس — المجاز,أَرْمَلَة,APPROVED,,WAZN ← L2_015 المالك
AR02923,أَرْمَل,صفة مشبهة,102,2028;2029,من مات عنه زوجه ولم يتزوج بعده.,رمل,أَفْعَلُ,roots-4662:رمل:المحكم — المعاني,roots-4662:رمل:مقاييس — المحور,roots-4662:رمل:الأساس — المجاز,أَرْمَل,APPROVED,,
AR02924,قَرِين,صفة مشبهة,102,2030;2051,الزوج أو الزوجة المقترن بصاحبه.,قرن,فَعِيلٌ,roots-4662:قرن:المحكم — المعاني,roots-4662:قرن:مقاييس — المحور,,قَرِين,APPROVED,,
AR02925,زَوْجَان,اسم جامد,102,2031,رجل وامرأة بينهما زواج أو علاقة عاطفية.,زوج,فَعْلانُ,roots-4662:زوج:المحكم — المعاني,roots-4662:زوج:مقاييس — المحور,roots-4662:زوج:الأساس — المجاز,زَوْجَان,APPROVED,,صيغة المثنى لازمة للمعنى | WAZN ← SIBAWAYH_EXISTS
AR02926,رَفِيق,صفة مشبهة,102,2032;5546;7598;7601;7604,من يصحب غيره ويرافقه.,رفق,فَعِيلٌ,roots-4662:رفق:المحكم — المعاني,roots-4662:رفق:مقاييس — المحور,roots-4662:رفق:الأساس — المجاز,رَفِيق,APPROVED,,
AR02931,مُتَزَوِّج,اسم فاعل,102,2036,من له زوج أو زوجة.,زوج,مُتَفَعِّلٌ,roots-4662:زوج:المحكم — المعاني,roots-4662:زوج:مقاييس — المحور,roots-4662:زوج:الأساس — المجاز,مُتَزَوِّج,APPROVED,,WAZN ← L2_006 فا من تَفَعَّلَ
AR02932,خَطِيب,صفة مشبهة,102,2037;17361,الرجل الذي خطب امرأة وتواعدا على الزواج.,خطب,فَعِيلٌ,roots-4662:خطب:المحكم — المعاني,roots-4662:خطب:مقاييس — المحور,roots-4662:خطب:الأساس — المجاز,خَطِيب,APPROVED,,
AR02933,خَطِيبَة,صفة مشبهة,102,2037;17360,المرأة المخطوبة بالنسبة إلى خاطبها.,خطب,فَعِيلَةٌ,roots-4662:خطب:المحكم — المعاني,roots-4662:خطب:مقاييس — المحور,roots-4662:خطب:الأساس — المجاز,خَطِيبَة,APPROVED,,WAZN_L2_005 ← فَعِيلٌ
AR02936,مَخْطُوب,اسم مفعول,102,2039;2223;9038,من تمّت خطبته واتُّفق على تزويجه.,خطب,مَفْعُولٌ,roots-4662:خطب:المحكم — المعاني,roots-4662:خطب:مقاييس — المحور,roots-4662:خطب:الأساس — المجاز,مَخْطُوب,APPROVED,,يغلب على المرأة: مخطوبة
AR02937,خِطْبَة,مصدر,102,2040,طلب الرجل المرأة للزواج والتواعد عليه.,خطب,فِعْلَةٌ,roots-4662:خطب:المحكم — المعاني,roots-4662:خطب:مقاييس — المحور,roots-4662:خطب:الأساس — المجاز,خِطْبَة,APPROVED,,WAZN_L2_005 ← فِعْلٌ
AR02938,زَوَاج,اسم مصدر,102,2041,اقتران الرجل والمرأة بعقد شرعي أو قانوني.,زوج,فَعَالٍ,roots-4662:زوج:المحكم — المعاني,roots-4662:زوج:مقاييس — المحور,roots-4662:زوج:الأساس — المجاز,زَوَاج,APPROVED,,POS_L2_007:ISM_MASDAR | WAZN ← SIBAWAYH_EXISTS
AR02939,نِكَاح,مصدر,102,2041,عقد الزواج بين الرجل والمرأة.,نكح,فِعَالٌ,roots-4662:نكح:المحكم — المعاني,roots-4662:نكح:مقاييس — المحور,roots-4662:نكح:الأساس — المجاز,نِكَاح,APPROVED,,
AR02940,قِرَان,مصدر,102,2041,عقد الزواج.,قرن,فِعَالٌ,roots-4662:قرن:المحكم — المعاني,roots-4662:قرن:مقاييس — المحور,,قِرَان,APPROVED,,
AR02941,حَبِيب,صفة مشبهة,102,2042;2050;6087,الرجل الذي تربطه بامرأة علاقة حب.,حبب,فَعِيلٌ,v21:حبب:المحكم — المعاني,v21:حبب:مقاييس — المحور,,حَبِيب,APPROVED,,لا لفظ محايد تماماً؛ حبيب أقرب
AR02942,حَبِيبَة,صفة مشبهة,102,2043;6086,المرأة التي تربطها برجل علاقة حب.,حبب,فَعِيلَةٌ,v21:حبب:المحكم — المعاني,v21:حبب:مقاييس — المحور,,حَبِيبَة,APPROVED,,لا لفظ محايد تماماً؛ حبيبة أقرب | WAZN_L2_005 ← فَعِيلٌ
AR02943,اِنْفِصَال,مصدر,102,2049,انتهاء العلاقة بين الشريكين وافتراقهما.,فصل,اِنْفِعَالٌ,roots-4662:فصل:المحكم — المعاني,roots-4662:فصل:مقاييس — النص,,اِنْفِصَال,APPROVED,,WAZN ← L2_006 مص من اِنْفَعَلَ
AR02944,فِرَاق,مصدر,102,2049,مفارقة أحد الحبيبين أو الزوجين صاحبه.,فرق,فِعَالٌ,roots-4662:فرق:المحكم — المعاني,roots-4662:فرق:مقاييس — المحور,roots-4662:فرق:الأساس — المجاز,فِرَاق,APPROVED,,
AR02949,خَلِيلَة,صفة مشبهة,102,2052,امرأة يتخذها الرجل صاحبة من غير زواج.,خلل,فَعِيلَةٌ,roots-4662:خلل:المحكم — المعاني,roots-4662:خلل:مقاييس — المحور,roots-4662:خلل:الأساس — المجاز,خَلِيلَة,APPROVED,,WAZN_L2_005 ← فَعِيلٌ
AR02950,خَاطِب,اسم فاعل,102,2054,الرجل الذي يطلب امرأة للزواج.,خطب,فَاعِلٌ,roots-4662:خطب:المحكم — المعاني,roots-4662:خطب:مقاييس — المحور,roots-4662:خطب:الأساس — المجاز,خَاطِب,APPROVED,,
AR02951,خَطَبَ,فعل,102,2055,طلب المرأة للزواج.,خطب,فَعَلَ,roots-4662:خطب:المحكم — المعاني,roots-4662:خطب:مقاييس — المحور,roots-4662:خطب:الأساس — المجاز,خَطَبَ,APPROVED,,يقتصر على طلب الزواج دون فترة التودد
AR02952,تَوَدَّدَ,فعل,102,2055,تقرّب إلى غيره بالمودة طلباً لوصله.,ودد,تَفَعَّلَ,roots-4662:ودد:المحكم — المعاني,roots-4662:ودد:مقاييس — المحور,,تَوَدَّدَ,APPROVED,,يتعدى بإلى
AR02954,نَاشِز,اسم فاعل,102,2107,من استعصى على زوجه وأبغضه.,نشز,فَاعِلٌ,roots-4662:نشز:المحكم — المعاني,roots-4662:نشز:مقاييس — المحور,roots-4662:نشز:الأساس — المجاز,نَاشِز,APPROVED,,يغلب على الزوجة؛ مصطلح فقهي للخلاف الزوجي؛ يغلب على الزوجة
AR02956,خَلِيل,صفة مشبهة,102,2177,الصديق المختصّ بالمودة.,خلل,فَعِيلٌ,roots-4662:خلل:المحكم — المعاني,roots-4662:خلل:مقاييس — المحور,roots-4662:خلل:الأساس — المجاز,خَلِيل,APPROVED,,
AR02959,تَرَمَّلَ,فعل,102,2241,صار أرمل أو أرملة بموت زوجه.,رمل,تَفَعَّلَ,roots-4662:رمل:المحكم — المعاني,roots-4662:رمل:مقاييس — المحور,roots-4662:رمل:الأساس — المجاز,تَرَمَّلَ,APPROVED,,
AR02963,شَرِيكُ الحَيَاة,تركيب,102,6092,من تربط به حياتك في علاقة زوجية أو عاطفية مستقرة.,,,,,,شَرِيكُ الحَيَاة,APPROVED,,
AR02964,هُيَام,مصدر,102,8250,شدة العشق والتعلّق بمحبوب.,هيم,فُعَالٌ,roots-4662:هيم:المحكم — المعاني,roots-4662:هيم:مقاييس — المحور,roots-4662:هيم:الأساس — المجاز,هُيَام,APPROVED,,
AR02965,وَلَه,مصدر,102,8250,ذهاب العقل من شدة الوجد.,وله,فَعَلٌ,roots-4662:وله:المحكم — المعاني,roots-4662:وله:مقاييس — المحور,,وَلَه,APPROVED,,
AR02967,عَلَاقَة غَرَامِيَّة,تركيب,102,8252;9041,علاقة حب بين رجل وامرأة.,,,,,,عَلَاقَة غَرَامِيَّة,APPROVED,,
AR02968,زِنَى,مصدر,102,8398,وطء الرجل المرأة من غير عقد نكاح.,زني,فِعَلٌ,roots-4662:زني:المحكم — المعاني,roots-4662:زني:مقاييس — النص,roots-4662:زني:الأساس — المجاز,زِنَى,APPROVED,,يمد ويقصر
AR02969,خِيَانَة زَوْجِيَّة,تركيب,102,8398,إقامة أحد الزوجين علاقة جنسية مع غير زوجه.,,,,,,خِيَانَة زَوْجِيَّة,APPROVED,,
AR02971,زَوْجِيّ,اسم منسوب,102,9036;9037,منسوب إلى الزوج أو الزواج.,زوج,فَعْلِيٌّ,roots-4662:زوج:المحكم — المعاني,roots-4662:زوج:مقاييس — المحور,roots-4662:زوج:الأساس — المجاز,زَوْجِيّ,APPROVED,,POS_L2_007:NISBA | WAZN ← L2_007 نسبة فَعْلٌ
AR02974,غَرَام,مصدر,102,9041,الحب الشديد المتعلق بالقلب.,غرم,فَعَالٍ,roots-4662:غرم:المحكم — المعاني,roots-4662:غرم:مقاييس — المحور,,غَرَام,APPROVED,,WAZN ← SIBAWAYH_EXISTS
AR02980,صِلَة,مصدر,102,17685,رابطة تصل شخصاً بآخر.,وصل,عِلَةٌ,roots-4662:وصل:المحكم — المعاني,roots-4662:وصل:مقاييس — المحور,,صِلَة,APPROVED,,WAZN ← L2_015 المالك
AR02981,وَدُود,صفة مشبهة,102,18467,كثير المودة والتحبب.,ودد,فَعُولٌ,roots-4662:ودد:المحكم — المعاني,roots-4662:ودد:مقاييس — المحور,,وَدُود,APPROVED,,POS_L2_007:MUBALAGHA | L2_009: صيغة مبالغة مقصورة على فَعَّال → صفة مشبهة
AR02982,تَزَوَّجَ,فعل,102,,اتخذ زوجاً أو زوجة بعقد.,زوج,تَفَعَّلَ,roots-4662:زوج:المحكم — المعاني,roots-4662:زوج:مقاييس — المحور,roots-4662:زوج:الأساس — المجاز,تَزَوَّجَ,APPROVED,,AR_ONLY
AR02987,خُلَّة,مصدر,102,,الصداقة المختصّة التي لا خلل فيها.,خلل,فُعْلَةٌ,roots-4662:خلل:المحكم — المعاني,roots-4662:خلل:مقاييس — المحور,roots-4662:خلل:الأساس — المجاز,خُلَّة,APPROVED,,AR_ONLY | WAZN_L2_005 ← فُعْلٌ
AR02988,وَضَعَ,فعل,62,1084;1092;1100;1103;1104;1105;1106;4726;5355,جعل الشيءَ في موضع معيّن.,وضع,فَعَلَ,roots-4662:وضع:المحكم — المعاني,roots-4662:وضع:مقاييس — المحور,roots-4662:وضع:الأساس — المجاز,وَضَعَ,APPROVED,,
AR02989,أَوْدَعَ,فعل,62,1084;5354,ترك الشيءَ في موضع ليُحفظ فيه.,ودع,أَفْعَلَ,roots-4662:ودع:المحكم — المعاني,roots-4662:ودع:مقاييس — المحور,roots-4662:ودع:الأساس — المجاز,أَوْدَعَ,APPROVED,,
AR02990,غَرَزَ,فعل,62,1085;6034,أدخل الشيءَ في غيره وأثبته فيه.,غرز,فَعَلَ,roots-4662:غرز:المحكم — المعاني,roots-4662:غرز:مقاييس — المحور,roots-4662:غرز:الأساس — المجاز,غَرَزَ,APPROVED,,
AR02993,غَمَسَ,فعل,62,1087;6034,أدخل الشيءَ في الماء أو السائل حتى يغطّيه.,غمس,فَعَلَ,roots-4662:غمس:المحكم — المعاني,roots-4662:غمس:مقاييس — المحور,roots-4662:غمس:الأساس — المجاز,غَمَسَ,APPROVED,,
AR02994,غَمَرَ,فعل,62,1087,جعل الشيءَ مغطّى بالماء أو السائل كلّه.,غمر,فَعَلَ,roots-4662:غمر:المحكم — المعاني,roots-4662:غمر:مقاييس — المحور,roots-4662:غمر:الأساس — المجاز,غَمَرَ,APPROVED,,
AR02995,زَرَعَ,فعل,62,1088;1102,وضع البذرَ في الأرض لينبت، أو ثبّت عضواً أو جسماً في البدن.,زرع,فَعَلَ,roots-4662:زرع:المحكم — المعاني,roots-4662:زرع:مقاييس — المحور,roots-4662:زرع:الأساس — المجاز,زَرَعَ,APPROVED,,
AR02996,غَرَسَ,فعل,62,1088;1102;3913,أثبت الشجرَ أو الشيءَ في الأرض أو في غيره.,غرس,فَعَلَ,roots-4662:غرس:المحكم — المعاني,roots-4662:غرس:مقاييس — النص,roots-4662:غرس:الأساس — المجاز,غَرَسَ,APPROVED,,
AR02998,أَدْخَلَ,فعل,62,1090,جعل الشيءَ داخل غيره.,دخل,أَفْعَلَ,roots-4662:دخل:المحكم — المعاني,roots-4662:دخل:مقاييس — المحور,,أَدْخَلَ,APPROVED,,
AR02999,أَدْرَجَ,فعل,62,1090;14796,أدخل الشيءَ في ضمن غيره.,درج,أَفْعَلَ,roots-4662:درج:المحكم — المعاني,roots-4662:درج:مقاييس — المحور,roots-4662:درج:الأساس — المجاز,أَدْرَجَ,APPROVED,,
AR03000,إِدْخَال,مصدر,62,1091,جعل الشيء داخل غيره.,دخل,إِفْعَالٌ,roots-4662:دخل:المحكم — المعاني,roots-4662:دخل:مقاييس — المحور,,إِدْخَال,APPROVED,,
AR03001,إِدْرَاج,مصدر,62,1091,إدخال الشيء في ضمن غيره.,درج,إِفْعَالٌ,roots-4662:درج:المحكم — المعاني,roots-4662:درج:مقاييس — المحور,roots-4662:درج:الأساس — المجاز,إِدْرَاج,APPROVED,,
AR03002,مَدَّ,فعل,62,1092,بسط الشيءَ الممتدّ كالأسلاك والأنابيب في موضعه ليُنتفع به.,مدد,فَعَلَ,roots-4662:مدد:المحكم — المعاني,roots-4662:مدد:مقاييس — المحور,roots-4662:مدد:الأساس — المجاز,مَدَّ,APPROVED,,
AR03003,أَسْنَدَ,فعل,62,1093;1104,جعل الشيءَ متّكئاً على غيره.,سند,أَفْعَلَ,roots-4662:سند:المحكم — المعاني,roots-4662:سند:مقاييس — المحور,,أَسْنَدَ,APPROVED,,
AR03006,أَنْشَبَ,فعل,62,1095,أعلق الشيءَ في غيره فثبت فيه.,نشب,أَفْعَلَ,roots-4662:نشب:المحكم — المعاني,,roots-4662:نشب:الأساس — المجاز,أَنْشَبَ,APPROVED,,
AR03007,عَبَّأَ,فعل,62,1097;2433;2440;2442;2445;5356,جعل الشيءَ في وعاء أو غلاف للنقل أو الحفظ.,عبء,فَعَّلَ,v21:عبأ:المحكم — المعاني,v21:عبأ:مقاييس — المحور,,عَبَّأَ,APPROVED,,
AR03008,رَكَنَ,فعل,62,1098;2448,أوقف السيارةَ في موضع وتركها فيه.,ركن,فَعَلَ,roots-4662:ركن:المحكم — المعاني,roots-4662:ركن:مقاييس — المحور,roots-4662:ركن:الأساس — المجاز,رَكَنَ,APPROVED,,
AR03009,أَوْقَفَ,فعل,62,1098,جعل الشيءَ أو المركبة واقفة في موضع.,وقف,أَفْعَلَ,roots-4662:وقف:المحكم — المعاني,roots-4662:وقف:مقاييس — المحور,roots-4662:وقف:الأساس — المجاز,أَوْقَفَ,APPROVED,,
AR03010,كَوَّمَ,فعل,62,1099;2529,جمع الأشياءَ بعضها فوق بعض.,كوم,فَعَّلَ,roots-4662:كوم:المحكم — المعاني,roots-4662:كوم:مقاييس — المحور,,كَوَّمَ,APPROVED,,
AR03011,كَدَّسَ,فعل,62,1099;2529,ركّم الأشياءَ بعضها فوق بعض.,كدس,فَعَّلَ,roots-4662:كدس:المحكم — المعاني,roots-4662:كدس:مقاييس — النص,roots-4662:كدس:الأساس — المجاز,كَدَّسَ,APPROVED,,
AR03012,وَضْع,مصدر,62,1101,جعل الشيء في موضع معيّن.,وضع,فَعْلٌ,roots-4662:وضع:المحكم — المعاني,roots-4662:وضع:مقاييس — المحور,roots-4662:وضع:الأساس — المجاز,وَضْع,APPROVED,,
AR03013,نَصَبَ,فعل,62,1105;1109;13994,أقام الشيءَ قائماً مثبّتاً في موضعه.,نصب,فَعَلَ,roots-4662:نصب:المحكم — المعاني,roots-4662:نصب:مقاييس — المحور,,نَصَبَ,APPROVED,,
AR03014,لَطَخَ,فعل,62,1107;2487,لوّث الشيءَ بمادة لزجة أو ملوِّنة.,لطخ,فَعَلَ,roots-4662:لطخ:المحكم — المعاني,roots-4662:لطخ:مقاييس — المحور,,لَطَخَ,APPROVED,,
AR03015,دَهَنَ,فعل,62,1107;2511,بسط الدهنَ أو نحوه على سطح الشيء.,دهن,فَعَلَ,roots-4662:دهن:المحكم — المعاني,roots-4662:دهن:مقاييس — المحور,roots-4662:دهن:الأساس — المجاز,دَهَنَ,APPROVED,,
AR03016,أَقَامَ,فعل,62,1109,جعل الشيءَ قائماً منتصباً في موضعه.,قوم,أَفْعَلَ,roots-4662:قوم:المحكم — المعاني,roots-4662:قوم:مقاييس — المحور,roots-4662:قوم:الأساس — المجاز,أَقَامَ,APPROVED,,
AR03018,خَزَنَ,فعل,62,1113;3915,وضع الشيءَ في موضع يُحفظ فيه.,خزن,فَعَلَ,roots-4662:خزن:المحكم — المعاني,roots-4662:خزن:مقاييس — المحور,roots-4662:خزن:الأساس — المجاز,خَزَنَ,APPROVED,,
AR03020,دَسَّ,فعل,62,1114;1115;2530;4726,أدخل الشيءَ في غيره خفيةً أو بإحكام.,دسس,فَعَلَ,roots-4662:دسس:المحكم — المعاني,roots-4662:دسس:مقاييس — المحور,,دَسَّ,APPROVED,,
AR03021,لَفَّ,فعل,62,1116,أدار الشيءَ على غيره ليغطيه.,لفف,فَعَلَ,roots-4662:لفف:المحكم — المعاني,roots-4662:لفف:مقاييس — المحور,,لَفَّ,APPROVED,,
AR03022,غَلَّفَ,فعل,62,1116;5356,جعل للشيء غلافاً يحيط به.,غلف,فَعَّلَ,roots-4662:غلف:المحكم — المعاني,roots-4662:غلف:مقاييس — النص,,غَلَّفَ,APPROVED,,
AR03023,أَنْزَلَ,فعل,62,2435,جعل القومَ ينزلون في موضع ويقيمون فيه.,نزل,أَفْعَلَ,roots-4662:نزل:المحكم — المعاني,roots-4662:نزل:مقاييس — النص,roots-4662:نزل:الأساس — المجاز,أَنْزَلَ,APPROVED,,
AR03024,أَرْشَفَ,فعل,62,2441,وضع الوثائقَ في الأرشيف لحفظها.,,,,,,أَرْشَفَ,APPROVED,,مولَّد من دخيل؛ لا فعل عربي أصيل خاص بالوضع في الأرشيف
AR03027,أَقْعَدَ,فعل,62,2486,جعل غيرَه يقعد في موضع.,قعد,أَفْعَلَ,roots-4662:قعد:المحكم — المعاني,roots-4662:قعد:مقاييس — المحور,roots-4662:قعد:الأساس — المجاز,أَقْعَدَ,APPROVED,,
AR03029,رَشَّ,فعل,62,2488;2528;2571,فرّق السائلَ أو المسحوق على الشيء قطراتٍ أو ذرّات.,رشش,فَعَلَ,roots-4662:رشش:المحكم — المعاني,roots-4662:رشش:مقاييس — المحور,roots-4662:رشش:الأساس — المجاز,رَشَّ,APPROVED,,
AR03030,قَطَّرَ,فعل,62,2488,صبّ السائلَ قطرةً بعد قطرة.,قطر,فَعَّلَ,roots-4662:قطر:المحكم — المعاني,roots-4662:قطر:مقاييس — النص,roots-4662:قطر:الأساس — المجاز,قَطَّرَ,APPROVED,,
AR03031,مَسَحَ,فعل,62,2493;2546,أمرّ يدَه أو نحوها بالمادة على سطح الشيء.,مسح,فَعَلَ,roots-4662:مسح:المحكم — المعاني,roots-4662:مسح:مقاييس — المحور,roots-4662:مسح:الأساس — المجاز,مَسَحَ,APPROVED,,يُقيَّد بالخفة
AR03032,أَسْدَلَ,فعل,62,2496,أرخى الشيءَ مرسلاً على غيره.,سدل,أَفْعَلَ,roots-4662:سدل:المحكم — المعاني,roots-4662:سدل:مقاييس — المحور,roots-4662:سدل:الأساس — المجاز,أَسْدَلَ,APPROVED,,للستر والثوب المرسل
AR03033,ذَرَّ,فعل,62,2528,فرّق المسحوقَ الناعم على الشيء.,ذرر,فَعَلَ,roots-4662:ذرر:المحكم — المعاني,roots-4662:ذرر:مقاييس — المحور,roots-4662:ذرر:الأساس — المجاز,ذَرَّ,APPROVED,,
AR03035,دَلَكَ,فعل,62,2546,أمرّ المادةَ على السطح بالفرك.,دلك,فَعَلَ,roots-4662:دلك:المحكم — المعاني,roots-4662:دلك:مقاييس — المحور,roots-4662:دلك:الأساس — المجاز,دَلَكَ,APPROVED,,
AR03036,نَثَرَ,فعل,62,2571,ألقى الشيءَ متفرّقاً على غيره.,نثر,فَعَلَ,roots-4662:نثر:المحكم — المعاني,roots-4662:نثر:مقاييس — المحور,roots-4662:نثر:الأساس — المجاز,نَثَرَ,APPROVED,,
AR03037,أَغْمَدَ,فعل,62,3914,أدخل السيفَ أو السكين في غمده.,غمد,أَفْعَلَ,roots-4662:غمد:المحكم — المعاني,roots-4662:غمد:مقاييس — المحور,roots-4662:غمد:الأساس — المجاز,أَغْمَدَ,APPROVED,,
AR03038,تَنَكَّبَ,فعل,62,3916,حمل الشيءَ على منكبه.,نكب,تَفَعَّلَ,roots-4662:نكب:المحكم — المعاني,roots-4662:نكب:مقاييس — المحور,roots-4662:نكب:الأساس — المجاز,تَنَكَّبَ,APPROVED,,
AR03040,رَتَّبَ,فعل,62,11298,وضع الأشياءَ في مواضعها على نظام.,رتب,فَعَّلَ,roots-4662:رتب:المحكم — المعاني,,roots-4662:رتب:الأساس — المجاز,رَتَّبَ,APPROVED,,
AR03041,نَضَّدَ,فعل,62,11298,وضع الأشياءَ بعضها فوق بعض أو بجانب بعض على نسق.,نضد,فَعَّلَ,roots-4662:نضد:المحكم — المعاني,,roots-4662:نضد:الأساس — المجاز,نَضَّدَ,APPROVED,,
AR03042,أَرْفَقَ,فعل,62,14796,وضع الشيءَ مع غيره في طيّه.,رفق,أَفْعَلَ,roots-4662:رفق:المحكم — المعاني,roots-4662:رفق:مقاييس — المحور,roots-4662:رفق:الأساس — المجاز,أَرْفَقَ,APPROVED,,
AR03043,مَغْرُوس,اسم مفعول,62,16966,مُثبَت في غيره كما يُثبَت الغرس.,غرس,مَفْعُولٌ,roots-4662:غرس:المحكم — المعاني,roots-4662:غرس:مقاييس — النص,roots-4662:غرس:الأساس — المجاز,مَغْرُوس,APPROVED,,
AR03044,مَزْرُوع,اسم مفعول,62,16966,موضوع في الأرض أو في البدن ليثبت فيه.,زرع,مَفْعُولٌ,roots-4662:زرع:المحكم — المعاني,roots-4662:زرع:مقاييس — المحور,roots-4662:زرع:الأساس — المجاز,مَزْرُوع,APPROVED,,
AR03045,كَمَّمَ,فعل,62,17284,وضع على فم غيره ما يسدّه.,كمم,فَعَّلَ,roots-4662:كمم:المحكم — المعاني,roots-4662:كمم:مقاييس — المحور,,كَمَّمَ,APPROVED,,
AR03046,أَوْلَجَ,فعل,62,,أدخل الشيءَ في غيره.,ولج,أَفْعَلَ,roots-4662:ولج:المحكم — المعاني,roots-4662:ولج:مقاييس — المحور,,أَوْلَجَ,APPROVED,,AR_ONLY
AR03047,رَكَزَ,فعل,62,,غرز الشيءَ كالرمح في الأرض منتصباً.,ركز,فَعَلَ,roots-4662:ركز:المحكم — المعاني,roots-4662:ركز:مقاييس — المحور,roots-4662:ركز:الأساس — المجاز,رَكَزَ,APPROVED,,AR_ONLY
AR03048,رَصَّ,فعل,62,,ضمّ الأشياءَ بعضها إلى بعض متراصّة.,رصص,فَعَلَ,roots-4662:رصص:المحكم — المعاني,roots-4662:رصص:مقاييس — المحور,roots-4662:رصص:الأساس — المجاز,رَصَّ,APPROVED,,AR_ONLY
AR03049,أَلْصَقَ,فعل,62,,وضع الشيءَ على غيره فلزمه.,لصق,أَفْعَلَ,roots-4662:لصق:المحكم — المعاني,roots-4662:لصق:مقاييس — المحور,roots-4662:لصق:الأساس — المجاز,أَلْصَقَ,APPROVED,,AR_ONLY
AR03050,كَثِير,صفة مشبهة,189,3318;3322;3326;13232;13277;13746;13751;17269,مقدار أو عدد وافر من الشيء.,كثر,فَعِيلٌ,roots-4662:كثر:المحكم — المعاني,roots-4662:كثر:مقاييس — النص,,كَثِير,APPROVED,,
AR03051,كَمّ هَائِل,تركيب,189,3318;3320;3332,مقدار بالغ الكثرة من الشيء.,,,,,,كَمّ هَائِل,APPROVED,,
AR03052,كَوْمَة,اسم جامد,189,3319;3321,مقدار كبير من الشيء مجتمع بعضه فوق بعض.,كوم,فَعْلَةٌ,roots-4662:كوم:المحكم — المعاني,roots-4662:كوم:مقاييس — المحور,,كَوْمَة,APPROVED,,WAZN_L2_005 ← فَعْلٌ
AR03053,رُكَام,اسم جامد,189,3319;3321;11729,مقدار عظيم من الشيء متراكم بعضه على بعض.,ركم,فُعَالٌ,roots-4662:ركم:المحكم — المعاني,roots-4662:ركم:مقاييس — المحور,roots-4662:ركم:الأساس — المجاز,رُكَام,APPROVED,,
AR03055,نَزْر,صفة مشبهة,189,3323;3840,مقدار قليل جداً من الشيء.,نزر,فَعْلٌ,roots-4662:نزر:المحكم — المعاني,roots-4662:نزر:مقاييس — المحور,,نَزْر,APPROVED,,
AR03056,ذَرَّة,اسم جامد,189,3324;3342;16191,أدنى مقدار من الشيء يُتصوَّر.,ذرر,فَعْلَةٌ,roots-4662:ذرر:المحكم — المعاني,roots-4662:ذرر:مقاييس — المحور,roots-4662:ذرر:الأساس — المجاز,ذَرَّة,APPROVED,,WAZN_L2_005 ← فَعْلٌ
AR03058,كُتْلَة,اسم جامد,189,3325,جملة كبيرة من الشيء متجمّعة متلاصقة.,كتل,فُعْلَةٌ,roots-4662:كتل:المحكم — المعاني,roots-4662:كتل:مقاييس — المحور,,كُتْلَة,APPROVED,,WAZN_L2_005 ← فُعْلٌ
AR03059,وَفْرَة,مصدر,189,3333,كثرة الشيء وزيادته على الحاجة.,وفر,فَعْلَةٌ,roots-4662:وفر:المحكم — المعاني,roots-4662:وفر:مقاييس — المحور,roots-4662:وفر:الأساس — المجاز,وَفْرَة,APPROVED,,WAZN_L2_005 ← فَعْلٌ
AR03060,كَثْرَة,مصدر,189,3333,مقدار وافر من الشيء.,كثر,فَعْلَةٌ,roots-4662:كثر:المحكم — المعاني,roots-4662:كثر:مقاييس — النص,,كَثْرَة,APPROVED,,WAZN_L2_005 ← فَعْلٌ
AR03061,فَيْض,مصدر,189,3333;3336;3839,مقدار من الشيء كثير حتى يزيد ويفيض.,فيض,فَعْلٌ,roots-4662:فيض:المحكم — المعاني,roots-4662:فيض:مقاييس — المحور,roots-4662:فيض:الأساس — المجاز,فَيْض,APPROVED,,
AR03062,جَمّ غَفِير,تركيب,189,3335,عدد كثير جداً لا يكاد يُحصى.,,,,,,جَمّ غَفِير,APPROVED,,
AR03063,كَمِّيَّة,مصدر,189,3337;3381,مقدار من الشيء يُقاس أو يُعدّ.,كمم,,roots-4662:كمم:المحكم — المعاني,roots-4662:كمم:مقاييس — المحور,,كَمِّيَّة,APPROVED,مصدر صناعي من كَمّ,
AR03064,مِقْدَار,اسم جامد,189,3337;3381,قدرٌ من الشيء يُقدَّر به.,قدر,مِفْعَالٌ,roots-4662:قدر:المحكم — المعاني,roots-4662:قدر:مقاييس — المحور,roots-4662:قدر:الأساس — المجاز,مِقْدَار,APPROVED,,
AR03066,رَشَّة,اسم جامد,189,3339,مقدار يسير من مسحوق أو سائل يُرشّ مرّة.,رشش,فَعْلَةٌ,roots-4662:رشش:المحكم — المعاني,roots-4662:رشش:مقاييس — المحور,roots-4662:رشش:الأساس — المجاز,رَشَّة,APPROVED,,WAZN_L2_005 ← فَعْلٌ
AR03068,مَسْحَة,اسم جامد,189,3343,أثر خفيف من صفة أو حال.,مسح,فَعْلَةٌ,roots-4662:مسح:المحكم — المعاني,roots-4662:مسح:مقاييس — المحور,roots-4662:مسح:الأساس — المجاز,مَسْحَة,APPROVED,,WAZN_L2_005 ← فَعْلٌ
AR03069,قَدْر,اسم جامد,189,3369;3420;17269,مبلغ من الشيء أو درجة منه.,قدر,فَعْلٌ,roots-4662:قدر:المحكم — المعاني,roots-4662:قدر:مقاييس — المحور,roots-4662:قدر:الأساس — المجاز,قَدْر,APPROVED,,
AR03070,قِسْط,اسم جامد,189,3369,نصيب ومقدار من الشيء.,قسط,فِعْلٌ,roots-4662:قسط:المحكم — المعاني,roots-4662:قسط:مقاييس — المحور,,قِسْط,APPROVED,,
AR03071,دَرَجَة,اسم جامد,189,3420,مبلغ الشيء ومنزلته من الشدّة أو الكثرة.,درج,فَعَلَةٌ,roots-4662:درج:المحكم — المعاني,roots-4662:درج:مقاييس — المحور,roots-4662:درج:الأساس — المجاز,دَرَجَة,APPROVED,,WAZN_L2_005 ← فَعَلٌ
AR03072,سَيْل,اسم جامد,189,3836;3837;3838;3841,مقدار كثير من الشيء يتتابع متدفّقاً.,سيل,فَعْلٌ,roots-4662:سيل:المحكم — المعاني,roots-4662:سيل:مقاييس — المحور,roots-4662:سيل:الأساس — المجاز,سَيْل,APPROVED,,
AR03074,وَابِل,اسم جامد,189,3838,مقدار كثير من الشيء يتتابع بشدّة.,وبل,فَاعِلٌ,roots-4662:وبل:المحكم — المعاني,roots-4662:وبل:مقاييس — المحور,roots-4662:وبل:الأساس — المجاز,وَابِل,APPROVED,,
AR03075,مَوْجَة,اسم جامد,189,3842,زيادة مفاجئة في حدوث أمر أو انتشاره.,موج,فَعْلَةٌ,roots-4662:موج:المحكم — المعاني,roots-4662:موج:مقاييس — المحور,roots-4662:موج:الأساس — المجاز,مَوْجَة,APPROVED,,WAZN_L2_005 ← فَعْلٌ
AR03080,قَلِيل,صفة مشبهة,189,13276;13369;13370;13797;14733,مقدار أو عدد يسير من الشيء.,قلل,فَعِيلٌ,roots-4662:قلل:المحكم — المعاني,roots-4662:قلل:مقاييس — المحور,roots-4662:قلل:الأساس — المجاز,قَلِيل,APPROVED,,
AR03081,نَفَر,اسم جامد,189,13276,عدد قليل من الناس.,نفر,فَعَلٌ,roots-4662:نفر:المحكم — المعاني,roots-4662:نفر:مقاييس — المحور,roots-4662:نفر:الأساس — المجاز,نَفَر,APPROVED,,للناس خاصة
AR03086,كُلّ,اسم جامد,189,13747,جميع الشيء وتمامه دون استثناء.,كلل,فُعْلٌ,roots-4662:كلل:المحكم — المعاني,roots-4662:كلل:مقاييس — المحور,roots-4662:كلل:الأساس — المجاز,كُلّ,APPROVED,,
AR03088,وَفِير,صفة مشبهة,189,13751,كثير تام.,وفر,فَعِيلٌ,roots-4662:وفر:المحكم — المعاني,roots-4662:وفر:مقاييس — المحور,roots-4662:وفر:الأساس — المجاز,وَفِير,APPROVED,,
AR03089,لَا,حرف,189,13869,نافية للجنس تنفي وجود أيّ مقدار من الشيء.,,,,,,لَا,APPROVED,,
AR03092,كِلَا,اسم جامد,189,14734,الاثنان معاً دون استثناء.,كلو,فِعَلٌ,roots-4662:كلو:المحكم — المعاني,,,كِلَا,APPROVED,,ملحق بالمثنى؛ ومؤنثه كِلْتَا؛ ويُذكر في بعض المعاجم في مادة (كلا) | WAZN ← SIBAWAYH_EXISTS
AR03093,نُتْفَة,اسم جامد,189,15231,شيء يسير من العلم أو الخبر.,نتف,فُعْلَةٌ,roots-4662:نتف:المحكم — المعاني,roots-4662:نتف:مقاييس — المحور,roots-4662:نتف:الأساس — المجاز,نُتْفَة,APPROVED,,WAZN_L2_005 ← فُعْلٌ
AR03094,لَا بَأْسَ بِهِ,تركيب,189,15420,مقدار معتبر غير قليل.,,,,,,لَا بَأْسَ بِهِ,APPROVED,,يُستعمل صفة للعدد أو المقدار: عددٌ لا بأس به
AR03097,يَسِير,صفة مشبهة,189,,قليل هيّن.,يسر,فَعِيلٌ,roots-4662:يسر:المحكم — المعاني,roots-4662:يسر:مقاييس — المحور,roots-4662:يسر:الأساس — المجاز,يَسِير,APPROVED,,AR_ONLY
AR03098,غَيْض مِنْ فَيْض,تركيب,189,,قليل من كثير.,,,,,,غَيْض مِنْ فَيْض,APPROVED,,AR_ONLY
AR03099,أَخْلَى,فعل,63,1118;1129;1131,جعل المكان خالياً مما فيه أو ممن فيه.,خلو,أَفْعَلَ,roots-4662:خلو:المحكم — المعاني,roots-4662:خلو:مقاييس — المحور,,أَخْلَى,APPROVED,,
AR03100,أَزَالَ,فعل,63,1118;1126;1144,نحّى الشيء عن موضعه وأذهبه منه.,زول,أَفْعَلَ,roots-4662:زول:المحكم — المعاني,roots-4662:زول:مقاييس — المحور,roots-4662:زول:الأساس — المجاز,أَزَالَ,APPROVED,,
AR03102,نَبَذَ,فعل,63,1121,طرح الشيء وألقاه لقلة الاعتداد به.,نبذ,فَعَلَ,roots-4662:نبذ:المحكم — المعاني,roots-4662:نبذ:مقاييس — المحور,,نَبَذَ,APPROVED,,
AR03104,زَحْزَحَ,فعل,63,1122,أزال الشيء عن مكانه الذي ثبت فيه شيئاً فشيئاً.,زحح,فَعْلَلَ,roots-4662:زحح:المحكم — المعاني,roots-4662:زحح:مقاييس — المحور,,زَحْزَحَ,APPROVED,,في اللسان تحت زحح، ويذكر أيضاً زحزح
AR03105,اِقْتَلَعَ,فعل,63,1122,نزع الشيء من أصله الثابت فيه.,قلع,اِفْتَعَلَ,roots-4662:قلع:المحكم — المعاني,roots-4662:قلع:مقاييس — المحور,,اِقْتَلَعَ,APPROVED,,
AR03107,نَزَحَ,فعل,63,1123,استخرج الماء من البئر أو الموضع حتى يقل أو ينفد.,نزح,فَعَلَ,roots-4662:نزح:المحكم — المعاني,roots-4662:نزح:مقاييس — المحور,roots-4662:نزح:الأساس — المجاز,نَزَحَ,APPROVED,,
AR03108,أَخْرَجَ,فعل,63,1124;1134;8521,جعل الشيء أو الشخص يخرج من موضعه.,خرج,أَفْعَلَ,roots-4662:خرج:المحكم — المعاني,roots-4662:خرج:مقاييس — المحور,roots-4662:خرج:الأساس — المجاز,أَخْرَجَ,APPROVED,,
AR03109,قَذَفَ,فعل,63,1124,رمى الشيء بقوة إلى الخارج.,قذف,فَعَلَ,roots-4662:قذف:المحكم — المعاني,roots-4662:قذف:مقاييس — المحور,roots-4662:قذف:الأساس — المجاز,قَذَفَ,APPROVED,,
AR03110,إِخْرَاج,مصدر,63,1125;1127,جعل الشيء يخرج من موضعه.,خرج,إِفْعَالٌ,roots-4662:خرج:المحكم — المعاني,roots-4662:خرج:مقاييس — المحور,roots-4662:خرج:الأساس — المجاز,إِخْرَاج,APPROVED,,
AR03111,قَذْف,مصدر,63,1125,رمي الشيء بقوة إلى الخارج.,قذف,فَعْلٌ,roots-4662:قذف:المحكم — المعاني,roots-4662:قذف:مقاييس — المحور,roots-4662:قذف:الأساس — المجاز,قَذْف,APPROVED,,
AR03113,أَفْرَغَ,فعل,63,1128,أخرج ما في الوعاء حتى يخلو.,فرغ,أَفْعَلَ,roots-4662:فرغ:المحكم — المعاني,roots-4662:فرغ:مقاييس — المحور,roots-4662:فرغ:الأساس — المجاز,أَفْرَغَ,APPROVED,,
AR03114,فَرَّغَ,فعل,63,1128;4150,أخرج ما في الوعاء أو المركبة حتى يخلو.,فرغ,فَعَّلَ,roots-4662:فرغ:المحكم — المعاني,roots-4662:فرغ:مقاييس — المحور,roots-4662:فرغ:الأساس — المجاز,فَرَّغَ,APPROVED,,
AR03116,إِخْلَاء,مصدر,63,1130;1132,إخراج ما في المكان أو من فيه حتى يخلو.,خلو,إِفْعَالٌ,roots-4662:خلو:المحكم — المعاني,roots-4662:خلو:مقاييس — المحور,,إِخْلَاء,APPROVED,,
AR03120,قَطَعَ,فعل,63,1133;15163,فصل جزءاً من الشيء بأداة حادة.,قطع,فَعَلَ,roots-4662:قطع:المحكم — المعاني,roots-4662:قطع:مقاييس — المحور,roots-4662:قطع:الأساس — المجاز,قَطَعَ,APPROVED,,
AR03122,مَحَا,فعل,63,1136,أذهب أثر الشيء حتى لا يبقى منه شيء.,محو,فَعَلَ,roots-4662:محو:المحكم — المعاني,roots-4662:محو:مقاييس — المحور,,مَحَا,APPROVED,,
AR03124,اِسْتَخْرَجَ,فعل,63,1137,أخرج الشيء من موضعه بجهد.,خرج,اِسْتَفْعَلَ,roots-4662:خرج:المحكم — المعاني,roots-4662:خرج:مقاييس — المحور,roots-4662:خرج:الأساس — المجاز,اِسْتَخْرَجَ,APPROVED,,
AR03125,اِنْتَزَعَ,فعل,63,1137;1140;15161,أخذ الشيء من موضعه أو من يد غيره بقوة.,نزع,اِفْتَعَلَ,roots-4662:نزع:المحكم — المعاني,roots-4662:نزع:مقاييس — المحور,roots-4662:نزع:الأساس — المجاز,اِنْتَزَعَ,APPROVED,,
AR03126,أَقْصَى,فعل,63,1138,أبعد الشخص عن مكانه أو منصبه.,قصو,أَفْعَلَ,roots-4662:قصو:المحكم — المعاني,roots-4662:قصو:مقاييس — المحور,roots-4662:قصو:الأساس — المجاز,أَقْصَى,APPROVED,,
AR03127,أَزَاحَ,فعل,63,1138,نحّى الشيء أو الشخص عن موضعه.,زيح,أَفْعَلَ,roots-4662:زيح:المحكم — المعاني,roots-4662:زيح:مقاييس — المحور,,أَزَاحَ,APPROVED,,
AR03128,نَتَفَ,فعل,63,1139,نزع الشعر أو الريش ونحوه بأطراف الأصابع.,نتف,فَعَلَ,roots-4662:نتف:المحكم — المعاني,roots-4662:نتف:مقاييس — المحور,roots-4662:نتف:الأساس — المجاز,نَتَفَ,APPROVED,,
AR03129,قَطَفَ,فعل,63,1139,قطع الثمر أو الزهر من شجره.,قطف,فَعَلَ,roots-4662:قطف:المحكم — المعاني,roots-4662:قطف:مقاييس — المحور,roots-4662:قطف:الأساس — المجاز,قَطَفَ,APPROVED,,
AR03132,إِزَالَة,مصدر,63,1143,تنحية الشيء عن موضعه وإذهابه.,زول,إِفَالَةٌ,roots-4662:زول:المحكم — المعاني,roots-4662:زول:مقاييس — المحور,roots-4662:زول:الأساس — المجاز,إِزَالَة,APPROVED,,WAZN ← L2_015 المالك
AR03133,نَزْع,مصدر,63,1143,قلع الشيء من مكانه.,نزع,فَعْلٌ,roots-4662:نزع:المحكم — المعاني,roots-4662:نزع:مقاييس — المحور,roots-4662:نزع:الأساس — المجاز,نَزْع,APPROVED,,
AR03134,نَزَعَ,فعل,63,1144,قلع الشيء من مكانه وأخذه.,نزع,فَعَلَ,roots-4662:نزع:المحكم — المعاني,roots-4662:نزع:مقاييس — المحور,roots-4662:نزع:الأساس — المجاز,نَزَعَ,APPROVED,,
AR03135,كَشَطَ,فعل,63,1145;15073,أزال ما على سطح الشيء بقشره عنه.,كشط,فَعَلَ,roots-4662:كشط:المحكم — المعاني,roots-4662:كشط:مقاييس — المحور,roots-4662:كشط:الأساس — المجاز,كَشَطَ,APPROVED,,تقريب: لا فعل مخصوص بإزالة ما يطفو
AR03136,خَطِفَ,فعل,63,1146,أخذ الشيء بسرعة واستلاب.,خطف,فَعِلَ,roots-4662:خطف:المحكم — المعاني,roots-4662:خطف:مقاييس — المحور,roots-4662:خطف:الأساس — المجاز,خَطِفَ,APPROVED,,في اللسان خَطِفَ وخَطَفَ
AR03137,اِخْتَطَفَ,فعل,63,1146,أخذ الشيء بسرعة وانتزعه.,خطف,اِفْتَعَلَ,roots-4662:خطف:المحكم — المعاني,roots-4662:خطف:مقاييس — المحور,roots-4662:خطف:الأساس — المجاز,اِخْتَطَفَ,APPROVED,,
AR03140,سَرَقَ,فعل,63,1148,أخذ مال غيره خفية.,سرق,فَعَلَ,roots-4662:سرق:المحكم — المعاني,roots-4662:سرق:مقاييس — المحور,roots-4662:سرق:الأساس — المجاز,سَرَقَ,APPROVED,,
AR03141,نَشَلَ,فعل,63,1148,أخذ الشيء خفية بسرعة.,نشل,فَعَلَ,roots-4662:نشل:المحكم — المعاني,roots-4662:نشل:مقاييس — المحور,,نَشَلَ,APPROVED,,
AR03143,سَحَبَ,فعل,63,1150,أخذ الشيء من موضعه وأبعده عنه.,سحب,فَعَلَ,roots-4662:سحب:المحكم — المعاني,roots-4662:سحب:مقاييس — المحور,roots-4662:سحب:الأساس — المجاز,سَحَبَ,APPROVED,,
AR03144,سَحْب,مصدر,63,1151,أخذ الشيء من موضعه وإبعاده.,سحب,فَعْلٌ,roots-4662:سحب:المحكم — المعاني,roots-4662:سحب:مقاييس — المحور,roots-4662:سحب:الأساس — المجاز,سَحْب,APPROVED,,
AR03145,أَنْزَلَ,فعل,63,4150,حطّ البضاعة من المركبة إلى الأرض.,نزل,أَفْعَلَ,roots-4662:نزل:المحكم — المعاني,roots-4662:نزل:مقاييس — النص,roots-4662:نزل:الأساس — المجاز,أَنْزَلَ,APPROVED,,
AR03147,نَقَّحَ,فعل,63,4153,هذّب الكلام وأسقط منه ما لا يصلح.,نقح,فَعَّلَ,roots-4662:نقح:المحكم — المعاني,roots-4662:نقح:مقاييس — المحور,roots-4662:نقح:الأساس — المجاز,نَقَّحَ,APPROVED,,
AR03148,غَسَلَ,فعل,63,5373;5428,أزال الوسخ بالماء ونحوه.,غسل,فَعَلَ,roots-4662:غسل:المحكم — المعاني,roots-4662:غسل:مقاييس — المحور,roots-4662:غسل:الأساس — المجاز,غَسَلَ,APPROVED,,
AR03150,أَنْهَضَ,فعل,63,8521,أقام غيره من مكانه وحمله على الحركة.,نهض,أَفْعَلَ,roots-4662:نهض:المحكم — المعاني,roots-4662:نهض:مقاييس — المحور,roots-4662:نهض:الأساس — المجاز,أَنْهَضَ,APPROVED,,
AR03151,نَفَضَ,فعل,63,9371,حرّك الشيء ليسقط عنه الغبار.,نفض,فَعَلَ,roots-4662:نفض:المحكم — المعاني,roots-4662:نفض:مقاييس — المحور,roots-4662:نفض:الأساس — المجاز,نَفَضَ,APPROVED,,
AR03152,اِسْتِخْرَاج,مصدر,63,13762,إخراج الشيء من موضعه بجهد.,خرج,اِسْتِفْعَالٌ,roots-4662:خرج:المحكم — المعاني,roots-4662:خرج:مقاييس — المحور,roots-4662:خرج:الأساس — المجاز,اِسْتِخْرَاج,APPROVED,,WAZN ← L2_006 مص من اِسْتَفْعَلَ
AR03153,اِنْتِزَاع,مصدر,63,13762,أخذ الشيء من موضعه بقوة.,نزع,اِفْتِعَالٌ,roots-4662:نزع:المحكم — المعاني,roots-4662:نزع:مقاييس — المحور,roots-4662:نزع:الأساس — المجاز,اِنْتِزَاع,APPROVED,,WAZN ← L2_006 مص من اِفْتَعَلَ
AR03154,خَلْع,مصدر,63,13762,نزع الشيء من موضعه كالسن والضرس.,خلع,فَعْلٌ,roots-4662:خلع:المحكم — المعاني,roots-4662:خلع:مقاييس — المحور,roots-4662:خلع:الأساس — المجاز,خَلْع,APPROVED,,
AR03156,مَزَّقَ,فعل,63,15161;15162,شقّ الشيء وانتزع منه قطعاً.,مزق,فَعَّلَ,roots-4662:مزق:المحكم — المعاني,roots-4662:مزق:مقاييس — المحور,roots-4662:مزق:الأساس — المجاز,مَزَّقَ,APPROVED,,
AR03157,اِقْتَطَعَ,فعل,63,15162;15163,أخذ قطعة من الشيء وفصلها عنه.,قطع,اِفْتَعَلَ,roots-4662:قطع:المحكم — المعاني,roots-4662:قطع:مقاييس — المحور,roots-4662:قطع:الأساس — المجاز,اِقْتَطَعَ,APPROVED,,
AR03159,لَفَظَ,فعل,63,15616,رمى بالشيء من فمه.,لفظ,فَعَلَ,roots-4662:لفظ:المحكم — المعاني,roots-4662:لفظ:مقاييس — النص,,لَفَظَ,APPROVED,,
AR03160,قَاءَ,فعل,63,15616,أخرج ما في معدته من فمه.,قيء,فَعَلَ,roots-4662:قيء:المحكم — المعاني,roots-4662:قيء:مقاييس — النص,,قَاءَ,APPROVED,,
AR03162,نَقَّى,فعل,63,15781,أزال من الشيء ما يشوبه من غير المرغوب فيه.,نقي,فَعَّلَ,roots-4662:نقي:المحكم — المعاني,roots-4662:نقي:مقاييس — المحور,roots-4662:نقي:الأساس — المجاز,نَقَّى,APPROVED,,
AR03164,أَمَاطَ,فعل,63,,نحّى الأذى ونحوه عن الطريق أو الموضع.,ميط,أَفْعَلَ,roots-4662:ميط:المحكم — المعاني,roots-4662:ميط:مقاييس — النص,,أَمَاطَ,APPROVED,,AR_ONLY
AR03165,نَحَّى,فعل,63,,أبعد الشيء عن موضعه إلى جانب.,نحو,فَعَّلَ,roots-4662:نحو:المحكم — المعاني,roots-4662:نحو:مقاييس — المحور,roots-4662:نحو:الأساس — المجاز,نَحَّى,APPROVED,,AR_ONLY
AR03167,كَنَسَ,فعل,63,,أزال الغبار والقمامة عن الأرض بالمكنسة.,كنس,فَعَلَ,roots-4662:كنس:المحكم — المعاني,roots-4662:كنس:مقاييس — المحور,roots-4662:كنس:الأساس — المجاز,كَنَسَ,APPROVED,,AR_ONLY
AR03168,قَشَرَ,فعل,63,,نزع القشر عن الشيء.,قشر,فَعَلَ,roots-4662:قشر:المحكم — المعاني,roots-4662:قشر:مقاييس — المحور,roots-4662:قشر:الأساس — المجاز,قَشَرَ,APPROVED,,AR_ONLY
AR03176,فَتَّشَ,فعل,31,447;454;4338;11061;11275;15669,طلب الشيء في موضع وقلّب ما فيه.,فتش,فَعَّلَ,roots-4662:فتش:المحكم — المعاني,roots-4662:فتش:مقاييس — المحور,,فَتَّشَ,APPROVED,,
AR03181,مَسَحَ,فعل,31,450;8320,أمرّ نظره أو جهازه على موضع ليقف على ما فيه.,مسح,فَعَلَ,roots-4662:مسح:المحكم — المعاني,roots-4662:مسح:مقاييس — المحور,roots-4662:مسح:الأساس — المجاز,مَسَحَ,APPROVED,,استعمال معاصر
AR03182,تَفَحَّصَ,فعل,31,451;458;13100,نظر في الشيء نظراً دقيقاً متتبعاً تفاصيله.,فحص,تَفَعَّلَ,roots-4662:فحص:المحكم — المعاني,roots-4662:فحص:مقاييس — المحور,roots-4662:فحص:الأساس — المجاز,تَفَحَّصَ,APPROVED,,
AR03183,تَمَعَّنَ,فعل,31,451,أطال النظر في الشيء وأنعمه.,معن,تَفَعَّلَ,roots-4662:معن:المحكم — المعاني,roots-4662:معن:مقاييس — المحور,roots-4662:معن:الأساس — المجاز,تَمَعَّنَ,APPROVED,,
AR03184,دَقَّقَ,فعل,31,451,نظر في الأمر نظراً بالغ العناية.,دقق,فَعَّلَ,roots-4662:دقق:المحكم — المعاني,roots-4662:دقق:مقاييس — المحور,roots-4662:دقق:الأساس — المجاز,دَقَّقَ,APPROVED,,
AR03185,تَدْقِيق,مصدر,31,452,النظر البالغ العناية في الشيء.,دقق,تَفْعِيلٌ,roots-4662:دقق:المحكم — المعاني,roots-4662:دقق:مقاييس — المحور,roots-4662:دقق:الأساس — المجاز,تَدْقِيق,APPROVED,,
AR03186,تَمْحِيص,مصدر,31,452,اختبار الشيء وفحصه لتمييز صحيحه من فاسده.,محص,تَفْعِيلٌ,roots-4662:محص:المحكم — المعاني,roots-4662:محص:مقاييس — المحور,roots-4662:محص:الأساس — المجاز,تَمْحِيص,APPROVED,,
AR03187,فَحْص,مصدر,31,452;17279,النظر في الشيء لمعرفة حاله.,فحص,فَعْلٌ,roots-4662:فحص:المحكم — المعاني,roots-4662:فحص:مقاييس — المحور,roots-4662:فحص:الأساس — المجاز,فَحْص,APPROVED,,
AR03189,تَفْتِيش,مصدر,31,453,طلب الشيء في موضع بتقليب ما فيه.,فتش,تَفْعِيلٌ,roots-4662:فتش:المحكم — المعاني,roots-4662:فتش:مقاييس — المحور,,تَفْتِيش,APPROVED,,
AR03190,دِرَاسَة,مصدر,31,455,النظر المفصّل في موضوع أو حالة للوقوف على حقيقتها.,درس,فِعَالَةٌ,roots-4662:درس:المحكم — المعاني,roots-4662:درس:مقاييس — المحور,roots-4662:درس:الأساس — المجاز,دِرَاسَة,APPROVED,,WAZN_L2_005 ← فِعَالٌ
AR03191,دَرَسَ,فعل,31,456,نظر في الشيء مدقّقاً ليعرفه.,درس,فَعَلَ,roots-4662:درس:المحكم — المعاني,roots-4662:درس:مقاييس — المحور,roots-4662:درس:الأساس — المجاز,دَرَسَ,APPROVED,,
AR03193,مَسْح,مصدر,31,457;8321,النظر الشامل في منطقة أو موضوع لاستقصاء ما فيه.,مسح,فَعْلٌ,roots-4662:مسح:المحكم — المعاني,roots-4662:مسح:مقاييس — المحور,roots-4662:مسح:الأساس — المجاز,مَسْح,APPROVED,,
AR03197,سَبَرَ,فعل,31,4283,اختبر الشيء ونظر في غوره.,سبر,فَعَلَ,roots-4662:سبر:المحكم — المعاني,roots-4662:سبر:مقاييس — النص,roots-4662:سبر:الأساس — المجاز,سَبَرَ,APPROVED,,في اللسان: سبر الجرح نظر ما غوره
AR03198,فَحَصَ,فعل,31,4283;8215,نظر في الشيء ليعرف حاله.,فحص,فَعَلَ,roots-4662:فحص:المحكم — المعاني,roots-4662:فحص:مقاييس — المحور,roots-4662:فحص:الأساس — المجاز,فَحَصَ,APPROVED,,
AR03199,اِسْتَكْشَفَ,فعل,31,4284;4341;15026,طلب كشف ما في الموضع أو الأمر.,كشف,اِسْتَفْعَلَ,roots-4662:كشف:المحكم — المعاني,roots-4662:كشف:مقاييس — المحور,roots-4662:كشف:الأساس — المجاز,اِسْتَكْشَفَ,APPROVED,,
AR03200,مُفَتِّش,اسم فاعل,31,4291,موظّف يتحقق من التزام الناس بالأنظمة.,فتش,مُفَعِّلٌ,roots-4662:فتش:المحكم — المعاني,roots-4662:فتش:مقاييس — المحور,,مُفَتِّش,APPROVED,,WAZN ← L2_006 فا من فَعَّلَ
AR03202,غَرْبَلَ,فعل,31,4337,فحص الشيء فحصاً يعزل نافعه عن غيره.,غربل,فَعْلَلَ,v21:غربل:المحكم — المعاني,,,غَرْبَلَ,APPROVED,,
AR03203,مَحَّصَ,فعل,31,4337,اختبر الشيء وخلّصه مما يشوبه.,محص,فَعَّلَ,roots-4662:محص:المحكم — المعاني,roots-4662:محص:مقاييس — المحور,roots-4662:محص:الأساس — المجاز,مَحَّصَ,APPROVED,,
AR03204,نَبَشَ,فعل,31,4338;15669,قلّب الأشياء بحثاً عن شيء دون ترتيب.,نبش,فَعَلَ,roots-4662:نبش:المحكم — المعاني,roots-4662:نبش:مقاييس — النص,roots-4662:نبش:الأساس — المجاز,نَبَشَ,APPROVED,,
AR03205,مَسَّاح,صيغة مبالغة,31,4339,من حرفته مساحة الأراضي والأبنية.,مسح,فَعَّالٌ,roots-4662:مسح:المحكم — المعاني,roots-4662:مسح:مقاييس — المحور,roots-4662:مسح:الأساس — المجاز,مَسَّاح,APPROVED,,POS_L2_007:MUBALAGHA؛ صيغة حرفة
AR03207,تَفَرَّسَ,فعل,31,6920,نظر في الشيء متثبتاً ليعرف حقيقته.,فرس,تَفَعَّلَ,,roots-4662:فرس:مقاييس — المحور,,تَفَرَّسَ,APPROVED,,
AR03208,تَفَقَّدَ,فعل,31,8215,نظر في الشيء ليعرف حاله.,فقد,تَفَعَّلَ,roots-4662:فقد:المحكم — المعاني,roots-4662:فقد:مقاييس — المحور,,تَفَقَّدَ,APPROVED,,
AR03209,مَشَّطَ,فعل,31,8320;11060;11276,فتّش المنطقة تفتيشاً شاملاً منظماً.,مشط,فَعَّلَ,roots-4662:مشط:المحكم — المعاني,roots-4662:مشط:مقاييس — النص,roots-4662:مشط:الأساس — المجاز,مَشَّطَ,APPROVED,,استعمال معاصر
AR03210,تَمْشِيط,مصدر,31,8321,التفتيش الشامل المنظّم لمنطقة.,مشط,تَفْعِيلٌ,roots-4662:مشط:المحكم — المعاني,roots-4662:مشط:مقاييس — النص,roots-4662:مشط:الأساس — المجاز,تَمْشِيط,APPROVED,,استعمال معاصر
AR03211,رَاجَعَ,فعل,31,8520,أعاد النظر في الشيء ليتأكد من صحته.,رجع,فَاعَلَ,roots-4662:رجع:المحكم — المعاني,roots-4662:رجع:مقاييس — المحور,roots-4662:رجع:الأساس — المجاز,رَاجَعَ,APPROVED,,لا يتضمن معنى التكرار صراحة في تثبّت
AR03214,نَظْرَة سَرِيعَة,تركيب,31,10960,فحص عجِل للشيء.,,,,,,نَظْرَة سَرِيعَة,APPROVED,,
AR03215,تَقَصَّى,فعل,31,11060;11276,تتبّع الشيء إلى أقصاه.,قصو,تَفَعَّلَ,roots-4662:قصو:المحكم — المعاني,roots-4662:قصو:مقاييس — المحور,roots-4662:قصو:الأساس — المجاز,تَقَصَّى,APPROVED,,الجذر في اللسان قصا
AR03216,رَاقَبَ,فعل,31,11592,رصد الشيء وتابع حاله مدة.,رقب,فَاعَلَ,roots-4662:رقب:المحكم — المعاني,roots-4662:رقب:مقاييس — المحور,roots-4662:رقب:الأساس — المجاز,رَاقَبَ,APPROVED,,
AR03217,رَصَدَ,فعل,31,11592,ترقّب الشيء وتابعه.,رصد,فَعَلَ,roots-4662:رصد:المحكم — المعاني,roots-4662:رصد:مقاييس — المحور,roots-4662:رصد:الأساس — المجاز,رَصَدَ,APPROVED,,
AR03219,مُرَاقَبَة,مصدر,31,13743;13883,رصد الشيء ومتابعة حاله مدة.,رقب,مُفَاعَلَةٌ,roots-4662:رقب:المحكم — المعاني,roots-4662:رقب:مقاييس — المحور,roots-4662:رقب:الأساس — المجاز,مُرَاقَبَة,APPROVED,,WAZN ← L2_006 مص من فَاعَلَ
AR03220,رَصْد,مصدر,31,13743;13883,ترقّب الشيء ومتابعته.,رصد,فَعْلٌ,roots-4662:رصد:المحكم — المعاني,roots-4662:رصد:مقاييس — المحور,roots-4662:رصد:الأساس — المجاز,رَصْد,APPROVED,,
AR03221,غَيْرُ مُرَاقَب,تركيب,31,13871,لا يخضع للرصد والمتابعة.,,,,,,غَيْرُ مُرَاقَب,APPROVED,,
AR03222,أَجْهِزَةُ المُرَاقَبَة,تركيب,31,14006,الأدوات والمعدّات التي تُستعمل في المراقبة.,,,,,,أَجْهِزَةُ المُرَاقَبَة,APPROVED,,
AR03223,تَفَحُّص,مصدر,31,17279,النظر الدقيق في الشيء.,فحص,تَفَعُّلٌ,roots-4662:فحص:المحكم — المعاني,roots-4662:فحص:مقاييس — المحور,roots-4662:فحص:الأساس — المجاز,تَفَحُّص,APPROVED,,WAZN ← L2_006 مص من تَفَعَّلَ
AR03224,اِسْتِكْشَاف,مصدر,31,17301,طلب كشف ما في الموضع.,كشف,اِسْتِفْعَالٌ,roots-4662:كشف:المحكم — المعاني,roots-4662:كشف:مقاييس — المحور,roots-4662:كشف:الأساس — المجاز,اِسْتِكْشَاف,APPROVED,,WAZN ← L2_006 مص من اِسْتَفْعَلَ
AR03225,رَقِيب,صفة مشبهة,31,,من يتولّى رصد غيره ومتابعته.,رقب,فَعِيلٌ,roots-4662:رقب:المحكم — المعاني,roots-4662:رقب:مقاييس — المحور,roots-4662:رقب:الأساس — المجاز,رَقِيب,APPROVED,,AR_ONLY
AR03227,نَقَّبَ,فعل,31,,بحث عن الشيء بحثاً مستقصياً.,نقب,فَعَّلَ,roots-4662:نقب:المحكم — المعاني,roots-4662:نقب:مقاييس — المحور,,نَقَّبَ,APPROVED,,AR_ONLY
AR03229,اِسْتَقْرَأَ,فعل,31,,تتبّع الجزئيات واحداً واحداً ليقف على حكمها.,قرء,اِسْتَفْعَلَ,roots-4662:قرء:المحكم — المعاني,,,اِسْتَقْرَأَ,APPROVED,,AR_ONLY
AR03230,تَمَشَّى,فعل,64,1152;1196;1210;1240,مشى على مهلٍ متنزّهاً من غير عجلة ولا قصدٍ ملحّ.,مشي,تَفَعَّلَ,roots-4662:مشي:المحكم — المعاني,roots-4662:مشي:مقاييس — المحور,roots-4662:مشي:الأساس — المجاز,تَمَشَّى,APPROVED,,
AR03231,تَهَادَى,فعل,64,1152;1210,مشى مشياً رفيقاً متمهّلاً فيه تمايلٌ خفيف.,هدي,تَفَاعَلَ,roots-4662:هدي:المحكم — المعاني,roots-4662:هدي:مقاييس — النص,roots-4662:هدي:الأساس — المجاز,تَهَادَى,APPROVED,,
AR03232,تَرَاجَعَ,فعل,64,1153,تحرّك إلى الخلف عائداً عن موضعه.,رجع,تَفَاعَلَ,roots-4662:رجع:المحكم — المعاني,roots-4662:رجع:مقاييس — المحور,roots-4662:رجع:الأساس — المجاز,تَرَاجَعَ,APPROVED,,
AR03233,تَقَهْقَرَ,فعل,64,1153,رجع إلى الوراء القهقرى ووجهُه إلى ما أمامه.,قهقر,تَفَعْلَلَ,,,,تَقَهْقَرَ,APPROVED,,
AR03234,اِقْتَحَمَ,فعل,64,1154;6649,دخل المكانَ أو اندفع فيه بشدّةٍ وعنفٍ غيرَ مبالٍ بما يعترضه.,قحم,اِفْتَعَلَ,roots-4662:قحم:المحكم — المعاني,roots-4662:قحم:مقاييس — المحور,roots-4662:قحم:الأساس — المجاز,اِقْتَحَمَ,APPROVED,,
AR03235,اِنْدَفَعَ,فعل,64,1154;1170;1190;1208;15318,مضى بقوّةٍ واندفاعٍ مفاجئٍ نحو جهةٍ ما.,دفع,اِنْفَعَلَ,roots-4662:دفع:المحكم — المعاني,roots-4662:دفع:مقاييس — المحور,roots-4662:دفع:الأساس — المجاز,اِنْدَفَعَ,APPROVED,,
AR03236,وَثَبَ,فعل,64,1157;1185;1186;1201;1228,انتقل بطفرةٍ من الأرض قافزاً بقوّة رجليه.,وثب,فَعَلَ,roots-4662:وثب:المحكم — المعاني,roots-4662:وثب:مقاييس — النص,roots-4662:وثب:الأساس — المجاز,وَثَبَ,APPROVED,,
AR03237,قَفَزَ,فعل,64,1157;1185;1228,ارتفع عن الأرض بدفع رجليه منتقلاً من موضعٍ إلى آخر.,قفز,فَعَلَ,roots-4662:قفز:المحكم — المعاني,roots-4662:قفز:مقاييس — المحور,roots-4662:قفز:الأساس — المجاز,قَفَزَ,APPROVED,,
AR03238,اِنْسَرَبَ,فعل,64,1158,دخل في سَرَبٍ أو نفقٍ تحت الأرض ومضى فيه.,سرب,اِنْفَعَلَ,roots-4662:سرب:المحكم — المعاني,roots-4662:سرب:مقاييس — المحور,roots-4662:سرب:الأساس — المجاز,اِنْسَرَبَ,APPROVED,,يغطّي الحركة في الجحر لا الحفر نفسه
AR03239,مَاجَ,فعل,64,1159,اضطرب الناس وتحرّكوا في نشاطٍ وجلبةٍ يختلط بعضهم ببعض.,موج,فَعَلَ,roots-4662:موج:المحكم — المعاني,roots-4662:موج:مقاييس — المحور,roots-4662:موج:الأساس — المجاز,مَاجَ,APPROVED,,
AR03240,قَرَّبَ,فعل,64,1160,عدا الفرس عدواً دون الإحضار وفوق الخَبَب يرفع يديه معاً ويضعهما معاً.,قرب,فَعَّلَ,roots-4662:قرب:المحكم — المعاني,roots-4662:قرب:مقاييس — المحور,roots-4662:قرب:الأساس — المجاز,قَرَّبَ,APPROVED,,التقريب ضرب من عدو الفرس
AR03241,تَوَاثَبَ,فعل,64,1161;1175,وثب وثبةً بعد أخرى نشاطاً ولعباً.,وثب,تَفَاعَلَ,roots-4662:وثب:المحكم — المعاني,roots-4662:وثب:مقاييس — النص,roots-4662:وثب:الأساس — المجاز,تَوَاثَبَ,APPROVED,,
AR03242,تَسَلَّقَ,فعل,64,1162;1163;1214,صعد مرتفعاً متشبّثاً بيديه ورجليه في جهدٍ ومشقّة.,سلق,تَفَعَّلَ,roots-4662:سلق:المحكم — المعاني,roots-4662:سلق:مقاييس — النص,roots-4662:سلق:الأساس — المجاز,تَسَلَّقَ,APPROVED,,
AR03244,اِرْتَقَى,فعل,64,1163,علا وصعد درجةً بعد درجة.,رقي,اِفْتَعَلَ,roots-4662:رقي:المحكم — المعاني,roots-4662:رقي:مقاييس — النص,roots-4662:رقي:الأساس — المجاز,اِرْتَقَى,APPROVED,,
AR03245,زَحَفَ,فعل,64,1165;1166,مشى على بطنه أو جرّ جسده على الأرض متقدّماً ببطء.,زحف,فَعَلَ,roots-4662:زحف:المحكم — المعاني,roots-4662:زحف:مقاييس — المحور,roots-4662:زحف:الأساس — المجاز,زَحَفَ,APPROVED,,
AR03247,دَبَّ,فعل,64,1166,مشى مشياً خفيفاً بطيئاً قريباً من الأرض.,دبب,فَعَلَ,roots-4662:دبب:المحكم — المعاني,roots-4662:دبب:مقاييس — المحور,,دَبَّ,APPROVED,,
AR03248,رَقَصَ,فعل,64,1167,حرّك جسده حركاتٍ موزونةً متتابعةً على إيقاعٍ أو في خفّةٍ ونشاط.,رقص,فَعَلَ,roots-4662:رقص:المحكم — المعاني,roots-4662:رقص:مقاييس — المحور,roots-4662:رقص:الأساس — المجاز,رَقَصَ,APPROVED,,
AR03250,مَرَقَ,فعل,64,1168;17323,نفذ ومضى بسرعةٍ خاطفةٍ كما يمرق السهم.,مرق,فَعَلَ,roots-4662:مرق:المحكم — المعاني,roots-4662:مرق:مقاييس — المحور,roots-4662:مرق:الأساس — المجاز,مَرَقَ,APPROVED,,
AR03251,اِنْدِفَاع,مصدر,64,1169,المضيّ السريع المفاجئ بقوّةٍ نحو جهةٍ ما.,دفع,اِنْفِعَالٌ,roots-4662:دفع:المحكم — المعاني,roots-4662:دفع:مقاييس — المحور,roots-4662:دفع:الأساس — المجاز,اِنْدِفَاع,APPROVED,,WAZN ← L2_006 مص من اِنْفَعَلَ
AR03252,هَرَعَ,فعل,64,1170;1208,أسرع في سيره مستعجلاً نحو مقصده.,هرع,فَعَلَ,roots-4662:هرع:المحكم — المعاني,roots-4662:هرع:مقاييس — المحور,,هَرَعَ,APPROVED,,
AR03253,زَفَّ,فعل,64,1171,أسرع في خفّةٍ مع مقاربة الخطو كما يزفّ الطائر.,زفف,فَعَلَ,roots-4662:زفف:المحكم — المعاني,roots-4662:زفف:مقاييس — المحور,roots-4662:زفف:الأساس — المجاز,زَفَّ,APPROVED,,
AR03254,مَرِحَ,فعل,64,1173;1206,تحرّك في نشاطٍ وخفّةٍ وفرحٍ لاهياً.,مرح,فَعِلَ,roots-4662:مرح:المحكم — المعاني,roots-4662:مرح:مقاييس — المحور,roots-4662:مرح:الأساس — المجاز,مَرِحَ,APPROVED,,
AR03255,رَتَعَ,فعل,64,1173,تنقّل لاهياً لاعباً في سعةٍ وخِصب.,رتع,فَعَلَ,roots-4662:رتع:المحكم — المعاني,roots-4662:رتع:مقاييس — النص,roots-4662:رتع:الأساس — المجاز,رَتَعَ,APPROVED,,
AR03257,سَاحَ,فعل,64,1174;14010,ذهب في الأرض متنقّلاً من بلدٍ إلى بلد.,سيح,فَعَلَ,roots-4662:سيح:المحكم — المعاني,roots-4662:سيح:مقاييس — النص,roots-4662:سيح:الأساس — المجاز,سَاحَ,APPROVED,,
AR03258,أَسْرَعَ,فعل,64,1176;1182,عجّل في سيره وزاد من سرعته.,سرع,أَفْعَلَ,roots-4662:سرع:المحكم — المعاني,roots-4662:سرع:مقاييس — المحور,,أَسْرَعَ,APPROVED,,
AR03260,مَسِيرَة,مصدر,64,1177;1192,سيرٌ طويلٌ على الأقدام يقطع فيه الماشي مسافةً بعيدة.,سير,مَفْعِلَةٌ,roots-4662:سير:المحكم — المعاني,roots-4662:سير:مقاييس — المحور,,مَسِيرَة,APPROVED,,WAZN_L2_005 ← مَفْعِلٌ
AR03265,نَقَزَ,فعل,64,1181,وثب صُعُداً في مكانه وثباتٍ قصيرةً كما ينقز العصفور.,نقز,فَعَلَ,roots-4662:نقز:المحكم — المعاني,roots-4662:نقز:مقاييس — المحور,,نَقَزَ,APPROVED,,
AR03267,نُزْهَة,اسم جامد,64,1183;1239;1261;17299,خروجٌ قصيرٌ للتروّح والتنزّه.,نزه,فُعْلَةٌ,roots-4662:نزه:المحكم — المعاني,roots-4662:نزه:مقاييس — المحور,roots-4662:نزه:الأساس — المجاز,نُزْهَة,APPROVED,,WAZN_L2_005 ← فُعْلٌ
AR03269,هَرْوَلَ,فعل,64,1184;1215;1255,أسرع في مشيه إسراعاً بين المشي والعدو.,هرول,فَعْلَلَ,v21:هرول:المحكم — المعاني,,v21:هرول:الأساس — المجاز,هَرْوَلَ,APPROVED,,
AR03274,تَمَايَلَ,فعل,64,1191;1209;1231,مال في مشيه يمنةً ويسرة.,ميل,تَفَاعَلَ,roots-4662:ميل:المحكم — المعاني,roots-4662:ميل:مقاييس — النص,roots-4662:ميل:الأساس — المجاز,تَمَايَلَ,APPROVED,,
AR03275,سَارَ,فعل,64,1193;8350;8772,مضى الجنود ونحوهم في نظامٍ وخطىً منتظمةٍ موزونة.,سير,فَعَلَ,roots-4662:سير:المحكم — المعاني,roots-4662:سير:مقاييس — المحور,,سَارَ,APPROVED,,أعمّ من الإنجليزية؛ يتخصّص بالسياق العسكري
AR03276,هَامَ,فعل,64,1194;1205;1263,ذهب على وجهه لا يقصد وجهةً معيّنة.,هيم,فَعَلَ,roots-4662:هيم:المحكم — المعاني,roots-4662:هيم:مقاييس — المحور,roots-4662:هيم:الأساس — المجاز,هَامَ,APPROVED,,
AR03277,تَسَكَّعَ,فعل,64,1194;1263,مشى متحيّراً على غير هدىً ولا غاية.,سكع,تَفَعَّلَ,roots-4662:سكع:المحكم — المعاني,,roots-4662:سكع:الأساس — المجاز,تَسَكَّعَ,APPROVED,,
AR03278,ذَرَعَ,فعل,64,1197,قطع المكان مشياً ذهاباً وإياباً في قلقٍ أو تفكّر.,ذرع,فَعَلَ,roots-4662:ذرع:المحكم — المعاني,roots-4662:ذرع:مقاييس — المحور,roots-4662:ذرع:الأساس — المجاز,ذَرَعَ,APPROVED,,بمعنى ذرع المكان ذهاباً وإياباً
AR03279,اِنْقَضَّ,فعل,64,1201,هوى أو وثب فجأةً على الشيء ليأخذه.,قضض,اِنْفَعَلَ,roots-4662:قضض:المحكم — المعاني,roots-4662:قضض:مقاييس — المحور,,اِنْقَضَّ,APPROVED,,
AR03280,تَبَخْتَرَ,فعل,64,1202;1241;1243;6449,مشى مشيةً فيها زهوٌ وتمايلٌ وإعجابٌ بالنفس.,بختر,تَفَعْلَلَ,,,,تَبَخْتَرَ,APPROVED,,
AR03281,تَنَزَّهَ,فعل,64,1203;1240,خرج يتمشّى للترويح عن النفس.,نزه,تَفَعَّلَ,roots-4662:نزه:المحكم — المعاني,roots-4662:نزه:مقاييس — المحور,roots-4662:نزه:الأساس — المجاز,تَنَزَّهَ,APPROVED,,
AR03284,رَكَضَ,فعل,64,1207,عدا مسرعاً برجليه.,ركض,فَعَلَ,roots-4662:ركض:المحكم — المعاني,roots-4662:ركض:مقاييس — المحور,roots-4662:ركض:الأساس — المجاز,رَكَضَ,APPROVED,,
AR03287,تَسَلُّق,مصدر,64,1213,الصعود في مرتفعٍ وعرٍ بالاستعانة باليدين.,سلق,تَفَعُّلٌ,roots-4662:سلق:المحكم — المعاني,roots-4662:سلق:مقاييس — النص,roots-4662:سلق:الأساس — المجاز,تَسَلُّق,APPROVED,,WAZN ← L2_006 مص من تَفَعَّلَ
AR03288,دَلِيف,مصدر,64,1217,المشي الرويد المتقارب الخطو.,دلف,فَعِيلٌ,roots-4662:دلف:المحكم — المعاني,roots-4662:دلف:مقاييس — المحور,roots-4662:دلف:الأساس — المجاز,دَلِيف,APPROVED,,
AR03289,دَلَفَ,فعل,64,1218,مشى رويداً متقارب الخطو لا يرفع قدميه كثيراً.,دلف,فَعَلَ,roots-4662:دلف:المحكم — المعاني,roots-4662:دلف:مقاييس — المحور,roots-4662:دلف:الأساس — المجاز,دَلَفَ,APPROVED,,
AR03290,جَرَّ رِجْلَيْهِ,تركيب,64,1218;1256,مشى متثاقلاً لا يكاد يرفع قدميه من التعب أو الكره.,,,,,,جَرَّ رِجْلَيْهِ,APPROVED,,
AR03291,تَقَافَزَ,فعل,64,1219,قفز قفزاتٍ متتابعةً خفيفةً في مشيه.,قفز,تَفَاعَلَ,roots-4662:قفز:المحكم — المعاني,roots-4662:قفز:مقاييس — المحور,roots-4662:قفز:الأساس — المجاز,تَقَافَزَ,APPROVED,,
AR03292,تَسَلَّلَ,فعل,64,1220;1223;1227;1233;6055,مضى خفيةً في هدوءٍ لئلّا يُفطَن له.,سلل,تَفَعَّلَ,roots-4662:سلل:المحكم — المعاني,roots-4662:سلل:مقاييس — المحور,,تَسَلَّلَ,APPROVED,,
AR03293,اِنْسَلَّ,فعل,64,1220;1223;1227;1233;15926;17148,خرج أو مضى في رفقٍ وخفاءٍ دون أن يُشعَر به.,سلل,اِنْفَعَلَ,roots-4662:سلل:المحكم — المعاني,roots-4662:سلل:مقاييس — المحور,,اِنْسَلَّ,APPROVED,,
AR03294,اِنْسَابَ,فعل,64,1224;8775,جرى ماضياً في سلاسةٍ ولين كما تنساب الحيّة.,سيب,اِنْفَعَلَ,roots-4662:سيب:المحكم — المعاني,roots-4662:سيب:مقاييس — المحور,roots-4662:سيب:الأساس — المجاز,اِنْسَابَ,APPROVED,,
AR03295,سِبَاق,مصدر,64,1229,تنافسٌ في العدو أو الجري لبلوغ الغاية أوّلاً.,سبق,فِعَالٌ,roots-4662:سبق:المحكم — المعاني,roots-4662:سبق:مقاييس — المحور,,سِبَاق,APPROVED,,
AR03297,خُطْوَة,اسم جامد,64,1234,نقل القدم مرّةً من موضعها إلى موضعٍ أمامها.,خطو,فُعْلَةٌ,roots-4662:خطو:المحكم — المعاني,roots-4662:خطو:مقاييس — المحور,roots-4662:خطو:الأساس — المجاز,خُطْوَة,APPROVED,,WAZN_L2_005 ← فُعْلٌ
AR03298,خَطَا,فعل,64,1235,نقل قدمه من موضعٍ إلى آخر ماشياً.,خطو,فَعَلَ,roots-4662:خطو:المحكم — المعاني,roots-4662:خطو:مقاييس — المحور,roots-4662:خطو:الأساس — المجاز,خَطَا,APPROVED,,
AR03299,تَخَلَّفَ,فعل,64,1237,تأخّر في سيره عن الجماعة فبقي خلفها.,خلف,تَفَعَّلَ,roots-4662:خلف:المحكم — المعاني,roots-4662:خلف:مقاييس — المحور,roots-4662:خلف:الأساس — المجاز,تَخَلَّفَ,APPROVED,,
AR03300,اِخْتَالَ,فعل,64,1241;1243,مشى متكبّراً معجباً بنفسه.,خيل,اِفْتَعَلَ,roots-4662:خيل:المحكم — المعاني,roots-4662:خيل:مقاييس — المحور,,اِخْتَالَ,APPROVED,,
AR03303,سِبَاحَة,مصدر,64,1244,التنقّل في الماء بحركة الأطراف.,سبح,فِعَالَةٌ,roots-4662:سبح:المحكم — المعاني,roots-4662:سبح:مقاييس — المحور,,سِبَاحَة,APPROVED,,WAZN_L2_005 ← فِعَالٌ
AR03304,سَبَحَ,فعل,64,1245,تنقّل في الماء بتحريك يديه ورجليه.,سبح,فَعَلَ,roots-4662:سبح:المحكم — المعاني,roots-4662:سبح:مقاييس — المحور,,سَبَحَ,APPROVED,,
AR03306,مَشَى عَلَى أَطْرَافِ أَصَابِعِهِ,تركيب,64,1246,مشى خفيفاً رافعاً عقبيه معتمداً على مقدّم قدميه.,,,,,,مَشَى عَلَى أَطْرَافِ أَصَابِعِهِ,APPROVED,,
AR03307,دَرَجَ,فعل,64,1247,مشى الصبيّ مشياً ضعيفاً متقارب الخطو أوّل ما يمشي.,درج,فَعَلَ,roots-4662:درج:المحكم — المعاني,roots-4662:درج:مقاييس — المحور,roots-4662:درج:الأساس — المجاز,دَرَجَ,APPROVED,,
AR03308,وَطِئَ,فعل,64,1251,داس الأرض أو الشيء بقدمه ماشياً عليه.,وطء,فَعِلَ,roots-4662:وطء:المحكم — المعاني,roots-4662:وطء:مقاييس — المحور,,وَطِئَ,APPROVED,,
AR03309,دَاسَ,فعل,64,1251,وطئ الشيء برجله ماشياً عليه.,دوس,فَعَلَ,roots-4662:دوس:المحكم — المعاني,roots-4662:دوس:مقاييس — المحور,roots-4662:دوس:الأساس — المجاز,دَاسَ,APPROVED,,
AR03310,كَبَا,فعل,64,1253,عثر فسقط لوجهه.,كبو,فَعَلَ,roots-4662:كبو:المحكم — المعاني,roots-4662:كبو:مقاييس — المحور,roots-4662:كبو:الأساس — المجاز,كَبَا,APPROVED,,
AR03311,تَوَافَدَ,فعل,64,1254,أقبل القوم جماعاتٍ بعضهم إثر بعض.,وفد,تَفَاعَلَ,roots-4662:وفد:المحكم — المعاني,roots-4662:وفد:مقاييس — المحور,roots-4662:وفد:الأساس — المجاز,تَوَافَدَ,APPROVED,,
AR03312,تَقَاطَرَ,فعل,64,1254;15044,جاء القوم أرسالاً متتابعين واحداً بعد واحد.,قطر,تَفَاعَلَ,roots-4662:قطر:المحكم — المعاني,roots-4662:قطر:مقاييس — النص,roots-4662:قطر:الأساس — المجاز,تَقَاطَرَ,APPROVED,,
AR03313,خَاضَ,فعل,64,1260;3921;3923,مشى في الماء أو الوحل ودخل فيه.,خوض,فَعَلَ,roots-4662:خوض:المحكم — المعاني,roots-4662:خوض:مقاييس — المحور,roots-4662:خوض:الأساس — المجاز,خَاضَ,APPROVED,,
AR03314,مَشْي,مصدر,64,1261,الانتقال على القدمين بنقل إحداهما بعد الأخرى.,مشي,فَعْلٌ,roots-4662:مشي:المحكم — المعاني,roots-4662:مشي:مقاييس — المحور,roots-4662:مشي:الأساس — المجاز,مَشْي,APPROVED,,
AR03315,تَلَوَّى,فعل,64,1264,تحرّك منعطفاً بجسده يمنةً ويسرة كالحيّة.,لوي,تَفَعَّلَ,roots-4662:لوي:المحكم — المعاني,roots-4662:لوي:مقاييس — المحور,roots-4662:لوي:الأساس — المجاز,تَلَوَّى,APPROVED,,
AR03316,زَحْف,مصدر,64,4779,التقدّم على البطن أو بجرّ الجسد على الأرض.,زحف,فَعْلٌ,roots-4662:زحف:المحكم — المعاني,roots-4662:زحف:مقاييس — المحور,roots-4662:زحف:الأساس — المجاز,زَحْف,APPROVED,,
AR03318,مَضَى,فعل,64,6053,ذهب متقدّماً في طريقه.,مضي,فَعَلَ,roots-4662:مضي:المحكم — المعاني,roots-4662:مضي:مقاييس — المحور,,مَضَى,APPROVED,,
AR03319,تَقَدَّمَ,فعل,64,6053;14836,انتقل إلى الأمام.,قدم,تَفَعَّلَ,roots-4662:قدم:المحكم — المعاني,roots-4662:قدم:مقاييس — المحور,roots-4662:قدم:الأساس — المجاز,تَقَدَّمَ,APPROVED,,
AR03322,اِتَّجَهَ,فعل,64,6387,أقبل بوجهه وسيره نحو جهةٍ معيّنة.,وجه,اِفْتَعَلَ,roots-4662:وجه:المحكم — المعاني,roots-4662:وجه:مقاييس — المحور,roots-4662:وجه:الأساس — المجاز,اِتَّجَهَ,APPROVED,,
AR03323,تَوَجَّهَ,فعل,64,6387,قصد جهةً وسار نحوها.,وجه,تَفَعَّلَ,roots-4662:وجه:المحكم — المعاني,roots-4662:وجه:مقاييس — المحور,roots-4662:وجه:الأساس — المجاز,تَوَجَّهَ,APPROVED,,
AR03324,قَصَدَ,فعل,64,6403;6404,أمّ مكاناً وتوجّه إليه.,قصد,فَعَلَ,roots-4662:قصد:المحكم — المعاني,roots-4662:قصد:مقاييس — المحور,,قَصَدَ,APPROVED,,
AR03326,تَوَغَّلَ,فعل,64,6646,أمعن في الدخول في مكانٍ بعيدٍ أو مخوف.,وغل,تَفَعَّلَ,roots-4662:وغل:المحكم — المعاني,roots-4662:وغل:مقاييس — المحور,,تَوَغَّلَ,APPROVED,,
AR03327,مَشَى,فعل,64,8350,انتقل على قدميه برفع إحداهما ووضعها بعد الأخرى.,مشي,فَعَلَ,roots-4662:مشي:المحكم — المعاني,roots-4662:مشي:مقاييس — المحور,roots-4662:مشي:الأساس — المجاز,مَشَى,APPROVED,,
AR03329,مَخَرَ,فعل,64,8774,شقّت السفينة الماء بصدرها جاريةً فيه.,مخر,فَعَلَ,roots-4662:مخر:المحكم — المعاني,roots-4662:مخر:مقاييس — المحور,,مَخَرَ,APPROVED,,
AR03330,زَاحَمَ,فعل,64,9951,دافع غيره بجسده في موضعٍ ضيّقٍ ليشقّ طريقه.,زحم,فَاعَلَ,roots-4662:زحم:المحكم — المعاني,roots-4662:زحم:مقاييس — المحور,,زَاحَمَ,APPROVED,,لا يعيّن الكتف وسيلةً
AR03332,شَقَّ طَرِيقَهُ,تركيب,64,14180,مضى متقدّماً يتغلّب على ما يعترض سيره.,,,,,,شَقَّ طَرِيقَهُ,APPROVED,,
AR03333,أَقْلَعَ,فعل,64,15211,ارتفع الطائر أو الطائرة عن الأرض مبتدئاً الطيران.,قلع,أَفْعَلَ,roots-4662:قلع:المحكم — المعاني,roots-4662:قلع:مقاييس — المحور,,أَقْلَعَ,APPROVED,,
AR03334,فِي الطَّرِيقِ إِلَى,تركيب,64,16748;17151,في حال السير نحو مقصدٍ لم يُبلَغ بعد.,,,,,,فِي الطَّرِيقِ إِلَى,APPROVED,,
AR03335,تَزَاحَمَ,فعل,64,16778,تدافع الناس في الحركة لكثرتهم في موضعٍ ضيّق.,زحم,تَفَاعَلَ,roots-4662:زحم:المحكم — المعاني,roots-4662:زحم:مقاييس — المحور,,تَزَاحَمَ,APPROVED,,
AR03336,مُتَنَزِّه,اسم فاعل,64,17509,من يخرج ماشياً في الطبيعة للتروّح والاستمتاع بها.,نزه,مُتَفَعِّلٌ,roots-4662:نزه:المحكم — المعاني,roots-4662:نزه:مقاييس — المحور,roots-4662:نزه:الأساس — المجاز,مُتَنَزِّه,APPROVED,,WAZN ← L2_006 فا من تَفَعَّلَ
AR03337,سَعَى,فعل,64,,مشى مسرعاً دون العدو نحو مقصد.,سعي,فَعَلَ,roots-4662:سعي:المحكم — المعاني,,roots-4662:سعي:الأساس — المجاز,سَعَى,APPROVED,,AR_ONLY
AR03338,سَرَى,فعل,64,,سار ليلاً.,سري,فَعَلَ,roots-4662:سري:المحكم — المعاني,,,سَرَى,APPROVED,,AR_ONLY
AR03339,أَدْلَجَ,فعل,64,,سار من أوّل الليل.,دلج,أَفْعَلَ,roots-4662:دلج:المحكم — المعاني,roots-4662:دلج:مقاييس — المحور,,أَدْلَجَ,APPROVED,,AR_ONLY
AR03340,هَمْلَجَ,فعل,64,,سار سيراً سريعاً سهلاً في تبختر.,هملج,فَعْلَلَ,,,,هَمْلَجَ,APPROVED,,AR_ONLY
AR03341,نَسَلَ,فعل,64,,أسرع في مشيه.,نسل,فَعَلَ,roots-4662:نسل:المحكم — المعاني,roots-4662:نسل:مقاييس — المحور,roots-4662:نسل:الأساس — المجاز,نَسَلَ,APPROVED,,AR_ONLY
AR03342,سَيْر,مصدر,64,,المضيّ في الطريق من موضعٍ إلى آخر.,سير,فَعْلٌ,roots-4662:سير:المحكم — المعاني,roots-4662:سير:مقاييس — المحور,,سَيْر,APPROVED,,AR_ONLY
AR03343,رَكْض,مصدر,64,,العدو السريع بالرجلين.,ركض,فَعْلٌ,roots-4662:ركض:المحكم — المعاني,roots-4662:ركض:مقاييس — المحور,roots-4662:ركض:الأساس — المجاز,رَكْض,APPROVED,,AR_ONLY
AR03344,هَرْوَلَة,مصدر,64,,الإسراع في المشي بين المشي والعدو.,هرول,فَعْلَلَةٌ,v21:هرول:المحكم — المعاني,,v21:هرول:الأساس — المجاز,هَرْوَلَة,APPROVED,,AR_ONLY | WAZN_L2_005 ← فَعْلَلٌ
AR03345,قَلِيل الذَّوْق,تركيب,372,6525;6551,من يؤذي غيره أو يضايقه لقلّة مراعاته لهم.,,,,,,قَلِيل الذَّوْق,APPROVED,,
AR03346,لَطِيف,صفة مشبهة,372,6526;6552;6554;6609;6613;6620;6651,الرفيق في معاملة الناس الحسن العشرة.,لطف,فَعِيلٌ,roots-4662:لطف:المحكم — المعاني,roots-4662:لطف:مقاييس — المحور,roots-4662:لطف:الأساس — المجاز,لَطِيف,APPROVED,,
AR03347,رَحِيم,صفة مشبهة,372,6526;6592,من يرقّ للناس ويعطف عليهم.,رحم,فَعِيلٌ,roots-4662:رحم:المحكم — المعاني,roots-4662:رحم:مقاييس — المحور,roots-4662:رحم:الأساس — المجاز,رَحِيم,APPROVED,,
AR03349,رَفِيق,صفة مشبهة,372,6548,من يلين في معاملة الناس ويحرص ألّا يؤذيهم.,رفق,فَعِيلٌ,roots-4662:رفق:المحكم — المعاني,roots-4662:رفق:مقاييس — المحور,roots-4662:رفق:الأساس — المجاز,رَفِيق,APPROVED,,
AR03350,مُرَاعِي,اسم فاعل,372,6548;6552,من يحفظ مشاعر غيره وحاجاتهم في معاملته.,رعي,مُفَاعِلٌ,roots-4662:رعي:المحكم — المعاني,roots-4662:رعي:مقاييس — النص,roots-4662:رعي:الأساس — المجاز,مُرَاعِي,APPROVED,,لفظه منقوص؛ يكتب بلا تنوين مراعي
AR03351,لَئِيم,صفة مشبهة,372,6549,الدنيء الطبع الذي يسيء إلى الناس.,لءم,فَعِيلٌ,roots-4662:لءم:المحكم — المعاني,roots-4662:لءم:مقاييس — المحور,roots-4662:لءم:الأساس — المجاز,لَئِيم,APPROVED,,
AR03352,فَظّ,صفة مشبهة,372,6549;6555;6558;6584;6590;6621,الغليظ الجافي في معاملة الناس.,فظظ,فَعْلٌ,roots-4662:فظظ:المحكم — المعاني,roots-4662:فظظ:مقاييس — المحور,,فَظّ,APPROVED,,
AR03353,عَدِيم الإِحْسَاس,تركيب,372,6550,من لا يبالي بمشاعر غيره.,,,,,,عَدِيم الإِحْسَاس,APPROVED,,
AR03354,مُتَبَلِّد الإِحْسَاس,تركيب,372,6550,من لا يتأثّر بما يصيب غيره.,,,,,,مُتَبَلِّد الإِحْسَاس,APPROVED,,
AR03355,قَاسِي القَلْب,تركيب,372,6553,من لا يرحم الناس ولا يرقّ لألمهم.,,,,,,قَاسِي القَلْب,APPROVED,,
AR03356,غَلِيظ القَلْب,تركيب,372,6553,من لا رحمة في قلبه ولا لين.,,,,,,غَلِيظ القَلْب,APPROVED,,
AR03357,وَحْشِيّ,اسم منسوب,372,6553;6627,الشديد القسوة كالوحش.,وحش,فَعْلِيٌّ,roots-4662:وحش:المحكم — المعاني,roots-4662:وحش:مقاييس — المحور,,وَحْشِيّ,APPROVED,,POS_L2_007:NISBA | WAZN ← L2_007 نسبة فَعْلٌ
AR03359,وَقِح,صفة مشبهة,372,6555;6587;6589;6624;16026,من لا حياء له فيجترئ على الناس بسوء القول والفعل.,وقح,فَعِلٌ,roots-4662:وقح:المحكم — المعاني,roots-4662:وقح:مقاييس — المحور,roots-4662:وقح:الأساس — المجاز,وَقِح,APPROVED,,
AR03360,قَلِيل الأَدَب,تركيب,372,6556;6557;6559;6623,من لا يتأدّب في معاملة الناس.,,,,,,قَلِيل الأَدَب,APPROVED,,
AR03361,غَيْر مُهَذَّب,تركيب,372,6556;6559;6623,من تنقصه آداب المعاملة.,,,,,,غَيْر مُهَذَّب,APPROVED,,
AR03362,سَيِّئ الخُلُق,تركيب,372,6557,من ساءت أخلاقه في معاملة الناس.,,,,,,سَيِّئ الخُلُق,APPROVED,,
AR03364,غَلِيظ,صفة مشبهة,372,6584,الجافي الشديد في معاملته.,غلظ,فَعِيلٌ,roots-4662:غلظ:المحكم — المعاني,,roots-4662:غلظ:الأساس — المجاز,غَلِيظ,APPROVED,,
AR03366,مُهَذَّب,اسم مفعول,372,6585;6586;6622,من حسنت أخلاقه وآدابه.,هذب,مُفَعَّلٌ,roots-4662:هذب:المحكم — المعاني,roots-4662:هذب:مقاييس — المحور,,مُهَذَّب,APPROVED,,WAZN ← L2_006 مف من فَعَّلَ
AR03369,مُوَقِّر,اسم فاعل,372,6588,من يعظّم غيره ويُجِلّه.,وقر,مُفَعِّلٌ,,,roots-4662:وقر:الأساس — المجاز,مُوَقِّر,APPROVED,,WAZN ← L2_006 فا من فَعَّلَ
AR03370,مُسْتَخِفّ,اسم فاعل,372,6589,من يستهين بالناس ولا يوقّرهم.,خفف,مُسْتَفْعِلٌ,roots-4662:خفف:المحكم — المعاني,roots-4662:خفف:مقاييس — المحور,roots-4662:خفف:الأساس — المجاز,مُسْتَخِفّ,APPROVED,,مضعّف؛ لفظه مُسْتَفِلّ | WAZN ← L2_006 فا من اِسْتَفْعَلَ
AR03371,رَؤُوف,صفة مشبهة,372,6592,شديد الرحمة بالناس.,رءف,فَعُولٌ,roots-4662:رءف:المحكم — المعاني,roots-4662:رءف:مقاييس — المحور,,رَؤُوف,APPROVED,,POS_L2_007:MUBALAGHA | L2_009: صيغة مبالغة مقصورة على فَعَّال → صفة مشبهة
AR03373,وَدُود,صفة مشبهة,372,6611;6616;14170,المتودّد إلى الناس المحبّ لهم.,ودد,فَعُولٌ,roots-4662:ودد:المحكم — المعاني,roots-4662:ودد:مقاييس — المحور,,وَدُود,APPROVED,,POS_L2_007:MUBALAGHA | L2_009: صيغة مبالغة مقصورة على فَعَّال → صفة مشبهة
AR03375,غَيْر وَدُود,تركيب,372,6612,من لا يُظهر الودّ للناس.,,,,,,غَيْر وَدُود,APPROVED,,
AR03377,دَمِث,صفة مشبهة,372,6613,السهل الخلق اللين الجانب.,دمث,فَعِلٌ,roots-4662:دمث:المحكم — المعاني,roots-4662:دمث:مقاييس — المحور,roots-4662:دمث:الأساس — المجاز,دَمِث,APPROVED,,
AR03382,طَلْق الوَجْه,تركيب,372,6618,المنبسط الوجه البشوش.,,,,,,طَلْق الوَجْه,APPROVED,,
AR03383,كَرِيم,صفة مشبهة,372,6620,الجامع لحسن الخلق ولطف المعاملة.,كرم,فَعِيلٌ,roots-4662:كرم:المحكم — المعاني,roots-4662:كرم:مقاييس — النص,roots-4662:كرم:الأساس — المجاز,كَرِيم,APPROVED,,
AR03384,لَبِق,صفة مشبهة,372,6625;6626,الحاذق في معاملة الناس المراعي لمشاعرهم.,لبق,فَعِلٌ,roots-4662:لبق:المحكم — المعاني,roots-4662:لبق:مقاييس — المحور,,لَبِق,APPROVED,,
AR03385,كَيِّس,صفة مشبهة,372,6625,الفطن الحسن التلطّف في الأمور.,كيس,فَيْعِلٌ,roots-4662:كيس:المحكم — المعاني,roots-4662:كيس:مقاييس — المحور,roots-4662:كيس:الأساس — المجاز,كَيِّس,APPROVED,,WAZN ← L2_015 المالك
AR03386,هَمَجِيّ,اسم منسوب,372,6627,الشديد القسوة المتوحّش في سلوكه.,همج,فَعَلِيٌّ,roots-4662:همج:المحكم — المعاني,roots-4662:همج:مقاييس — المحور,,هَمَجِيّ,APPROVED,,POS_L2_007:NISBA | WAZN ← L2_007 نسبة فَعَلٌ
AR03390,كَرِيه,صفة مشبهة,372,6733,الذي تكرهه النفوس لسوء معاملته.,كره,فَعِيلٌ,roots-4662:كره:المحكم — المعاني,roots-4662:كره:مقاييس — المحور,roots-4662:كره:الأساس — المجاز,كَرِيه,APPROVED,,
AR03391,خَيِّر,صفة مشبهة,372,6770,الكثير الخير المحسن إلى الناس.,خير,فَيْعِلٌ,roots-4662:خير:المحكم — المعاني,roots-4662:خير:مقاييس — النص,,خَيِّر,APPROVED,,WAZN ← L2_015 المالك
AR03392,حَسَن الخُلُق,تركيب,372,13830,من طابت أخلاقه وسهلت عشرته.,,,,,,حَسَن الخُلُق,APPROVED,,
AR03393,سَمْح,صفة مشبهة,372,13830,السهل الكريم في معاملته.,سمح,فَعْلٌ,roots-4662:سمح:المحكم — المعاني,roots-4662:سمح:مقاييس — المحور,roots-4662:سمح:الأساس — المجاز,سَمْح,APPROVED,,
AR03394,طَيِّب النَّفْس,تركيب,372,13864,من لا يحمل للناس سوءاً.,,,,,,طَيِّب النَّفْس,APPROVED,,
AR03395,سَلِيم الصَّدْر,تركيب,372,13864,من لا غلّ في قلبه لأحد.,,,,,,سَلِيم الصَّدْر,APPROVED,,
AR03396,سَلِيط اللِّسَان,تركيب,372,16026,الجريء على الناس بالقول البذيء.,,,,,,سَلِيط اللِّسَان,APPROVED,,
AR03397,نَاضِج,اسم فاعل,372,16050,من يسلك في معاملته سلوك مكتمل العقل والعاطفة.,نضج,فَاعِلٌ,roots-4662:نضج:المحكم — المعاني,roots-4662:نضج:مقاييس — المحور,roots-4662:نضج:الأساس — المجاز,نَاضِج,APPROVED,,
AR03398,رَاشِد,اسم فاعل,372,16050,من بلغ رشده فأحسن التصرّف.,رشد,فَاعِلٌ,roots-4662:رشد:المحكم — المعاني,roots-4662:رشد:مقاييس — المحور,roots-4662:رشد:الأساس — المجاز,رَاشِد,APPROVED,,
AR03399,نُضْج,مصدر,372,16051,اكتمال العقل والعاطفة في السلوك.,نضج,فُعْلٌ,roots-4662:نضج:المحكم — المعاني,roots-4662:نضج:مقاييس — المحور,roots-4662:نضج:الأساس — المجاز,نُضْج,APPROVED,,
AR03400,رَزَانَة,مصدر,372,16051,وقار في السلوك وثبات في الرأي.,رزن,فَعَالَةٌ,roots-4662:رزن:المحكم — المعاني,roots-4662:رزن:مقاييس — المحور,roots-4662:رزن:الأساس — المجاز,رَزَانَة,APPROVED,,WAZN ← L2_015 المالك
AR03401,قَسْوَة,مصدر,372,16053,غلظة القلب وعدم الرحمة بالمتألّم.,قسو,فَعْلَةٌ,,,,قَسْوَة,APPROVED,,WAZN_L2_005 ← فَعْلٌ
AR03402,وَحْشِيَّة,مصدر,372,16053,القسوة المتناهية.,وحش,فَعْلِيَّةٌ,roots-4662:وحش:المحكم — المعاني,roots-4662:وحش:مقاييس — المحور,,وَحْشِيَّة,APPROVED,,مصدر صناعي | WAZN ← L2_007 نسبة فَعْلٌ
AR03403,مُرَاعَاة,مصدر,372,16054,حفظ حقوق الآخرين ورغباتهم في المعاملة.,رعي,مُفَاعَلَةٌ,roots-4662:رعي:المحكم — المعاني,roots-4662:رعي:مقاييس — النص,roots-4662:رعي:الأساس — المجاز,مُرَاعَاة,APPROVED,,WAZN ← L2_006 مص من فَاعَلَ
AR03404,لُطْف,مصدر,372,16054,الرفق وحسن المعاملة.,لطف,فُعْلٌ,roots-4662:لطف:المحكم — المعاني,roots-4662:لطف:مقاييس — المحور,roots-4662:لطف:الأساس — المجاز,لُطْف,APPROVED,,
AR03405,وَقَاحَة,مصدر,372,16055,قلّة الحياء والاجتراء على الناس.,وقح,فَعَالَةٌ,roots-4662:وقح:المحكم — المعاني,roots-4662:وقح:مقاييس — المحور,roots-4662:وقح:الأساس — المجاز,وَقَاحَة,APPROVED,,WAZN ← L2_015 المالك
AR03406,فَظَاظَة,مصدر,372,16055,الغلظة والجفاء في المعاملة.,فظظ,فَعَالَةٌ,roots-4662:فظظ:المحكم — المعاني,roots-4662:فظظ:مقاييس — المحور,,فَظَاظَة,APPROVED,,WAZN ← L2_015 المالك
AR03407,رَحْمَة,مصدر,372,16056,رقّة القلب والعطف على المتألّم.,رحم,فَعْلَةٌ,roots-4662:رحم:المحكم — المعاني,roots-4662:رحم:مقاييس — المحور,roots-4662:رحم:الأساس — المجاز,رَحْمَة,APPROVED,,WAZN_L2_005 ← فَعْلٌ
AR03409,رَأْفَة,مصدر,372,16056,أشدّ الرحمة وأرقّها.,رءف,فَعْلَةٌ,roots-4662:رءف:المحكم — المعاني,roots-4662:رءف:مقاييس — المحور,,رَأْفَة,APPROVED,,WAZN_L2_005 ← فَعْلٌ
AR03411,فَظِيع,صفة مشبهة,372,17263,الشديد القبح.,فظع,فَعِيلٌ,roots-4662:فظع:المحكم — المعاني,roots-4662:فظع:مقاييس — النص,,فَظِيع,APPROVED,,
AR03412,خَلُوق,صفة مشبهة,372,,الحسن الخلق في معاملة الناس.,خلق,فَعُولٌ,roots-4662:خلق:المحكم — المعاني,roots-4662:خلق:مقاييس — المحور,roots-4662:خلق:الأساس — المجاز,خَلُوق,APPROVED,,POS_L2_007:MUBALAGHA; AR_ONLY | L2_009: صيغة مبالغة مقصورة على فَعَّال → صفة مشبهة
AR03415,لَغَط,مصدر,850,9590,أصواتٌ مختلطة متداخلة لا يُفهم منها كلام.,لغط,فَعَلٌ,roots-4662:لغط:المحكم — المعاني,,,لَغَط,APPROVED,,
AR03416,مُنَاغَاة,مصدر,850,9590,صوتُ الرضيع الخافت المتقطّع حين يُلاعَب.,نغي,مُفَاعَلَةٌ,roots-4662:نغي:المحكم — المعاني,roots-4662:نغي:مقاييس — النص,roots-4662:نغي:الأساس — المجاز,مُنَاغَاة,APPROVED,,WAZN ← L2_006 مص من فَاعَلَ
AR03417,نُبَاح,مصدر,850,9624;9713,صوتُ الكلب المعروف الحادّ المتقطّع.,نبح,فُعَالٌ,roots-4662:نبح:المحكم — المعاني,roots-4662:نبح:مقاييس — النص,roots-4662:نبح:الأساس — المجاز,نُبَاح,APPROVED,,
AR03419,تَزْمِير,مصدر,850,9625;9659,صوتُ منبّه السيارة ونحوها.,زمر,تَفْعِيلٌ,roots-4662:زمر:المحكم — المعاني,roots-4662:زمر:مقاييس — المحور,roots-4662:زمر:الأساس — المجاز,تَزْمِير,APPROVED,,
AR03421,خُوَار,مصدر,850,9626,صوتُ الثور أو البقرة الغليظ الممتدّ.,خور,فُعَالٌ,roots-4662:خور:المحكم — المعاني,roots-4662:خور:مقاييس — المحور,roots-4662:خور:الأساس — المجاز,خُوَار,APPROVED,,
AR03422,زَعِيق,مصدر,850,9627,صوتٌ عالٍ حادّ منفّر للسمع.,زعق,فَعِيلٌ,roots-4662:زعق:المحكم — المعاني,roots-4662:زعق:مقاييس — المحور,,زَعِيق,APPROVED,,
AR03423,نَفْخَة,اسم مرة,850,9628,صوتٌ واحد عالٍ يصدر عن بوق أو صفّارة.,نفخ,فَعْلَةٌ,roots-4662:نفخ:المحكم — المعاني,roots-4662:نفخ:مقاييس — المحور,roots-4662:نفخ:الأساس — المجاز,نَفْخَة,APPROVED,,اسم المرة | WAZN_L2_005 ← فَعْلٌ | POS_L2_007:ISM_MARRA (من نص الملاحظة)
AR03424,ثُغَاء,مصدر,850,9629,صوتُ الشاة الضعيف المتهدّج.,ثغو,فُعَالٌ,,v21:ثغو:مقاييس — المحور,,ثُغَاء,APPROVED,,
AR03425,يُعَار,مصدر,850,9629,صوتُ المعز المعروف.,يعر,فُعَالٌ,roots-4662:يعر:المحكم — المعاني,roots-4662:يعر:مقاييس — النص,,يُعَار,APPROVED,,
AR03426,دَوِيّ,مصدر,850,9630;10909,صوتٌ عالٍ عميق يمتدّ ويتردّد صداه.,دوي,فَعِيلٌ,roots-4662:دوي:المحكم — المعاني,roots-4662:دوي:مقاييس — النص,roots-4662:دوي:الأساس — المجاز,دَوِيّ,APPROVED,,
AR03427,قَصْف,مصدر,850,9630,صوتٌ شديد متتابع كصوت الرعد أو المدافع.,قصف,فَعْلٌ,roots-4662:قصف:المحكم — المعاني,roots-4662:قصف:مقاييس — المحور,roots-4662:قصف:الأساس — المجاز,قَصْف,APPROVED,,
AR03428,نَهِيق,مصدر,850,9631,صوتُ الحمار الخشن المعروف.,نهق,فَعِيلٌ,roots-4662:نهق:المحكم — المعاني,roots-4662:نهق:مقاييس — المحور,,نَهِيق,APPROVED,,
AR03429,سَحِيل,مصدر,850,9631,صوتُ الحمار يخرج من صدره.,سحل,فَعِيلٌ,roots-4662:سحل:المحكم — المعاني,roots-4662:سحل:مقاييس — المحور,roots-4662:سحل:الأساس — المجاز,سَحِيل,APPROVED,,
AR03430,خَرِير,مصدر,850,9632,صوتُ الماء الجاري المتّصل.,خرر,فَعِيلٌ,roots-4662:خرر:المحكم — المعاني,roots-4662:خرر:مقاييس — المحور,roots-4662:خرر:الأساس — المجاز,خَرِير,APPROVED,,
AR03433,نَقْنَقَة,مصدر,850,9634,صوتُ الدجاجة المتقطّع المتتابع.,نقق,فَعْلَلَةٌ,roots-4662:نقق:المحكم — المعاني,roots-4662:نقق:مقاييس — المحور,,نَقْنَقَة,APPROVED,,يُذكر في بعض المعاجم رباعياً في مادة مستقلة | WAZN_L2_005 ← فَعْلَلٌ
AR03434,قَهْقَهَة,مصدر,850,9634;9656,ضحكٌ عالٍ يُرجَّع فيه الصوت.,قهه,فَعْلَلَةٌ,,roots-4662:قهه:مقاييس — النص,,قَهْقَهَة,APPROVED,,يُذكر في بعض المعاجم رباعياً في مادة مستقلة | WAZN_L2_005 ← فَعْلَلٌ
AR03435,نَعِيق,مصدر,850,9635,صوتُ الغراب الخشن.,نعق,فَعِيلٌ,roots-4662:نعق:المحكم — المعاني,roots-4662:نعق:مقاييس — المحور,,نَعِيق,APPROVED,,
AR03436,نَعِيب,مصدر,850,9635;9659,صوتُ الغراب يمدّ فيه عنقه.,نعب,فَعِيلٌ,roots-4662:نعب:المحكم — المعاني,roots-4662:نعب:مقاييس — المحور,roots-4662:نعب:الأساس — المجاز,نَعِيب,APPROVED,,
AR03437,زَقْزَقَة,مصدر,850,9636;9637;9638;9705;9706,أصواتٌ حادّة خفيفة سريعة يتابعها الطائر الصغير.,زقق,فَعْلَلَةٌ,roots-4662:زقق:المحكم — المعاني,roots-4662:زقق:مقاييس — المحور,roots-4662:زقق:الأساس — المجاز,زَقْزَقَة,APPROVED,,يُذكر في بعض المعاجم رباعياً في مادة مستقلة | WAZN_L2_005 ← فَعْلَلٌ
AR03439,صَئِيّ,مصدر,850,9637;9674,صوتُ فرخ الطائر الرفيع الضعيف.,صءي,فَعِيلٌ,v21:صأي:المحكم — المعاني,,,صَئِيّ,APPROVED,,
AR03441,ضَحْكَة,اسم مرة,850,9639;9653;9691;9702,ضحكٌ خافت يكتمه صاحبه.,ضحك,فَعْلَةٌ,v21:ضحك:المحكم — المعاني,v21:ضحك:مقاييس — النص,v21:ضحك:الأساس — المجاز,ضَحْكَة,APPROVED,,اسم المرة؛ لا مفرد فصيح للضحك الخافت بعينه، ويُقيَّد بالوصف | WAZN_L2_005 ← فَعْلٌ | POS_L2_007:ISM_MARRA (من نص الملاحظة)
AR03442,قَعْقَعَة,مصدر,850,9640;9641;9643,صوتُ الأشياء اليابسة يضرب بعضها بعضاً.,قعع,فَعْلَلَةٌ,roots-4662:قعع:المحكم — المعاني,roots-4662:قعع:مقاييس — المحور,,قَعْقَعَة,APPROVED,,يُذكر في بعض المعاجم رباعياً في مادة مستقلة | WAZN_L2_005 ← فَعْلَلٌ
AR03447,رَنِين,مصدر,850,9645;9673;9701,صوتٌ صافٍ يصدر عن المعدن أو الزجاج إذا قُرع.,رنن,فَعِيلٌ,roots-4662:رنن:المحكم — المعاني,roots-4662:رنن:مقاييس — المحور,roots-4662:رنن:الأساس — المجاز,رَنِين,APPROVED,,
AR03448,هَدِيل,مصدر,850,9646,صوتُ الحمام الرخيم.,هدل,فَعِيلٌ,roots-4662:هدل:المحكم — المعاني,roots-4662:هدل:مقاييس — المحور,,هَدِيل,APPROVED,,
AR03449,سَجْع,مصدر,850,9646,ترديدُ الحمامة صوتها على نسق واحد.,سجع,فَعْلٌ,roots-4662:سجع:المحكم — المعاني,roots-4662:سجع:مقاييس — المحور,,سَجْع,APPROVED,,
AR03450,سُعَال,مصدر,850,9647,صوتٌ يخرج من الصدر بدفع الهواء بقوّة.,سعل,فُعَالٌ,roots-4662:سعل:المحكم — المعاني,roots-4662:سعل:مقاييس — المحور,roots-4662:سعل:الأساس — المجاز,سُعَال,APPROVED,,
AR03452,خَشْخَشَة,مصدر,850,9650;9683;9686,صوتُ تكسّر الأشياء اليابسة تحت الضغط أو المضغ.,خشش,فَعْلَلَةٌ,roots-4662:خشش:المحكم — المعاني,roots-4662:خشش:مقاييس — المحور,roots-4662:خشش:الأساس — المجاز,خَشْخَشَة,APPROVED,,يُذكر في بعض المعاجم رباعياً في مادة مستقلة؛ أقرب لفظ، لا يخصّ الطعام الهشّ | WAZN_L2_005 ← فَعْلَلٌ
AR03453,هَدِير,مصدر,850,9651;9682,صوتٌ غليظ متّصل كصوت المحرّك.,هدر,فَعِيلٌ,roots-4662:هدر:المحكم — المعاني,roots-4662:هدر:مقاييس — النص,roots-4662:هدر:الأساس — المجاز,هَدِير,APPROVED,,
AR03456,هَرِير,مصدر,850,9654;9690,صوتُ الكلب دون النباح يُظهر به الشراسة.,هرر,فَعِيلٌ,roots-4662:هرر:المحكم — المعاني,roots-4662:هرر:مقاييس — المحور,,هَرِير,APPROVED,,
AR03458,قُبَاع,مصدر,850,9655,صوتُ الخنزير المعروف.,قبع,فُعَالٌ,roots-4662:قبع:المحكم — المعاني,roots-4662:قبع:مقاييس — المحور,,قُبَاع,APPROVED,,
AR03459,نَحِيم,مصدر,850,9655,صوتٌ قصير غليظ يخرج من الصدر.,نحم,فَعِيلٌ,roots-4662:نحم:المحكم — المعاني,,,نَحِيم,APPROVED,,
AR03460,غَرْغَرَة,مصدر,850,9657,صوتُ تردّد الماء أو النفَس في الحلق.,غرر,فَعْلَلَةٌ,roots-4662:غرر:المحكم — المعاني,roots-4662:غرر:مقاييس — المحور,roots-4662:غرر:الأساس — المجاز,غَرْغَرَة,APPROVED,,يُذكر في بعض المعاجم رباعياً في مادة مستقلة | WAZN_L2_005 ← فَعْلَلٌ
AR03461,فَحِيح,مصدر,850,9658,صوتٌ ممدود يخرج من الفم بلا نطق كصوت الأفعى.,فحح,فَعِيلٌ,roots-4662:فحح:المحكم — المعاني,roots-4662:فحح:مقاييس — النص,,فَحِيح,APPROVED,,
AR03462,هَمْهَمَة,مصدر,850,9662,صوتٌ خفيض متّصل يتردّد في الصدر.,همم,فَعْلَلَةٌ,roots-4662:همم:المحكم — المعاني,,,هَمْهَمَة,APPROVED,,يُذكر في بعض المعاجم رباعياً في مادة مستقلة | WAZN_L2_005 ← فَعْلَلٌ
AR03463,دَنْدَنَة,مصدر,850,9662,نغمٌ خفيض يُسمع ولا يُفهم.,دنن,فَعْلَلَةٌ,roots-4662:دنن:المحكم — المعاني,roots-4662:دنن:مقاييس — المحور,,دَنْدَنَة,APPROVED,,يُذكر في بعض المعاجم رباعياً في مادة مستقلة | WAZN_L2_005 ← فَعْلَلٌ
AR03464,مُوَاء,مصدر,850,9663,صوتُ الهرّ المعروف.,موء,فُعَالٌ,roots-4662:موء:المحكم — المعاني,,,مُوَاء,APPROVED,,
AR03468,نَقْر,مصدر,850,9672;9677;9680,قرعٌ خفيف بطرف شيء على سطح.,نقر,فَعْلٌ,roots-4662:نقر:المحكم — المعاني,roots-4662:نقر:مقاييس — المحور,roots-4662:نقر:الأساس — المجاز,نَقْر,APPROVED,,
AR03469,هَزِيم,مصدر,850,9673;9700,صوتُ الرعد العالي المتتابع.,هزم,فَعِيلٌ,roots-4662:هزم:المحكم — المعاني,roots-4662:هزم:مقاييس — المحور,roots-4662:هزم:الأساس — المجاز,هَزِيم,APPROVED,,
AR03471,خَرْخَرَة,مصدر,850,9678,صوتٌ متّصل يخرج من صدر الهرّ إذا ارتاح.,خرر,فَعْلَلَةٌ,roots-4662:خرر:المحكم — المعاني,roots-4662:خرر:مقاييس — المحور,roots-4662:خرر:الأساس — المجاز,خَرْخَرَة,APPROVED,,يُذكر في بعض المعاجم رباعياً في مادة مستقلة | WAZN_L2_005 ← فَعْلَلٌ
AR03472,بَطْبَطَة,مصدر,850,9679,صوتُ البطّ المعروف.,بطط,فَعْلَلَةٌ,v21:بطط:المحكم — المعاني,v21:بطط:مقاييس — المحور,,بَطْبَطَة,APPROVED,,حكاية صوت يغلب ورودها في المعاجم الحديثة؛ لم يُتحقَّق ورودها في المعاجم القديمة | WAZN_L2_005 ← فَعْلَلٌ
AR03474,حَشْرَجَة,مصدر,850,9681,صوتٌ خشن يتردّد في الحلق.,حشرج,فَعْلَلَةٌ,,,,حَشْرَجَة,APPROVED,,WAZN_L2_005 ← فَعْلَلٌ
AR03475,زَئِير,مصدر,850,9682,صوتُ الأسد الغليظ الممتدّ.,زءر,فَعِيلٌ,roots-4662:زءر:المحكم — المعاني,roots-4662:زءر:مقاييس — المحور,roots-4662:زءر:الأساس — المجاز,زَئِير,APPROVED,,
AR03478,نَشِيش,مصدر,850,9687,صوتُ الطعام أو الماء على النار الحامية.,نشش,فَعِيلٌ,roots-4662:نشش:المحكم — المعاني,roots-4662:نشش:مقاييس — النص,,نَشِيش,APPROVED,,
AR03481,لَطْمَة,اسم مرة,850,9688,ضربةٌ على الوجه بالكفّ مبسوطة أو صوتها.,لطم,فَعْلَةٌ,roots-4662:لطم:المحكم — المعاني,roots-4662:لطم:مقاييس — المحور,roots-4662:لطم:الأساس — المجاز,لَطْمَة,APPROVED,,اسم المرة | WAZN_L2_005 ← فَعْلٌ | POS_L2_007:ISM_MARRA (من نص الملاحظة)
AR03483,غَطِيط,مصدر,850,9692,صوتُ النائم يتردّد نفَسُه في حلقه.,غطط,فَعِيلٌ,roots-4662:غطط:المحكم — المعاني,roots-4662:غطط:مقاييس — النص,,غَطِيط,APPROVED,,
AR03484,نَخِير,مصدر,850,9693,صوتٌ يخرج من الأنف بدفع النفَس بقوّة.,نخر,فَعِيلٌ,roots-4662:نخر:المحكم — المعاني,roots-4662:نخر:مقاييس — المحور,roots-4662:نخر:الأساس — المجاز,نَخِير,APPROVED,,
AR03485,نَشِيج,مصدر,850,9694,صوتُ الباكي يتردّد في صدره.,نشج,فَعِيلٌ,roots-4662:نشج:المحكم — المعاني,roots-4662:نشج:مقاييس — المحور,roots-4662:نشج:الأساس — المجاز,نَشِيج,APPROVED,,
AR03486,نَحِيب,مصدر,850,9694,بكاءٌ بصوت عالٍ متقطّع.,نحب,فَعِيلٌ,roots-4662:نحب:المحكم — المعاني,roots-4662:نحب:مقاييس — المحور,roots-4662:نحب:الأساس — المجاز,نَحِيب,APPROVED,,
AR03489,وَجْبَة,اسم مرة,850,9698,صوتُ سقوط شيء ثقيل.,وجب,فَعْلَةٌ,roots-4662:وجب:المحكم — المعاني,roots-4662:وجب:مقاييس — المحور,roots-4662:وجب:الأساس — المجاز,وَجْبَة,APPROVED,,اسم المرة | WAZN_L2_005 ← فَعْلٌ | POS_L2_007:ISM_MARRA (من نص الملاحظة)
AR03491,رَعْد,مصدر,850,9700,الصوت الذي يُسمع في السحاب عقب البرق.,رعد,فَعْلٌ,roots-4662:رعد:المحكم — المعاني,roots-4662:رعد:مقاييس — المحور,roots-4662:رعد:الأساس — المجاز,رَعْد,APPROVED,,
AR03493,دَقَّة,اسم مرة,850,9703,صوتُ ضربة واحدة من الجرس.,دقق,فَعْلَةٌ,roots-4662:دقق:المحكم — المعاني,roots-4662:دقق:مقاييس — المحور,roots-4662:دقق:الأساس — المجاز,دَقَّة,APPROVED,,اسم المرة | WAZN_L2_005 ← فَعْلٌ | POS_L2_007:ISM_MARRA (من نص الملاحظة)
AR03494,تَغْرِيد,مصدر,850,9705,صوتُ الطائر المترنّم.,غرد,تَفْعِيلٌ,roots-4662:غرد:المحكم — المعاني,roots-4662:غرد:مقاييس — المحور,,تَغْرِيد,APPROVED,,
AR03495,سَقْسَقَة,مصدر,850,9706,صوتُ الطائر الصغير الرقيق المتتابع.,سقق,فَعْلَلَةٌ,,,,سَقْسَقَة,APPROVED,,يُذكر في بعض المعاجم رباعياً في مادة مستقلة | WAZN_L2_005 ← فَعْلَلٌ
AR03497,وَلْوَلَة,مصدر,850,9707,صياحٌ ممتدّ بالويل والبكاء.,ولول,فَعْلَلَةٌ,v21:ولول:المحكم — المعاني,,v21:ولول:الأساس — المجاز,وَلْوَلَة,APPROVED,,يُذكر في بعض المعاجم رباعياً في مادة مستقلة | WAZN_L2_005 ← فَعْلَلٌ | L2_011 root ولل→ولول
AR03498,ضُغَاء,مصدر,850,9708,صوتُ الحيوان الضعيف المتضرّع.,ضغو,فُعَالٌ,v21:ضغو:المحكم — المعاني,,v21:ضغو:الأساس — المجاز,ضُغَاء,APPROVED,,
AR03507,فَرْقَعَة,مصدر,850,10909,صوتٌ حادّ مفاجئ من انشقاق أو انفجار.,فرقع,فَعْلَلَةٌ,,,,فَرْقَعَة,APPROVED,,WAZN_L2_005 ← فَعْلَلٌ
AR03509,قَرْقَرَة,مصدر,850,,صوتُ البطن أو الماء يتردّد في جوف.,قرر,فَعْلَلَةٌ,roots-4662:قرر:المحكم — المعاني,roots-4662:قرر:مقاييس — المحور,roots-4662:قرر:الأساس — المجاز,قَرْقَرَة,APPROVED,,AR_ONLY | WAZN_L2_005 ← فَعْلَلٌ
AR03511,زَادَ,فعل,43,673,أردف كلامه بقول آخر.,زيد,فَعَلَ,roots-4662:زيد:المحكم — المعاني,roots-4662:زيد:مقاييس — المحور,roots-4662:زيد:الأساس — المجاز,زَادَ,APPROVED,,معتل العين
AR03512,خَاطَبَ,فعل,43,675,وجّه الكلام إلى غيره مشافهة أو كتابة.,خطب,فَاعَلَ,roots-4662:خطب:المحكم — المعاني,roots-4662:خطب:مقاييس — المحور,roots-4662:خطب:الأساس — المجاز,خَاطَبَ,APPROVED,,
AR03514,إِقْرَار,مصدر,43,676;703;11329;12375,إثبات المرء حقاً أو أمراً والإذعان به.,قرر,إِفْعَالٌ,roots-4662:قرر:المحكم — المعاني,roots-4662:قرر:مقاييس — المحور,roots-4662:قرر:الأساس — المجاز,إِقْرَار,APPROVED,,
AR03515,اِدِّعَاء,مصدر,43,681;696,قول يُنسب فيه أمر إلى أحد دون بيّنة.,دعو,اِفْتِعَالٌ,roots-4662:دعو:المحكم — المعاني,roots-4662:دعو:مقاييس — النص,roots-4662:دعو:الأساس — المجاز,اِدِّعَاء,APPROVED,,أصله اِدْتِعاء | WAZN ← L2_006 مص من اِفْتَعَلَ
AR03516,زَعْم,مصدر,43,681;696;711,قول يُدّعى صدقه ولا يقوم عليه دليل.,زعم,فَعْلٌ,roots-4662:زعم:المحكم — المعاني,roots-4662:زعم:مقاييس — المحور,roots-4662:زعم:الأساس — المجاز,زَعْم,APPROVED,,
AR03517,اِدَّعَى,فعل,43,682;697;735,نسب إلى غيره أمراً مذموماً دون بيّنة.,دعو,اِفْتَعَلَ,roots-4662:دعو:المحكم — المعاني,roots-4662:دعو:مقاييس — النص,roots-4662:دعو:الأساس — المجاز,اِدَّعَى,APPROVED,,أصله اِدْتَعَى
AR03518,زَعَمَ,فعل,43,682;697;710,قال قولاً يدّعي صحته ولا يقيم عليه دليلاً.,زعم,فَعَلَ,roots-4662:زعم:المحكم — المعاني,roots-4662:زعم:مقاييس — المحور,roots-4662:زعم:الأساس — المجاز,زَعَمَ,APPROVED,,
AR03520,أَذَاعَ,فعل,43,683;733,نشر الخبر وأشاعه بين الناس.,ذيع,أَفْعَلَ,roots-4662:ذيع:المحكم — المعاني,roots-4662:ذيع:مقاييس — المحور,roots-4662:ذيع:الأساس — المجاز,أَذَاعَ,APPROVED,,معتل العين
AR03526,قَرَّرَ,فعل,43,689;753,ذكر الأمر مثبتاً له على وجه الحسم.,قرر,فَعَّلَ,roots-4662:قرر:المحكم — المعاني,roots-4662:قرر:مقاييس — المحور,roots-4662:قرر:الأساس — المجاز,قَرَّرَ,APPROVED,,
AR03528,أَقَرَّ,فعل,43,690;12309;15585,اعترف بالأمر وأثبته.,قرر,أَفْعَلَ,roots-4662:قرر:المحكم — المعاني,roots-4662:قرر:مقاييس — المحور,roots-4662:قرر:الأساس — المجاز,أَقَرَّ,APPROVED,,يتعدّى بالباء
AR03530,نَبَّهَ,فعل,43,695,لفت غيره بقوله إلى أمر ينبغي أن يحترس منه.,نبه,فَعَّلَ,roots-4662:نبه:المحكم — المعاني,roots-4662:نبه:مقاييس — المحور,roots-4662:نبه:الأساس — المجاز,نَبَّهَ,APPROVED,,
AR03533,تَسْلِيم,مصدر,43,703,إقرار بأمر على كره أو بعد مدافعة.,سلم,تَفْعِيلٌ,roots-4662:سلم:المحكم — المعاني,roots-4662:سلم:مقاييس — المحور,roots-4662:سلم:الأساس — المجاز,تَسْلِيم,APPROVED,,يتعدّى بالباء
AR03534,تَخْمِين,مصدر,43,708,قول بالظنّ مبني على معلومات ناقصة.,خمن,تَفْعِيلٌ,roots-4662:خمن:المحكم — المعاني,,,تَخْمِين,APPROVED,,
AR03537,خَمَّنَ,فعل,43,709;8480,قال قولاً بالظنّ والتقدير.,خمن,فَعَّلَ,roots-4662:خمن:المحكم — المعاني,,,خَمَّنَ,APPROVED,,
AR03539,ذَهَبَ إِلَى,تركيب,43,710;728,قال برأي وتبنّاه محتجّاً له.,,,,,,ذَهَبَ إِلَى,APPROVED,,
AR03540,دَعْوَى,اسم مصدر,43,711,قول يزعم صاحبه صحته.,دعو,فَعْلَى (للتأنيث),roots-4662:دعو:المحكم — المعاني,roots-4662:دعو:مقاييس — النص,roots-4662:دعو:الأساس — المجاز,دَعْوَى,APPROVED,,POS_L2_007:ISM_MASDAR
AR03543,إِنْكَار,مصدر,43,715,نفي صحة قول أو أمر.,نكر,إِفْعَالٌ,roots-4662:نكر:المحكم — المعاني,roots-4662:نكر:مقاييس — المحور,,إِنْكَار,APPROVED,,
AR03544,نَفْي,مصدر,43,715,قول يُبطَل به ما ادُّعي.,نفي,فَعْلٌ,roots-4662:نفي:المحكم — المعاني,roots-4662:نفي:مقاييس — المحور,,نَفْي,APPROVED,,
AR03545,هَتَفَ,فعل,43,718,رفع صوته بالكلام فجأة.,هتف,فَعَلَ,roots-4662:هتف:المحكم — المعاني,roots-4662:هتف:مقاييس — النص,,هَتَفَ,APPROVED,,
AR03547,هُتَاف,مصدر,43,719,كلام يُرفع به الصوت فجأة.,هتف,فُعَالٌ,roots-4662:هتف:المحكم — المعاني,roots-4662:هتف:مقاييس — النص,,هُتَاف,APPROVED,,
AR03549,وَضَّحَ,فعل,43,720,جعل الأمر جلياً بالبيان.,وضح,فَعَّلَ,roots-4662:وضح:المحكم — المعاني,roots-4662:وضح:مقاييس — المحور,roots-4662:وضح:الأساس — المجاز,وَضَّحَ,APPROVED,,
AR03552,أَلَحَّ,فعل,43,725,كرّر القول وداوم عليه بشدة.,لحح,أَفْعَلَ,roots-4662:لحح:المحكم — المعاني,roots-4662:لحح:مقاييس — المحور,roots-4662:لحح:الأساس — المجاز,أَلَحَّ,APPROVED,,
AR03553,ذِكْر,مصدر,43,729,إجراء اسم شيء أو أمر على اللسان.,ذكر,فِعْلٌ,roots-4662:ذكر:المحكم — المعاني,roots-4662:ذكر:مقاييس — المحور,roots-4662:ذكر:الأساس — المجاز,ذِكْر,APPROVED,,
AR03555,ذَكَرَ,فعل,43,730;753,أجرى ذكر الشيء على لسانه.,ذكر,فَعَلَ,roots-4662:ذكر:المحكم — المعاني,roots-4662:ذكر:مقاييس — المحور,roots-4662:ذكر:الأساس — المجاز,ذَكَرَ,APPROVED,,
AR03557,وَعَظَ,فعل,43,732,ألقى على جماعة كلاماً دينياً يذكّرهم ويرقّق قلوبهم.,وعظ,فَعَلَ,roots-4662:وعظ:المحكم — المعاني,roots-4662:وعظ:مقاييس — النص,,وَعَظَ,APPROVED,,
AR03558,خَطَبَ,فعل,43,732,ألقى على جماعة كلاماً في شأن ديني أو عام.,خطب,فَعَلَ,roots-4662:خطب:المحكم — المعاني,roots-4662:خطب:مقاييس — المحور,roots-4662:خطب:الأساس — المجاز,خَطَبَ,APPROVED,,
AR03560,اِقْتِرَاح,مصدر,43,738;740,رأي أو خطة تُعرض على الغير للنظر فيها.,قرح,اِفْتِعَالٌ,roots-4662:قرح:المحكم — المعاني,roots-4662:قرح:مقاييس — المحور,roots-4662:قرح:الأساس — المجاز,اِقْتِرَاح,APPROVED,,WAZN ← L2_006 مص من اِفْتَعَلَ
AR03561,اِقْتَرَحَ,فعل,43,739;755,عرض رأياً أو خطة على غيره للنظر فيها.,قرح,اِفْتَعَلَ,roots-4662:قرح:المحكم — المعاني,roots-4662:قرح:مقاييس — المحور,roots-4662:قرح:الأساس — المجاز,اِقْتَرَحَ,APPROVED,,
AR03564,أَعَادَ التَّأْكِيد,تركيب,43,741,أكّد الأمر مرة أخرى بقوة.,,,,,,أَعَادَ التَّأْكِيد,APPROVED,,
AR03565,رَوَى,فعل,43,742;744;15385,نقل الخبر أو الحادثة وحدّث بها.,روي,فَعَلَ,roots-4662:روي:المحكم — المعاني,roots-4662:روي:مقاييس — المحور,roots-4662:روي:الأساس — المجاز,رَوَى,APPROVED,,
AR03567,سَرَدَ,فعل,43,742,ساق الحديث متتابعاً.,سرد,فَعَلَ,roots-4662:سرد:المحكم — المعاني,roots-4662:سرد:مقاييس — المحور,roots-4662:سرد:الأساس — المجاز,سَرَدَ,APPROVED,,
AR03568,كَرَّرَ,فعل,43,743,أعاد القول مرة بعد مرة.,كرر,فَعَّلَ,roots-4662:كرر:المحكم — المعاني,roots-4662:كرر:مقاييس — المحور,,كَرَّرَ,APPROVED,,
AR03569,رَدَّدَ,فعل,43,743,أعاد القول مرات متوالية.,ردد,فَعَّلَ,roots-4662:ردد:المحكم — المعاني,roots-4662:ردد:مقاييس — المحور,roots-4662:ردد:الأساس — المجاز,رَدَّدَ,APPROVED,,
AR03570,مُلَاحَظَة,مصدر,43,745,كلام يُبدى فيه رأي أو انطباع عرضاً.,لحظ,مُفَاعَلَةٌ,roots-4662:لحظ:المحكم — المعاني,roots-4662:لحظ:مقاييس — المحور,roots-4662:لحظ:الأساس — المجاز,مُلَاحَظَة,APPROVED,,WAZN ← L2_006 مص من فَاعَلَ
AR03571,تَقْرِير,مصدر,43,747,بيان مكتوب أو منطوق يُعرض فيه أمر بعد بحث أو نظر.,قرر,تَفْعِيلٌ,roots-4662:قرر:المحكم — المعاني,roots-4662:قرر:مقاييس — المحور,roots-4662:قرر:الأساس — المجاز,تَقْرِير,APPROVED,,
AR03573,أَفَادَ,فعل,43,748,نقل خبراً عن أمر قولاً أو كتابة.,فيد,أَفْعَلَ,roots-4662:فيد:المحكم — المعاني,roots-4662:فيد:مقاييس — النص,,أَفَادَ,APPROVED,,معتل العين
AR03574,نَقَلَ,فعل,43,748,حدّث بخبر سمعه أو علمه.,نقل,فَعَلَ,roots-4662:نقل:المحكم — المعاني,roots-4662:نقل:مقاييس — المحور,roots-4662:نقل:الأساس — المجاز,نَقَلَ,APPROVED,,
AR03575,قَالَ,فعل,43,751,نطق بكلام يؤدّي به معنى أو خبراً أو رأياً.,قول,فَعَلَ,roots-4662:قول:المحكم — المعاني,roots-4662:قول:مقاييس — المحور,,قَالَ,APPROVED,,معتل العين
AR03576,تَكَلَّمَ,فعل,43,752;756,نطق بالكلام.,كلم,تَفَعَّلَ,roots-4662:كلم:المحكم — المعاني,roots-4662:كلم:مقاييس — المحور,roots-4662:كلم:الأساس — المجاز,تَكَلَّمَ,APPROVED,,
AR03577,نَطَقَ,فعل,43,752,تلفّظ بالكلام.,نطق,فَعَلَ,roots-4662:نطق:المحكم — المعاني,roots-4662:نطق:مقاييس — المحور,roots-4662:نطق:الأساس — المجاز,نَطَقَ,APPROVED,,
AR03578,قَوْل,مصدر,43,754,كلام يُعبَّر به عن معنى أو رأي.,قول,فَعْلٌ,roots-4662:قول:المحكم — المعاني,roots-4662:قول:مقاييس — المحور,,قَوْل,APPROVED,,
AR03580,كَتَبَ,فعل,43,758,دوّن كلاماً يبلّغ به غيره.,كتب,فَعَلَ,roots-4662:كتب:المحكم — المعاني,roots-4662:كتب:مقاييس — المحور,roots-4662:كتب:الأساس — المجاز,كَتَبَ,APPROVED,,
AR03582,إِلْحَاح,مصدر,43,6204,المداومة على القول بشدة.,لحح,إِفْعَالٌ,roots-4662:لحح:المحكم — المعاني,roots-4662:لحح:مقاييس — المحور,roots-4662:لحح:الأساس — المجاز,إِلْحَاح,APPROVED,,
AR03584,تَوْضِيح,مصدر,43,6213,جعل الأمر جلياً بالبيان.,وضح,تَفْعِيلٌ,roots-4662:وضح:المحكم — المعاني,roots-4662:وضح:مقاييس — المحور,roots-4662:وضح:الأساس — المجاز,تَوْضِيح,APPROVED,,
AR03587,نَوَّهَ,فعل,43,13288,ذكر أمراً عرضاً في كلامه.,نوه,فَعَّلَ,roots-4662:نوه:المحكم — المعاني,roots-4662:نوه:مقاييس — المحور,,نَوَّهَ,APPROVED,,يتعدّى بإلى أو بالباء
AR03588,نَفَى,فعل,43,13774,أنكر صحة قول أو تهمة.,نفي,فَعَلَ,roots-4662:نفي:المحكم — المعاني,roots-4662:نفي:مقاييس — المحور,,نَفَى,APPROVED,,
AR03589,فَنَّدَ,فعل,43,13774,أبطل القول وبيّن خطأه.,فند,فَعَّلَ,roots-4662:فند:المحكم — المعاني,roots-4662:فند:مقاييس — المحور,roots-4662:فند:الأساس — المجاز,فَنَّدَ,APPROVED,,
AR03590,وَصَفَ,فعل,43,13781,ذكر صفات الشيء وأحواله بالتفصيل.,وصف,فَعَلَ,roots-4662:وصف:المحكم — المعاني,roots-4662:وصف:مقاييس — المحور,roots-4662:وصف:الأساس — المجاز,وَصَفَ,APPROVED,,
AR03592,رِسَالَة,اسم مصدر,43,14565,كلام يُبلَّغ إلى الغير يعبّر عن معنى أو شعور.,رسل,فِعَالَةٌ,roots-4662:رسل:المحكم — المعاني,roots-4662:رسل:مقاييس — المحور,roots-4662:رسل:الأساس — المجاز,رِسَالَة,APPROVED,,POS_L2_007:ISM_MASDAR | WAZN_L2_005 ← فِعَالٌ
AR03593,فَصَّلَ,فعل,43,14605,بيّن الأمر بأجزائه ودقائقه.,فصل,فَعَّلَ,roots-4662:فصل:المحكم — المعاني,roots-4662:فصل:مقاييس — النص,,فَصَّلَ,APPROVED,,
AR03594,قَصَّ,فعل,43,15385,روى القصة أو الخبر على وجهه.,قصص,فَعَلَ,roots-4662:قصص:المحكم — المعاني,roots-4662:قصص:مقاييس — المحور,roots-4662:قصص:الأساس — المجاز,قَصَّ,APPROVED,,
AR03595,سَلَّمَ,فعل,43,15585,أقرّ بصحة أمر بعد مدافعة.,سلم,فَعَّلَ,roots-4662:سلم:المحكم — المعاني,roots-4662:سلم:مقاييس — المحور,roots-4662:سلم:الأساس — المجاز,سَلَّمَ,APPROVED,,يتعدّى بالباء
AR03597,تَنْبِيه,مصدر,43,17435,كلام يلفت إلى أمر ينبغي الاحتراس منه.,نبه,تَفْعِيلٌ,roots-4662:نبه:المحكم — المعاني,roots-4662:نبه:مقاييس — المحور,roots-4662:نبه:الأساس — المجاز,تَنْبِيه,APPROVED,,
AR03599,أَفْصَحَ,فعل,43,,أبان عن مراده بكلام واضح.,فصح,أَفْعَلَ,roots-4662:فصح:المحكم — المعاني,roots-4662:فصح:مقاييس — المحور,,أَفْصَحَ,APPROVED,,AR_ONLY؛ يتعدّى بعن
AR03600,نَصَّ,فعل,43,,ذكر الأمر صريحاً في كلامه أو كتابه.,نصص,فَعَلَ,roots-4662:نصص:المحكم — المعاني,roots-4662:نصص:مقاييس — المحور,roots-4662:نصص:الأساس — المجاز,نَصَّ,APPROVED,,AR_ONLY؛ يتعدّى بعلى
AR03602,أَدْلَى,فعل,43,,قدّم قوله أو شهادته أو تصريحه.,دلو,أَفْعَلَ,roots-4662:دلو:المحكم — المعاني,,,أَدْلَى,APPROVED,,AR_ONLY؛ يتعدّى بالباء
AR03603,سارّ,اسم فاعل,364,6299;6356;10352,ما يُدخِل السرور والرضا على نفس من يتلقاه.,سرر,فَاعِلٌ,roots-4662:سرر:المحكم — المعاني,roots-4662:سرر:مقاييس — النص,roots-4662:سرر:الأساس — المجاز,سارّ,APPROVED,,
AR03606,مُفْزِع,اسم فاعل,364,6304;6369,ما يبعث الفزع والذعر في النفس.,فزع,مُفْعِلٌ,roots-4662:فزع:المحكم — المعاني,roots-4662:فزع:مقاييس — المحور,,مُفْزِع,APPROVED,,WAZN ← L2_006 فا من أَفْعَلَ
AR03607,مُقْلِق,اسم فاعل,364,6304;6305;6332;6334;6378;6385;6406;6408;6439,ما يبعث القلق والاضطراب في النفس.,قلق,مُفْعِلٌ,roots-4662:قلق:المحكم — المعاني,roots-4662:قلق:مقاييس — المحور,,مُقْلِق,APPROVED,,WAZN ← L2_006 فا من أَفْعَلَ
AR03608,مُثِير لِلْقَلَق,تركيب,364,6305,ما يحمل على القلق والتوجّس.,,,,,,مُثِير لِلْقَلَق,APPROVED,,
AR03609,مُؤْلِم,اسم فاعل,364,6306;6335;6385,ما يوقع في النفس أو البدن ألماً شديداً.,ءلم,مُفْعِلٌ,v21:ألم:المحكم — المعاني,v21:ألم:مقاييس — المحور,,مُؤْلِم,APPROVED,,WAZN ← L2_006 فا من أَفْعَلَ
AR03611,مُرِيح,اسم فاعل,364,6307;6343;6352;6396;6397,ما يبعث في النفس الراحة والسكون.,روح,مُفْعِلٌ,roots-4662:روح:المحكم — المعاني,roots-4662:روح:مقاييس — المحور,roots-4662:روح:الأساس — المجاز,مُرِيح,APPROVED,,WAZN ← L2_006 فا من أَفْعَلَ
AR03612,مُطَمْئِن,اسم فاعل,364,6307;6352,ما يُسكّن النفس ويُذهب عنها الخوف والقلق.,طمءن,مُفَعْلِلٌ,v21:طمأن:المحكم — المعاني,,,مُطَمْئِن,APPROVED,,WAZN ← L2_006 فا من فَعْلَلَ
AR03613,مُغِيظ,اسم فاعل,364,6308;6317;6318;6346;6376,ما يملأ الصدر غيظاً وحنقاً.,غيظ,مُفْعِلٌ,roots-4662:غيظ:المحكم — المعاني,roots-4662:غيظ:مقاييس — المحور,roots-4662:غيظ:الأساس — المجاز,مُغِيظ,APPROVED,,WAZN ← L2_006 فا من أَفْعَلَ
AR03614,مُسْتَفِزّ,اسم فاعل,364,6308;6374;6375,ما يستثير الغضب ويُخرج المرء عن هدوئه.,فزز,مُسْتَفْعِلٌ,roots-4662:فزز:المحكم — المعاني,roots-4662:فزز:مقاييس — المحور,,مُسْتَفِزّ,APPROVED,,WAZN ← L2_006 فا من اِسْتَفْعَلَ
AR03615,مُرْعِب,اسم فاعل,364,6311;6348;6368;7198,ما يملأ القلب رعباً وخوفاً شديداً.,رعب,مُفْعِلٌ,roots-4662:رعب:المحكم — المعاني,roots-4662:رعب:مقاييس — المحور,roots-4662:رعب:الأساس — المجاز,مُرْعِب,APPROVED,,WAZN ← L2_006 فا من أَفْعَلَ
AR03616,مُرَوِّع,اسم فاعل,364,6311;6342;6347;6366;6370;6392;6508;7197,ما يُفزع النفس ويهولها هولاً شديداً.,روع,مُفَعِّلٌ,roots-4662:روع:المحكم — المعاني,roots-4662:روع:مقاييس — المحور,roots-4662:روع:الأساس — المجاز,مُرَوِّع,APPROVED,,WAZN ← L2_006 فا من فَعَّلَ
AR03617,مُخِيف,اسم فاعل,364,6311;6348;6369,ما يبعث الخوف في النفس.,خوف,مُفْعِلٌ,roots-4662:خوف:المحكم — المعاني,roots-4662:خوف:مقاييس — المحور,roots-4662:خوف:الأساس — المجاز,مُخِيف,APPROVED,,WAZN ← L2_006 فا من أَفْعَلَ
AR03618,مُثِير لِلشَّفَقَة,تركيب,364,6314;6315,ما يستدعي الرحمة والإشفاق لضعفه أو سوء حاله.,,,,,,مُثِير لِلشَّفَقَة,APPROVED,,
AR03619,يُرْثَى لَهُ,تركيب,364,6314;6315,ما بلغ من سوء الحال حداً يستدعي الرثاء والإشفاق.,,,,,,يُرْثَى لَهُ,APPROVED,,
AR03620,مُزْعِج,اسم فاعل,364,6317;6319;6325;6353;6373;6374;6377;6380;6381;6382;6408,ما يُقلق راحة النفس ويضايقها.,زعج,مُفْعِلٌ,roots-4662:زعج:المحكم — المعاني,roots-4662:زعج:مقاييس — المحور,,مُزْعِج,APPROVED,,WAZN ← L2_006 فا من أَفْعَلَ
AR03622,مُكَدِّر,اسم فاعل,364,6319;6331;6353;6377,ما يعكّر صفو النفس ويُدخل عليها الغمّ.,كدر,مُفَعِّلٌ,roots-4662:كدر:المحكم — المعاني,roots-4662:كدر:مقاييس — المحور,roots-4662:كدر:الأساس — المجاز,مُكَدِّر,APPROVED,,WAZN ← L2_006 فا من فَعَّلَ
AR03623,مُقَزِّز,اسم فاعل,364,6320;6344;13758,ما يبعث في النفس الاشمئزاز والتقزّز.,قزز,مُفَعِّلٌ,,roots-4662:قزز:مقاييس — النص,,مُقَزِّز,APPROVED,,WAZN ← L2_006 فا من فَعَّلَ
AR03624,مُنَفِّر,اسم فاعل,364,6320;6344;6351;6386;6665,ما يحمل النفس على النفور منه والابتعاد عنه.,نفر,مُفَعِّلٌ,roots-4662:نفر:المحكم — المعاني,roots-4662:نفر:مقاييس — المحور,roots-4662:نفر:الأساس — المجاز,مُنَفِّر,APPROVED,,WAZN ← L2_006 فا من فَعَّلَ
AR03629,أَوْغَرَ,فعل,364,6323,أحمى الصدرَ بالحقد والضغينة حتى امتلأ مرارةً.,وغر,أَفْعَلَ,roots-4662:وغر:المحكم — المعاني,roots-4662:وغر:مقاييس — المحور,,أَوْغَرَ,APPROVED,,
AR03631,مُرْبِك,اسم فاعل,364,6324;6332;6333;6345;6393;6394;6399;6406;6528,ما يُوقع المرء في الارتباك والاضطراب.,ربك,مُفْعِلٌ,roots-4662:ربك:المحكم — المعاني,roots-4662:ربك:مقاييس — المحور,roots-4662:ربك:الأساس — المجاز,مُرْبِك,APPROVED,,WAZN ← L2_006 فا من أَفْعَلَ
AR03632,مُنَغِّص,اسم فاعل,364,6325;6381,ما يُكدّر العيش ويُفسد هناءته.,نغص,مُفَعِّلٌ,roots-4662:نغص:المحكم — المعاني,roots-4662:نغص:مقاييس — المحور,,مُنَغِّص,APPROVED,,WAZN ← L2_006 فا من فَعَّلَ
AR03633,فاتِن,اسم فاعل,364,6327;6395;6398;6410,ما يستميل القلوب بحسنه ويفتنها.,فتن,فَاعِلٌ,roots-4662:فتن:المحكم — المعاني,roots-4662:فتن:مقاييس — المحور,,فاتِن,APPROVED,,
AR03636,مُفْرِح,اسم فاعل,364,6329;6356,ما يُدخل الفرح على النفس.,فرح,مُفْعِلٌ,roots-4662:فرح:المحكم — المعاني,roots-4662:فرح:مقاييس — المحور,,مُفْرِح,APPROVED,,WAZN ← L2_006 فا من أَفْعَلَ
AR03637,مُخَيِّب لِلْآمال,تركيب,364,6330;6405,ما يأتي على خلاف المرجوّ فيُذهب الأمل.,,,,,,مُخَيِّب لِلْآمال,APPROVED,,
AR03642,مُذْهِل,اسم فاعل,364,6338;6390;6391;6459;7653;10354;11204,ما يبلغ من الغرابة حدّاً يُذهل العقل.,ذهل,مُفْعِلٌ,roots-4662:ذهل:المحكم — المعاني,roots-4662:ذهل:مقاييس — المحور,,مُذْهِل,APPROVED,,WAZN ← L2_006 فا من أَفْعَلَ
AR03643,مُدْهِش,اسم فاعل,364,6338;6349;6390;6459;7653,ما يبعث الدهشة والعجب.,دهش,مُفْعِلٌ,roots-4662:دهش:المحكم — المعاني,roots-4662:دهش:مقاييس — النص,,مُدْهِش,APPROVED,,WAZN ← L2_006 فا من أَفْعَلَ
AR03645,لاذِع,اسم فاعل,364,6340,ما يؤلم النفس بحدّته كما تلذع النار.,لذع,فَاعِلٌ,roots-4662:لذع:المحكم — المعاني,roots-4662:لذع:مقاييس — المحور,,لاذِع,APPROVED,,
AR03647,مُحَفِّز,اسم فاعل,364,6341,ما يستحثّ النشاط ويبعث على الإقبال.,حفز,مُفَعِّلٌ,v21:حفز:المحكم — المعاني,v21:حفز:مقاييس — المحور,,مُحَفِّز,APPROVED,,WAZN ← L2_006 فا من فَعَّلَ
AR03648,مُفاجِئ,اسم فاعل,364,6342;6349,ما يأتي على غير توقّع فيُباغت النفس.,فجء,مُفَاعِلٌ,roots-4662:فجء:المحكم — المعاني,,,مُفاجِئ,APPROVED,,
AR03649,مُهَدِّئ,اسم فاعل,364,6343;6396;6397;6436;6437,ما يُسكّن الاضطراب ويبعث الطمأنينة.,هدء,مُفَعِّلٌ,roots-4662:هدء:المحكم — المعاني,,roots-4662:هدء:الأساس — المجاز,مُهَدِّئ,APPROVED,,WAZN ← L2_006 فا من فَعَّلَ
AR03651,مُغْضِب,اسم فاعل,364,6346;6375,ما يثير الغضب.,غضب,مُفْعِلٌ,roots-4662:غضب:المحكم — المعاني,roots-4662:غضب:مقاييس — المحور,roots-4662:غضب:الأساس — المجاز,مُغْضِب,APPROVED,,WAZN ← L2_006 فا من أَفْعَلَ
AR03654,كَرِيه,صفة مشبهة,364,6351;6363;6647;6665;13758,ما تكرهه النفس وتنفر منه.,كره,فَعِيلٌ,roots-4662:كره:المحكم — المعاني,roots-4662:كره:مقاييس — المحور,roots-4662:كره:الأساس — المجاز,كَرِيه,APPROVED,,
AR03655,غَيْر سارّ,تركيب,364,6354;6363,ما لا يُدخل على النفس سروراً بل يبعث الضيق.,,,,,,غَيْر سارّ,APPROVED,,
AR03656,لَطِيف,صفة مشبهة,364,6362;6648;6650,ما يستطيبه المرء ويرتاح إليه.,لطف,فَعِيلٌ,roots-4662:لطف:المحكم — المعاني,roots-4662:لطف:مقاييس — المحور,roots-4662:لطف:الأساس — المجاز,لَطِيف,APPROVED,,
AR03658,مُمْتِع,اسم فاعل,364,6364;6365;6419,ما يجد المرء فيه متعة ولذة.,متع,مُفْعِلٌ,roots-4662:متع:المحكم — المعاني,roots-4662:متع:مقاييس — المحور,roots-4662:متع:الأساس — المجاز,مُمْتِع,APPROVED,,WAZN ← L2_006 فا من أَفْعَلَ
AR03659,لَذِيذ,صفة مشبهة,364,6364,ما تتلذذ به النفس.,لذذ,فَعِيلٌ,roots-4662:لذذ:المحكم — المعاني,roots-4662:لذذ:مقاييس — المحور,,لَذِيذ,APPROVED,,
AR03660,تَقْشَعِرُّ مِنْهُ الأَبْدان,تركيب,364,6366;6367;6368;7198,ما يبلغ من الهول أن يقشعرّ له الجلد خوفاً.,,,,,,تَقْشَعِرُّ مِنْهُ الأَبْدان,APPROVED,,
AR03661,يَشِيبُ لِهَوْلِهِ الوِلْدان,تركيب,364,6367,ما بلغ من الهول والرعب غايةً قصوى.,,,,,,يَشِيبُ لِهَوْلِهِ الوِلْدان,APPROVED,,
AR03662,يُثْلِجُ الصَّدْر,تركيب,364,6371,ما يُدخل على القلب السرور والارتياح.,,,,,,يُثْلِجُ الصَّدْر,APPROVED,,
AR03663,رافِع لِلْمَعْنَوِيّات,تركيب,364,6372,ما يقوّي الروح ويبعث النشاط والتفاؤل.,,,,,,رافِع لِلْمَعْنَوِيّات,APPROVED,,
AR03664,مُهِين,اسم فاعل,364,6376;6379;6481;14951,ما يحطّ من كرامة المرء فيورثه الذلّ والمهانة.,هون,مُفْعِلٌ,roots-4662:هون:المحكم — المعاني,roots-4662:هون:مقاييس — المحور,,مُهِين,APPROVED,,WAZN ← L2_006 فا من أَفْعَلَ
AR03666,مُمِلّ,اسم فاعل,364,6383;6389;6468;6469;6482;6483,ما يورث الملل والسأم لرتابته.,ملل,مُفْعِلٌ,roots-4662:ملل:المحكم — المعاني,roots-4662:ملل:مقاييس — المحور,,مُمِلّ,APPROVED,,WAZN ← L2_006 فا من أَفْعَلَ
AR03667,فَظِيع,صفة مشبهة,364,6392;6664;6738,ما يُستعظَم لشناعته فتنفر منه النفس.,فظع,فَعِيلٌ,roots-4662:فظع:المحكم — المعاني,roots-4662:فظع:مقاييس — النص,,فَظِيع,APPROVED,,
AR03668,ساحِر,اسم فاعل,364,6395;6398;6410;6476,ما يأخذ بالقلوب بجماله كأنه سحر.,سحر,فَاعِلٌ,roots-4662:سحر:المحكم — المعاني,roots-4662:سحر:مقاييس — المحور,roots-4662:سحر:الأساس — المجاز,ساحِر,APPROVED,,
AR03671,كَئِيب,صفة مشبهة,364,6402,ما يبعث الكآبة والانقباض في النفس.,كءب,فَعِيلٌ,roots-4662:كءب:المحكم — المعاني,roots-4662:كءب:مقاييس — المحور,roots-4662:كءب:الأساس — المجاز,كَئِيب,APPROVED,,
AR03672,مُسَلِّي,اسم فاعل,364,6419;6815,ما يشغل النفس بما يؤنسها ويروّح عنها.,سلو,مُفَعِّلٌ,roots-4662:سلو:المحكم — المعاني,roots-4662:سلو:مقاييس — المحور,,مُسَلِّي,APPROVED,,منقوص؛ كُتب بالياء لتجنّب التنوين | WAZN ← L2_006 فا من فَعَّلَ
AR03673,مُنْعِش,اسم فاعل,364,6434;6547,ما يجدّد النشاط ويبعث الحيوية في النفس.,نعش,مُفْعِلٌ,roots-4662:نعش:المحكم — المعاني,roots-4662:نعش:مقاييس — المحور,,مُنْعِش,APPROVED,,WAZN ← L2_006 فا من أَفْعَلَ
AR03674,تَتَفَطَّرُ لَهُ القُلُوب,تركيب,364,6438;6444,ما يبلغ من الفجيعة أن تتصدّع له القلوب حزناً.,,,,,,تَتَفَطَّرُ لَهُ القُلُوب,APPROVED,,
AR03675,مُفْجِع,اسم فاعل,364,6438;6444;6464;6509;7197,ما يوقع في النفس فجيعة وحزناً بالغاً.,فجع,مُفْعِلٌ,roots-4662:فجع:المحكم — المعاني,roots-4662:فجع:مقاييس — النص,,مُفْجِع,APPROVED,,WAZN ← L2_006 فا من أَفْعَلَ
AR03676,مُرْهِق لِلْأَعْصاب,تركيب,364,6439,ما يُثقل النفس بالتوتّر والترقّب.,,,,,,مُرْهِق لِلْأَعْصاب,APPROVED,,
AR03677,مُرْهِق,اسم فاعل,364,6440,ما يُثقل النفس ويُجهدها بالضغط والتوتّر.,رهق,مُفْعِلٌ,roots-4662:رهق:المحكم — المعاني,roots-4662:رهق:مقاييس — المحور,roots-4662:رهق:الأساس — المجاز,مُرْهِق,APPROVED,,WAZN ← L2_006 فا من أَفْعَلَ
AR03679,يَحْبِسُ الأَنْفاس,تركيب,364,6445;6453,ما يشدّ المرء بالترقّب والإثارة حتى كأنه يكتم نفَسه.,,,,,,يَحْبِسُ الأَنْفاس,APPROVED,,
AR03681,مُضْحِك,اسم فاعل,364,6448;6452;6457;6465;6466;6815,ما يبعث على الضحك.,ضحك,مُفْعِلٌ,v21:ضحك:المحكم — المعاني,v21:ضحك:مقاييس — النص,v21:ضحك:الأساس — المجاز,مُضْحِك,APPROVED,,WAZN ← L2_006 فا من أَفْعَلَ
AR03682,غَيْر مُضْحِك,تركيب,364,6450,ما أُريد به الإضحاك فلم يُضحك.,,,,,,غَيْر مُضْحِك,APPROVED,,
AR03683,سَمِج,صفة مشبهة,364,6450,ما ثقل على النفس من مزاح أو قول لا ملاحة فيه.,سمج,فَعِلٌ,roots-4662:سمج:المحكم — المعاني,roots-4662:سمج:مقاييس — المحور,,سَمِج,APPROVED,,
AR03686,مُلْهِب,اسم فاعل,364,6454;6533,ما يُلهب الحماسة ويُضرم المشاعر.,لهب,مُفْعِلٌ,roots-4662:لهب:المحكم — المعاني,roots-4662:لهب:مقاييس — المحور,,مُلْهِب,APPROVED,,WAZN ← L2_006 فا من أَفْعَلَ
AR03687,يَسْتَدِرُّ الدُّمُوع,تركيب,364,6456,ما يُقصد به استجلاب البكاء والتعاطف.,,,,,,يَسْتَدِرُّ الدُّمُوع,APPROVED,,
AR03688,مُزَلْزِل,اسم فاعل,364,6463,ما يهزّ النفوس هزّاً عنيفاً لخطره وجسامته.,زلزل,مُفَعْلِلٌ,,,,مُزَلْزِل,APPROVED,,WAZN ← L2_006 فا من فَعْلَلَ
AR03689,يُضْحِكُ الثَّكْلَى,تركيب,364,6465,ما بلغ في الإضحاك حدّاً يُضحك حتى الحزين.,,,,,,يُضْحِكُ الثَّكْلَى,APPROVED,,
AR03691,غَيْر مُثِير,تركيب,364,6469,ما لا يبعث حماسة ولا اهتماماً.,,,,,,غَيْر مُثِير,APPROVED,,
AR03692,مُثِير لِلْفُضُول,تركيب,364,6473,ما يبعث الرغبة في معرفة كنهه.,,,,,,مُثِير لِلْفُضُول,APPROVED,,
AR03694,مُرْهِب,اسم فاعل,364,6488;13500,ما يبعث الرهبة والخشية في النفس.,رهب,مُفْعِلٌ,roots-4662:رهب:المحكم — المعاني,roots-4662:رهب:مقاييس — المحور,roots-4662:رهب:الأساس — المجاز,مُرْهِب,APPROVED,,WAZN ← L2_006 فا من أَفْعَلَ
AR03695,مَهِيب,اسم مفعول,364,6488;10353;13500,ما يبعث الهيبة والإجلال في النفس.,هيب,مَفْعُولٌ,roots-4662:هيب:المحكم — المعاني,roots-4662:هيب:مقاييس — النص,roots-4662:هيب:الأساس — المجاز,مَهِيب,APPROVED,,WAZN ← SIBAWAYH_EXISTS
AR03697,مُشَوِّش,اسم فاعل,364,6528,ما يخلط على المرء أمره فيضطرب إدراكه.,شوش,مُفَعِّلٌ,,,,مُشَوِّش,APPROVED,,WAZN ← L2_006 فا من فَعَّلَ
AR03703,قُرَّةُ عَيْن,تركيب,364,6771,ما تسكن إليه النفس وتسعد به.,,,,,,قُرَّةُ عَيْن,APPROVED,,
AR03704,مُتْعَة,مصدر,364,6771,ما يستمتع به المرء ويلتذّ.,متع,فُعْلَةٌ,roots-4662:متع:المحكم — المعاني,roots-4662:متع:مقاييس — المحور,roots-4662:متع:الأساس — المجاز,مُتْعَة,APPROVED,,WAZN_L2_005 ← فُعْلٌ
AR03705,إِزْعاج,مصدر,364,6772;6773;6774,ما يكون مصدر ضيق وإقلاق للنفس.,زعج,إِفْعَالٌ,roots-4662:زعج:المحكم — المعاني,roots-4662:زعج:مقاييس — المحور,,إِزْعاج,APPROVED,,
AR03706,كَدَر,مصدر,364,6774,ما يعكّر الصفو ويكون سبباً للغمّ.,كدر,فَعَلٌ,roots-4662:كدر:المحكم — المعاني,roots-4662:كدر:مقاييس — المحور,roots-4662:كدر:الأساس — المجاز,كَدَر,APPROVED,,
AR03708,فارِغ,اسم فاعل,364,10247,ما خلا من المعنى والقيمة فلا يُشبع النفس.,فرغ,فَاعِلٌ,roots-4662:فرغ:المحكم — المعاني,roots-4662:فرغ:مقاييس — المحور,roots-4662:فرغ:الأساس — المجاز,فارِغ,APPROVED,,
AR03712,ثَرِيّ,صفة مشبهة,364,10253;10254,ما كثر تنوّعه وغناه فاستأثر بالاهتمام.,ثرو,فَعِيلٌ,v21:ثرو:المحكم — المعاني,v21:ثرو:مقاييس — النص,,ثَرِيّ,APPROVED,,
AR03713,غَنِيّ,صفة مشبهة,364,10254,ما وفر مضمونه وتعدّدت جوانبه.,غني,فَعِيلٌ,roots-4662:غني:المحكم — المعاني,roots-4662:غني:مقاييس — المحور,roots-4662:غني:الأساس — المجاز,غَنِيّ,APPROVED,,
AR03714,غَيْر مُشْبِع,تركيب,364,10255,ما لا تجد فيه النفس رضاً ولا اكتفاءً.,,,,,,غَيْر مُشْبِع,APPROVED,,
AR03716,يُحَيِّرُ العُقُول,تركيب,364,10354,ما يبلغ من الغرابة حدّاً يعجز العقل عن إدراكه.,,,,,,يُحَيِّرُ العُقُول,APPROVED,,
AR03717,يَخْطَفُ الأَنْفاس,تركيب,364,11204,ما يبلغ من الروعة أن يأخذ بالأنفاس دهشةً.,,,,,,يَخْطَفُ الأَنْفاس,APPROVED,,
AR03719,رائِع,اسم فاعل,364,11205,ما يُعجب النفس بحسنه وإتقانه.,روع,فَاعِلٌ,roots-4662:روع:المحكم — المعاني,roots-4662:روع:مقاييس — المحور,roots-4662:روع:الأساس — المجاز,رائِع,APPROVED,,
AR03720,لافِت,اسم فاعل,364,13707,ما يجذب النظر لبروزه وتميّزه.,لفت,فَاعِلٌ,roots-4662:لفت:المحكم — المعاني,roots-4662:لفت:مقاييس — المحور,roots-4662:لفت:الأساس — المجاز,لافِت,APPROVED,,
AR03721,سِحْر,مصدر,364,13812,قوة الجاذبية التي تستميل القلوب وتفتنها.,سحر,فِعْلٌ,roots-4662:سحر:المحكم — المعاني,roots-4662:سحر:مقاييس — المحور,roots-4662:سحر:الأساس — المجاز,سِحْر,APPROVED,,
AR03723,تَرْفِيه,مصدر,364,14354,ما يُقضى به وقت الفراغ ترويحاً عن النفس.,رفه,تَفْعِيلٌ,roots-4662:رفه:المحكم — المعاني,roots-4662:رفه:مقاييس — المحور,,تَرْفِيه,APPROVED,,
AR03724,تَسْلِيَة,مصدر,364,14354,ما يُتلهّى به في الفراغ طلباً للمتعة.,سلو,تَفْعِلَةٌ,roots-4662:سلو:المحكم — المعاني,roots-4662:سلو:مقاييس — المحور,,تَسْلِيَة,APPROVED,,
AR03725,اِسْتِرْخاء,مصدر,364,14355,زوال التوتّر عن البدن والنفس وسكونهما.,رخو,اِسْتِفْعَالٌ,roots-4662:رخو:المحكم — المعاني,roots-4662:رخو:مقاييس — المحور,,اِسْتِرْخاء,APPROVED,,WAZN ← L2_006 مص من اِسْتَفْعَلَ
AR03726,راحَة,مصدر,364,14355;15205,سكون النفس والبدن بالانقطاع عن العمل والعناء.,روح,فَعْلَةٌ,roots-4662:روح:المحكم — المعاني,roots-4662:روح:مقاييس — المحور,roots-4662:روح:الأساس — المجاز,راحَة,APPROVED,,WAZN_L2_005 ← فَعْلٌ
AR03727,فاتِر,اسم فاعل,364,15559,ما خلا من الحرارة والحماسة فلم يُحرّك شعوراً.,فتر,فَاعِلٌ,roots-4662:فتر:المحكم — المعاني,roots-4662:فتر:مقاييس — المحور,roots-4662:فتر:الأساس — المجاز,فاتِر,APPROVED,,
AR03729,حَيَوِيَّة,مصدر,364,15710,ما في الشيء من نشاط وتنوّع يبعث الاهتمام.,حيي,فَعَلِيَّةٌ,,v21:حيي:مقاييس — النص,v21:حيي:الأساس — المجاز,حَيَوِيَّة,APPROVED,,WAZN ← L2_007 نسبة فَعَلٌ
AR03730,رَوْنَق,اسم جامد,364,15710,بهاء الشيء وحسنه الذي يستوقف النفس.,رنق,فَوْعَلٌ,roots-4662:رنق:المحكم — المعاني,roots-4662:رنق:مقاييس — المحور,roots-4662:رنق:الأساس — المجاز,رَوْنَق,APPROVED,,
AR03731,لَمَسَ وَتَراً,تركيب,364,16262,أثار في النفس استجابة وجدانية عميقة.,,,,,,لَمَسَ وَتَراً,APPROVED,,
AR03732,وَقَعَ في النَّفْسِ مَوْقِعاً,تركيب,364,16262,ترك في النفس أثراً وجدانياً.,,,,,,وَقَعَ في النَّفْسِ مَوْقِعاً,APPROVED,,
AR03738,خَلّاب,اسم فاعل,364,,ما يخلب العقول والقلوب بحسنه.,خلب,فَعَّالٌ,roots-4662:خلب:المحكم — المعاني,roots-4662:خلب:مقاييس — المحور,roots-4662:خلب:الأساس — المجاز,خَلّاب,APPROVED,,AR_ONLY
AR03739,مُوحِش,اسم فاعل,364,,ما يبعث الوحشة والانقباض في النفس.,وحش,مُفْعِلٌ,roots-4662:وحش:المحكم — المعاني,roots-4662:وحش:مقاييس — المحور,,مُوحِش,APPROVED,,AR_ONLY | WAZN ← L2_006 فا من أَفْعَلَ
AR03740,مُخْجِل,اسم فاعل,364,,ما يبعث الخجل والحياء.,خجل,مُفْعِلٌ,roots-4662:خجل:المحكم — المعاني,roots-4662:خجل:مقاييس — المحور,,مُخْجِل,APPROVED,,AR_ONLY | WAZN ← L2_006 فا من أَفْعَلَ
AR03741,يَسُرُّ النّاظِرِين,تركيب,364,,ما يبهج من ينظر إليه بحسنه.,,,,,,يَسُرُّ النّاظِرِين,APPROVED,,AR_ONLY
AR03742,سِفْر,اسم جامد,298,5376,الكتاب الكبير، ولا سيما ما كان من كتب العلم والدين.,سفر,فِعْلٌ,roots-4662:سفر:المحكم — المعاني,roots-4662:سفر:مقاييس — المحور,roots-4662:سفر:الأساس — المجاز,سِفْر,APPROVED,,
AR03744,خَاتِمَة,اسم فاعل,298,5378,القسم الذي يُختَم به الكتاب أو المسرحية تعقيباً على ما سبق.,ختم,فَاعِلَةٌ,roots-4662:ختم:المحكم — المعاني,roots-4662:ختم:مقاييس — المحور,roots-4662:ختم:الأساس — المجاز,خَاتِمَة,APPROVED,,WAZN_L2_005 ← فَاعِلٌ
AR03745,تَذْيِيل,مصدر,298,5378,ما يُلحَق بآخر الكتاب من كلام يُتمّه أو يعقّب عليه.,ذيل,تَفْعِيلٌ,roots-4662:ذيل:المحكم — المعاني,roots-4662:ذيل:مقاييس — المحور,roots-4662:ذيل:الأساس — المجاز,تَذْيِيل,APPROVED,,مصدر استُعمل اسماً للنص الملحق
AR03746,دُعَاء,مصدر,298,5379,كلام يُتوجَّه به إلى الله طلباً للخير والبركة لأحد.,دعو,فُعَالٌ,roots-4662:دعو:المحكم — المعاني,roots-4662:دعو:مقاييس — النص,roots-4662:دعو:الأساس — المجاز,دُعَاء,APPROVED,,
AR03747,لَعْنَة,اسم مرة,298,5380,كلام يُدعى فيه على أحد بالطرد من الرحمة وحلول الشر.,لعن,فَعْلَةٌ,roots-4662:لعن:المحكم — المعاني,roots-4662:لعن:مقاييس — المحور,,لَعْنَة,APPROVED,,اسم مرة | WAZN_L2_005 ← فَعْلٌ | POS_L2_007:ISM_MARRA (من نص الملاحظة)
AR03748,مَدِيح,مصدر,298,5382,كلام منظوم أو منثور يُثنى فيه على أحد ثناءً بالغاً.,مدح,فَعِيلٌ,roots-4662:مدح:المحكم — المعاني,roots-4662:مدح:مقاييس — المحور,,مَدِيح,APPROVED,,
AR03750,سِيرَة ذَاتِيَّة,تركيب,298,5383,كتاب يروي فيه صاحبه أحداث حياته بقلمه.,,,,,,سِيرَة ذَاتِيَّة,APPROVED,,
AR03751,سِيرَة,مصدر,298,5385;16378,كتاب يروي أخبار حياة شخص وأعماله.,سير,فِعْلَةٌ,roots-4662:سير:المحكم — المعاني,roots-4662:سير:مقاييس — المحور,,سِيرَة,APPROVED,,مصدر هيئة استُعمل اسماً للنص | WAZN_L2_005 ← فِعْلٌ
AR03752,تَرْجَمَة,مصدر,298,5385;16378,نصّ يعرّف بشخص فيذكر نسبه ومولده وأحواله وآثاره.,ترجم,فَعْلَلَةٌ,,,,تَرْجَمَة,APPROVED,,بمعنى ترجمة الأعلام في كتب التراجم | WAZN_L2_005 ← فَعْلَلٌ
AR03754,مَلْهَاة,مصدر,298,5387,مسرحية يغلب عليها الطابع الفكاهي الساخر وتنتهي نهاية سعيدة.,لهو,مَفْعَلَةٌ,roots-4662:لهو:المحكم — المعاني,roots-4662:لهو:مقاييس — المحور,roots-4662:لهو:الأساس — المجاز,مَلْهَاة,APPROVED,,مصدر ميمي | WAZN_L2_005 ← مَفْعَلٌ
AR03756,مَسْرَحِيَّة,اسم منسوب,298,5389,نصّ أدبي مكتوب ليُمثَّل على خشبة المسرح.,سرح,مَفْعَلِيَّةٌ,roots-4662:سرح:المحكم — المعاني,roots-4662:سرح:مقاييس — المحور,roots-4662:سرح:الأساس — المجاز,مَسْرَحِيَّة,APPROVED,,POS_L2_007:NISBA | WAZN ← L2_007 نسبة مَفْعَلٌ
AR03757,رِثَاء,مصدر,298,5390,شعر يُبكى فيه الميت وتُعدَّد مناقبه.,رثي,فِعَالٌ,roots-4662:رثي:المحكم — المعاني,roots-4662:رثي:مقاييس — المحور,,رِثَاء,APPROVED,,الجذر في اللسان رثى
AR03758,مَرْثِيَة,مصدر,298,5390,قصيدة يُرثى بها ميت.,رثي,مَفْعِلَةٌ,roots-4662:رثي:المحكم — المعاني,roots-4662:رثي:مقاييس — المحور,,مَرْثِيَة,APPROVED,,مصدر ميمي؛ الجذر في اللسان رثى | WAZN_L2_005 ← مَفْعِلٌ
AR03759,مَلْحَمَة,اسم مكان,298,5391;5412,قصيدة طويلة تروي بطولات الأبطال أو تاريخ أمة.,لحم,مَفْعَلَةٌ,roots-4662:لحم:المحكم — المعاني,roots-4662:لحم:مقاييس — المحور,roots-4662:لحم:الأساس — المجاز,مَلْحَمَة,APPROVED,,POS_L2_007:MAKAN؛ أصلها موضع القتال | WAZN_L2_005 ← مَفْعَلٌ
AR03760,رِسَالَة,مصدر,298,5393;5399;5457;5839;5861;13548,كلام مكتوب يُبعث به من شخص إلى آخر.,رسل,فِعَالَةٌ,roots-4662:رسل:المحكم — المعاني,roots-4662:رسل:مقاييس — المحور,roots-4662:رسل:الأساس — المجاز,رِسَالَة,APPROVED,,مصدر استُعمل اسماً للنص | WAZN_L2_005 ← فِعَالٌ
AR03761,مَقَالَة,مصدر,298,5394;5460,نصّ نثري قصير يعالج موضوعاً معيناً.,قول,مَفْعَلَةٌ,roots-4662:قول:المحكم — المعاني,roots-4662:قول:مقاييس — المحور,,مَقَالَة,APPROVED,,مصدر ميمي | WAZN_L2_005 ← مَفْعَلٌ
AR03762,مَقَال,مصدر,298,5394;5460,نصّ نثري قصير يعالج موضوعاً معيناً.,قول,مَفْعَلٌ,roots-4662:قول:المحكم — المعاني,roots-4662:قول:مقاييس — المحور,,مَقَال,APPROVED,,مصدر ميمي
AR03763,مَثَل,اسم جامد,298,5395,حكاية تُضرب للعبرة والاحتجاج على معنى خلقي.,مثل,فَعَلٌ,roots-4662:مثل:المحكم — المعاني,roots-4662:مثل:مقاييس — المحور,,مَثَل,APPROVED,,
AR03764,أُمْثُولَة,اسم جامد,298,5396,حكاية قصيرة أبطالها غالباً من الحيوان تنتهي بعبرة.,مثل,أُفْعُولَةٌ,roots-4662:مثل:المحكم — المعاني,roots-4662:مثل:مقاييس — المحور,,أُمْثُولَة,APPROVED,,WAZN_L2_005 ← أُفْعُولٌ
AR03765,خُرَافَة,اسم جامد,298,5396,حكاية متخيَّلة لا أصل لها تُروى للتسلية أو العبرة.,خرف,فُعَالَةٌ,roots-4662:خرف:المحكم — المعاني,roots-4662:خرف:مقاييس — المحور,,خُرَافَة,APPROVED,,WAZN_L2_005 ← فُعَالٌ
AR03766,كِتَاب تِذْكَارِيّ,تركيب,298,5397,كتاب يجمع بحوثاً لعدد من العلماء تُهدى تكريماً لعالم.,,,,,,كِتَاب تِذْكَارِيّ,APPROVED,,
AR03767,هَايْكُو,اسم جامد,298,5398,قصيدة يابانية قصيرة من ثلاثة أسطر ذات مقاطع معدودة.,,,,,,هَايْكُو,APPROVED,,دخيل مستقر في الفصحى المعاصرة ولا مقابل عربي أصيل له؛ لا جذر ولا وزن
AR03768,خِطَاب,مصدر,298,5399;5415,رسالة مكتوبة تُرسل بالبريد أو مع رسول.,خطب,فِعَالٌ,roots-4662:خطب:المحكم — المعاني,roots-4662:خطب:مقاييس — المحور,roots-4662:خطب:الأساس — المجاز,خِطَاب,APPROVED,,
AR03769,كَلِمَاتُ الأُغْنِيَة,تركيب,298,5401,النص الذي يُغنّى من الأغنية دون لحنها.,,,,,,كَلِمَاتُ الأُغْنِيَة,APPROVED,,
AR03770,مُذَكِّرَة,اسم فاعل,298,5402,ما يكتبه المرء من ذكرياته وأحداث عاشها بنفسه.,ذكر,مُفَعِّلَةٌ,roots-4662:ذكر:المحكم — المعاني,roots-4662:ذكر:مقاييس — المحور,roots-4662:ذكر:الأساس — المجاز,مُذَكِّرَة,APPROVED,,يستعمل غالباً بالجمع: مذكرات | WAZN ← L2_005 مؤنث مُفَعِّلٌ
AR03771,دِرَاسَة,مصدر,298,5403,بحث مكتوب يتناول موضوعاً واحداً بالتفصيل.,درس,فِعَالَةٌ,roots-4662:درس:المحكم — المعاني,roots-4662:درس:مقاييس — المحور,roots-4662:درس:الأساس — المجاز,دِرَاسَة,APPROVED,,مصدر استُعمل اسماً للنص | WAZN_L2_005 ← فِعَالٌ
AR03772,رِوَايَة بُولِيسِيَّة,تركيب,298,5404;5420,رواية تدور على جريمة غامضة وكشف مرتكبها.,,,,,,رِوَايَة بُولِيسِيَّة,APPROVED,,
AR03773,رِوَايَة,مصدر,298,5405;5455,عمل قصصي نثري طويل يصوّر أحداثاً وشخصيات متخيَّلة.,روي,فِعَالَةٌ,roots-4662:روي:المحكم — المعاني,roots-4662:روي:مقاييس — المحور,roots-4662:روي:الأساس — المجاز,رِوَايَة,APPROVED,,مصدر استُعمل اسماً للنص | WAZN_L2_005 ← فِعَالٌ
AR03774,رِوَايَة قَصِيرَة,تركيب,298,5406;5407,عمل قصصي نثري قصير، يغلب عليه أن يكون خفيفاً عاطفياً.,,,,,,رِوَايَة قَصِيرَة,APPROVED,,لا يحمل الدلالة التحقيرية في الإنجليزية
AR03775,قِصَّة طَوِيلَة,تركيب,298,5407,عمل قصصي نثري يزيد على القصة القصيرة ولا يبلغ طول الرواية.,,,,,,قِصَّة طَوِيلَة,APPROVED,,
AR03776,قَصِيدَة,اسم جامد,298,5408;5410,كلام موزون مقفّى تامّ الأبيات ينظمه الشاعر.,قصد,فَعِيلَةٌ,roots-4662:قصد:المحكم — المعاني,roots-4662:قصد:مقاييس — المحور,,قَصِيدَة,APPROVED,,فعيلة بمعنى مفعولة | WAZN_L2_005 ← فَعِيلٌ
AR03778,مَنْظُومَة,اسم مفعول,298,5410,قطعة من الكلام المنظوم على وزن.,نظم,مَفْعُولَةٌ,roots-4662:نظم:المحكم — المعاني,roots-4662:نظم:مقاييس — المحور,roots-4662:نظم:الأساس — المجاز,مَنْظُومَة,APPROVED,,WAZN_L2_005 ← مَفْعُولٌ
AR03779,نَظْم,مصدر,298,5411,الكلام الموزون المقفّى في مقابل النثر.,نظم,فَعْلٌ,roots-4662:نظم:المحكم — المعاني,roots-4662:نظم:مقاييس — المحور,roots-4662:نظم:الأساس — المجاز,نَظْم,APPROVED,,
AR03780,سِيرَة شَعْبِيَّة,تركيب,298,5412,حكاية بطولية طويلة متوارثة تروي مآثر بطل.,,,,,,سِيرَة شَعْبِيَّة,APPROVED,,كسيرة عنترة وسيرة بني هلال
AR03781,أُغْنِيَة,اسم جامد,298,5413,كلام منظوم يُلحَّن ويُغنّى.,غني,أُفْعُولَةٌ,roots-4662:غني:المحكم — المعاني,roots-4662:غني:مقاييس — المحور,roots-4662:غني:الأساس — المجاز,أُغْنِيَة,APPROVED,,WAZN_L2_005 ← أُفْعُولٌ
AR03782,أُنْشُودَة,اسم جامد,298,5413;5444,قطعة شعرية قصيرة تُنشَد بصوت مرتفع.,نشد,أُفْعُولَةٌ,roots-4662:نشد:المحكم — المعاني,roots-4662:نشد:مقاييس — المحور,roots-4662:نشد:الأساس — المجاز,أُنْشُودَة,APPROVED,,WAZN_L2_005 ← أُفْعُولٌ
AR03783,سُونِيتَة,اسم جامد,298,5414,قصيدة أوروبية من أربعة عشر بيتاً ذات تقفية مخصوصة.,,,,,,سُونِيتَة,APPROVED,,دخيل مستقر في الفصحى المعاصرة ولا مقابل عربي أصيل له؛ لا جذر ولا وزن
AR03784,خُطْبَة,اسم جامد,298,5415;5456,كلام بليغ يلقيه الخطيب على جمع من الناس.,خطب,فُعْلَةٌ,roots-4662:خطب:المحكم — المعاني,roots-4662:خطب:مقاييس — المحور,roots-4662:خطب:الأساس — المجاز,خُطْبَة,APPROVED,,WAZN_L2_005 ← فُعْلٌ
AR03785,رُبَاعِيَّة,اسم منسوب,298,5416,مجموعة من أربعة أعمال أدبية متصلة.,ربع,فُعَالِيَّةٌ,roots-4662:ربع:المحكم — المعاني,roots-4662:ربع:مقاييس — المحور,roots-4662:ربع:الأساس — المجاز,رُبَاعِيَّة,APPROVED,,POS_L2_007:NISBA | WAZN ← L2_007 نسبة فُعَالٌ
AR03788,دَلِيل,صفة مشبهة,298,5438;5439,كتاب يرشد قارئه إلى استعمال شيء أو يمدّه بمعلومات أساسية.,دلل,فَعِيلٌ,roots-4662:دلل:المحكم — المعاني,roots-4662:دلل:مقاييس — المحور,roots-4662:دلل:الأساس — المجاز,دَلِيل,APPROVED,,
AR03789,مُخْتَصَر,اسم مفعول,298,5439,كتاب يجمع أصول علم أو فنّ في عبارة موجزة.,خصر,مُفْتَعَلٌ,roots-4662:خصر:المحكم — المعاني,roots-4662:خصر:مقاييس — المحور,roots-4662:خصر:الأساس — المجاز,مُخْتَصَر,APPROVED,,WAZN ← L2_006 مف من اِفْتَعَلَ
AR03790,كِتَاب,مصدر,298,5453,مجموعة صفحات مكتوبة أو مطبوعة مضموم بعضها إلى بعض في غلاف.,كتب,فِعَالٌ,roots-4662:كتب:المحكم — المعاني,roots-4662:كتب:مقاييس — المحور,roots-4662:كتب:الأساس — المجاز,كِتَاب,APPROVED,,مصدر استُعمل اسماً للنص
AR03793,سَرْد,مصدر,298,5455,حكاية متتابعة لحادثة أو تجربة.,سرد,فَعْلٌ,roots-4662:سرد:المحكم — المعاني,roots-4662:سرد:مقاييس — المحور,roots-4662:سرد:الأساس — المجاز,سَرْد,APPROVED,,
AR03794,مَوْعِظَة,مصدر,298,5456,كلام في الدين أو الأخلاق يُراد به التذكير والنصح.,وعظ,مَفْعِلَةٌ,roots-4662:وعظ:المحكم — المعاني,roots-4662:وعظ:مقاييس — النص,,مَوْعِظَة,APPROVED,,مصدر ميمي | WAZN_L2_005 ← مَفْعِلٌ
AR03795,نَصّ سِينِمَائِيّ,تركيب,298,5458,النص المكتوب للفيلم بحواره وإرشادات تصويره.,,,,,,نَصّ سِينِمَائِيّ,APPROVED,,
AR03796,نَصّ,مصدر,298,5459,الكلام المكتوب لمسرحية أو فيلم أو برنامج يُذاع.,نصص,فَعْلٌ,roots-4662:نصص:المحكم — المعاني,roots-4662:نصص:مقاييس — المحور,roots-4662:نصص:الأساس — المجاز,نَصّ,APPROVED,,مصدر استُعمل اسماً للنص
AR03797,نَعْي,مصدر,298,5461,خبر يُنشَر بموت شخص مع ذكر شيء من سيرته.,نعي,فَعْلٌ,roots-4662:نعي:المحكم — المعاني,roots-4662:نعي:مقاييس — المحور,roots-4662:نعي:الأساس — المجاز,نَعْي,APPROVED,,الجذر في اللسان نعا
AR03801,تَقْرِير,مصدر,298,5845,بيان مكتوب عن أمر بعد النظر فيه أو التحقق منه.,قرر,تَفْعِيلٌ,roots-4662:قرر:المحكم — المعاني,roots-4662:قرر:مقاييس — المحور,roots-4662:قرر:الأساس — المجاز,تَقْرِير,APPROVED,,
AR03802,نَشْرَة,اسم مرة,298,5848;14633,بيان موجز يصدر عن جهة يتضمن أخباراً أو معلومات.,نشر,فَعْلَةٌ,roots-4662:نشر:المحكم — المعاني,roots-4662:نشر:مقاييس — المحور,roots-4662:نشر:الأساس — المجاز,نَشْرَة,APPROVED,,اسم مرة | WAZN_L2_005 ← فَعْلٌ | POS_L2_007:ISM_MARRA (من نص الملاحظة)
AR03804,مَنَاقِبُ الأَوْلِيَاء,تركيب,298,5862,فنّ من التأليف يذكر سير الصالحين وفضائلهم وكراماتهم.,,,,,,مَنَاقِبُ الأَوْلِيَاء,APPROVED,,
AR03805,دَوْرِيَّة,اسم منسوب,298,5863;5864,مطبوعة تصدر في أوقات منتظمة.,دور,فَعْلِيَّةٌ,roots-4662:دور:المحكم — المعاني,roots-4662:دور:مقاييس — المحور,,دَوْرِيَّة,APPROVED,,POS_L2_007:NISBA | WAZN ← L2_007 نسبة فَعْلٌ
AR03806,اِفْتِتَاحِيَّة,اسم منسوب,298,5865,مقالة في صدر الصحيفة تعبّر عن رأيها في قضية راهنة.,فتح,اِفْتِعَالِيَّةٌ,roots-4662:فتح:المحكم — المعاني,roots-4662:فتح:مقاييس — المحور,roots-4662:فتح:الأساس — المجاز,اِفْتِتَاحِيَّة,APPROVED,,POS_L2_007:NISBA | WAZN ← L2_007 نسبة اِفْتِعَالٌ
AR03808,خَاطِرَة,اسم فاعل,298,8747,نصّ نثري قصير يبثّ فيه الكاتب ما يجول في نفسه.,خطر,فَاعِلَةٌ,roots-4662:خطر:المحكم — المعاني,roots-4662:خطر:مقاييس — المحور,roots-4662:خطر:الأساس — المجاز,خَاطِرَة,APPROVED,,WAZN_L2_005 ← فَاعِلٌ
AR03809,كُتَيِّب,اسم جامد,298,10185;14556;14633,كتاب صغير قليل الصفحات رقيق الغلاف.,كتب,فُعَيِّلٌ,roots-4662:كتب:المحكم — المعاني,roots-4662:كتب:مقاييس — المحور,roots-4662:كتب:الأساس — المجاز,كُتَيِّب,APPROVED,,تصغير كتاب؛ في القائمة سطر فُعَيِّلٌ? بعلامة استفهام فلم يُعتمد | WAZN ← L2_015 المالك
AR03810,كُرَّاسَة,اسم جامد,298,10185;14633,أوراق قليلة مضمومة تتناول موضوعاً موجزاً.,كرس,فُعَّالَةٌ,roots-4662:كرس:المحكم — المعاني,roots-4662:كرس:مقاييس — المحور,roots-4662:كرس:الأساس — المجاز,كُرَّاسَة,APPROVED,,WAZN_L2_005 ← فُعَّالٌ
AR03811,أَدَب قَصَصِيّ,تركيب,298,11199,النثر الذي يصوّر أحداثاً وشخصيات متخيَّلة كالرواية والقصة.,,,,,,أَدَب قَصَصِيّ,APPROVED,,
AR03812,كِتَابَة,مصدر,298,11703,ما كتبه الكاتب من آثار مدوَّنة.,كتب,فِعَالَةٌ,roots-4662:كتب:المحكم — المعاني,roots-4662:كتب:مقاييس — المحور,roots-4662:كتب:الأساس — المجاز,كِتَابَة,APPROVED,,يستعمل بالجمع: كتابات | WAZN_L2_005 ← فِعَالٌ
AR03813,مَكْتُوب,اسم مفعول,298,13548,رسالة مكتوبة تُبعث إلى أحد.,كتب,مَفْعُولٌ,roots-4662:كتب:المحكم — المعاني,roots-4662:كتب:مقاييس — المحور,roots-4662:كتب:الأساس — المجاز,مَكْتُوب,APPROVED,,
AR03816,قَائِمَة,اسم فاعل,298,13756,أسماء أو بنود مكتوبة متتابعة بعضها تحت بعض.,قوم,فَاعِلَةٌ,roots-4662:قوم:المحكم — المعاني,roots-4662:قوم:مقاييس — المحور,roots-4662:قوم:الأساس — المجاز,قَائِمَة,APPROVED,,WAZN_L2_005 ← فَاعِلٌ
AR03818,مَخْطُوط,اسم مفعول,298,14002,كتاب مكتوب بخط اليد غير مطبوع.,خطط,مَفْعُولٌ,roots-4662:خطط:المحكم — المعاني,roots-4662:خطط:مقاييس — المحور,roots-4662:خطط:الأساس — المجاز,مَخْطُوط,APPROVED,,
AR03821,مَادَّة,اسم فاعل,298,14606,ما كُتب في موضوع من نصوص يُرجَع إليها.,مدد,فَاعِلَةٌ,roots-4662:مدد:المحكم — المعاني,roots-4662:مدد:مقاييس — المحور,roots-4662:مدد:الأساس — المجاز,مَادَّة,APPROVED,,فاعلة مدغمة | WAZN_L2_005 ← فَاعِلٌ
AR03824,وَرَقَة,اسم جامد,298,14900,بحث علمي قصير يُقدَّم في مؤتمر أو ينشر في دورية.,ورق,فَعَلَةٌ,roots-4662:ورق:المحكم — المعاني,roots-4662:ورق:مقاييس — المحور,roots-4662:ورق:الأساس — المجاز,وَرَقَة,APPROVED,,WAZN_L2_005 ← فَعَلٌ
AR03825,مَلْحَمِيّ,اسم منسوب,298,15096,منسوب إلى الملحمة وشعرها البطولي.,لحم,مَفْعَلِيٌّ,roots-4662:لحم:المحكم — المعاني,roots-4662:لحم:مقاييس — المحور,roots-4662:لحم:الأساس — المجاز,مَلْحَمِيّ,APPROVED,,POS_L2_007:NISBA | WAZN ← L2_007 نسبة مَفْعَلٌ
AR03826,مَنْشُور,اسم مفعول,298,16292,نصّ أُخرج للناس مستقلاً أو ضمن مجموعة.,نشر,مَفْعُولٌ,roots-4662:نشر:المحكم — المعاني,roots-4662:نشر:مقاييس — المحور,roots-4662:نشر:الأساس — المجاز,مَنْشُور,APPROVED,,
AR03828,سِجِلّ,اسم جامد,298,16656,كتاب تُقيَّد فيه وقائع ماضية للرجوع إليها.,سجل,فِعِلٌّ,roots-4662:سجل:المحكم — المعاني,roots-4662:سجل:مقاييس — المحور,roots-4662:سجل:الأساس — المجاز,سِجِلّ,APPROVED,,
AR03829,كِتَاب مَدْرَسِيّ,تركيب,298,18623,كتاب يعتمده الطلاب مرجعاً أساسياً في مادة دراسية.,,,,,,كِتَاب مَدْرَسِيّ,APPROVED,,
AR03830,مُقَرَّر,اسم مفعول,298,18623,الكتاب المعتمد لتدريس مادة.,قرر,مُفَعَّلٌ,roots-4662:قرر:المحكم — المعاني,roots-4662:قرر:مقاييس — المحور,roots-4662:قرر:الأساس — المجاز,مُقَرَّر,APPROVED,,WAZN ← L2_006 مف من فَعَّلَ
AR03831,دِيوَان,اسم جامد,298,,مجموع شعر شاعر أو قبيلة في كتاب.,دون,فِيعَالٌ,roots-4662:دون:المحكم — المعاني,roots-4662:دون:مقاييس — المحور,,دِيوَان,APPROVED,,AR_ONLY | WAZN ← L2_015 المالك
AR03833,أُرْجُوزَة,اسم جامد,298,,قصيدة منظومة على بحر الرجز.,رجز,أُفْعُولَةٌ,roots-4662:رجز:المحكم — المعاني,roots-4662:رجز:مقاييس — المحور,roots-4662:رجز:الأساس — المجاز,أُرْجُوزَة,APPROVED,,AR_ONLY | WAZN_L2_005 ← أُفْعُولٌ
AR03834,مَقَامَة,اسم مكان,298,,حكاية نثرية مسجوعة قصيرة يرويها راوٍ عن بطل.,قوم,مَفْعَلَةٌ,roots-4662:قوم:المحكم — المعاني,roots-4662:قوم:مقاييس — المحور,roots-4662:قوم:الأساس — المجاز,مَقَامَة,APPROVED,,POS_L2_007:MAKAN؛ AR_ONLY | WAZN_L2_005 ← مَفْعَلٌ
AR03837,مَتْن,اسم جامد,298,,النص الأصلي الموجز الذي تُبنى عليه الشروح.,متن,فَعْلٌ,roots-4662:متن:المحكم — المعاني,roots-4662:متن:مقاييس — المحور,roots-4662:متن:الأساس — المجاز,مَتْن,APPROVED,,AR_ONLY
AR03839,مُسَدَّس,اسم مفعول,426,7775;7776;7786;7821;8255,سلاح ناري صغير يُطلق بيد واحدة.,سدس,مُفَعَّلٌ,roots-4662:سدس:المحكم — المعاني,roots-4662:سدس:مقاييس — المحور,roots-4662:سدس:الأساس — المجاز,مُسَدَّس,APPROVED,,WAZN ← L2_006 مف من فَعَّلَ
AR03840,سِلَاحٌ نَارِيٌّ,تركيب,426,7777;7779;7792,كل سلاح يُطلق المقذوف بقوة احتراق البارود.,,,,,,سِلَاحٌ نَارِيٌّ,APPROVED,,
AR03841,مِدْفَع,اسم آلة,426,7780,سلاح ناري ثقيل كبير العيار يقذف القذائف.,دفع,مِفْعَلٌ,roots-4662:دفع:المحكم — المعاني,roots-4662:دفع:مقاييس — المحور,roots-4662:دفع:الأساس — المجاز,مِدْفَع,APPROVED,,اسم آلة | POS_L2_007:ALA (من نص الملاحظة)
AR03842,قُنْبُلَة,اسم جامد,426,7781,أداة مملوءة بالمتفجرات تُستعمل في الحرب للتدمير.,قنبل,فُعْلُلَةٌ,,,,قُنْبُلَة,APPROVED,,الدلالة الحربية حادثة | WAZN_L2_005 ← فُعْلُلٌ
AR03843,رَأْسٌ حَرْبِيٌّ,تركيب,426,7782,الجزء المتفجر المحمول على صاروخ أو قذيفة.,,,,,,رَأْسٌ حَرْبِيٌّ,APPROVED,,
AR03844,سَيْف,اسم جامد,426,7783,سلاح ذو نصل طويل من حديد ومقبض، يُضرب به أو يُطعن.,سيف,فَعْلٌ,roots-4662:سيف:المحكم — المعاني,roots-4662:سيف:مقاييس — المحور,roots-4662:سيف:الأساس — المجاز,سَيْف,APPROVED,,
AR03845,سِكِّين,اسم جامد,426,7785,أداة قطع ذات نصل مثبت في نصاب، تُتخذ سلاحاً.,سكن,فِعِّيلٌ,roots-4662:سكن:المحكم — المعاني,roots-4662:سكن:مقاييس — المحور,roots-4662:سكن:الأساس — المجاز,سِكِّين,APPROVED,,
AR03847,كَلَاشْنِكُوف,اسم جامد,426,7787,بندقية آلية روسية التصميم تطلق النار مفردة ومتتابعة.,,,,,,كَلَاشْنِكُوف,APPROVED,,دخيل/معرّب لا جذر عربي له؛ مستقر في الفصحى المعاصرة ولا لفظ أصيل يقوم مقامه
AR03848,قُنْبُلَةٌ يَدَوِيَّةٌ,تركيب,426,7788,قنبلة صغيرة تُرمى باليد على العدو.,,,,,,قُنْبُلَةٌ يَدَوِيَّةٌ,APPROVED,,
AR03849,قَوْسُ الرِّجْلِ,تركيب,426,7789,قوس مثبتة على مقبض يُطلق سهمها بزناد، وتُشد بالرجل.,,,,,,قَوْسُ الرِّجْلِ,APPROVED,,اسم قديم في كتب الرمي والسلاح
AR03850,رَشَّاش,صيغة مبالغة,426,7790,سلاح ناري يطلق الرصاص متتابعاً آلياً.,رشش,فَعَّالٌ,roots-4662:رشش:المحكم — المعاني,roots-4662:رشش:مقاييس — المحور,roots-4662:رشش:الأساس — المجاز,رَشَّاش,APPROVED,,صيغة مبالغة؛ لا فئة للمبالغة في القائمة المغلقة فوُضع اسم فاعل — OWNER_ALERT | POS_L2_007:MUBALAGHA (من نص الملاحظة)
AR03851,مِدْفَعٌ رَشَّاشٌ,تركيب,426,7790,سلاح ناري يطلق الرصاص متتابعاً بسرعة.,,,,,,مِدْفَعٌ رَشَّاشٌ,APPROVED,,
AR03852,بُنْدُقِيَّةُ صَيْدٍ,تركيب,426,7791,بندقية تطلق طلقة فيها كريات صغيرة كثيرة.,,,,,,بُنْدُقِيَّةُ صَيْدٍ,APPROVED,,
AR03853,قَاذِفُ لَهَبٍ,تركيب,426,7793,سلاح يقذف تياراً من سائل مشتعل.,,,,,,قَاذِفُ لَهَبٍ,APPROVED,,
AR03854,سِلَاح,اسم جامد,426,7794;8558;12651,أداة يُقاتَل بها لإيذاء العدو أو للدفاع، ويقع على الواحد والجنس.,سلح,فِعَالٌ,roots-4662:سلح:المحكم — المعاني,roots-4662:سلح:مقاييس — النص,,سِلَاح,APPROVED,,
AR03855,هِرَاوَة,اسم جامد,426,7822,العصا الضخمة يُضرب بها.,هرو,فِعَالَةٌ,roots-4662:هرو:المحكم — المعاني,roots-4662:هرو:مقاييس — النص,,هِرَاوَة,APPROVED,,WAZN_L2_005 ← فِعَالٌ
AR03857,قَذِيفَة,اسم جامد,426,7827;12706,ما يُقذف من مدفع أو غيره من متفجر.,قذف,فَعِيلَةٌ,roots-4662:قذف:المحكم — المعاني,roots-4662:قذف:مقاييس — المحور,roots-4662:قذف:الأساس — المجاز,قَذِيفَة,APPROVED,,WAZN_L2_005 ← فَعِيلٌ
AR03858,خِنَاق,اسم جامد,426,7828,الحبل الذي يُخنق به.,خنق,فِعَالٌ,roots-4662:خنق:المحكم — المعاني,roots-4662:خنق:مقاييس — المحور,roots-4662:خنق:الأساس — المجاز,خِنَاق,APPROVED,,
AR03860,صَارُوخُ سْكُود-بِي,تركيب,426,10633;12330,صاروخ روسي التصميم متحرك أحادي المرحلة يعمل بوقود سائل.,,,,,,صَارُوخُ سْكُود-بِي,APPROVED,,اسم الطراز منقول
AR03861,مَخْزَنُ سِلَاحٍ,تركيب,426,10634,موضع يُخزن فيه السلاح والذخيرة.,,,,,,مَخْزَنُ سِلَاحٍ,APPROVED,,
AR03862,سِلَاحٌ كِيمِيَائِيٌّ,تركيب,426,10635;10654,سلاح يحدث أثره بإطلاق مادة سامة.,,,,,,سِلَاحٌ كِيمِيَائِيٌّ,APPROVED,,
AR03863,صَارُوخٌ بَالِسْتِيٌّ,تركيب,426,10636,صاروخ لا يُوجَّه إلا في مرحلة الدفع ثم يسير في مسار قذفي.,,,,,,صَارُوخٌ بَالِسْتِيٌّ,APPROVED,,
AR03864,سِلَاحٌ جُرْثُومِيٌّ,تركيب,426,10637;10655,سلاح ينشر جراثيم أو سموماً حيوية تفتك بالناس.,,,,,,سِلَاحٌ جُرْثُومِيٌّ,APPROVED,,
AR03865,سِلَاحٌ بَيُولُوجِيٌّ,تركيب,426,10637,سلاح ينشر جراثيم أو سموماً حيوية تفتك بالناس.,,,,,,سِلَاحٌ بَيُولُوجِيٌّ,APPROVED,,الأشيع في الاستعمال المعاصر
AR03866,سِلَاحٌ نَوَوِيٌّ,تركيب,426,10652,سلاح يستمد قوته التدميرية من الطاقة النووية.,,,,,,سِلَاحٌ نَوَوِيٌّ,APPROVED,,
AR03867,غَازُ الخَرْدَلِ,تركيب,426,10653,سائل زيتي يتبخر غازاً مهيجاً مقرّحاً يُستعمل في الحرب الكيميائية.,,,,,,غَازُ الخَرْدَلِ,APPROVED,,
AR03868,سِلَاحُ دَمَارٍ شَامِلٍ,تركيب,426,10704;10707,سلاح قادر على تدمير واسع وإهلاك أعداد كبيرة من الناس.,,,,,,سِلَاحُ دَمَارٍ شَامِلٍ,APPROVED,,لا اختصار عربي مستقر؛ يقابله التركيب الكامل
AR03869,لُغْم,اسم جامد,426,11197,عبوة متفجرة تُدفن في الأرض أو توضع في الماء فتنفجر بالملامسة.,لغم,فُعْلٌ,roots-4662:لغم:المحكم — المعاني,roots-4662:لغم:مقاييس — النص,roots-4662:لغم:الأساس — المجاز,لُغْم,APPROVED,,الدلالة الحربية حادثة، وقيل معرّب
AR03870,رُمْح,اسم جامد,426,11311,سلاح ذو قناة طويلة وسنان، يُطعن به.,رمح,فُعْلٌ,roots-4662:رمح:المحكم — المعاني,roots-4662:رمح:مقاييس — النص,,رُمْح,APPROVED,,
AR03872,قَوْس,اسم جامد,426,11328,آلة مقوسة مشدودة بوتر يُرمى بها السهم.,قوس,فَعْلٌ,roots-4662:قوس:المحكم — المعاني,roots-4662:قوس:مقاييس — المحور,,قَوْس,APPROVED,,
AR03873,مُتَفَجِّر,اسم فاعل,426,11415;11416,ما من شأنه أن ينفجر.,فجر,مُتَفَعِّلٌ,roots-4662:فجر:المحكم — المعاني,roots-4662:فجر:مقاييس — المحور,roots-4662:فجر:الأساس — المجاز,مُتَفَجِّر,APPROVED,,WAZN ← L2_006 فا من تَفَعَّلَ
AR03874,مَادَّةٌ مُتَفَجِّرَةٌ,تركيب,426,11416,مادة كيميائية تنفجر أو تحدث انفجاراً.,,,,,,مَادَّةٌ مُتَفَجِّرَةٌ,APPROVED,,
AR03875,مُتَفَجِّرٌ بْلَاسْتِيكِيٌّ,تركيب,426,11425,مادة متفجرة لينة كالعجين تُشكَّل باليد.,,,,,,مُتَفَجِّرٌ بْلَاسْتِيكِيٌّ,APPROVED,,
AR03876,دِينَامِيت,اسم جامد,426,11790,مادة شديدة الانفجار أساسها النتروغليسرين.,,,,,,دِينَامِيت,APPROVED,,دخيل/معرّب لا جذر عربي له؛ مستقر في الفصحى المعاصرة ولا لفظ أصيل يقوم مقامه
AR03877,نَوَوِيّ,اسم منسوب,426,12170,مالك للسلاح النووي أو متعلق به.,نوي,فَعَلِيٌّ,,roots-4662:نوي:مقاييس — المحور,roots-4662:نوي:الأساس — المجاز,نَوَوِيّ,APPROVED,,اسم منسوب؛ لا فئة للنسبة في القائمة المغلقة فوُضع صفة مشبهة — OWNER_ALERT | POS_L2_007:NISBA (من نص الملاحظة) | WAZN ← L2_007 نسبة فَعَلٌ
AR03878,صَارُوخُ سْكُود-سِي,تركيب,426,12334,طراز من صاروخ سكود أطول مدى وأصغر رأساً.,,,,,,صَارُوخُ سْكُود-سِي,APPROVED,,اسم الطراز منقول
AR03879,سِلَاحٌ ذَرِّيٌّ,تركيب,426,12422,سلاح يستمد قوته من التفاعلات النووية.,,,,,,سِلَاحٌ ذَرِّيٌّ,APPROVED,,
AR03880,مِدْفَعِيَّة,اسم جامد,426,12458;12652,المدافع الثقيلة المستعملة في الحرب، والسلاح القائم بها.,دفع,مِفْعَلِيَّةٌ,roots-4662:دفع:المحكم — المعاني,roots-4662:دفع:مقاييس — المحور,roots-4662:دفع:الأساس — المجاز,مِدْفَعِيَّة,APPROVED,,WAZN ← L2_007 نسبة مِفْعَلٌ
AR03881,قُنْبُلَةٌ ذَرِّيَّةٌ,تركيب,426,13085,قنبلة تستمد قوتها من التفاعلات النووية.,,,,,,قُنْبُلَةٌ ذَرِّيَّةٌ,APPROVED,,
AR03883,كِيمِيَائِيّ,اسم منسوب,426,13358,متعلق باستعمال الغازات السامة والمواد الكيميائية سلاحاً.,,,,,,كِيمِيَائِيّ,APPROVED,,منسوب إلى الكيمياء، وهي معرّبة؛ اسم منسوب؛ لا فئة للنسبة في القائمة المغلقة فوُضع صفة مشبهة — OWNER_ALERT | POS_L2_007:NISBA (من نص الملاحظة)
AR03884,غَازُ الأَعْصَابِ,تركيب,426,13429,غاز سام يعطل انتقال الإشارات العصبية فيقتل أو يشل.,,,,,,غَازُ الأَعْصَابِ,APPROVED,,
AR03885,اسْتِرَاتِيجِيّ,اسم منسوب,426,14026,موجه إلى أرض العدو وبنيته الأساسية.,,,,,,اسْتِرَاتِيجِيّ,APPROVED,,دخيل/معرّب لا جذر عربي له؛ مستقر في الفصحى المعاصرة ولا لفظ أصيل يقوم مقامه؛ اسم منسوب؛ لا فئة للنسبة في القائمة المغلقة فوُضع صفة مشبهة — OWNER_ALERT | POS_L2_007:NISBA (من نص الملاحظة)
AR03886,سِلَاحٌ نَوَوِيٌّ اسْتِرَاتِيجِيٌّ,تركيب,426,14027,سلاح نووي موجه إلى أرض العدو وبنيته الأساسية.,,,,,,سِلَاحٌ نَوَوِيٌّ اسْتِرَاتِيجِيٌّ,APPROVED,,
AR03887,صَارُوخٌ بَالِسْتِيٌّ عَابِرٌ لِلْقَارَّاتِ,تركيب,426,14159,صاروخ بالستي بعيد المدى يبلغ قارة أخرى.,,,,,,صَارُوخٌ بَالِسْتِيٌّ عَابِرٌ لِلْقَارَّاتِ,APPROVED,,لا اختصار عربي مستقر؛ يقابله التركيب الكامل
AR03888,قَذِيفَةٌ صَارُوخِيَّةٌ,تركيب,426,16592,قذيفة مدفوعة بصاروخ تُطلق من قاذف محمول.,,,,,,قَذِيفَةٌ صَارُوخِيَّةٌ,APPROVED,,يقابل القذيفة نفسها؛ والاختصار يُنقل في الإعلام حرفياً
AR03889,سِلَاحٌ خَفِيفٌ,تركيب,426,16628,سلاح يحمله المشاة كالمسدس والبندقية والقنبلة اليدوية.,,,,,,سِلَاحٌ خَفِيفٌ,APPROVED,,يغلب استعماله جمعاً: أسلحة خفيفة
AR03890,عُبْوَةٌ خَارِقَةٌ لِلدُّرُوعِ,تركيب,426,16694,عبوة تكوّن بانفجارها مقذوفاً يخترق التدريع.,,,,,,عُبْوَةٌ خَارِقَةٌ لِلدُّرُوعِ,APPROVED,,التسمية الشائعة في الإعلام العربي
AR03891,بُنْدُقِيَّةٌ هُجُومِيَّةٌ,تركيب,426,16722,بندقية تطلق النار مفردة ومتتابعة ذات مخزن منفصل.,,,,,,بُنْدُقِيَّةٌ هُجُومِيَّةٌ,APPROVED,,
AR03892,مِدْفَعُ هَاوُنٍ,تركيب,426,16777,مدفع قصير الماسورة يقذف قذائفه على أهداف قريبة.,,,,,,مِدْفَعُ هَاوُنٍ,APPROVED,,الهاون معرّب
AR03893,سِلَاحٌ آلِيٌّ,تركيب,426,18650,سلاح يواصل الإطلاق ما دام الزناد مضغوطاً.,,,,,,سِلَاحٌ آلِيٌّ,APPROVED,,
AR03894,سِي فُور,اسم جامد,426,18668,نوع شائع من المتفجرات اللدنة.,,,,,,سِي فُور,APPROVED,,اسم تجاري منقول لا لفظ عربي له
AR03895,فُوسْجِين,اسم جامد,426,18677,غاز سام عديم اللون استُعمل سلاحاً كيميائياً.,,,,,,فُوسْجِين,APPROVED,,دخيل/معرّب لا جذر عربي له؛ مستقر في الفصحى المعاصرة ولا لفظ أصيل يقوم مقامه
AR03898,خِنْجَر,اسم جامد,426,,سكين كبيرة ذات حدين يُطعن بها.,خنجر,فِعْلَلٌ,,,,خِنْجَر,APPROVED,,AR_ONLY
AR03899,عُبْوَةٌ نَاسِفَةٌ,تركيب,426,,متفجرة مموّهة توضع لتنفجر بأهداف أو أشخاص.,,,,,,عُبْوَةٌ نَاسِفَةٌ,APPROVED,,AR_ONLY
AR03903,حَافِي,اسم فاعل,160,3740;3741;3750;3771,من يمشي بلا نعل ولا خف.,حفي,فَاعِلٌ,v21:حفي:المحكم — المعاني,v21:حفي:مقاييس — النص,,حَافِي,APPROVED,,أصله حافِيٌ
AR03905,مَكْسُوّ,اسم مفعول,160,3746;3747,من عليه كسوة من ثياب.,كسو,مَفْعُولٌ,roots-4662:كسو:المحكم — المعاني,,,مَكْسُوّ,APPROVED,,أصله مَكْسُوْوٌ
AR03906,لَابِس,اسم فاعل,160,3746;3747;3749;3965;3972,من على جسده ثوب أو ملبوس.,لبس,فَاعِلٌ,roots-4662:لبس:المحكم — المعاني,roots-4662:لبس:مقاييس — المحور,roots-4662:لبس:الأساس — المجاز,لَابِس,APPROVED,,
AR03907,لَبِسَ,فعل,160,3748;10940;10942;10984,جعل الثوب أو نحوه على بدنه أو عضو منه.,لبس,فَعِلَ,roots-4662:لبس:المحكم — المعاني,roots-4662:لبس:مقاييس — المحور,roots-4662:لبس:الأساس — المجاز,لَبِسَ,APPROVED,,
AR03908,اِرْتَدَى,فعل,160,3748;10940;10993,لبس الثوب أو نحوه وجعله على بدنه.,ردي,اِفْتَعَلَ,roots-4662:ردي:المحكم — المعاني,roots-4662:ردي:مقاييس — المحور,roots-4662:ردي:الأساس — المجاز,اِرْتَدَى,APPROVED,,
AR03909,مَكْشُوف,اسم مفعول,160,3752,ما لا غطاء عليه من البدن.,كشف,مَفْعُولٌ,roots-4662:كشف:المحكم — المعاني,roots-4662:كشف:مقاييس — المحور,roots-4662:كشف:الأساس — المجاز,مَكْشُوف,APPROVED,,
AR03910,كَشَفَ,فعل,160,3753,أزال الغطاء عن عضو من بدنه فأظهره.,كشف,فَعَلَ,roots-4662:كشف:المحكم — المعاني,roots-4662:كشف:مقاييس — المحور,roots-4662:كشف:الأساس — المجاز,كَشَفَ,APPROVED,,
AR03913,عَارِي السَّاقَيْنِ,تركيب,160,3755,من لا شيء يستر ساقيه.,,,,,,عَارِي السَّاقَيْنِ,APPROVED,,
AR03914,عَارِي الصَّدْرِ,تركيب,160,3756;3763;3959;3968,من لا ثوب على صدره.,,,,,,عَارِي الصَّدْرِ,APPROVED,,
AR03915,مُقَنَّع,اسم مفعول,160,3960,من على وجهه قناع يستره.,قنع,مُفَعَّلٌ,roots-4662:قنع:المحكم — المعاني,roots-4662:قنع:مقاييس — المحور,roots-4662:قنع:الأساس — المجاز,مُقَنَّع,APPROVED,,WAZN ← L2_006 مف من فَعَّلَ
AR03916,مُلَثَّم,اسم مفعول,160,3960,من شدّ على فمه وأنفه لثاماً.,لثم,مُفَعَّلٌ,roots-4662:لثم:المحكم — المعاني,roots-4662:لثم:مقاييس — المحور,roots-4662:لثم:الأساس — المجاز,مُلَثَّم,APPROVED,,WAZN ← L2_006 مف من فَعَّلَ
AR03918,مُتَنَكِّر,اسم فاعل,160,3964,من لبس زياً يغيّر هيئته.,نكر,مُتَفَعِّلٌ,roots-4662:نكر:المحكم — المعاني,roots-4662:نكر:مقاييس — المحور,,مُتَنَكِّر,APPROVED,,المتنكر يخص الزي المغيّر للهيئة | WAZN ← L2_006 فا من تَفَعَّلَ
AR03919,عَارِي الذِّرَاعَيْنِ,تركيب,160,3967,من لا ثوب يستر ذراعيه.,,,,,,عَارِي الذِّرَاعَيْنِ,APPROVED,,
AR03920,مُتَرَدِّي,اسم فاعل,160,3971,من لبس الرداء.,ردي,مُتَفَعِّلٌ,roots-4662:ردي:المحكم — المعاني,roots-4662:ردي:مقاييس — المحور,roots-4662:ردي:الأساس — المجاز,مُتَرَدِّي,APPROVED,,أصله مُتَرَدِّيٌ | WAZN ← L2_006 فا من تَفَعَّلَ
AR03921,عَلَى,حرف,160,10941,حرف يدل على ما على البدن من ملبوس، نحو: خرج وعليه ثوبه.,,,,,,عَلَى,APPROVED,,التركيب العربي: وعليه + الملبوس
AR03922,فِي,حرف,160,10950,حرف يدل على الظرفية في الملبوس، نحو: جاءت في ثوب أحمر.,,,,,,فِي,APPROVED,,نحو: جاءت في ثوب أحمر
AR03923,مُتَزَيِّن,اسم فاعل,160,10974;10980,من لبس أحسن ثيابه وتجمّل بها.,زين,مُتَفَعِّلٌ,roots-4662:زين:المحكم — المعاني,roots-4662:زين:مقاييس — المحور,roots-4662:زين:الأساس — المجاز,مُتَزَيِّن,APPROVED,,WAZN ← L2_006 فا من تَفَعَّلَ
AR03925,مُقَمَّط,اسم مفعول,160,11000,الرضيع المشدود بالقماط.,قمط,مُفَعَّلٌ,roots-4662:قمط:المحكم — المعاني,roots-4662:قمط:مقاييس — المحور,roots-4662:قمط:الأساس — المجاز,مُقَمَّط,APPROVED,,WAZN ← L2_006 مف من فَعَّلَ
AR03926,مُتَلَفِّع,اسم فاعل,160,11001,من اشتمل بثوب يلف به جسده.,لفع,مُتَفَعِّلٌ,roots-4662:لفع:المحكم — المعاني,roots-4662:لفع:مقاييس — المحور,roots-4662:لفع:الأساس — المجاز,مُتَلَفِّع,APPROVED,,WAZN ← L2_006 فا من تَفَعَّلَ
AR03927,مُلْتَحِف,اسم فاعل,160,11001,من تغطى بلحاف أو ثوب لفّه عليه.,لحف,مُفْتَعِلٌ,roots-4662:لحف:المحكم — المعاني,roots-4662:لحف:مقاييس — المحور,roots-4662:لحف:الأساس — المجاز,مُلْتَحِف,APPROVED,,WAZN ← L2_006 فا من اِفْتَعَلَ
AR03929,اِنْتَعَلَ,فعل,160,,لبس النعل في قدميه.,نعل,اِفْتَعَلَ,roots-4662:نعل:المحكم — المعاني,roots-4662:نعل:مقاييس — المحور,roots-4662:نعل:الأساس — المجاز,اِنْتَعَلَ,APPROVED,,AR_ONLY
AR03930,مُنْتَعِل,اسم فاعل,160,,من في قدميه نعل.,نعل,مُفْتَعِلٌ,roots-4662:نعل:المحكم — المعاني,roots-4662:نعل:مقاييس — المحور,roots-4662:نعل:الأساس — المجاز,مُنْتَعِل,APPROVED,,AR_ONLY | WAZN ← L2_006 فا من اِفْتَعَلَ
AR03931,تَلَثَّمَ,فعل,160,,شدّ اللثام على فمه وأنفه.,لثم,تَفَعَّلَ,roots-4662:لثم:المحكم — المعاني,roots-4662:لثم:مقاييس — المحور,roots-4662:لثم:الأساس — المجاز,تَلَثَّمَ,APPROVED,,AR_ONLY
AR03934,وَالِدِيّ,اسم منسوب,104,5304,منسوب إلى الوالدين أو أحدهما فيما يكون بينهم وبين أولادهم.,ولد,فَاعِلِيٌّ,roots-4662:ولد:المحكم — المعاني,roots-4662:ولد:مقاييس — المحور,roots-4662:ولد:الأساس — المجاز,وَالِدِيّ,APPROVED,,L2_008 re-candidate (was NO_ARABIC_EQUIVALENT: NISBA_POS_DEFER) | WAZN ← L2_007 نسبة فَاعِلٌ
AR03936,أَسْلَافِيّ,اسم منسوب,104,5306,منسوب إلى الأسلاف، وهم الآباء والأجداد المتقدّمون.,سلف,أَفْعَالِيٌّ,roots-4662:سلف:المحكم — المعاني,roots-4662:سلف:مقاييس — المحور,roots-4662:سلف:الأساس — المجاز,أَسْلَافِيّ,APPROVED,,L2_008 re-candidate (was NO_ARABIC_EQUIVALENT: NISBA_POS_DEFER) | WAZN ← L2_015 المالك
AR03938,رُبَاعِيّ,اسم منسوب,103,3143,جماعة مؤلّفة من أربعة أفراد أو أشياء، كالرباعي الموسيقي.,ربع,فُعَالِيٌّ,roots-4662:ربع:المحكم — المعاني,roots-4662:ربع:مقاييس — المحور,roots-4662:ربع:الأساس — المجاز,رُبَاعِيّ,APPROVED,,L2_008 re-candidate (was NO_ARABIC_EQUIVALENT: NISBA_POS_DEFER) | WAZN ← L2_007 نسبة فُعَالٌ
AR03939,خُمَاسِيّ,اسم منسوب,103,3144,جماعة مؤلّفة من خمسة أفراد أو أشياء، كالخماسي الموسيقي.,خمس,فُعَالِيٌّ,roots-4662:خمس:المحكم — المعاني,roots-4662:خمس:مقاييس — المحور,roots-4662:خمس:الأساس — المجاز,خُمَاسِيّ,APPROVED,,L2_008 re-candidate (was NO_ARABIC_EQUIVALENT: NISBA_POS_DEFER) | WAZN ← L2_007 نسبة فُعَالٌ
AR03940,سُدَاسِيّ,اسم منسوب,103,3146,جماعة مؤلّفة من ستة أفراد أو أشياء، كالسداسي الموسيقي.,سدس,فُعَالِيٌّ,roots-4662:سدس:المحكم — المعاني,roots-4662:سدس:مقاييس — المحور,roots-4662:سدس:الأساس — المجاز,سُدَاسِيّ,APPROVED,,L2_008 re-candidate (was NO_ARABIC_EQUIVALENT: NISBA_POS_DEFER) | WAZN ← L2_007 نسبة فُعَالٌ
AR03941,دَزِينَة,اسم جامد,189,3331,مجموعة من اثني عشر شيئاً من جنس واحد، وتُستعمل في الجمع للدلالة على عدد كبير غير محدَّد.,,,,,,دَزِينَة,APPROVED,,L2_013 owner: دخيل، اسم جامد، بلا جذر
AR03942,مِئَة,اسم جامد,189,3327,عدد يساوي عشر عشرات، ويُستعمل جمعه للدلالة على كثرة غير محدَّدة.,مءي,فِعَةٌ,roots-4662:مءي:المحكم — المعاني,roots-4662:مءي:مقاييس — النص,,مِئَة,APPROVED,,L2_014 NUM→اسم جامد | محذوفة اللام | WAZN ← L2_015 المالك
AR03944,مِلْيُون,اسم جامد,189,3329,عدد يساوي ألف ألف، ويُستعمل جمعه للدلالة على كثرة هائلة.,,,,,,مِلْيُون,APPROVED,,L2_014 NUM→اسم جامد | دخيل
AR03945,مِلْيَار,اسم جامد,189,3330,عدد يساوي ألف مليون، ويُستعمل جمعه للدلالة على كثرة بالغة.,,,,,,مِلْيَار,APPROVED,,L2_014 NUM→اسم جامد | دخيل
AR03947,اِثْنَانِ وَعِشْرُونَ,تركيب,426,7823,عدد مركّب بالعطف يُسمّى به العيار في السلاح، كقولهم مسدس عيار اثنين وعشرين.,,,,,,اِثْنَانِ وَعِشْرُونَ,APPROVED,,L2_014 NUM→تركيب
AR03948,أَرْبَعَةٌ وَأَرْبَعُونَ,تركيب,426,7826,عدد مركّب بالعطف يُسمّى به العيار في السلاح، كقولهم مسدس عيار أربعة وأربعين.,,,,,,أَرْبَعَةٌ وَأَرْبَعُونَ,APPROVED,,L2_014 NUM→تركيب
