fe_name	freq	sample_frame	sample_definition	claude_draft	owner_choice	status
Time	818	Abandonment	When the Agent gives up the Theme.	الزمان	الزمان	APPROVED
Place	685	Abandonment	The location where the Agent gives up the Theme.	المكان	المكان	APPROVED
Manner	663	Abandonment	The style in which the Agent gives up the Theme.	الكيفية	الكيفية	APPROVED
Degree	479	Abandonment	The extent to which the Agent leaves the Theme behind.	الدرجة	الدرجة	APPROVED
Means	450	Abandonment	An action performed by the Agent that accomplishes the action indicated by the target.	الوسيلة	الوسيلة	APPROVED
Purpose	402	Abandonment	The purpose for which the Agent abandons the Theme.	الغرض	الغرض	APPROVED
Explanation	380	Abandonment	Explanation denotes a proposition from which the act of abandonment logically follows.	التعليل	التعليل	APPROVED
Duration	273	Abandonment	For what expanse of time the Agent has given up the Theme.	المدة	المدة	APPROVED
Depictive	266	Abandonment	The FE Depictive describes the Agent during the abandoning event.	الحال الوصفية	الحال الوصفية	APPROVED
Circumstances	263	Absorb_heat	Circumstances describe the state of the world (at a particular time and place) which is specifically independent of the event itself and any of its participants	الملابسات	الملابسات	APPROVED
Agent	209	Abandonment	The Agent is the person who acts to leave behind the Theme.	العامل	العامل	APPROVED
Frequency	185	Abusing	How often abuse occurs.  'She had been abused too much as a child to let it happen again.'	التواتر	التواتر	APPROVED
Descriptor	161	Accoutrements	This FE identifies a characteristic or description of the Accoutrement. 'Kim wore an exquisite tiara.'	الواصف	الواصف	APPROVED
Result	157	Absorb_heat	The final state of affairs after the absorbing heat event has finished.   'The lobster boiled to death.'	النتيجة	النتيجة	APPROVED
Instrument	132	Abusing	An entity used by the Abuser to accomplish the abuse.  'Look, being battered with a mallet is no one's idea of a good time.'	الأداة	الأداة	APPROVED
Entity	112	Absorb_heat	The Entity (often a food item)  that absorbs heat.  'Bacon frying in the pan and scenting the air '	الكيان	الكيان	APPROVED
Source	102	Amassing	The Source is the location that the Mass_theme formerly occupied.  Persons that begin in possession of the Mass_theme may metonymically stand in for the Source.	المنطلَق	المنطلَق	APPROVED
Goal	92	Accomplishment	The state or action that the Agent has wished to participate in.  'Iraq had achieved its programme objective of producing nuclear weapons . '	المقصد	المقصد	APPROVED
Path	92	Arriving	Path is any description of a trajectory of motion which is neither a Source nor a Goal.  In this frame, Path expressions almost always have a via-sense.'The off	المسار	المسار	APPROVED
Theme	90	Abandonment	The Theme is the entity that is relinguished to no one from the Agent's possession.	الموضوع	الموضوع	APPROVED
Medium	82	Absorb_heat	Medium is a substance through which heat is absorbed by the Entity.  'The golden meat was simmering in a sauce that seemed lifted straight out of a French coq a	الوسيط	الوسيط	APPROVED
Topic	81	Affirm_or_deny	The Topic is the subject matter to which the Message pertains. It is rarely mentioned in constructions with verbal targets, and is much more common with nominal	المحور	المحور	APPROVED
Cause	80	Being_in_captivity	An inanimate force which causes the Theme in be unable to move.	السبب	السبب	APPROVED
Type	79	Abusing	Type is used for the domain in which the Abuser mistreats the Victim. 'Fred is known for his emotional abuse of women.'	النوع	النوع	APPROVED
Particular_iteration	77	Accomplishment	Expressions marked with this extra-thematic FE modify a non-iterative use of the target, and indicate that it is conceived as embedded within an iterated series	التكرار المخصوص	التكرار المخصوص	APPROVED
Domain	73	Accomplishment	The particular aspect or domain of the Goal that is achieved.  'No one can surpass his economic and financial achievements.'	المجال	المجال	APPROVED
Containing_event	71	Activity_finish	This FE identifies an event during which the Agent finishes the Activity.   	الحدث الحاوي	الحدث الحاوي	APPROVED
Name	60	Accoutrements	A name given to an individual Accoutrement to distinguish it from all other objects.  'The ring Narya was passed to Gandalf.'	الاسم	الاسم	APPROVED
Period_of_iterations	58	Abusing	The length of time from when the Abusing event began to be repeated to when it stopped.	فترة التكرارات	فترة التكرارات	APPROVED
Event_description	54	Abandonment	A description of the event as a whole.	وصف الحدث	وصف الحدث	APPROVED
Role	54	Adducing	A slot in a particular or generic event or relation whose filler the Speaker identifies.  'TCI named the overly expensive bid price as the main reason for their	الدور	الدور	APPROVED
Event	53	Attending	The Event is the deliberate set of happenings given at a particular time and place.	الحدث	الحدث	APPROVED
Cognizer	51	Achieving_first	The Cognizer comes up with or conceptualizes the New_idea. It is normally expressed as an External Argument:  'Kim Sung invented cinnamon cheez fries in 1988.'	المُدرِك	المُدرِك	APPROVED
Speed	51	Bringing	The Speed is the rate at which the carrying or transporting occurs.	السرعة	السرعة	APPROVED
Iterations	50	Activity_prepare	The frame element Iterations is used for expressions that indicate the number of times an event or state (of the kind denoted by the target in its clause) has t	التكرارات	التكرارات	APPROVED
Distance	50	Adjacency	This  FE identifies the  Distance between the Figure and the Ground.  This FE requires an image schema with a vector that extends from the Ground, or a subpart 	المسافة	المسافة	APPROVED
Subregion	49	Armor	The place on the Asset covered by the Armor.  'Tanks will now be fitted with underbelly armor to protect against roadside bombs.'  'This style of chest armor wa	المنطقة الفرعية	المنطقة الفرعية	APPROVED
Ground	47	Adjacency	The Ground serves as a basis for describing the location of the Figure.  'The cat is adjacent to the mat.'	الأرضية	الأرضية	APPROVED
Speaker	40	Adducing	The Speaker is the person who specifies the Role to be filled by the Specified_entity.  'ButArturo Boncato Jr., marketing manager of the Marco Polo Hotel, cited	المتكلم	المتكلم	APPROVED
Direction	40	Adjacency	This FE identifies the Direction from a reference location (generally, the deictic center) of a path to the Figure. This FE is filled by one of a closed class o	الاتجاه	الاتجاه	APPROVED
Experiencer	39	Annoyance	The Experiencer is the person or sentient entity that experiences or feels the emotions.   	المُستشعِر	المُستشعِر	APPROVED
Addressee	38	Adducing	The Addressee is the person to whom the Speaker identifies the filler of a Role.	المخاطَب	المخاطَب	APPROVED
Attribute	36	Adopt_selection	The Attribute of the Agent can take on several Values, selected by the Agent .  'The Council of Constance (1414-18) adopted conciliarism as a stance, hoping tha	الصفة	الصفة	APPROVED
Patient	36	Being_rotted	The Patient is the organic matter that has decayed. 'The coconut milk became rancid.'	المتأثِّر	المتأثِّر	APPROVED
Protagonist	34	Activity_ready_state	This FE identifies the Protagonist in the initial state of an activity.	المشارك الرئيس	المشارك الرئيس	APPROVED
Area	34	Body_movement	Area identifies any expression describing a region in which the motion takes place when the motion is understood to be irregular and not to consist of a single 	المنطقة	المنطقة	APPROVED
Material	33	Accoutrements	This FE identifies the Material from which the Accoutrement is made.'He wore a gold watch.'	المادة	المادة	APPROVED
Activity	33	Activity	This FE identifies the Activity in which the  Agent  is engaged.	النشاط	النشاط	APPROVED
Beneficiary	33	Activity_prepare	This extrathematic FE applies to participants that derive a benefit from the occurrence of the event specified by the target predicate. Further, the target pred	المستفيد	المستفيد	APPROVED
Re-encoding	33	Activity_stop	This FE presents the current frame as an integral part of a larger conceptualization expressed by another frame. 	إعادة الترميز	إعادة الترميز	APPROVED
Victim	32	Abusing	The Victim is the recipient of the Abuser's actions. 'Fred abused Martha by locking her into a closet .'	الضحية	الضحية	APPROVED
Co-participant	32	Accompaniment	In this frame, Co-participant is the accompanying entity (person or object).'Charlie played the piano with Lily.'	المشارك المصاحب	المشارك المصاحب	APPROVED
Item	32	Attaching	This FE identifies the Item that the Agent attaches to the Goal. 'The robber tied Harry to the chair.'	العنصر	العنصر	APPROVED
Expressor	31	Age	"The Frame Element Expressor marks expressions that indicate a body part, gesture or other expression of the Entity that reflect its age.    '""Who's there?"" she "	المُعبِّر	المُعبِّر	APPROVED
Recipient	30	Amassing	The Recipient indicates the entity that ends up in possession of the Mass_theme.	المتلقي	المتلقي	APPROVED
Outcome	29	Accomplishment	The Outcome is the failure or success of accomplishing  a Goal.	المآل	المآل	APPROVED
Use	29	Accoutrements	This FE identifies the purpose for which an Accoutrement is worn or made.  'She was wearing reading glasses.'	الاستعمال	الاستعمال	APPROVED
State	28	Annoyance	The State is the abstract noun that describes a more lasting experience by the Experiencer.   	الحالة	الحالة	APPROVED
Judge	28	Arraignment	The Judge is the head of the court where the arraignment occurs. ' Jan was arraigned on eight counts of treason before Duncan Smith.'	المُقيِّم	المُقيِّم	APPROVED
Group	28	Assemble	The Group describes the resulting formation of the Individuals.	المجموعة	المجموعة	APPROVED
Creator	27	Accoutrements	The individual or group who created the Accoutrement.  'We found this Chinese anklet two layers below Tel-Wilaya 3.' 'De Beers jewelry is justly famous.'	المنشئ	المنشئ	APPROVED
Concessive	26	Activity_start	This FE signifies that the state of affairs expressed by the main clause (containing the target) occurs or holds, and something other than that state of affairs	الاستدراك	الاستدراك	APPROVED
Whole	26	Amalgamation	The single, undifferentiated entity that is the result of the amalgamation.  'They had all just merged into one big file.'	الكل	الكل	APPROVED
Location	25	Abounding_with	Location is the object or area that the Theme fills or covers.  This frame element generally occurs as the External Argument.'The walls crawled with nanite surv	الموضع	الموضع	APPROVED
Part	25	Accoutrements	This FE identifies a part of the Accoutrement. 'He bought a leather cap with sheepskin flaps.'	الجزء	الجزء	APPROVED
Cotheme	25	Arriving	Cotheme is the second moving object, expressed as a direct object or an oblique. 'Pat came  with me down the street.' 'The squirrel  returned with the nut.' 	الموضوع المصاحب	الموضوع المصاحب	APPROVED
Rate	25	Billing	In some cases, price or payment is described per unit of Goods. 'The cleaner bills at forty dollars per hour for his services.' 	المعدل	المعدل	APPROVED
Phenomenon	24	Assessing	The entity whose Value according to a Feature is being measured.	الظاهرة	الظاهرة	APPROVED
Goods	24	Billing	The FE Goods is anything (including labor or time, for example) which is exchanged for Money in a transaction.  'The man at the counter billed Lee for his dry-c	البضاعة	البضاعة	APPROVED
Internal_cause	23	Affirm_or_deny	The emotional or physical state of the Speaker that leads to their affirmation or denial of the Message. 	السبب الداخلي	السبب الداخلي	APPROVED
Origin	23	Animals	The location from which the Animal originated.	المنشأ	المنشأ	APPROVED
Parameter	23	Annoyance	The Parameter is a domain in which the Experiencer experiences the Stimulus.	المَعلَم	المَعلَم	APPROVED
Unit	23	Billing	This FE is any unit in which goods or services can be measured. Generally, it occurs in a by or per-PP.   'I need a per-item invoice !'  	الوحدة	الوحدة	APPROVED
Body_part	23	Body_movement	With some verbs in this frame, the Body_part involved in the action is specified by the meaning of the verb and cannot be expressed separately.  For example,  '	عضو الجسم	عضو الجسم	APPROVED
Time_of_creation	22	Accoutrements	The time at which the Accoutrement was created.  'What was a 17th century brooch doing in her attic?'	زمن الإنشاء	زمن الإنشاء	APPROVED
Message	22	Affirm_or_deny	The Message identifies the content whose truth the Speaker is affirming or denying. It can be expressed as a clause or as a noun phrase.   'They refute the crit	الرسالة	الرسالة	APPROVED
Relative_location	22	Assigned_location	A place that the Station is located with respect to.  'The post by the main entrance was the least desirable assignment.'	الموضع النسبي	الموضع النسبي	APPROVED
Content	22	Attempt_suasion	The wish for action on the Addressee's part that the Speaker expresses.	المضمون	المضمون	APPROVED
State_of_affairs	22	Attitude_description	An event, topic, or situation about which the Cognizer has an Attitude.  'The economy looks quite grim at this moment.'	واقع الحال	واقع الحال	APPROVED
Vehicle	22	Board_vehicle	The Vehicle is the intended means of conveyance of the Traveller.   'When he had mounted the horse, his armour glittered in the sun, and he looked so brave and 	المركبة	المركبة	APPROVED
Action	22	Bungling	This FE identifies the Action that the Agent performs incorrectly. 'Mickey botched that swing.'	العمل	العمل	APPROVED
Duration_of_final_state	19	Becoming	How long the Entity remains in the Final_category, Final_situation, or Final_quality.   'He became for the next three years the prophetic voice of the Salvadora	مدة الحالة النهائية	مدة الحالة النهائية	APPROVED
Figure	18	Adjacency	The Figure is perceived as located relative to a certain Ground location. The figure can be an entity or an event.  'The cat is adjacent to the mat.' 	الشكل	الشكل	APPROVED
Container_possessor	18	Aggregate	The location or political locale that the Organization is contained within.	مالك الوعاء	مالك الوعاء	APPROVED
Salient_entity	17	Activity_ready_state	An entity which stands in metonymically for the Activity.  'Are you ready for a baby ?' 'I 'm ready for the eggs now .'	الكيان البارز	الكيان البارز	APPROVED
Value	17	Adopt_selection	The Value, chosen and made effective by the Agent, specifies the Attribute.  'He crammed his cap back again into his pocket and re-entered the office, assuming 	القيمة	القيمة	APPROVED
Age	17	Age	A quantity or other characterization of the Entity's age.	العمر	العمر	APPROVED
Evidence	17	Assessing	Some fact perceived by the Assessor which leads to their evaluation of the Phenomenon.	الدليل	الدليل	APPROVED
Constituent_parts	17	Assigned_location	Salient parts that make up a Station. 	الأجزاء المكوِّنة	الأجزاء المكوِّنة	APPROVED
Possessor	17	Body_mark	This Frame Element denotes the Possessor of the Body_mark.  'Mark has a cancerous mole on his back.'	المالك	المالك	APPROVED
Process	17	Cause_to_continue	A Process that is maintained by the Agent or Cause.  'The soot in the air  kept it raining for weeks'	العملية	العملية	APPROVED
Container	16	Absorb_heat	The Container that holds the Entity that absorbs the heat.  'Five fat sausages were frying in the pan '	الوعاء	الوعاء	APPROVED
Location_of_protagonist	16	Aiming	The location from which the proto-agent acts or perceives.  This does not include the location of a thing which is affected or perceived in the event.  'With re	موضع المشارك الرئيس	موضع المشارك الرئيس	APPROVED
Mode_of_transportation	16	Arriving	The Mode_of_transportation expresses how the motion of the Theme is effected, by its body or by a vehicle which holds and conveys the Theme.   Vehicles can move	نمط النقل	نمط النقل	APPROVED
Person	16	Expected_location_of_person	The Person is located in or at a place that they customarily occupy.   'The doctor is not in right now.' 	الشخص	الشخص	APPROVED
Ethnicity	16	Irregular_combatants	The Ethnicity is the religious, racial, national, socio-economic or cultural group to which the Combatant belongs.	العرقية	العرقية	APPROVED
Field	15	Achieving_first	The Field is the general domain of endeavor to which the Cognizer is contributing and of which the New_idea is a part. 'These photochemical techniques were pion	الحقل	الحقل	APPROVED
Communicative_force	15	Activity_start	"This FE indicates the Communicative_force or authority with which the target operates (often denoted by words such as ""officially,"" ""formally,"" ""technically,"" e"	القوة التواصلية	القوة التواصلية	APPROVED
Stimulus	15	Annoyance	The Stimulus is the person, event, or state of affairs that evokes the emotional response in the Experiencer.    	المثير	المثير	APPROVED
Rank	15	Beat_opponent	The rank (according to Score) that a Winner acheives.	الرتبة	الرتبة	APPROVED
Initial_state	15	Becoming	This FE describes the state of the Entity before change occurs.	الحالة الابتدائية	الحالة الابتدائية	APPROVED
Compensation	15	Being_employed	The Compensation is the payment that the Employee receives for performing a Task.  'Louise works as an engineer for $1,000'	العوض	العوض	APPROVED
Employer	15	Being_employed	The Employer gives Compensation to an Employee.  'My mom works for an Eye Doctor.'	صاحب العمل	صاحب العمل	APPROVED
Money	15	Billing	Money is the thing given in exchange for Goods in a transaction, or as recompense for the Bad_action. 'The clerk invoiced the little old lady $49.95 for what sh	المال	المال	APPROVED
Persistent_characteristic	15	Irregular_combatants	The Persistent_characteristic is a physiological characteristic or personality trait of the Combatant which is concieved of as persisting over time.	السمة الدائمة	السمة الدائمة	APPROVED
Imposed_purpose	14	Adjusting	The state of the Part with respect to the Feature that the Agent brings about by making the adjustment.  'You should adjust the antenna to poke outside the bag.	الغرض المفروض	الغرض المفروض	APPROVED
Individuals	14	Aggregate	This FE identifies the people or things that form  the Aggregate. 'A crowd of hoodlums filled the plaza.' 	الأفراد	الأفراد	APPROVED
Behavior	14	Being_questionable	The Behavior is the state of affairs or action of the social actor that is regarded as susipcious. 	السلوك	السلوك	APPROVED
Evaluee	14	Corporal_punishment	Evaluee is the person or thing about whom/which a judgment is made. With verbs this FE is typically expressed as Object:  'You will be flogged for your actions.	المُقيَّم	المُقيَّم	APPROVED
Host	14	Drop_in_on	The Host is the person highly associated with the goal location of the Visitor, and who allows the Visitor onto his/her territory, and possibly to make use of a	المضيف	المضيف	APPROVED
Donor	14	Giving	The person that begins in possession of the Theme and causes it to be in the possession of the Recipient .	المانح	المانح	APPROVED
New_situation	13	Activity_start	A consecutive event to the starting of the Activity of the Agent.	الوضع الجديد	الوضع الجديد	APPROVED
Situation	13	Alternatives	Something that may happen in the future, or at least whose factual status is unresolved. This is often tagged in a second FE layer and generally contains the ta	الوضع	الوضع	APPROVED
Charges	13	Arraignment	Charges is the crime with which the Defendant is charged. 'Jan was arraigned on eight counts of treason.'	التهم	التهم	APPROVED
Profiled_region	13	Basis_for_attribute	The region which has a particular shape, orientation, size, and location (literal or metaphorical) with respect to the Landmark.  The shape of the Profiled_regi	المنطقة المبرَّزة	المنطقة المبرَّزة	APPROVED
Position	13	Being_employed	The label given to a particular type of employment.   'Louise works as an engineer.'	الموقع	الموقع	APPROVED
Communicator	13	Communication	The sentient entity that uses language in the written or spoken modality to convey a Message to the Addressee.  'He finds it hard to communicate with people, no	المتواصِل	المتواصِل	APPROVED
Formational_cause	12	Assigned_location	Indicates the action (or causer) which brings the features of the Station about.  This FE also covers expressions that indicate that there was no salient format	سبب التكوُّن	سبب التكوُّن	APPROVED
Task	12	Assigned_location	The activity that is carried out at the Station.  'This will be your firing station.'	المهمة	المهمة	APPROVED
Condition	12	Attempt	The conditions under which the the Agent attempts the Goal.	الشرط	الشرط	APPROVED
Employee	12	Being_employed	The Employee is obligated to perform a Task in order to receive Compensation.  'My Mom works for the Michigan Department of Agriculture.'	الموظف	الموظف	APPROVED
Empathy_target	11	Annoyance	The Empathy_target is the individual or individuals with which the Experiencer identifies emotionally and thus shares their emotional response. 	محل التعاطف	محل التعاطف	APPROVED
Authorities	11	Arrest	The Authorities charge the Suspect with commiting a crime, and take him/her into custody.'The police arrested Harry on charges of manslaughter.'	السلطات	السلطات	APPROVED
Resource	11	Cache	The goods or commodity that is being stored in a Cache.  'This is by far the largest cache of Roman coins to be uncovered in Britain since the eighteenth centur	المورد	المورد	APPROVED
Count	11	Calendric_unit	The number of intervals of the specified type.  'These last two weeks,  I just keep getting myself into trouble .'	العدد	العدد	APPROVED
Dimension	11	Cause_expansion	Change of size may be limited to or described in terms of a single Dimension.   'The image was enlarged in height.' 'The machinist narrowed the tube by 6 inches	البُعد	البُعد	APPROVED
Inherent_purpose	11	Choosing	The Cognizer intends the Chosen to fulfill an Inherent_purpose . 'Samsonchose  Delilahas a wife.' 	الغرض الأصيل	الغرض الأصيل	APPROVED
Normal_location	11	Drop_in_on	Normal_location is any expression which implies a definite starting-point of motion. While Normal_location expressions are possible in this frame, they are rela	الموضع المعتاد	الموضع المعتاد	APPROVED
Context_of_acquaintance	11	Irregular_combatants	An expression indicating the context with which the Combatant is associated. 	سياق المعرفة	سياق المعرفة	APPROVED
Deixis	10	Adjacency	An indication of how the locative phrase relates to the grounding of the speech situation, either locating it near (here) or far (there, yonder), or specificall	الإشارة السياقية	الإشارة السياقية	APPROVED
Accessibility	10	Adjacency	An indication of how accessible the Figure is to some participant in the speech context (either the speaker or the addressee, or some other highly salient viewp	إمكانية الوصول	إمكانية الوصول	APPROVED
Directness	10	Adjacency	An indication of how closely the position of Figure matches the prototype expected from the image schema associated with the target.  This FE is normally filled	المباشَرة	المباشَرة	APPROVED
Context	10	Appellations	The language, region, or domain in which the Title applies.  'Judge Noonan of the United States Court of Appeals for the Ninth Circuit will cast his vote today.	السياق	السياق	APPROVED
Asset	10	Armor	Something desirable which might be lost or damaged and which is protected by Armor.  'Our company's tank armor provides an unprecedented about of protection.'  	الأصل المالي	الأصل المالي	APPROVED
Perpetrator	10	Arson	The Perpetrator sets fire to a building in order to gain some benefit from so doing. 'The two men were charged with arson when found running from the burning fa	الجاني	الجاني	APPROVED
Standard	10	Assessing	An entity that the Phenomenon is compared to in the assessment.  'Smiter weighed his chances in the snow against the danger posed by the troop of sycophants hur	المعيار	المعيار	APPROVED
Perceiver	10	Attention	The individual that pays attention to the Ground.	المُدرِك الحسي	المُدرِك الحسي	APPROVED
Text	10	Attributed_information	A written or verbal collection of statements, which imparts the information of the Proposition.  'The son of the Syrian defense minister received 6 million barr	النص	النص	APPROVED
Contract_basis	10	Being_employed	The Contract_basis describes the conditions of employment with respect to permanency, hours per time period, or payment basis.  'As much as possible, however, d	أساس التعاقد	أساس التعاقد	APPROVED
Locale	10	Biological_area	This FE identifies a stable bounded area, and is typically the designation of the nouns of Locale-derived frames. 'There used to be a forest in that valley.'	الموقع الجغرافي	الموقع الجغرافي	APPROVED
Path_shape	10	Change_direction	The configuration formed by the Path that the Theme traverses during the change of direction.  'The tank rumbled, backed quickly, turned left and right in a sin	شكل المسار	شكل المسار	APPROVED
Buyer	10	Commerce_buy	The Buyer wants the Goods and offers Money to a Seller in exchange for them. 'Jess bought a coat.' 'Lee bought a textbook from Abby.'	المشتري	المشتري	APPROVED
Comparison_set	10	Desirability	This FE marks expressions that indicate what class of things or events the Evaluee is being judged against.  'The standard of living is poor compared to other W	مجموعة المقارنة	مجموعة المقارنة	APPROVED
Co-timed_event	9	Activity_finish	This FE identifies the last Co-timed_event of the finished Activity.'They finished the peace march   with a prayer.'	الحدث المتزامن	الحدث المتزامن	APPROVED
Food	9	Agriculture	Food is the item cultivated by the Agriculturist.  'They cultivate fungi.'	الطعام	الطعام	APPROVED
Members	9	Alliance	The persons or groups belonging to the Alliance.	الأعضاء	الأعضاء	APPROVED
Function	9	Appointing	The Function is the purpose the Official will fufill.  'Under the new program, SCC will accredit organizations to assess wood flow from certified forests to wor	الوظيفة	الوظيفة	APPROVED
Suspect	9	Arrest	The Suspect is taken into custody, under suspicion of having committed a crime.'The police arrested Harry on charges of manslaughter.'	المشتبه به	المشتبه به	APPROVED
Offense	9	Arrest	Offense identifies the ordinary language use of the reason for which a Suspect is arrested.  'They arrested Harry for shoplifting.'	الجُرم	الجُرم	APPROVED
Party_1	9	Assemble	Party_1 is the grammatically more prominent participant in the assembling event.  It can refer to either a single individual or a larger party separate from Par	الطرف 1	الطرف 1	APPROVED
Party_2	9	Assemble	A grammatically less prominent participant in the assembling event.  It can refer to either a single individual or a larger party separate from Party_1 previous	الطرف 2	الطرف 2	APPROVED
Fire	9	Catching_fire	The total material currently involved in combustion, including both the parts of the Fuel currently undergoing chemical alteration and the partially ionized gas	النار	النار	APPROVED
Locus	9	Cause_to_move_in_place	The Agent's manipulation of an Theme may be further specified as being localized to some part of the Theme, a Locus.  This FE is usually expressed as a PP Compl	البؤرة	البؤرة	APPROVED
Authority	9	Citing	The Authority serve a citation or summons to a Defendant, requiring that the latter appear in Court or pay a Fine.   'The cop cited Mrs. Jones for illegal parki	السلطة	السلطة	APPROVED
Institution	9	Co-association	The institution or organization that the Participants have in common.	المؤسسة	المؤسسة	APPROVED
Seller	9	Commerce_buy	The Seller has possession of the Goods and exchanges them for Money from a Buyer. 'Most of my audio equipment, I purchased from a department store near my apart	البائع	البائع	APPROVED
Issue	9	Confronting_problem	This FE identifies the Issue that the Agent deals with.	المسألة	المسألة	APPROVED
Temporal_profile	9	Directional_locative_relation	A description of how the access path to the Ground interacts with time.  This FE is filled only by the closed class of adverbials back.adv (which indicates that	الملمح الزمني	الملمح الزمني	APPROVED
Substance	8	Active_substance	The internally undifferentiated physical entity that has an Effect.  'While marijuana?s advocates say the drug is a mellowing agent that can be used for medicin	المادة الكيميائية	المادة الكيميائية	APPROVED
Weapon	8	Ammunition	The weapon that the Ammunition is used in.  'Ammo for an AK-47 was found in the bedroom .' 'Shotgun shells, unlike simple balls, cannot be reused .'	السلاح	السلاح	APPROVED
Reciprocation	8	Becoming_a_member	This FE denotes an event paired with that of the main clause, which explains why the event of the main clause is expected. In particular, reciprocation is used 	المبادلة	المبادلة	APPROVED
Owner	8	Bounded_entity	This FE identifies the Owner, generally a person, of the bounded area.</def-root >	المالك القانوني	المالك القانوني	APPROVED
Force	8	Cause_impact	The Force is the amount of force in the course of the impact.  'He smacked the bat hard against the wall.'	القوة	القوة	APPROVED
Visitor	8	Drop_in_on	The Visitor arrives at the Host_location to visit the Host for a Purpose.	الزائر	الزائر	APPROVED
Instance	7	Actually_occurring_entity	The real-world individual--a concrete or abstract thing or an event--which differs from its counterpart in a discourse-salient non-real world.  'In May of 1994,	المصداق	المصداق	APPROVED
Viewpoint	7	Aesthetics	The individual who judges the Entity's aesthetics.   'She has always been beautiful to me.'	وجهة النظر	وجهة النظر	APPROVED
Characteristic	7	Animals	A quality of the Animal.  'Foxes are sly.'	السمة	السمة	APPROVED
Court	7	Appeal	The Court is the judicial establishment to which the Convict appeals.	المحكمة	المحكمة	APPROVED
Defendant	7	Arraignment	The Defendant is charged with a crime by a Judge. ' Jan was arraigned on eight counts of treason.'	المدَّعى عليه	المدَّعى عليه	APPROVED
Items	7	Attaching	This FE identifies the plural Items that are tied together, resulting in their mutual attachment. 'The robber tied Harry's ankles together.'  Notice that when t	العناصر	العناصر	APPROVED
Score	7	Beat_opponent	A quantity whereby progress is measured during the game, and Rank and Prizes are awarded to the Winner afterward.	النتيجة الرقمية	النتيجة الرقمية	APPROVED
Dependent_state	7	Being_attached	Dependent_state identifies the state of the Item or Items which depends on the existence of the attachment.  'The tarp is tied down with a cord.' 'Harry's hands	الحالة التابعة	الحالة التابعة	APPROVED
Product	7	Businesses	Product identifies the product or service provided by the business.   'Josh runs a copier toner business.' 	المنتَج	المنتَج	APPROVED
Affected_party	7	Conduct	A person to whom behavior is directed by the Agent.  'Smithers behaved himself shamefully towards me.'	الطرف المتأثر	الطرف المتأثر	APPROVED
Reason	7	Corporal_punishment	Typically, there is a constituent expressing the Reason for the Judge's judgment. It is usually a for-PP, e.g.  'The Sheriff flogged him for his crimes.'	العلة	العلة	APPROVED
Host_location	7	Drop_in_on	The Host_location is a place primarily associated with the Host.	موضع المضيف	موضع المضيف	APPROVED
Temperature	6	Absorb_heat	The temperature that the Entity stays at, resulting in change.  'No, that kind of batter should bake at a lower temperature.'	درجة الحرارة	درجة الحرارة	APPROVED
Participants	6	Accompaniment	Two or more entities construed as symmetrically and usually equally participating in an event or relation.  'Lao Tzu and Confucious built the house together.'	المشاركون	المشاركون	APPROVED
Wearer	6	Accoutrements	The Wearer wears the Accoutrement. 'Why must you always wear your helmet when I'm driving?'	اللابس	اللابس	APPROVED
Body_location	6	Accoutrements	This FE identifies the place on the body where a particular Accoutrement is located. 'Tess wore a single ring in her left nostril.'	موضع الجسم	موضع الجسم	APPROVED
Target	6	Accuracy	The Target is the entity whose attributes (esp. position) the Agent is attempting to match in an action.	الهدف	الهدف	APPROVED
Figures	6	Adjacency	The Figures are items which mutually serve to identify the location of the other items.	الأشكال	الأشكال	APPROVED
Feature	6	Adjusting	The Feature with respect to which the Part is adjusted. 'She adjusted the temperature of the oven so that the pie crust would brown a little.'	الملمح	الملمح	APPROVED
Period_of_existence	6	Alliance	The interval during which the Alliance exists.  'Hezbollah was founded in 1982 in response to the Israeli invasion of Lebanon, and subsumed members of the 1980s	فترة الوجود	فترة الوجود	APPROVED
Orientation	6	Architectural_part	This is a property of the  Part that situates  the  Part within the Whole.  'Looks like he fell through the side wall, innit?' 	التوجُّه	التوجُّه	APPROVED
Status	6	Bail_decision	"Status idenitifies the decision made with regard to bail.  The possible statuses are ""without bail/bond"", ""on one's own recognizance"", or a specific amount of m"	المكانة	المكانة	APPROVED
Question	6	Be_in_agreement_on_assessment	This FE denotes an implicit question in response to which the Cognizers give their Opinions, which are then assessed for their similarity.  The Question may con	السؤال	السؤال	APPROVED
Final_category	6	Becoming	The category that the Entity ends up in after the change.  Typically, this entails taking on a number of new characteristics.  'He never could understand how sh	الصنف النهائي	الصنف النهائي	APPROVED
Initial_category	6	Becoming	This FE describes the category of the Entity before a change.	الصنف الابتدائي	الصنف الابتدائي	APPROVED
Place_of_employment	6	Being_employed	This FE identifies the Place_of_employment of the Employee.  'The undocumented foreigners were working at the organic farm.'	مكان العمل	مكان العمل	APPROVED
Specification	6	Being_relevant	The knowledge or situation that mediates the relevance of the Phenomenon to the Endeavor.  'How does Assad 's family dynamic play into his intransigence ?'	التحديد	التحديد	APPROVED
Trigger	6	Biological_mechanisms	The force that brings about the change in the Systemic_effect.	المحفِّز	المحفِّز	APPROVED
External_cause	6	Body_movement	Cause is something in the external environment that causes the Agent to move part of his/her body.  Cause is usually expressed in a PP Complement:. 'Pat jerked 	السبب الخارجي	السبب الخارجي	APPROVED
Entities	6	Boundary	The joint construal of both Entities next to the Boundary. 	الكيانات	الكيانات	APPROVED
Occasion	6	Bragging	The Occasion is the reason a public statement is given.	المناسبة	المناسبة	APPROVED
Components	6	Building	This FE identifies the Components that form the Created_entity. 'Jack built  a new house out of old bricks.'	المكوِّنات	المكوِّنات	APPROVED
Actor	6	Causation	An entity which participates in a Cause, perhaps volitionally and perhaps not.  'That one stone, apparently, caused the avalanche that engulfed square miles of 	الفاعل الدلالي	الفاعل الدلالي	APPROVED
Information	6	Correctness	The Information matches or does not match the facts of the world.  'That statement is totally incorrect.'	المعلومة	المعلومة	APPROVED
Affliction	6	Cure	The Frame Element Affliction is generally the NP Object of a verb, frequently incorporating the Patient as a possessor, as described above:  'This potion heals 	البلاء	البلاء	APPROVED
Focal_participant	6	Desiring	This is the entity that the Experiencer wishes to be affected by some Event.	المشارك البؤري	المشارك البؤري	APPROVED
Self_mover	6	Fleeing	Self_mover is the living (or self-directed) being which moves under its own power. 	المتحرك بذاته	المتحرك بذاته	APPROVED
Audience	6	Impression	A person or group of people who have an Impression of a Figure.  'His public image is flawless'	الجمهور	الجمهور	APPROVED
Part_prop	6	Part_edge	A property relating to the Part of a Whole.'Sue painted the longer edges of the dollhouse.'	خاصية الجزء	خاصية الجزء	APPROVED
Quantity	5	Abundance	The feature of an Collection which is under discussion. This FE is incorporated by all the lexical units in this frame.  	الكمية	الكمية	APPROVED
Legal_basis	5	Activity_pause	This FE describes the legal basis or precedent by which the Agent pauses the Activity.  'The negotiations have been frozen under the Act of 2004.'	الأساس القانوني	الأساس القانوني	APPROVED
Parts	5	Amalgamation	The entities that merge to form a single Whole.	الأجزاء	الأجزاء	APPROVED
Part_1	5	Amalgamation	The prominent entity that combines with Part_2 to form a Whole.  'The single smaller soul merges with the Ur-soul.'</def-root >	الجزء 1	الجزء 1	APPROVED
Part_2	5	Amalgamation	The less focussed-upon entity that the Part_1 merges with.  'The single smaller soul merges with the Ur-soul.'	الجزء 2	الجزء 2	APPROVED
Configuration	5	Arranging	A state that holds of the Theme or a relation that holds among the constituent parts of the Theme as a result of the arranging action.	التشكيل	التشكيل	APPROVED
Artifact	5	Artifact	This FE identifies the entity or substance that is designed to have a particular Use. This can refer to physical artifacts, like a mug or computer monitor, or a	المصنوع	المصنوع	APPROVED
Form	5	Artistic_style	The Form is a style that characterizes an Artwork (or an Artist, metonymically) and can be recognized by a judge. This FE is usually incorporated into the targe	الصورة	الصورة	APPROVED
Related_event	5	Assigned_location	An event related to the Station in some way other than (1) Formational_cause (which is a separate FE) or an intended use (which would place the instance in Loca	الحدث المرتبط	الحدث المرتبط	APPROVED
Responsible_party	5	Assigned_location	The Responsible_party is tasked with remaining at the Station to perform a Task.	الطرف المسؤول	الطرف المسؤول	APPROVED
Handle	5	Attaching	Thie Handle is the point of attachment on the Item to which the Agent attaches. 'The robbers tied Harry to the chair by his ankle.'	المقبض	المقبض	APPROVED
Assailant	5	Attack	The person (or other self-directed entity) that is attempting physical harm to the Victim. 'The mysterious fighter attacked the guardsmen with a sabre.'	المعتدي	المعتدي	APPROVED
Landmark	5	Basis_for_attribute	The entity, generally presupposed, whose status or location is known or knowable and which thus serves as a basis for understanding the status or location of th	المَعلَم المرجعي	المَعلَم المرجعي	APPROVED
Obligation	5	Be_in_agreement_on_action	An expression of the commitment of the Parties .  'The US and Russia have an agreement to share early warning data on missile launches.' 	الالتزام	الالتزام	APPROVED
Competition	5	Beat_opponent	The event in which the  Competition competes.	المنافسة	المنافسة	APPROVED
Criterion	5	Becoming_separated	This frame element expresses a property of the Parts or components of the Whole which correlates with the separation. Criterion is typically expressed as a PP h	المحك	المحك	APPROVED
Holding_location	5	Being_in_captivity	The area within which the Theme is confined.  'The captives in the next room were fed well but otherwise ignored.'	موضع الحفظ	موضع الحفظ	APPROVED
Category	5	Being_in_category	This frame element expresses a general type or class of which the Item is considered an instance. Typically, it is expressed in a prepositional phrase headed by	الصنف	الصنف	APPROVED
Crime	5	Being_incarcerated	The crime of which the Prisoner is guilty, resulting in imprisonment. 	الجريمة	الجريمة	APPROVED
Consequence	5	Being_obligated	The Consequence will result if the Duty is not performed.	العاقبة	العاقبة	APPROVED
Object	5	Being_operational	The entity with an understood purpose.	الشيء	الشيء	APPROVED
Individual	5	Body_description_holistic	This FE identifies the individual (or individuals) being described. 'Chuck is muscular.' 'Chuck has a muscular body.' 	الفرد	الفرد	APPROVED
Coordinated_event	5	Body_movement	An event that the Agent perceives and responds to by moving in coordination with it.  'They bobbed their heads to the beat.'	الحدث المنسَّق	الحدث المنسَّق	APPROVED
Carrier	5	Bringing	The Carrier provides support for the Theme.  Movement of the Carrier results in movement of the Theme. 'The boat ferried the troops across the river.'	الحامل	الحامل	APPROVED
Prior_state	5	Cause_to_make_progress	The former state of the Project.    	الحالة السابقة	الحالة السابقة	APPROVED
Sleeper	5	Cause_to_wake	The person or being that is sleeping.	النائم	النائم	APPROVED
Means_of_motion	5	Change_direction	The device or bodypart that serves to move the Theme.  'Go back to where you turned left in your car to reach the trailhead.'	وسيلة الحركة	وسيلة الحركة	APPROVED
Possession	5	Change_of_quantity_of_possession	The Possession is the physical or metaphoric object that increases or decreases in quantity.	الملكية	الملكية	APPROVED
Act	5	Compliance	This FE identifies the Act that is judged to be in or out of compliance with the Norms.  'Jo's violation of the no trespassing law came as a surprise.'	التصرُّف	التصرُّف	APPROVED
Deceiver	5	Deception_end	The Deceiver attempts to make the Victim unable to know about or detect the truth about a Phenomenon or Topic.	المخادع	المخادع	APPROVED
Response	5	Disaster_scenario	Directed action leading to recovery, rescue, or general mitigation of distress due to an ensuing disaster.	الاستجابة	الاستجابة	APPROVED
System	5	Getting_triggered	The System interacts with the environment and activates.  'The device triggered as she walked through the arch.'	النظام	النظام	APPROVED
Desired_state_of_affairs	5	Inspecting	The desirable state of affairs which the Inspector hopes to find to obtain when inspecting the Ground.  'Check that the light is out before you leave.'	الوضع المرغوب	الوضع المرغوب	APPROVED
Organization	5	Organization	The entity of which the individuals are Members.	المنظمة	المنظمة	APPROVED
Company	5	Product_development	The organization for which the Developer develops the Product.  'Wilhelm developed the software for Microsoft, but they rejected it.'	الشركة	الشركة	APPROVED
Useful_location	4	Access_scenario	The place or thing that the Theme is headed towards, despite a potential or actual Barrier.	الموضع النافع	الموضع النافع	APPROVED
Participant	4	Accompaniment	In this frame, Participant is the accompanied entity (person or object).'Charlie played the piano with Lily.'	المشارك	المشارك	APPROVED
Effect	4	Active_substance	The change brought about by the Substance.  'There is a clear co-variation between allergic symptoms in children and the concentration of softening agents in th	الأثر	الأثر	APPROVED
Completeness	4	Activity_pause	The extent to which the Agent pauses in the Activity.	الاكتمال	الاكتمال	APPROVED
Aggregate_property	4	Aggregate	This FE describes a property of the Aggregate rather than the Individuals and is used to tag the adjective that modifies the aggregate noun when it is unambiguo	خاصية المجموع	خاصية المجموع	APPROVED
Time_span	4	Amounting_to	The span of time when the Attribute has the Value. 'The total for last month far exceeded expectations.' 'The April total is 20,000.'	المدى الزمني	المدى الزمني	APPROVED
Grounds	4	Appeal	The Grounds is the legal basis on which the appeal rests.	المسوِّغ	المسوِّغ	APPROVED
Term1	4	Arithmetic	The grammatically more prominent number in an arithmetic operation.	الحد 1	الحد 1	APPROVED
Term2	4	Arithmetic	The grammatically less prominent number in an arithmetic operation.	الحد 2	الحد 2	APPROVED
Terms	4	Arithmetic	Two more or elements of a commutative arithmetic operation. This frame element may be represented as Term1 and Term2.	الحدود	الحدود	APPROVED
Connector	4	Attaching	The Connector forms the bond that maintains the Item or Items in a fixed position; it is usually expressed in a with-PP. 'The robber tied Harry to the chair  wi	الرابط	الرابط	APPROVED
Accused	4	Bail_decision	At the time of bail setting, the Accused is held without bail/bond, released on his/her own recognizance, or required to give the Court  a specific amount of mo	المتهم	المتهم	APPROVED
Trajector	4	Basis_for_attribute	The entity whose status or location is (generally) unknown, and whose status or location is established by examining the Profiled_region.	المتحرِّك المرجعي	المتحرِّك المرجعي	APPROVED
Parties	4	Be_in_agreement_on_action	The group of individuals portrayed as equally involved in having an agreement.  'The US and Russia have an agreement to cooperate in destroying surplus portable	الأطراف	الأطراف	APPROVED
Dangerous_entity	4	Be_on_alert	An entity of which the Protagonist is aware and which poses a danger.  'Be on alert for tigers.'	الكيان الخطر	الكيان الخطر	APPROVED
Margin	4	Beat_opponent	The amount by which the Winner 's and Loser 's Scores differ.	الفارق	الفارق	APPROVED
Prize	4	Beat_opponent	A socially and/or monetarily significant entity which is given to a Winner according to Score or Rank.	الجائزة	الجائزة	APPROVED
Venue	4	Beat_opponent	This FE is for the named venue of a competition, particularly when the place has been built for the purpose of a competition.  	مكان الانعقاد	مكان الانعقاد	APPROVED
Final_quality	4	Becoming	A description of a characteristic of the Entity after the change.  'Suddenly , she became impatient .' 	الصفة النهائية	الصفة النهائية	APPROVED
Transitional_period	4	Becoming	The period during which the Entity is in transition.  'Over the last 5 years, I've become sick and tired of your tomfoolery.'	الفترة الانتقالية	الفترة الانتقالية	APPROVED
Criteria	4	Being_in_category	This frame element expresses properties of the Item which is used as a basis for categorization. Criteria are the general dimensions along which Items can poten	المحكات	المحكات	APPROVED
Language	4	Being_named	Language is used for a person or thing to whose name the Name of the Entity is taken or in honor of.  'Spanish and Indian names were precedents to other non-Eng	اللغة	اللغة	APPROVED
Dependent	4	Being_necessary	The state-of-affairs which cannot hold without the Requirement.	التابع	التابع	APPROVED
Requirement	4	Being_necessary	The entity or state-of-affairs that must be present or obtain in order for the Dependent to obtain.	المتطلَّب	المتطلَّب	APPROVED
Duty	4	Being_obligated	The action that the Responsible_party is obligated to perform. 'My job is to get to the other side of the bridge.'	الواجب	الواجب	APPROVED
Mother	4	Being_pregnant	This frame element refers to the parent who is physically pregnant.	الأم	الأم	APPROVED
Father	4	Being_pregnant	This frame element refers to a parent who contributed to the conception of a child but is not physically carrying a child.	الأب	الأب	APPROVED
Parents	4	Being_pregnant	This frame element refers to the collective body expecting or carrying a child.	الوالدان	الوالدان	APPROVED
Member	4	Biological_classification	The living organism which belongs to the expressed Rank.  'The genus Homo includes modern humans.'	العضو	العضو	APPROVED
Property	4	Biological_classification	A property of the Member of the Rank.  'Members of the phylum Cycliophora have a circular mouth.'	الخاصية	الخاصية	APPROVED
Lender	4	Borrowing	The person or institution who gives the Theme to the Borrower for a Duration. 'Tracy borrowed that book from Leonard last week.'	المُقرِض	المُقرِض	APPROVED
Subpart	4	Breaking_off	The part of the Whole that is conceived as being broken or taken off from the remaining part of the whole.  'The handle broke off of the pot.'	الجزء الفرعي	الجزء الفرعي	APPROVED
Difference	4	Cause_change_of_position_on_a_scale	The distance between the orginial value (Value-1) and the final value (Value-2) of the entity on the scale (Variable).  'Coke raised the price of their soda by 	الفرق	الفرق	APPROVED
Co-variable	4	Cause_change_of_position_on_a_scale	The Co-Variable is the scale that the (dependent ) Variable is measured against.  'We raise  the temperature with the pressure'	المتغير المصاحب	المتغير المصاحب	APPROVED
Operator	4	Cause_to_land	The Operator maneuvers the vehicle onto land.  A skilled pilot would never set a plane down in weather like this.	المشغِّل	المشغِّل	APPROVED
Post_state	4	Cause_to_make_progress	The state of the Project following an advance.  	الحالة اللاحقة	الحالة اللاحقة	APPROVED
Fixed_location	4	Cause_to_move_in_place	The point or set of points that define the limits of motion for the Theme.  For spinning motions, it is the axis, for vibrating it is a boundary, for swinging i	الموضع الثابت	الموضع الثابت	APPROVED
Offender	4	Clemency	The individual who is accused or convicted of a Crime.  'Since 1976, 225 death row inmates have been granted clemency for humanitarian reasons. '	المخالف	المخالف	APPROVED
Clothing	4	Clothing_parts	This is the Clothing of which the target word is a part.  'His trouser pocket...'	الملبس	الملبس	APPROVED
Back	4	Commerce_sell	This FE indicates that the selling act reverses an earlier separate act in which the current Seller bought the Goods from the current Buyer.  ' There is a plan 	الخلف	الخلف	APPROVED
Entity_1	4	Commonality	One of the possesors of the Commonality. Can be singular or plural.  'He shares a home with us.'	الكيان 1	الكيان 1	APPROVED
Entity_2	4	Commonality	One of the possesors of the Commonality. Can be singular or plural.  'He shares a home with us.'	الكيان 2	الكيان 2	APPROVED
Participant_1	4	Competition	This FE identifies the first (or only) participant in a competition. 'Jo played the lottery every day.' 	المشارك 1	المشارك 1	APPROVED
Participant_2	4	Competition	This FE identifies the second participant in a competition. 'Jo played Leslie at tennis.'	المشارك 2	المشارك 2	APPROVED
Profiled_possibility	4	Conditional_occurrence	The situation presented explicitly as a possibility, contrasting with the implicit Negated_possibility.	الاحتمال المبرَّز	الاحتمال المبرَّز	APPROVED
Subset	4	Conferring_benefit	A Subset of beneficial situations is selected from the set of beneficial situations in a specific domain, though the domain need not be explicitly named.  'cert	المجموعة الجزئية	المجموعة الجزئية	APPROVED
Intermediary	4	Contacting	The Intermediary is the person who facilitates the contact. ' We contacted her  through her employer  .'	الوسيط البشري	الوسيط البشري	APPROVED
Contents	4	Containers	Contents is the object(s)/stuff contained in the Container.	المحتويات	المحتويات	APPROVED
Support	4	Convoy	People and possibly other elements of the convoy who support and defend the transport of the Cargo are the Support. In military contexts, this typically consist	الدعامة	الدعامة	APPROVED
Severity	4	Corporal_punishment	This frame element marks a quantity related to the seriousness of the punished behavior. 'Mr. Devine could face up to 300 lashes for the offense.'	الشدة	الشدة	APPROVED
Road	4	Cotheme	Phrases that denote a physical path on which the motion of Theme and Cotheme takes place are marked Road.'The police followed the suspect on the interstate for 	الطريق	الطريق	APPROVED
Jury	4	Criminal_process	This FE identifies the people who are charged by the Court to listen to the testimony, evidence, and arguments, and come to a consensus about the guilt or innoc	هيئة المحلفين	هيئة المحلفين	APPROVED
Region_quantification	4	Distributed_position	A description of how much of a potential profiled region actually has (or is expected to have) a Theme in it.  It is normally filled by closed-class items like 	تكميم المنطقة	تكميم المنطقة	APPROVED
Period	4	Duration_description	Sometimes these adjectives describe simply a period of time, rather than an event or state.  The Period almost invariably occurs as the modified noun with an at	الفترة	الفترة	APPROVED
User	4	Duration_relation	An individual that deploys a resource to receive a benefit.  The construction that introduces this FE is idiosyncratic, combining with last (in this frame), cos	المستعمِل	المستعمِل	APPROVED
Experience	4	First_experience	An event happens for the first time within the Context.  'Made from flax, linen was first used by the ancient Egyptians.'  'The Cobra was first deployed to Viet	الخبرة	الخبرة	APPROVED
Population	4	Foreign_or_domestic_country	The people living in the jurisdiction of the locale.  	السكان	السكان	APPROVED
Side_1	4	Friendly_or_hostile	Side_1 is the party or individual in a relationship with Side_2. Side_1 is the primary protagonist of the frame, and is denoted by noun and adjective targets.  	الجانب 1	الجانب 1	APPROVED
Side_2	4	Friendly_or_hostile	The party or individual with whom Side_1 bears an adversarial or friendly relationship.  'His enemies were no doubt waiting for just such a moment.'	الجانب 2	الجانب 2	APPROVED
Intended_goal	4	Getting_vehicle_underway	The location that the Vehicle is intended to travel to.  ' At 1500 65 Royal Air Force personnel came aboard and the LCI 35 cast off for England. '	المقصد المراد	المقصد المراد	APPROVED
Endpoints	4	Intentional_traversing	The Source and Goal of either a single or a repeated motion taken together as Endpoints of the Path.   'It is located at the place where explorers Marquette and	الطرفان	الطرفان	APPROVED
Jurisdiction	4	Judicial_body	The geographical area within which the Judicial_body has authority and responsibility.  'On February 18, 1983, the Supreme Court of Alabama denied this motion.'	الولاية القضائية	الولاية القضائية	APPROVED
Case	4	Jury_deliberation	The Case which a trial is convened to decide. 	القضية	القضية	APPROVED
Textual_location	4	Linguistic_meaning	The FE Textual_location is used for expressions that indicate under which semantic, collocational, pragmatic or other circumstances a Form has a particular Mean	الموضع النصي	الموضع النصي	APPROVED
Sought_entity	4	Locating	The entity that the Perceiver succeeds in finding.	الكيان المطلوب	الكيان المطلوب	APPROVED
Sound_source	4	Make_noise	The frame element Sound_source is assigned to a constituent referring to a physical entity which emits a sound. Such an entity must have an appropriately comple	مصدر الصوت	مصدر الصوت	APPROVED
Collection	3	Abundance	The Collection whose Quantity is under consideration.  'Extension brings projects galore.'	المجموعة المجمَّعة	المجموعة المجمَّعة	APPROVED
Barrier	3	Access_scenario	An entity that (at least potentially) prevents the Theme from getting to the Useful_location. 	الحاجز	الحاجز	APPROVED
Style	3	Accoutrements	This FE identifies  the Style of the Accoutrement. 'He wore a Jacobean wig.'	الأسلوب	الأسلوب	APPROVED
Final_value	3	Adjusting	The value associated with the Feature that the system ends up in.	القيمة النهائية	القيمة النهائية	APPROVED
Target_location	3	Aiming	The location that the Agent wishes to ready the Instrument to access.  'If you target towards the bridge , make sure to avoid the church .'	الموضع المستهدف	الموضع المستهدف	APPROVED
Title	3	Appellations	How a person is referred to within an Institution, often denoting their rank or status. Title is always marked on the target.  'Judge Judy has made her decision	اللقب	اللقب	APPROVED
Term_1	3	Arithmetic_non-commutative	Term_1 is the first operand in the non-commutative arithmetic that is modified by Term_2 (e.g. subtracted or divided by Term_2).	الحد 1	الحد 1	APPROVED
Term_2	3	Arithmetic_non-commutative	Term_2 is the second operand of the non-commutative arithmetic which modifies Term_1 (e.g. subtracts from or divides Term_1).	الحد 2	الحد 2	APPROVED
Danger	3	Armor	An object or situation that could damage the Asset.  'The anti-mine armor being developed by the army is still months from completion.'	الخطر	الخطر	APPROVED
Focal_entity	3	Assistance	This FE identifies a Focal_entity involved in achieving the Goal. 'Whoever didn't cook has to help with the dishes.'	الكيان البؤري	الكيان البؤري	APPROVED
Protagonist_1	3	Asymmetric_reciprocality	"The profiled participant in a reciprocal event, encoded as the subject of an active-form sentence or as a by-PP in a passive.  '""You can't argue politics with f"	المشارك الرئيس 1	المشارك الرئيس 1	APPROVED
Protagonist_2	3	Asymmetric_reciprocality	The participant involved (subordinately) with Protagonist_1 in a reciprocal event.  It is generally coded in a with-PP.  'We have been arguing the point with th	المشارك الرئيس 2	المشارك الرئيس 2	APPROVED
Contrast_set	3	Be_subset_of	This FE indicates other totalities that the Part may also be a subset of.	مجموعة المقابلة	مجموعة المقابلة	APPROVED
Source_symbol	3	Be_translation_equivalent	A symbol or set of symbols representing the Content in the Source_representation format.  'This expression translates the Greek word Hades.'	الرمز المصدر	الرمز المصدر	APPROVED
Source_representation	3	Be_translation_equivalent	The representation system in which the Content pre-exists.   	التمثيل المصدر	التمثيل المصدر	APPROVED
Target_symbol	3	Be_translation_equivalent	A symbol or set of symbols representing the Content in the Target_representation format.   'The Tibetan sequence of words translates the Chinese Ti- shih.'	الرمز الهدف	الرمز الهدف	APPROVED
Target_representation	3	Be_translation_equivalent	The representation system within which the Target_symbol is equivalent in its signification to the Source_symbol within the Source_representation system .  	التمثيل الهدف	التمثيل الهدف	APPROVED
Equivalence	3	Be_translation_equivalent	An assessment of how equivalent the Source_representation and the Target_representation are.  'Choose the Russian expression that correctly translates the Engli	التكافؤ	التكافؤ	APPROVED
Performer	3	Behind_the_scenes	In screen performances, the Performer is filmed as he or she acts out a role with respect to the larger Production 'This particular scene was shot with a local 	المؤدِّي	المؤدِّي	APPROVED
Dependent_entity	3	Being_in_control	An entity, usually a thing, that is influenced in its behavior by a Controlling_entity.	الكيان التابع	الكيان التابع	APPROVED
Dependent_situation	3	Being_in_control	A situation whose temporal or other characteristics are influenced by a Controlling_entity.	الوضع التابع	الوضع التابع	APPROVED
Dependent_variable	3	Being_in_control	A scalar variable, whose value depends on the behavior of a Controlling_entity.  'Move the slider on the SpeedBar while playing audio or video material to contr	المتغير التابع	المتغير التابع	APPROVED
Prison	3	Being_incarcerated	The facility where the Prisoner is held.	السجن	السجن	APPROVED
Required_entity	3	Being_necessary	An entity that has to be present for the Dependent state of affairs to obtain.	الكيان المطلوب وجوده	الكيان المطلوب وجوده	APPROVED
Offspring	3	Being_pregnant	This frame refers to the conceived offspring borne by the Parents.	الذرية	الذرية	APPROVED
Endeavor	3	Being_relevant	A cognitive action (eg discussion, decision) performed by the Cognizer to which the Phenomenon is connected in some way.	المسعى	المسعى	APPROVED
Relevant_feature	3	Being_up_to_it	A characteristic or behavior of the Entity that is considered when judging whether the Entity might participate in the Activity.  'The robot is up to the task i	الملمح المعتبَر	الملمح المعتبَر	APPROVED
Variable	3	Beyond_compare	The Variable is a property that evokes a scale along which the Standard is located closest to one extreme in  comparison to its Competitors.  'Hilary possessed 	المتغير	المتغير	APPROVED
Subtype	3	Biological_classification	The subtype of the Rank.  'Do humans belong to the order Primate?'	النوع الفرعي	النوع الفرعي	APPROVED
Constituents	3	Body_mark	Salient constituents that make up the Body_mark.	المكوِّنات الجزئية	المكوِّنات الجزئية	APPROVED
Issuer	3	Bond_maturation	The entity which is obligated to pay the Holder after the Financial_instrument matures.	المُصدِر	المُصدِر	APPROVED
Principle	3	Bond_maturation	The amount that the Holder originally paid to own the Financial_instrument.	المبدأ	المبدأ	APPROVED
Borrower	3	Borrowing	The person who receives the Theme from the Lender for a Duration.  'Tracy borrowed that book from Leonard last week.'	المقترِض	المقترِض	APPROVED
Boundary	3	Boundary	The region which is between the Entities or between the Entity and empty space.	الحد الفاصل	الحد الفاصل	APPROVED
Interior	3	Bounded_region	A region of space located inside a Ground.	الداخل	الداخل	APPROVED
Pieces	3	Breaking_apart	The Pieces result from the breaking apart of the Whole.	القطع	القطع	APPROVED
Location_of_confinement	3	Breaking_out_captive	The location to which the Theme's motion was formerly inhibited.  'Rebels set three prisoners free from holding cells.'  	موضع الحبس	موضع الحبس	APPROVED
Created_entity	3	Building	Created_entity identifies the entity that is created in the act of building. 'Jack built a new house.'	الكيان المُنشأ	الكيان المُنشأ	APPROVED
Fuel	3	Catching_fire	The entity that is begins to undergo rapid chemical alteration leading to damage or destruction.	الوقود	الوقود	APPROVED
Hot_cold_source	3	Cause_change_of_consistency	The Hot_cold_source is the source of the heat or coolness.  'We thickened the soup over an open flame.'	مصدر الحرارة أو البرودة	مصدر الحرارة أو البرودة	APPROVED
Size_change	3	Cause_expansion	Size_change identifies the amount by which the size of an Item changes.  'A 2-3cm expansion in width is required.'	تغير الحجم	تغير الحجم	APPROVED
Final_state	3	Cause_proliferation_in_number	The state of the Set after it is affected by an outside Agent or Cause.	الحالة النهائية	الحالة النهائية	APPROVED
Flammables	3	Cause_to_burn	The Flamables is the the object that burns as a result of the Cause, Agent, or Actor. 	القابلات للاشتعال	القابلات للاشتعال	APPROVED
Resistant_surface	3	Cause_to_fragment	The Resistant_surface is the surface against which a Agent presses the Whole_patient.  'Michael broke the bottle against his head . ' 'She did her best to rip h	السطح المقاوم	السطح المقاوم	APPROVED
Angle	3	Cause_to_move_in_place	Angle identifies the amount that the Theme turns. 'Spin the dial a quarter turn.'	الزاوية	الزاوية	APPROVED
Interval	3	Change_event_time	The Interval between the Landmark_time and the Destination_time may be expressed. 'The lanch will be delayed for two months.'	الفاصل	الفاصل	APPROVED
Point_of_contact	3	Change_posture	The part of the body that provides support to the Protagonist in holding the posture.  'Smithers crouched down on his haunces'	نقطة التماس	نقطة التماس	APPROVED
Concept_1	3	Cognitive_connection	The concept which is linked to Concept_2.  Generally expressed as the external argument. 'Smoking is tied to cancer.'	المفهوم 1	المفهوم 1	APPROVED
Concept_2	3	Cognitive_connection	The concept which is tied to Concept_1.  Generally expressed as a PP complement. 'Smoking is tied to cancer.'	المفهوم 2	المفهوم 2	APPROVED
Concepts	3	Cognitive_connection	The two concepts expressed jointly. 'Smoking and weight gain are connected.'	المفاهيم	المفاهيم	APPROVED
Judgment	3	Cognitive_impact	The Judgment is the characterization of the cognitive impact or evaluation of the Phenomenon.	الحُكم	الحُكم	APPROVED
Partner_1	3	Collaboration	When the parties in a collaboration are expressed separately, this Frame Element marks constituents that express the one that is grammatically more prominent, i	الشريك 1	الشريك 1	APPROVED
Partner_2	3	Collaboration	This Frame element marks constituents expressing the grammatically  less prominent, typically oblique, party in a collaboration.  ' Britain is collaborating wit	الشريك 2	الشريك 2	APPROVED
Undertaking	3	Collaboration	This frame element marks constituents that express the project in which the Partners are collaborating.   ' The two artists collaborated on a mosaic.'	المشروع المتعهَّد به	المشروع المتعهَّد به	APPROVED
Partners	3	Collaboration	This frame element marks expressions that express the parties that work together in an Undertaking.  ' Smithers and Chief Wiggum collaborated well '	الشركاء	الشركاء	APPROVED
Exchangers	3	Commerce_goods-transfer	The Buyer and Seller considered jointly.	المتبادلون	المتبادلون	APPROVED
Extent	3	Condition_symptom_relation	The degree to which a Medical_condition is associated with a Symptom(s).	المدى	المدى	APPROVED
Represented	3	Create_representation	The entity--which may be a thing, an action or a state--that is represented by the Representation.  'When Nadar photographed her, Desbordes-Valmore was sixty-ei	الممثَّل	الممثَّل	APPROVED
Bomb	3	Distant_operated_IED	The Bomb is set off by the Detonator at a distance, injuring or damaging a Target.  'These photographs were taken in the wake of a CWIED attack on the British.'	القنبلة	القنبلة	APPROVED
Competitor	3	Domination	The Competitors are trying to gain control of a situation, but end up being subject to the control and influence of the Agent .	المنافس	المنافس	APPROVED
Eventuality	3	Duration_description	A situation, action or event whose duration is being described.  The Eventuality occurs as the External Argument if the adjective is used predicatively, or as t	الواقعة	الواقعة	APPROVED
Timespan	3	Emergency	The period within which an Emergency has occurred.  	المدى الزمني	المدى الزمني	APPROVED
Instance_prop	3	Event_instance	A property of the particular Instance.  'This is the first time I've grown such delicious tea.'  	خاصية المصداق	خاصية المصداق	APPROVED
Themes	3	Exchange	The items which change possession between the Exchangers.  'They swapped guitars.'	الموضوعات	الموضوعات	APPROVED
Importing_area	3	Exporting	The FE Importing_area is the place that the Goods end up as a result of motion.  	منطقة الاستيراد	منطقة الاستيراد	APPROVED
Exporting_area	3	Exporting	The place where the Goods are initially, before the the Exporter moves them.  	منطقة التصدير	منطقة التصدير	APPROVED
Evaluation	3	Feeling	The Evaluation is a negative or positive assessment of the Experiencer regarding his or her Emotional_state. 'Max was feeling worse than he'd ever felt in his l	التقييم	التقييم	APPROVED
Opponent	3	Finish_competition	The individual that the Competitor has been competing against.	الخصم	الخصم	APPROVED
Sides	3	Friendly_or_hostile	A joint expression of the two Sides with a friendly or hostile stance towards one another.  'Aren't you afraid to be here? We are enemies!'	الجوانب	الجوانب	APPROVED
Supplier	3	Funding	Supplier is the person or entity that funds the Recipient or Imposed_purpose.  'Investors bankrolled the software start-up early on.'  	المورِّد	المورِّد	APPROVED
Driver	3	Getting_vehicle_underway	This is the being, typically human, that prepares the Vehicle for motion, and will control it once it is in motion.    'He shook his head in amazement and slowl	السائق	السائق	APPROVED
Perceiver_passive	3	Give_impression	The Perceiver_passive experiences some perception without necessarily intending to, but makes a judgment about the Phenomenon.  The Perceiver_passive generally 	المُدرِك غير القاصد	المُدرِك غير القاصد	APPROVED
Guest	3	Guest_and_host	The Guest receives the hospitality of the Host.  'Commander Silvers was the President's guest last week.'	الضيف	الضيف	APPROVED
End_point	3	Holding_off_on	The point in time, defined either as a clock time or in terms of an event that takes place, at which the Agent engages in the Desirable_action or interacts with	نقطة النهاية	نقطة النهاية	APPROVED
Hunter	3	Hunting	The Hunter is the agent hoping to obtain Food.	الصياد	الصياد	APPROVED
Events	3	Individual_history	The Events which the Participant is a part of. This FE is used to mark the frame-evoking element.  'We will focus on events in her recent history.'	الأحداث	الأحداث	APPROVED
Extent_of_acclaim	3	Judgment	The Extent_of_acclaim is a description of the number or locales of the Cognizers. 'The proposal gainedwidespread approbation.'	مدى الإشادة	مدى الإشادة	APPROVED
Knot	3	Knot_creation	The stable configuration of a String which results from tying.	العقدة	العقدة	APPROVED
Individual_1	3	Make_acquaintance	The semantically more prominent one of the two parties when the Individuals are realized separately.  'Melissa Hurley had never met her neighbor, Richard Congdo	الفرد 1	الفرد 1	APPROVED
Individual_2	3	Make_acquaintance	The semantically less prominent of the two parties when the Individuals are expressed separately.  ' Gossip reports say she either met Kennedy while helping him	الفرد 2	الفرد 2	APPROVED
Scheduled_time	3	Making_arrangements	The time for which the Agent has arranged the Event.  'I've put together a luncheon for 12:30.'	الوقت المقرر	الوقت المقرر	APPROVED
Stuff	3	Measure_linear_extent	The Stuff whose linear extent is being measured.'Miles of wiring were necessary.' 	المادة الخام	المادة الخام	APPROVED
Body_system	3	Medical_interaction_scenario	The part of the Patient's body that is being treated.    ''	جهاز الجسم	جهاز الجسم	APPROVED
Wrongdoer	3	Misdeed	This is the person whose Misdeed is being judged with respect to its morality. 	المسيء	المسيء	APPROVED
Injured_party	3	Misdeed	An individual who is harmed by the Misdeed of the Wrongdoer.  'Sins against one's fellow man are the most egregious, though.'	الطرف المتضرر	الطرف المتضرر	APPROVED
Route	3	Operate_vehicle	The Route is the road or path that the Vehicle regularly travels on. 'United Airlines flies the London-New York route.'	الطريق المسلوك	الطريق المسلوك	APPROVED
Sought_phenomenon	3	Perception	The Perceiver is the entity or event which causes the perceptual experience of the Perceiver.   'So do our domestic dogs perceive smells with the same range  of	الظاهرة المطلوبة	الظاهرة المطلوبة	APPROVED
Final_subevent	3	Process_end	The Final_subevent of an event.'The peace march  ended with a prayer.'	الحدث الفرعي الأخير	الحدث الفرعي الأخير	APPROVED
Author	3	Publishing	The person or entity that is responsible for the detailed construction of the content of the Work.  It is normally expressed in place of the Publisher FE, but t	المؤلف	المؤلف	APPROVED
Protagonists	3	Reciprocality	The jointly expressed participants in a reciprocal activity. 'They were gossiping about the weather and American football.' 	المشاركون الرئيسون	المشاركون الرئيسون	APPROVED
Firearm	3	Shoot_projectiles	The device used by the Agent to cause the motion of the Projectile.	السلاح الناري	السلاح الناري	APPROVED
Landmark_event	3	Simultaneity	The event or time period whose timing the Profiled_event is judged against.	الحدث المرجعي	الحدث المرجعي	APPROVED
Location_of_sound_source	3	Sound_movement	The location of the Sound_source from which the Sound travels  'The Prince 's laugh echoed from the corridor.'	موضع مصدر الصوت	موضع مصدر الصوت	APPROVED
Final_situation	3	Transition_to_a_situation	The Entity's situation after the change.  'My father came to wonder why he 'd worked so hard .'	الوضع النهائي	الوضع النهائي	APPROVED
Measure	2	Abundance	The measure of the Quantity, which is incorporated by the lexical units.	المقياس	المقياس	APPROVED
Deviation	2	Accuracy	Expected or actual deviation from the Target_value.  'For this they would need a thermometer accurate to within a microkelvin. '	الانحراف	الانحراف	APPROVED
Basis	2	Achieving_first	The conceptual material from which the Cognizer invents the New_idea.  'Galen invented the term 'gonorrhea' from the words for genital and flow.'	الأساس	الأساس	APPROVED
Location_of_appearance	2	Achieving_first	The Location_of_appearance is where the Invention is first discovered by others.  'This term was coined by James Joyce in his second novel.'	موضع الظهور	موضع الظهور	APPROVED
Compeller	2	Addiction	"Compeller is the part of a human's body or psyche that compels the Addict to seek out the Addictant. 'Pat <m name=""Supp"">is emotionally addicted to Kim.' 'Cyril"	المُجبِر	المُجبِر	APPROVED
Numbers	2	Adding_up	The Numbers that are used in the calculation.	الأعداد	الأعداد	APPROVED
Aggregate	2	Aggregate	This FE identifies the collection of entities that are the Aggregate. 'A crowd of hoodlums filled the plaza.'	المجموع	المجموع	APPROVED
Interlocutor	2	Agree_or_refuse_to_act	This is the person who proposed the Proposed_action  to the Speaker and to whom the Speaker communicates  their response. 	المحاوِر	المحاوِر	APPROVED
Mass_theme	2	Amassing	The collection of objects that ends up in the Recipient's possession.	الموضوع الكتلي	الموضوع الكتلي	APPROVED
Convict	2	Appeal	The Convict is the individual convicted of the crime who may make an appeal on her or his behalf.	المُدان	المُدان	APPROVED
Representative	2	Appeal	The Representative applies to a higher court on behalf of the Convict.	الممثِّل	الممثِّل	APPROVED
Decision	2	Appeal	The Decision is the ruling handed down by the first court.	القرار	القرار	APPROVED
Cook	2	Apply_heat	The Cook applies heat to the Food.'Drew sauteed the garlic in butter.' 	الطاهي	الطاهي	APPROVED
Heating_instrument	2	Apply_heat	This FE identifes the entity that  directly supplies heat to the Food.  'Jim browned the roast in the oven.'  This FE will take precedence over Container when b	أداة التسخين	أداة التسخين	APPROVED
Selector	2	Appointing	The Selector is responsible for the appointment of the new official.  Typically, it occurs as the External Argument of verbs.	المختار	المختار	APPROVED
Body	2	Appointing	A group of individuals who are elected or appointed to perform some function, and to which the Official is assigned.	الجسم	الجسم	APPROVED
Component	2	Artifact_subpart	An entity that is a part of an Artifact and serves a distinct Function.	المكوِّن	المكوِّن	APPROVED
Artist	2	Artistic_style	A person who creates an Artwork with a particular recognizable Form.	الفنان	الفنان	APPROVED
Proposition	2	Attributed_information	The information attributed to the Speaker or Text.  'Parents are present at and involved in the purchase or rental of games 83 percent of the time, according to	القضية المنطقية	القضية المنطقية	APPROVED
Paradigm	2	Awareness	This frame element identifies the Paradigm  which serves as the basis for the Cognizer's awareness. 'The formation of black holes should be understood in astrop	النموذج	النموذج	APPROVED
Opinion	2	Be_in_agreement_on_assessment	A state of affairs believed by the Cognizers.  'We agree that babies should not be dropped from helicopters.'	الرأي	الرأي	APPROVED
Total	2	Be_subset_of	The complex multi-part entity of which a constituent Part is specified.  'As a representative in Congress in the years 1783-85, Gerry numbered among those who h	المجموع الكلي	المجموع الكلي	APPROVED
New_member	2	Becoming_a_member	The New_member becomes a member of a (socially-defined) Group.  'Have you signed up for the new Medicare Prescription program?'	العضو الجديد	العضو الجديد	APPROVED
Distributor	2	Behind_the_scenes	Often (especially with film or television) the Production is advertised and transmitted to the audience by the Distributor. 'Even desperate producers would neve	الموزِّع	الموزِّع	APPROVED
Harmful_event	2	Being_at_risk	An action that may occur or a state which may hold which could result in the loss of or damage to the Asset.  'Our system ensures that information stored within	الحدث الضار	الحدث الضار	APPROVED
Child	2	Being_born	Child identifies the new self-motile creature.	الولد	الولد	APPROVED
Relatives	2	Being_born	The individuals that the Child is related to, including the male and female individuals that come together to produce a Child (the parents), as well those who a	الأقارب	الأقارب	APPROVED
Controlling_entity	2	Being_in_control	A thing or person whose behavior controls a Dependent_entity, Dependent_situation, or Dependent_variable.	الكيان المتحكِّم	الكيان المتحكِّم	APPROVED
Binding_principle	2	Being_in_effect	The Binding_principle is the law, contract, principle, or other (set of) obligations that is (or is not) operational.  'Once the treaty is in effect, US port au	المبدأ الملزِم	المبدأ الملزِم	APPROVED
Device	2	Being_in_operation	The Device or machine that is in or out of operation.  'Lights were on in the primary school '	الجهاز	الجهاز	APPROVED
Prisoner	2	Being_incarcerated	The Prisoner is held in custody as a punishment for having committed a crime.	السجين	السجين	APPROVED
Dependent_individual	2	Being_necessary	The individual who needs to have the Required_entity or for the Requirement state of affairs to obtain.  ' We ask you to obtain for us all that is necessary for	الفرد التابع	الفرد التابع	APPROVED
Liquid	2	Being_wet	The Liquid is a fluid or gas that permeates the Item.  It most frequently occurs in a PP Complement headed by with. 'The mop was drenched  with water.'	السائل	السائل	APPROVED
Competitors	2	Beyond_compare	The FE Competitors denotes the entities that are exceeded by the Standard with regard to the Variable.  'Hilary was unmatched by any politician in the country.'	المنافسون	المنافسون	APPROVED
Debtor	2	Billing	The person (or organization) that owes the Owed_party. 'The pizza man billed Lee $35 for his order.'	المدين	المدين	APPROVED
Organism	2	Biological_entity	An organic that has naturally occuring bioligical processes and functions.	الكائن الحي	الكائن الحي	APPROVED
Traveller	2	Board_vehicle	The Traveller is the entity which boards the Vehicle.  'At approximately 07:30 hours we emplaned in England and after circling to gather other units that made u	المسافر	المسافر	APPROVED
Attachment	2	Body_mark	The Attachment is the larger body part to which the Body_mark is attached, or of which it is a part. 'Mark has a cancerous mole on his back.' 'The warts of her 	التعلُّق	التعلُّق	APPROVED
Cognate_event	2	Body_movement	This FE identifies the event noun of the verb. 'He clapped his loudest clap'	الحدث المشتق	الحدث المشتق	APPROVED
Surface	2	Bounded_region	The region located outside of, but in contact with, the Ground.	السطح	السطح	APPROVED
Exterior	2	Bounded_region	The region which is not located inside or in contact with the Ground.	الخارج	الخارج	APPROVED
Constant_location	2	Bringing	The Constant_location expresses the location of the Theme relative to the Carrier.  This relationship holds for the entire length of the carrying event.  'Karl 	الموضع الثابت المعتاد	الموضع الثابت المعتاد	APPROVED
Relative_time	2	Calendric_unit	Relative_time is used for the word or words that locate the time with respect to an identifiable reference point.  'Jo's mother will visit  this coming Tuesday.	الزمن النسبي	الزمن النسبي	APPROVED
Salient_event	2	Calendric_unit	An event saliently associated with a particular calendric unit.  'Today was my school's cut day.'  'Republicans have indicated they plan to make Kerry's positio	الحدث البارز	الحدث البارز	APPROVED
Landmark_period	2	Calendric_unit	The time-expression that is used to establish when the Trajector_event occurred.  This FE, when present, always occurs on the second layer.  'Turn in your expen	الفترة المرجعية	الفترة المرجعية	APPROVED
Trajector_event	2	Calendric_unit	An event that is located by the Calendric_unit expression.  'Last November , they selected a new president .'  This FE is not to be used when a target of the Te	الحدث المتحرِّك	الحدث المتحرِّك	APPROVED
Undesirable_event	2	Catastrophe	The undesirable event which occurs.	الحدث غير المرغوب	الحدث غير المرغوب	APPROVED
Subregion_bodypart	2	Cause_bodily_experience	The Subregion_bodypart defines the precise location on the Body_part in which the experience occurs. 	المنطقة الفرعية من العضو	المنطقة الفرعية من العضو	APPROVED
Initial_value	2	Cause_change	The value that the Attribute has before the change takes place.  'My dad changed his hair color from red  to blue today.'	القيمة الابتدائية	القيمة الابتدائية	APPROVED
Initial_size	2	Cause_expansion	Initial_size is rarely expressed without Result_size also being explicit.  Initial_size generally occurs in a PP-from Complement.  'The glacier shrank from 1km 	الحجم الابتدائي	الحجم الابتدائي	APPROVED
Result_size	2	Cause_expansion	Result_size is typically expressed in a PP Complement headed by to.  'I  grow vegetables until they weigh 25 pounds.' 	الحجم الناتج	الحجم الناتج	APPROVED
Fluid	2	Cause_fluidic_motion	The entity that changes location and moves in a fluidic way. It is not necessarily in a liquid state but is construed that way.	المائع	المائع	APPROVED
Impactee	2	Cause_impact	The Impactee is the entity which is hit by the Impactor.  'What I want to know is who smacked my head with a 10-ton truck?' 'He slammed the lid down on the top 	المصدوم	المصدوم	APPROVED
Impactor	2	Cause_impact	The Impactor is the entity that hits the Impactee because of the Agent's efforts.  'Those hoodlums strike my car with water balloons every day!' 'Well, then he 	الصادم	الصادم	APPROVED
Impactors	2	Cause_impact	The Impactors are the multiple entities that collide.  'Mr. Addams likes to collide toy trains at high speed.'	الصادمون	الصادمون	APPROVED
Initial_number	2	Cause_proliferation_in_number	The initial number of entities in the Set.	العدد الابتدائي	العدد الابتدائي	APPROVED
Final_number	2	Cause_proliferation_in_number	The final number of entities in the Set.	العدد النهائي	العدد النهائي	APPROVED
Set	2	Cause_proliferation_in_number	The entity whose amount is being changed.	المجموعة الرياضية	المجموعة الرياضية	APPROVED
Temperature_change	2	Cause_temperature_change	The Temperature_change is the amount of difference between the intial and goal temperatures.	تغير الحرارة	تغير الحرارة	APPROVED
Resulting_action	2	Cause_to_experience	What the Agent intends to make the Experiencer do by causing a certain experience and the Experiencer actually does.	العمل الناتج	العمل الناتج	APPROVED
Project	2	Cause_to_make_progress	The object or idea that undergoes change due to the efforts of the Agent.  	المشروع	المشروع	APPROVED
Periodicity	2	Cause_to_move_in_place	The number of times the Theme returns to a state in a given duration. 'It turns at 1000 rpms.'	الدورية	الدورية	APPROVED
Bodypart_of_agent	2	Cause_to_move_in_place	This FE identifies the part of the Agent's body being used to manipulate the Theme.   'Kim twirled the glass in his fingers.'	عضو جسم العامل	عضو جسم العامل	APPROVED
Sleep_state	2	Cause_to_wake	This describes the state out of which the Sleeper is awakened.	حالة النوم	حالة النوم	APPROVED
Portal	2	Change_accessibility	The Agent may regulate access to the Useful_location by regulating access to a Portal, including a part of the portal that could block potential Themes, such as	المنفذ	المنفذ	APPROVED
Correlated_variable	2	Change_position_on_a_scale	The Correlated_variable is an ordered progression of positions or values (most often a sequence of spatial locations) that the (dependent) Attribute is measured	المتغير المترابط	المتغير المترابط	APPROVED
Value_range	2	Change_position_on_a_scale	A portion of the scale, typically identified by its end points, along which the values of the Attribute fluctuate.  'The patient's temperature fluctuated betwee	مدى القيم	مدى القيم	APPROVED
Initial_correlate	2	Change_position_on_a_scale	The value, location, or state-of-affairs that corresponds to the Initial_value of the Attribute.  'From Monterrey to southern Oregon, tree height increases stea	المرتبط الابتدائي	المرتبط الابتدائي	APPROVED
Final_correlate	2	Change_position_on_a_scale	The value, location, or state-of-affairs that corresponds to the Final_value of the Attribute.  'From Monterrey to southern Oregon, tree height increases steadi	المرتبط النهائي	المرتبط النهائي	APPROVED
Interlocutors	2	Chatting	The group of individuals involved in chatting.	المحاوِرون	المحاوِرون	APPROVED
Interlocutor_1	2	Chatting	The individual or individuals that form the more prominent (i.e. agentive) party of a conversation, as compared with Interlocutor_2. That is, Interlocutor_1 is 	المحاوِر 1	المحاوِر 1	APPROVED
Interlocutor_2	2	Chatting	The semantically (and grammatically) less prominent group of participants in a conversation.  It is generally encoded within a prepositional phrase (e.g. headed	المحاوِر 2	المحاوِر 2	APPROVED
Means_of_communication	2	Chatting	The device used by the Interlocutors to communicate.  'Don't get excited--after a short telephone chat with a broker, you 'll have your money.'	وسيلة التواصل	وسيلة التواصل	APPROVED
Possibilities	2	Choosing	A Cognizer makes a choice from among a set of Possibilities. Possibilities are commonly expressed via an oblique phrase which indicates the alternative or alter	الاحتمالات	الاحتمالات	APPROVED
Contrast	2	Choosing	The hypothetical Chosen that is less desirable for the Cognizer.	المقابلة	المقابلة	APPROVED
Fine	2	Citing	Fine is the monetary amount that the Defendant may pay in certain citation cases, instead of him or her having to appear in Court.   'Jason refused to pay the $	الغرامة	الغرامة	APPROVED
Executive_authority	2	Clemency	The constitutionally specified authority who has the power to grant clemency.  'Mr. Papa was granted clemency for a drug conviction by Mr. Pataki, and released 	السلطة التنفيذية	السلطة التنفيذية	APPROVED
Fastener	2	Closure	This FE identifies the fastener that the agent manipulates. 'Marcus tied his shoe with the neon-green shoelaces.'	المثبِّت	المثبِّت	APPROVED
Manipulator	2	Closure	This FE identifies the instrument or part of the body that manipulates  the Fastener. 'Lee unbuckled his belt  with one hand.' Note that this FE is syntacticall	المعالِج باليد	المعالِج باليد	APPROVED
Container_portal	2	Closure	This FE identifies the active zone of the container that may be expressed as the direct object of the target verb.   'We zipped the tent flap.' The sentence ref	منفذ الوعاء	منفذ الوعاء	APPROVED
Point_of_view	2	Cognitive_connection	The point of view from which the connection exists. 'Smoking is linked to cancer in his mind.'	زاوية النظر	زاوية النظر	APPROVED
Color	2	Color	A position in color-space, generally used to describe the quality of some Entity.	اللون	اللون	APPROVED
Initial_subevent	2	Come_into_effect	The Initial_subevent of the Binding_principle.  'In the morning, the newly decided law came into effect as the Senate chambers opened. .'	الحدث الفرعي الأول	الحدث الفرعي الأول	APPROVED
Relay	2	Commerce_sell	This FE indicates that the selling act constitues a re-selling by the current Seller of  Goods that they bought earlier from a third person who is not the Buyer	الناقل الوسيط	الناقل الوسيط	APPROVED
Amount_of_information	2	Communication	The amount of information exchanged when communication occurs. 'He never really fully communicated his intentions.'	مقدار المعلومات	مقدار المعلومات	APPROVED
Calculator	2	Commutative_process	An entity that uses the arithmetic operation.	الحاسب	الحاسب	APPROVED
Medical_condition	2	Condition_symptom_relation	A holistic description of the medical state of the Patient (or a part of the state of the Patient), which may or may not indicate the cause of a deviation from 	الحالة الطبية	الحالة الطبية	APPROVED
Symptom	2	Condition_symptom_relation	A deviation from normal function or feeling which is noticed by a Patient or physician, indicating the presence of a Medical_condition	العَرَض	العَرَض	APPROVED
Opposite_possibility	2	Conditional_scenario	The implicit situation that is mutually exclusive with the Profiled_possibility.	الاحتمال المقابل	الاحتمال المقابل	APPROVED
Anti_consequence	2	Conditional_scenario	The situation that follows as a result of the Opposite_possibility.	العاقبة المضادة	العاقبة المضادة	APPROVED
Emotional_state	2	Contrition	The FE Emotional_state is modified by an adjective  that indicates the Experiencer is contrite.  'Martha had a guilty conscience after selling inferior merchand	الحالة الانفعالية	الحالة الانفعالية	APPROVED
Controlled_entity	2	Controller_object	The entity which the Control controls. 'The radio knob was broken.'	الكيان المتحكَّم فيه	الكيان المتحكَّم فيه	APPROVED
Witness	2	Court_examination	A person who is present in a courtroom in order to give some form of evidence, has been sworn in, and is being examined by a Questioner. 'You have leave to exam	الشاهد	الشاهد	APPROVED
Practitioner	2	Craft	This Frame Element marks expressions that indicate whose Activity is at issue.  'The development and the elaboration of metal armour for protection in warfare a	الممارِس	الممارِس	APPROVED
Representation	2	Create_physical_artwork	The entity that is created to represent either iconically or abstractly.  'Most of us know where we took a photo but have a harder time remembering the time we 	التمثيل	التمثيل	APPROVED
Reference	2	Create_physical_artwork	A representation of the entity depicted which the Creator uses as a reference in the creation of the Representation. For instance, another piece of art, a photo	المرجع	المرجع	APPROVED
Incident	2	Criminal_investigation	The Investigator attempts to determine the exact circumstances surrounding the Incident, which is typically a criminal act (murder, robbery) or the result of su	الحادثة	الحادثة	APPROVED
Prosecution	2	Criminal_process	This FE identifies the attorney(s) prosecuting the Defendant.	الادعاء	الادعاء	APPROVED
Defense	2	Criminal_process	The Defense represents the interests of the Defendant.	الدفاع	الدفاع	APPROVED
Defender	2	Defending	This FE is the being or entity that responds forcefully to the Assailant's attack. 	المدافع	المدافع	APPROVED
Alterant	2	Degree_of_processing	The Alterant causes a change in the Material.	المغيِّر	المغيِّر	APPROVED
Deliverer	2	Delivery	This is the person who completes the movement of the Theme after having transported it.  'That afternoon, a staff courier delivered the box from St. Petersburg 	المسلِّم	المسلِّم	APPROVED
Allowed_category	2	Deny_or_grant_permission	"A category that the Action fits into, which dictates the Action's being permitted (in accord with some implicit Principle.)  'The transfer was sanctioned as a """	الصنف المسموح	الصنف المسموح	APPROVED
Journey	2	Departing	The Journey is the trip or expedition on which the Theme embarks. 'Mr. Burns departed on a hunting expedition.'	الرحلة	الرحلة	APPROVED
Purpose_of_event	2	Desiring	The Purpose_of_event is the purpose pertaining to the desired Event.  'I want that book for my test tomorrow.' 	غرض الحدث	غرض الحدث	APPROVED
Time_of_event	2	Desiring	The time that the Event would ideally occur. 'I want porridge tomorrow.'	زمن الحدث	زمن الحدث	APPROVED
Location_of_event	2	Desiring	The Location_of_event is the place involved in the desired Event.  'I want that box on top of the other one.' 'The prince wishes you here before matins.' 	موضع الحدث	موضع الحدث	APPROVED
Explosive	2	Detonate_explosive	The Explosive causes damage to surrounding objects when operated by the Agent.	المتفجِّر	المتفجِّر	APPROVED
Responder	2	Disaster_scenario	The individual or group that is responding to a disaster with directed action.  'The firefighters rushed toward the blaze.'	المستجيب	المستجيب	APPROVED
Amount_of_discussion	2	Discussion	Amount_of_discussion applies to phrases expressing how thoroughly a Topic has been discussed.  'This issue had been exhaustively discussed' 	مقدار النقاش	مقدار النقاش	APPROVED
Detonator	2	Distant_operated_IED	The person that wishes to attack the Target and who activates the Bomb.	الصاعق	الصاعق	APPROVED
Document	2	Documents	Document is the piece of paper that has the legal status. 'The police need a search warrant to enter his house.'	الوثيقة	الوثيقة	APPROVED
Original	2	Duplication	The Original is the entity which is copied. With verbs it is frequently expressed as an NP Object:'Pat photocopied the article.'	الأصل	الأصل	APPROVED
Copy	2	Duplication	The Copy produced by the Creator is frequently not expressed. However, when Copy does occur, it is usually expressed as the External Argument of verbs: 'The res	النسخة	النسخة	APPROVED
Characterization	2	Duplication	This FE designates the character of the medium in which a Copy is made. Usually, it is expressed as PP-in or AP. 'They sold a million copies in hardback.'  'Opp	التوصيف	التوصيف	APPROVED
Fidelity	2	Duplication	The way in which the Copy matches or does not match the Original. 'I made a half-size copy.'	الأمانة في النقل	الأمانة في النقل	APPROVED
Exerter	2	Dynamism	The Exerter which exerts an energy of the level specified by the target.   'More deadly and painful is the chemical weaponry of the camouflaged but lethargic st	الباذل	الباذل	APPROVED
Obstruction	2	Eclipse	The entity which blocks the Eclipsed entity from view.  'Wispy clouds shrouded the treetops.'	العائق	العائق	APPROVED
Teacher	2	Education_teaching	One who instructs a Student in some area of knowledge or skill.	المعلم	المعلم	APPROVED
Student	2	Education_teaching	One who is instructed by a Teacher in skills or knowledge.	المتعلم	المتعلم	APPROVED
Subject	2	Education_teaching	The area of knowledge or skill which is taught by a Teacher or to a Student.  'She's a French Teacher'	المادة الدراسية	المادة الدراسية	APPROVED
Level	2	Education_teaching	This FE identifies the Level of a student in his/her education. This is  distinct from the goal or qualification towards which a student is working (Qualificati	المستوى	المستوى	APPROVED
Qualification	2	Education_teaching	A formal Qualification such as an academic degree or a certificate for which a student is aiming.   'She's Studying for a Master's degree' 'She's an MA Student'	المؤهل	المؤهل	APPROVED
Skill	2	Education_teaching	An action which the Student is able to perform as a result of instruction.   'Taut with worry, Dad taught us how to drive. '	المهارة	المهارة	APPROVED
Fact	2	Education_teaching	A piece of information that the Student is informed of by the Teacher.  'When I was two she taught me that a quarter was 25 cents and a dime was 10 cents.'	الحقيقة	الحقيقة	APPROVED
Emission	2	Emanating	The Emissions are discharged out of the Source .	الانبعاث	الانبعاث	APPROVED
Emotion	2	Emotion_heat	The Emotion experienced (usually restricted to words such as anger, fury, rage, passion) can occur as the External Argument or in a PP Complement. Alternatively	الانفعال	الانفعال	APPROVED
Expression	2	Emotion_heat	The Expression is the words or behavior through which the Emotion is expressed. 'Anger boiled in every word she said.'	التعبير	التعبير	APPROVED
Estimation	2	Estimated_value	A proposition expressing the Cognizer's approximation of a feature's Value.  'One estimate was that eventually I had lost about 80% of my blood.' 	التقدير	التقدير	APPROVED
Profiled_item	2	Evaluative_comparison	In active sentences, the Profiled_item is the grammatically more prominent one of the items that are compared and realized as  the subject. .  'This PC stacks u	العنصر المبرَّز	العنصر المبرَّز	APPROVED
Standard_item	2	Evaluative_comparison	In active setnnces, the Standard_item is  the grammatically less prominent element, i.e. the object or an oblique.  ' This PC stacks up well against its competi	العنصر المعياري	العنصر المعياري	APPROVED
Standard_attribute	2	Evaluative_comparison	"The Standard_attribute is used when the standard is a specific value on  a scale. '  We equalled <fex name = ""Standard_attribute"">father's skills . '"	الصفة المعيارية	الصفة المعيارية	APPROVED
Profiled_attribute	2	Evaluative_comparison	The Profiled_attribute is a particular value on a scale which is being compared to a Standard_item or Profiled_attribute.	الصفة المبرَّزة	الصفة المبرَّزة	APPROVED
Domain_of_relevance	2	Evidence	This FE identifies the domain (usually, time or space) for which a given Proposition is true. 	مجال الاعتبار	مجال الاعتبار	APPROVED
Knowledge	2	Examination	The ability, practice, or command of information on which an Examinee is tested.  'I took my driving test.' 'Is there anything more odious than a History test s	المعرفة	المعرفة	APPROVED
Payer	2	Expensiveness	The person whose Asset is given up in order to achieve an Intended_event.  This FE is often expressed as INI.   'A holiday in Europe is very expensive for me.' 	الدافع	الدافع	APPROVED
Intended_perceiver	2	Facial_expression	An entity toward which the Expression is directed.	المُدرِك المقصود	المُدرِك المقصود	APPROVED
Work	2	Fields	A phase of a Practitioner's career that is spent engaged in an Activity.    'My most recent job was in the construction industry.'	العمل الفني	العمل الفني	APPROVED
Firefighter	2	Firefighting	The individual or group who respond(s) to the Fire.	الإطفائي	الإطفائي	APPROVED
Resource_controller	2	Frugality	The Resource_controller is the individual whose frugality or generosity is being described. Person typically occurs as the External Argument or, in some cases w	المتحكم في المورد	المتحكم في المورد	APPROVED
Fugitive	2	Fugitive	The Fugitive has escaped and/or is evading capture by law enforcement Authorities.  'Only two years earlier she had been on the lam from charges of embezzlement	الهارب	الهارب	APPROVED
Resultant_configuration	2	Go_into_shape	The Result is the shape the Theme becomes.  'It folded into a ball.'	التشكيل الناتج	التشكيل الناتج	APPROVED
Shape	2	Graph_shape	A pattern that can be recognized when the Data is represented on a Graph.	الهيئة	الهيئة	APPROVED
Data	2	Graph_shape	A (usually quantitative) abstraction of information being represented in some Shape on a Graph.	البيانات	البيانات	APPROVED
Misdeed	2	Guilt_or_innocence	The wrongful act which  the Accused was purportedly involved in.   'Cambridge woman says she's innocent of fraud. '  	الإساءة	الإساءة	APPROVED
Required_individual	2	Have_as_requirement	An individual that has to provide the Required_entity or to see to it that the Requirement state of affairs holds.  'It's a sport that demands everything of me.	الفرد المطلوب	الفرد المطلوب	APPROVED
End_time	2	History	The end of the span of time during which the Topic occurs. 	زمن النهاية	زمن النهاية	APPROVED
Start_time	2	History	The beginning of the time span over which the Topic occurs.  	زمن البداية	زمن البداية	APPROVED
Identity	2	Identity	The feature of each Instance that distinguishes it from all others.  Notionally, each Instance has a separate Identity, although in practice many Instances cann	الهوية	الهوية	APPROVED
Anchor	2	Immobilization	The Agent attaches the Patient to an Anchor, generally, an immobile object. Lisa handcuffed Mike to the refridgerator.	المرتكز	المرتكز	APPROVED
Interested_party	2	Importance	Interested_party identifies the people who are affected by a particular Factor.  ' Being sure they are buying fresh food is important to most people.'	الطرف المعني	الطرف المعني	APPROVED
Impression	2	Impression	A generalized conception of a Figure presented to or shared by an Audience.	الانطباع	الانطباع	APPROVED
Wielder	2	Improvised_explosive_device	The person that wishes to attack the Target and who controls (directly or indirectly) the detonation of the Bomb.	المستعمِل للأداة	المستعمِل للأداة	APPROVED
Ingestor	2	Ingest_substance	The Ingestor ingests the Substance.	المتناوِل	المتناوِل	APPROVED
Inspector	2	Inspecting	The person who inspects the Ground to see if it is intact or without blemish.  'Smithers proof-read my paper on phlogiston production.'	المفتِّش	المفتِّش	APPROVED
Unwanted_entity	2	Inspecting	An entity whose presence would impair the acceptability or usefulness of the Ground.  'Security guards frisked all the spectators for weapons as they entered th	الكيان غير المرغوب	الكيان غير المرغوب	APPROVED
Intoxicant	2	Intoxicants	"The Intoxicant is ingested. ' We smoke  <fex name = ""Intoxicant"">marijuana every day.' "	المُسكِر	المُسكِر	APPROVED
Invader	2	Invading	The army or other self-directed entity that is entering the Land in a hostile manner.  'Indeed , three months later Hitler invaded Austria.'  	الغازي	الغازي	APPROVED
Conflict	2	Irregular_combatants	The Conflict in which the Combatants are fighting.  'Some call him a holy war fighter and martyr.'	النزاع	النزاع	APPROVED
Rope	2	Knot_creation_scenario	The basically linear object which is manipulated by the Agent to produce a Knot.  'He tied an electrical cable around the trunk and his neck before hanging hims	الحبل	الحبل	APPROVED
Leader	2	Leadership	The Leader is the one who has the role of leading.  With verbs, and with predicate nominals linking an individual to a Role, the Leader is usually the External 	القائد	القائد	APPROVED
Reliability	2	Leaving_traces	Any description of how clearly the Evidence indicates the former Event.	الموثوقية	الموثوقية	APPROVED
Remainder	2	Left_to_do	The mass or group that has not yet been processed.  'In this case everyone should be informed by word of mouth to contact the person holding the list to find ou	الباقي	الباقي	APPROVED
Finding	2	Legal_rulings	This FE identifies the outcome of the Authority's deliberation or consideration.  'Miss Mahmod's father ruled that she would never marry him.'	النتيجة المكتشفة	النتيجة المكتشفة	APPROVED
Code	2	Legality	The Code is the set of rules, laws or regulations that determine whether the Action is allowed or prohibited.	الشفرة	الشفرة	APPROVED
Hypothetical_event	2	Likelihood	The state of affairs or occurrence whose likelihood is assessed. 'Rain is fairly unlikely today, I think.'	الحدث الافتراضي	الحدث الافتراضي	APPROVED
Lodger	2	Lodging_scenario	The Lodger is the individual who is given permission to lodge in the Residence.	النزيل	النزيل	APPROVED
Residence	2	Lodging_scenario	The location controlled by the Host which the Lodger stays at temporarily.	محل الإقامة	محل الإقامة	APPROVED
Sound	2	Make_noise	The frame element Sound is incorporated in the meaning of the verbs of this frame. Otherwise, this FE is assigned to NPs which actually refer to a sound in the 	الصوت	الصوت	APPROVED
Noisy_event	2	Make_noise	An event in which one or more Sound_sources participate and which is accompanied by Sound.   'The conversations droned on'	الحدث الصاخب	الحدث الصاخب	APPROVED
Loyal_side	2	Member_of_military	The Person belongs to the military of the Loyal_side.	الجانب الموالَى	الجانب الموالَى	APPROVED
Military_organization	2	Member_of_military	The military organization to which the Person belongs.  'Hundreds of US Navy sailors will be returning home soon.'	التنظيم العسكري	التنظيم العسكري	APPROVED
Pattern	2	Memorization	The phenomenon that the Cognizer observes and commits to memory.  'Impress your friends by memorizing your phone numbers and throwing away your PDA! '	النمط	النمط	APPROVED
Element	2	Nuclear_process	A substance definable in terms of the kind(s) of atoms that make it up. 	العنصر الأساسي	العنصر الأساسي	APPROVED
Punishment	2	Offenses	This FE denotes the Punishment that is specified by the statute in which the offense is defined. 'Suicide is a felony punishable by four years in prison.'	العقوبة	العقوبة	APPROVED
Simulated_entity	2	Passing_off	The Simulated_entity is a particular individual or a token of a particular type that the Item is represented as.  'The colleague who stole your idea and passed 	الكيان المحاكى	الكيان المحاكى	APPROVED
Length	2	Path_traveled	The Length is the distance the Path extends.  'The bolt traveled smoothly in its short path through the air to Santa.'	الطول	الطول	APPROVED
Obscuring_medium	2	Perception_active	The Obscuring_medium is the medium through which the Phenomenon makes itself perceivable to the Perceiver_agentive.  This is similar to the Direction, but occur	الوسط الحاجب	الوسط الحاجب	APPROVED
Performance	2	Performers_and_roles	The Performers generates the Performance which  the Audience perceives.	الأداء	الأداء	APPROVED
Script	2	Performers_and_roles	The (usually written) directions which instruct the Performers on what actions to perform, when, and how.  It has many different names depending on the Type of 	النص المكتوب للأداء	النص المكتوب للأداء	APPROVED
Accuracy	2	Predicting	This FE indicates the Accuracy of the prediction. 'Compary president Randall Johnson predicted correctly that a major reworking of infrastructure would be neces	الدقة	الدقة	APPROVED
Potential_hindrance	2	Prevent_or_allow_possession	The Potential_hindrance is the force which keeps the Event from happening, or does not prevent it.  'Israeli law effectively deprived the owners of their homes 	العائق المحتمل	العائق المحتمل	APPROVED
Developer	2	Product_development	The person who develops the Product.  'Elsa developed a new line of facial products.'  	المطوِّر	المطوِّر	APPROVED
Mass	2	Proportional_quantity	A substance that is being quantified. 	الكتلة	الكتلة	APPROVED
Q_prop	2	Proportional_quantity	A property of the Denoted_quantity.  	خاصية الكمية	خاصية الكمية	APPROVED
Side	2	Protest	The party or individual (generally associated with a particular position on an Issue) that the Protester sides with.  'Violent protests against the government a	الجانب	الجانب	APPROVED
Proposal	2	Ratification	The idea or course of action proposed by another individual or body which the Ratifier endorses and makes binding.  'President Aleksander Kwasniewski ratified p	المقترح	المقترح	APPROVED
Reader	2	Reading_activity	The one who examines a Text to understand it.	القارئ	القارئ	APPROVED
Current_leadership	2	Rebellion	The people currently in power, whom the Rebels attempt to overthrow.  'It was the first time that a man of such high rank had been put to death for rebellion ag	القيادة الحالية	القيادة الحالية	APPROVED
Current_order	2	Rebellion	The currently-existing system of authority or government.  'At the time they were in rebellion against the Catholic government.'	النظام الحالي	النظام الحالي	APPROVED
Mode_of_transfer	2	Receiving	The system whereby the Theme travels (literally or metaphorically) so that the Recipient comes into possession of the Theme.  'I received it by e-mail.'	نمط النقل الملكي	نمط النقل الملكي	APPROVED
Relation_type	2	Relation	A characterization of the relation that determines what model is active for further reasoning.  'There is a kinship relation between them .'  	نوع العلاقة	نوع العلاقة	APPROVED
Benefit	2	Reliance	An action or state that the Means action brings about and from which the Protagonist profits.  'He still relies on me to do the head work'	المنفعة	المنفعة	APPROVED
Lessee	2	Renting	The individual that gains temporary use of the Goods by paying the Lessor  'We 've been renting from him for years .'	المستأجر	المستأجر	APPROVED
Lessor	2	Renting	The individual who has permanent ownership of the Goods and allows them to be used by the Lessee temporarily.  'Kim and Pat rent the apartment from Jess. '	المؤجِّر	المؤجِّر	APPROVED
Injury	2	Reparation	The Injury is the injurious action that  the Wrongdoer committed against the Injured_party.  Although conceptually present, this FE need not always be realized.	الإصابة	الإصابة	APPROVED
New	2	Replacing	The New entity is the person or thing that the Agent sets to fill a Role.  'I don't know; perhaps you could substitute regular sugar.'	الجديد	الجديد	APPROVED
Old	2	Replacing	"The entity that formerly occupied the position.  'If you substitute a 15"" arm for the 50cm one, it works pretty well.' 'Please replace the broken fixture as soo"	القديم	القديم	APPROVED
Responding_entity	2	Response	A non-agentive entity that is impinged upon by a Trigger event to which they respond.  'This plastic responds well to pressure.'	الكيان المستجيب	الكيان المستجيب	APPROVED
Sender	2	Sending	This is the person who initiates the movement of the Theme and, unlike Carrying, does not accompany it.	المرسِل	المرسِل	APPROVED
Transport_means	2	Sending	The mode of sending employed. I shipped the crops by bigrig .	وسيلة النقل	وسيلة النقل	APPROVED
Component_entities	2	Set_of_interrelated_entities	The entities that function together as a unit.   'How could consciousness arise in a system of matter?'	الكيانات المكوِّنة	الكيانات المكوِّنة	APPROVED
Complex	2	Set_of_interrelated_entities	The unit formed by the Component_entities.  'An open system is any distinct entity -- a cell, a person, a forest, or an orchestra organization -- that takes in 	المركَّب	المركَّب	APPROVED
Flame	2	Setting_back_burn	The Flame is what is created by the Firefighter. 	اللهب	اللهب	APPROVED
Projectile	2	Shoot_projectiles	The entity whose rapid, dangerous motion is caused by the Agent and/or Firearm.	القذيفة	القذيفة	APPROVED
Agreement	2	Sign_agreement	The document which encodes the commitment of the Signatory.  'I signed the contract and now the dealership claims they made a mistake, quoted the price too low 	الاتفاق	الاتفاق	APPROVED
Term	2	Simple_name	The linguistic sign that is used for referring to a type of Entity.  'The French term for this is rime pauvre or rime faible.'	المصطلح	المصطلح	APPROVED
Parent_organization	2	Team	The broader organization (if any) that members of a team belong to.  'A team from the American Nutrition Council issued their report today .'	المنظمة الأم	المنظمة الأم	APPROVED
Transferors	2	Transfer	The Donor and Recipient conceived of as a unit.	الناقلون	الناقلون	APPROVED
Heat_source	1	Absorb_heat	This FE identifies the object that directly supplies heat to the Entity.  'Food was placed to sizzle on the barbecue .'</def-root >	مصدر الحرارة	مصدر الحرارة	APPROVED
Abuser	1	Abusing	The Abuser subjects the Victim to repeated verbal, physical, emotional or sexual attacks. 'Fred abused Martha by locking her into a closet .'	المُسيء بالإدمان	المُسيء بالإدمان	APPROVED
Accoutrement	1	Accoutrements	This FE identifies  the Accoutrement. 'She wore a tiara.'	العُدَّة	العُدَّة	APPROVED
Target_value	1	Accuracy	The value or values for a parameter that match the Agent's intent. 	القيمة المستهدفة	القيمة المستهدفة	APPROVED
New_idea	1	Achieving_first	The New_idea is a concept not previously present in society which the Cognizer introduces.	الفكرة الجديدة	الفكرة الجديدة	APPROVED
Addict	1	Addiction	The Addict is physiologically or psychologically dependent on a substance or a behavior.	المدمن	المدمن	APPROVED
Addictant	1	Addiction	Addictant is the substance or behavior to which the Addict is dependent.'Pat defeated her heroin addiction.'	مادة الإدمان	مادة الإدمان	APPROVED
Specified_entity	1	Adducing	The entity that the Speaker identifies as filling a particular Role.  'Reilly pointed to the high labor costs as the main reason for the decision to close down 	الكيان المحدَّد	الكيان المحدَّد	APPROVED
Proposed_action	1	Agree_or_refuse_to_act	The Proposed_action is an action that the Speaker would perform if they were to accept or refuse the request or offer.	العمل المقترح	العمل المقترح	APPROVED
Agriculturist	1	Agriculture	The Agriculturist is the agent cultivating Food.	المزارع	المزارع	APPROVED
Targeted	1	Aiming	The Targeted is the entity located in an indirectly accessible location relative to the Agent.  'I tried to target his left thigh .'	المستهدَف	المستهدَف	APPROVED
Alignment_match	1	Alignment_image_schema	A region of space oriented the same as the Ground.	تطابق المحاذاة	تطابق المحاذاة	APPROVED
Alignment_mismatch	1	Alignment_image_schema	A region oriented approximately perpendicular to the Ground	تنافر المحاذاة	تنافر المحاذاة	APPROVED
Alliance	1	Alliance	The entity of which the individuals are Members.	التحالف	التحالف	APPROVED
Member_1	1	Alliance	That group or individual which has joined the Alliance which is grammatically more prominent when the Members are presented separately.  'Our alliance with Japa	العضو 1	العضو 1	APPROVED
Member_2	1	Alliance	That group or individual which has joined the Alliance which is grammatically less  prominent when the Members are presented separately.  'Thanks in part to the	العضو 2	العضو 2	APPROVED
Number_of_possibilities	1	Alternatives	The number of different future Events under consideration.  'There are two possibilities.'	عدد الاحتمالات	عدد الاحتمالات	APPROVED
Profiled_alternative	1	Alternativity	A situation that cannot be true at the same time as the Contrasting_alternative.	البديل المبرَّز	البديل المبرَّز	APPROVED
Contrasting_alternative	1	Alternativity	A situation that cannot be true at the same time as the Profiled_alternative.	البديل المقابل	البديل المقابل	APPROVED
Weather	1	Ambient_temperature	The meteorological conditions which determine the ambient temperature of a locale.  'We get warmer weather this time of year.'	الطقس	الطقس	APPROVED
Ammunition	1	Ammunition	This FE identifies the Ammunition that is designed to have a particular Use.	الذخيرة	الذخيرة	APPROVED
Animal	1	Animals	The living organism belonging to the kingdom Animalia.  'Did you see that bird in the tree?'	الحيوان	الحيوان	APPROVED
Temperature_setting	1	Apply_heat	This FE identifies the Temperature_setting of the Heating_instrument for the Food.  'He baked the cookies at 350 degrees for 11 minutes.' 'She microwaved the po	ضبط الحرارة	ضبط الحرارة	APPROVED
Official	1	Appointing	The Official is a person appointed to a recognized position.	المسؤول الرسمي	المسؤول الرسمي	APPROVED
Armor	1	Armor	The Armor prevents the Asset from coming to harm.  'Metal armor was so heavy that sometimes knights found it difficult to move.'	الدرع	الدرع	APPROVED
Source_of_legal_authority	1	Arrest	"The Source_of_legal_authority describe the law which grants the power of arrest to the Authorities. 'The policeman arrested him under the ""suspected loitering w"	مصدر السلطة القانونية	مصدر السلطة القانونية	APPROVED
Reference_category	1	Artificiality	The type relative to which the Entity is evaluated.	الصنف المرجعي	الصنف المرجعي	APPROVED
Artwork	1	Artistic_style	A created artifact that is created by an Artist and has a unique Form as perceived by some judge.	العمل الفني المصنوع	العمل الفني المصنوع	APPROVED
Assessor	1	Assessing	The sentient entity that evaluates the Phenomenon.	المقدِّر	المقدِّر	APPROVED
Method	1	Assessing	An event or procedure that allows the Assessor to evaluate the Phenomenon.  'The study evaluated the risk of a major quake.'	الطريقة	الطريقة	APPROVED
Station	1	Assigned_location	The locale where the Entity is supposed to be.  It is typically the designation of the nouns of Locale-derived frames.  'Get back to your station, soldier!.'	المحطة	المحطة	APPROVED
Benefited_party	1	Assistance	The Benefited_party receives a benefit from the action of the Helper.	الطرف المنتفع	الطرف المنتفع	APPROVED
Helper	1	Assistance	The Helper performs some action that benefits the Benefited_party.	المساعد	المساعد	APPROVED
Wrong	1	Atonement	Wrong identifies the act committed by the Agent for which Amends are made.  'Smithers is atoning for his misspent youth.'	الظلم	الظلم	APPROVED
Amends	1	Atonement	Amends marks expressions that indicate what the Agent does to compensate for the Wrong that was committed.  'He atoned for his sin with good works. '	التعويض عن الإساءة	التعويض عن الإساءة	APPROVED
Effort	1	Attempt	This FE identifies the effort expended in an attempt.	الجهد	الجهد	APPROVED
Seeker	1	Attempt_obtain_food_scenario	The Seeker is the agent hoping to obtain Food.	الباحث	الباحث	APPROVED
Mineral	1	Attempt_obtain_mineral_scenario	The valuable resource which the Agent attempts to acquire.	المعدن	المعدن	APPROVED
Address_term	1	Attention_getting	This FE identifies the Address_term as used to get someone's attention, and may be a proper name. 'Boy, come over here right now!' 'Billy, come over here right 	لفظ النداء	لفظ النداء	APPROVED
Interjection	1	Attention_getting	Interjection identifies the attention getting element. 'Hey, boy, come over here now!'	لفظ التعجب	لفظ التعجب	APPROVED
Attitude	1	Attitude_description	The outlook or viewpoint expressed by the Cognizer.  'Michelle had a somewhat negative outlook on the direction her life was heading.'	الموقف النفسي	الموقف النفسي	APPROVED
Undesirable_situation	1	Avoiding	This FE identifies the situation that the Agent avoids. 'Mike avoided his supervisor at all costs.' 	الوضع غير المرغوب	الوضع غير المرغوب	APPROVED
Cognizers	1	Be_in_agreement_on_assessment	This FE marks constituents that express the set of Cognizers whose similarity of opinion is at issue.   	المُدرِكون	المُدرِكون	APPROVED
Cognizer_1	1	Be_in_agreement_on_assessment	When there is an asymmetry, Cognizer_1 is the individual characterized by their similarity in opinion to Cognizer_2, whose opinion is assumed to be known.  Cogn	المُدرِك 1	المُدرِك 1	APPROVED
Cognizer_2	1	Be_in_agreement_on_assessment	When the Cognizers are expressed separately, Cognizer_2 is the one whose opinion is assumed to be known; it serves as a basis for establishing the opinion of Co	المُدرِك 2	المُدرِك 2	APPROVED
Winner	1	Beat_opponent	The individual or individuals who beat the Loser.	الفائز	الفائز	APPROVED
Loser	1	Beat_opponent	The individual or individuals that get beat by the Winner.	الخاسر	الخاسر	APPROVED
Production	1	Behind_the_scenes	"The Production is the final product put out by the off-stage (and on-stage) participants. 'Ralph Smith produced the off-Broadway hit ""Why Is My Name Ralph?"".'"	الإنتاج	الإنتاج	APPROVED
Studio	1	Behind_the_scenes	This FE indicates the particular orgainzaion that makes the Production. 'The latest performance produced by The Umbrella Thesbians was a major hit in France.' '	الاستوديو	الاستوديو	APPROVED
Nationality	1	Behind_the_scenes	This FE indicates the Nationality, ethnicity, or primary working location of the Artist. 'Several Canadian directors have received attention from critics in rec	الجنسية	الجنسية	APPROVED
Scene	1	Behind_the_scenes	A Scene is a sub-part of a larger production.  In film, scenes are sometimes recorded independently, and later edited into the final movie.	المشهد	المشهد	APPROVED
Obligated_party	1	Being_in_effect	The individual or group who is obligated to follow the Binding_principle.  'This statute is in effect for holders of H-1 visas until January.'	الطرف الملتزِم	الطرف الملتزِم	APPROVED
Etymological_root	1	Being_named	The source language or inspiration for the Name.  'His name in Spanish is 'Santiago', from the Latin.' 	الأصل الاشتقاقي	الأصل الاشتقاقي	APPROVED
Social_actor	1	Being_questionable	An individual that is suspected of wrongdoing because of the Behavior.	الفاعل الاجتماعي	الفاعل الاجتماعي	APPROVED
Owed_party	1	Billing	The Owed_party expects a specific amount of Money from the Debtor, either because the Debtor received Goods or because the Debtor performed a Bad_action against	الطرف الدائن	الطرف الدائن	APPROVED
Billing_authority	1	Billing	The individual who communicates to the Debtor the Money that they owe.	جهة الفوترة	جهة الفوترة	APPROVED
Payment_status	1	Billing	Describes the relation between the invoice and the associated payment: unpaid, paid, overdue, etc.	حالة السداد	حالة السداد	APPROVED
Bad_action	1	Billing	An earlier action by the Debtor causing harm (directly or indirectly) to the Owed_party, for which the Owed_party expects compensation, and therefore bills the 	العمل السيئ	العمل السيئ	APPROVED
Systemic_effect	1	Biological_mechanisms	The biological entity that is affected by the Trigger.	الأثر النُّظُمي	الأثر النُّظُمي	APPROVED
Decorated_individual	1	Body_decoration	This is the individual whose body is decorated. 'Abby rarely wears lipstick.'	الفرد المزيَّن	الفرد المزيَّن	APPROVED
Decoration	1	Body_decoration	Decoration is the decorative item that adorns the body. 'Abby has a tattoo on her thigh.'	الزينة	الزينة	APPROVED
Decoration_descriptor	1	Body_decoration	Dec_desc identifies a descriptor of the Decoration. 'Abby wears red lipstick.'	واصف الزينة	واصف الزينة	APPROVED
Picture	1	Body_decoration	This is the frame element that describes what shape the Decoration represents. 'Abby has a tattoo of a rose on her thigh.' 	الصورة المرسومة	الصورة المرسومة	APPROVED
Body_mark	1	Body_mark	This FE identifies  the Body_mark.  'Mark has a cancerous mole on his back.'	علامة الجسم	علامة الجسم	APPROVED
Orientational_location	1	Body_parts	This Frame Element describes the location of the Body_part with respect to the inherent orientation of the body (or the larger body part) the Body_part is attac	الموضع التوجيهي	الموضع التوجيهي	APPROVED
Financial_instrument	1	Bond_maturation	The bond, insurance, or debt security which a Holder buys from an Issuer.  'West Shore Railroad bonds never mature.'	الأداة المالية	الأداة المالية	APPROVED
Holder	1	Bond_maturation	The entity which owns the Financial_instrument and is owed money from the Issuer.	الحائز	الحائز	APPROVED
Interest	1	Bond_maturation	The growth rate on the Principle that results in the final Value of the Financial_instrument.	الفائدة	الفائدة	APPROVED
Means_of_transfer	1	Borrowing	The means by which the transfer of the Theme took place.  'I borrowed money from my dad via Western Union.'	وسيلة التحويل	وسيلة التحويل	APPROVED
Bounded_area	1	Bounded_entity	This FE identifies a stable Bounded_area.  It typically serves as the denotation of nouns.	المنطقة المحدودة	المنطقة المحدودة	APPROVED
Air	1	Breathing	Air is the substance that the Agent causes to move. 'Lee breathed the hot desert air.'	الهواء	الهواء	APPROVED
Building_part	1	Building_subparts	The place or area specified inside a structure.  The Building_part of the Whole. 'She works in the cancer ward of the local hospital.'	جزء المبنى	جزء المبنى	APPROVED
Building	1	Buildings	The entity built by the Builder which has some Function.	المبنى	المبنى	APPROVED
Proprietor	1	Businesses	Proprietor is the owner or chief participant in the business.  'I worked in Goldberg's legal practice .' 'I didn't want to go into the family business.'	صاحب المحل	صاحب المحل	APPROVED
Business	1	Businesses	Business identifies the company or establishment. This may be the target itself or the Business_Name if it is an appositive not set off with commas (i.e. restri	المنشأة التجارية	المنشأة التجارية	APPROVED
Business_name	1	Businesses	The name of the Business when it appears in an appositive set off by commas (non-restrictive): 'My clothing company, Togs, is doing well.' 	اسم المنشأة	اسم المنشأة	APPROVED
Service_provider	1	Businesses	When a Business is described in terms of the professionals who work to produce the product or service, use Service_provider. ' John works as an office assistant	مقدِّم الخدمة	مقدِّم الخدمة	APPROVED
Cache	1	Cache	This FE denotes the Cache of Resources.  'She concealed her cache of sweets under her sweater.'	المخبأ	المخبأ	APPROVED
Stock	1	Capital_stock	The investment that a Shareholder makes into a business, differing from property and assets.	السهم	السهم	APPROVED
Shareholder	1	Capital_stock	The creditor that has invested into a business by purchasing some Type of its Stock.	المساهم	المساهم	APPROVED
Amount	1	Capital_stock	The Amount is the number of shares, though any measure prase will suffice.  'I have ten shares in Google.' 'Berkshire Hathaway bought majority shares in IBM tod	المقدار	المقدار	APPROVED
Number	1	Cardinal_numbers	This FE identifies the Number. 'JP has almost one million dollars.'	الرقم	الرقم	APPROVED
Precision	1	Cardinal_numbers	This FE identifies the Precision to which an Entity approximates a Number. 'About thirty cases are known.' In the case where a number is modified by a Multiplie	الضبط	الضبط	APPROVED
Multiplier	1	Cardinal_numbers	How many times larger the group of Entitys is than the base Number. 'Four score and seven years ago, our forefathers set forth blah blah blah.'	المضاعِف	المضاعِف	APPROVED
Composite_number	1	Cardinal_numbers	The total number of instances of the Entity.  This FE should be used when more basic number expressions are used together to form a Composite_number whose value	العدد المركب	العدد المركب	APPROVED
Affected	1	Causation	Agents in a joint or reciprocal action (e.g. exchange)	المتأثَّر	المتأثَّر	APPROVED
Averted_situation	1	Causation_scenario	The situation that would be the case if the Cause event did not occur or the Cause state were not the case.	الوضع المتجنَّب	الوضع المتجنَّب	APPROVED
Change_agent	1	Cause_change_of_consistency	The Change_agent is the substance used to change the consistency of the Patient.	عامل التغيير	عامل التغيير	APPROVED
Value_1	1	Cause_change_of_position_on_a_scale	The initial value of the entity (Item) along the scale.	القيمة 1	القيمة 1	APPROVED
Value_2	1	Cause_change_of_position_on_a_scale	The final position on the scale that the entity (Item) assumes.	القيمة 2	القيمة 2	APPROVED
Elapsed_time	1	Cause_expansion	The Elapsed_time is the amonut of time in which the change occurs. 'The sun would shrink to a point in a matter of minutes.'	الزمن المنقضي	الزمن المنقضي	APPROVED
Temperature_goal	1	Cause_temperature_change	The Temperature_goal is the temperature to which the Agent is heating or cooling the Item.  'Heat the syrup to 180 degrees.'	الحرارة المستهدفة	الحرارة المستهدفة	APPROVED
Temperature_start	1	Cause_temperature_change	Temperature_start is the initial temperature of the Item.  'Heat the sugar water mixture from room temperature until it reaches 180 degrees.'	حرارة البدء	حرارة البدء	APPROVED
Hot_Cold_source	1	Cause_temperature_change	The Hot_Cold_source is the source of the heat or coolness.  'We chilled the drinks on ice.'	مصدر الحرارة أو البرودة	مصدر الحرارة أو البرودة	APPROVED
Dryee	1	Cause_to_be_dry	The Dryee is the entity which has the water removed from it. 'Michael dehydrated the apples.' 'Abby dried out the room with a dehumidifier.'	المجفَّف	المجفَّف	APPROVED
Existing_member	1	Cause_to_be_included	Something that is already a member of the Group and represents the Group as a whole.	العضو القائم	العضو القائم	APPROVED
Whole_patient	1	Cause_to_fragment	The entity which is destroyed by the Agent and that ends up broken into Pieces. 'Shattering someone's confidence is a little different than shattering a dish.'	المتأثِّر الكلي	المتأثِّر الكلي	APPROVED
Sound_maker	1	Cause_to_make_noise	The entity that produces the Noise, as a result of the action of the Agent.	مُصدِر الصوت	مُصدِر الصوت	APPROVED
Hiatus	1	Cause_to_resume	The period of time during which the process is suspended. 'The two countries revived diplomatic relations after a lull of five years.'	الانقطاع	الانقطاع	APPROVED
New_duration	1	Change_event_duration	The new duration of the Event.  'Don't let him prolong the discussion to an absurd length.'	المدة الجديدة	المدة الجديدة	APPROVED
Initial_duration	1	Change_event_duration	The planned duration of the Event before the change takes place.  'Harsh weather combined made it necessary to cut the tour short from its original four months 	المدة الابتدائية	المدة الابتدائية	APPROVED
Destination_event	1	Change_event_time	The Destination_event is the occasion which the timing of the Event occurs with respect to.  'Consumers should postpone purchasing a new car until their credit 	الحدث الغاية	الحدث الغاية	APPROVED
Destination_time	1	Change_event_time	The Destination_time is the time at which the Event actually occurs. 'The king is postponing the festival until July.'	الزمن الغاية	الزمن الغاية	APPROVED
Landmark_time	1	Change_event_time	The Landmark_time is when the Event was originally intended to take place. 'The driving test was postponed from July to September.'	الزمن المرجعي	الزمن المرجعي	APPROVED
Old_leader	1	Change_of_leadership	With words denoting removal (or attempted removal) from office of a leader, the Old_leader is typically the direct object of verbs, or occurs in a PP Complement	القائد السابق	القائد السابق	APPROVED
New_leader	1	Change_of_leadership	With words denoting appointment to a position, the New_leader is typically the object of verbs.  'The president appoints the prime minister.'	القائد الجديد	القائد الجديد	APPROVED
Old_order	1	Change_of_leadership	The FE Old_order identifies the political order that existed before the change of leadership occurs. 'The rebels overthrew the dictatorship.'	النظام السابق	النظام السابق	APPROVED
Initial_temperature	1	Change_of_temperature	The temperature that the Item has prior to the event.	الحرارة الابتدائية	الحرارة الابتدائية	APPROVED
Final_temperature	1	Change_of_temperature	The temperature of the Item after the event.	الحرارة النهائية	الحرارة النهائية	APPROVED
Attack	1	Change_resistance	This FE describes the literal or figurative Attack that the Agent is strengthening the Patient for.	الهجوم	الهجوم	APPROVED
Tools	1	Change_tool	The entities controlled by an Agent to achieve some Purpose.	الأدوات	الأدوات	APPROVED
Old_tool	1	Change_tool	The tool that the Agent had been using.	الأداة القديمة	الأداة القديمة	APPROVED
New_tool	1	Change_tool	The tool that the Agent ends up using.	الأداة الجديدة	الأداة الجديدة	APPROVED
Perceptual_source	1	Chemical-sense_description	Perceptual_source is used for the entity that is being described. A recipe can stand in for a Perceptual_source which is a kind of food. 	المصدر الإدراكي	المصدر الإدراكي	APPROVED
Sensory_attribute	1	Chemical-sense_description	Sensory_attribute is used for words that describe the perception itself.   'The almonds had a bitter  taste.' 'The coffee had a pungent smell.'	الصفة الحسية	الصفة الحسية	APPROVED
Chemical_entity	1	Chemical_potency	The entity for which potency is being evaluated.  	الكيان الكيميائي	الكيان الكيميائي	APPROVED
Chosen	1	Choosing	Chosen identifies the entity or course of action which is selected from among the Possibilities. 'I decided to give it another try.' 'We have to pick a colour f	المختار عليه	المختار عليه	APPROVED
Larger_purpose	1	Choosing	This FE identifies the Larger_purpose for which the Cognizer chooses. It exemplifies what the Cognizer hopes to accomplish by choosing the particular Chosen. 'M	الغرض الأوسع	الغرض الأوسع	APPROVED
Claimant	1	Claim_ownership	The Claimant asserts rights or priviliges, typically ownership, over some Property. 'The king ordered the envoy to claim the land accross the river.'	المدَّعي	المدَّعي	APPROVED
Containing_object	1	Closure	This FE identifies the item that is closed by the agent with the fastener. Lee buttoned his coat.	الشيء الحاوي	الشيء الحاوي	APPROVED
Enclosed_region	1	Closure	This FE identifies the region enclosed by the container-object that is closed. 'Harry buckled his belt around his ample waist.' 'Jeremy  buttoned the shirt arou	المنطقة المحصورة	المنطقة المحصورة	APPROVED
Garment	1	Clothing	This FE identifes the clothing worn.  'Mike wore a new leather jacket.'	الثوب	الثوب	APPROVED
Participant1	1	Co-association	The profiled member of a co-association relationship.	المشارك 1	المشارك 1	APPROVED
Participant2	1	Co-association	The backgrounded member(s) of a Co-association relationship.	المشارك 2	المشارك 2	APPROVED
Colonists	1	Colonization	A group of people who move together to an area outside their Homeland for the purpose of settling.  'Spain settled the northern areas of Mexico through the use 	المستعمِرون	المستعمِرون	APPROVED
Homeland	1	Colonization	The Homeland is where the Colonists are originally from.	الوطن الأصلي	الوطن الأصلي	APPROVED
New_area	1	Colonization	The Colonists move to the New_area, inhabiting it and (in the case of nation-states) extending the control of the Homeland.  'Norse invaders in the 900s coloniz	المنطقة الجديدة	المنطقة الجديدة	APPROVED
Comparand	1	Color	A physical entity (or type of physical entity) whose color is similar to the designated color.  When this FE occurs with adjective targets, (a relatively rare c	طرف المقارنة	طرف المقارنة	APPROVED
Color_qualifier	1	Color	A phrase that indicates the direction in color-space from the center of the region designated by the Color. 'Its gill-flaps turn a sort of reddish orange when i	مخصِّص اللون	مخصِّص اللون	APPROVED
Described_entity	1	Color_qualities	The entity whose Color is being described.  'Fornalutx is a jewel of warm stone. '  	الكيان الموصوف	الكيان الموصوف	APPROVED
Disease	1	Come_down_with		المرض	المرض	APPROVED
Idea	1	Coming_up_with	Invention is the intellectual creation of the Cognizer. It is normally expressed as an NP Object, but sometimes as a PP Complement:   'Kim devised a new recipe.	الفكرة	الفكرة	APPROVED
Amount_of_progress	1	Coming_up_with	The extent to which the Cognizer succeeds in coming up with the idea.  'Before he could even half-way improvise a response, she moved on.'  	مقدار التقدم	مقدار التقدم	APPROVED
Honored_entity	1	Commemorative	This FE identifies the person, subject, or event that is being honored.  'We have a picnic every year on Veterans' day.'	الكيان المكرَّم	الكيان المكرَّم	APPROVED
Dedicated_type	1	Commemorative	This FE identifies the type of entity that had been dedicated to honor the Honored_entity.  'Is Armistice DAY a national holiday?'	نوع الإهداء	نوع الإهداء	APPROVED
Dedicated_entity	1	Commemorative	The entity which has been dedicated to the Honored_entity.  'The Jimmy Hoffa Building hasn't opened yet.'	الكيان المهدى إليه	الكيان المهدى إليه	APPROVED
Commonality	1	Commonality	This FE denotes an object or attribute which is jointly posessed by the Entities.  'Their shared parents were their only similarity.'	القاسم المشترك	القاسم المشترك	APPROVED
Quote	1	Communication	The Quote is the concrete record of a communication act.	الاقتباس	الاقتباس	APPROVED
Voice	1	Communication_noise	"The Voice describes the <fex name="""">Speaker's utterance or other message-encoded production. 'John's voice bellowed for her to be quiet.'"	الصوت البشري	الصوت البشري	APPROVED
Original_punishment	1	Commutation	The punishment the Offender was originally sentenced to.  'I had learned after all of this period of time has passed the court was about to let (Bush) pay a sum	العقوبة الأصلية	العقوبة الأصلية	APPROVED
New_punishment	1	Commutation	The new reduced form of punishment that the Executive_authority orders for the Offender.  'he bench comprising Justice Tariq Pervez and Justice Ijazul Hassan co	العقوبة الجديدة	العقوبة الجديدة	APPROVED
Item_1	1	Compatibility	The Frame Element Item_1 marks the grammatically more prominent of the two entities, i.e.the subject in active clauses, when they are expressed separately.  'Th	العنصر 1	العنصر 1	APPROVED
Item_2	1	Compatibility	The Frame Element Item_2 marks the grammatically less prominent of the Items when they are expressed separately.  'My computer is not compatible with my new pri	العنصر 2	العنصر 2	APPROVED
Complainer	1	Complaining	The Complainer is the sentient entity that produces the Complaint (whether spoken or written).     'Peter has moaned about it on another thread but it sure must	الشاكي	الشاكي	APPROVED
Complaint	1	Complaining	"The lamentable situation that the Complainer is communicating to the Addressee.    'One observer groused that Skagway was ""little better than hell on earth.""'"	الشكوى	الشكوى	APPROVED
Norm	1	Compliance	This FE identifies the rules or Norms that ought to guide a person's behavior.  'John violated the law by not paying taxes.'	القاعدة المعيارية	القاعدة المعيارية	APPROVED
Conceded_state_of_affairs	1	Concessive	A proposition or set of propositions that the speaker wants the addressee to believe or take for granted. This statement is not asserted, but presupposed by the	واقع الحال المسلَّم به	واقع الحال المسلَّم به	APPROVED
Main_assertion	1	Concessive	The statement that the speaker wishes to assert or offer as their main contribution to the discourse, which is be modified or hedged in some way by the Conceded	الدعوى الرئيسة	الدعوى الرئيسة	APPROVED
Influence	1	Condition_symptom_relation	Genetic, Biological, and Environmental Influences affect Medical_conditions	التأثير	التأثير	APPROVED
Pragmatic_marker	1	Conditional_occurrence	Pragmatically emphasizes a speaker's assumption of the truth of the Profiled_possibility for the conversation's duration. This FE does not occur for all LUs in 	العلامة التداولية	العلامة التداولية	APPROVED
Benefactor	1	Conferring_benefit	The Benefactor is the person or thing that gives an advantage to the Beneficiary.	المُحسِن	المُحسِن	APPROVED
Beneficial_situation	1	Conferring_benefit	The Beneficial_situation is the item or action that is given to or done for the Beneficiary by the Benefactor.  A change of possession can, but does not have to	الوضع النافع	الوضع النافع	APPROVED
Connected_locations	1	Connecting_architecture	Two or more named locations that are connected by the architectural  Part.  ' Security in the hallway between the jail and the Court Building needs to be improv	المواضع الموصولة	المواضع الموصولة	APPROVED
Connected_item	1	Connectors	This FE identifies the entity that is attached to the Connector in such a way as to stabilize their position or to immobilize them. 'The robber tied Harry 's bo	العنصر الموصول	العنصر الموصول	APPROVED
Conqueror	1	Conquering	The Conqueror is the entity that overtakes the Theme.  'The Achaemenid monarch Cambyses conquered Egypt in the year 525 BC'	الفاتح	الفاتح	APPROVED
Address	1	Contacting	This FE is used for a (metaphorical) place in a system of communication where Communicators and Addressees can access the system. 'You can telephone your senato	العنوان	العنوان	APPROVED
Communication	1	Contacting	The information that the Communicator wishes to impart to the Addressee, often to get a particular response. In this frame the Communication is not necessarily 	التواصل	التواصل	APPROVED
Construction	1	Containers	Construction indicates the action (or causer) which creates the Container.  'fired urns.'	البناء	البناء	APPROVED
Determinant	1	Contingency	An open question that determines the Outcome.  'Price, in such a case, depends only on the whim of the supplier.'	المحدِّد	المحدِّد	APPROVED
Reference_occasion	1	Continued_state_of_affairs	The time or event (normally speech time) with respect to which the State_of_affairs is located.  'She was loving and concerned about others up to her dying brea	المناسبة المرجعية	المناسبة المرجعية	APPROVED
Adversity	1	Contrary_circumstances	The Adversity is a state of affairs or entity that hinders or negatively affects the Event. 	المحنة	المحنة	APPROVED
Contrary_circumstances	1	Contrary_circumstances	The Contrary_circumstances are the circumstances that would normally be expected to occur given the presence of the Adversity. 	الظروف المعاكسة	الظروف المعاكسة	APPROVED
Authenticity	1	Contrition	The FE Authenticity marks expressions that indicate whether the Experiencer genuinely feels contrite or just acts as if they did.  'The defendant showed no real	الأصالة	الأصالة	APPROVED
Controlling_variable	1	Control	A scalar variable (with unspecified value) which has an effect on the Dependent_entity, Dependent_situation, or Dependent_variable. 	المتغير المتحكِّم	المتغير المتحكِّم	APPROVED
Controlling_situation	1	Control	A situation whose temporal or other characteristics control a Dependent_entity, Dependent_situation, or Dependent_variable. 	الوضع المتحكِّم	الوضع المتحكِّم	APPROVED
Control	1	Controller_object	This FE identifies the entity or substance that is designed to have a particular Use. This is often an incorporated FE.	التحكم	التحكم	APPROVED
Vehicles	1	Convoy	The constituent vehicles that make up the Convoy.  'Trained gunmen hijacked a 20-car convoy headed for the city.'	المركبات	المركبات	APPROVED
Convoy	1	Convoy	The group of vehicles transporting the Cargo.  'The southbound convoy of two vans and several armored vehicles arrived safely 10 hours after it had departed.'	القافلة	القافلة	APPROVED
Cargo	1	Convoy	The Cargo are the goods and/or individuals transported by the Convoy. This FE also covers the intended use of the transported goods.  'Trained gunmen hijacked a	الشحنة	الشحنة	APPROVED
Produced_food	1	Cooking_creation	The Produced_food is the result of a Cook's efforts. 'Drew prepared dinner for his friends.' 'Drew baked an apple pie for dessert.'	الطعام المُعدّ	الطعام المُعدّ	APPROVED
Ingredients	1	Cooking_creation	This FE identifies the Ingredients which are altered by the Cook to create the Produced_food. 'Drew baked a pie with apples, nuts, and raisins.' 	المكوِّنات الغذائية	المكوِّنات الغذائية	APPROVED
Communicative_act	1	Correctness	The event which communicates the Information.	الفعل التواصلي	الفعل التواصلي	APPROVED
Following_distance	1	Cotheme	The Following_distance is the distance between the Theme and Cotheme. 'I followed him at a distance of 30 yards.'	مسافة التتبع	مسافة التتبع	APPROVED
Questioner	1	Court_examination	The individual who asks a Witness questions.	السائل المستفهم	السائل المستفهم	APPROVED
Culture	1	Craft	A Culture within which the Activity is performed.  'Origami is an ancient Japanese craft of paper folding'	الثقافة	الثقافة	APPROVED
Location_of_representation	1	Create_physical_artwork	The physical location that holds the Representation.    'I drew him on a sheet of paper first.'	موضع التمثيل	موضع التمثيل	APPROVED
Depictive_of_represented	1	Create_representation	A characterization of the state in which the Represented entity is presented.    'He carved St. Francis tumbling around, and St. Thomas banging his fist on a ta	الحال الوصفية للممثَّل	الحال الوصفية للممثَّل	APPROVED
Charge	1	Crime_scenario	A description of a type of act that is not permissable according to the law of society.	التهمة	التهمة	APPROVED
Investigator	1	Criminal_investigation	The Investigator is the person or agency that investigates the Suspect of a crime (Incident).	المحقق	المحقق	APPROVED
Healer	1	Cure	The  Healer, anyone who treats or cures the Patient, occurs as the External Argument of verbs: 'Doctors alleviated his suffering. '	المعالِج	المعالِج	APPROVED
Treatment	1	Cure	The FE Treatment is used for treatments and means, distinguished by separate FEs in FN-1.  'He emphasized treatment by surgical means. ' 'He will undergo radiat	العلاج	العلاج	APPROVED
Medication	1	Cure	The injested, applied, injected, etc. substance designed to cure the Patient. 'He needs prolonged treatment with anibiotics. '                              Note	الدواء	الدواء	APPROVED
Society	1	Custom	 'We can help , you to meet Egyptian people and learn about  Egyptian customs.  '	المجتمع	المجتمع	APPROVED
Character_of_end_state	1	Damaging	A description of the state of the Patient after the damaging has taken place, including descriptions of the severity and the permanence of the damaged condition	طابع الحالة النهائية	طابع الحالة النهائية	APPROVED
Maleficiary	1	Death	An individual negatively affected by the death of the Protagonist.  'Aww man, my dog died on me.'	المتضرِّر	المتضرِّر	APPROVED
Circumstance	1	Deciding	The conditions under which the Cognizer makes a Decision.  'We have ruled out the effect of photosynthesis under the current conditions of the experiment.'	الملابسة	الملابسة	APPROVED
Location_of_assailant	1	Defending	The location of the Assailant or the weapons of the Assailant.  'We have to take out their air defenses first.'	موضع المعتدي	موضع المعتدي	APPROVED
Gradable_attribute	1	Degree		الصفة المتدرِّجة	الصفة المتدرِّجة	APPROVED
Limit1	1	Delimitation_of_diversity	The first-mentioned possibility of the range of variation.	الحد الأقصى 1	الحد الأقصى 1	APPROVED
Limit2	1	Delimitation_of_diversity	The second item of the range of variation.	الحد الأقصى 2	الحد الأقصى 2	APPROVED
Limits	1	Delimitation_of_diversity	The range of positions on the scale that the Item occupies. 'Prices range between 10 and 20 dollars.' 	الحدود القصوى	الحدود القصوى	APPROVED
Role_of_focal_participant	1	Desiring	The Role is a role filled by a Focal_participant in the Event that the Experiencer desires.  'Michaels originally wanted Smith as the new Late Night producer.'	دور المشارك البؤري	دور المشارك البؤري	APPROVED
Destroyer	1	Destroying	The conscious entity, generally a person, that performs the intentional action that results in the Patient's destruction.  'Who can unmake the ring?'	المدمِّر	المدمِّر	APPROVED
Phenomenon_1	1	Differentiation	The phenomena that are potentially judged to be different from one another can be expressed as separate constituents. When they are, one is typically expressed 	الظاهرة 1	الظاهرة 1	APPROVED
Phenomenon_2	1	Differentiation	See Phenomenon_1, above. The phenomenon expressed less prominently as a PP complement is called Phenomenon_2: 'The teacher couldn't distinguish Pat from Kim. '	الظاهرة 2	الظاهرة 2	APPROVED
Phenomena	1	Differentiation	Both phenomena that are potentially judged to be different from one another can be expressed jointly by the same constituent:  'The teacher couldn't distinguish	الظواهر	الظواهر	APPROVED
Quality	1	Differentiation	This is a property that is potentially used by the Cognizer to distinguish one phenomenon from another. It is normally expressed as a PP headed by a preposition	الجودة	الجودة	APPROVED
Measurement	1	Dimension	Measurement identifies the extent of the Object along the specified Dimension.  'The  new vase is 5 cm in circumference at the top.'	القياس	القياس	APPROVED
Independent_variable	1	Direction	The one-dimensional variable with respect to which the positions on the Path are reckoned.  For normal motion, the positions on the Path are with respect to tim	المتغير المستقل	المتغير المستقل	APPROVED
Disaster	1	Disaster_scenario	An event of great proportional magnitude with evidence leaving blame to which only the stars might answer. A disaster is an indisputably ill-fated occurrence.	الكارثة	الكارثة	APPROVED
Goal_area	1	Dispersal	Goal_area identifies the broader space to which the Agent scatters the Individuals	منطقة المقصد	منطقة المقصد	APPROVED
Bearer	1	Documents	The holder of the document. 'My  visa will expire next month.'	الحامل للاسم	الحامل للاسم	APPROVED
Right	1	Documents	Right is the right of the Bearer of the Document  that is authorized by the Document.  'Raymond has a fishing licence.'	الحق	الحق	APPROVED
Dodger	1	Dodging	The Dodger acts to avoid an oncoming Bad_entity.  'Mo dodged the flower pot that Larry threw in disgust.'	المتملِّص	المتملِّص	APPROVED
Bad_entity	1	Dodging	The Bad_entity is  the oncoming entity to avoid.  'Mo dodged  the flower pot that Larry threw in disgust.'	الكيان السيئ	الكيان السيئ	APPROVED
Predicate	1	Domain	This Frame Element denotes the Predicate which is applied to the Domain.  'This policy is not economically sound.'	المحمول المنطقي	المحمول المنطقي	APPROVED
Dough	1	Dough_rising	The paste made out of any cereals (grains) or leguminous crops by grinding, with some water added, which expands in volume as a result of leavening before bakin	العجين	العجين	APPROVED
Duration_of_activity	1	Dough_rising	The length of the interval during which the Dough rises.  'The dough rose for about 2 hours.'	مدة النشاط	مدة النشاط	APPROVED
Earner	1	Earnings_and_losses	The Earner is involved in a transaction or set of transactions as the party that receives payment.	الكاسب	الكاسب	APPROVED
Earnings	1	Earnings_and_losses	Earnings are the money given to the Earner in a transaction, generally in exchange for Goods.   	المكاسب	المكاسب	APPROVED
Eclipsed	1	Eclipse	The entity which is blocked from view.  'The mists obscured the top of the tower.'	المحجوب	المحجوب	APPROVED
Vantage_point	1	Eclipse	The position from which an observer, if an observer were present, would have their view of the Eclipsed entity blocked by the Obstruction.  'The gate screened t	نقطة الرصد	نقطة الرصد	APPROVED
Political_region	1	Economy	The Political_region is the nation, state, or other political body within which an economic system exists.	الإقليم السياسي	الإقليم السياسي	APPROVED
Economy	1	Economy	The Economy is the state of the Political_region as defined by the production, consumption, etc. of goods and services.	الاقتصاد	الاقتصاد	APPROVED
Market_type	1	Economy	The type of economic market in which the Economy exists.  'For much of its post-1947 history, India ran a socialist economy.' 'China's free-market economy is ge	نوع السوق	نوع السوق	APPROVED
Precept	1	Education_teaching	A guideline for correct behavior. In most cases, this concerns morally or socially desirable actions.  'My brother taught me not to be mean to guys when I'm not	الوصية	الوصية	APPROVED
Course	1	Education_teaching	FN: a program of lectures or other matter dealing with a subject	المقرر الدراسي	المقرر الدراسي	APPROVED
Electricity	1	Electricity	Electricity is the physical force that is used as power.  'The Brunswick Electric Membership Corporation supplies electricity for sections of Brunswick and Colu	الكهرباء	الكهرباء	APPROVED
Desired_goal	1	Elusive_goal	Desired_goal identifies the goal that is not achieved or the entity that is not captured.  'Success eludes me.'	الغاية المرغوبة	الغاية المرغوبة	APPROVED
Source_emitter	1	Emitting	The Source_emitter is the item  from which the Emission are discharged.	الباعث المصدر	الباعث المصدر	APPROVED
Sub-source	1	Emitting	The Sub-source is the subregion of the Source_emitter which emits the Emission.	المصدر الفرعي	المصدر الفرعي	APPROVED
Seat_of_emotion	1	Emotion_heat	The words in this frame can occur with an overtly expressed Seat of the Emotion. This frame element occurs as a PP Complement:   'Fury seethed within her.' 'I w	موطن الانفعال	موطن الانفعال	APPROVED
Consideration	1	Emphasizing	An event or state of affairs, an attribute, or an entity whose properties have the potential to influence the success of the Agent's Undertaking.  'The ICBL has	الاعتبار	الاعتبار	APPROVED
Competing_consideration	1	Emphasizing	The Competing_consideration is another factor that is relevant to the Undertaking to which the Agent devotes less attention or effort.  'Monophysite Christians 	الاعتبار المنافس	الاعتبار المنافس	APPROVED
Subgroup	1	Employing	The Subgroup is the department or subdivision of the institution that the Employee is a member of. 'He is an employee in the marketing department.'	المجموعة الفرعية	المجموعة الفرعية	APPROVED
Valued_entity	1	Endangering	The entity which may be negatively impacted as a result of the emperilment.	الكيان المُثمَّن	الكيان المُثمَّن	APPROVED
Endangering_act	1	Endangering	The specific event or state of affairs brought about by the Agent or Cause which endangers the Valued_entity.  'The snow endangered not only the mission but als	الفعل المُعرِّض للخطر	الفعل المُعرِّض للخطر	APPROVED
Rule	1	Enforcing	The Rule is the set of constrants on behavior that the Agent implements (i.e., forces others to obey or face consequences).  'Employers should strictly enforce 	القاعدة	القاعدة	APPROVED
Plea	1	Entering_of_plea	The Plea that a defendant makes. 'The student pleaded guilty to stealing a bike.'	الدفع القضائي	الدفع القضائي	APPROVED
Entourage	1	Entourage	This FE identifies the collection of entities that follow the Attended.  'Most of the large entourage the president had brought with him quietly left him.'	الحاشية	الحاشية	APPROVED
Attended_person	1	Entourage	The Attended_person is followed by the Entourage.  'The lord's train consisted of several dozen servants, cooks, and other attendants.'	الشخص المرافَق	الشخص المرافَق	APPROVED
Escapee	1	Escaping	The Escapee manages to leave the Undesirable_location. 'Benjamin escaped from Germany.'	الفارّ	الفارّ	APPROVED
Undesirable_location	1	Escaping	The Undesirable_location is where the Escapee begins.  'Benjamin escaped  from Germany.'	الموضع غير المرغوب	الموضع غير المرغوب	APPROVED
Evader	1	Evading	The Evader moves under its own power to Capture or contact with the Pursuer. Normally the Evader frame element is expressed as an external argument.   'The mous	المتهرِّب	المتهرِّب	APPROVED
Pursuer	1	Evading	The Pursuer is going after the Evader unless they act.  'The mouse eluded the cats for only a few minutes.'	المطارِد	المطارِد	APPROVED
Capture	1	Evading	An actual or hypothetical  event in which the Pursuer takes physical control of the Evader.  'Rýmirez-Sýnchez , tried in absentia , had evaded capture since the	القبض	القبض	APPROVED
Iteration_count	1	Event_instance	The specific number of iterations.  'The last 3 times I did this, I lost the game.'  'This one time, at band camp, we went to the lake.'	عدد التكرارات	عدد التكرارات	APPROVED
Examiner	1	Examination	One who administers a test of some kind.'The teacher tested the students.'	الممتحِن	الممتحِن	APPROVED
Examinee	1	Examination	One who undergoes a test of some kind.'The students took a test.'	الممتحَن	الممتحَن	APPROVED
Examination	1	Examination	The Examination that somebody takes.'The examination tests driving skills.'	الامتحان	الامتحان	APPROVED
Exchanger_1	1	Exchange	In cases where the Exchangers involved in a conversation are construed as two separate groups with different levels of volitionality or control, this FE identif	المتبادِل 1	المتبادِل 1	APPROVED
Exchanger_2	1	Exchange	In cases where the Exchangers involved in a conversation are construed as two separate groups with different levels of volitionality or control, Exchanger_2 ref	المتبادِل 2	المتبادِل 2	APPROVED
Theme_1	1	Exchange	The item that begins in the possession of Exchanger_1.   ' I tucked the pistol between my belt and tunic top (how I wish I had kept it, but I later swapped it w	الموضوع 1	الموضوع 1	APPROVED
Theme_2	1	Exchange	The item that begins in the possession of Exchanger_2.  ' The organization bought the property in 1999, then swapped it with the BLM for about 100 parcels in 10	الموضوع 2	الموضوع 2	APPROVED
Money_owner	1	Exchange_currency	The person who exchanges Sum_1 for Sum_2.  ' Kornfeldt hurried through customs, grabbed a city map at a tourist information desk, changed $40 USD into about 300	صاحب المال	صاحب المال	APPROVED
Sum_1	1	Exchange_currency	An amount of money in the Source_currency that the Money_owner exchanges for an amount in the Target_currency.  'I said forget it and just exchanged $40 US cash	المبلغ 1	المبلغ 1	APPROVED
Source_currency	1	Exchange_currency	The kind of currency of the Money_owner has before the exchange.  'We stopped at a bank were we exchanged Euros for Danish money.'	العملة المصدر	العملة المصدر	APPROVED
Sum_2	1	Exchange_currency	The amount of money in the Target_currency that the Money_owner receives in exchange for Sum_1.  'On the bus we exchanged $50 for 1410 rubles.'	المبلغ 2	المبلغ 2	APPROVED
Exchange_service	1	Exchange_currency	The individual or institution which changes the Money_owner's money into the Target_currency.  'Bill exchanged $100 at a bank, before hitting the bike path for 	خدمة الصرف	خدمة الصرف	APPROVED
Target_currency	1	Exchange_currency	The kind of currency that the Money_owner receives as part of the exchange.  ' We had exchanged $100 into francs in LAX to be able to pay for the cab ride upon 	العملة الهدف	العملة الهدف	APPROVED
Exchange_rate	1	Exchange_currency	  'I exchanged $100 in $20 bills at an exchange rate of 24.4 to 1.'	سعر الصرف	سعر الصرف	APPROVED
Excreta	1	Excreting	The Excreta is the waste expelled by the body. 'Dr. Nick vomited puke across the table.'	الفضلات	الفضلات	APPROVED
Excreter	1	Excreting	The Excreter is the agent who excretes the Excreta.	المُخرِج للفضلات	المُخرِج للفضلات	APPROVED
Plan	1	Execute_plan	The Plan is a goal or purpose that the Agent carries out.	الخطة	الخطة	APPROVED
Executioner	1	Execution	The Executioner is the individual who performs the execution.  'The truth is, we have all put them to death.'	منفِّذ الإعدام	منفِّذ الإعدام	APPROVED
Execution	1	Execution	The punishment of death given to the Executed by the Executioner.	الإعدام	الإعدام	APPROVED
Executed	1	Execution	The Executed is the person who is killed by the Executioner in retribution for the crime that the Executed was convicted of.  'He was to be hanged in the mornin	المُعدَم	المُعدَم	APPROVED
Time_of_phenomenon	1	Expectation	The time that the Cognizer expects the Phenomenon to occur.  Note that it is distinct from simple Time, which is when the Cognizer is actually involved in think	زمن الظاهرة	زمن الظاهرة	APPROVED
Intended_event	1	Expensiveness	The event that the Payer brings about by deploying the Asset.  'Attending summer school is expensive.'	الحدث المقصود	الحدث المقصود	APPROVED
Injuring_entity	1	Experience_bodily_harm	The Experiencer injures him/herself on an Injuring_entity.  'He punched me, but he hurt his fist on my nose.'	الكيان المُصيب	الكيان المُصيب	APPROVED
Experimenter	1	Experimentation	The Experimenter is the individual conducting the Experiment. 'Justin's experiment turned out to be rather successful.'  'The professor performed an interesting	المجرِّب	المجرِّب	APPROVED
Control_group	1	Experimentation	The group of entities in the Experiment which have not been treated and are compared to the Treatment_group or Treated_individual. ''  'The control in George's 	المجموعة الضابطة	المجموعة الضابطة	APPROVED
Control_group_member	1	Experimentation	An individual entity of the Experiment which is left untreated and then compared with the Treatment_group or the Treated_individual.  ''	عضو المجموعة الضابطة	عضو المجموعة الضابطة	APPROVED
Treatment_group	1	Experimentation	A group of subjects that receive Treatment and are compared to the Control_group or Controlled_individuals. '' 'The experiment's rats who received a dose of the	مجموعة المعالجة	مجموعة المعالجة	APPROVED
Treated_individual	1	Experimentation	An individual subject that receives treatment and is then compared to the Control_group or Controlled_individual.  'One rat's treatment caused it to outlive the	الفرد المعالَج	الفرد المعالَج	APPROVED
Experiment	1	Experimentation	The test or Experiment conducted by the Experimenter using a Control_group and a Treatment_group. '' 'Jeff's experimentshowed the drug to be harmful to human he	التجربة	التجربة	APPROVED
Hypothesis	1	Experimentation	The Hypothesis is a conjecture as to the result of an Experiment.  The Experiment takes place in order to prove the Hypothesis as correct or incorrect.   'Katri	الفرضية	الفرضية	APPROVED
Subjects	1	Experimentation	In this frame Control_group and Treatment_group can be combined and expressed as Subjects.  This FE can also be used for a generic individual on whom the Experi	أفراد التجربة	أفراد التجربة	APPROVED
Behavior_product	1	Expertise	A  product of behavior that shows the Protagonist's skill or lack of skill.  'A skillful advertising campaign persuaded voters that his opponent was soft on cri	ناتج السلوك	ناتج السلوك	APPROVED
Exporter	1	Exporting	The conscious entity, generally a person, that moves the Goods across a border out of the Exporting_area.    Very often, an Exporting_area will metonymically st	المصدِّر	المصدِّر	APPROVED
Current_jurisdiction	1	Extradition	The jurisdiction (generally a nation) the Suspect starts off in.  'Jones was extradited from Mexico last Thursday to face criminal charges in the United States.	الولاية الحالية	الولاية الحالية	APPROVED
Crime_jurisdiction	1	Extradition	The jurisdiction (generally a nation) to which the Suspect is sent.  'It was the third time a neo-Nazi was extradited from Denmark to Germany.'	ولاية الجريمة	ولاية الجريمة	APPROVED
Marker	1	Extreme_point	A point or phase in time when, viewed across the actual or expected development, the Entity's powers have reached an extreme high or low point. The point or pha	العلامة	العلامة	APPROVED
Conveyed_emotion	1	Facial_expression	The emotion that is conveyed by a particular Expression. 'He had an angry expression.'	الانفعال المنقول	الانفعال المنقول	APPROVED
Deception	1	Fall_for	The Deception is perceived by the Victim, leading to false beliefs. The Deception, orchestrated by an agent or agents with the intention of deception, may be an	الخداع	الخداع	APPROVED
Combatants	1	Fighting_activity	The Combatants participate as fighters in the Fight. 'The football referee's controversial call led to a bloody free-for-all among the fans.'	المتقاتلون	المتقاتلون	APPROVED
Fight	1	Fighting_activity	The violent activity. 'I couldn't help but watch as several bruised people reentered the melee.'	القتال	القتال	APPROVED
Salient_activity	1	Fighting_activity	An activity that engaged in by the Combatants while fighting. 'stabbing affray'	النشاط البارز	النشاط البارز	APPROVED
Game	1	Finish_game	An activity the Player participates in.	اللعبة	اللعبة	APPROVED
Player	1	Finish_game	The individual participating in a Game.	اللاعب	اللاعب	APPROVED
Fire_break	1	Fire_break	The constructed entity that is intended to prevent a fire from reaching a protected area.  'The firefighters' fire break directly outside of the schoolyard fenc	حاجز النار	حاجز النار	APPROVED
Firing_point	1	Firing_point	The location from which the Detonator activates an explosive device.  'Can you identify a firing point?'	نقطة الإطلاق	نقطة الإطلاق	APPROVED
Limits_of_consideration	1	First_rank	This FE identifies the domain (usually temporally or spatially defined) within which the Item is primary among its kind. 'The foremost band in the world of the 	حدود الاعتبار	حدود الاعتبار	APPROVED
Gatherer	1	Food_gathering	The Gatherer is the agent gathering the Crop.  'Small growers can harvest quality crops.'	الجامع	الجامع	APPROVED
Crop	1	Food_gathering	Crop is item being collected together by the Gatherer.  'Tubers harvested immediately after spraying developed gangrene.'	المحصول	المحصول	APPROVED
Current_country	1	Foreign_or_domestic_country	The country or countries that the speaker is indicating in the current instance, which may match or be distinct from the Discourse_salient_country.  'AutoPartsP	البلد الحالي	البلد الحالي	APPROVED
Discourse_salient_country	1	Foreign_or_domestic_country	The country that has been featured in the discourse, or that the speaker/hearer identify with or are located in; it serves to identify the Current_country by sp	البلد البارز في الخطاب	البلد البارز في الخطاب	APPROVED
Forgery	1	Forging	The Forgery is the product that the Agent creates with the intent of passing it off as (an instance of) the Standard.	المزوَّر	المزوَّر	APPROVED
Forgoer	1	Forgoing	The Forgoer decides not to partake in the desirable activity or event.   'Chuck often skips lunch.'</def-root >	المتنازِل	المتنازِل	APPROVED
Desirable	1	Forgoing	Desirable identifies the event or activity in which is the Forgoer does not partake.  'Chuck often skips lunch.'	المرغوب	المرغوب	APPROVED
Static_object	1	Friction	A non-moving physical object over a surface of which the Theme moves.  ' The spout grates against the tap'	الشيء الساكن	الشيء الساكن	APPROVED
Front	1	Front_for	The Front acts as a legitimate individual, organization, or enterprise, but is truly a cover for an illicit organization or activity.	الأمام	الأمام	APPROVED
Illicit_organization	1	Front_for	The existence and activities of the Illicit_organization are concealed by the Front.	التنظيم غير المشروع	التنظيم غير المشروع	APPROVED
Illicit_activity	1	Front_for	The Illicit_activity of the Illicit_organization is concealed by (the activities of) the Front .	النشاط غير المشروع	النشاط غير المشروع	APPROVED
Indicated_entity	1	Gesture	The Indicated_entity is the entity which the Communicator is pointing out to the Addressee as meaningful.	الكيان المشار إليه	الكيان المشار إليه	APPROVED
Bed	1	Getting_up	The place where the Protagonist has slept.  'She got up from bed lazily and stretched her body and yawned.'	الفراش	الفراش	APPROVED
Appraisal	1	Give_impression	Appraisal is the positive or negative judgement given to the Phenomenon.'Kim's hair feels nice.''That trumpet sounds dreadful.' 	التثمين	التثمين	APPROVED
Inference	1	Give_impression	Inference expresses some property of the Phenomenon that is not a direct  feature of the particular sensory modality (if any), but rather is based on perception	الاستنتاج	الاستنتاج	APPROVED
Egg	1	Giving_birth	Egg is an immobile object containing an organism that may hatch as a mobile, infant organism.  'Female clownfish lay their eggs around sea anemones'	البيضة	البيضة	APPROVED
Capitulator	1	Giving_in	The individual that yields to the Force exerted by the Compeller.   'I sensed that if John caved in to her that it would hurt his game.'	المستسلِم للشرط	المستسلِم للشرط	APPROVED
Resultant_action	1	Giving_in	The action that the Capitulator engages in after giving in to the Force.  'After months of pressure by my staff, I have finally yielded to doing a commentary on	العمل المترتِّب	العمل المترتِّب	APPROVED
Power_source	1	Gizmo	The Frame Element Power_source marks expressions that indicate how a device is powered.  ' We use gas appliances in our kitchen'	مصدر الطاقة	مصدر الطاقة	APPROVED
Gizmo	1	Gizmo	The complex artifact with a particular use.	الجهاز الصغير	الجهاز الصغير	APPROVED
Commitment	1	Going_back_on_a_commitment	An expression of the commitment that the Protagonist has taken on earlier and which they fail to follow through on.   'It appears that Schwarzenegger will reneg	الالتزام المتعهَّد	الالتزام المتعهَّد	APPROVED
Graph	1	Graph_shape	The visual representation of the information extracted from the Data.	المخطط البياني	المخطط البياني	APPROVED
Reference_point	1	Grasp	A mental concept or domain  to which the Cognizer relates their new knowledge.  'Unless one posits an inherent human tendency to comprehend the world in binary 	النقطة المرجعية	النقطة المرجعية	APPROVED
Faculty	1	Grasp	A part  of a person's cognitive-emotional faculties that is said to acquire knowledge.  'My heart grasped that reality immediately.' 'Man has understood somethi	الملَكة	الملَكة	APPROVED
Grinding_cause	1	Grinding	An animate or inanimate entity, a force, or event that grinds. Volitionality is not a necessary characteristic. ' The wind ground the leaves into a fine powder.	سبب الطحن	سبب الطحن	APPROVED
Grinder	1	Grinding	The Grinder breaks the Patient into smaller pieces.	الطاحن	الطاحن	APPROVED
Grower	1	Growing_food	The Grower is the agent growing Food.	المُنمِّي	المُنمِّي	APPROVED
Hair	1	Hair_configuration	This FE is the hair itself 'Her tresses were golden.' 	الشعر	الشعر	APPROVED
Hair_property	1	Hair_configuration	"A property of the hair (eg curly, fine, brown).  This acts much like ""Descriptor"" in the Observable_bodyparts Frame.  Colors, styles, natural properties are des"	خاصية الشعر	خاصية الشعر	APPROVED
Accessory	1	Hair_configuration	Items that are put in the hair as part of a Configuration or Style 'She braided ribbons into her hair.'	الإكسسوار	الإكسسوار	APPROVED
Topical_entity	1	Have_associated	The entity under discussion, whose states and properties are impacted by its association with the Entity.	الكيان المحوري	الكيان المحوري	APPROVED
Hearer	1	Hearsay	This FE is the person who receives a Message. It is expressed as an Exteranal Argument in this frame: 'The students heard from Pat that class was canceled.'	السامع	السامع	APPROVED
Insulator	1	Heat_potential	The object which provides warm. It does not have to radiate heat; it may provide warmth with heavy insulation.  'That is a warm bed.'	العازل	العازل	APPROVED
Hedged_content	1	Hedging	The idea or ideas that the speaker wishes to be careful about asserting.	المضمون المتحفَّظ عليه	المضمون المتحفَّظ عليه	APPROVED
Hidden_object	1	Hiding_objects	The Hidden_object is the entity which is blocked from view.  'Michael Jackson gave wine to the 13-year-old cancer patient at the center of the molestation charg	الشيء المخفي	الشيء المخفي	APPROVED
Potential_observer	1	Hiding_objects	The Potential_observer denotes a person who might perceive the Hidden_object if it was not hidden.   'The wife claims she hid the gun from him but retrieved it 	الراصد المحتمل	الراصد المحتمل	APPROVED
Hiding_place	1	Hiding_objects	The location in which the Hidden_object is placed so as not to be perceptually accessible.   'He had concealed the necklace behind him.'	المخبأ الإخفائي	المخبأ الإخفائي	APPROVED
Hindrance	1	Hindering	The Hindrance is the force which makes the Action more difficult or less likely to be successfully completed. The Hindrance may be a lack of enabling force: ' T	الإعاقة	الإعاقة	APPROVED
Desirable_action	1	Holding_off_on	Desirable_action identifies the event or activity in which the Agent does not engage for a while.  'The board also waited with the appointment of seven members 	العمل المرغوب	العمل المرغوب	APPROVED
Current_instance	1	Identicality	The instance of the Type that is currently under discussion.	المصداق الحالي	المصداق الحالي	APPROVED
Previous_instance	1	Identicality	An instance of the Type that was encountered previously and which is now compared for identity with the Current_instance.	المصداق السابق	المصداق السابق	APPROVED
Previous_context	1	Identicality	The situation in which another instance of the Type was encountered earlier.  'This is a different car than last week'	السياق السابق	السياق السابق	APPROVED
Set_of_instances	1	Identicality	The complete set of instances of the Type involved in the mentioned contexts.   'Kent Clark and Superman are the same person' 'Kent Clark and Superman are the s	مجموعة المصاديق	مجموعة المصاديق	APPROVED
Idiosyncrasy	1	Idiosyncrasy	An entity or characteristic  belonging to the Entity.  'Paul has an idiosyncratic tendency to go barefoot at all times.'	الخصوصية	الخصوصية	APPROVED
Factor	1	Importance	Factor is used for the concrete or abstract entity whose importance is assessed. ' Being sure they are buying fresh food is important to most people.'	العامل المؤثر	العامل المؤثر	APPROVED
Importer	1	Importing	The conscious entity, generally a person, that brings the Goods into the Importing_area.   	المستورِد	المستورِد	APPROVED
Obligator	1	Imposing_obligation	The Obligator is the person who imposes the Duty on the Responsible_party.   'She pledged him to pay her the money back.'	المُلزِم	المُلزِم	APPROVED
Conviction	1	Imprisonment	The legal classification which characterizes the Offense.  'Alf leader is Imprisoned for Arson and Burglary.'	الإدانة	الإدانة	APPROVED
Class	1	Increment	The general category of entity which has been referred to.  'My Husband left me for another man!'	الطبقة	الطبقة	APPROVED
Added_set	1	Increment	The instance of the Class that is added to the Initial_set of entities in the Class.   'There was another power outage today.'	المجموعة المضافة	المجموعة المضافة	APPROVED
Initial_set	1	Increment	The previously mentioned group of entities of the Class.  'A further five incursions over and above those noted for 1995 took place in the first three months of	المجموعة الابتدائية	المجموعة الابتدائية	APPROVED
Increment	1	Increment	The number of entities within the Added_set.  'Four more years of misguided leadership appeared to be in the offing.'	الزيادة	الزيادة	APPROVED
Unresolved_referent	1	Indicating	The thing to which the Communicator or Medium refers for identification purposes.  	المرجع غير المحدَّد	المرجع غير المحدَّد	APPROVED
Infection	1	Infecting	An invasion, typically undetected, of an entity's system. The infection most often compromises the entity's stability. Infections are a common pathology for dis	العدوى	العدوى	APPROVED
Infected_entity	1	Infecting	This FE labels the recipient of the Infection.	الكيان المُعدى	الكيان المُعدى	APPROVED
Infection_cause	1	Infecting	This FE labels the cause of the Infection which affects the Infected_entity.	سبب العدوى	سبب العدوى	APPROVED
Means_of_gathering	1	Information	An action or method used by the Cognizer that results in the acquisition of the Information.  'Who can see and use survey information?'	وسيلة الجمع	وسيلة الجمع	APPROVED
Display	1	Information_display	This FE identifies the entity or substance that is designed to have a particular Use.	العرض	العرض	APPROVED
Infrastructure	1	Infrastructure	The collection of entities and/or institutions that help to promote an Activity of a public character.	البنية التحتية	البنية التحتية	APPROVED
Delivery_device	1	Ingest_substance	The Delivery_device is the means by which the Substance is ingested. ' Tabitha smoked a pipe.' ' Simon  smoked  pot with a bong.'	أداة الإيصال	أداة الإيصال	APPROVED
Entry_path	1	Ingest_substance	The Entry_path is the path along which the Substance enters the Ingestor's body. ' Rick snorted cocaine up his nose.'	مسار الدخول	مسار الدخول	APPROVED
Ingestibles	1	Ingestion	The Ingestibles are the entities that are being consumed by the Ingestor. 	المتناوَلات	المتناوَلات	APPROVED
Apparatus	1	Inherent_purpose	An entity that was not created by a living thing that is conceptualized to exist to fulfill some Goal.	الجهاز المركَّب	الجهاز المركَّب	APPROVED
Facility	1	Institutionalization	The facility where the Patient is taken for treatment.   'Unfortunately for Mrs. Lincoln, her son, Robert, institutionalized her in the Batavia Asylum shortly a	المرفق	المرفق	APPROVED
Apparent_conclusion	1	Intentionally_act	This FE describes an additional situation or modification that would seem to hold given the rest of the situation. In some cases, it marks a completely separate	الخلاصة الظاهرة	الخلاصة الظاهرة	APPROVED
Interceptor	1	Intercepting	The volitional agent who without authorization of sender or recipient takes control of a Theme that is en route to a destination.  ' Two days later, an aerial p	المعترِض	المعترِض	APPROVED
Country_of_origin	1	Intoxicants	Country_of_origin identifies where the Intoxicant is grown or originates.   ' The British enjoy Afghanistan's opium.'	بلد المنشأ	بلد المنشأ	APPROVED
Land	1	Invading	The political area that is being crippled by the Invader's entry.  'Henry II had made no attempt to invade France.' 	الأرض	الأرض	APPROVED
Attacked	1	Invasion_scenario	The Attacked is the land, government, and its people that is seized by the Invader.	المهاجَم	المهاجَم	APPROVED
Combatant	1	Irregular_combatants	The Combatant is the human being involved in combat.	المقاتل	المقاتل	APPROVED
Judicial_body	1	Judicial_body	A permanent organization with the socially important purpose of administering justice.  'The International Monetary Fund Administrative Tribunal (IMFAT) adjudic	الهيئة القضائية	الهيئة القضائية	APPROVED
Seat	1	Judicial_body	The location (typically a city) in which the Judicial_body hears cases.,  'Ante Gotovina, was charged with war crimes by the International Criminal Tribunal in 	المقر	المقر	APPROVED
Source_of_authority	1	Judicial_body	The political entity under whose laws the Judicial_body is constituted and whose laws are applied.  'A jury in the US District Court of Central California told 	مصدر السلطة	مصدر السلطة	APPROVED
Judges	1	Judicial_body	The individuals that make up the Judicial_body.  'I will not be heard before a court of 50-year-old white men!'	القضاة	القضاة	APPROVED
Possible_sentence	1	Jury_deliberation	A sentence that the jury considers during deliberation. 'The jury deliberated his guilt.'	العقوبة المحتملة	العقوبة المحتملة	APPROVED
Key	1	Key	This FE identifies the object that is designed to grant access to a location or function. This is the target LU, and this frame element is incorporated into eac	المفتاح	المفتاح	APPROVED
Killer	1	Killing	The person or sentient entity that causes the death of the Victim.</def-root >	القاتل	القاتل	APPROVED
Alter	1	Kinship	The person who fills the role named by the Kinship term with respect to the Ego.'John is my cousin.''I met his brother last year.'	الآخر	الآخر	APPROVED
Ego	1	Kinship	The person from whose perspective the Kinship relationship is defined.'Bill is Sue's son.'	الذات	الذات	APPROVED
Label	1	Labeling	"The linguistic sign that the Speaker uses to designate the Entity.   'In Texas, we call it walking"".' 'Americans call it a faucet. What do the British call it ?"	الوسم	الوسم	APPROVED
Input	1	Labor_product	The mental or physical faculties onto which the Agent or Cause expends energy.	المُدخَل	المُدخَل	APPROVED
Output	1	Labor_product	The end product, either a concept or physical object onto which the Agent or Cause has exerted its mental or physical faculties from the rudimentary state of In	المُخرَج	المُخرَج	APPROVED
Presentation	1	Labor_product	The place where the target or Output is presented.	العرض التقديمي	العرض التقديمي	APPROVED
Law	1	Law	This FE identifies the rule designed to guide activity, deprecating some types of activity and/or requiring other types of activity. This FE is incorporated int	القانون	القانون	APPROVED
Forbidden	1	Law	The state-of-affairs which is disallowed by the Law.  'I think we need a law against all firearms within city limits.'	المحظور	المحظور	APPROVED
Required	1	Law	A state-of-affairs which the Law declares must be maintained.  'The law that all minors must be accompanied by an adult is a laughingstock.'	المفروض	المفروض	APPROVED
Agency	1	Law_enforcement_agency	The Agency is a part of the government dedicated to enforcing the laws of the government's jurisdiction.	الجهة المنفِّذة	الجهة المنفِّذة	APPROVED
Governed	1	Leadership	The entity whose actions or beliefs the Leader directs in the context of a joint activity or movement.  This entity can be a political body, a person, or a grou	المحكوم	المحكوم	APPROVED
Resisting_entity	1	Level_of_force_resistance	The Resisting_entity is the item that resists the Opposing_force to the level specified by the target.   'These are made from a tough plastic foam and are very 	الكيان المقاوِم	الكيان المقاوِم	APPROVED
Opposing_force	1	Level_of_force_resistance	The Opposing_force is the item placed in opposition to the Resisting_entity. Opposing_force hinders, blocks, helps, or allows (lets) the Resisting_entity to res	القوة المعاكسة	القوة المعاكسة	APPROVED
Emitter	1	Light_movement	This FE identifies the entity at the Source from which the Beam originates.	الباعث	الباعث	APPROVED
Beam	1	Light_movement	The light that travels from a Source along a Path to a Goal.  'Sunlight gleamed from the water of the bay.' 'Lamplight flickered through the foggy air.'	الشعاع	الشعاع	APPROVED
Range_of_options	1	Limiting	The Range_of_options would normally be expected to have a set of possibilites, but is limited by an Agent or Cause to particular subtypes, situations or charact	مدى الخيارات	مدى الخيارات	APPROVED
Meaning	1	Linguistic_meaning	Meaning is the sense of a linguistic Form.	المعنى	المعنى	APPROVED
Referent	1	Linguistic_meaning	Referent identifies an object in the real (or a hypothetical) world that a linguistic expression is used to talk about.	المرجع الإحالي	المرجع الإحالي	APPROVED
Defining_event	1	Locale_by_event	The event for which the locale is known or is named 'The driver died at the scene of the accident.' 	الحدث المعرِّف	الحدث المعرِّف	APPROVED
Focal_time	1	Location_in_time	The particular, salient point in time. If a specified time is present, it is the focal time. Otherwise, the unit is the focal time. If there is an appositive th	الزمن البؤري	الزمن البؤري	APPROVED
Cause_of_shine	1	Location_of_light	This is the cause of the shininess of the phenomenon, generally introduced by 'with'.'Her face glistened with sweat.''His eyes gleamed with amusement.'	سبب اللمعان	سبب اللمعان	APPROVED
Light	1	Location_of_light	The Light which is emitted.  In this frame, it is usually incorporated in verbs and adjectives, and is the denotation of many of the nouns. 'The fire glowed.' '	الضوء	الضوء	APPROVED
Sufferer	1	Losing_someone	The being or entity that emotionally experiences the death of the Deceased.	المعاني	المعاني	APPROVED
Deceased	1	Losing_someone	The entity that has died.	المتوفَّى	المتوفَّى	APPROVED
Path_of_gaze	1	Making_faces	A path expression that describes a line from the Agent to the Intended_perceiver.	مسار النظر	مسار النظر	APPROVED
Comparison_event	1	Manner	The Comparison_event is the principal event being characteriszed by the Manner. The Manner of this Comparison_event is often used in comparison with the Foregro	حدث المقارنة	حدث المقارنة	APPROVED
Manner_descriptor	1	Manner	A description of the Manner. 	واصف الكيفية	واصف الكيفية	APPROVED
Foreground_event	1	Manner	The Manner of Foreground_event is compared with the Manner of the Comparison_event (i.e. the principal event of the clause). 	الحدث الأمامي	الحدث الأمامي	APPROVED
Comparison_activity	1	Manner	The Salient_entity conducts or engages in the Comparison_activity that is being described. 	نشاط المقارنة	نشاط المقارنة	APPROVED
Lifestyle	1	Manner_of_life	A pattern of behavior which the actions of the Experiencer matches for a significant period of time.  'He lived the life of a beggar.'	نمط الحياة	نمط الحياة	APPROVED
Producer	1	Manufacturing	The person or company that produces the Product. 'General Electric manufactures electronic appliances.'	المنتِج	المنتِج	APPROVED
Factory	1	Manufacturing	Factory identifies the particular plant where the Product is manufactured. 'Those machines were manufactured in the Miami plant.' 	المصنع	المصنع	APPROVED
Consumer	1	Manufacturing	The Producer produces the Product for the Consumer. 'The toys are made for children.'	المستهلك	المستهلك	APPROVED
Expression_1	1	Mathematical_relationship	In an equation that has more terms on one side than the other, Expression_1 is the side of the equation with fewer terms.  'Force EQUALS mass * acceleration'	التعبير 1	التعبير 1	APPROVED
Expression_2	1	Mathematical_relationship	In an equation that has more terms on one side than the other, Expression_2 is the side of the equation that has more terms.  'Force EQUALS mass * acceleration'	التعبير 2	التعبير 2	APPROVED
Occupant	1	Measure_area	Things that occupy the Area that is being measured.'Swanson grows 1,000 Acres of vegetables.'	الشاغل	الشاغل	APPROVED
Size	1	Measure_volume	A specification of the volume of the container.'Michell bought a 2 liter bottle of Sangria.'	الحجم	الحجم	APPROVED
Ailment	1	Medical_conditions	FN: Any medical problem.	العلة الصحية	العلة الصحية	APPROVED
Medic	1	Medical_interaction_scenario	The medical professional who has responsibility for the care of the Patient 	المسعف	المسعف	APPROVED
Medical_center	1	Medical_interaction_scenario	The place visited by the Patient and where the Medic works.	المركز الطبي	المركز الطبي	APPROVED
Intervention	1	Medical_intervention	A drug or procedure is administered or performed in order to treat a Medical_condition.	التدخل	التدخل	APPROVED
Side_effects	1	Medical_intervention	Effects of the Intervention that are unintended or undesirable.	الآثار الجانبية	الآثار الجانبية	APPROVED
Frequency_of_success	1	Medical_intervention	The regularity with which an Intervention is effective for treating a Medical_condition or Symptom(s).	تواتر النجاح	تواتر النجاح	APPROVED
Medical_professional	1	Medical_intervention	The individual or team that attempts to improve the medical condition of the Patient.	المهني الطبي	المهني الطبي	APPROVED
Professional	1	Medical_professionals	This FE identifies the medical Professional. 'Paediatric oncologists treat children with leukemia.' 	المهني	المهني	APPROVED
Specialty	1	Medical_specialties	This FE identifies the medical Specialty that someone practices.  'Ralph practices paediatric oncology.'	التخصص	التخصص	APPROVED
Standing	1	Membership	An indication of the Member's status within the Group.   'Bill is a full member of the Elks.'	الوجاهة	الوجاهة	APPROVED
Sentient_entity	1	Mental_activity	The individual whose mind has a particular piece of Content in it, or, more generically portrayed, whose mind is focussed on a particular Topic. 	الكيان الواعي	الكيان الواعي	APPROVED
Practice	1	Mental_property	Some of the words in this frame have a slightly different use in that they evaluate someone only with respect to their mental performance in some particular dom	الممارسة	الممارسة	APPROVED
Specified_content	1	Mention	The relevant entity or state-of-affairs that the Communicator mentions.  'If someone mentions things like ration books , my stomach turns.'	المضمون المحدَّد	المضمون المحدَّد	APPROVED
Miner	1	Mining	The Miner searches for mineral Resources.	عامل المنجم	عامل المنجم	APPROVED
Name_source	1	Name_conferral	This frame element is the person or thing whose name was chosen by the Speaker to give to the Entity.  They named their daughter Carol after Paul's grandmother.	مصدر التسمية	مصدر التسمية	APPROVED
Namesake	1	Namesake	The person or thing that has the same name as the Entity.  'Claire is her namesake'	السميّ	السميّ	APPROVED
Consequences	1	Needing	An undesirable state-of-affairs that results if the Requirement is not met.  'He needs to focus on his schoolwork, or he's not going to pass the third grade.'	العواقب	العواقب	APPROVED
Negated_proposition	1	Negation	The situation which is presented as false overall. The particular focus of negation which contrasts with the Factual_situation is not separately marked.  'She d	القضية المنفية	القضية المنفية	APPROVED
Factual_situation	1	Negation	The situation or part of situation that actually pertains, in contradistinction to the profiled situation in the Negated_proposition that is asserted not to per	الوضع الواقعي	الوضع الواقعي	APPROVED
Network	1	Network	The system functioning as a unit that is constituted by the Nodes and Connections.  'Efforts are underway to improve the road network in the state.'	الشبكة	الشبكة	APPROVED
Nodes	1	Network	The entities that are connected into a Network.  'The National Network of Libraries of Medicine is dedicated to making the world's biomedical information availa	العُقد	العُقد	APPROVED
Connections	1	Network	The relationships or physical entities that connect the Nodes.   'Every computer has its own cable to be connected straight to the server or by the network of c	الوصلات	الوصلات	APPROVED
Noise_maker	1	Noise_makers	This FE identifies the entity or substance that is designed to produce sound.	مُحدِث الضجيج	مُحدِث الضجيج	APPROVED
Arraign_authority	1	Notification_of_charges	The judge or other authority of the court in which the accused person is arraigned.	سلطة الاتهام	سلطة الاتهام	APPROVED
Final_element	1	Nuclear_process	The type of Element that results from the process.	العنصر الأخير	العنصر الأخير	APPROVED
Initial_element	1	Nuclear_process	The type of Element that begins the process.	العنصر الأول	العنصر الأول	APPROVED
Influencing_entity	1	Objective_influence	A thing or person whose behavior has an effect on an Dependent_entity, Dependent_situation, or Dependent_variable.   ' Much of the acreage in this round is clos	الكيان المؤثِّر	الكيان المؤثِّر	APPROVED
Influencing_variable	1	Objective_influence	A scalar variable (with unspecified value) which has  an effect on the Dependent_entity, Dependent_situation, or Dependent_variable.  ' Factors which influence 	المتغير المؤثِّر	المتغير المؤثِّر	APPROVED
Influencing_situation	1	Objective_influence	A situation whose temporal or other characteristics have an effect on a Dependent_entity, Dependent_situation, or Dependent_variable. 	الوضع المؤثِّر	الوضع المؤثِّر	APPROVED
Offerer	1	Offering	The person that begins in possession of the Theme and offers it to the Potential_recipient .	العارض	العارض	APPROVED
Potential_recipient	1	Offering	The entity that ends up in possession of the Theme.	المتلقي المحتمل	المتلقي المحتمل	APPROVED
Original_body	1	Offshoot	The body from which the Offshoot is derived.	الجسم الأصلي	الجسم الأصلي	APPROVED
Branch	1	Offshoot	The offshoot or branch of the original body which differs from it in some important respect.	الفرع	الفرع	APPROVED
Predictive_phenomenon	1	Omen	Predictive_phenomenon provides evidence for the existence or the nature of the Outcome of Future_phenomenon.  'To achieve so much this year augurs well for the 	الظاهرة المنبئة	الظاهرة المنبئة	APPROVED
Future_phenomenon	1	Omen	Future_phenomenon is that phenomenon that is predicted to occur or have a particular quality.  'This move presages a freeze on the granting of new concessions.'	الظاهرة المستقبلية	الظاهرة المستقبلية	APPROVED
Strength	1	Omen	The degree to which the Predictive_phenomenon predicts the occurrence of the Future_phenomenon.	القوة الكامنة	القوة الكامنة	APPROVED
Tester	1	Operational_testing	The person who uses  the Product to see if it is intact or to ascertain its characteristics during operation.   'I just wish we could have tested the car with a	المختبِر	المختبِر	APPROVED
Unwanted_characteristics	1	Operational_testing	An entity or property whose presence would impair the acceptability or usefulness of the Product.  'To ensure that the remedy is complete, nCipher have fully re	السمات غير المرغوبة	السمات غير المرغوبة	APPROVED
Tested_property	1	Operational_testing	A variable of behavior of the Product which is specifically evaluated.  ' ILCSO staff have tested the behavior of the ILCSO-standard version of WebVoyage with s	الخاصية المختبَرة	الخاصية المختبَرة	APPROVED
Constancy	1	Opinion	The level of firmness with which the Cognizer holds an opinion.  It refers to the amount of convincing that they would need to change their mind.  'I really thi	الثبات	الثبات	APPROVED
Opportunity	1	Opportunity	The situation during which the Desirable_situation is possible. For nominal LUs, this is generally in the second layer and contains the target. 	الفرصة	الفرصة	APPROVED
Desirable_situation	1	Opportunity	A situation or event that the Agent can participating in during the period of the Opportunity.	الوضع المستحسَن	الوضع المستحسَن	APPROVED
Image	1	Optical_image	The optical representation of the Source.	الصورة الذهنية	الصورة الذهنية	APPROVED
Starting_point	1	Ordinal_numbers	A usually spatial reference point from which the implicit cognizer scans across the members of the Comparison_set.  'Yes, I covered the cycle issue in  the seco	نقطة البداية	نقطة البداية	APPROVED
Basis_of_order	1	Ordinal_numbers	A kind of event in which the members of the Comparison_set, including the Item, participate in a certain order.  'Lorna was the third student to be expelled fro	أساس الترتيب	أساس الترتيب	APPROVED
Other	1	Others_situation_as_stimulus	The Other is the person that evokes the emotional response in the Experiencer.   	الآخر المقابل	الآخر المقابل	APPROVED
Ordinality	1	Part_ordered_segments	This is the number of the sequence of Parts.' I sat through the first interminable act of the play . '	الترتيب العددي	الترتيب العددي	APPROVED
Piece	1	Part_piece	A Piece made of a substance.'Sergey had a few morsels of bread for breakfast.' The specific whole entity from which the Piece comes is not specified. Thus, the 	القطعة	القطعة	APPROVED
Piece_prop	1	Part_piece	A property relating to the Piece.'Sue had a big piece of cake.'	خاصية القطعة	خاصية القطعة	APPROVED
Decision_maker	1	Partiality	This Frame Element marks the person whose objectivity in making assesment is being evaluated.  'The referee was totally biased against our team. '	صانع القرار	صانع القرار	APPROVED
Manifestation_of_bias	1	Partiality	This Frame Element marks expressions that indicate how the bias of the Judge expresses itself in their behavior or actions.'The judge made a biased decision.''T	مظهر التحيز	مظهر التحيز	APPROVED
Dispute	1	Partiality	The Dispute is the situation in which there is some conflict between two sides. ' My sister remained neutral in our disputes.'	الخلاف	الخلاف	APPROVED
Degree_of_involvement	1	Participation	The extent to which Participant_1 contributes to the Event's coming off.   'We built a new hospital here in 1991, but I was on the board then and only periphera	درجة الانخراط	درجة الانخراط	APPROVED
Patrol	1	Patrolling	The person (or group) who inspects the Ground to see that it is safe.  'Detective Jones patrolled the northern half of the building.'	الدورية الأمنية	الدورية الأمنية	APPROVED
Position_qualifier	1	People_along_political_spectrum	A phrase that indicates more precisely the location in political space of the Individual relative to the center of the region designated by the target.	مخصِّص الموقع	مخصِّص الموقع	APPROVED
Fighter	1	People_by_military_specialty	The Fighter has a military specialty.	المقاتل المحترف	المقاتل المحترف	APPROVED
Place_of_operation	1	People_by_military_specialty	This FE identifies the place where the Fighter is stationed, or primarily operates from.	مكان التشغيل	مكان التشغيل	APPROVED
Religion	1	People_by_religion	The religious belief system that the Person follows. 	الدين	الدين	APPROVED
Known_resident	1	People_by_residence	The individual(s) that serve(s) as a reference point for the definition of the Indicated_resident due to the proximity of residences.    'I have no problem with	الساكن المعروف	الساكن المعروف	APPROVED
Indicated_resident	1	People_by_residence	A person or group of people defined in terms of the fact that they reside in the proximity of the Known_resident.   'Bill Jankelow is my house-mate.'	الساكن المشار إليه	الساكن المشار إليه	APPROVED
Residents	1	People_by_residence	The individuals who reside in proximity to each other.  'Smithers and Kornfeldt are neighbors.'	السكان المقيمون	السكان المقيمون	APPROVED
Perceiver_agentive	1	Perception_active	The Perceiver_agentive performs some action in order to have a perceptual experience. It is expressed as an External Argument:  'The waiter smelled the milk to 	المُدرِك القاصد	المُدرِك القاصد	APPROVED
Expected_entity	1	Perception_active	An entity or state-of-affairs that the Perceiver_agentive hopes, fears, or expects to find within the Phenomenon.  'Watch for little errors with hand position.'	الكيان المتوقَّع	الكيان المتوقَّع	APPROVED
Contrastive_context	1	Perception_experience	An element of the discourse that serves to contextualize the Phenomenon, with which it is directly related (i.e. filling a frame-element role of the Phenomenon 	السياق المقابِل	السياق المقابِل	APPROVED
Performer1	1	Performers_and_roles	The person that performs alongside Performer2. 'He co-starred with Matt Perry in Tool 3.'	المؤدِّي 1	المؤدِّي 1	APPROVED
Performer2	1	Performers_and_roles	The person that is also in the Performance, alongside Performer1. 'Who co-starred with Glen Close in that space opera thingy?'	المؤدِّي 2	المؤدِّي 2	APPROVED
Personnel	1	Performing_arts	The Personnel, including writers, producers, stage hands, key grips, etc., contribute to the Performance without actually being directly perceived by the Audien	العاملون	العاملون	APPROVED
Relationship	1	Personal_relationship	The Relationship between Partners. 'His wanderings caused the break-up of their marriage.'	العلاقة	العلاقة	APPROVED
Source_of_relationship	1	Personal_relationship	The source of the relationship. 'Have you seen my old High School buddy Johnathan Rich lately?'	مصدر العلاقة	مصدر العلاقة	APPROVED
State_of_represented	1	Physical_artworks	A characterization of the state in which the Represented entity is portrayed.  'Within the church is the painting of Virgin Mary sitting on the throne holding a	حالة الممثَّل	حالة الممثَّل	APPROVED
Plant	1	Plants	The living organism belonging to the kingdom Plantae.	النبات	النبات	APPROVED
Activists	1	Political_actions	The person or group of people that act out against the Institution in an attempt to have their Demands fullfilled. 	الناشطون	الناشطون	APPROVED
Demands	1	Political_actions	The Demands are the guarantee(s) given by the Institution to the Activists that act to correct or address the issues or state of affairs that were grievous to t	المطالب	المطالب	APPROVED
Possible_event	1	Possibility	The Possible_event has met its preconditions, and will occur if some further Condition holds.  	الحدث الممكن	الحدث الممكن	APPROVED
Prank	1	Prank	The Prank is a device, strategy, or system designed to mislead and cause harm and amusement to a Victim (and possibly others observing the prank).	المقلب	المقلب	APPROVED
Joker	1	Prank	The Prank is orchestrated by a Joker.	المازح	المازح	APPROVED
Falling_event	1	Precariousness	The event of falling, incorporated in the LUs of this frame.	حدث السقوط	حدث السقوط	APPROVED
Precipitation	1	Precipitation	The water in liquid or solid form that falls from the sky is the Precipitation. This FE is incorporated in many LUs in this frame.	الهطول	الهطول	APPROVED
Time_of_eventuality	1	Predicting	This FE marks expressions that indicate for what future time an Eventuality is predicted.  ' Cocoa stocks reached a record 1.2m tonnes and a seventh year of sur	زمن الواقعة	زمن الواقعة	APPROVED
Positive_consequence	1	Preferred_alternative_scenario	The preferable situation that follows from the Profiled_possibility.	العاقبة الإيجابية	العاقبة الإيجابية	APPROVED
Undesirable_consequence	1	Preferred_alternative_scenario	The less desirable situation that follows as a result of the Opposite_possibility.	العاقبة غير المرغوبة	العاقبة غير المرغوبة	APPROVED
Preparatory_act	1	Preliminaries	The action performed by the Agent that is a preliminary to the achievement of the Purpose. The Preparatory_act may also be expressed by a result of such an act.	الفعل التمهيدي	الفعل التمهيدي	APPROVED
Preparatory_phase	1	Preliminaries	The part of the larger process that is preliminary to the achievement of the Purpose.  'We are still in the preliminary phases.'	المرحلة التمهيدية	المرحلة التمهيدية	APPROVED
Mitigating_situation	1	Presentation_of_mitigation	The Mitigating_situation is the situation that actually occurs. It is presented in a discourse to mitigate the fact that a better situation did not occur - sinc	الوضع المخفِّف	الوضع المخفِّف	APPROVED
Price	1	Price_per_unit	The amount of money that the Seller charges the Buyer for a Product.  'She sells seashells at a rate of $20 per pound.'	السعر	السعر	APPROVED
Inmates	1	Prison	Inmates marks expressions that indicate the group of people a Penal Institution is intended to hold.  'Monica served time in the Tennessee Prison for Women.'	النزلاء	النزلاء	APPROVED
Security	1	Prison	The level of security maintained at the prison. 'He was held in a maximum security Prison.'	الحراسة	الحراسة	APPROVED
Penal_institution	1	Prison	The locale which serves to confine individuals, generally for the purpose of punishment. This FE is incorporated in each LU in this frame.	المؤسسة العقابية	المؤسسة العقابية	APPROVED
Odds	1	Probability	A numerical representation of the probability that a Hypothetical_event will occur.  'There's a 95 % chance of rain today.'	الاحتمالات الترجيحية	الاحتمالات الترجيحية	APPROVED
Next_subevent	1	Process_continue	The Next_subevent of the overall Event.'The meeting continued with a discussion...'	الحدث الفرعي التالي	الحدث الفرعي التالي	APPROVED
Purchaser	1	Product_delivery	The individual who purchases and receives the Goods.	الشاري	الشاري	APPROVED
Brand	1	Product_line	The company that produces the Collection of Products.  'Did you see the new Kate Spade line?'	العلامة التجارية	العلامة التجارية	APPROVED
Products	1	Product_line	The individual items produced by the Brand.  'Jaques just showed us his Fall line of cocktail dresses.'	المنتجات	المنتجات	APPROVED
Collection_name	1	Product_line	The name of the Collection of Products produced by the Brand.  'The Greenwich armchair from Barnsley House's Winterthur collection is a must for those looking f	اسم التشكيلة	اسم التشكيلة	APPROVED
Designer	1	Product_line	The person who designs the Collection.   'Did you see Louis' new line?'	المصمِّم	المصمِّم	APPROVED
Intended_referent	1	Proper_reference	The entity that the speaker intends to refer to using the Entity in a more restricted sense. The Intended_referent is typically a part of the referent that the 	المرجع المقصود	المرجع المقصود	APPROVED
Ratio	1	Proportion	The numerical representation of the size of the Subset relative to the size of the Group. 'New laws have raised crime rates by 5%'	النسبة	النسبة	APPROVED
Denoted_quantity	1	Proportional_quantity	The quantity denoted by phrases headed by the Target. 	الكمية المدلولة	الكمية المدلولة	APPROVED
Reference_quantity	1	Proportional_quantity	A relatively precise quantity in some oft-used form that is used as the basis for defining the Denoted_quantity.	الكمية المرجعية	الكمية المرجعية	APPROVED
Protection	1	Protecting	The person, entity, or action that prevents harm to an Asset.  'The tabloid's deal with the woman shielded Schwarzenegger.'	الحماية	الحماية	APPROVED
Protester	1	Protest	The individual (or individuals) who holds an opinion on an Issue or Side.  'On 8 May a student demonstration was attended by a large number of workers.'	المحتج	المحتج	APPROVED
Near_profiled_region	1	Proximity_image_schema	A region of space located relative to a Ground that is maximally relevant near the Ground, with decreasing applicability away from the Ground.	المنطقة المبرَّزة القريبة	المنطقة المبرَّزة القريبة	APPROVED
Distant_profiled_region	1	Proximity_image_schema	A region of space located relative to a Ground that is not relevant near the Ground, with increasing applicability away from the Ground.	المنطقة المبرَّزة البعيدة	المنطقة المبرَّزة البعيدة	APPROVED
Target_group	1	Public_services	The members of the public whom the Institution is intended to serve.  'PG &amp; E was the electric service for much of the West Coast.'	الفئة المستهدفة	الفئة المستهدفة	APPROVED
Service_action	1	Public_services	The action performed or enabled by the Institution for the Target_group.  'Reach Out ! is a service for helping young Australians through tough times.'	عمل الخدمة	عمل الخدمة	APPROVED
Publisher	1	Publishing	The entity that acts on behalf of the Author to release the Work to the public.	الناشر	الناشر	APPROVED
Restrictor	1	Purpose	This FE marks expressions that indicate a spatial or temporal or individual framework relative to  which the Goal is said to hold. More than one Restrictor can 	المقيِّد	المقيِّد	APPROVED
Arguers	1	Quarreling	A group of people in an argument.  	المتجادلون	المتجادلون	APPROVED
Arguer1	1	Quarreling	A person who is arguing with Arguer2.	المجادِل 1	المجادِل 1	APPROVED
Arguer2	1	Quarreling	The person who is being argued with by Arguer1.  'Why are you arguing with us.'	المجادِل 2	المجادِل 2	APPROVED
Ratifier	1	Ratification	The individual or body that confirms a Proposal negotiated or created by another party, causing it to become binding in a jurisdiction represented by the Ratifi	المصادِق	المصادِق	APPROVED
Arguer	1	Reasoning	The Arguer presents the Content before the Addressee.'Jan argued that the evidence was inadmissable.'	المجادِل	المجادِل	APPROVED
Amount_of_reassurance	1	Reassuring	The amount of reassurance given. 'He never really fully reassured me about the situation.'	مقدار الطمأنة	مقدار الطمأنة	APPROVED
Rebel	1	Rebellion	The individual or group within a society that attempts to overturn the Current_leadership, and possibly also the Current_order of governance.  'In 1641 there wa	المتمرد	المتمرد	APPROVED
New_order	1	Rebellion	The rebellion aims to install a New_order as their leader. This FE is more frequent with noun targets.	النظام الجديد	النظام الجديد	APPROVED
Purpose_of_donor	1	Receiving	The aim of the Donor, which they believe will be accomplished by giving  the Theme.  'Rural communities  received government subsidiesto ensure their continued 	غرض المانح	غرض المانح	APPROVED
Countertransfer	1	Receiving	A good given or a service rendered by the Recipient, in return for wich the Theme is given to the Recipient by the Donor.  'Shelley Walker of Washoe County?s In	النقل المقابل	النقل المقابل	APPROVED
Purpose_of_theme	1	Receiving	What the Recipient intends to do with the Theme.  'James Madison Memorial High School received $1,000 to purchase instruments for school orchestra and band prog	غرض الموضوع	غرض الموضوع	APPROVED
Record	1	Records	The Record is the entity in which events or accounts are permanently recorded. 'She kept a record of how many times he asked to borrow money.'	السجل	السجل	APPROVED
Recorder	1	Records	The Recorder is the person who records the Data in the Record. 'Shirley's log of her favorite eateries grew every day.'	المسجِّل	المسجِّل	APPROVED
Original_path	1	Redirecting	The route that the Theme was originally headed for.  In cases when the Theme is an intentional actor or is controlled by an intentional actor, the Original_path	المسار الأصلي	المسار الأصلي	APPROVED
Source_of_information	1	Reference_text	The Source_of_information is referred to as a source of information related to the current text.  'The accreting matter forms a disc whose instabilities trigger	مصدر المعلومة	مصدر المعلومة	APPROVED
Relation	1	Relation_between_individuals	The type of connection between the Individuals.	العلاقة المنطقية	العلاقة المنطقية	APPROVED
Focal_feature	1	Relational_natural_features	A stable bounded area defined by its relation to another landform. This FE is incorporated in each LU in this frame. 	الملمح البؤري	الملمح البؤري	APPROVED
Landmark_feature	1	Relational_natural_features	The landform with respect to which the Focal_feature is defined.	الملمح المرجعي	الملمح المرجعي	APPROVED
Numerator	1	Relational_quantity	Identifies the quantity whose magnitude is determined relative to the Denominator.	البسط	البسط	APPROVED
Denominator	1	Relational_quantity	The quantity whose magnitude is determined relative to the Numerator.	المقام	المقام	APPROVED
Focal_occasion	1	Relative_time	The Focal_occasion is the event which is  being located in time with respect to some other event: The Focal_occasion is profiled, in contrast to the Landmark_oc	المناسبة البؤرية	المناسبة البؤرية	APPROVED
Landmark_occasion	1	Relative_time	The Landmark_occasion is the event  with respect to which the Focal_occasion is located.  'Hours of eating and drinking followed the wedding ceremony.'  	المناسبة المَعلَم	المناسبة المَعلَم	APPROVED
Captor	1	Releasing	The Captor is the individual who ends the confinement or captivity of the Theme. The release of the Theme is in accord with the plans of the Captor.  'The polic	الآسِر	الآسِر	APPROVED
Expectation	1	Reliance_on_expectation	The fact which the Cognizer depends on in planning for the future.  'I think you should count on getting a paycut.'	التوقع	التوقع	APPROVED
Believer	1	Religious_belief	The Believer is the person whose religious beliefs are in question.	المعتقِد	المعتقِد	APPROVED
Original_owner	1	Remainder	The individual who owned the Resource that is being depleted.  'Only two poems are left from Virgil Smithers'	المالك الأصلي	المالك الأصلي	APPROVED
Original_context	1	Remainder	A temporal setting or event which metonymically stands for the entities that were in existence then. The Remainder is part of the Original_context. This FE occu	السياق الأصلي	السياق الأصلي	APPROVED
Vividness	1	Remembering_experience	The degree of detail and/or immediacy of  a remembered Experience.  'Brian Wooley only dimly remembered the hand falling on his shoulder'	الحيوية	الحيوية	APPROVED
Mental_content	1	Remembering_information	Mental_content stored by and accessible to the Cognizer. It may derive from experience or activity or simply from being informed of it.  'Do you remember how to	المضمون الذهني	المضمون الذهني	APPROVED
Benefiting_action	1	Reparation	The Benefiting_action is performed by the Wrongdoer to make amends. 'Between friends, amends can be made by apologizing.'	العمل النافع	العمل النافع	APPROVED
Gift	1	Reparation	Gift identifies the entity that the Wrongdoer gives to the Injured_party. 'He made it up to her with a bouquet of flowers.'	الهدية	الهدية	APPROVED
Loaner	1	Repayment	The person who is owed Money by the Debtor.  'If you borrow, you'll have to repay the bank'	المُعير	المُعير	APPROVED
Loan	1	Repayment	A situation or a representative of a situation prior to repayment in which the Debtor uses the Loaner's money.  'You must repay the mortgage in full.'	العارية	العارية	APPROVED
Enemy	1	Repel	The  Enemy is the entity that fails to overtake the Defender.  'General Monk would repel Jacobite invaders.'  	العدو	العدو	APPROVED
Invasion_act	1	Repel	This FE refers to the Invasion_act perpetrated by the Enemy.  'Spain pledged to repel any Allied invasion.'	فعل الغزو	فعل الغزو	APPROVED
Informer	1	Reporting	The Informer reports the activities of the Wrongdoer to the Authorities.	المُبلِّغ	المُبلِّغ	APPROVED
Customer	1	Request_entity	The Customer is the person or business ordering the Entity from the Supplier.  'Simone ordered a hamburger and fries.'	الزبون	الزبون	APPROVED
Required_situation	1	Required_event	The state-of-affairs which prevents Negative_consequences.	الوضع المطلوب	الوضع المطلوب	APPROVED
Negative_consequences	1	Required_event	An event or state of affairs that results if the required Required_situation does not occur and which impacts some deprofiled entity in a way that the speaker f	العواقب السلبية	العواقب السلبية	APPROVED
Harmful_situation	1	Rescuing	An event that occurs which could result in injury or harm to the Patient or Asset.  'Three foxes were saved from being savagely ripped apart.'	الوضع الضار	الوضع الضار	APPROVED
Researcher	1	Research	The people engaged in a research endeavor.  'Before he became an astronaut, Grunsfeld did research in physics. '	الباحث العلمي	الباحث العلمي	APPROVED
Duration_of_state	1	Research	The Duration_of_state is the period of time over which the research takes place.  'That particular think tank researched population change for over three decade	مدة الحالة	مدة الحالة	APPROVED
Client	1	Reserving	The entity that is intended to receive the Services of the Organization.   'Phil Collins booked his cockatoo into a $350-a-night pet hotel.'	العميل	العميل	APPROVED
Services	1	Reserving	The goods or labor that the Client requests the Organization preserve for future consumption or rendering.	الخدمات	الخدمات	APPROVED
Booker	1	Reserving	The entity that contacts the Organization directly.  In many if not most cases, a Booker is also a Client, but the roles may also be separated, e.g. a travel ag	حاجز الموعد	حاجز الموعد	APPROVED
Payment	1	Reserving	The amount paid to the Organization in exchange for the Services.	الدفعة	الدفعة	APPROVED
Deformer	1	Reshaping	The Deformer is the one who does the reshaping.  'The lieutenant crushed it angrily with his boot before looking back at Hencke.'	المشوِّه	المشوِّه	APPROVED
Resident	1	Residence	The individual(s) that reside at the Location.  'Hannah lives in San Francisco.'	الساكن	الساكن	APPROVED
Co_resident	1	Residence	A person or group of people that the resident is staying with or among.  'Boris still lives with his parents.'	الساكن المشارك	الساكن المشارك	APPROVED
Problem	1	Resolve_problem	The Problem is the predicament or mystery that is resolved.  'Likewise, once the students worked through the problem and obtained their results, their next assi	المشكلة	المشكلة	APPROVED
Resultant_situation	1	Resolve_problem	The Resultant_situation is any situation which arises as a result of resolving a Problem .    'The question was : could the situation be resolved by improving t	الوضع المترتِّب	الوضع المترتِّب	APPROVED
Rest	1	Rest	The previously unmentioned part of the Whole.   'You should try to persuade the rest of the family to do so whatever their personal opinions'	الراحة	الراحة	APPROVED
Source_material	1	Reveal_secret	The medium in which the secret Information origninally resided. 	المادة المصدر	المادة المصدر	APPROVED
Avenger	1	Revenge	The Avenger exacts revenge from the Offender for the Injury.  ' We want to avenge her. '	المنتقِم	المنتقِم	APPROVED
Response_action	1	Rewards_and_punishments	The reward or punishment given to the Evaluee by the Agent. 'If a person be guilty of impiety let him be punished with death.'	عمل الاستجابة	عمل الاستجابة	APPROVED
New_status	1	Rite	Rites may confer a New_status on a participant (e.g. rank, membership).  'Elliott was almost ordained as a priest'	المكانة الجديدة	المكانة الجديدة	APPROVED
Guardian	1	Rite	"The Guardian is the member of the Organization who instigates the rite for someone of which they are a guardian.  '<fex name = ""Guardian"">Mr. and Mrs. Wilson ba"	الوصي	الوصي	APPROVED
Roadway	1	Roadways	The Roadway is the roadway that connects locations.  'The road runs between London and Manchester.'	الطريق المعبَّد	الطريق المعبَّد	APPROVED
Frequency_of_use	1	Roadways	The Frequency_of_use is the state of the Roadway with regard to the number of people who are using the Roadway or typically use it.	تواتر الاستعمال	تواتر الاستعمال	APPROVED
Abundant_entities	1	Roadways	The Abundant_entities are the entities which occupy the space denoted by the Roadway.  ' We passed an avenue of boutiques and restaurants.'	الكيانات الوفيرة	الكيانات الوفيرة	APPROVED
Bad_outcome	1	Run_risk	A situation that the Protagonist would like to avoid. 'There was no risk of his returning.' 	المآل السيئ	المآل السيئ	APPROVED
Searcher	1	Scouring	The person who is looking all over the Ground for the Sought_entity.  'They first gained entry into the house of Raja Rao, who resides on the ground floor and r	المفتِّش الباحث	المفتِّش الباحث	APPROVED
Cognizer_agent	1	Seeking	The person who attempts to find the Sought_entity. 'John  looked for his pencil.'	المُدرِك العامل	المُدرِك العامل	APPROVED
Percept	1	Sensation	The FE Percept is used for phrases that express the characteristic property of a sensation. Typically this characteristic property is described with reference t	المُدرَك	المُدرَك	APPROVED
Sent_item	1	Sent_items	The objects being sent.   'Today the post contained a pair of brand new tyres from Continental.'	العنصر المرسَل	العنصر المرسَل	APPROVED
Sentence	1	Sentencing	The Sentence is imposed on the Convict by the Court. 'Judge Duncan sentenced Marty to five years under house detention.'	الحكم القضائي	الحكم القضائي	APPROVED
Term_of_sentence	1	Sentencing	This FE denotes the duration of the sentence. 'Tom will recieve a sentence of five years.'	مدة الحكم	مدة الحكم	APPROVED
Recipients	1	Separating	The Recipients are the groups who come into possession of the Parts of the Whole.  'Mrs. Simpson divided the candy between her children.'	المتلقون	المتلقون	APPROVED
Superset	1	Set_relation	The Superset is the larger collection of entities that includes the Subset.	المجموعة الشاملة	المجموعة الشاملة	APPROVED
Kindler	1	Setting_fire	The Kindler is the person performing the intentional act. ' Mark started the fire with a magnifying glass. '	المُشعِل	المُشعِل	APPROVED
Shape_prop	1	Shapes	This describes a property of the Shape, e.g. it's size.'Sue ate a big square of cake.'	خاصية الهيئة	خاصية الهيئة	APPROVED
Sharpness	1	Sharpness	The Sharpness value of the Entity.  This FE is denoted by the adjectives of the frame.	الحِدَّة	الحِدَّة	APPROVED
Shopper	1	Shopping	The person who attempts to find the Goods. 'John shopped for a pencil.'	المتسوق	المتسوق	APPROVED
Assets	1	Short_selling	The financial Assets being traded. 	الأصول	الأصول	APPROVED
Market	1	Short_selling	The aggregate selling place of many types of financial stocks, bond, securities, etc. The Market is also a metonym for the people who buy the Assets. 	السوق	السوق	APPROVED
Astronomical_entity	1	Sidereal_appearance	An entity which is periodically visible from the earth's surface.   'Heku left one morning as the sun rose along the plain.'	الجرم الفلكي	الجرم الفلكي	APPROVED
Correlated_event	1	Sidereal_appearance	An event that takes place simultaneously with the Astronomical_entity's appearance.  'The moon rose with the early onset of dusk.'	الحدث المترابط	الحدث المترابط	APPROVED
Indicator	1	Sign	The phenomenon that signifies the Indicated.  'He was unable to display any sign of pain.' 	المؤشر	المؤشر	APPROVED
Indicated	1	Sign	The phenomenon that is signified by the Indicator.  'We now exhibt the same symptoms of the same disease.'	المدلول عليه	المدلول عليه	APPROVED
Signatory	1	Sign_agreement	The signatory of the Agreement.  'Eisenhower signed a treaty  with aliens.'	الموقِّع	الموقِّع	APPROVED
Signature	1	Sign_agreement	The entity signifying the identity of the Signatory, resulting from the act of writing on the Agreement document.  'The Attorney General seemingly never put his	التوقيع	التوقيع	APPROVED
Differentiating_fact	1	Similarity	A fact about Entity_1 or the Entities that reveals how Entity_1 is the same or different from other entities.  (Note the contrast with 'as to'.)  'His presidenc	الحقيقة المميِّزة	الحقيقة المميِّزة	APPROVED
Profiled_event	1	Simultaneity	The event which is asserted to occur at the same time as the Landmark_event.	الحدث المبرَّز	الحدث المبرَّز	APPROVED
Connection	1	Social_connection	Connection is the personal relationship between Individuals that keeps them involved in each other's lives.	الصلة	الصلة	APPROVED
Social_event	1	Social_event	This FE identifies the Social_event itself.  'The department picnic was lots of fun.'	المناسبة الاجتماعية	المناسبة الاجتماعية	APPROVED
Attendee	1	Social_event	Attendee is used for the people who come to the Social_event.  'The whole group attended the party.'	الحاضر	الحاضر	APPROVED
Refreshment	1	Social_event	Refreshment is used for the meal, food or drinks that are served at the Social_event.  'I enjoy a tasteful dinner party.' 'I attended a cocktail party and drank	المرطِّبات	المرطِّبات	APPROVED
Attendees	1	Social_event_collective	The Attendees are the collectively construed participants of the social event.	الحاضرون	الحاضرون	APPROVED
Volume	1	Sound_level	A quantity or characterization of the Entity's sound output with repspect to its Attribute.	شدة الصوت	شدة الصوت	APPROVED
Component_sound	1	Sounds	The sound percept may be characterized in terms of Component_sounds.  'The lunch itself was held in a huge room and there was a constant babble of noise'	الصوت المكوِّن	الصوت المكوِّن	APPROVED
Sign	1	Spelling_and_pronouncing	An abstract form-meaning pairing.  'My little nephew can't say prestidigitation'	الإشارة الدالة	الإشارة الدالة	APPROVED
Formal_realization	1	Spelling_and_pronouncing	The written string, gesture, or vocalized sound sequence that the Speaker produces.  'The old uncensored editions of the Talmud referred to Jesus as Yeshua cens	التحقق الشكلي	التحقق الشكلي	APPROVED
Part_of_form	1	Spelling_and_pronouncing	"A constituent part of the Formal_realization.   'You spelled it with a ""t"".'"	جزء الصورة	جزء الصورة	APPROVED
Expected_request	1	Standing_by	The Expected_request is what triggers the Protagonist to proceed with an appropriate action.  'She did n't stand by for them to supply her with orders; she just	الطلب المتوقَّع	الطلب المتوقَّع	APPROVED
Supply	1	Store	This FE denotes the Supply of Resources. It is incorporated into each LU in this frame.	الإمداد	الإمداد	APPROVED
Controlling_act	1	Strictness	The Agent's strictness may be manifested in particular behavior: The judge was lenient in dealing with the offender. 	الفعل المتحكِّم	الفعل المتحكِّم	APPROVED
Intended_academic_credit	1	Studying	The Student's motivation for studying.    'He is studying for his Master's .'	الاعتماد الأكاديمي المقصود	الاعتماد الأكاديمي المقصود	APPROVED
Submittor	1	Submitting_documents	The person that begins in possession of the Documents and gives them over into the possession of the Authority for processing.  'The Human Services financial wo	المقدِّم	المقدِّم	APPROVED
Documents	1	Submitting_documents	The artifacts containing content, typically in the form of text and images, that the Submittor gives to the Authority.  'Once you have submitted the form, a req	الوثائق	الوثائق	APPROVED
Superior	1	Subordinates_and_superiors	The individual in charge of the Subordinate.	الرئيس	الرئيس	APPROVED
Subordinate	1	Subordinates_and_superiors	The individual under the command of the Superior.	المرؤوس	المرؤوس	APPROVED
Counter_actor	1	Subversion	A person who intentionally or not acts in such a way that an Agent or State_of_affairs is impeded.  'Tory rebels queued to warn that they wouldsabotage efforts 	الفاعل المضاد	الفاعل المضاد	APPROVED
Adequacy	1	Successfully_communicate_message	The degree to which the Communicator's efforts are effective at making the Addressee understand and appreciate the Message.  'The ads clearly got across the nee	الكفاية	الكفاية	APPROVED
Scale	1	Sufficiency	The Scale is the attribute of the Item that is being described.'It was hot enough to ignite the iron.''The workforce is sufficient in number and proficiency to 	المقياس المتدرِّج	المقياس المتدرِّج	APPROVED
Enabled_situation	1	Sufficiency	This FE identifies the Enabled_situation by which the critical value is judged. 'Can He make a rock too heavy for Him to lift?' 'There's almost enough for thirt	الوضع المُمكَّن	الوضع المُمكَّن	APPROVED
Summary	1	Summarizing	"The content that results from the summarization.  'She summarized our involvement as a ""qualified success"".' 'Aston boiledthe situation down to one word: FUBAR."	الملخص	الملخص	APPROVED
Supporter	1	Supporting	The Supporter acts to benefit the Supported by providing additional strength or stability.	المؤيِّد	المؤيِّد	APPROVED
Supported	1	Supporting	The Supported is given strength through the assistance of the Supporter.     	المؤيَّد	المؤيَّد	APPROVED
Surrenderer	1	Surrendering_possession	The person compelled to transfer the Theme to the Recipient.  	المستسلِم	المستسلِم	APPROVED
Survivor	1	Surviving	The Survivor lives through a Dangerous_situation.	الناجي	الناجي	APPROVED
Dangerous_situation	1	Surviving	The Dangerous_situation is one in which people are likely or expected to be negatively affected.	الوضع الخطر	الوضع الخطر	APPROVED
Captive	1	Taking_captive	The entity which is captured.  'Police have captured three of the suspected bombers after a week-long search.'	الأسير	الأسير	APPROVED
Time_length	1	Taking_time	The amount of time required for the Activity.  'It'll only take 20 seconds.'	طول الزمن	طول الزمن	APPROVED
Team	1	Team	This FE identifies the collection of entities that are the Team. 	الفريق	الفريق	APPROVED
Trajector_entity	1	Temporal_collocation	The entity that occurs at some time.  'The current President of Georgia was born in Tbilisi.'  'Books in the early 19th century had fewer pictures.'	الكيان المتحرِّك	الكيان المتحرِّك	APPROVED
Trajector_period	1	Temporal_collocation	The period that occurs with respect to some other time.  'Future eras will be vastly changed from today.'	الفترة المتحرِّكة	الفترة المتحرِّكة	APPROVED
Landmark_entity	1	Temporal_collocation	The entity which designates the time of some trajector.  Note: this FE is infrequent or non-existent in English and is included for completeness.	الكيان المرجعي	الكيان المرجعي	APPROVED
Subevent	1	Temporal_pattern	The salient, punctual event that is construed as part of a Process.  'His rhythmic tapping irritated her'	الحدث الفرعي	الحدث الفرعي	APPROVED
Subpart_property	1	Temporal_subregion	Some description which pertains specifically to the Subpart (rather than the Time_period).  'Indeed, the sorry end of the HCI period, with Korea in recession an	خاصية الجزء الفرعي	خاصية الجزء الفرعي	APPROVED
Time_period	1	Temporal_subregion	A temporal span conceived of as a whole.  'A zillion copies and clones have been made of this Russian game since it first was released in the mid 80's.'	الحقبة	الحقبة	APPROVED
Temporary_group	1	Temporary_group	The group formed temporarily from a larger group for a particular purpose.  'The Americans posted a small detachment to guard the facilities.'	المجموعة المؤقتة	المجموعة المؤقتة	APPROVED
Regulated_entity	1	Terms_of_agreement	A salient entity, an activity or behavior by the parties to the agreement to which a particular stipulation pertains.  'Many believed that the military terms of	الكيان المنظَّم	الكيان المنظَّم	APPROVED
Requirements	1	Terms_of_agreement	The Requirements that a particular stipulation of the Agreement imposes on one or both of the parties.  'Each time you use the site, a condition of use is that 	المتطلبات	المتطلبات	APPROVED
Party	1	Terms_of_agreement	A party who demands that certain Requirements be met before they will enter into an Agreement or allow a Desired_state_of_affairs to be realized.  'Our politica	الطرف	الطرف	APPROVED
Terrorist	1	Terrorism	The Terrorist commits the Act of terror for political or ideological gains.  'Several domestic terrorists were operating from the site during the mid 1990s.'	الإرهابي	الإرهابي	APPROVED
Containing_text	1	Text	This is a text in which the Text is located. 'The last poem in the anthology was horrid.'  	النص الحاوي	النص الحاوي	APPROVED
Genre	1	Text	The Genre or sub-Genre of the Text.  'She writes only historical fiction.'  'I've got three comedic screenplays on my desk right now!'	الجنس الأدبي	الجنس الأدبي	APPROVED
Matter	1	Thermodynamic_phase	The Matter is the physical substance or entity being described in terms of a Phase. 	الأمر	الأمر	APPROVED
Phase	1	Thermodynamic_phase	The state of the Matter being described. 	الطور	الطور	APPROVED
Desirability	1	Thriving	This FE describes the state of the Entity. It is often incorporated into the LUs of this frame.  'He was living well after his promotion.'	الاستحباب	الاستحباب	APPROVED
Preventing_cause	1	Thwarting	The Preventing_cause is the agent or force who keeps the Protagonist from completing her or his planned Action.	السبب المانع	السبب المانع	APPROVED
Enabled_action	1	Time_period_of_action	The action that becomes possible through the existence of the period of time.	العمل المُمكَّن	العمل المُمكَّن	APPROVED
Timetable	1	Timetable	The mental schedule of times at which the Events are set to take place.  'My idiot friend forgot his class schedule again.'	الجدول الزمني	الجدول الزمني	APPROVED
Time_of_implementation	1	Timetable	The time at which the Events on the Timetable transpire.  'What's on the agenda today?'	زمن التنفيذ	زمن التنفيذ	APPROVED
Tool	1	Tool_purpose	A Tool is the object or process that has been designed specifically to achieve a Purpose.	الأداة اليدوية	الأداة اليدوية	APPROVED
Tourist	1	Touring	The individual that is seeking an experience at an Attraction.	السائح	السائح	APPROVED
Attraction	1	Touring	The societally-recognized unique location that the Tourist experiences.	المَعلَم السياحي	المَعلَم السياحي	APPROVED
Toxic_substance	1	Toxic_substance	This FE marks expressions that indicate the substance which potentially causes harm to a Victim.   'Highly toxic pollutants could be safely disposed of by burni	المادة السامة	المادة السامة	APPROVED
Toxin_source	1	Toxic_substance	A living organism, object or process that produces a Toxic_substance.  'A young man was bitten by a poisonous snake and lives to tell about it.'	مصدر السم	مصدر السم	APPROVED
Rider	1	Transportation_status	The Rider is being transported by a Vehicle.	الراكب	الراكب	APPROVED
Trap	1	Trap	The Trap is a device, strategy, or system designed to mislead and cause harm to a Victim.	الفخ	الفخ	APPROVED
Traveler	1	Travel	This is the living being which travels. Normally, the Traveler is expressed as an external argument.	المسافر	المسافر	APPROVED
Baggage	1	Travel	The Baggage are the items necessary for travel that accompany the Traveler. 'Ellen journeyed to Europe with five suitcases.'	الأمتعة	الأمتعة	APPROVED
Travel_means	1	Travel	This FE applies to expressions that indicate documents, money, tickets, etc. which allow people to engage in travel. 'He traveled to San Diego on a standby tick	وسيلة السفر	وسيلة السفر	APPROVED
Information_source	1	Trust	The individual that gives Information to the Cognizer.  'Why should we believe him ?'	مصدر المعلومات	مصدر المعلومات	APPROVED
Governing_authority	1	Try_defendant	The Defendant is tried under the laws of the Governing_authority. 'The United States will try the accused bomber in a federal courthouse.'	السلطة الحاكمة	السلطة الحاكمة	APPROVED
Evaluator	1	Trying_out	The person (or metonymic manifestation thereof) that participates in the Experience.  'She tested out six cars before finding the one she liked.'	المُقيِّم الرسمي	المُقيِّم الرسمي	APPROVED
Type_property	1	Type	A property of the Subtype itself rather than the members of the Category.   'I tried a new type of hair gel yesterday.'   Many Type_property adjectives (e.g. ne	خاصية النوع	خاصية النوع	APPROVED
Item_property	1	Type	A property of the members of the Category that helps identify (directly or indirectly) the particular set of members that are referred to by the Subtype.  'He h	خاصية العنصر	خاصية العنصر	APPROVED
Reported_fact	1	Unattributed_information	An assertion of a state, event, property or existence or the assignment to a category that the speaker attributes to unnamed others.  'Lester Hayes was purporte	الواقعة المنقولة	الواقعة المنقولة	APPROVED
Initial_quality	1	Undergo_change	The value of the Attribute before the change takes place.  'At that time, my asthma changed from very mild to severe.' 	الصفة الابتدائية	الصفة الابتدائية	APPROVED
Intermediate_value	1	Undergo_change	A value that the Attribute assumes before the Final_value obtains.  'The slurry was stirred until the color of the suspension changed from red via orange to yel	القيمة الوسيطة	القيمة الوسيطة	APPROVED
Initial_situation	1	Undergo_change	The situation that the Entity began in.  'She slowly shifted from giving him makework to actually finding he had some skills .'	الوضع الابتدائي	الوضع الابتدائي	APPROVED
Employment	1	Unemployment_rate	The property of a group of Individuals describing how many of them are employed or unemployed.  'The statistics are shocking: unemployment is 57 per cent.'	التوظيف	التوظيف	APPROVED
Excess	1	Used_up	This FE indicates that the presence of an overwhelming amount of a kind of entity or the high intensity of an event is sufficient to bring about the used up sta	الفائض	الفائض	APPROVED
Portion	1	Using_resource	The amount of the Resource that the Agent uses to achieve the Purpose.	الحصة	الحصة	APPROVED
Itinerary	1	Vehicle	The frame element tells about the time and route of the service of the transportation device. 'You must take the midnight train to get there by tomorrow noon.'	خط الرحلة	خط الرحلة	APPROVED
Means_of_propulsion	1	Vehicle	The Means_of_propulsion designates how the vehicle is moved. ' They rode in a horse-drawn carriage. ' 	وسيلة الدفع	وسيلة الدفع	APPROVED
Unconfirmed_content	1	Verification	An open proposition that the Inspector decides by examining evidence.  It is usually a propostion put forward which some parties would disbelieve or contest.  '	المضمون غير المؤكَّد	المضمون غير المؤكَّد	APPROVED
Bomber	1	Victim_operated_IED	The person who sets the bomb.	المفجِّر	المفجِّر	APPROVED
Aggressor	1	Violence	The Aggressor is the person causing the Victim's injury.  'Your brutality on your enemies seems to know no boundaries.'	المعتدي المبادِر	المعتدي المبادِر	APPROVED
Aggressors	1	Violence	The Aggressors commit acts of violence upon each other.  'Hope for a peaceful resoliton is gone as violence between the two sides reignites.'	المعتدون	المعتدون	APPROVED
Gambler	1	Wagering	The person who wages the Asset on a certain Outcome.	المقامر	المقامر	APPROVED
Uncertain_situation	1	Wagering	The Gambler predicts how an Uncertain_situation will resolve.	الوضع غير المؤكَّد	الوضع غير المؤكَّد	APPROVED
Expected_event	1	Waiting	The Expected_event is an event that needs to take place or a state that needs to begin to hold before the Protagonist can proceed with their planned activities.	الحدث المتوقَّع	الحدث المتوقَّع	APPROVED
Options	1	Waver_between_options	The Options are the alternative courses of action or the alternative physical or concrete entities that the Cognizer can choose from.  'In the late 1890s Carneg	الخيارات	الخيارات	APPROVED
Option_1	1	Waver_between_options	When there is an explicitly separate construal of the Options, Option_1 is the first-mentioned alternative, typically in the form of a from-PP. When it is clear	الخيار 1	الخيار 1	APPROVED
Option_2	1	Waver_between_options	When there is an explicitly separate construal of the Options, Option_2 is the second-mentioned alternative, typically in the form of a to-PP. When it is clear 	الخيار 2	الخيار 2	APPROVED
Type_of_possession	1	Wealthiness	A characterization of the entity (usually money) that the Person (or Institution possesses.  'We are rich in money, but poor Type_of_possession.'	نوع الملكية	نوع الملكية	APPROVED
Intended_wearing_location	1	Wearing	The location whose characteristics or state the Clothing of the Wearer was intended to suit.  This FE is only possible with wear.v.  'She wore her purple dress 	موضع اللبس المقصود	موضع اللبس المقصود	APPROVED
Sign_1	1	Word_relations	FN: a linguistic unit that carries semantic, phonological or syntactic information. ' In one sense, dog is a hyponym of itself.'	الإشارة 1	الإشارة 1	APPROVED
Sign_2	1	Word_relations	FN: a linguistic unit  'In one sense, dog is a hyponym of itself.'	الإشارة 2	الإشارة 2	APPROVED
Signs	1	Word_relations	FN: Linguistic units ' Happy and sad are antonyms.'	الإشارات	الإشارات	APPROVED
Post	1	Working_a_post	The Post is a location or station assigned to the Agent where a task or tasks are to be performed.  'Sue was staffing the entrance when everything started to go	المنصب	المنصب	APPROVED
