en_lu_id,status
4765,MAPPED
4767,MAPPED
4768,MAPPED
4769,MAPPED
4770,MAPPED
4771,MAPPED
4772,MAPPED
4773,MAPPED
4774,MAPPED
4797,MAPPED
4798,MAPPED
4799,MAPPED
5184,MAPPED
6916,MAPPED
6917,MAPPED
6918,MAPPED
6963,NO_ARABIC_EQUIVALENT
6967,MAPPED
6969,MAPPED
6970,EVIDENCE_GAP_ONLY
6972,MAPPED
6973,MAPPED
6987,MAPPED
6988,EVIDENCE_GAP_ONLY
6990,EVIDENCE_GAP_ONLY
6991,MAPPED
6992,MAPPED
6993,MAPPED
6994,EVIDENCE_GAP_ONLY
6995,EVIDENCE_GAP_ONLY
6996,EVIDENCE_GAP_ONLY
6997,MAPPED
6998,MAPPED
6999,MAPPED
7000,MAPPED
7001,MAPPED
7002,NO_ARABIC_EQUIVALENT
7004,MAPPED
7005,EVIDENCE_GAP_ONLY
7009,MAPPED
7010,MAPPED
7012,MAPPED
7013,MAPPED
7014,MAPPED
7015,MAPPED
7016,MAPPED
7018,MAPPED
7019,MAPPED
7020,MAPPED
7021,MAPPED
7022,MAPPED
7023,MAPPED
7024,MAPPED
7028,MAPPED
7029,MAPPED
7030,EVIDENCE_GAP_ONLY
7031,MAPPED
7053,EVIDENCE_GAP_ONLY
7109,MAPPED
7126,EVIDENCE_GAP_ONLY
7129,MAPPED
7130,MAPPED
7132,MAPPED
7139,NO_ARABIC_EQUIVALENT
13511,MAPPED
17295,MAPPED
17675,NO_ARABIC_EQUIVALENT
3056,MAPPED
3358,MAPPED
3359,MAPPED
3360,MAPPED
3362,EVIDENCE_GAP_ONLY
3363,MAPPED
3364,MAPPED
3365,MAPPED
3366,MAPPED
3367,EVIDENCE_GAP_ONLY
3368,EVIDENCE_GAP_ONLY
3370,MAPPED
3371,MAPPED
3372,MAPPED
3373,MAPPED
3374,NO_ARABIC_EQUIVALENT
3375,MAPPED
3376,MAPPED
3377,NO_ARABIC_EQUIVALENT
3399,MAPPED
3429,MAPPED
3430,MAPPED
3432,MAPPED
3433,MAPPED
3435,MAPPED
3436,NO_ARABIC_EQUIVALENT
3437,MAPPED
3438,MAPPED
3439,EVIDENCE_GAP_ONLY
3440,MAPPED
3442,MAPPED
3443,MAPPED
3444,NO_ARABIC_EQUIVALENT
3445,EVIDENCE_GAP_ONLY
3446,NO_ARABIC_EQUIVALENT
3447,NO_ARABIC_EQUIVALENT
3448,MAPPED
3449,NO_ARABIC_EQUIVALENT
3450,NO_ARABIC_EQUIVALENT
3451,NO_ARABIC_EQUIVALENT
3452,NO_ARABIC_EQUIVALENT
3453,NO_ARABIC_EQUIVALENT
3454,NO_ARABIC_EQUIVALENT
3456,NO_ARABIC_EQUIVALENT
3457,EVIDENCE_GAP_ONLY
3458,NO_ARABIC_EQUIVALENT
3459,MAPPED
3460,MAPPED
3461,MAPPED
3462,MAPPED
3463,NO_ARABIC_EQUIVALENT
3541,MAPPED
3600,NO_ARABIC_EQUIVALENT
3604,NO_ARABIC_EQUIVALENT
3605,MAPPED
3606,MAPPED
3608,MAPPED
3609,EVIDENCE_GAP_ONLY
3610,MAPPED
3611,EVIDENCE_GAP_ONLY
3612,MAPPED
3613,MAPPED
3614,NO_ARABIC_EQUIVALENT
3615,EVIDENCE_GAP_ONLY
3616,EVIDENCE_GAP_ONLY
3617,NO_ARABIC_EQUIVALENT
3618,EVIDENCE_GAP_ONLY
3620,MAPPED
3672,NO_ARABIC_EQUIVALENT
3673,MAPPED
3674,MAPPED
3675,NO_ARABIC_EQUIVALENT
3676,NO_ARABIC_EQUIVALENT
3677,MAPPED
3678,MAPPED
3679,MAPPED
12212,MAPPED
2108,EVIDENCE_GAP_ONLY
2109,EVIDENCE_GAP_ONLY
2110,NO_ARABIC_EQUIVALENT
2111,EVIDENCE_GAP_ONLY
2112,EVIDENCE_GAP_ONLY
2113,MAPPED
2114,MAPPED
2115,MAPPED
2116,MAPPED
2117,MAPPED
2118,EVIDENCE_GAP_ONLY
2119,EVIDENCE_GAP_ONLY
2120,MAPPED
2121,MAPPED
2122,MAPPED
2123,MAPPED
2124,MAPPED
2125,MAPPED
2126,MAPPED
2127,MAPPED
2130,MAPPED
2131,MAPPED
2132,MAPPED
2133,EVIDENCE_GAP_ONLY
2134,EVIDENCE_GAP_ONLY
2135,EVIDENCE_GAP_ONLY
2136,MAPPED
2137,EVIDENCE_GAP_ONLY
2139,EVIDENCE_GAP_ONLY
2140,MAPPED
2141,EVIDENCE_GAP_ONLY
2525,EVIDENCE_GAP_ONLY
2531,NO_ARABIC_EQUIVALENT
2552,EVIDENCE_GAP_ONLY
2661,MAPPED
2662,EVIDENCE_GAP_ONLY
2663,MAPPED
2664,MAPPED
2665,MAPPED
2666,MAPPED
2667,MAPPED
2859,EVIDENCE_GAP_ONLY
2880,MAPPED
2881,MAPPED
2882,MAPPED
2883,MAPPED
2884,MAPPED
2885,EVIDENCE_GAP_ONLY
2886,EVIDENCE_GAP_ONLY
2887,EVIDENCE_GAP_ONLY
2888,NO_ARABIC_EQUIVALENT
2889,EVIDENCE_GAP_ONLY
2890,EVIDENCE_GAP_ONLY
2891,NO_ARABIC_EQUIVALENT
2896,NO_ARABIC_EQUIVALENT
2926,MAPPED
3143,MAPPED
3144,MAPPED
3145,EVIDENCE_GAP_ONLY
3146,MAPPED
4033,MAPPED
6000,EVIDENCE_GAP_ONLY
8600,EVIDENCE_GAP_ONLY
10697,EVIDENCE_GAP_ONLY
13115,MAPPED
13782,MAPPED
16150,MAPPED
16753,EVIDENCE_GAP_ONLY
17097,MAPPED
16015,EVIDENCE_GAP_ONLY
16016,MAPPED
16017,MAPPED
18053,MAPPED
18061,MAPPED
18063,MAPPED
18064,MAPPED
18065,MAPPED
18066,MAPPED
18067,EVIDENCE_GAP_ONLY
18068,MAPPED
18069,MAPPED
18070,MAPPED
18071,MAPPED
18072,MAPPED
18073,MAPPED
18075,MAPPED
18076,EVIDENCE_GAP_ONLY
18077,MAPPED
18078,EVIDENCE_GAP_ONLY
18079,MAPPED
18080,MAPPED
18082,MAPPED
18083,EVIDENCE_GAP_ONLY
18084,MAPPED
18085,MAPPED
18086,MAPPED
18087,MAPPED
18088,MAPPED
18089,MAPPED
18090,MAPPED
18091,EVIDENCE_GAP_ONLY
18092,MAPPED
18093,MAPPED
18094,MAPPED
18095,MAPPED
18096,MAPPED
18097,EVIDENCE_GAP_ONLY
18098,MAPPED
18099,EVIDENCE_GAP_ONLY
18100,EVIDENCE_GAP_ONLY
18101,MAPPED
18102,EVIDENCE_GAP_ONLY
18104,EVIDENCE_GAP_ONLY
18108,MAPPED
18109,MAPPED
18110,MAPPED
18111,MAPPED
18112,MAPPED
18113,EVIDENCE_GAP_ONLY
18115,EVIDENCE_GAP_ONLY
18120,MAPPED
18121,MAPPED
18126,EVIDENCE_GAP_ONLY
18127,EVIDENCE_GAP_ONLY
18130,MAPPED
3765,EVIDENCE_GAP_ONLY
3768,MAPPED
4515,MAPPED
4528,MAPPED
4529,MAPPED
4530,EVIDENCE_GAP_ONLY
4531,MAPPED
4532,EVIDENCE_GAP_ONLY
4533,MAPPED
4535,MAPPED
4536,MAPPED
4537,MAPPED
4538,MAPPED
4539,MAPPED
4540,MAPPED
4541,MAPPED
4542,EVIDENCE_GAP_ONLY
4543,MAPPED
4706,MAPPED
4708,MAPPED
4709,MAPPED
4710,MAPPED
4716,MAPPED
4717,MAPPED
4718,MAPPED
4719,MAPPED
4720,MAPPED
4721,NO_ARABIC_EQUIVALENT
4722,MAPPED
4723,EVIDENCE_GAP_ONLY
4724,MAPPED
4725,MAPPED
4836,MAPPED
5158,MAPPED
5159,MAPPED
5477,MAPPED
5480,MAPPED
5548,MAPPED
5768,MAPPED
5938,EVIDENCE_GAP_ONLY
6986,MAPPED
8695,MAPPED
11756,EVIDENCE_GAP_ONLY
11871,MAPPED
11872,MAPPED
11873,MAPPED
11874,MAPPED
11912,MAPPED
11913,MAPPED
11914,MAPPED
11915,MAPPED
11916,MAPPED
13150,MAPPED
14831,NO_ARABIC_EQUIVALENT
15672,NO_ARABIC_EQUIVALENT
7170,EVIDENCE_GAP_ONLY
7171,MAPPED
7172,EVIDENCE_GAP_ONLY
7173,EVIDENCE_GAP_ONLY
7174,MAPPED
7175,MAPPED
7176,EVIDENCE_GAP_ONLY
7177,NO_ARABIC_EQUIVALENT
7178,MAPPED
7179,MAPPED
7180,MAPPED
7181,MAPPED
7182,MAPPED
7183,MAPPED
7184,MAPPED
7192,MAPPED
7193,MAPPED
7194,MAPPED
7195,MAPPED
7203,MAPPED
7207,MAPPED
7208,MAPPED
7209,EVIDENCE_GAP_ONLY
7210,MAPPED
7211,MAPPED
7212,EVIDENCE_GAP_ONLY
7213,EVIDENCE_GAP_ONLY
7235,MAPPED
7236,MAPPED
7237,MAPPED
7238,EVIDENCE_GAP_ONLY
7239,MAPPED
7240,EVIDENCE_GAP_ONLY
7241,EVIDENCE_GAP_ONLY
7243,MAPPED
7244,MAPPED
7245,MAPPED
7246,MAPPED
7247,MAPPED
7248,MAPPED
7249,EVIDENCE_GAP_ONLY
7250,EVIDENCE_GAP_ONLY
7306,NO_ARABIC_EQUIVALENT
7307,MAPPED
7308,MAPPED
7309,MAPPED
7310,EVIDENCE_GAP_ONLY
16409,EVIDENCE_GAP_ONLY
18160,MAPPED
65,MAPPED
66,MAPPED
67,MAPPED
68,EVIDENCE_GAP_ONLY
69,MAPPED
70,EVIDENCE_GAP_ONLY
71,MAPPED
72,EVIDENCE_GAP_ONLY
73,MAPPED
74,MAPPED
75,MAPPED
76,MAPPED
77,MAPPED
78,MAPPED
80,EVIDENCE_GAP_ONLY
83,EVIDENCE_GAP_ONLY
84,MAPPED
85,MAPPED
86,MAPPED
87,MAPPED
88,EVIDENCE_GAP_ONLY
89,MAPPED
90,MAPPED
91,MAPPED
93,MAPPED
94,MAPPED
95,MAPPED
98,MAPPED
99,MAPPED
100,MAPPED
101,MAPPED
102,MAPPED
103,MAPPED
104,MAPPED
105,MAPPED
106,MAPPED
107,MAPPED
108,MAPPED
3975,NO_ARABIC_EQUIVALENT
3976,EVIDENCE_GAP_ONLY
3978,MAPPED
3979,MAPPED
3980,MAPPED
3981,MAPPED
4003,MAPPED
4083,MAPPED
4084,MAPPED
4085,NO_ARABIC_EQUIVALENT
4990,MAPPED
6171,MAPPED
9717,MAPPED
10986,MAPPED
10987,MAPPED
10992,MAPPED
11011,EVIDENCE_GAP_ONLY
11148,MAPPED
11954,EVIDENCE_GAP_ONLY
11955,MAPPED
11962,MAPPED
15305,EVIDENCE_GAP_ONLY
15376,MAPPED
17314,MAPPED
17670,MAPPED
2377,MAPPED
2379,MAPPED
2380,MAPPED
2383,EVIDENCE_GAP_ONLY
2384,MAPPED
2385,EVIDENCE_GAP_ONLY
2387,EVIDENCE_GAP_ONLY
2390,EVIDENCE_GAP_ONLY
2391,EVIDENCE_GAP_ONLY
2393,MAPPED
2394,EVIDENCE_GAP_ONLY
2395,MAPPED
2396,EVIDENCE_GAP_ONLY
2397,MAPPED
2398,MAPPED
2399,EVIDENCE_GAP_ONLY
2400,MAPPED
2402,EVIDENCE_GAP_ONLY
2403,MAPPED
2404,MAPPED
2405,MAPPED
2406,EVIDENCE_GAP_ONLY
2407,MAPPED
2408,EVIDENCE_GAP_ONLY
2409,MAPPED
2410,MAPPED
2412,EVIDENCE_GAP_ONLY
2413,MAPPED
2415,MAPPED
2501,EVIDENCE_GAP_ONLY
2502,MAPPED
2503,MAPPED
2504,MAPPED
2505,MAPPED
2506,EVIDENCE_GAP_ONLY
2507,MAPPED
2508,MAPPED
2509,EVIDENCE_GAP_ONLY
2510,MAPPED
2512,MAPPED
2513,EVIDENCE_GAP_ONLY
2514,MAPPED
2515,MAPPED
2516,MAPPED
2517,MAPPED
2518,EVIDENCE_GAP_ONLY
2519,MAPPED
2526,EVIDENCE_GAP_ONLY
2533,MAPPED
2534,MAPPED
2535,MAPPED
2536,EVIDENCE_GAP_ONLY
2537,EVIDENCE_GAP_ONLY
2538,EVIDENCE_GAP_ONLY
2539,MAPPED
2540,MAPPED
2541,EVIDENCE_GAP_ONLY
2542,MAPPED
2543,NO_ARABIC_EQUIVALENT
2544,EVIDENCE_GAP_ONLY
2547,MAPPED
2549,MAPPED
2550,MAPPED
2551,MAPPED
2553,EVIDENCE_GAP_ONLY
2554,MAPPED
2567,EVIDENCE_GAP_ONLY
2568,EVIDENCE_GAP_ONLY
2569,MAPPED
2570,EVIDENCE_GAP_ONLY
2633,EVIDENCE_GAP_ONLY
2634,MAPPED
2635,MAPPED
2643,NO_ARABIC_EQUIVALENT
2644,MAPPED
2646,MAPPED
2647,MAPPED
2648,MAPPED
2649,MAPPED
2684,MAPPED
2693,MAPPED
2694,MAPPED
2845,MAPPED
2846,EVIDENCE_GAP_ONLY
2847,MAPPED
2855,MAPPED
10278,MAPPED
11244,MAPPED
14162,MAPPED
15304,MAPPED
15969,EVIDENCE_GAP_ONLY
15974,MAPPED
17298,MAPPED
17308,EVIDENCE_GAP_ONLY
18703,MAPPED
3159,MAPPED
3160,MAPPED
3161,MAPPED
3162,MAPPED
3163,EVIDENCE_GAP_ONLY
3164,MAPPED
3165,MAPPED
3166,EVIDENCE_GAP_ONLY
3167,MAPPED
3168,MAPPED
3169,MAPPED
3170,MAPPED
3171,NO_ARABIC_EQUIVALENT
3174,MAPPED
3175,MAPPED
3176,MAPPED
3177,NO_ARABIC_EQUIVALENT
3178,NO_ARABIC_EQUIVALENT
3179,MAPPED
3180,MAPPED
3181,MAPPED
3182,MAPPED
3183,MAPPED
3184,MAPPED
3185,EVIDENCE_GAP_ONLY
3186,MAPPED
3187,EVIDENCE_GAP_ONLY
3188,NO_ARABIC_EQUIVALENT
3189,MAPPED
3190,MAPPED
3191,EVIDENCE_GAP_ONLY
3192,EVIDENCE_GAP_ONLY
3193,MAPPED
3194,EVIDENCE_GAP_ONLY
3195,MAPPED
3196,MAPPED
3197,MAPPED
3198,MAPPED
3199,MAPPED
3200,MAPPED
3201,MAPPED
3202,MAPPED
3203,NO_ARABIC_EQUIVALENT
3204,MAPPED
3205,NO_ARABIC_EQUIVALENT
3206,NO_ARABIC_EQUIVALENT
3207,NO_ARABIC_EQUIVALENT
3208,MAPPED
3209,MAPPED
3210,MAPPED
3211,MAPPED
3212,MAPPED
3213,MAPPED
3214,EVIDENCE_GAP_ONLY
3215,MAPPED
3216,EVIDENCE_GAP_ONLY
3217,MAPPED
3218,MAPPED
3219,MAPPED
3220,MAPPED
3221,MAPPED
3222,MAPPED
3223,MAPPED
3224,MAPPED
3225,MAPPED
3226,MAPPED
3227,MAPPED
3229,NO_ARABIC_EQUIVALENT
3230,NO_ARABIC_EQUIVALENT
3231,EVIDENCE_GAP_ONLY
3232,EVIDENCE_GAP_ONLY
3233,MAPPED
7294,NO_ARABIC_EQUIVALENT
10113,MAPPED
10114,EVIDENCE_GAP_ONLY
10918,MAPPED
14713,MAPPED
16421,MAPPED
17624,MAPPED
18480,NO_ARABIC_EQUIVALENT
2999,MAPPED
3000,MAPPED
3001,MAPPED
3002,EVIDENCE_GAP_ONLY
3003,NO_ARABIC_EQUIVALENT
3004,EVIDENCE_GAP_ONLY
3005,MAPPED
3006,EVIDENCE_GAP_ONLY
3007,EVIDENCE_GAP_ONLY
3008,NO_ARABIC_EQUIVALENT
3009,MAPPED
3010,MAPPED
3011,NO_ARABIC_EQUIVALENT
3012,MAPPED
3013,EVIDENCE_GAP_ONLY
3014,MAPPED
3015,MAPPED
3016,NO_ARABIC_EQUIVALENT
3017,MAPPED
3018,MAPPED
3019,EVIDENCE_GAP_ONLY
3020,NO_ARABIC_EQUIVALENT
3021,MAPPED
3022,MAPPED
3023,NO_ARABIC_EQUIVALENT
3024,MAPPED
3025,EVIDENCE_GAP_ONLY
3027,EVIDENCE_GAP_ONLY
3028,MAPPED
3029,EVIDENCE_GAP_ONLY
3031,MAPPED
3032,MAPPED
3084,NO_ARABIC_EQUIVALENT
3085,EVIDENCE_GAP_ONLY
3086,MAPPED
3087,MAPPED
3088,MAPPED
3089,NO_ARABIC_EQUIVALENT
3090,NO_ARABIC_EQUIVALENT
3091,MAPPED
3092,MAPPED
3093,MAPPED
3094,MAPPED
3095,MAPPED
3096,NO_ARABIC_EQUIVALENT
3097,MAPPED
3098,EVIDENCE_GAP_ONLY
3099,MAPPED
3100,MAPPED
3101,EVIDENCE_GAP_ONLY
3102,MAPPED
3103,EVIDENCE_GAP_ONLY
3104,MAPPED
3105,NO_ARABIC_EQUIVALENT
3106,MAPPED
3107,MAPPED
3108,NO_ARABIC_EQUIVALENT
3109,MAPPED
3110,NO_ARABIC_EQUIVALENT
3111,NO_ARABIC_EQUIVALENT
3112,MAPPED
3113,MAPPED
3114,MAPPED
3115,NO_ARABIC_EQUIVALENT
3116,MAPPED
3117,EVIDENCE_GAP_ONLY
3118,NO_ARABIC_EQUIVALENT
3119,MAPPED
3120,NO_ARABIC_EQUIVALENT
3121,EVIDENCE_GAP_ONLY
3122,MAPPED
3123,MAPPED
3124,MAPPED
3125,MAPPED
3126,EVIDENCE_GAP_ONLY
3127,MAPPED
3128,MAPPED
3129,MAPPED
3131,NO_ARABIC_EQUIVALENT
3132,EVIDENCE_GAP_ONLY
3134,NO_ARABIC_EQUIVALENT
3135,MAPPED
3136,NO_ARABIC_EQUIVALENT
3137,EVIDENCE_GAP_ONLY
3138,EVIDENCE_GAP_ONLY
3139,MAPPED
7105,MAPPED
10228,MAPPED
10229,MAPPED
10230,MAPPED
10231,MAPPED
10232,MAPPED
10233,EVIDENCE_GAP_ONLY
10869,EVIDENCE_GAP_ONLY
10921,MAPPED
12613,MAPPED
13513,MAPPED
13638,EVIDENCE_GAP_ONLY
14009,MAPPED
14343,EVIDENCE_GAP_ONLY
14689,EVIDENCE_GAP_ONLY
14926,MAPPED
16773,MAPPED
16811,MAPPED
3946,EVIDENCE_GAP_ONLY
3947,MAPPED
3948,MAPPED
3951,MAPPED
3952,MAPPED
3954,NO_ARABIC_EQUIVALENT
3955,MAPPED
3956,EVIDENCE_GAP_ONLY
3957,EVIDENCE_GAP_ONLY
3994,EVIDENCE_GAP_ONLY
3995,EVIDENCE_GAP_ONLY
3996,MAPPED
3997,MAPPED
3999,EVIDENCE_GAP_ONLY
4000,MAPPED
4054,EVIDENCE_GAP_ONLY
4055,EVIDENCE_GAP_ONLY
4056,EVIDENCE_GAP_ONLY
4059,MAPPED
4060,MAPPED
4061,MAPPED
4062,MAPPED
4063,EVIDENCE_GAP_ONLY
4064,EVIDENCE_GAP_ONLY
4065,MAPPED
4066,MAPPED
4068,EVIDENCE_GAP_ONLY
4074,MAPPED
4078,MAPPED
4080,NO_ARABIC_EQUIVALENT
4081,EVIDENCE_GAP_ONLY
4643,MAPPED
4644,MAPPED
4645,MAPPED
4646,MAPPED
4647,MAPPED
4648,MAPPED
4649,MAPPED
4650,MAPPED
4651,MAPPED
4652,MAPPED
4653,MAPPED
4654,MAPPED
4655,EVIDENCE_GAP_ONLY
4764,MAPPED
4969,EVIDENCE_GAP_ONLY
5138,EVIDENCE_GAP_ONLY
5139,MAPPED
5140,EVIDENCE_GAP_ONLY
5142,MAPPED
5143,MAPPED
5144,EVIDENCE_GAP_ONLY
5185,MAPPED
7345,MAPPED
13729,MAPPED
13903,EVIDENCE_GAP_ONLY
13977,EVIDENCE_GAP_ONLY
14391,MAPPED
14590,EVIDENCE_GAP_ONLY
14795,MAPPED
15378,EVIDENCE_GAP_ONLY
16672,EVIDENCE_GAP_ONLY
16882,MAPPED
2245,EVIDENCE_GAP_ONLY
2246,EVIDENCE_GAP_ONLY
2248,NO_ARABIC_EQUIVALENT
2249,MAPPED
2250,MAPPED
2251,MAPPED
2256,MAPPED
2262,EVIDENCE_GAP_ONLY
2265,EVIDENCE_GAP_ONLY
2267,EVIDENCE_GAP_ONLY
2268,EVIDENCE_GAP_ONLY
2271,MAPPED
2272,EVIDENCE_GAP_ONLY
2274,MAPPED
2275,MAPPED
2276,EVIDENCE_GAP_ONLY
2309,MAPPED
2310,MAPPED
2311,MAPPED
2312,MAPPED
2314,EVIDENCE_GAP_ONLY
2315,MAPPED
2317,MAPPED
2320,EVIDENCE_GAP_ONLY
2321,MAPPED
2322,MAPPED
2323,EVIDENCE_GAP_ONLY
2325,MAPPED
2326,MAPPED
2327,MAPPED
2329,EVIDENCE_GAP_ONLY
2330,EVIDENCE_GAP_ONLY
2350,MAPPED
2352,MAPPED
2356,EVIDENCE_GAP_ONLY
2357,MAPPED
2359,MAPPED
2360,MAPPED
2361,EVIDENCE_GAP_ONLY
2362,EVIDENCE_GAP_ONLY
2367,EVIDENCE_GAP_ONLY
2370,EVIDENCE_GAP_ONLY
2371,MAPPED
2374,MAPPED
2375,MAPPED
5996,MAPPED
6054,MAPPED
7026,MAPPED
7950,MAPPED
8424,MAPPED
9071,EVIDENCE_GAP_ONLY
9072,EVIDENCE_GAP_ONLY
9083,MAPPED
9129,MAPPED
10390,EVIDENCE_GAP_ONLY
12043,MAPPED
12044,EVIDENCE_GAP_ONLY
12045,EVIDENCE_GAP_ONLY
12048,MAPPED
12049,MAPPED
12050,EVIDENCE_GAP_ONLY
12051,MAPPED
12053,EVIDENCE_GAP_ONLY
12054,EVIDENCE_GAP_ONLY
12070,MAPPED
13117,NO_ARABIC_EQUIVALENT
15088,MAPPED
15135,MAPPED
16215,EVIDENCE_GAP_ONLY
17276,MAPPED
17310,MAPPED
18375,EVIDENCE_GAP_ONLY
1870,MAPPED
1871,MAPPED
1872,MAPPED
1873,MAPPED
1874,MAPPED
1875,MAPPED
1876,MAPPED
1877,MAPPED
1878,EVIDENCE_GAP_ONLY
1879,MAPPED
1881,MAPPED
1882,MAPPED
1883,EVIDENCE_GAP_ONLY
1884,MAPPED
1885,MAPPED
1886,MAPPED
1887,MAPPED
1888,MAPPED
1889,MAPPED
1890,MAPPED
1893,MAPPED
1894,MAPPED
1954,MAPPED
1994,MAPPED
1996,EVIDENCE_GAP_ONLY
1997,MAPPED
2016,MAPPED
2017,MAPPED
2018,MAPPED
7701,MAPPED
7702,MAPPED
11654,MAPPED
12488,MAPPED
12581,EVIDENCE_GAP_ONLY
12585,EVIDENCE_GAP_ONLY
12879,MAPPED
12886,MAPPED
12889,NO_ARABIC_EQUIVALENT
12919,EVIDENCE_GAP_ONLY
12978,MAPPED
13274,EVIDENCE_GAP_ONLY
13592,EVIDENCE_GAP_ONLY
13593,MAPPED
13724,MAPPED
13836,MAPPED
14503,MAPPED
15206,MAPPED
16744,MAPPED
16745,MAPPED
16941,MAPPED
16942,MAPPED
16954,MAPPED
16962,MAPPED
16964,MAPPED
17560,MAPPED
17656,MAPPED
2657,MAPPED
2682,MAPPED
2686,MAPPED
2687,MAPPED
2688,NO_ARABIC_EQUIVALENT
2689,MAPPED
2690,NO_ARABIC_EQUIVALENT
2691,MAPPED
2692,MAPPED
2695,MAPPED
2696,MAPPED
2715,MAPPED
2731,MAPPED
2732,MAPPED
2864,MAPPED
2866,MAPPED
2878,MAPPED
2900,MAPPED
2906,MAPPED
2907,MAPPED
2908,MAPPED
2909,MAPPED
2910,EVIDENCE_GAP_ONLY
2911,EVIDENCE_GAP_ONLY
2912,EVIDENCE_GAP_ONLY
2913,MAPPED
2914,EVIDENCE_GAP_ONLY
2915,MAPPED
2925,MAPPED
2933,MAPPED
2935,MAPPED
2936,MAPPED
2937,MAPPED
2938,EVIDENCE_GAP_ONLY
2940,MAPPED
2941,NO_ARABIC_EQUIVALENT
2942,MAPPED
2943,MAPPED
2944,MAPPED
2948,NO_ARABIC_EQUIVALENT
2972,MAPPED
2976,MAPPED
2985,MAPPED
2990,MAPPED
2992,MAPPED
2993,MAPPED
2994,NO_ARABIC_EQUIVALENT
2995,MAPPED
2996,MAPPED
2997,NO_ARABIC_EQUIVALENT
3026,MAPPED
3030,MAPPED
3033,MAPPED
3034,EVIDENCE_GAP_ONLY
3035,EVIDENCE_GAP_ONLY
3036,MAPPED
3037,NO_ARABIC_EQUIVALENT
3046,NO_ARABIC_EQUIVALENT
3055,NO_ARABIC_EQUIVALENT
3057,MAPPED
3059,MAPPED
3062,MAPPED
3066,MAPPED
3067,MAPPED
3068,MAPPED
3069,EVIDENCE_GAP_ONLY
3070,MAPPED
3071,MAPPED
3072,MAPPED
3073,MAPPED
3074,MAPPED
3075,MAPPED
3076,MAPPED
3077,NO_ARABIC_EQUIVALENT
3140,MAPPED
3141,MAPPED
3142,MAPPED
3344,EVIDENCE_GAP_ONLY
3345,EVIDENCE_GAP_ONLY
3346,NO_ARABIC_EQUIVALENT
3347,NO_ARABIC_EQUIVALENT
3348,NO_ARABIC_EQUIVALENT
3349,MAPPED
3350,MAPPED
3351,MAPPED
3352,MAPPED
3353,MAPPED
3354,MAPPED
3355,MAPPED
3356,MAPPED
3357,EVIDENCE_GAP_ONLY
3378,MAPPED
3379,MAPPED
3380,MAPPED
3383,MAPPED
3388,NO_ARABIC_EQUIVALENT
3389,NO_ARABIC_EQUIVALENT
3395,MAPPED
3396,MAPPED
3397,NO_ARABIC_EQUIVALENT
3398,MAPPED
3400,NO_ARABIC_EQUIVALENT
3402,MAPPED
3403,MAPPED
3542,MAPPED
3543,MAPPED
3544,NO_ARABIC_EQUIVALENT
3545,MAPPED
3546,EVIDENCE_GAP_ONLY
3547,NO_ARABIC_EQUIVALENT
3548,MAPPED
3550,NO_ARABIC_EQUIVALENT
3551,NO_ARABIC_EQUIVALENT
3552,MAPPED
3553,MAPPED
3556,MAPPED
3557,NO_ARABIC_EQUIVALENT
3558,MAPPED
3559,EVIDENCE_GAP_ONLY
3560,NO_ARABIC_EQUIVALENT
3561,MAPPED
3599,EVIDENCE_GAP_ONLY
3601,MAPPED
3602,EVIDENCE_GAP_ONLY
3603,NO_ARABIC_EQUIVALENT
3619,MAPPED
3626,EVIDENCE_GAP_ONLY
3635,NO_ARABIC_EQUIVALENT
3636,NO_ARABIC_EQUIVALENT
3637,EVIDENCE_GAP_ONLY
3638,NO_ARABIC_EQUIVALENT
3639,NO_ARABIC_EQUIVALENT
3640,NO_ARABIC_EQUIVALENT
3641,NO_ARABIC_EQUIVALENT
3642,MAPPED
3643,NO_ARABIC_EQUIVALENT
3644,EVIDENCE_GAP_ONLY
3645,NO_ARABIC_EQUIVALENT
3646,MAPPED
3648,EVIDENCE_GAP_ONLY
3649,NO_ARABIC_EQUIVALENT
3650,NO_ARABIC_EQUIVALENT
3651,NO_ARABIC_EQUIVALENT
3653,NO_ARABIC_EQUIVALENT
3654,NO_ARABIC_EQUIVALENT
3655,MAPPED
3656,NO_ARABIC_EQUIVALENT
3657,MAPPED
3659,MAPPED
3660,NO_ARABIC_EQUIVALENT
3661,NO_ARABIC_EQUIVALENT
3663,MAPPED
3665,MAPPED
3666,NO_ARABIC_EQUIVALENT
3667,MAPPED
3668,NO_ARABIC_EQUIVALENT
3669,NO_ARABIC_EQUIVALENT
3670,MAPPED
3671,NO_ARABIC_EQUIVALENT
3680,MAPPED
4058,MAPPED
7201,MAPPED
11150,MAPPED
567,MAPPED
568,MAPPED
569,MAPPED
570,EVIDENCE_GAP_ONLY
571,MAPPED
573,MAPPED
574,MAPPED
575,EVIDENCE_GAP_ONLY
576,MAPPED
577,MAPPED
578,MAPPED
579,MAPPED
580,MAPPED
581,MAPPED
582,MAPPED
583,EVIDENCE_GAP_ONLY
584,EVIDENCE_GAP_ONLY
585,MAPPED
586,MAPPED
587,MAPPED
588,EVIDENCE_GAP_ONLY
589,MAPPED
590,MAPPED
591,MAPPED
592,MAPPED
593,EVIDENCE_GAP_ONLY
594,MAPPED
595,EVIDENCE_GAP_ONLY
596,MAPPED
597,MAPPED
598,MAPPED
599,MAPPED
600,MAPPED
601,MAPPED
602,MAPPED
603,EVIDENCE_GAP_ONLY
604,MAPPED
605,MAPPED
606,MAPPED
607,EVIDENCE_GAP_ONLY
608,MAPPED
609,MAPPED
610,MAPPED
611,MAPPED
612,MAPPED
613,MAPPED
614,MAPPED
615,MAPPED
616,MAPPED
617,EVIDENCE_GAP_ONLY
618,EVIDENCE_GAP_ONLY
619,MAPPED
620,MAPPED
621,MAPPED
622,MAPPED
623,MAPPED
624,MAPPED
625,EVIDENCE_GAP_ONLY
626,MAPPED
1664,EVIDENCE_GAP_ONLY
1665,MAPPED
1667,EVIDENCE_GAP_ONLY
1669,EVIDENCE_GAP_ONLY
1670,MAPPED
1673,MAPPED
1677,EVIDENCE_GAP_ONLY
1678,MAPPED
1680,MAPPED
1681,MAPPED
1682,EVIDENCE_GAP_ONLY
1684,MAPPED
1685,MAPPED
1686,MAPPED
1687,MAPPED
1690,MAPPED
1691,EVIDENCE_GAP_ONLY
1692,MAPPED
1693,MAPPED
1694,MAPPED
1698,MAPPED
1699,MAPPED
1701,EVIDENCE_GAP_ONLY
1702,EVIDENCE_GAP_ONLY
2023,MAPPED
4208,MAPPED
4209,MAPPED
4221,MAPPED
4222,MAPPED
4223,MAPPED
4224,MAPPED
4225,EVIDENCE_GAP_ONLY
4226,MAPPED
4227,MAPPED
4228,MAPPED
4229,MAPPED
4230,EVIDENCE_GAP_ONLY
4231,MAPPED
4232,EVIDENCE_GAP_ONLY
4233,MAPPED
4234,EVIDENCE_GAP_ONLY
4235,EVIDENCE_GAP_ONLY
4236,MAPPED
4237,MAPPED
4238,MAPPED
4239,MAPPED
4241,MAPPED
4242,EVIDENCE_GAP_ONLY
4243,MAPPED
4244,EVIDENCE_GAP_ONLY
4245,MAPPED
4246,MAPPED
4247,MAPPED
4248,EVIDENCE_GAP_ONLY
4249,EVIDENCE_GAP_ONLY
4250,MAPPED
4251,EVIDENCE_GAP_ONLY
4252,EVIDENCE_GAP_ONLY
4253,EVIDENCE_GAP_ONLY
4254,NO_ARABIC_EQUIVALENT
4260,EVIDENCE_GAP_ONLY
4261,EVIDENCE_GAP_ONLY
4262,MAPPED
4263,MAPPED
4264,NO_ARABIC_EQUIVALENT
4265,EVIDENCE_GAP_ONLY
4266,NO_ARABIC_EQUIVALENT
4267,EVIDENCE_GAP_ONLY
4268,EVIDENCE_GAP_ONLY
4269,NO_ARABIC_EQUIVALENT
4270,MAPPED
4271,EVIDENCE_GAP_ONLY
4272,NO_ARABIC_EQUIVALENT
4273,NO_ARABIC_EQUIVALENT
4274,NO_ARABIC_EQUIVALENT
4275,EVIDENCE_GAP_ONLY
4276,NO_ARABIC_EQUIVALENT
4277,NO_ARABIC_EQUIVALENT
4278,MAPPED
4279,NO_ARABIC_EQUIVALENT
4286,EVIDENCE_GAP_ONLY
4287,MAPPED
4288,MAPPED
4289,NO_ARABIC_EQUIVALENT
4290,EVIDENCE_GAP_ONLY
4301,MAPPED
4302,NO_ARABIC_EQUIVALENT
4303,NO_ARABIC_EQUIVALENT
4304,EVIDENCE_GAP_ONLY
4305,MAPPED
4306,NO_ARABIC_EQUIVALENT
4307,MAPPED
4308,NO_ARABIC_EQUIVALENT
4309,EVIDENCE_GAP_ONLY
4310,MAPPED
4312,MAPPED
4416,MAPPED
4417,MAPPED
4418,MAPPED
4419,MAPPED
4420,MAPPED
4421,MAPPED
4422,MAPPED
4423,MAPPED
4424,MAPPED
4425,NO_ARABIC_EQUIVALENT
4437,NO_ARABIC_EQUIVALENT
4440,NO_ARABIC_EQUIVALENT
4441,MAPPED
4442,MAPPED
4443,MAPPED
4452,EVIDENCE_GAP_ONLY
4453,MAPPED
4454,MAPPED
4455,MAPPED
7202,MAPPED
11155,MAPPED
18374,MAPPED
18679,MAPPED
6123,MAPPED
6126,MAPPED
6127,MAPPED
6128,MAPPED
6129,MAPPED
6130,MAPPED
6131,MAPPED
6133,MAPPED
6134,MAPPED
6135,MAPPED
6137,MAPPED
6139,MAPPED
6140,MAPPED
6142,MAPPED
6144,MAPPED
6147,MAPPED
6219,MAPPED
6221,MAPPED
6272,MAPPED
6280,MAPPED
6282,MAPPED
6283,MAPPED
6284,MAPPED
6285,MAPPED
6286,MAPPED
6287,EVIDENCE_GAP_ONLY
6288,MAPPED
6289,MAPPED
6290,MAPPED
6291,MAPPED
6293,MAPPED
6294,MAPPED
6295,MAPPED
6296,MAPPED
6297,MAPPED
6298,MAPPED
6312,MAPPED
6313,MAPPED
6316,MAPPED
6388,MAPPED
6666,MAPPED
6668,NO_ARABIC_EQUIVALENT
6669,MAPPED
6673,MAPPED
6674,MAPPED
6734,MAPPED
6914,NO_ARABIC_EQUIVALENT
7652,MAPPED
9122,MAPPED
9123,EVIDENCE_GAP_ONLY
9124,NO_ARABIC_EQUIVALENT
9274,MAPPED
9275,MAPPED
10126,MAPPED
10852,MAPPED
14559,MAPPED
14570,EVIDENCE_GAP_ONLY
14588,MAPPED
14599,MAPPED
14756,EVIDENCE_GAP_ONLY
14809,EVIDENCE_GAP_ONLY
15007,MAPPED
15203,MAPPED
16190,MAPPED
17637,MAPPED
18721,MAPPED
18795,MAPPED
18796,NO_ARABIC_EQUIVALENT
18797,NO_ARABIC_EQUIVALENT
18798,MAPPED
18799,MAPPED
18800,MAPPED
18801,MAPPED
18802,MAPPED
18803,MAPPED
18804,MAPPED
18805,MAPPED
6412,MAPPED
6413,MAPPED
6414,MAPPED
6415,MAPPED
6416,EVIDENCE_GAP_ONLY
6417,EVIDENCE_GAP_ONLY
6418,MAPPED
6420,MAPPED
6421,MAPPED
6422,MAPPED
6423,MAPPED
6424,MAPPED
6425,EVIDENCE_GAP_ONLY
6426,EVIDENCE_GAP_ONLY
6427,MAPPED
6428,MAPPED
6429,MAPPED
6430,MAPPED
6546,MAPPED
6593,EVIDENCE_GAP_ONLY
6594,EVIDENCE_GAP_ONLY
6595,MAPPED
6596,EVIDENCE_GAP_ONLY
6597,EVIDENCE_GAP_ONLY
6599,EVIDENCE_GAP_ONLY
6600,EVIDENCE_GAP_ONLY
6601,EVIDENCE_GAP_ONLY
6602,MAPPED
6604,MAPPED
6605,MAPPED
6681,EVIDENCE_GAP_ONLY
6682,EVIDENCE_GAP_ONLY
6683,MAPPED
6684,MAPPED
6701,EVIDENCE_GAP_ONLY
6702,MAPPED
7430,MAPPED
8737,MAPPED
9844,MAPPED
9890,MAPPED
10287,MAPPED
10288,MAPPED
13040,MAPPED
13041,EVIDENCE_GAP_ONLY
13043,EVIDENCE_GAP_ONLY
13267,MAPPED
13858,MAPPED
15067,MAPPED
15556,MAPPED
15557,MAPPED
17678,MAPPED
18389,MAPPED
18539,MAPPED
769,MAPPED
771,MAPPED
772,MAPPED
773,MAPPED
774,EVIDENCE_GAP_ONLY
776,MAPPED
777,MAPPED
778,MAPPED
779,MAPPED
4327,MAPPED
4333,MAPPED
6932,MAPPED
6934,MAPPED
6937,MAPPED
6939,EVIDENCE_GAP_ONLY
6941,MAPPED
6942,MAPPED
6943,MAPPED
6944,MAPPED
6945,MAPPED
6947,EVIDENCE_GAP_ONLY
6948,EVIDENCE_GAP_ONLY
6949,MAPPED
6950,MAPPED
6951,MAPPED
6952,MAPPED
6953,MAPPED
6954,MAPPED
6955,MAPPED
6956,MAPPED
7106,MAPPED
7112,MAPPED
7113,MAPPED
7114,MAPPED
7141,MAPPED
7142,MAPPED
7143,MAPPED
7146,MAPPED
7147,EVIDENCE_GAP_ONLY
7148,MAPPED
7149,MAPPED
7150,MAPPED
7151,MAPPED
7152,MAPPED
7153,MAPPED
7154,EVIDENCE_GAP_ONLY
7155,MAPPED
7156,MAPPED
7157,MAPPED
7158,MAPPED
7159,MAPPED
7160,MAPPED
7161,MAPPED
7162,MAPPED
7163,MAPPED
7164,MAPPED
7186,MAPPED
7187,MAPPED
7188,MAPPED
7190,NO_ARABIC_EQUIVALENT
7191,MAPPED
7196,MAPPED
7200,MAPPED
7221,MAPPED
7252,MAPPED
7253,MAPPED
7254,MAPPED
7261,MAPPED
7262,EVIDENCE_GAP_ONLY
7263,MAPPED
7264,MAPPED
7265,MAPPED
7266,MAPPED
7267,EVIDENCE_GAP_ONLY
7270,MAPPED
7271,MAPPED
7272,EVIDENCE_GAP_ONLY
7273,EVIDENCE_GAP_ONLY
7274,MAPPED
7275,EVIDENCE_GAP_ONLY
7276,MAPPED
7277,MAPPED
7278,MAPPED
7279,MAPPED
7280,EVIDENCE_GAP_ONLY
7281,MAPPED
7283,MAPPED
7284,MAPPED
7285,MAPPED
7286,MAPPED
7287,MAPPED
7288,MAPPED
7289,MAPPED
7290,MAPPED
7291,MAPPED
7292,EVIDENCE_GAP_ONLY
7293,MAPPED
7298,MAPPED
7299,MAPPED
7300,MAPPED
7301,MAPPED
7302,MAPPED
7303,MAPPED
7304,MAPPED
7305,MAPPED
8590,EVIDENCE_GAP_ONLY
8776,MAPPED
8777,MAPPED
8778,MAPPED
8779,MAPPED
8780,MAPPED
8781,MAPPED
8782,EVIDENCE_GAP_ONLY
8783,EVIDENCE_GAP_ONLY
8785,EVIDENCE_GAP_ONLY
8786,EVIDENCE_GAP_ONLY
8787,MAPPED
8788,MAPPED
8789,MAPPED
8790,MAPPED
8791,MAPPED
8792,MAPPED
8793,MAPPED
8794,MAPPED
8795,MAPPED
8796,MAPPED
8797,MAPPED
8798,EVIDENCE_GAP_ONLY
8799,MAPPED
8800,MAPPED
8801,MAPPED
8802,MAPPED
8803,MAPPED
8804,MAPPED
8805,MAPPED
8806,MAPPED
8808,MAPPED
8809,MAPPED
8810,MAPPED
8811,EVIDENCE_GAP_ONLY
8831,MAPPED
8832,MAPPED
8833,MAPPED
8834,MAPPED
8835,MAPPED
8836,MAPPED
8837,MAPPED
8839,MAPPED
8840,MAPPED
8843,MAPPED
8844,EVIDENCE_GAP_ONLY
8845,EVIDENCE_GAP_ONLY
8846,EVIDENCE_GAP_ONLY
8847,MAPPED
8854,NO_ARABIC_EQUIVALENT
8855,EVIDENCE_GAP_ONLY
8856,MAPPED
8860,EVIDENCE_GAP_ONLY
8861,MAPPED
8862,MAPPED
8868,EVIDENCE_GAP_ONLY
8871,MAPPED
8872,MAPPED
8873,MAPPED
8874,MAPPED
8875,MAPPED
8876,MAPPED
8877,MAPPED
8878,MAPPED
8988,MAPPED
10660,MAPPED
10915,MAPPED
13282,MAPPED
13651,MAPPED
14759,MAPPED
15174,EVIDENCE_GAP_ONLY
15175,MAPPED
17264,MAPPED
17674,MAPPED
17689,MAPPED
17693,MAPPED
17694,MAPPED
855,MAPPED
856,MAPPED
857,MAPPED
861,MAPPED
863,MAPPED
864,MAPPED
865,MAPPED
866,MAPPED
867,MAPPED
870,EVIDENCE_GAP_ONLY
872,MAPPED
873,EVIDENCE_GAP_ONLY
875,MAPPED
877,MAPPED
878,MAPPED
880,MAPPED
881,MAPPED
883,MAPPED
884,MAPPED
886,MAPPED
887,MAPPED
4198,MAPPED
4202,MAPPED
4203,EVIDENCE_GAP_ONLY
4313,MAPPED
6689,MAPPED
6694,MAPPED
6695,EVIDENCE_GAP_ONLY
6697,MAPPED
6700,MAPPED
6704,MAPPED
6705,MAPPED
6706,MAPPED
6707,MAPPED
6709,MAPPED
6711,MAPPED
6824,MAPPED
6851,MAPPED
6852,MAPPED
7110,MAPPED
8354,MAPPED
8746,MAPPED
10257,MAPPED
10258,MAPPED
10259,MAPPED
10260,MAPPED
10261,MAPPED
10262,MAPPED
10812,MAPPED
10874,MAPPED
10875,MAPPED
10876,MAPPED
10902,MAPPED
10903,MAPPED
11178,MAPPED
11182,MAPPED
11184,MAPPED
11974,MAPPED
12203,MAPPED
13265,MAPPED
13542,MAPPED
13832,MAPPED
14144,MAPPED
14145,MAPPED
15321,MAPPED
16220,MAPPED
16898,MAPPED
780,MAPPED
781,MAPPED
782,MAPPED
783,MAPPED
784,MAPPED
785,MAPPED
786,MAPPED
787,MAPPED
788,MAPPED
789,MAPPED
790,MAPPED
791,MAPPED
792,MAPPED
793,MAPPED
794,MAPPED
795,MAPPED
796,MAPPED
797,MAPPED
798,MAPPED
799,EVIDENCE_GAP_ONLY
800,MAPPED
801,MAPPED
802,MAPPED
803,MAPPED
804,MAPPED
805,EVIDENCE_GAP_ONLY
806,MAPPED
807,MAPPED
808,MAPPED
809,MAPPED
810,MAPPED
811,MAPPED
812,MAPPED
813,MAPPED
814,MAPPED
815,MAPPED
816,EVIDENCE_GAP_ONLY
817,MAPPED
818,MAPPED
819,MAPPED
820,MAPPED
821,MAPPED
822,MAPPED
823,MAPPED
824,MAPPED
825,EVIDENCE_GAP_ONLY
826,MAPPED
827,EVIDENCE_GAP_ONLY
828,MAPPED
829,MAPPED
830,MAPPED
831,EVIDENCE_GAP_ONLY
832,MAPPED
833,MAPPED
834,EVIDENCE_GAP_ONLY
835,MAPPED
836,MAPPED
837,MAPPED
838,EVIDENCE_GAP_ONLY
839,MAPPED
840,MAPPED
841,MAPPED
842,MAPPED
843,MAPPED
844,MAPPED
845,MAPPED
846,MAPPED
847,MAPPED
848,MAPPED
849,MAPPED
850,MAPPED
851,EVIDENCE_GAP_ONLY
852,MAPPED
853,MAPPED
854,MAPPED
4123,MAPPED
4210,MAPPED
4211,MAPPED
4212,MAPPED
4213,EVIDENCE_GAP_ONLY
4214,MAPPED
4215,MAPPED
4216,MAPPED
4217,MAPPED
4218,MAPPED
4219,MAPPED
4220,MAPPED
4292,MAPPED
4293,MAPPED
4295,MAPPED
4296,MAPPED
4297,MAPPED
4299,MAPPED
4300,MAPPED
4317,MAPPED
4318,MAPPED
4320,MAPPED
4322,MAPPED
4325,MAPPED
4328,MAPPED
4329,MAPPED
4330,NO_ARABIC_EQUIVALENT
4332,MAPPED
5296,MAPPED
6051,MAPPED
6460,MAPPED
6471,MAPPED
6475,MAPPED
6480,EVIDENCE_GAP_ONLY
6489,MAPPED
6530,EVIDENCE_GAP_ONLY
6532,MAPPED
6922,MAPPED
7144,MAPPED
7145,MAPPED
11972,MAPPED
12785,MAPPED
13264,MAPPED
14612,MAPPED
14987,MAPPED
15009,MAPPED
15013,MAPPED
15061,MAPPED
15081,MAPPED
15082,MAPPED
15107,MAPPED
15108,MAPPED
15110,MAPPED
15121,MAPPED
15136,EVIDENCE_GAP_ONLY
15176,EVIDENCE_GAP_ONLY
15582,MAPPED
15584,MAPPED
15605,EVIDENCE_GAP_ONLY
16407,MAPPED
17610,MAPPED
2675,MAPPED
2676,EVIDENCE_GAP_ONLY
2677,EVIDENCE_GAP_ONLY
2678,EVIDENCE_GAP_ONLY
2679,EVIDENCE_GAP_ONLY
2680,MAPPED
2681,MAPPED
2697,EVIDENCE_GAP_ONLY
2698,MAPPED
2700,MAPPED
2701,MAPPED
2703,EVIDENCE_GAP_ONLY
2704,MAPPED
2705,EVIDENCE_GAP_ONLY
2706,EVIDENCE_GAP_ONLY
2707,MAPPED
2708,MAPPED
2709,EVIDENCE_GAP_ONLY
2710,MAPPED
2711,MAPPED
2712,MAPPED
2713,MAPPED
2717,MAPPED
2718,MAPPED
2721,MAPPED
2722,MAPPED
2723,EVIDENCE_GAP_ONLY
2733,MAPPED
2734,MAPPED
2735,MAPPED
2736,EVIDENCE_GAP_ONLY
2737,MAPPED
2738,MAPPED
2739,MAPPED
2740,EVIDENCE_GAP_ONLY
2742,MAPPED
3155,MAPPED
3156,MAPPED
3287,EVIDENCE_GAP_ONLY
8981,MAPPED
8982,MAPPED
8983,MAPPED
8984,MAPPED
8985,MAPPED
8986,MAPPED
8987,MAPPED
8993,MAPPED
9120,MAPPED
9121,MAPPED
9251,MAPPED
9252,MAPPED
9253,MAPPED
9254,MAPPED
9255,MAPPED
9256,MAPPED
9257,MAPPED
9258,MAPPED
9259,EVIDENCE_GAP_ONLY
9260,MAPPED
9261,MAPPED
9262,MAPPED
9263,MAPPED
9264,MAPPED
9265,MAPPED
9266,MAPPED
9267,MAPPED
11629,MAPPED
13210,MAPPED
13331,MAPPED
13826,MAPPED
17040,MAPPED
17106,MAPPED
17107,MAPPED
1007,MAPPED
1008,MAPPED
1009,MAPPED
1010,MAPPED
1011,EVIDENCE_GAP_ONLY
1012,MAPPED
1013,MAPPED
1014,MAPPED
1015,EVIDENCE_GAP_ONLY
1016,MAPPED
2575,MAPPED
2576,MAPPED
2577,NO_ARABIC_EQUIVALENT
2578,MAPPED
2579,EVIDENCE_GAP_ONLY
2580,MAPPED
2581,MAPPED
2582,EVIDENCE_GAP_ONLY
2584,MAPPED
2585,MAPPED
2586,MAPPED
2587,MAPPED
2588,MAPPED
2589,MAPPED
2590,MAPPED
2591,MAPPED
2592,MAPPED
2598,MAPPED
2599,MAPPED
2612,MAPPED
2614,MAPPED
2625,EVIDENCE_GAP_ONLY
2626,MAPPED
2627,MAPPED
3894,MAPPED
3900,MAPPED
3901,MAPPED
3902,EVIDENCE_GAP_ONLY
3903,NO_ARABIC_EQUIVALENT
3904,MAPPED
3907,MAPPED
3908,MAPPED
3925,MAPPED
3928,MAPPED
5205,MAPPED
6919,MAPPED
7017,MAPPED
7107,EVIDENCE_GAP_ONLY
7108,MAPPED
7127,MAPPED
7128,MAPPED
7131,MAPPED
7138,MAPPED
15613,EVIDENCE_GAP_ONLY
15630,MAPPED
15775,MAPPED
15779,NO_ARABIC_EQUIVALENT
15822,MAPPED
17364,NO_ARABIC_EQUIVALENT
5058,MAPPED
5059,EVIDENCE_GAP_ONLY
5060,EVIDENCE_GAP_ONLY
5061,MAPPED
5062,EVIDENCE_GAP_ONLY
5063,MAPPED
5064,MAPPED
5075,MAPPED
5076,MAPPED
5077,MAPPED
5078,MAPPED
5079,MAPPED
5080,MAPPED
5081,MAPPED
5082,MAPPED
5083,MAPPED
5084,MAPPED
5085,EVIDENCE_GAP_ONLY
5086,MAPPED
5087,MAPPED
5089,MAPPED
5090,EVIDENCE_GAP_ONLY
5091,EVIDENCE_GAP_ONLY
5092,MAPPED
5093,EVIDENCE_GAP_ONLY
5094,MAPPED
5095,MAPPED
5096,MAPPED
5097,EVIDENCE_GAP_ONLY
5099,EVIDENCE_GAP_ONLY
5100,EVIDENCE_GAP_ONLY
5101,MAPPED
5102,MAPPED
5103,MAPPED
5104,MAPPED
5105,EVIDENCE_GAP_ONLY
5106,EVIDENCE_GAP_ONLY
5107,MAPPED
5108,MAPPED
5109,MAPPED
5110,MAPPED
5111,MAPPED
5112,MAPPED
5113,MAPPED
5114,MAPPED
5115,MAPPED
5116,EVIDENCE_GAP_ONLY
5117,MAPPED
5118,EVIDENCE_GAP_ONLY
5119,MAPPED
5120,EVIDENCE_GAP_ONLY
5121,MAPPED
5122,MAPPED
5123,MAPPED
5124,MAPPED
5125,EVIDENCE_GAP_ONLY
5127,EVIDENCE_GAP_ONLY
5128,MAPPED
5129,MAPPED
5130,EVIDENCE_GAP_ONLY
5131,MAPPED
5132,MAPPED
5133,MAPPED
6326,MAPPED
13129,MAPPED
13866,MAPPED
15542,MAPPED
15561,MAPPED
15965,MAPPED
16810,MAPPED
16832,MAPPED
1724,MAPPED
1725,MAPPED
1726,MAPPED
1727,MAPPED
1728,EVIDENCE_GAP_ONLY
1729,MAPPED
1730,MAPPED
1731,MAPPED
1732,MAPPED
1733,EVIDENCE_GAP_ONLY
1734,EVIDENCE_GAP_ONLY
1735,MAPPED
1736,MAPPED
1737,MAPPED
1738,MAPPED
1740,MAPPED
1741,MAPPED
1742,MAPPED
8750,MAPPED
8751,MAPPED
12550,EVIDENCE_GAP_ONLY
12551,MAPPED
12552,MAPPED
12645,MAPPED
13636,MAPPED
13637,MAPPED
14104,MAPPED
14105,MAPPED
14106,MAPPED
14107,MAPPED
14108,EVIDENCE_GAP_ONLY
14109,EVIDENCE_GAP_ONLY
14110,MAPPED
14210,MAPPED
14217,MAPPED
14218,MAPPED
14219,EVIDENCE_GAP_ONLY
14361,MAPPED
14594,MAPPED
14615,MAPPED
15356,EVIDENCE_GAP_ONLY
15940,MAPPED
16465,MAPPED
16466,EVIDENCE_GAP_ONLY
16467,MAPPED
16468,MAPPED
16469,EVIDENCE_GAP_ONLY
16470,MAPPED
16471,MAPPED
16756,EVIDENCE_GAP_ONLY
18705,MAPPED
1909,EVIDENCE_GAP_ONLY
1910,MAPPED
1911,EVIDENCE_GAP_ONLY
1912,EVIDENCE_GAP_ONLY
1913,MAPPED
1914,EVIDENCE_GAP_ONLY
1916,EVIDENCE_GAP_ONLY
1917,MAPPED
1918,MAPPED
1919,MAPPED
1920,MAPPED
1921,MAPPED
1922,MAPPED
1924,MAPPED
1925,MAPPED
1926,EVIDENCE_GAP_ONLY
1927,MAPPED
1928,EVIDENCE_GAP_ONLY
1929,MAPPED
1930,MAPPED
1931,MAPPED
1932,EVIDENCE_GAP_ONLY
1933,EVIDENCE_GAP_ONLY
1935,EVIDENCE_GAP_ONLY
1936,MAPPED
1937,EVIDENCE_GAP_ONLY
1938,MAPPED
1939,EVIDENCE_GAP_ONLY
1940,EVIDENCE_GAP_ONLY
3803,MAPPED
3804,MAPPED
3805,MAPPED
3806,MAPPED
3807,MAPPED
5149,EVIDENCE_GAP_ONLY
10457,MAPPED
10458,MAPPED
10638,MAPPED
10917,EVIDENCE_GAP_ONLY
11600,MAPPED
11611,MAPPED
11623,MAPPED
13315,EVIDENCE_GAP_ONLY
14676,MAPPED
14981,MAPPED
16741,MAPPED
16742,EVIDENCE_GAP_ONLY
278,MAPPED
279,MAPPED
280,EVIDENCE_GAP_ONLY
284,EVIDENCE_GAP_ONLY
285,MAPPED
286,MAPPED
287,MAPPED
288,MAPPED
291,MAPPED
292,MAPPED
308,MAPPED
309,MAPPED
310,MAPPED
314,MAPPED
321,MAPPED
325,MAPPED
326,MAPPED
327,MAPPED
328,MAPPED
329,MAPPED
330,MAPPED
331,MAPPED
335,MAPPED
336,MAPPED
337,MAPPED
339,MAPPED
340,MAPPED
342,MAPPED
354,MAPPED
362,MAPPED
363,MAPPED
364,MAPPED
365,MAPPED
366,MAPPED
367,MAPPED
370,MAPPED
4116,MAPPED
4118,MAPPED
4119,MAPPED
4120,MAPPED
4121,MAPPED
4122,MAPPED
4159,MAPPED
4167,MAPPED
5237,EVIDENCE_GAP_ONLY
8500,MAPPED
8501,MAPPED
8502,MAPPED
8970,MAPPED
8971,MAPPED
10798,MAPPED
11191,MAPPED
12416,EVIDENCE_GAP_ONLY
12854,MAPPED
17421,MAPPED
4117,MAPPED
4128,MAPPED
4129,MAPPED
4130,EVIDENCE_GAP_ONLY
4131,MAPPED
4132,MAPPED
4133,EVIDENCE_GAP_ONLY
4134,MAPPED
4135,MAPPED
4136,MAPPED
4139,MAPPED
4140,MAPPED
4141,NO_ARABIC_EQUIVALENT
4142,MAPPED
4143,MAPPED
4144,EVIDENCE_GAP_ONLY
4145,MAPPED
4146,MAPPED
4147,NO_ARABIC_EQUIVALENT
4154,EVIDENCE_GAP_ONLY
4155,MAPPED
4156,MAPPED
4157,MAPPED
4160,MAPPED
4161,MAPPED
4162,MAPPED
4163,MAPPED
4164,MAPPED
6432,MAPPED
7364,MAPPED
7365,EVIDENCE_GAP_ONLY
7366,MAPPED
7367,MAPPED
7370,MAPPED
7372,MAPPED
7374,MAPPED
7375,MAPPED
7376,MAPPED
7380,EVIDENCE_GAP_ONLY
7381,EVIDENCE_GAP_ONLY
7384,MAPPED
7385,MAPPED
7387,MAPPED
7388,MAPPED
7389,MAPPED
7391,MAPPED
7392,MAPPED
7393,MAPPED
7394,MAPPED
7395,EVIDENCE_GAP_ONLY
7396,MAPPED
7397,MAPPED
7398,MAPPED
7399,MAPPED
7400,MAPPED
7401,MAPPED
7402,EVIDENCE_GAP_ONLY
7403,MAPPED
7404,MAPPED
7406,MAPPED
7407,MAPPED
7408,MAPPED
7411,EVIDENCE_GAP_ONLY
7412,MAPPED
7418,MAPPED
7419,MAPPED
7420,MAPPED
7421,MAPPED
7426,MAPPED
8903,MAPPED
8972,MAPPED
9572,MAPPED
10549,MAPPED
10847,MAPPED
11192,MAPPED
11193,MAPPED
12757,MAPPED
13118,MAPPED
13586,MAPPED
15052,MAPPED
15590,MAPPED
16040,MAPPED
18629,MAPPED
18630,MAPPED
8630,MAPPED
8631,EVIDENCE_GAP_ONLY
8632,MAPPED
8633,MAPPED
8634,EVIDENCE_GAP_ONLY
8635,EVIDENCE_GAP_ONLY
8636,MAPPED
8638,EVIDENCE_GAP_ONLY
8639,MAPPED
8640,MAPPED
8641,EVIDENCE_GAP_ONLY
8642,MAPPED
8643,MAPPED
8644,MAPPED
8645,MAPPED
8646,MAPPED
8647,MAPPED
8648,MAPPED
8650,MAPPED
8651,MAPPED
8906,MAPPED
8907,MAPPED
8914,EVIDENCE_GAP_ONLY
9042,EVIDENCE_GAP_ONLY
9043,EVIDENCE_GAP_ONLY
9044,EVIDENCE_GAP_ONLY
9045,MAPPED
9047,MAPPED
9048,MAPPED
9049,NO_ARABIC_EQUIVALENT
9050,NO_ARABIC_EQUIVALENT
9051,MAPPED
9052,MAPPED
9053,MAPPED
9055,MAPPED
9056,MAPPED
9057,MAPPED
9058,MAPPED
9059,MAPPED
9060,NO_ARABIC_EQUIVALENT
9061,NO_ARABIC_EQUIVALENT
9062,NO_ARABIC_EQUIVALENT
9063,EVIDENCE_GAP_ONLY
9064,NO_ARABIC_EQUIVALENT
9065,MAPPED
9066,MAPPED
9067,MAPPED
9068,MAPPED
9069,MAPPED
9070,MAPPED
9073,MAPPED
9074,MAPPED
9075,MAPPED
9076,MAPPED
9077,EVIDENCE_GAP_ONLY
9080,NO_ARABIC_EQUIVALENT
9086,MAPPED
9087,MAPPED
9088,MAPPED
9090,MAPPED
9091,NO_ARABIC_EQUIVALENT
9092,NO_ARABIC_EQUIVALENT
9093,NO_ARABIC_EQUIVALENT
9097,MAPPED
9098,MAPPED
9099,NO_ARABIC_EQUIVALENT
14610,EVIDENCE_GAP_ONLY
16449,EVIDENCE_GAP_ONLY
16812,MAPPED
17590,MAPPED
18400,MAPPED
2142,MAPPED
2143,MAPPED
2144,MAPPED
2145,EVIDENCE_GAP_ONLY
2146,MAPPED
2147,MAPPED
2148,MAPPED
2149,EVIDENCE_GAP_ONLY
2150,EVIDENCE_GAP_ONLY
2151,MAPPED
2152,EVIDENCE_GAP_ONLY
2153,MAPPED
2154,MAPPED
2155,EVIDENCE_GAP_ONLY
2156,EVIDENCE_GAP_ONLY
2157,EVIDENCE_GAP_ONLY
2158,EVIDENCE_GAP_ONLY
2159,EVIDENCE_GAP_ONLY
2160,EVIDENCE_GAP_ONLY
2161,MAPPED
2162,MAPPED
2163,MAPPED
2164,MAPPED
2165,MAPPED
2166,MAPPED
2167,NO_ARABIC_EQUIVALENT
2168,NO_ARABIC_EQUIVALENT
2169,MAPPED
2171,MAPPED
2172,MAPPED
2173,EVIDENCE_GAP_ONLY
2179,MAPPED
2180,MAPPED
2238,MAPPED
2239,MAPPED
2240,MAPPED
2307,EVIDENCE_GAP_ONLY
2867,EVIDENCE_GAP_ONLY
2868,MAPPED
2869,MAPPED
2870,MAPPED
2871,MAPPED
2872,MAPPED
2873,MAPPED
2874,MAPPED
2875,MAPPED
2876,MAPPED
5302,EVIDENCE_GAP_ONLY
5303,EVIDENCE_GAP_ONLY
5304,MAPPED
5305,EVIDENCE_GAP_ONLY
5306,MAPPED
7798,MAPPED
11747,MAPPED
13316,MAPPED
14670,EVIDENCE_GAP_ONLY
16128,MAPPED
16848,EVIDENCE_GAP_ONLY
17696,MAPPED
1573,MAPPED
1574,MAPPED
1575,MAPPED
1576,MAPPED
1577,MAPPED
1578,MAPPED
1579,MAPPED
1580,MAPPED
1581,MAPPED
1582,MAPPED
1583,MAPPED
1584,MAPPED
1585,MAPPED
1586,MAPPED
1587,MAPPED
1588,MAPPED
1589,MAPPED
1590,EVIDENCE_GAP_ONLY
1591,MAPPED
1592,MAPPED
1593,MAPPED
1594,MAPPED
1595,MAPPED
1596,MAPPED
1597,MAPPED
1598,MAPPED
1599,MAPPED
1600,MAPPED
1601,MAPPED
1602,MAPPED
1603,MAPPED
1604,EVIDENCE_GAP_ONLY
1605,MAPPED
1606,MAPPED
1607,MAPPED
1608,MAPPED
1609,MAPPED
1610,MAPPED
1611,MAPPED
1612,MAPPED
1613,MAPPED
4099,MAPPED
4100,MAPPED
4101,MAPPED
4102,MAPPED
4103,MAPPED
4104,EVIDENCE_GAP_ONLY
4105,EVIDENCE_GAP_ONLY
4106,MAPPED
4107,MAPPED
4108,MAPPED
4109,MAPPED
4110,EVIDENCE_GAP_ONLY
4111,MAPPED
4112,MAPPED
4113,MAPPED
4114,MAPPED
4115,MAPPED
4205,MAPPED
4206,MAPPED
4207,MAPPED
7466,MAPPED
10625,MAPPED
10822,MAPPED
11420,MAPPED
11805,MAPPED
12182,EVIDENCE_GAP_ONLY
12183,MAPPED
12433,MAPPED
13153,MAPPED
13371,MAPPED
13589,MAPPED
13590,EVIDENCE_GAP_ONLY
13595,MAPPED
13654,EVIDENCE_GAP_ONLY
13833,MAPPED
13964,MAPPED
14509,MAPPED
14529,MAPPED
14592,MAPPED
14597,MAPPED
14611,MAPPED
14635,MAPPED
14687,MAPPED
14715,MAPPED
14724,MAPPED
14768,MAPPED
14771,MAPPED
14820,EVIDENCE_GAP_ONLY
14862,MAPPED
14879,MAPPED
14927,EVIDENCE_GAP_ONLY
15240,MAPPED
15845,MAPPED
15847,MAPPED
16013,MAPPED
16331,MAPPED
17272,MAPPED
17311,EVIDENCE_GAP_ONLY
17600,MAPPED
17622,MAPPED
17638,EVIDENCE_GAP_ONLY
17661,EVIDENCE_GAP_ONLY
18074,MAPPED
18329,MAPPED
18330,MAPPED
3707,MAPPED
3708,MAPPED
8708,MAPPED
8709,EVIDENCE_GAP_ONLY
8710,EVIDENCE_GAP_ONLY
8712,MAPPED
10200,MAPPED
10201,MAPPED
10202,MAPPED
10203,MAPPED
10204,MAPPED
10205,MAPPED
10661,MAPPED
10662,MAPPED
10711,EVIDENCE_GAP_ONLY
10713,MAPPED
10714,MAPPED
11418,MAPPED
11419,EVIDENCE_GAP_ONLY
11435,EVIDENCE_GAP_ONLY
11436,EVIDENCE_GAP_ONLY
11437,MAPPED
11550,MAPPED
11659,MAPPED
11660,EVIDENCE_GAP_ONLY
12510,EVIDENCE_GAP_ONLY
12654,EVIDENCE_GAP_ONLY
12739,MAPPED
12784,MAPPED
13498,MAPPED
13505,MAPPED
13770,EVIDENCE_GAP_ONLY
13790,MAPPED
13795,EVIDENCE_GAP_ONLY
13802,EVIDENCE_GAP_ONLY
13828,MAPPED
13829,MAPPED
13847,MAPPED
13854,MAPPED
13855,MAPPED
13861,MAPPED
13953,MAPPED
14169,MAPPED
14392,MAPPED
14399,MAPPED
14401,MAPPED
14411,EVIDENCE_GAP_ONLY
14491,MAPPED
14575,MAPPED
14661,MAPPED
15242,MAPPED
15250,MAPPED
15331,MAPPED
15353,MAPPED
15972,EVIDENCE_GAP_ONLY
16283,MAPPED
16460,EVIDENCE_GAP_ONLY
16624,MAPPED
16625,MAPPED
16766,EVIDENCE_GAP_ONLY
16859,MAPPED
17296,MAPPED
18420,EVIDENCE_GAP_ONLY
18660,MAPPED
1340,MAPPED
1342,MAPPED
1344,MAPPED
1346,MAPPED
1348,EVIDENCE_GAP_ONLY
1350,MAPPED
1354,MAPPED
1356,MAPPED
1359,MAPPED
1360,MAPPED
1362,MAPPED
1366,EVIDENCE_GAP_ONLY
1368,MAPPED
1370,MAPPED
1374,MAPPED
1376,MAPPED
1378,MAPPED
1380,MAPPED
1382,EVIDENCE_GAP_ONLY
1386,MAPPED
1388,MAPPED
1390,EVIDENCE_GAP_ONLY
1392,MAPPED
1393,MAPPED
1395,MAPPED
1397,EVIDENCE_GAP_ONLY
1398,MAPPED
1400,EVIDENCE_GAP_ONLY
1402,MAPPED
1403,NO_ARABIC_EQUIVALENT
1407,MAPPED
1409,MAPPED
1411,MAPPED
1413,MAPPED
1414,MAPPED
1416,MAPPED
1418,MAPPED
1420,EVIDENCE_GAP_ONLY
1422,MAPPED
1423,MAPPED
1425,MAPPED
1426,MAPPED
1428,EVIDENCE_GAP_ONLY
1429,MAPPED
1431,EVIDENCE_GAP_ONLY
1433,EVIDENCE_GAP_ONLY
1435,MAPPED
1437,MAPPED
1439,NO_ARABIC_EQUIVALENT
1440,NO_ARABIC_EQUIVALENT
1442,NO_ARABIC_EQUIVALENT
1446,MAPPED
1448,NO_ARABIC_EQUIVALENT
1452,MAPPED
1453,MAPPED
1455,MAPPED
1459,MAPPED
1461,EVIDENCE_GAP_ONLY
1463,MAPPED
1465,MAPPED
1467,MAPPED
1474,MAPPED
1475,MAPPED
1477,MAPPED
1479,MAPPED
1481,MAPPED
1483,MAPPED
1485,EVIDENCE_GAP_ONLY
1487,MAPPED
1489,MAPPED
1491,MAPPED
1493,MAPPED
1495,MAPPED
1497,MAPPED
1499,MAPPED
1501,MAPPED
1503,MAPPED
1505,MAPPED
1507,MAPPED
1508,MAPPED
1510,MAPPED
1512,MAPPED
1514,MAPPED
1516,EVIDENCE_GAP_ONLY
1517,MAPPED
1519,EVIDENCE_GAP_ONLY
1521,MAPPED
1523,MAPPED
1525,MAPPED
1527,NO_ARABIC_EQUIVALENT
1529,MAPPED
6435,MAPPED
8720,MAPPED
9162,EVIDENCE_GAP_ONLY
9163,NO_ARABIC_EQUIVALENT
9174,EVIDENCE_GAP_ONLY
9292,MAPPED
9423,EVIDENCE_GAP_ONLY
11234,MAPPED
13541,MAPPED
15062,EVIDENCE_GAP_ONLY
15357,EVIDENCE_GAP_ONLY
17570,MAPPED
17571,EVIDENCE_GAP_ONLY
17572,MAPPED
4349,MAPPED
4352,MAPPED
4353,MAPPED
4354,MAPPED
4355,MAPPED
4356,MAPPED
4357,MAPPED
4358,MAPPED
4359,MAPPED
4360,MAPPED
4361,MAPPED
4362,MAPPED
4363,MAPPED
4364,MAPPED
4365,MAPPED
4366,MAPPED
4367,MAPPED
4368,NO_ARABIC_EQUIVALENT
4369,MAPPED
4370,MAPPED
4371,MAPPED
4372,MAPPED
4373,MAPPED
4374,MAPPED
4375,MAPPED
4376,MAPPED
4377,MAPPED
4378,MAPPED
4379,MAPPED
4380,MAPPED
4381,MAPPED
4382,MAPPED
4383,MAPPED
4384,MAPPED
4385,MAPPED
4386,EVIDENCE_GAP_ONLY
4387,MAPPED
4388,EVIDENCE_GAP_ONLY
4389,MAPPED
4390,MAPPED
4391,EVIDENCE_GAP_ONLY
4392,MAPPED
4393,MAPPED
4394,MAPPED
4395,EVIDENCE_GAP_ONLY
4396,MAPPED
4397,MAPPED
4398,MAPPED
4399,MAPPED
4400,EVIDENCE_GAP_ONLY
4401,MAPPED
4402,NO_ARABIC_EQUIVALENT
4403,MAPPED
4404,MAPPED
4405,MAPPED
4406,MAPPED
4407,MAPPED
4559,MAPPED
4560,MAPPED
4809,MAPPED
4970,MAPPED
10361,MAPPED
10362,MAPPED
10363,MAPPED
10364,MAPPED
11239,MAPPED
11240,EVIDENCE_GAP_ONLY
13088,MAPPED
13089,MAPPED
13090,MAPPED
13091,EVIDENCE_GAP_ONLY
13920,EVIDENCE_GAP_ONLY
14521,MAPPED
14555,MAPPED
14760,MAPPED
15263,MAPPED
15302,MAPPED
15303,MAPPED
15355,EVIDENCE_GAP_ONLY
17190,EVIDENCE_GAP_ONLY
372,MAPPED
373,MAPPED
374,MAPPED
375,MAPPED
376,MAPPED
377,MAPPED
378,MAPPED
379,MAPPED
380,MAPPED
381,MAPPED
382,EVIDENCE_GAP_ONLY
383,MAPPED
384,MAPPED
385,MAPPED
386,EVIDENCE_GAP_ONLY
387,MAPPED
388,MAPPED
389,EVIDENCE_GAP_ONLY
390,EVIDENCE_GAP_ONLY
391,MAPPED
392,MAPPED
393,EVIDENCE_GAP_ONLY
394,MAPPED
395,MAPPED
396,MAPPED
397,MAPPED
398,MAPPED
399,MAPPED
400,MAPPED
401,MAPPED
402,MAPPED
403,MAPPED
404,MAPPED
405,EVIDENCE_GAP_ONLY
406,MAPPED
407,MAPPED
408,MAPPED
409,MAPPED
410,MAPPED
411,MAPPED
412,MAPPED
413,MAPPED
414,MAPPED
415,MAPPED
416,MAPPED
417,MAPPED
418,MAPPED
419,MAPPED
420,MAPPED
421,MAPPED
422,MAPPED
6479,MAPPED
11973,EVIDENCE_GAP_ONLY
13073,EVIDENCE_GAP_ONLY
13447,MAPPED
13448,MAPPED
13449,MAPPED
13450,MAPPED
13451,MAPPED
13859,MAPPED
15111,MAPPED
15243,MAPPED
16018,EVIDENCE_GAP_ONLY
16025,MAPPED
16498,MAPPED
16515,MAPPED
3404,MAPPED
3405,MAPPED
3407,EVIDENCE_GAP_ONLY
3409,MAPPED
3410,MAPPED
3411,EVIDENCE_GAP_ONLY
3412,EVIDENCE_GAP_ONLY
3413,MAPPED
3414,MAPPED
3415,MAPPED
3416,MAPPED
3417,MAPPED
3418,EVIDENCE_GAP_ONLY
3496,MAPPED
3497,MAPPED
3498,EVIDENCE_GAP_ONLY
3499,EVIDENCE_GAP_ONLY
3500,EVIDENCE_GAP_ONLY
3501,MAPPED
3502,MAPPED
3503,MAPPED
3504,EVIDENCE_GAP_ONLY
3505,MAPPED
3506,MAPPED
3507,MAPPED
3508,MAPPED
3509,EVIDENCE_GAP_ONLY
3510,EVIDENCE_GAP_ONLY
3511,MAPPED
3512,MAPPED
3513,EVIDENCE_GAP_ONLY
3514,MAPPED
3515,MAPPED
3516,EVIDENCE_GAP_ONLY
3517,MAPPED
3518,MAPPED
3519,MAPPED
3520,MAPPED
3521,MAPPED
3522,MAPPED
3523,MAPPED
3524,MAPPED
3525,MAPPED
3526,MAPPED
3527,MAPPED
3528,MAPPED
3529,MAPPED
3530,MAPPED
3531,EVIDENCE_GAP_ONLY
3532,MAPPED
3533,MAPPED
3534,MAPPED
3535,MAPPED
3536,EVIDENCE_GAP_ONLY
3537,EVIDENCE_GAP_ONLY
3538,EVIDENCE_GAP_ONLY
3539,MAPPED
3540,EVIDENCE_GAP_ONLY
3554,EVIDENCE_GAP_ONLY
3555,MAPPED
3562,MAPPED
3563,MAPPED
3564,MAPPED
3565,EVIDENCE_GAP_ONLY
3566,MAPPED
3567,MAPPED
3568,EVIDENCE_GAP_ONLY
3569,EVIDENCE_GAP_ONLY
3570,MAPPED
3572,MAPPED
3573,EVIDENCE_GAP_ONLY
3574,MAPPED
3575,MAPPED
3576,MAPPED
3577,MAPPED
3578,MAPPED
3579,MAPPED
3580,EVIDENCE_GAP_ONLY
3581,MAPPED
3582,EVIDENCE_GAP_ONLY
3583,MAPPED
3584,MAPPED
3607,EVIDENCE_GAP_ONLY
3622,MAPPED
3623,EVIDENCE_GAP_ONLY
3624,MAPPED
3627,MAPPED
3628,MAPPED
3629,MAPPED
3630,MAPPED
3631,MAPPED
3632,MAPPED
3633,NO_ARABIC_EQUIVALENT
3634,MAPPED
3698,EVIDENCE_GAP_ONLY
3702,NO_ARABIC_EQUIVALENT
3703,EVIDENCE_GAP_ONLY
3705,EVIDENCE_GAP_ONLY
3706,MAPPED
7185,MAPPED
7251,MAPPED
7657,NO_ARABIC_EQUIVALENT
7658,MAPPED
10186,MAPPED
10355,MAPPED
11324,MAPPED
12783,MAPPED
13553,MAPPED
14409,MAPPED
14412,MAPPED
14535,MAPPED
15210,MAPPED
15465,MAPPED
15543,MAPPED
16284,MAPPED
10397,MAPPED
10398,MAPPED
10399,EVIDENCE_GAP_ONLY
10400,MAPPED
10410,EVIDENCE_GAP_ONLY
10411,MAPPED
10412,EVIDENCE_GAP_ONLY
10413,MAPPED
10414,MAPPED
10415,MAPPED
10416,MAPPED
10417,MAPPED
10418,MAPPED
10419,MAPPED
10420,MAPPED
10626,EVIDENCE_GAP_ONLY
10731,MAPPED
11294,MAPPED
11295,MAPPED
12250,MAPPED
12421,MAPPED
12621,MAPPED
12648,MAPPED
13293,EVIDENCE_GAP_ONLY
13499,MAPPED
13849,MAPPED
14688,MAPPED
14708,EVIDENCE_GAP_ONLY
14709,MAPPED
14714,MAPPED
14722,MAPPED
14725,MAPPED
14727,EVIDENCE_GAP_ONLY
14732,MAPPED
14736,EVIDENCE_GAP_ONLY
14757,MAPPED
14758,EVIDENCE_GAP_ONLY
14853,MAPPED
14884,EVIDENCE_GAP_ONLY
15222,MAPPED
15524,MAPPED
15973,MAPPED
16020,EVIDENCE_GAP_ONLY
16041,MAPPED
16453,MAPPED
16454,MAPPED
16455,MAPPED
16591,EVIDENCE_GAP_ONLY
16611,MAPPED
16622,EVIDENCE_GAP_ONLY
16643,MAPPED
17250,MAPPED
17268,MAPPED
17290,MAPPED
18337,MAPPED
18338,MAPPED
18339,MAPPED
18340,MAPPED
18341,MAPPED
18342,MAPPED
18343,EVIDENCE_GAP_ONLY
18345,MAPPED
18346,MAPPED
18347,MAPPED
18348,MAPPED
18349,EVIDENCE_GAP_ONLY
18350,EVIDENCE_GAP_ONLY
18351,MAPPED
18352,MAPPED
18353,MAPPED
18354,MAPPED
18355,MAPPED
18356,MAPPED
18357,MAPPED
18358,MAPPED
18359,EVIDENCE_GAP_ONLY
18360,MAPPED
18361,MAPPED
18362,MAPPED
18363,EVIDENCE_GAP_ONLY
18364,MAPPED
18365,MAPPED
18366,MAPPED
18367,MAPPED
18368,MAPPED
18369,MAPPED
18370,MAPPED
18371,MAPPED
18372,MAPPED
18373,MAPPED
18471,MAPPED
18472,MAPPED
18612,MAPPED
18675,MAPPED
2025,MAPPED
2026,MAPPED
2027,MAPPED
2028,MAPPED
2029,MAPPED
2030,MAPPED
2031,MAPPED
2032,MAPPED
2033,EVIDENCE_GAP_ONLY
2036,MAPPED
2037,MAPPED
2038,EVIDENCE_GAP_ONLY
2039,MAPPED
2040,MAPPED
2041,MAPPED
2042,MAPPED
2043,MAPPED
2044,EVIDENCE_GAP_ONLY
2046,NO_ARABIC_EQUIVALENT
2049,MAPPED
2050,MAPPED
2051,MAPPED
2052,MAPPED
2054,MAPPED
2055,MAPPED
2059,EVIDENCE_GAP_ONLY
2107,MAPPED
2177,MAPPED
2223,MAPPED
2224,EVIDENCE_GAP_ONLY
2225,EVIDENCE_GAP_ONLY
2226,NO_ARABIC_EQUIVALENT
2241,MAPPED
2242,EVIDENCE_GAP_ONLY
5546,MAPPED
6084,NO_ARABIC_EQUIVALENT
6085,EVIDENCE_GAP_ONLY
6086,MAPPED
6087,MAPPED
6091,NO_ARABIC_EQUIVALENT
6092,MAPPED
7598,MAPPED
7601,MAPPED
7602,EVIDENCE_GAP_ONLY
7604,MAPPED
8250,MAPPED
8252,MAPPED
8398,MAPPED
8441,EVIDENCE_GAP_ONLY
8999,EVIDENCE_GAP_ONLY
9036,MAPPED
9037,MAPPED
9038,MAPPED
9040,EVIDENCE_GAP_ONLY
9041,MAPPED
11296,EVIDENCE_GAP_ONLY
15560,EVIDENCE_GAP_ONLY
17360,MAPPED
17361,MAPPED
17685,MAPPED
18467,MAPPED
1084,MAPPED
1085,MAPPED
1086,EVIDENCE_GAP_ONLY
1087,MAPPED
1088,MAPPED
1089,EVIDENCE_GAP_ONLY
1090,MAPPED
1091,MAPPED
1092,MAPPED
1093,MAPPED
1094,EVIDENCE_GAP_ONLY
1095,MAPPED
1097,MAPPED
1098,MAPPED
1099,MAPPED
1100,MAPPED
1101,MAPPED
1102,MAPPED
1103,MAPPED
1104,MAPPED
1105,MAPPED
1106,MAPPED
1107,MAPPED
1109,MAPPED
1110,EVIDENCE_GAP_ONLY
1113,MAPPED
1114,MAPPED
1115,MAPPED
1116,MAPPED
2433,MAPPED
2435,MAPPED
2438,NO_ARABIC_EQUIVALENT
2440,MAPPED
2441,MAPPED
2442,MAPPED
2443,EVIDENCE_GAP_ONLY
2445,MAPPED
2447,NO_ARABIC_EQUIVALENT
2448,MAPPED
2449,NO_ARABIC_EQUIVALENT
2451,NO_ARABIC_EQUIVALENT
2454,NO_ARABIC_EQUIVALENT
2455,EVIDENCE_GAP_ONLY
2486,MAPPED
2487,MAPPED
2488,MAPPED
2493,MAPPED
2496,MAPPED
2511,MAPPED
2528,MAPPED
2529,MAPPED
2530,MAPPED
2546,MAPPED
2548,EVIDENCE_GAP_ONLY
2571,MAPPED
3913,MAPPED
3914,MAPPED
3915,MAPPED
3916,MAPPED
4726,MAPPED
5354,MAPPED
5355,MAPPED
5356,MAPPED
6034,MAPPED
11298,MAPPED
13994,MAPPED
14796,MAPPED
16966,MAPPED
17284,MAPPED
3318,MAPPED
3319,MAPPED
3320,MAPPED
3321,MAPPED
3322,MAPPED
3323,MAPPED
3324,MAPPED
3325,MAPPED
3326,MAPPED
3327,MAPPED
3328,EVIDENCE_GAP_ONLY
3329,MAPPED
3330,MAPPED
3331,MAPPED
3332,MAPPED
3333,MAPPED
3335,MAPPED
3336,MAPPED
3337,MAPPED
3338,EVIDENCE_GAP_ONLY
3339,MAPPED
3342,MAPPED
3343,MAPPED
3369,MAPPED
3381,MAPPED
3419,EVIDENCE_GAP_ONLY
3420,MAPPED
3836,MAPPED
3837,MAPPED
3838,MAPPED
3839,MAPPED
3840,MAPPED
3841,MAPPED
3842,MAPPED
7451,EVIDENCE_GAP_ONLY
11729,MAPPED
11730,EVIDENCE_GAP_ONLY
13232,MAPPED
13276,MAPPED
13277,MAPPED
13339,EVIDENCE_GAP_ONLY
13368,EVIDENCE_GAP_ONLY
13369,MAPPED
13370,MAPPED
13745,EVIDENCE_GAP_ONLY
13746,MAPPED
13747,MAPPED
13751,MAPPED
13797,MAPPED
13869,MAPPED
13874,EVIDENCE_GAP_ONLY
14165,EVIDENCE_GAP_ONLY
14733,MAPPED
14734,MAPPED
15231,MAPPED
15420,MAPPED
16191,MAPPED
17269,MAPPED
1118,MAPPED
1119,EVIDENCE_GAP_ONLY
1121,MAPPED
1122,MAPPED
1123,MAPPED
1124,MAPPED
1125,MAPPED
1126,MAPPED
1127,MAPPED
1128,MAPPED
1129,MAPPED
1130,MAPPED
1131,MAPPED
1132,MAPPED
1133,MAPPED
1134,MAPPED
1135,EVIDENCE_GAP_ONLY
1136,MAPPED
1137,MAPPED
1138,MAPPED
1139,MAPPED
1140,MAPPED
1141,EVIDENCE_GAP_ONLY
1142,EVIDENCE_GAP_ONLY
1143,MAPPED
1144,MAPPED
1145,MAPPED
1146,MAPPED
1147,EVIDENCE_GAP_ONLY
1148,MAPPED
1149,EVIDENCE_GAP_ONLY
1150,MAPPED
1151,MAPPED
4150,MAPPED
4153,MAPPED
5373,MAPPED
5425,EVIDENCE_GAP_ONLY
5428,MAPPED
8521,MAPPED
9371,MAPPED
13762,MAPPED
15073,MAPPED
15161,MAPPED
15162,MAPPED
15163,MAPPED
15596,EVIDENCE_GAP_ONLY
15616,MAPPED
15632,EVIDENCE_GAP_ONLY
15781,MAPPED
17368,EVIDENCE_GAP_ONLY
439,EVIDENCE_GAP_ONLY
440,EVIDENCE_GAP_ONLY
445,EVIDENCE_GAP_ONLY
446,EVIDENCE_GAP_ONLY
447,MAPPED
448,EVIDENCE_GAP_ONLY
449,EVIDENCE_GAP_ONLY
450,MAPPED
451,MAPPED
452,MAPPED
453,MAPPED
454,MAPPED
455,MAPPED
456,MAPPED
457,MAPPED
458,MAPPED
4281,EVIDENCE_GAP_ONLY
4283,MAPPED
4284,MAPPED
4291,MAPPED
4334,EVIDENCE_GAP_ONLY
4335,EVIDENCE_GAP_ONLY
4337,MAPPED
4338,MAPPED
4339,MAPPED
4341,MAPPED
6920,MAPPED
8215,MAPPED
8320,MAPPED
8321,MAPPED
8520,MAPPED
9870,EVIDENCE_GAP_ONLY
10960,MAPPED
11060,MAPPED
11061,MAPPED
11275,MAPPED
11276,MAPPED
11592,MAPPED
12680,EVIDENCE_GAP_ONLY
13100,MAPPED
13743,MAPPED
13871,MAPPED
13883,MAPPED
14006,MAPPED
15026,MAPPED
15669,MAPPED
15848,EVIDENCE_GAP_ONLY
17279,MAPPED
17301,MAPPED
1152,MAPPED
1153,MAPPED
1154,MAPPED
1156,NO_ARABIC_EQUIVALENT
1157,MAPPED
1158,MAPPED
1159,MAPPED
1160,MAPPED
1161,MAPPED
1162,MAPPED
1163,MAPPED
1164,NO_ARABIC_EQUIVALENT
1165,MAPPED
1166,MAPPED
1167,MAPPED
1168,MAPPED
1169,MAPPED
1170,MAPPED
1171,MAPPED
1172,NO_ARABIC_EQUIVALENT
1173,MAPPED
1174,MAPPED
1175,MAPPED
1176,MAPPED
1177,MAPPED
1178,EVIDENCE_GAP_ONLY
1179,NO_ARABIC_EQUIVALENT
1180,EVIDENCE_GAP_ONLY
1181,MAPPED
1182,MAPPED
1183,MAPPED
1184,MAPPED
1185,MAPPED
1186,MAPPED
1187,EVIDENCE_GAP_ONLY
1188,NO_ARABIC_EQUIVALENT
1189,EVIDENCE_GAP_ONLY
1190,MAPPED
1191,MAPPED
1192,MAPPED
1193,MAPPED
1194,MAPPED
1195,NO_ARABIC_EQUIVALENT
1196,MAPPED
1197,MAPPED
1198,NO_ARABIC_EQUIVALENT
1199,NO_ARABIC_EQUIVALENT
1200,EVIDENCE_GAP_ONLY
1201,MAPPED
1202,MAPPED
1203,MAPPED
1204,EVIDENCE_GAP_ONLY
1205,MAPPED
1206,MAPPED
1207,MAPPED
1208,MAPPED
1209,MAPPED
1210,MAPPED
1211,NO_ARABIC_EQUIVALENT
1212,EVIDENCE_GAP_ONLY
1213,MAPPED
1214,MAPPED
1215,MAPPED
1216,NO_ARABIC_EQUIVALENT
1217,MAPPED
1218,MAPPED
1219,MAPPED
1220,MAPPED
1221,NO_ARABIC_EQUIVALENT
1222,NO_ARABIC_EQUIVALENT
1223,MAPPED
1224,MAPPED
1225,NO_ARABIC_EQUIVALENT
1226,NO_ARABIC_EQUIVALENT
1227,MAPPED
1228,MAPPED
1229,MAPPED
1230,EVIDENCE_GAP_ONLY
1231,MAPPED
1233,MAPPED
1234,MAPPED
1235,MAPPED
1236,NO_ARABIC_EQUIVALENT
1237,MAPPED
1238,NO_ARABIC_EQUIVALENT
1239,MAPPED
1240,MAPPED
1241,MAPPED
1242,EVIDENCE_GAP_ONLY
1243,MAPPED
1244,MAPPED
1245,MAPPED
1246,MAPPED
1247,MAPPED
1248,EVIDENCE_GAP_ONLY
1249,NO_ARABIC_EQUIVALENT
1250,NO_ARABIC_EQUIVALENT
1251,MAPPED
1252,EVIDENCE_GAP_ONLY
1253,MAPPED
1254,MAPPED
1255,MAPPED
1256,MAPPED
1257,NO_ARABIC_EQUIVALENT
1258,NO_ARABIC_EQUIVALENT
1259,NO_ARABIC_EQUIVALENT
1260,MAPPED
1261,MAPPED
1262,NO_ARABIC_EQUIVALENT
1263,MAPPED
1264,MAPPED
3921,MAPPED
3923,MAPPED
4336,NO_ARABIC_EQUIVALENT
4472,NO_ARABIC_EQUIVALENT
4779,MAPPED
6053,MAPPED
6055,MAPPED
6266,EVIDENCE_GAP_ONLY
6387,MAPPED
6403,MAPPED
6404,MAPPED
6449,MAPPED
6646,MAPPED
6649,MAPPED
8221,NO_ARABIC_EQUIVALENT
8350,MAPPED
8772,MAPPED
8774,MAPPED
8775,MAPPED
8859,NO_ARABIC_EQUIVALENT
8883,NO_ARABIC_EQUIVALENT
8884,NO_ARABIC_EQUIVALENT
9951,MAPPED
11900,NO_ARABIC_EQUIVALENT
12992,EVIDENCE_GAP_ONLY
12993,NO_ARABIC_EQUIVALENT
14010,MAPPED
14180,MAPPED
14836,MAPPED
15044,MAPPED
15211,MAPPED
15318,MAPPED
15674,NO_ARABIC_EQUIVALENT
15926,MAPPED
16748,MAPPED
16778,MAPPED
17148,MAPPED
17151,MAPPED
17299,MAPPED
17323,MAPPED
17509,MAPPED
6525,MAPPED
6526,MAPPED
6548,MAPPED
6549,MAPPED
6550,MAPPED
6551,MAPPED
6552,MAPPED
6553,MAPPED
6554,MAPPED
6555,MAPPED
6556,MAPPED
6557,MAPPED
6558,MAPPED
6559,MAPPED
6584,MAPPED
6585,MAPPED
6586,MAPPED
6587,MAPPED
6588,MAPPED
6589,MAPPED
6590,MAPPED
6592,MAPPED
6609,MAPPED
6611,MAPPED
6612,MAPPED
6613,MAPPED
6615,EVIDENCE_GAP_ONLY
6616,MAPPED
6618,MAPPED
6620,MAPPED
6621,MAPPED
6622,MAPPED
6623,MAPPED
6624,MAPPED
6625,MAPPED
6626,MAPPED
6627,MAPPED
6628,EVIDENCE_GAP_ONLY
6651,MAPPED
6733,MAPPED
6770,MAPPED
13830,MAPPED
13864,MAPPED
14170,MAPPED
16026,MAPPED
16050,MAPPED
16051,MAPPED
16053,MAPPED
16054,MAPPED
16055,MAPPED
16056,MAPPED
17263,MAPPED
9590,MAPPED
9624,MAPPED
9625,MAPPED
9626,MAPPED
9627,MAPPED
9628,MAPPED
9629,MAPPED
9630,MAPPED
9631,MAPPED
9632,MAPPED
9633,EVIDENCE_GAP_ONLY
9634,MAPPED
9635,MAPPED
9636,MAPPED
9637,MAPPED
9638,MAPPED
9639,MAPPED
9640,MAPPED
9641,MAPPED
9642,EVIDENCE_GAP_ONLY
9643,MAPPED
9644,EVIDENCE_GAP_ONLY
9645,MAPPED
9646,MAPPED
9647,MAPPED
9648,EVIDENCE_GAP_ONLY
9650,MAPPED
9651,MAPPED
9652,EVIDENCE_GAP_ONLY
9653,MAPPED
9654,MAPPED
9655,MAPPED
9656,MAPPED
9657,MAPPED
9658,MAPPED
9659,MAPPED
9662,MAPPED
9663,MAPPED
9670,EVIDENCE_GAP_ONLY
9671,EVIDENCE_GAP_ONLY
9672,MAPPED
9673,MAPPED
9674,MAPPED
9675,EVIDENCE_GAP_ONLY
9676,NO_ARABIC_EQUIVALENT
9677,MAPPED
9678,MAPPED
9679,MAPPED
9680,MAPPED
9681,MAPPED
9682,MAPPED
9683,MAPPED
9684,EVIDENCE_GAP_ONLY
9685,EVIDENCE_GAP_ONLY
9686,MAPPED
9687,MAPPED
9688,MAPPED
9689,EVIDENCE_GAP_ONLY
9690,MAPPED
9691,MAPPED
9692,MAPPED
9693,MAPPED
9694,MAPPED
9695,EVIDENCE_GAP_ONLY
9696,EVIDENCE_GAP_ONLY
9698,MAPPED
9699,EVIDENCE_GAP_ONLY
9700,MAPPED
9701,MAPPED
9702,MAPPED
9703,MAPPED
9704,NO_ARABIC_EQUIVALENT
9705,MAPPED
9706,MAPPED
9707,MAPPED
9708,MAPPED
9709,EVIDENCE_GAP_ONLY
9710,EVIDENCE_GAP_ONLY
9711,EVIDENCE_GAP_ONLY
9712,EVIDENCE_GAP_ONLY
9713,MAPPED
9714,EVIDENCE_GAP_ONLY
9715,NO_ARABIC_EQUIVALENT
9716,EVIDENCE_GAP_ONLY
10906,EVIDENCE_GAP_ONLY
10907,EVIDENCE_GAP_ONLY
10909,MAPPED
673,MAPPED
675,MAPPED
676,MAPPED
681,MAPPED
682,MAPPED
683,MAPPED
684,EVIDENCE_GAP_ONLY
685,EVIDENCE_GAP_ONLY
686,EVIDENCE_GAP_ONLY
688,EVIDENCE_GAP_ONLY
689,MAPPED
690,MAPPED
695,MAPPED
696,MAPPED
697,MAPPED
698,EVIDENCE_GAP_ONLY
699,EVIDENCE_GAP_ONLY
703,MAPPED
708,MAPPED
709,MAPPED
710,MAPPED
711,MAPPED
713,EVIDENCE_GAP_ONLY
714,EVIDENCE_GAP_ONLY
715,MAPPED
718,MAPPED
719,MAPPED
720,MAPPED
721,NO_ARABIC_EQUIVALENT
725,MAPPED
728,MAPPED
729,MAPPED
730,MAPPED
732,MAPPED
733,MAPPED
734,EVIDENCE_GAP_ONLY
735,MAPPED
737,EVIDENCE_GAP_ONLY
738,MAPPED
739,MAPPED
740,MAPPED
741,MAPPED
742,MAPPED
743,MAPPED
744,MAPPED
745,MAPPED
746,EVIDENCE_GAP_ONLY
747,MAPPED
748,MAPPED
751,MAPPED
752,MAPPED
753,MAPPED
754,MAPPED
755,MAPPED
756,MAPPED
758,MAPPED
6204,MAPPED
6213,MAPPED
6652,NO_ARABIC_EQUIVALENT
8480,MAPPED
9825,NO_ARABIC_EQUIVALENT
9826,NO_ARABIC_EQUIVALENT
11020,EVIDENCE_GAP_ONLY
11329,MAPPED
12309,MAPPED
12375,MAPPED
13288,MAPPED
13289,EVIDENCE_GAP_ONLY
13774,MAPPED
13781,MAPPED
14420,EVIDENCE_GAP_ONLY
14565,MAPPED
14605,MAPPED
15385,MAPPED
15585,MAPPED
17435,MAPPED
17688,NO_ARABIC_EQUIVALENT
18666,EVIDENCE_GAP_ONLY
18700,EVIDENCE_GAP_ONLY
6299,MAPPED
6303,EVIDENCE_GAP_ONLY
6304,MAPPED
6305,MAPPED
6306,MAPPED
6307,MAPPED
6308,MAPPED
6309,NO_ARABIC_EQUIVALENT
6311,MAPPED
6314,MAPPED
6315,MAPPED
6317,MAPPED
6318,MAPPED
6319,MAPPED
6320,MAPPED
6321,EVIDENCE_GAP_ONLY
6322,EVIDENCE_GAP_ONLY
6323,MAPPED
6324,MAPPED
6325,MAPPED
6327,MAPPED
6328,EVIDENCE_GAP_ONLY
6329,MAPPED
6330,MAPPED
6331,MAPPED
6332,MAPPED
6333,MAPPED
6334,MAPPED
6335,MAPPED
6336,EVIDENCE_GAP_ONLY
6338,MAPPED
6339,EVIDENCE_GAP_ONLY
6340,MAPPED
6341,MAPPED
6342,MAPPED
6343,MAPPED
6344,MAPPED
6345,MAPPED
6346,MAPPED
6347,MAPPED
6348,MAPPED
6349,MAPPED
6350,EVIDENCE_GAP_ONLY
6351,MAPPED
6352,MAPPED
6353,MAPPED
6354,MAPPED
6356,MAPPED
6362,MAPPED
6363,MAPPED
6364,MAPPED
6365,MAPPED
6366,MAPPED
6367,MAPPED
6368,MAPPED
6369,MAPPED
6370,MAPPED
6371,MAPPED
6372,MAPPED
6373,MAPPED
6374,MAPPED
6375,MAPPED
6376,MAPPED
6377,MAPPED
6378,MAPPED
6379,MAPPED
6380,MAPPED
6381,MAPPED
6382,MAPPED
6383,MAPPED
6384,EVIDENCE_GAP_ONLY
6385,MAPPED
6386,MAPPED
6389,MAPPED
6390,MAPPED
6391,MAPPED
6392,MAPPED
6393,MAPPED
6394,MAPPED
6395,MAPPED
6396,MAPPED
6397,MAPPED
6398,MAPPED
6399,MAPPED
6400,EVIDENCE_GAP_ONLY
6402,MAPPED
6405,MAPPED
6406,MAPPED
6407,EVIDENCE_GAP_ONLY
6408,MAPPED
6409,EVIDENCE_GAP_ONLY
6410,MAPPED
6419,MAPPED
6431,EVIDENCE_GAP_ONLY
6433,EVIDENCE_GAP_ONLY
6434,MAPPED
6436,MAPPED
6437,MAPPED
6438,MAPPED
6439,MAPPED
6440,MAPPED
6443,EVIDENCE_GAP_ONLY
6444,MAPPED
6445,MAPPED
6446,EVIDENCE_GAP_ONLY
6447,EVIDENCE_GAP_ONLY
6448,MAPPED
6450,MAPPED
6451,EVIDENCE_GAP_ONLY
6452,MAPPED
6453,MAPPED
6454,MAPPED
6456,MAPPED
6457,MAPPED
6459,MAPPED
6463,MAPPED
6464,MAPPED
6465,MAPPED
6466,MAPPED
6468,MAPPED
6469,MAPPED
6473,MAPPED
6476,MAPPED
6481,MAPPED
6482,MAPPED
6483,MAPPED
6484,EVIDENCE_GAP_ONLY
6485,EVIDENCE_GAP_ONLY
6486,EVIDENCE_GAP_ONLY
6487,EVIDENCE_GAP_ONLY
6488,MAPPED
6508,MAPPED
6509,MAPPED
6527,EVIDENCE_GAP_ONLY
6528,MAPPED
6529,EVIDENCE_GAP_ONLY
6531,EVIDENCE_GAP_ONLY
6533,MAPPED
6547,MAPPED
6647,MAPPED
6648,MAPPED
6650,MAPPED
6664,MAPPED
6665,MAPPED
6738,MAPPED
6739,EVIDENCE_GAP_ONLY
6771,MAPPED
6772,MAPPED
6773,MAPPED
6774,MAPPED
6815,MAPPED
6854,EVIDENCE_GAP_ONLY
7197,MAPPED
7198,MAPPED
7199,EVIDENCE_GAP_ONLY
7653,MAPPED
10247,MAPPED
10251,EVIDENCE_GAP_ONLY
10253,MAPPED
10254,MAPPED
10255,MAPPED
10352,MAPPED
10353,MAPPED
10354,MAPPED
11204,MAPPED
11205,MAPPED
13500,MAPPED
13707,MAPPED
13758,MAPPED
13812,MAPPED
13813,NO_ARABIC_EQUIVALENT
14354,MAPPED
14355,MAPPED
14951,MAPPED
15205,MAPPED
15559,MAPPED
15710,MAPPED
16262,MAPPED
17270,EVIDENCE_GAP_ONLY
5376,MAPPED
5377,NO_ARABIC_EQUIVALENT
5378,MAPPED
5379,MAPPED
5380,MAPPED
5382,MAPPED
5383,MAPPED
5384,NO_ARABIC_EQUIVALENT
5385,MAPPED
5386,EVIDENCE_GAP_ONLY
5387,MAPPED
5388,EVIDENCE_GAP_ONLY
5389,MAPPED
5390,MAPPED
5391,MAPPED
5392,NO_ARABIC_EQUIVALENT
5393,MAPPED
5394,MAPPED
5395,MAPPED
5396,MAPPED
5397,MAPPED
5398,MAPPED
5399,MAPPED
5400,NO_ARABIC_EQUIVALENT
5401,MAPPED
5402,MAPPED
5403,MAPPED
5404,MAPPED
5405,MAPPED
5406,MAPPED
5407,MAPPED
5408,MAPPED
5409,EVIDENCE_GAP_ONLY
5410,MAPPED
5411,MAPPED
5412,MAPPED
5413,MAPPED
5414,MAPPED
5415,MAPPED
5416,MAPPED
5417,NO_ARABIC_EQUIVALENT
5418,EVIDENCE_GAP_ONLY
5419,EVIDENCE_GAP_ONLY
5420,MAPPED
5438,MAPPED
5439,MAPPED
5440,NO_ARABIC_EQUIVALENT
5441,EVIDENCE_GAP_ONLY
5442,NO_ARABIC_EQUIVALENT
5443,NO_ARABIC_EQUIVALENT
5444,MAPPED
5453,MAPPED
5454,EVIDENCE_GAP_ONLY
5455,MAPPED
5456,MAPPED
5457,MAPPED
5458,MAPPED
5459,MAPPED
5460,MAPPED
5461,MAPPED
5462,EVIDENCE_GAP_ONLY
5481,EVIDENCE_GAP_ONLY
5608,EVIDENCE_GAP_ONLY
5839,MAPPED
5845,MAPPED
5848,MAPPED
5861,MAPPED
5862,MAPPED
5863,MAPPED
5864,MAPPED
5865,MAPPED
8747,MAPPED
10185,MAPPED
11199,MAPPED
11703,MAPPED
13548,MAPPED
13591,EVIDENCE_GAP_ONLY
13756,MAPPED
14002,MAPPED
14207,EVIDENCE_GAP_ONLY
14243,EVIDENCE_GAP_ONLY
14556,MAPPED
14606,MAPPED
14633,MAPPED
14793,EVIDENCE_GAP_ONLY
14899,EVIDENCE_GAP_ONLY
14900,MAPPED
15096,MAPPED
16292,MAPPED
16378,MAPPED
16656,MAPPED
18623,MAPPED
7774,EVIDENCE_GAP_ONLY
7775,MAPPED
7776,MAPPED
7777,MAPPED
7779,MAPPED
7780,MAPPED
7781,MAPPED
7782,MAPPED
7783,MAPPED
7785,MAPPED
7786,MAPPED
7787,MAPPED
7788,MAPPED
7789,MAPPED
7790,MAPPED
7791,MAPPED
7792,MAPPED
7793,MAPPED
7794,MAPPED
7821,MAPPED
7822,MAPPED
7823,MAPPED
7826,MAPPED
7827,MAPPED
7828,MAPPED
8255,MAPPED
8558,MAPPED
10633,MAPPED
10634,MAPPED
10635,MAPPED
10636,MAPPED
10637,MAPPED
10652,MAPPED
10653,MAPPED
10654,MAPPED
10655,MAPPED
10704,MAPPED
10707,MAPPED
11197,MAPPED
11311,MAPPED
11328,MAPPED
11415,MAPPED
11416,MAPPED
11425,MAPPED
11790,MAPPED
12170,MAPPED
12330,MAPPED
12334,MAPPED
12422,MAPPED
12458,MAPPED
12651,MAPPED
12652,MAPPED
12706,MAPPED
13085,MAPPED
13357,EVIDENCE_GAP_ONLY
13358,MAPPED
13429,MAPPED
14026,MAPPED
14027,MAPPED
14159,MAPPED
16592,MAPPED
16612,EVIDENCE_GAP_ONLY
16628,MAPPED
16694,MAPPED
16722,MAPPED
16777,MAPPED
18650,MAPPED
18668,MAPPED
18677,MAPPED
3737,EVIDENCE_GAP_ONLY
3738,EVIDENCE_GAP_ONLY
3739,EVIDENCE_GAP_ONLY
3740,MAPPED
3741,MAPPED
3743,NO_ARABIC_EQUIVALENT
3744,EVIDENCE_GAP_ONLY
3745,EVIDENCE_GAP_ONLY
3746,MAPPED
3747,MAPPED
3748,MAPPED
3749,MAPPED
3750,MAPPED
3752,MAPPED
3753,MAPPED
3754,EVIDENCE_GAP_ONLY
3755,MAPPED
3756,MAPPED
3761,EVIDENCE_GAP_ONLY
3762,NO_ARABIC_EQUIVALENT
3763,MAPPED
3771,MAPPED
3958,EVIDENCE_GAP_ONLY
3959,MAPPED
3960,MAPPED
3961,NO_ARABIC_EQUIVALENT
3963,EVIDENCE_GAP_ONLY
3964,MAPPED
3965,MAPPED
3966,EVIDENCE_GAP_ONLY
3967,MAPPED
3968,MAPPED
3969,NO_ARABIC_EQUIVALENT
3970,NO_ARABIC_EQUIVALENT
3971,MAPPED
3972,MAPPED
3973,NO_ARABIC_EQUIVALENT
3974,NO_ARABIC_EQUIVALENT
10940,MAPPED
10941,MAPPED
10942,MAPPED
10950,MAPPED
10974,MAPPED
10980,MAPPED
10984,MAPPED
10993,MAPPED
11000,MAPPED
11001,MAPPED
14839,MAPPED
14841,EVIDENCE_GAP_ONLY
14842,MAPPED
14843,MAPPED
15317,MAPPED
9600,EVIDENCE_GAP_ONLY
9783,MAPPED
9784,EVIDENCE_GAP_ONLY
9785,MAPPED
9786,MAPPED
9787,MAPPED
9788,MAPPED
11847,EVIDENCE_GAP_ONLY
11848,EVIDENCE_GAP_ONLY
11849,MAPPED
17538,EVIDENCE_GAP_ONLY
17539,MAPPED
17540,MAPPED
17541,EVIDENCE_GAP_ONLY
17542,EVIDENCE_GAP_ONLY
17543,EVIDENCE_GAP_ONLY
17544,EVIDENCE_GAP_ONLY
17545,MAPPED
17546,EVIDENCE_GAP_ONLY
17548,MAPPED
17549,MAPPED
17550,EVIDENCE_GAP_ONLY
17552,MAPPED
17554,MAPPED
17556,EVIDENCE_GAP_ONLY
12603,MAPPED
12604,EVIDENCE_GAP_ONLY
12606,MAPPED
12607,MAPPED
7931,MAPPED
7932,MAPPED
7934,MAPPED
7936,EVIDENCE_GAP_ONLY
8081,MAPPED
13460,MAPPED
13461,MAPPED
4685,MAPPED
4704,MAPPED
17130,MAPPED
17131,MAPPED
17132,EVIDENCE_GAP_ONLY
17133,EVIDENCE_GAP_ONLY
12305,MAPPED
12306,EVIDENCE_GAP_ONLY
12307,MAPPED
13220,MAPPED
13221,MAPPED
17292,MAPPED
14125,MAPPED
14126,EVIDENCE_GAP_ONLY
14127,MAPPED
14128,MAPPED
14129,MAPPED
14131,MAPPED
14132,EVIDENCE_GAP_ONLY
14133,EVIDENCE_GAP_ONLY
14134,EVIDENCE_GAP_ONLY
14135,MAPPED
14136,MAPPED
17053,EVIDENCE_GAP_ONLY
7438,EVIDENCE_GAP_ONLY
7439,MAPPED
7440,MAPPED
7441,MAPPED
7442,EVIDENCE_GAP_ONLY
7443,EVIDENCE_GAP_ONLY
7444,MAPPED
7445,MAPPED
7446,EVIDENCE_GAP_ONLY
7447,MAPPED
7448,MAPPED
7449,EVIDENCE_GAP_ONLY
7450,EVIDENCE_GAP_ONLY
16604,EVIDENCE_GAP_ONLY
17657,MAPPED
11608,EVIDENCE_GAP_ONLY
11609,MAPPED
12383,MAPPED
12629,MAPPED
13113,MAPPED
13114,MAPPED
5506,MAPPED
5763,MAPPED
6985,EVIDENCE_GAP_ONLY
4482,MAPPED
4483,MAPPED
11351,MAPPED
11352,MAPPED
12162,MAPPED
13181,MAPPED
17692,MAPPED
4347,MAPPED
5435,MAPPED
11353,MAPPED
12166,MAPPED
13201,MAPPED
13202,MAPPED
4508,MAPPED
11354,EVIDENCE_GAP_ONLY
11355,EVIDENCE_GAP_ONLY
11450,EVIDENCE_GAP_ONLY
11451,EVIDENCE_GAP_ONLY
11452,MAPPED
17366,EVIDENCE_GAP_ONLY
5507,EVIDENCE_GAP_ONLY
11356,EVIDENCE_GAP_ONLY
11357,EVIDENCE_GAP_ONLY
11852,EVIDENCE_GAP_ONLY
11883,EVIDENCE_GAP_ONLY
13867,EVIDENCE_GAP_ONLY
17679,MAPPED
12293,EVIDENCE_GAP_ONLY
13001,EVIDENCE_GAP_ONLY
13418,EVIDENCE_GAP_ONLY
10698,EVIDENCE_GAP_ONLY
10699,MAPPED
11458,MAPPED
4447,EVIDENCE_GAP_ONLY
4448,EVIDENCE_GAP_ONLY
4449,MAPPED
4450,EVIDENCE_GAP_ONLY
4451,EVIDENCE_GAP_ONLY
9272,MAPPED
12881,EVIDENCE_GAP_ONLY
13233,EVIDENCE_GAP_ONLY
13283,EVIDENCE_GAP_ONLY
15098,EVIDENCE_GAP_ONLY
16261,EVIDENCE_GAP_ONLY
16542,MAPPED
17845,EVIDENCE_GAP_ONLY
17846,EVIDENCE_GAP_ONLY
11312,MAPPED
11358,MAPPED
11359,MAPPED
11360,MAPPED
11856,MAPPED
13410,EVIDENCE_GAP_ONLY
14637,EVIDENCE_GAP_ONLY
12517,MAPPED
17070,EVIDENCE_GAP_ONLY
3810,MAPPED
3811,MAPPED
3812,MAPPED
3813,MAPPED
3814,MAPPED
3816,EVIDENCE_GAP_ONLY
3817,MAPPED
3818,NO_ARABIC_EQUIVALENT
3819,NO_ARABIC_EQUIVALENT
13509,MAPPED
8490,EVIDENCE_GAP_ONLY
8508,MAPPED
8510,EVIDENCE_GAP_ONLY
12599,EVIDENCE_GAP_ONLY
12600,MAPPED
12601,MAPPED
15795,EVIDENCE_GAP_ONLY
17795,EVIDENCE_GAP_ONLY
17796,EVIDENCE_GAP_ONLY
17797,EVIDENCE_GAP_ONLY
17798,EVIDENCE_GAP_ONLY
17799,EVIDENCE_GAP_ONLY
17802,MAPPED
17803,MAPPED
17804,MAPPED
17805,MAPPED
17806,MAPPED
17807,EVIDENCE_GAP_ONLY
17827,MAPPED
17838,EVIDENCE_GAP_ONLY
11793,EVIDENCE_GAP_ONLY
11794,EVIDENCE_GAP_ONLY
11795,EVIDENCE_GAP_ONLY
11796,EVIDENCE_GAP_ONLY
11797,EVIDENCE_GAP_ONLY
11798,EVIDENCE_GAP_ONLY
12532,EVIDENCE_GAP_ONLY
12533,EVIDENCE_GAP_ONLY
12534,MAPPED
10206,EVIDENCE_GAP_ONLY
10207,MAPPED
11627,MAPPED
11628,MAPPED
11641,MAPPED
13823,MAPPED
15316,EVIDENCE_GAP_ONLY
15929,MAPPED
17286,EVIDENCE_GAP_ONLY
18237,MAPPED
18238,MAPPED
18239,EVIDENCE_GAP_ONLY
18240,EVIDENCE_GAP_ONLY
18241,EVIDENCE_GAP_ONLY
18242,EVIDENCE_GAP_ONLY
18243,MAPPED
18244,EVIDENCE_GAP_ONLY
18245,MAPPED
18246,EVIDENCE_GAP_ONLY
10071,EVIDENCE_GAP_ONLY
10072,MAPPED
10073,EVIDENCE_GAP_ONLY
10074,MAPPED
10075,EVIDENCE_GAP_ONLY
11300,EVIDENCE_GAP_ONLY
12563,EVIDENCE_GAP_ONLY
13763,MAPPED
15928,MAPPED
16023,MAPPED
16073,MAPPED
17634,MAPPED
14250,EVIDENCE_GAP_ONLY
14252,EVIDENCE_GAP_ONLY
15349,MAPPED
12758,MAPPED
12759,EVIDENCE_GAP_ONLY
12760,MAPPED
12761,MAPPED
14783,MAPPED
14786,MAPPED
14791,MAPPED
14111,MAPPED
14112,MAPPED
14113,EVIDENCE_GAP_ONLY
14114,MAPPED
14115,MAPPED
12499,EVIDENCE_GAP_ONLY
12500,MAPPED
14385,MAPPED
14386,EVIDENCE_GAP_ONLY
14387,MAPPED
14388,MAPPED
14406,EVIDENCE_GAP_ONLY
14407,MAPPED
14408,MAPPED
15320,MAPPED
9291,MAPPED
9490,MAPPED
9500,MAPPED
9507,EVIDENCE_GAP_ONLY
9508,MAPPED
9511,EVIDENCE_GAP_ONLY
9550,MAPPED
9720,MAPPED
9721,MAPPED
9724,MAPPED
9725,EVIDENCE_GAP_ONLY
11860,EVIDENCE_GAP_ONLY
14178,MAPPED
16914,MAPPED
17577,EVIDENCE_GAP_ONLY
17578,MAPPED
17579,MAPPED
17580,MAPPED
17581,MAPPED
12173,MAPPED
12174,EVIDENCE_GAP_ONLY
12175,MAPPED
15640,MAPPED
16924,EVIDENCE_GAP_ONLY
10369,EVIDENCE_GAP_ONLY
10370,EVIDENCE_GAP_ONLY
10371,EVIDENCE_GAP_ONLY
10372,MAPPED
10373,MAPPED
11101,EVIDENCE_GAP_ONLY
11313,EVIDENCE_GAP_ONLY
15572,EVIDENCE_GAP_ONLY
15963,EVIDENCE_GAP_ONLY
12459,MAPPED
12460,MAPPED
12461,EVIDENCE_GAP_ONLY
12462,EVIDENCE_GAP_ONLY
12463,MAPPED
12840,MAPPED
18682,MAPPED
8460,EVIDENCE_GAP_ONLY
8461,EVIDENCE_GAP_ONLY
8507,EVIDENCE_GAP_ONLY
11102,MAPPED
13174,MAPPED
13463,MAPPED
18669,MAPPED
17627,MAPPED
17628,MAPPED
17629,MAPPED
17630,EVIDENCE_GAP_ONLY
17631,MAPPED
17632,MAPPED
14934,MAPPED
14935,MAPPED
14957,MAPPED
7979,EVIDENCE_GAP_ONLY
7980,EVIDENCE_GAP_ONLY
7981,EVIDENCE_GAP_ONLY
7983,EVIDENCE_GAP_ONLY
4169,MAPPED
4170,MAPPED
4171,EVIDENCE_GAP_ONLY
4172,MAPPED
4173,MAPPED
4174,MAPPED
4175,MAPPED
4176,MAPPED
4177,MAPPED
4178,MAPPED
4180,EVIDENCE_GAP_ONLY
4181,MAPPED
4182,MAPPED
4183,EVIDENCE_GAP_ONLY
4255,MAPPED
4256,MAPPED
4257,MAPPED
4258,MAPPED
4259,MAPPED
4727,MAPPED
4971,EVIDENCE_GAP_ONLY
11861,MAPPED
11862,MAPPED
11877,EVIDENCE_GAP_ONLY
11885,MAPPED
15776,MAPPED
17558,MAPPED
17909,MAPPED
17911,MAPPED
17912,MAPPED
17913,MAPPED
17914,MAPPED
17915,MAPPED
17916,MAPPED
17917,EVIDENCE_GAP_ONLY
17918,MAPPED
17919,EVIDENCE_GAP_ONLY
17920,MAPPED
17921,EVIDENCE_GAP_ONLY
17922,MAPPED
14306,EVIDENCE_GAP_ONLY
14307,EVIDENCE_GAP_ONLY
14308,EVIDENCE_GAP_ONLY
14309,EVIDENCE_GAP_ONLY
14331,MAPPED
14332,MAPPED
14333,MAPPED
10064,MAPPED
10065,EVIDENCE_GAP_ONLY
10066,MAPPED
10067,MAPPED
10068,MAPPED
10069,MAPPED
10070,EVIDENCE_GAP_ONLY
11103,MAPPED
11104,MAPPED
14986,EVIDENCE_GAP_ONLY
15943,MAPPED
15944,MAPPED
16095,MAPPED
16462,MAPPED
16463,MAPPED
16464,MAPPED
16472,MAPPED
16473,MAPPED
16483,MAPPED
2424,NO_ARABIC_EQUIVALENT
2425,EVIDENCE_GAP_ONLY
9975,MAPPED
9976,MAPPED
9977,EVIDENCE_GAP_ONLY
11743,MAPPED
11744,MAPPED
11863,MAPPED
13337,MAPPED
15170,MAPPED
15319,EVIDENCE_GAP_ONLY
4733,EVIDENCE_GAP_ONLY
5673,MAPPED
5674,EVIDENCE_GAP_ONLY
5675,MAPPED
5676,EVIDENCE_GAP_ONLY
5677,MAPPED
5678,EVIDENCE_GAP_ONLY
5679,MAPPED
5681,EVIDENCE_GAP_ONLY
7900,MAPPED
11865,EVIDENCE_GAP_ONLY
937,MAPPED
938,MAPPED
939,MAPPED
940,MAPPED
941,EVIDENCE_GAP_ONLY
942,MAPPED
943,MAPPED
944,EVIDENCE_GAP_ONLY
945,EVIDENCE_GAP_ONLY
946,MAPPED
947,MAPPED
4883,MAPPED
4884,MAPPED
4885,MAPPED
11062,MAPPED
12883,MAPPED
12963,EVIDENCE_GAP_ONLY
13510,MAPPED
14271,MAPPED
16383,MAPPED
16415,EVIDENCE_GAP_ONLY
16602,MAPPED
3047,NO_ARABIC_EQUIVALENT
3048,NO_ARABIC_EQUIVALENT
10350,EVIDENCE_GAP_ONLY
11662,MAPPED
11663,MAPPED
13804,EVIDENCE_GAP_ONLY
16596,MAPPED
16606,MAPPED
16607,MAPPED
18620,MAPPED
18621,MAPPED
18622,MAPPED
18624,MAPPED
18625,MAPPED
18626,MAPPED
16180,EVIDENCE_GAP_ONLY
13003,EVIDENCE_GAP_ONLY
13004,MAPPED
13005,MAPPED
13006,MAPPED
13007,MAPPED
13008,MAPPED
13009,MAPPED
13015,MAPPED
13016,MAPPED
13022,MAPPED
17047,EVIDENCE_GAP_ONLY
17048,EVIDENCE_GAP_ONLY
17049,EVIDENCE_GAP_ONLY
17485,MAPPED
16240,MAPPED
16241,EVIDENCE_GAP_ONLY
16242,EVIDENCE_GAP_ONLY
16874,MAPPED
15667,EVIDENCE_GAP_ONLY
15719,EVIDENCE_GAP_ONLY
15720,EVIDENCE_GAP_ONLY
8131,MAPPED
8132,EVIDENCE_GAP_ONLY
8133,MAPPED
8134,EVIDENCE_GAP_ONLY
8135,MAPPED
8136,MAPPED
8137,MAPPED
11867,EVIDENCE_GAP_ONLY
11868,MAPPED
11911,MAPPED
13791,MAPPED
13792,MAPPED
13793,MAPPED
13794,MAPPED
16538,MAPPED
16539,MAPPED
16540,MAPPED
7040,MAPPED
7041,MAPPED
7042,EVIDENCE_GAP_ONLY
7043,MAPPED
7046,MAPPED
11591,MAPPED
11696,MAPPED
11699,MAPPED
11755,EVIDENCE_GAP_ONLY
11869,MAPPED
11870,MAPPED
12165,MAPPED
13123,EVIDENCE_GAP_ONLY
13144,EVIDENCE_GAP_ONLY
6975,MAPPED
6976,MAPPED
6977,MAPPED
6978,MAPPED
6979,MAPPED
6980,MAPPED
6981,MAPPED
7742,MAPPED
7743,MAPPED
7744,MAPPED
7745,MAPPED
7746,MAPPED
7758,MAPPED
7760,MAPPED
7761,EVIDENCE_GAP_ONLY
7762,EVIDENCE_GAP_ONLY
7763,MAPPED
7764,EVIDENCE_GAP_ONLY
7765,EVIDENCE_GAP_ONLY
7767,MAPPED
7768,MAPPED
7769,MAPPED
7770,EVIDENCE_GAP_ONLY
7771,MAPPED
7772,MAPPED
7773,MAPPED
11876,MAPPED
11878,MAPPED
12379,MAPPED
12380,MAPPED
12781,MAPPED
13355,MAPPED
13750,MAPPED
14710,MAPPED
14711,MAPPED
16386,EVIDENCE_GAP_ONLY
16541,MAPPED
16608,MAPPED
16609,MAPPED
16610,MAPPED
16723,EVIDENCE_GAP_ONLY
16746,MAPPED
16772,MAPPED
16802,MAPPED
16803,MAPPED
2301,EVIDENCE_GAP_ONLY
2303,EVIDENCE_GAP_ONLY
2452,MAPPED
2453,EVIDENCE_GAP_ONLY
2465,EVIDENCE_GAP_ONLY
2920,EVIDENCE_GAP_ONLY
10187,EVIDENCE_GAP_ONLY
10531,EVIDENCE_GAP_ONLY
11713,EVIDENCE_GAP_ONLY
13507,EVIDENCE_GAP_ONLY
13508,EVIDENCE_GAP_ONLY
13777,MAPPED
16770,MAPPED
15328,EVIDENCE_GAP_ONLY
18807,EVIDENCE_GAP_ONLY
18751,MAPPED
1805,EVIDENCE_GAP_ONLY
1809,MAPPED
1810,MAPPED
1812,MAPPED
1813,MAPPED
1818,MAPPED
1820,EVIDENCE_GAP_ONLY
1821,MAPPED
10117,MAPPED
11455,EVIDENCE_GAP_ONLY
13116,MAPPED
13475,MAPPED
16340,MAPPED
16934,MAPPED
18450,MAPPED
18519,MAPPED
14821,EVIDENCE_GAP_ONLY
14822,MAPPED
14824,EVIDENCE_GAP_ONLY
9726,MAPPED
9727,MAPPED
9728,MAPPED
9729,MAPPED
14370,MAPPED
14371,MAPPED
16491,MAPPED
17369,EVIDENCE_GAP_ONLY
5532,MAPPED
5533,EVIDENCE_GAP_ONLY
5534,EVIDENCE_GAP_ONLY
5535,EVIDENCE_GAP_ONLY
5536,MAPPED
5537,MAPPED
5538,MAPPED
5540,MAPPED
5541,EVIDENCE_GAP_ONLY
5542,EVIDENCE_GAP_ONLY
5543,EVIDENCE_GAP_ONLY
15532,MAPPED
15533,MAPPED
15534,MAPPED
15796,TODO
16014,MAPPED
16989,MAPPED
16990,MAPPED
16991,EVIDENCE_GAP_ONLY
16992,MAPPED
16993,MAPPED
16994,MAPPED
16995,MAPPED
10677,MAPPED
13335,EVIDENCE_GAP_ONLY
14871,MAPPED
18320,MAPPED
16164,MAPPED
18054,MAPPED
18055,MAPPED
18056,MAPPED
18520,EVIDENCE_GAP_ONLY
4993,EVIDENCE_GAP_ONLY
4996,MAPPED
4997,MAPPED
4998,MAPPED
4999,MAPPED
5000,MAPPED
5001,EVIDENCE_GAP_ONLY
5002,EVIDENCE_GAP_ONLY
5003,EVIDENCE_GAP_ONLY
5004,EVIDENCE_GAP_ONLY
5006,MAPPED
5007,MAPPED
5030,MAPPED
11919,MAPPED
11921,MAPPED
11922,MAPPED
15531,EVIDENCE_GAP_ONLY
18323,EVIDENCE_GAP_ONLY
147,MAPPED
148,MAPPED
150,EVIDENCE_GAP_ONLY
151,MAPPED
152,MAPPED
153,EVIDENCE_GAP_ONLY
154,EVIDENCE_GAP_ONLY
155,MAPPED
156,EVIDENCE_GAP_ONLY
157,MAPPED
160,EVIDENCE_GAP_ONLY
161,EVIDENCE_GAP_ONLY
162,EVIDENCE_GAP_ONLY
163,MAPPED
164,MAPPED
165,EVIDENCE_GAP_ONLY
166,MAPPED
167,MAPPED
168,MAPPED
169,MAPPED
170,MAPPED
171,MAPPED
172,MAPPED
10862,EVIDENCE_GAP_ONLY
11315,MAPPED
12691,MAPPED
13765,EVIDENCE_GAP_ONLY
17321,MAPPED
16446,EVIDENCE_GAP_ONLY
16447,EVIDENCE_GAP_ONLY
16448,MAPPED
16620,MAPPED
2426,EVIDENCE_GAP_ONLY
2427,EVIDENCE_GAP_ONLY
2428,NO_ARABIC_EQUIVALENT
2429,MAPPED
2430,MAPPED
11815,EVIDENCE_GAP_ONLY
12454,MAPPED
12504,EVIDENCE_GAP_ONLY
13779,MAPPED
13896,MAPPED
16255,MAPPED
12256,MAPPED
12257,MAPPED
13421,MAPPED
13442,MAPPED
17034,MAPPED
17035,EVIDENCE_GAP_ONLY
13655,EVIDENCE_GAP_ONLY
13656,EVIDENCE_GAP_ONLY
13929,MAPPED
13959,EVIDENCE_GAP_ONLY
12964,EVIDENCE_GAP_ONLY
7930,MAPPED
7933,EVIDENCE_GAP_ONLY
8006,MAPPED
9132,MAPPED
9809,EVIDENCE_GAP_ONLY
12574,EVIDENCE_GAP_ONLY
12575,MAPPED
13130,MAPPED
15546,MAPPED
15124,MAPPED
15125,MAPPED
15126,MAPPED
15127,MAPPED
15128,MAPPED
15129,MAPPED
15130,MAPPED
15131,MAPPED
15137,MAPPED
18221,EVIDENCE_GAP_ONLY
18222,EVIDENCE_GAP_ONLY
13160,EVIDENCE_GAP_ONLY
13162,EVIDENCE_GAP_ONLY
13164,MAPPED
13165,EVIDENCE_GAP_ONLY
13170,MAPPED
5579,EVIDENCE_GAP_ONLY
5580,MAPPED
5581,EVIDENCE_GAP_ONLY
5582,MAPPED
7825,EVIDENCE_GAP_ONLY
9196,MAPPED
11370,MAPPED
173,MAPPED
174,MAPPED
175,MAPPED
176,MAPPED
177,MAPPED
178,EVIDENCE_GAP_ONLY
179,MAPPED
4070,MAPPED
4071,MAPPED
4072,MAPPED
4073,MAPPED
7465,EVIDENCE_GAP_ONLY
8191,MAPPED
9871,MAPPED
11931,EVIDENCE_GAP_ONLY
11933,MAPPED
11934,EVIDENCE_GAP_ONLY
11935,MAPPED
11936,MAPPED
11937,MAPPED
11939,MAPPED
11940,EVIDENCE_GAP_ONLY
11941,EVIDENCE_GAP_ONLY
11942,MAPPED
11943,EVIDENCE_GAP_ONLY
11949,MAPPED
15350,EVIDENCE_GAP_ONLY
16642,MAPPED
13072,MAPPED
13413,MAPPED
13414,MAPPED
14872,MAPPED
14817,EVIDENCE_GAP_ONLY
14818,EVIDENCE_GAP_ONLY
14819,EVIDENCE_GAP_ONLY
14882,EVIDENCE_GAP_ONLY
13702,MAPPED
13703,MAPPED
13704,MAPPED
9144,EVIDENCE_GAP_ONLY
9145,MAPPED
9146,MAPPED
9147,MAPPED
9148,MAPPED
9149,MAPPED
9150,MAPPED
9151,MAPPED
9152,MAPPED
11341,MAPPED
11343,MAPPED
11923,MAPPED
11924,MAPPED
15354,MAPPED
17337,MAPPED
18376,MAPPED
16419,EVIDENCE_GAP_ONLY
7557,MAPPED
7558,MAPPED
7559,MAPPED
7560,MAPPED
7561,MAPPED
7562,EVIDENCE_GAP_ONLY
7577,MAPPED
7617,MAPPED
7618,MAPPED
11106,MAPPED
11944,MAPPED
11945,MAPPED
12370,MAPPED
12371,MAPPED
16799,MAPPED
12442,EVIDENCE_GAP_ONLY
12443,EVIDENCE_GAP_ONLY
12444,EVIDENCE_GAP_ONLY
12446,MAPPED
13376,MAPPED
13385,MAPPED
13386,MAPPED
13391,EVIDENCE_GAP_ONLY
13392,EVIDENCE_GAP_ONLY
13506,MAPPED
17498,MAPPED
18468,EVIDENCE_GAP_ONLY
18469,EVIDENCE_GAP_ONLY
5554,MAPPED
5555,MAPPED
5556,MAPPED
5557,MAPPED
5558,MAPPED
5559,MAPPED
5560,MAPPED
5561,MAPPED
5562,EVIDENCE_GAP_ONLY
5563,MAPPED
5564,MAPPED
5565,MAPPED
5566,MAPPED
5567,MAPPED
5568,MAPPED
5569,MAPPED
5570,MAPPED
5571,EVIDENCE_GAP_ONLY
5572,MAPPED
5573,MAPPED
5574,EVIDENCE_GAP_ONLY
5575,MAPPED
5577,MAPPED
5578,MAPPED
5759,NO_ARABIC_EQUIVALENT
6936,MAPPED
6971,MAPPED
12699,MAPPED
12700,MAPPED
13664,MAPPED
13665,MAPPED
13060,MAPPED
13061,MAPPED
13062,MAPPED
13063,MAPPED
9790,MAPPED
9791,MAPPED
11925,MAPPED
11926,MAPPED
11927,MAPPED
11928,MAPPED
11929,MAPPED
12844,MAPPED
6001,EVIDENCE_GAP_ONLY
6003,EVIDENCE_GAP_ONLY
6005,EVIDENCE_GAP_ONLY
6006,EVIDENCE_GAP_ONLY
11108,EVIDENCE_GAP_ONLY
5780,EVIDENCE_GAP_ONLY
5781,EVIDENCE_GAP_ONLY
5783,MAPPED
5784,MAPPED
5785,MAPPED
5925,EVIDENCE_GAP_ONLY
5930,EVIDENCE_GAP_ONLY
6050,MAPPED
10533,MAPPED
11946,MAPPED
11947,MAPPED
12590,MAPPED
12592,MAPPED
12593,EVIDENCE_GAP_ONLY
12594,EVIDENCE_GAP_ONLY
17297,MAPPED
17471,NO_ARABIC_EQUIVALENT
16711,MAPPED
16712,MAPPED
13660,EVIDENCE_GAP_ONLY
13661,EVIDENCE_GAP_ONLY
13662,EVIDENCE_GAP_ONLY
13663,EVIDENCE_GAP_ONLY
13613,EVIDENCE_GAP_ONLY
18150,MAPPED
18151,MAPPED
18152,MAPPED
18153,MAPPED
18154,MAPPED
18155,MAPPED
18156,EVIDENCE_GAP_ONLY
18157,EVIDENCE_GAP_ONLY
12258,MAPPED
12260,MAPPED
12261,MAPPED
12262,EVIDENCE_GAP_ONLY
12263,MAPPED
12842,MAPPED
13057,MAPPED
9912,MAPPED
11109,MAPPED
14070,EVIDENCE_GAP_ONLY
14073,EVIDENCE_GAP_ONLY
16718,MAPPED
16719,MAPPED
16720,MAPPED
16721,MAPPED
16732,MAPPED
16733,MAPPED
18321,MAPPED
18412,MAPPED
10024,MAPPED
10025,MAPPED
10026,MAPPED
10027,MAPPED
14174,EVIDENCE_GAP_ONLY
16531,MAPPED
16533,NO_ARABIC_EQUIVALENT
16621,MAPPED
3930,MAPPED
3931,MAPPED
3932,EVIDENCE_GAP_ONLY
3933,MAPPED
3934,MAPPED
3935,MAPPED
3936,MAPPED
3937,MAPPED
3938,MAPPED
3939,MAPPED
3941,EVIDENCE_GAP_ONLY
3942,MAPPED
3943,MAPPED
3944,MAPPED
3945,MAPPED
5239,MAPPED
5240,MAPPED
5241,MAPPED
5474,MAPPED
5544,MAPPED
5549,MAPPED
5550,MAPPED
7452,MAPPED
7453,MAPPED
7454,MAPPED
7455,EVIDENCE_GAP_ONLY
7456,MAPPED
7457,MAPPED
7459,MAPPED
7460,MAPPED
7462,MAPPED
7463,EVIDENCE_GAP_ONLY
7464,MAPPED
7467,MAPPED
7468,MAPPED
7469,MAPPED
7470,MAPPED
7472,MAPPED
7478,MAPPED
7479,MAPPED
7830,MAPPED
8900,MAPPED
11461,MAPPED
12279,MAPPED
12659,EVIDENCE_GAP_ONLY
16641,MAPPED
10705,EVIDENCE_GAP_ONLY
10706,EVIDENCE_GAP_ONLY
10708,EVIDENCE_GAP_ONLY
10709,EVIDENCE_GAP_ONLY
10710,MAPPED
10712,EVIDENCE_GAP_ONLY
12205,EVIDENCE_GAP_ONLY
15027,EVIDENCE_GAP_ONLY
7051,MAPPED
7116,MAPPED
7117,MAPPED
7119,MAPPED
7120,MAPPED
8003,MAPPED
8004,MAPPED
15547,MAPPED
15548,EVIDENCE_GAP_ONLY
15549,MAPPED
15550,EVIDENCE_GAP_ONLY
18521,MAPPED
18522,MAPPED
10770,EVIDENCE_GAP_ONLY
10771,MAPPED
10772,MAPPED
10773,MAPPED
10774,EVIDENCE_GAP_ONLY
15551,MAPPED
17510,EVIDENCE_GAP_ONLY
10848,EVIDENCE_GAP_ONLY
10849,EVIDENCE_GAP_ONLY
10850,EVIDENCE_GAP_ONLY
14071,EVIDENCE_GAP_ONLY
14072,EVIDENCE_GAP_ONLY
15552,EVIDENCE_GAP_ONLY
15930,EVIDENCE_GAP_ONLY
16579,EVIDENCE_GAP_ONLY
16877,MAPPED
16988,MAPPED
8224,MAPPED
8225,MAPPED
8226,EVIDENCE_GAP_ONLY
8227,MAPPED
8228,MAPPED
16301,MAPPED
16302,MAPPED
16303,MAPPED
17420,EVIDENCE_GAP_ONLY
6043,MAPPED
6045,EVIDENCE_GAP_ONLY
6046,MAPPED
6048,EVIDENCE_GAP_ONLY
6190,EVIDENCE_GAP_ONLY
6191,EVIDENCE_GAP_ONLY
12032,MAPPED
12033,MAPPED
12036,MAPPED
5849,MAPPED
5855,MAPPED
5856,MAPPED
5857,EVIDENCE_GAP_ONLY
5858,MAPPED
5860,MAPPED
5884,MAPPED
5885,EVIDENCE_GAP_ONLY
5886,MAPPED
5887,MAPPED
5888,MAPPED
5978,MAPPED
6007,MAPPED
6008,MAPPED
6009,EVIDENCE_GAP_ONLY
6013,EVIDENCE_GAP_ONLY
13644,EVIDENCE_GAP_ONLY
13645,EVIDENCE_GAP_ONLY
13646,EVIDENCE_GAP_ONLY
13647,EVIDENCE_GAP_ONLY
13648,EVIDENCE_GAP_ONLY
13649,EVIDENCE_GAP_ONLY
13650,EVIDENCE_GAP_ONLY
18030,EVIDENCE_GAP_ONLY
6156,MAPPED
6157,MAPPED
6158,MAPPED
6160,MAPPED
6162,MAPPED
6163,EVIDENCE_GAP_ONLY
6194,MAPPED
6196,MAPPED
6197,MAPPED
6208,MAPPED
10544,MAPPED
18378,MAPPED
18258,MAPPED
18259,MAPPED
18609,MAPPED
3464,MAPPED
3465,MAPPED
3466,MAPPED
3467,MAPPED
3468,EVIDENCE_GAP_ONLY
3469,MAPPED
3470,MAPPED
3471,MAPPED
3472,MAPPED
3473,MAPPED
3474,MAPPED
3475,MAPPED
3476,MAPPED
3477,EVIDENCE_GAP_ONLY
3478,MAPPED
3479,MAPPED
3480,MAPPED
3481,MAPPED
3482,MAPPED
3483,MAPPED
3484,MAPPED
3485,EVIDENCE_GAP_ONLY
3486,EVIDENCE_GAP_ONLY
3487,MAPPED
3488,MAPPED
3489,MAPPED
3490,MAPPED
3491,MAPPED
3492,MAPPED
3493,MAPPED
3494,EVIDENCE_GAP_ONLY
3495,MAPPED
3704,MAPPED
14498,MAPPED
14627,MAPPED
17303,EVIDENCE_GAP_ONLY
16883,MAPPED
16884,EVIDENCE_GAP_ONLY
16885,EVIDENCE_GAP_ONLY
16886,MAPPED
16887,MAPPED
16888,EVIDENCE_GAP_ONLY
16889,MAPPED
16890,MAPPED
17265,EVIDENCE_GAP_ONLY
16372,MAPPED
16374,MAPPED
16375,MAPPED
17342,EVIDENCE_GAP_ONLY
17093,MAPPED
17105,EVIDENCE_GAP_ONLY
17111,MAPPED
17112,MAPPED
17143,MAPPED
12807,MAPPED
12808,MAPPED
12809,MAPPED
12810,MAPPED
12811,MAPPED
12812,MAPPED
12813,MAPPED
12814,MAPPED
12815,MAPPED
12816,MAPPED
5612,MAPPED
5613,NO_ARABIC_EQUIVALENT
5614,MAPPED
5615,MAPPED
5616,EVIDENCE_GAP_ONLY
5617,EVIDENCE_GAP_ONLY
5618,MAPPED
5619,MAPPED
5620,MAPPED
5621,MAPPED
5622,MAPPED
2860,MAPPED
2863,MAPPED
2865,MAPPED
2921,MAPPED
2922,EVIDENCE_GAP_ONLY
2923,MAPPED
2924,MAPPED
2928,MAPPED
2929,MAPPED
2930,MAPPED
2931,MAPPED
2932,EVIDENCE_GAP_ONLY
2934,MAPPED
3038,EVIDENCE_GAP_ONLY
3040,EVIDENCE_GAP_ONLY
3049,MAPPED
3050,MAPPED
3051,EVIDENCE_GAP_ONLY
3052,MAPPED
3053,MAPPED
3054,MAPPED
3058,MAPPED
3061,MAPPED
3063,MAPPED
3065,MAPPED
3148,EVIDENCE_GAP_ONLY
3149,EVIDENCE_GAP_ONLY
3150,MAPPED
3589,MAPPED
3590,EVIDENCE_GAP_ONLY
3591,EVIDENCE_GAP_ONLY
3592,MAPPED
3593,MAPPED
3594,MAPPED
3595,MAPPED
3596,MAPPED
3597,MAPPED
3598,EVIDENCE_GAP_ONLY
9819,MAPPED
10490,EVIDENCE_GAP_ONLY
18670,MAPPED
18671,MAPPED
5649,EVIDENCE_GAP_ONLY
5650,MAPPED
5651,MAPPED
5652,MAPPED
5653,MAPPED
5654,EVIDENCE_GAP_ONLY
5655,EVIDENCE_GAP_ONLY
5656,MAPPED
5657,MAPPED
5658,EVIDENCE_GAP_ONLY
5660,MAPPED
5661,EVIDENCE_GAP_ONLY
5662,MAPPED
5663,MAPPED
5741,EVIDENCE_GAP_ONLY
11111,MAPPED
12843,MAPPED
15352,EVIDENCE_GAP_ONLY
7083,MAPPED
7084,EVIDENCE_GAP_ONLY
7085,MAPPED
7086,MAPPED
7087,MAPPED
7088,EVIDENCE_GAP_ONLY
7089,MAPPED
7090,MAPPED
7091,EVIDENCE_GAP_ONLY
7092,MAPPED
7093,MAPPED
7094,EVIDENCE_GAP_ONLY
7098,MAPPED
7099,MAPPED
7101,EVIDENCE_GAP_ONLY
7102,EVIDENCE_GAP_ONLY
7103,MAPPED
7165,MAPPED
7166,MAPPED
7167,MAPPED
10122,MAPPED
15992,EVIDENCE_GAP_ONLY
15993,EVIDENCE_GAP_ONLY
15994,NO_ARABIC_EQUIVALENT
17183,MAPPED
11332,EVIDENCE_GAP_ONLY
11334,EVIDENCE_GAP_ONLY
13841,EVIDENCE_GAP_ONLY
13843,MAPPED
12749,MAPPED
12750,MAPPED
12751,MAPPED
12752,MAPPED
12753,MAPPED
12754,MAPPED
12755,MAPPED
12756,MAPPED
12762,MAPPED
13215,MAPPED
13696,MAPPED
13697,MAPPED
15870,MAPPED
15871,EVIDENCE_GAP_ONLY
15872,EVIDENCE_GAP_ONLY
15874,MAPPED
15875,MAPPED
17568,MAPPED
13692,MAPPED
15797,MAPPED
15873,MAPPED
16661,EVIDENCE_GAP_ONLY
17195,EVIDENCE_GAP_ONLY
4957,MAPPED
4958,EVIDENCE_GAP_ONLY
4959,MAPPED
4960,MAPPED
4961,MAPPED
4962,MAPPED
4963,MAPPED
4964,MAPPED
4965,EVIDENCE_GAP_ONLY
4966,EVIDENCE_GAP_ONLY
4967,MAPPED
4968,MAPPED
4992,MAPPED
11963,MAPPED
11964,MAPPED
11966,EVIDENCE_GAP_ONLY
11967,MAPPED
11968,MAPPED
11969,MAPPED
11970,MAPPED
4456,NO_ARABIC_EQUIVALENT
4457,EVIDENCE_GAP_ONLY
4458,MAPPED
4459,MAPPED
4470,EVIDENCE_GAP_ONLY
4471,NO_ARABIC_EQUIVALENT
8730,EVIDENCE_GAP_ONLY
8731,MAPPED
8732,MAPPED
8733,MAPPED
8734,EVIDENCE_GAP_ONLY
8735,MAPPED
8738,EVIDENCE_GAP_ONLY
8739,MAPPED
8755,EVIDENCE_GAP_ONLY
8865,EVIDENCE_GAP_ONLY
8867,EVIDENCE_GAP_ONLY
8870,MAPPED
8881,EVIDENCE_GAP_ONLY
9175,MAPPED
9176,MAPPED
9920,EVIDENCE_GAP_ONLY
12026,EVIDENCE_GAP_ONLY
12027,MAPPED
12028,EVIDENCE_GAP_ONLY
13641,EVIDENCE_GAP_ONLY
13901,EVIDENCE_GAP_ONLY
14508,MAPPED
15649,NO_ARABIC_EQUIVALENT
15650,NO_ARABIC_EQUIVALENT
17367,NO_ARABIC_EQUIVALENT
4731,EVIDENCE_GAP_ONLY
4737,MAPPED
4738,EVIDENCE_GAP_ONLY
4739,MAPPED
4740,EVIDENCE_GAP_ONLY
4741,EVIDENCE_GAP_ONLY
4745,EVIDENCE_GAP_ONLY
4746,EVIDENCE_GAP_ONLY
4748,EVIDENCE_GAP_ONLY
4749,EVIDENCE_GAP_ONLY
4750,EVIDENCE_GAP_ONLY
11990,MAPPED
11991,MAPPED
11992,EVIDENCE_GAP_ONLY
14474,NO_ARABIC_EQUIVALENT
4847,EVIDENCE_GAP_ONLY
4848,MAPPED
4849,MAPPED
4850,EVIDENCE_GAP_ONLY
4851,MAPPED
4853,MAPPED
4855,MAPPED
4856,MAPPED
4857,MAPPED
4858,EVIDENCE_GAP_ONLY
4859,EVIDENCE_GAP_ONLY
4860,EVIDENCE_GAP_ONLY
4861,MAPPED
4862,EVIDENCE_GAP_ONLY
4863,EVIDENCE_GAP_ONLY
4864,MAPPED
4865,MAPPED
4866,EVIDENCE_GAP_ONLY
4867,MAPPED
4879,MAPPED
11993,MAPPED
11994,MAPPED
11995,MAPPED
11996,MAPPED
11997,MAPPED
11998,MAPPED
11999,MAPPED
12000,MAPPED
12001,MAPPED
12002,MAPPED
12003,EVIDENCE_GAP_ONLY
17069,MAPPED
16511,MAPPED
16516,MAPPED
16524,MAPPED
6355,EVIDENCE_GAP_ONLY
6357,EVIDENCE_GAP_ONLY
6358,EVIDENCE_GAP_ONLY
6359,EVIDENCE_GAP_ONLY
6360,EVIDENCE_GAP_ONLY
6361,EVIDENCE_GAP_ONLY
6905,EVIDENCE_GAP_ONLY
11113,EVIDENCE_GAP_ONLY
13810,MAPPED
13819,EVIDENCE_GAP_ONLY
16416,EVIDENCE_GAP_ONLY
16662,EVIDENCE_GAP_ONLY
17623,MAPPED
18661,MAPPED
16400,MAPPED
16401,MAPPED
459,MAPPED
460,EVIDENCE_GAP_ONLY
461,MAPPED
462,EVIDENCE_GAP_ONLY
463,MAPPED
464,EVIDENCE_GAP_ONLY
465,EVIDENCE_GAP_ONLY
466,EVIDENCE_GAP_ONLY
467,EVIDENCE_GAP_ONLY
468,MAPPED
469,EVIDENCE_GAP_ONLY
470,MAPPED
471,EVIDENCE_GAP_ONLY
472,EVIDENCE_GAP_ONLY
473,EVIDENCE_GAP_ONLY
5810,EVIDENCE_GAP_ONLY
5811,MAPPED
5812,EVIDENCE_GAP_ONLY
5813,EVIDENCE_GAP_ONLY
5814,MAPPED
5815,MAPPED
7651,EVIDENCE_GAP_ONLY
11745,EVIDENCE_GAP_ONLY
11748,EVIDENCE_GAP_ONLY
15575,EVIDENCE_GAP_ONLY
15576,EVIDENCE_GAP_ONLY
15577,EVIDENCE_GAP_ONLY
15578,MAPPED
17054,EVIDENCE_GAP_ONLY
10154,MAPPED
10155,EVIDENCE_GAP_ONLY
10156,MAPPED
10157,MAPPED
10158,MAPPED
10678,MAPPED
10702,MAPPED
11453,MAPPED
14723,MAPPED
16161,MAPPED
16163,MAPPED
18430,EVIDENCE_GAP_ONLY
18515,EVIDENCE_GAP_ONLY
18523,EVIDENCE_GAP_ONLY
18524,EVIDENCE_GAP_ONLY
18525,EVIDENCE_GAP_ONLY
18526,MAPPED
15380,EVIDENCE_GAP_ONLY
15381,MAPPED
15382,EVIDENCE_GAP_ONLY
15383,MAPPED
15591,EVIDENCE_GAP_ONLY
15592,MAPPED
16780,MAPPED
16781,MAPPED
16782,MAPPED
16783,MAPPED
16784,MAPPED
16785,EVIDENCE_GAP_ONLY
3843,MAPPED
3844,EVIDENCE_GAP_ONLY
3845,EVIDENCE_GAP_ONLY
5605,MAPPED
5606,EVIDENCE_GAP_ONLY
8077,MAPPED
8078,EVIDENCE_GAP_ONLY
8079,MAPPED
8080,EVIDENCE_GAP_ONLY
10285,MAPPED
10716,MAPPED
11327,EVIDENCE_GAP_ONLY
11330,MAPPED
11331,MAPPED
11626,EVIDENCE_GAP_ONLY
11782,EVIDENCE_GAP_ONLY
11804,EVIDENCE_GAP_ONLY
13753,MAPPED
13757,MAPPED
14171,MAPPED
14184,MAPPED
14339,MAPPED
14345,MAPPED
14497,MAPPED
14505,EVIDENCE_GAP_ONLY
14531,MAPPED
14578,MAPPED
14580,EVIDENCE_GAP_ONLY
14581,MAPPED
14582,MAPPED
14591,MAPPED
14681,EVIDENCE_GAP_ONLY
14682,MAPPED
14684,MAPPED
15221,MAPPED
16310,EVIDENCE_GAP_ONLY
17649,EVIDENCE_GAP_ONLY
17651,MAPPED
13680,EVIDENCE_GAP_ONLY
13681,MAPPED
2298,EVIDENCE_GAP_ONLY
2302,MAPPED
2305,EVIDENCE_GAP_ONLY
2306,MAPPED
2308,MAPPED
2313,EVIDENCE_GAP_ONLY
2316,MAPPED
2318,MAPPED
2324,MAPPED
2328,MAPPED
2335,MAPPED
2347,MAPPED
2348,EVIDENCE_GAP_ONLY
2349,MAPPED
13350,EVIDENCE_GAP_ONLY
13725,MAPPED
14524,MAPPED
14621,MAPPED
15008,MAPPED
17621,EVIDENCE_GAP_ONLY
18492,MAPPED
17461,MAPPED
17462,MAPPED
17464,MAPPED
17491,EVIDENCE_GAP_ONLY
18505,EVIDENCE_GAP_ONLY
180,EVIDENCE_GAP_ONLY
181,EVIDENCE_GAP_ONLY
184,EVIDENCE_GAP_ONLY
185,EVIDENCE_GAP_ONLY
186,EVIDENCE_GAP_ONLY
187,MAPPED
194,MAPPED
195,MAPPED
196,EVIDENCE_GAP_ONLY
200,EVIDENCE_GAP_ONLY
204,MAPPED
8201,EVIDENCE_GAP_ONLY
8202,EVIDENCE_GAP_ONLY
8203,EVIDENCE_GAP_ONLY
8601,MAPPED
8602,MAPPED
8980,MAPPED
8992,EVIDENCE_GAP_ONLY
10819,EVIDENCE_GAP_ONLY
11114,EVIDENCE_GAP_ONLY
11759,MAPPED
12010,EVIDENCE_GAP_ONLY
12011,EVIDENCE_GAP_ONLY
13516,EVIDENCE_GAP_ONLY
13643,EVIDENCE_GAP_ONLY
15671,EVIDENCE_GAP_ONLY
15711,MAPPED
16925,EVIDENCE_GAP_ONLY
2,MAPPED
3,MAPPED
4,MAPPED
8591,MAPPED
10844,MAPPED
10916,MAPPED
11493,EVIDENCE_GAP_ONLY
11495,MAPPED
11716,MAPPED
11720,EVIDENCE_GAP_ONLY
12012,EVIDENCE_GAP_ONLY
12013,MAPPED
12014,MAPPED
12015,EVIDENCE_GAP_ONLY
13387,MAPPED
13417,MAPPED
13419,MAPPED
13420,MAPPED
14030,MAPPED
14329,MAPPED
14369,MAPPED
14552,MAPPED
14847,EVIDENCE_GAP_ONLY
14984,MAPPED
15046,EVIDENCE_GAP_ONLY
15112,EVIDENCE_GAP_ONLY
15233,MAPPED
15329,MAPPED
16910,MAPPED
16940,MAPPED
17002,MAPPED
17003,MAPPED
17004,MAPPED
17005,MAPPED
17006,MAPPED
17071,MAPPED
18486,MAPPED
18487,EVIDENCE_GAP_ONLY
18706,MAPPED
15879,EVIDENCE_GAP_ONLY
15880,MAPPED
15881,MAPPED
15882,MAPPED
15883,MAPPED
15884,EVIDENCE_GAP_ONLY
17588,MAPPED
8705,EVIDENCE_GAP_ONLY
9268,EVIDENCE_GAP_ONLY
9269,EVIDENCE_GAP_ONLY
9270,EVIDENCE_GAP_ONLY
9271,MAPPED
10805,EVIDENCE_GAP_ONLY
10806,EVIDENCE_GAP_ONLY
10807,EVIDENCE_GAP_ONLY
10808,EVIDENCE_GAP_ONLY
10809,EVIDENCE_GAP_ONLY
10810,EVIDENCE_GAP_ONLY
13324,MAPPED
13325,MAPPED
14025,MAPPED
17514,MAPPED
18453,MAPPED
6881,EVIDENCE_GAP_ONLY
6882,MAPPED
6883,EVIDENCE_GAP_ONLY
6885,MAPPED
6886,EVIDENCE_GAP_ONLY
11317,EVIDENCE_GAP_ONLY
12016,MAPPED
12017,MAPPED
12018,MAPPED
12019,EVIDENCE_GAP_ONLY
12020,EVIDENCE_GAP_ONLY
12021,EVIDENCE_GAP_ONLY
5913,EVIDENCE_GAP_ONLY
5914,MAPPED
5915,MAPPED
5916,MAPPED
5917,EVIDENCE_GAP_ONLY
6880,MAPPED
11115,EVIDENCE_GAP_ONLY
12029,EVIDENCE_GAP_ONLY
12030,MAPPED
13496,MAPPED
1987,MAPPED
1989,MAPPED
1990,MAPPED
1991,MAPPED
1992,MAPPED
1995,MAPPED
9502,MAPPED
9503,MAPPED
10119,MAPPED
10820,MAPPED
10821,MAPPED
11116,EVIDENCE_GAP_ONLY
12580,MAPPED
12773,MAPPED
12774,MAPPED
13327,MAPPED
13328,MAPPED
13372,EVIDENCE_GAP_ONLY
13373,EVIDENCE_GAP_ONLY
15656,EVIDENCE_GAP_ONLY
16855,EVIDENCE_GAP_ONLY
17351,MAPPED
17381,MAPPED
17561,MAPPED
17562,EVIDENCE_GAP_ONLY
18567,MAPPED
13530,MAPPED
13531,MAPPED
13532,MAPPED
13533,EVIDENCE_GAP_ONLY
17598,MAPPED
14865,MAPPED
14866,MAPPED
14867,MAPPED
14868,MAPPED
14875,MAPPED
14952,MAPPED
14954,MAPPED
15080,MAPPED
18334,EVIDENCE_GAP_ONLY
1646,EVIDENCE_GAP_ONLY
1647,MAPPED
1648,MAPPED
1649,MAPPED
1650,MAPPED
1651,MAPPED
1652,MAPPED
1653,MAPPED
1655,MAPPED
1656,MAPPED
1657,EVIDENCE_GAP_ONLY
1658,MAPPED
1659,MAPPED
1660,MAPPED
1661,MAPPED
1662,MAPPED
1663,MAPPED
4730,EVIDENCE_GAP_ONLY
11318,MAPPED
12041,MAPPED
15441,MAPPED
18527,EVIDENCE_GAP_ONLY
18528,EVIDENCE_GAP_ONLY
18529,MAPPED
9960,MAPPED
9961,MAPPED
9962,MAPPED
9963,MAPPED
9964,MAPPED
9973,MAPPED
11119,MAPPED
12042,MAPPED
17525,MAPPED
17526,MAPPED
17527,MAPPED
7222,EVIDENCE_GAP_ONLY
7223,MAPPED
7224,EVIDENCE_GAP_ONLY
7225,MAPPED
7226,EVIDENCE_GAP_ONLY
7227,EVIDENCE_GAP_ONLY
7228,MAPPED
7229,EVIDENCE_GAP_ONLY
7230,EVIDENCE_GAP_ONLY
7231,EVIDENCE_GAP_ONLY
7232,MAPPED
7242,EVIDENCE_GAP_ONLY
9770,EVIDENCE_GAP_ONLY
9771,EVIDENCE_GAP_ONLY
9772,EVIDENCE_GAP_ONLY
9773,MAPPED
9774,MAPPED
9775,EVIDENCE_GAP_ONLY
9776,MAPPED
9778,EVIDENCE_GAP_ONLY
9779,EVIDENCE_GAP_ONLY
11120,EVIDENCE_GAP_ONLY
11160,EVIDENCE_GAP_ONLY
948,MAPPED
949,MAPPED
950,MAPPED
951,EVIDENCE_GAP_ONLY
952,MAPPED
954,MAPPED
955,MAPPED
956,MAPPED
957,EVIDENCE_GAP_ONLY
958,MAPPED
959,MAPPED
960,MAPPED
961,MAPPED
962,MAPPED
963,MAPPED
964,MAPPED
10904,EVIDENCE_GAP_ONLY
10905,MAPPED
11008,EVIDENCE_GAP_ONLY
11009,MAPPED
11121,MAPPED
12055,MAPPED
12056,EVIDENCE_GAP_ONLY
12057,EVIDENCE_GAP_ONLY
12058,MAPPED
14418,EVIDENCE_GAP_ONLY
15048,EVIDENCE_GAP_ONLY
15050,MAPPED
15053,MAPPED
15083,MAPPED
15089,MAPPED
15094,MAPPED
15120,MAPPED
16133,MAPPED
16382,EVIDENCE_GAP_ONLY
17187,MAPPED
17646,MAPPED
17676,EVIDENCE_GAP_ONLY
18533,MAPPED
18534,EVIDENCE_GAP_ONLY
18535,EVIDENCE_GAP_ONLY
18566,MAPPED
14163,MAPPED
14164,EVIDENCE_GAP_ONLY
5908,MAPPED
5909,MAPPED
5910,EVIDENCE_GAP_ONLY
5912,EVIDENCE_GAP_ONLY
6081,MAPPED
6082,EVIDENCE_GAP_ONLY
6083,MAPPED
6088,MAPPED
7295,EVIDENCE_GAP_ONLY
12059,EVIDENCE_GAP_ONLY
38,EVIDENCE_GAP_ONLY
39,EVIDENCE_GAP_ONLY
40,MAPPED
41,MAPPED
42,MAPPED
43,MAPPED
44,EVIDENCE_GAP_ONLY
4832,MAPPED
4833,MAPPED
4834,MAPPED
4835,MAPPED
5308,MAPPED
9289,EVIDENCE_GAP_ONLY
12060,EVIDENCE_GAP_ONLY
12061,EVIDENCE_GAP_ONLY
12062,MAPPED
12063,MAPPED
12064,MAPPED
12065,MAPPED
12080,MAPPED
12081,MAPPED
12082,MAPPED
12083,EVIDENCE_GAP_ONLY
16438,MAPPED
17098,MAPPED
17099,MAPPED
5918,EVIDENCE_GAP_ONLY
5919,EVIDENCE_GAP_ONLY
5946,MAPPED
5951,EVIDENCE_GAP_ONLY
5953,EVIDENCE_GAP_ONLY
6004,EVIDENCE_GAP_ONLY
6011,EVIDENCE_GAP_ONLY
6012,MAPPED
11135,EVIDENCE_GAP_ONLY
13495,EVIDENCE_GAP_ONLY
15651,EVIDENCE_GAP_ONLY
15812,MAPPED
11361,MAPPED
11362,EVIDENCE_GAP_ONLY
12845,EVIDENCE_GAP_ONLY
5602,MAPPED
5603,MAPPED
5604,EVIDENCE_GAP_ONLY
5850,EVIDENCE_GAP_ONLY
5851,MAPPED
5852,MAPPED
5853,MAPPED
5854,MAPPED
5924,MAPPED
12084,MAPPED
12085,MAPPED
12086,MAPPED
10380,EVIDENCE_GAP_ONLY
10679,MAPPED
10680,MAPPED
12631,MAPPED
13281,MAPPED
13338,MAPPED
17362,EVIDENCE_GAP_ONLY
17591,MAPPED
5293,MAPPED
5295,EVIDENCE_GAP_ONLY
7344,MAPPED
12087,MAPPED
12088,MAPPED
7578,MAPPED
7579,MAPPED
7580,MAPPED
7581,MAPPED
7582,EVIDENCE_GAP_ONLY
7583,MAPPED
7584,MAPPED
7585,EVIDENCE_GAP_ONLY
7586,EVIDENCE_GAP_ONLY
7587,MAPPED
7588,MAPPED
7589,MAPPED
7591,MAPPED
7592,EVIDENCE_GAP_ONLY
7593,MAPPED
12089,MAPPED
12090,MAPPED
12091,MAPPED
12092,MAPPED
12093,MAPPED
12094,MAPPED
12095,EVIDENCE_GAP_ONLY
12096,MAPPED
12097,EVIDENCE_GAP_ONLY
12098,MAPPED
16577,MAPPED
16578,MAPPED
9440,EVIDENCE_GAP_ONLY
9442,MAPPED
9454,MAPPED
9466,EVIDENCE_GAP_ONLY
9512,EVIDENCE_GAP_ONLY
9542,MAPPED
10143,EVIDENCE_GAP_ONLY
10311,MAPPED
10885,MAPPED
13493,MAPPED
13494,MAPPED
17573,EVIDENCE_GAP_ONLY
17574,EVIDENCE_GAP_ONLY
17575,EVIDENCE_GAP_ONLY
17576,MAPPED
17585,EVIDENCE_GAP_ONLY
11731,EVIDENCE_GAP_ONLY
13180,MAPPED
13430,MAPPED
13870,EVIDENCE_GAP_ONLY
13885,EVIDENCE_GAP_ONLY
13897,EVIDENCE_GAP_ONLY
15358,MAPPED
17583,MAPPED
5042,MAPPED
5043,MAPPED
5044,MAPPED
5045,MAPPED
5046,MAPPED
5047,EVIDENCE_GAP_ONLY
5048,MAPPED
5049,MAPPED
11136,EVIDENCE_GAP_ONLY
12107,MAPPED
17515,MAPPED
17516,MAPPED
17517,MAPPED
18205,MAPPED
18206,MAPPED
18207,MAPPED
15460,MAPPED
15512,EVIDENCE_GAP_ONLY
15513,EVIDENCE_GAP_ONLY
15517,EVIDENCE_GAP_ONLY
15520,EVIDENCE_GAP_ONLY
15521,MAPPED
15522,EVIDENCE_GAP_ONLY
16933,EVIDENCE_GAP_ONLY
17166,MAPPED
11788,MAPPED
11812,EVIDENCE_GAP_ONLY
11813,MAPPED
17587,EVIDENCE_GAP_ONLY
15676,EVIDENCE_GAP_ONLY
15677,EVIDENCE_GAP_ONLY
6737,MAPPED
6742,MAPPED
6743,MAPPED
6744,EVIDENCE_GAP_ONLY
6745,EVIDENCE_GAP_ONLY
6746,MAPPED
6747,MAPPED
6749,MAPPED
12101,EVIDENCE_GAP_ONLY
12102,MAPPED
12103,MAPPED
12104,EVIDENCE_GAP_ONLY
12105,EVIDENCE_GAP_ONLY
12106,MAPPED
12108,MAPPED
12110,MAPPED
12111,MAPPED
12112,MAPPED
16376,EVIDENCE_GAP_ONLY
17280,MAPPED
17370,EVIDENCE_GAP_ONLY
5328,MAPPED
5329,MAPPED
5331,MAPPED
5332,MAPPED
5333,MAPPED
15183,MAPPED
15184,MAPPED
15185,MAPPED
15186,MAPPED
15187,MAPPED
15188,MAPPED
15189,EVIDENCE_GAP_ONLY
15190,MAPPED
2745,EVIDENCE_GAP_ONLY
2746,MAPPED
2747,MAPPED
2748,MAPPED
2749,MAPPED
2750,MAPPED
2751,EVIDENCE_GAP_ONLY
2752,MAPPED
2753,MAPPED
2754,EVIDENCE_GAP_ONLY
2755,EVIDENCE_GAP_ONLY
2756,EVIDENCE_GAP_ONLY
2757,EVIDENCE_GAP_ONLY
3285,MAPPED
3401,EVIDENCE_GAP_ONLY
12113,EVIDENCE_GAP_ONLY
14303,EVIDENCE_GAP_ONLY
14304,EVIDENCE_GAP_ONLY
14305,EVIDENCE_GAP_ONLY
15553,EVIDENCE_GAP_ONLY
16818,MAPPED
16819,EVIDENCE_GAP_ONLY
16820,EVIDENCE_GAP_ONLY
16821,EVIDENCE_GAP_ONLY
16822,MAPPED
16926,EVIDENCE_GAP_ONLY
12938,MAPPED
12939,MAPPED
12941,EVIDENCE_GAP_ONLY
12942,MAPPED
12943,MAPPED
12944,MAPPED
12979,MAPPED
12984,EVIDENCE_GAP_ONLY
13465,EVIDENCE_GAP_ONLY
13466,MAPPED
13467,EVIDENCE_GAP_ONLY
13468,EVIDENCE_GAP_ONLY
13469,MAPPED
13470,MAPPED
13471,MAPPED
18536,MAPPED
8759,EVIDENCE_GAP_ONLY
8760,MAPPED
8761,EVIDENCE_GAP_ONLY
10115,EVIDENCE_GAP_ONLY
10182,MAPPED
10351,MAPPED
12120,MAPPED
12121,EVIDENCE_GAP_ONLY
12122,MAPPED
13275,EVIDENCE_GAP_ONLY
14754,EVIDENCE_GAP_ONLY
17602,MAPPED
17626,MAPPED
5945,EVIDENCE_GAP_ONLY
5947,EVIDENCE_GAP_ONLY
5948,EVIDENCE_GAP_ONLY
5949,EVIDENCE_GAP_ONLY
5950,MAPPED
5952,EVIDENCE_GAP_ONLY
6039,MAPPED
6040,EVIDENCE_GAP_ONLY
6884,EVIDENCE_GAP_ONLY
7986,EVIDENCE_GAP_ONLY
12128,EVIDENCE_GAP_ONLY
17565,MAPPED
1563,MAPPED
1564,MAPPED
1565,MAPPED
1566,MAPPED
1567,MAPPED
1568,MAPPED
1569,EVIDENCE_GAP_ONLY
1570,MAPPED
1571,EVIDENCE_GAP_ONLY
1572,MAPPED
1808,MAPPED
5254,EVIDENCE_GAP_ONLY
5255,MAPPED
8352,MAPPED
8353,EVIDENCE_GAP_ONLY
10184,MAPPED
10385,MAPPED
10900,MAPPED
12131,MAPPED
12132,MAPPED
12133,MAPPED
12134,MAPPED
12136,MAPPED
13668,MAPPED
13710,EVIDENCE_GAP_ONLY
15234,MAPPED
17302,MAPPED
17690,EVIDENCE_GAP_ONLY
18701,EVIDENCE_GAP_ONLY
5921,EVIDENCE_GAP_ONLY
5923,MAPPED
5932,EVIDENCE_GAP_ONLY
5940,EVIDENCE_GAP_ONLY
5941,EVIDENCE_GAP_ONLY
5942,MAPPED
5943,EVIDENCE_GAP_ONLY
5944,MAPPED
5954,MAPPED
5972,MAPPED
8015,MAPPED
8016,EVIDENCE_GAP_ONLY
8018,EVIDENCE_GAP_ONLY
8019,EVIDENCE_GAP_ONLY
17519,MAPPED
15603,MAPPED
15604,MAPPED
9818,EVIDENCE_GAP_ONLY
9820,EVIDENCE_GAP_ONLY
9821,MAPPED
9822,EVIDENCE_GAP_ONLY
9823,EVIDENCE_GAP_ONLY
9824,MAPPED
11190,EVIDENCE_GAP_ONLY
13064,MAPPED
13065,EVIDENCE_GAP_ONLY
13066,MAPPED
13432,EVIDENCE_GAP_ONLY
14596,MAPPED
14638,MAPPED
14764,MAPPED
15931,MAPPED
17186,MAPPED
18722,MAPPED
18723,MAPPED
18724,EVIDENCE_GAP_ONLY
18725,MAPPED
9361,EVIDENCE_GAP_ONLY
9363,MAPPED
9364,MAPPED
9366,MAPPED
9367,MAPPED
9368,MAPPED
9369,EVIDENCE_GAP_ONLY
9370,MAPPED
9380,EVIDENCE_GAP_ONLY
9381,EVIDENCE_GAP_ONLY
9382,EVIDENCE_GAP_ONLY
9383,MAPPED
9384,MAPPED
9385,MAPPED
9386,MAPPED
9387,MAPPED
9390,EVIDENCE_GAP_ONLY
9400,EVIDENCE_GAP_ONLY
9401,MAPPED
9402,MAPPED
9404,MAPPED
9411,MAPPED
9722,MAPPED
9723,MAPPED
12860,MAPPED
13534,MAPPED
13535,EVIDENCE_GAP_ONLY
13536,EVIDENCE_GAP_ONLY
10824,EVIDENCE_GAP_ONLY
10825,MAPPED
10826,MAPPED
13434,EVIDENCE_GAP_ONLY
13435,EVIDENCE_GAP_ONLY
16916,EVIDENCE_GAP_ONLY
16917,EVIDENCE_GAP_ONLY
16918,MAPPED
16919,MAPPED
16923,EVIDENCE_GAP_ONLY
18613,EVIDENCE_GAP_ONLY
9950,EVIDENCE_GAP_ONLY
9965,MAPPED
9966,MAPPED
9967,EVIDENCE_GAP_ONLY
9968,MAPPED
9969,EVIDENCE_GAP_ONLY
9972,EVIDENCE_GAP_ONLY
9974,EVIDENCE_GAP_ONLY
9978,MAPPED
9979,EVIDENCE_GAP_ONLY
9980,MAPPED
9981,MAPPED
9982,MAPPED
9983,MAPPED
11137,EVIDENCE_GAP_ONLY
11138,MAPPED
4927,MAPPED
4929,MAPPED
4930,MAPPED
4932,MAPPED
4933,MAPPED
4934,MAPPED
4935,MAPPED
4936,MAPPED
4937,MAPPED
4938,MAPPED
4939,MAPPED
4940,MAPPED
4941,EVIDENCE_GAP_ONLY
4942,MAPPED
4943,EVIDENCE_GAP_ONLY
4944,EVIDENCE_GAP_ONLY
4945,EVIDENCE_GAP_ONLY
4954,MAPPED
4956,MAPPED
4972,MAPPED
4973,EVIDENCE_GAP_ONLY
4974,MAPPED
4975,MAPPED
4976,MAPPED
4977,MAPPED
4978,MAPPED
4979,MAPPED
4980,MAPPED
4981,MAPPED
4982,MAPPED
4983,MAPPED
4984,MAPPED
4985,MAPPED
4986,MAPPED
4987,MAPPED
4988,MAPPED
4989,EVIDENCE_GAP_ONLY
4991,EVIDENCE_GAP_ONLY
6052,MAPPED
6906,MAPPED
8920,MAPPED
17036,MAPPED
17037,MAPPED
17038,MAPPED
6269,MAPPED
6270,MAPPED
6271,MAPPED
6274,MAPPED
6276,MAPPED
6277,MAPPED
6279,MAPPED
12780,MAPPED
14593,MAPPED
16488,EVIDENCE_GAP_ONLY
16489,MAPPED
16490,MAPPED
18307,MAPPED
18308,MAPPED
18309,MAPPED
18310,MAPPED
18311,MAPPED
18312,MAPPED
8264,EVIDENCE_GAP_ONLY
8265,MAPPED
8266,EVIDENCE_GAP_ONLY
11139,EVIDENCE_GAP_ONLY
10454,MAPPED
4544,MAPPED
4545,MAPPED
4546,MAPPED
4547,EVIDENCE_GAP_ONLY
4550,MAPPED
4551,MAPPED
4552,MAPPED
4553,MAPPED
4555,MAPPED
4556,MAPPED
4557,MAPPED
4625,MAPPED
4677,EVIDENCE_GAP_ONLY
4711,MAPPED
4757,MAPPED
3709,MAPPED
3710,EVIDENCE_GAP_ONLY
3711,MAPPED
3712,MAPPED
3713,TODO
3714,TODO
3715,MAPPED
3716,MAPPED
3717,MAPPED
3718,MAPPED
3719,EVIDENCE_GAP_ONLY
3720,MAPPED
3721,MAPPED
3722,MAPPED
3723,EVIDENCE_GAP_ONLY
3724,EVIDENCE_GAP_ONLY
3725,EVIDENCE_GAP_ONLY
3726,EVIDENCE_GAP_ONLY
3727,MAPPED
3729,MAPPED
3730,EVIDENCE_GAP_ONLY
3731,MAPPED
3732,MAPPED
3733,EVIDENCE_GAP_ONLY
3734,MAPPED
3735,MAPPED
3736,EVIDENCE_GAP_ONLY
3767,MAPPED
3909,MAPPED
3910,MAPPED
3982,MAPPED
3983,MAPPED
3984,MAPPED
3985,MAPPED
3991,MAPPED
3992,EVIDENCE_GAP_ONLY
3998,MAPPED
4001,MAPPED
4002,EVIDENCE_GAP_ONLY
4057,MAPPED
18727,EVIDENCE_GAP_ONLY
18728,MAPPED
18729,MAPPED
18730,MAPPED
18731,EVIDENCE_GAP_ONLY
18732,MAPPED
18733,MAPPED
18734,MAPPED
18735,EVIDENCE_GAP_ONLY
18736,EVIDENCE_GAP_ONLY
205,MAPPED
206,MAPPED
207,MAPPED
208,EVIDENCE_GAP_ONLY
209,EVIDENCE_GAP_ONLY
210,MAPPED
211,MAPPED
212,EVIDENCE_GAP_ONLY
213,EVIDENCE_GAP_ONLY
214,EVIDENCE_GAP_ONLY
215,MAPPED
216,EVIDENCE_GAP_ONLY
217,MAPPED
218,MAPPED
219,MAPPED
220,MAPPED
10866,MAPPED
10867,MAPPED
11142,MAPPED
11144,MAPPED
8989,MAPPED
8990,MAPPED
8991,MAPPED
11040,EVIDENCE_GAP_ONLY
11706,NO_ARABIC_EQUIVALENT
11722,EVIDENCE_GAP_ONLY
13273,MAPPED
15947,EVIDENCE_GAP_ONLY
16254,EVIDENCE_GAP_ONLY
16387,MAPPED
13632,EVIDENCE_GAP_ONLY
13633,EVIDENCE_GAP_ONLY
13634,EVIDENCE_GAP_ONLY
13635,EVIDENCE_GAP_ONLY
15890,EVIDENCE_GAP_ONLY
15891,MAPPED
15892,MAPPED
15894,EVIDENCE_GAP_ONLY
15895,MAPPED
7636,EVIDENCE_GAP_ONLY
7638,EVIDENCE_GAP_ONLY
7640,EVIDENCE_GAP_ONLY
7641,EVIDENCE_GAP_ONLY
7642,MAPPED
7643,EVIDENCE_GAP_ONLY
7644,EVIDENCE_GAP_ONLY
7646,MAPPED
7647,EVIDENCE_GAP_ONLY
7713,EVIDENCE_GAP_ONLY
7715,MAPPED
7716,MAPPED
8444,MAPPED
8885,EVIDENCE_GAP_ONLY
10715,EVIDENCE_GAP_ONLY
13441,MAPPED
14703,EVIDENCE_GAP_ONLY
14706,MAPPED
15075,EVIDENCE_GAP_ONLY
15232,MAPPED
13574,EVIDENCE_GAP_ONLY
13575,EVIDENCE_GAP_ONLY
13576,EVIDENCE_GAP_ONLY
13578,MAPPED
13579,MAPPED
13580,MAPPED
13581,MAPPED
13582,MAPPED
13583,MAPPED
14663,MAPPED
7721,EVIDENCE_GAP_ONLY
7725,MAPPED
7726,EVIDENCE_GAP_ONLY
7727,MAPPED
7728,MAPPED
7729,MAPPED
7730,MAPPED
7731,MAPPED
7732,EVIDENCE_GAP_ONLY
7734,MAPPED
7735,EVIDENCE_GAP_ONLY
7736,MAPPED
7737,MAPPED
7738,EVIDENCE_GAP_ONLY
7757,MAPPED
8073,MAPPED
8074,MAPPED
8075,MAPPED
8076,MAPPED
8139,MAPPED
8170,MAPPED
8171,MAPPED
8172,MAPPED
8173,MAPPED
17260,MAPPED
17261,EVIDENCE_GAP_ONLY
18390,MAPPED
18391,EVIDENCE_GAP_ONLY
15760,MAPPED
15762,MAPPED
15765,EVIDENCE_GAP_ONLY
15813,EVIDENCE_GAP_ONLY
15830,MAPPED
16955,MAPPED
16986,MAPPED
18738,MAPPED
18744,MAPPED
18745,MAPPED
18746,MAPPED
18747,MAPPED
18001,EVIDENCE_GAP_ONLY
18010,EVIDENCE_GAP_ONLY
18011,EVIDENCE_GAP_ONLY
18012,EVIDENCE_GAP_ONLY
18013,MAPPED
9139,EVIDENCE_GAP_ONLY
9140,MAPPED
9141,MAPPED
9143,EVIDENCE_GAP_ONLY
9153,EVIDENCE_GAP_ONLY
11780,MAPPED
15641,EVIDENCE_GAP_ONLY
15718,EVIDENCE_GAP_ONLY
17230,EVIDENCE_GAP_ONLY
17536,EVIDENCE_GAP_ONLY
17537,EVIDENCE_GAP_ONLY
5749,EVIDENCE_GAP_ONLY
5750,MAPPED
5751,EVIDENCE_GAP_ONLY
5752,MAPPED
5753,EVIDENCE_GAP_ONLY
5754,MAPPED
5756,MAPPED
5758,MAPPED
5818,EVIDENCE_GAP_ONLY
6246,EVIDENCE_GAP_ONLY
7346,MAPPED
13978,EVIDENCE_GAP_ONLY
16844,EVIDENCE_GAP_ONLY
17278,EVIDENCE_GAP_ONLY
221,EVIDENCE_GAP_ONLY
222,MAPPED
223,MAPPED
224,MAPPED
225,MAPPED
226,MAPPED
227,MAPPED
228,MAPPED
229,MAPPED
230,EVIDENCE_GAP_ONLY
231,MAPPED
232,MAPPED
233,MAPPED
9731,MAPPED
9732,EVIDENCE_GAP_ONLY
12313,EVIDENCE_GAP_ONLY
12314,MAPPED
12688,EVIDENCE_GAP_ONLY
13780,MAPPED
16258,EVIDENCE_GAP_ONLY
17285,MAPPED
260,EVIDENCE_GAP_ONLY
261,EVIDENCE_GAP_ONLY
262,EVIDENCE_GAP_ONLY
263,MAPPED
264,EVIDENCE_GAP_ONLY
265,EVIDENCE_GAP_ONLY
267,EVIDENCE_GAP_ONLY
268,MAPPED
269,MAPPED
270,EVIDENCE_GAP_ONLY
271,MAPPED
272,MAPPED
273,MAPPED
5186,EVIDENCE_GAP_ONLY
5187,EVIDENCE_GAP_ONLY
11721,EVIDENCE_GAP_ONLY
13080,MAPPED
17281,MAPPED
4763,MAPPED
4994,MAPPED
4995,MAPPED
5147,MAPPED
5148,MAPPED
6686,MAPPED
14520,MAPPED
2966,MAPPED
2971,MAPPED
2973,MAPPED
17240,MAPPED
17241,MAPPED
18663,EVIDENCE_GAP_ONLY
8740,EVIDENCE_GAP_ONLY
18252,EVIDENCE_GAP_ONLY
3083,MAPPED
8742,MAPPED
8743,EVIDENCE_GAP_ONLY
8744,EVIDENCE_GAP_ONLY
13473,MAPPED
17294,MAPPED
2894,MAPPED
2899,EVIDENCE_GAP_ONLY
11145,EVIDENCE_GAP_ONLY
11783,MAPPED
14394,EVIDENCE_GAP_ONLY
16140,EVIDENCE_GAP_ONLY
2983,EVIDENCE_GAP_ONLY
2984,EVIDENCE_GAP_ONLY
2986,EVIDENCE_GAP_ONLY
2988,EVIDENCE_GAP_ONLY
2989,EVIDENCE_GAP_ONLY
8745,EVIDENCE_GAP_ONLY
14624,EVIDENCE_GAP_ONLY
14675,MAPPED
17242,EVIDENCE_GAP_ONLY
11459,EVIDENCE_GAP_ONLY
474,MAPPED
475,EVIDENCE_GAP_ONLY
476,EVIDENCE_GAP_ONLY
477,MAPPED
478,EVIDENCE_GAP_ONLY
479,EVIDENCE_GAP_ONLY
480,MAPPED
481,MAPPED
482,MAPPED
483,MAPPED
484,MAPPED
485,EVIDENCE_GAP_ONLY
486,EVIDENCE_GAP_ONLY
487,EVIDENCE_GAP_ONLY
488,MAPPED
10650,MAPPED
10651,MAPPED
12692,MAPPED
8770,MAPPED
8771,MAPPED
11424,EVIDENCE_GAP_ONLY
12702,MAPPED
16675,EVIDENCE_GAP_ONLY
16677,EVIDENCE_GAP_ONLY
16678,EVIDENCE_GAP_ONLY
16761,EVIDENCE_GAP_ONLY
16762,EVIDENCE_GAP_ONLY
17373,EVIDENCE_GAP_ONLY
9800,MAPPED
9801,MAPPED
9802,EVIDENCE_GAP_ONLY
9803,MAPPED
9804,MAPPED
9805,MAPPED
9806,MAPPED
9807,MAPPED
9808,EVIDENCE_GAP_ONLY
9810,EVIDENCE_GAP_ONLY
9812,EVIDENCE_GAP_ONLY
9813,EVIDENCE_GAP_ONLY
9814,MAPPED
9815,EVIDENCE_GAP_ONLY
13585,MAPPED
15077,MAPPED
17322,MAPPED
5,MAPPED
4630,MAPPED
10151,MAPPED
10152,MAPPED
13211,MAPPED
13212,MAPPED
13270,MAPPED
13272,MAPPED
13326,MAPPED
13698,MAPPED
15315,MAPPED
17374,EVIDENCE_GAP_ONLY
544,MAPPED
545,MAPPED
546,MAPPED
547,MAPPED
548,EVIDENCE_GAP_ONLY
549,MAPPED
550,MAPPED
551,MAPPED
552,MAPPED
553,MAPPED
554,MAPPED
555,MAPPED
556,MAPPED
557,MAPPED
558,MAPPED
559,MAPPED
560,EVIDENCE_GAP_ONLY
561,EVIDENCE_GAP_ONLY
562,MAPPED
563,MAPPED
564,MAPPED
565,MAPPED
566,MAPPED
17599,MAPPED
4485,MAPPED
4486,MAPPED
4487,MAPPED
4488,EVIDENCE_GAP_ONLY
4489,MAPPED
4490,MAPPED
4493,EVIDENCE_GAP_ONLY
7206,MAPPED
11146,MAPPED
17196,MAPPED
17822,MAPPED
660,EVIDENCE_GAP_ONLY
661,EVIDENCE_GAP_ONLY
662,MAPPED
663,MAPPED
664,MAPPED
665,MAPPED
666,MAPPED
667,MAPPED
668,MAPPED
669,MAPPED
670,MAPPED
671,MAPPED
672,MAPPED
13269,MAPPED
13323,MAPPED
17434,MAPPED
10455,MAPPED
10456,MAPPED
15678,EVIDENCE_GAP_ONLY
15679,EVIDENCE_GAP_ONLY
15680,EVIDENCE_GAP_ONLY
15681,EVIDENCE_GAP_ONLY
15682,EVIDENCE_GAP_ONLY
15683,EVIDENCE_GAP_ONLY
15810,MAPPED
6222,MAPPED
6223,MAPPED
6224,MAPPED
6225,MAPPED
6226,MAPPED
6227,EVIDENCE_GAP_ONLY
6228,MAPPED
6229,MAPPED
6230,MAPPED
6231,EVIDENCE_GAP_ONLY
6232,MAPPED
6247,MAPPED
6248,EVIDENCE_GAP_ONLY
6251,MAPPED
6252,MAPPED
6253,MAPPED
6254,MAPPED
6461,MAPPED
6507,MAPPED
9431,MAPPED
11147,EVIDENCE_GAP_ONLY
12382,MAPPED
13102,MAPPED
13388,MAPPED
18379,MAPPED
18380,EVIDENCE_GAP_ONLY
4467,MAPPED
4468,MAPPED
4469,MAPPED
9837,MAPPED
9838,MAPPED
12501,MAPPED
13799,MAPPED
13800,MAPPED
16012,MAPPED
12721,MAPPED
12722,EVIDENCE_GAP_ONLY
12723,MAPPED
12724,MAPPED
12725,MAPPED
12726,MAPPED
12727,MAPPED
12728,MAPPED
12729,MAPPED
12730,MAPPED
12763,MAPPED
12847,MAPPED
13002,MAPPED
13176,MAPPED
17324,MAPPED
12363,MAPPED
12364,MAPPED
12365,MAPPED
13173,MAPPED
13754,MAPPED
2331,MAPPED
2332,MAPPED
2333,MAPPED
2334,MAPPED
2336,MAPPED
2337,EVIDENCE_GAP_ONLY
2338,MAPPED
2339,MAPPED
2340,MAPPED
2341,MAPPED
2342,MAPPED
2343,MAPPED
2344,MAPPED
2345,MAPPED
2346,MAPPED
2420,MAPPED
2464,EVIDENCE_GAP_ONLY
2730,MAPPED
10491,EVIDENCE_GAP_ONLY
10492,EVIDENCE_GAP_ONLY
11423,NO_ARABIC_EQUIVALENT
12167,MAPPED
12689,MAPPED
12693,MAPPED
12694,EVIDENCE_GAP_ONLY
12695,MAPPED
12696,EVIDENCE_GAP_ONLY
12697,MAPPED
12698,NO_ARABIC_EQUIVALENT
12776,MAPPED
13321,NO_ARABIC_EQUIVALENT
14632,MAPPED
14652,EVIDENCE_GAP_ONLY
14712,MAPPED
16823,EVIDENCE_GAP_ONLY
15421,MAPPED
15423,MAPPED
15424,MAPPED
15425,MAPPED
15431,MAPPED
18041,MAPPED
18750,MAPPED
17009,EVIDENCE_GAP_ONLY
17010,EVIDENCE_GAP_ONLY
17011,EVIDENCE_GAP_ONLY
17012,EVIDENCE_GAP_ONLY
17013,EVIDENCE_GAP_ONLY
17014,MAPPED
17015,MAPPED
17060,MAPPED
17061,MAPPED
17062,EVIDENCE_GAP_ONLY
17063,EVIDENCE_GAP_ONLY
17064,MAPPED
17065,MAPPED
17066,MAPPED
17067,EVIDENCE_GAP_ONLY
17072,MAPPED
17074,MAPPED
17090,MAPPED
17091,MAPPED
17094,MAPPED
17101,MAPPED
17102,EVIDENCE_GAP_ONLY
17103,EVIDENCE_GAP_ONLY
17104,EVIDENCE_GAP_ONLY
17109,MAPPED
17110,EVIDENCE_GAP_ONLY
17115,MAPPED
17136,MAPPED
17137,EVIDENCE_GAP_ONLY
17138,MAPPED
17142,EVIDENCE_GAP_ONLY
17144,EVIDENCE_GAP_ONLY
17145,MAPPED
17147,MAPPED
17150,MAPPED
17833,MAPPED
18020,MAPPED
18021,MAPPED
18023,MAPPED
18050,MAPPED
18191,MAPPED
18192,MAPPED
18210,MAPPED
7998,MAPPED
8000,MAPPED
8001,MAPPED
8230,MAPPED
8231,MAPPED
8233,MAPPED
8509,EVIDENCE_GAP_ONLY
10120,EVIDENCE_GAP_ONLY
10183,MAPPED
11151,EVIDENCE_GAP_ONLY
11152,EVIDENCE_GAP_ONLY
11153,MAPPED
12535,EVIDENCE_GAP_ONLY
12536,MAPPED
16369,EVIDENCE_GAP_ONLY
17025,MAPPED
17026,MAPPED
14979,MAPPED
14980,EVIDENCE_GAP_ONLY
10268,EVIDENCE_GAP_ONLY
10269,EVIDENCE_GAP_ONLY
10270,EVIDENCE_GAP_ONLY
10271,MAPPED
10272,MAPPED
10273,MAPPED
10274,EVIDENCE_GAP_ONLY
10275,MAPPED
10277,MAPPED
13319,MAPPED
16660,EVIDENCE_GAP_ONLY
7668,EVIDENCE_GAP_ONLY
7669,EVIDENCE_GAP_ONLY
7670,MAPPED
7671,EVIDENCE_GAP_ONLY
7672,EVIDENCE_GAP_ONLY
7673,MAPPED
7674,MAPPED
7676,MAPPED
7677,EVIDENCE_GAP_ONLY
7678,MAPPED
7679,MAPPED
7680,MAPPED
7681,MAPPED
7682,MAPPED
7683,EVIDENCE_GAP_ONLY
7684,MAPPED
7690,EVIDENCE_GAP_ONLY
7691,MAPPED
7693,MAPPED
7694,MAPPED
7695,MAPPED
7696,MAPPED
7697,MAPPED
13666,EVIDENCE_GAP_ONLY
13667,MAPPED
16250,MAPPED
14800,MAPPED
14804,MAPPED
14805,EVIDENCE_GAP_ONLY
14962,MAPPED
15049,EVIDENCE_GAP_ONLY
17497,MAPPED
18537,MAPPED
5257,MAPPED
5258,MAPPED
5259,MAPPED
5260,MAPPED
5261,MAPPED
5262,EVIDENCE_GAP_ONLY
5264,MAPPED
5265,MAPPED
5267,MAPPED
5268,MAPPED
5269,MAPPED
5270,MAPPED
5271,MAPPED
5272,MAPPED
5273,MAPPED
5297,MAPPED
9002,MAPPED
9003,MAPPED
9004,MAPPED
9005,MAPPED
9006,MAPPED
9007,MAPPED
11154,MAPPED
17431,MAPPED
7296,EVIDENCE_GAP_ONLY
7297,MAPPED
13175,EVIDENCE_GAP_ONLY
17644,MAPPED
9947,EVIDENCE_GAP_ONLY
9948,MAPPED
9949,EVIDENCE_GAP_ONLY
10128,EVIDENCE_GAP_ONLY
10129,EVIDENCE_GAP_ONLY
10163,EVIDENCE_GAP_ONLY
10571,EVIDENCE_GAP_ONLY
10795,MAPPED
11156,MAPPED
11157,MAPPED
11770,EVIDENCE_GAP_ONLY
14311,EVIDENCE_GAP_ONLY
14312,MAPPED
16963,EVIDENCE_GAP_ONLY
12555,MAPPED
12556,MAPPED
12557,MAPPED
12558,MAPPED
12559,MAPPED
13044,EVIDENCE_GAP_ONLY
16263,NO_ARABIC_EQUIVALENT
16264,NO_ARABIC_EQUIVALENT
16265,MAPPED
16267,MAPPED
6797,MAPPED
6799,MAPPED
6801,MAPPED
6802,MAPPED
6803,EVIDENCE_GAP_ONLY
6804,EVIDENCE_GAP_ONLY
6805,EVIDENCE_GAP_ONLY
6806,EVIDENCE_GAP_ONLY
6807,EVIDENCE_GAP_ONLY
6809,MAPPED
6810,MAPPED
6816,EVIDENCE_GAP_ONLY
6818,MAPPED
6930,MAPPED
6983,MAPPED
6984,MAPPED
13610,EVIDENCE_GAP_ONLY
13611,EVIDENCE_GAP_ONLY
16590,EVIDENCE_GAP_ONLY
18132,MAPPED
18133,MAPPED
18136,MAPPED
18137,MAPPED
16618,MAPPED
16619,MAPPED
16679,MAPPED
16680,MAPPED
16754,EVIDENCE_GAP_ONLY
16817,MAPPED
12417,EVIDENCE_GAP_ONLY
12418,EVIDENCE_GAP_ONLY
13422,MAPPED
13423,MAPPED
16451,MAPPED
16452,MAPPED
4890,EVIDENCE_GAP_ONLY
4891,MAPPED
4892,MAPPED
4893,MAPPED
4894,EVIDENCE_GAP_ONLY
4895,EVIDENCE_GAP_ONLY
4896,EVIDENCE_GAP_ONLY
4897,EVIDENCE_GAP_ONLY
16786,MAPPED
17898,EVIDENCE_GAP_ONLY
17899,EVIDENCE_GAP_ONLY
17900,MAPPED
17901,EVIDENCE_GAP_ONLY
17902,EVIDENCE_GAP_ONLY
17903,EVIDENCE_GAP_ONLY
17904,EVIDENCE_GAP_ONLY
17905,MAPPED
17907,MAPPED
17923,MAPPED
3865,EVIDENCE_GAP_ONLY
3866,EVIDENCE_GAP_ONLY
3867,MAPPED
3868,MAPPED
3869,EVIDENCE_GAP_ONLY
3870,EVIDENCE_GAP_ONLY
15069,EVIDENCE_GAP_ONLY
15070,MAPPED
12270,EVIDENCE_GAP_ONLY
12271,MAPPED
12272,MAPPED
12273,EVIDENCE_GAP_ONLY
12274,MAPPED
12275,EVIDENCE_GAP_ONLY
13268,MAPPED
17052,EVIDENCE_GAP_ONLY
6104,MAPPED
6105,EVIDENCE_GAP_ONLY
17521,MAPPED
6106,EVIDENCE_GAP_ONLY
6107,MAPPED
6108,MAPPED
17584,MAPPED
965,MAPPED
966,EVIDENCE_GAP_ONLY
967,MAPPED
968,MAPPED
970,EVIDENCE_GAP_ONLY
971,MAPPED
972,EVIDENCE_GAP_ONLY
973,MAPPED
974,EVIDENCE_GAP_ONLY
975,EVIDENCE_GAP_ONLY
976,MAPPED
977,EVIDENCE_GAP_ONLY
978,EVIDENCE_GAP_ONLY
979,EVIDENCE_GAP_ONLY
4124,EVIDENCE_GAP_ONLY
4125,EVIDENCE_GAP_ONLY
4126,MAPPED
6442,EVIDENCE_GAP_ONLY
7659,MAPPED
10617,MAPPED
14365,MAPPED
15138,EVIDENCE_GAP_ONLY
15139,EVIDENCE_GAP_ONLY
15235,MAPPED
17673,MAPPED
16736,MAPPED
16737,MAPPED
16738,MAPPED
8026,EVIDENCE_GAP_ONLY
8028,EVIDENCE_GAP_ONLY
8030,MAPPED
8031,MAPPED
8091,EVIDENCE_GAP_ONLY
10110,MAPPED
10111,EVIDENCE_GAP_ONLY
10112,EVIDENCE_GAP_ONLY
12966,MAPPED
12967,MAPPED
12968,EVIDENCE_GAP_ONLY
14206,MAPPED
15006,MAPPED
15078,EVIDENCE_GAP_ONLY
12956,MAPPED
12957,EVIDENCE_GAP_ONLY
12958,MAPPED
12959,MAPPED
12965,MAPPED
15079,EVIDENCE_GAP_ONLY
11320,MAPPED
11321,EVIDENCE_GAP_ONLY
11322,EVIDENCE_GAP_ONLY
11686,MAPPED
11689,MAPPED
11719,EVIDENCE_GAP_ONLY
12548,MAPPED
13433,MAPPED
14258,EVIDENCE_GAP_ONLY
14259,EVIDENCE_GAP_ONLY
17501,EVIDENCE_GAP_ONLY
7958,MAPPED
7959,EVIDENCE_GAP_ONLY
7963,EVIDENCE_GAP_ONLY
7965,MAPPED
7966,EVIDENCE_GAP_ONLY
8046,EVIDENCE_GAP_ONLY
8402,MAPPED
8403,EVIDENCE_GAP_ONLY
18702,MAPPED
899,MAPPED
900,EVIDENCE_GAP_ONLY
901,MAPPED
902,MAPPED
903,EVIDENCE_GAP_ONLY
904,MAPPED
905,EVIDENCE_GAP_ONLY
906,EVIDENCE_GAP_ONLY
4019,MAPPED
4020,MAPPED
4021,EVIDENCE_GAP_ONLY
4022,EVIDENCE_GAP_ONLY
4023,EVIDENCE_GAP_ONLY
4024,MAPPED
4025,EVIDENCE_GAP_ONLY
4034,MAPPED
4035,MAPPED
4036,MAPPED
4037,MAPPED
4038,MAPPED
4039,MAPPED
4040,EVIDENCE_GAP_ONLY
4041,EVIDENCE_GAP_ONLY
4042,EVIDENCE_GAP_ONLY
7849,MAPPED
14873,EVIDENCE_GAP_ONLY
15101,MAPPED
6718,EVIDENCE_GAP_ONLY
6719,MAPPED
6720,EVIDENCE_GAP_ONLY
6721,MAPPED
6722,EVIDENCE_GAP_ONLY
6726,MAPPED
6729,MAPPED
6730,MAPPED
6731,EVIDENCE_GAP_ONLY
6732,EVIDENCE_GAP_ONLY
13489,MAPPED
17313,EVIDENCE_GAP_ONLY
4820,MAPPED
4821,MAPPED
4822,MAPPED
4823,MAPPED
4824,MAPPED
4828,MAPPED
4889,MAPPED
12848,MAPPED
13439,MAPPED
7594,EVIDENCE_GAP_ONLY
7595,MAPPED
7596,MAPPED
7597,MAPPED
7599,EVIDENCE_GAP_ONLY
7600,EVIDENCE_GAP_ONLY
7605,MAPPED
7606,MAPPED
7607,MAPPED
7608,MAPPED
7609,MAPPED
7610,MAPPED
11161,MAPPED
11162,MAPPED
11494,MAPPED
14650,EVIDENCE_GAP_ONLY
15579,EVIDENCE_GAP_ONLY
6560,MAPPED
6561,MAPPED
6562,MAPPED
6563,EVIDENCE_GAP_ONLY
6564,MAPPED
6565,MAPPED
6566,EVIDENCE_GAP_ONLY
17326,EVIDENCE_GAP_ONLY
17330,MAPPED
17331,MAPPED
5607,MAPPED
5609,MAPPED
5643,MAPPED
5644,MAPPED
5646,EVIDENCE_GAP_ONLY
5647,EVIDENCE_GAP_ONLY
5648,EVIDENCE_GAP_ONLY
7216,MAPPED
12771,MAPPED
13914,EVIDENCE_GAP_ONLY
16350,EVIDENCE_GAP_ONLY
16365,MAPPED
16411,MAPPED
18193,NO_ARABIC_EQUIVALENT
922,MAPPED
923,MAPPED
924,MAPPED
933,MAPPED
2079,MAPPED
2097,MAPPED
2098,MAPPED
2099,EVIDENCE_GAP_ONLY
2230,EVIDENCE_GAP_ONLY
3990,MAPPED
4049,MAPPED
5307,MAPPED
6933,MAPPED
8649,MAPPED
8916,MAPPED
9089,MAPPED
9127,MAPPED
14966,MAPPED
17334,MAPPED
18820,MAPPED
17220,MAPPED
17221,MAPPED
7431,MAPPED
7432,MAPPED
16842,EVIDENCE_GAP_ONLY
17273,EVIDENCE_GAP_ONLY
11620,MAPPED
11621,MAPPED
11622,MAPPED
13436,EVIDENCE_GAP_ONLY
13512,MAPPED
14255,EVIDENCE_GAP_ONLY
14679,MAPPED
14742,EVIDENCE_GAP_ONLY
14743,MAPPED
14744,MAPPED
14745,EVIDENCE_GAP_ONLY
14746,MAPPED
14747,MAPPED
14753,MAPPED
14826,MAPPED
14978,EVIDENCE_GAP_ONLY
15970,MAPPED
16165,EVIDENCE_GAP_ONLY
16311,EVIDENCE_GAP_ONLY
16356,MAPPED
16667,MAPPED
17659,MAPPED
18810,MAPPED
18811,MAPPED
18812,MAPPED
18813,MAPPED
18815,EVIDENCE_GAP_ONLY
18816,MAPPED
10719,MAPPED
10720,MAPPED
10721,MAPPED
11438,EVIDENCE_GAP_ONLY
13050,MAPPED
14414,MAPPED
11664,MAPPED
11665,MAPPED
8178,MAPPED
8180,EVIDENCE_GAP_ONLY
14510,EVIDENCE_GAP_ONLY
18538,MAPPED
18761,MAPPED
18762,MAPPED
18763,EVIDENCE_GAP_ONLY
18764,MAPPED
18765,MAPPED
18766,MAPPED
18768,MAPPED
18769,MAPPED
18770,EVIDENCE_GAP_ONLY
18771,EVIDENCE_GAP_ONLY
18772,MAPPED
18773,EVIDENCE_GAP_ONLY
18774,MAPPED
18775,MAPPED
18776,MAPPED
18777,MAPPED
18778,EVIDENCE_GAP_ONLY
18779,EVIDENCE_GAP_ONLY
980,MAPPED
983,EVIDENCE_GAP_ONLY
984,EVIDENCE_GAP_ONLY
987,MAPPED
988,MAPPED
991,MAPPED
992,MAPPED
998,MAPPED
999,MAPPED
4030,MAPPED
4031,MAPPED
8622,EVIDENCE_GAP_ONLY
9104,MAPPED
10125,MAPPED
11762,MAPPED
8239,EVIDENCE_GAP_ONLY
8240,EVIDENCE_GAP_ONLY
8241,EVIDENCE_GAP_ONLY
8242,MAPPED
8243,EVIDENCE_GAP_ONLY
8311,EVIDENCE_GAP_ONLY
8312,MAPPED
11163,EVIDENCE_GAP_ONLY
11820,EVIDENCE_GAP_ONLY
11821,EVIDENCE_GAP_ONLY
11822,MAPPED
11823,MAPPED
17415,MAPPED
17416,MAPPED
13614,EVIDENCE_GAP_ONLY
13615,MAPPED
13621,MAPPED
13622,EVIDENCE_GAP_ONLY
13623,MAPPED
13624,MAPPED
13625,MAPPED
13631,MAPPED
15896,MAPPED
15897,MAPPED
15898,MAPPED
15899,MAPPED
15900,MAPPED
7619,MAPPED
7620,MAPPED
7621,MAPPED
7622,MAPPED
7623,MAPPED
7624,MAPPED
7625,MAPPED
7626,MAPPED
7627,MAPPED
7628,EVIDENCE_GAP_ONLY
7629,MAPPED
7630,MAPPED
7633,MAPPED
7634,MAPPED
7635,MAPPED
7648,MAPPED
11594,MAPPED
13919,MAPPED
14692,MAPPED
16450,MAPPED
16801,MAPPED
17612,MAPPED
11840,MAPPED
11841,MAPPED
11842,MAPPED
11843,MAPPED
11844,MAPPED
11845,MAPPED
11846,EVIDENCE_GAP_ONLY
17528,MAPPED
17529,MAPPED
17672,MAPPED
5682,MAPPED
5684,EVIDENCE_GAP_ONLY
5685,EVIDENCE_GAP_ONLY
5686,EVIDENCE_GAP_ONLY
5687,EVIDENCE_GAP_ONLY
9360,MAPPED
18388,MAPPED
16398,MAPPED
16399,MAPPED
16614,MAPPED
16695,MAPPED
16696,MAPPED
234,MAPPED
235,MAPPED
236,MAPPED
237,MAPPED
238,MAPPED
13462,MAPPED
14532,MAPPED
15395,EVIDENCE_GAP_ONLY
15860,MAPPED
15971,MAPPED
6567,EVIDENCE_GAP_ONLY
6568,MAPPED
6569,EVIDENCE_GAP_ONLY
6570,EVIDENCE_GAP_ONLY
6572,EVIDENCE_GAP_ONLY
6573,EVIDENCE_GAP_ONLY
6574,MAPPED
6575,EVIDENCE_GAP_ONLY
6578,EVIDENCE_GAP_ONLY
6579,MAPPED
6580,EVIDENCE_GAP_ONLY
6581,MAPPED
6583,MAPPED
6603,MAPPED
6610,MAPPED
6831,MAPPED
7754,MAPPED
7755,EVIDENCE_GAP_ONLY
11806,MAPPED
12788,EVIDENCE_GAP_ONLY
14004,MAPPED
17274,EVIDENCE_GAP_ONLY
18042,EVIDENCE_GAP_ONLY
18043,MAPPED
18386,MAPPED
18392,MAPPED
2187,EVIDENCE_GAP_ONLY
2188,EVIDENCE_GAP_ONLY
2189,EVIDENCE_GAP_ONLY
2190,EVIDENCE_GAP_ONLY
2191,MAPPED
2192,EVIDENCE_GAP_ONLY
2193,EVIDENCE_GAP_ONLY
2195,EVIDENCE_GAP_ONLY
2196,EVIDENCE_GAP_ONLY
2197,EVIDENCE_GAP_ONLY
2198,EVIDENCE_GAP_ONLY
2199,MAPPED
2201,MAPPED
2202,MAPPED
2204,MAPPED
2236,MAPPED
5475,MAPPED
5476,EVIDENCE_GAP_ONLY
15535,EVIDENCE_GAP_ONLY
15784,EVIDENCE_GAP_ONLY
16420,MAPPED
7359,EVIDENCE_GAP_ONLY
7360,MAPPED
11164,MAPPED
12496,MAPPED
12497,MAPPED
13838,EVIDENCE_GAP_ONLY
13839,EVIDENCE_GAP_ONLY
13954,EVIDENCE_GAP_ONLY
13955,EVIDENCE_GAP_ONLY
14495,MAPPED
14964,MAPPED
16200,EVIDENCE_GAP_ONLY
16201,MAPPED
17051,MAPPED
18565,MAPPED
17961,MAPPED
17962,MAPPED
17963,EVIDENCE_GAP_ONLY
17964,EVIDENCE_GAP_ONLY
17965,MAPPED
17966,MAPPED
17967,MAPPED
17968,MAPPED
17969,MAPPED
17970,MAPPED
17971,MAPPED
17972,MAPPED
17973,MAPPED
17974,MAPPED
17975,MAPPED
17976,MAPPED
17977,EVIDENCE_GAP_ONLY
17978,EVIDENCE_GAP_ONLY
499,EVIDENCE_GAP_ONLY
502,MAPPED
503,MAPPED
504,EVIDENCE_GAP_ONLY
506,MAPPED
507,MAPPED
509,EVIDENCE_GAP_ONLY
514,EVIDENCE_GAP_ONLY
4007,MAPPED
4008,EVIDENCE_GAP_ONLY
4009,EVIDENCE_GAP_ONLY
4012,EVIDENCE_GAP_ONLY
4016,MAPPED
10648,EVIDENCE_GAP_ONLY
10649,EVIDENCE_GAP_ONLY
11454,EVIDENCE_GAP_ONLY
14253,EVIDENCE_GAP_ONLY
14628,EVIDENCE_GAP_ONLY
17353,MAPPED
12817,MAPPED
12818,MAPPED
12819,MAPPED
12820,MAPPED
12821,MAPPED
12822,MAPPED
12823,MAPPED
12824,MAPPED
12825,MAPPED
12639,MAPPED
12640,EVIDENCE_GAP_ONLY
4837,MAPPED
4839,MAPPED
4840,MAPPED
4841,MAPPED
4842,EVIDENCE_GAP_ONLY
4843,EVIDENCE_GAP_ONLY
4844,MAPPED
4845,MAPPED
4846,MAPPED
9970,EVIDENCE_GAP_ONLY
9971,MAPPED
11707,MAPPED
15567,MAPPED
16691,MAPPED
16692,MAPPED
16789,MAPPED
10596,MAPPED
10597,MAPPED
10598,MAPPED
10599,MAPPED
10600,MAPPED
10601,MAPPED
10602,MAPPED
10610,EVIDENCE_GAP_ONLY
12681,EVIDENCE_GAP_ONLY
16998,MAPPED
1631,MAPPED
1632,MAPPED
1633,MAPPED
1634,MAPPED
1635,MAPPED
1636,MAPPED
1637,EVIDENCE_GAP_ONLY
1639,MAPPED
1640,MAPPED
1641,MAPPED
1642,MAPPED
1643,EVIDENCE_GAP_ONLY
1644,MAPPED
1645,MAPPED
3929,MAPPED
3977,MAPPED
11857,MAPPED
11859,MAPPED
17926,MAPPED
17927,MAPPED
17928,MAPPED
17959,MAPPED
17960,MAPPED
14041,MAPPED
14042,MAPPED
14043,MAPPED
14044,MAPPED
14045,EVIDENCE_GAP_ONLY
14046,MAPPED
14048,MAPPED
14049,MAPPED
14050,MAPPED
14051,MAPPED
14052,MAPPED
14053,MAPPED
14054,EVIDENCE_GAP_ONLY
14055,MAPPED
14056,MAPPED
14057,EVIDENCE_GAP_ONLY
14058,MAPPED
14059,EVIDENCE_GAP_ONLY
14060,MAPPED
14062,MAPPED
14063,MAPPED
14064,MAPPED
14065,MAPPED
14066,MAPPED
14067,MAPPED
14068,MAPPED
14341,MAPPED
8290,MAPPED
8291,MAPPED
8292,MAPPED
8293,EVIDENCE_GAP_ONLY
8330,EVIDENCE_GAP_ONLY
8331,MAPPED
8364,MAPPED
8365,MAPPED
8366,EVIDENCE_GAP_ONLY
8367,MAPPED
8368,MAPPED
8369,EVIDENCE_GAP_ONLY
8370,MAPPED
8371,MAPPED
8381,EVIDENCE_GAP_ONLY
8382,EVIDENCE_GAP_ONLY
8383,MAPPED
8384,EVIDENCE_GAP_ONLY
8385,MAPPED
8386,MAPPED
8387,EVIDENCE_GAP_ONLY
8388,MAPPED
8389,EVIDENCE_GAP_ONLY
8390,MAPPED
8391,MAPPED
8392,MAPPED
8393,EVIDENCE_GAP_ONLY
8394,EVIDENCE_GAP_ONLY
11165,MAPPED
11422,MAPPED
12701,EVIDENCE_GAP_ONLY
13767,MAPPED
15814,EVIDENCE_GAP_ONLY
17352,MAPPED
18640,MAPPED
11486,MAPPED
11487,MAPPED
11491,MAPPED
11492,EVIDENCE_GAP_ONLY
7810,MAPPED
7811,MAPPED
7812,EVIDENCE_GAP_ONLY
7813,MAPPED
7814,MAPPED
7815,MAPPED
7816,MAPPED
7817,EVIDENCE_GAP_ONLY
7818,MAPPED
7819,MAPPED
13598,EVIDENCE_GAP_ONLY
13599,EVIDENCE_GAP_ONLY
13600,MAPPED
13626,MAPPED
13596,MAPPED
13597,MAPPED
13601,MAPPED
13604,MAPPED
16841,EVIDENCE_GAP_ONLY
11982,MAPPED
11983,MAPPED
16571,MAPPED
16572,MAPPED
16975,MAPPED
10970,MAPPED
10971,MAPPED
10972,MAPPED
10973,MAPPED
10981,MAPPED
10982,MAPPED
10983,MAPPED
10995,MAPPED
14445,MAPPED
14446,MAPPED
14447,MAPPED
15580,MAPPED
15581,MAPPED
8,MAPPED
9,MAPPED
10,MAPPED
11,MAPPED
12,EVIDENCE_GAP_ONLY
13,MAPPED
14,MAPPED
15,MAPPED
16,MAPPED
17,MAPPED
5816,MAPPED
5817,EVIDENCE_GAP_ONLY
14101,EVIDENCE_GAP_ONLY
17430,MAPPED
1711,MAPPED
1712,MAPPED
1713,MAPPED
1714,EVIDENCE_GAP_ONLY
1715,MAPPED
1716,MAPPED
1717,MAPPED
1718,MAPPED
1719,MAPPED
1720,EVIDENCE_GAP_ONLY
1721,MAPPED
1722,MAPPED
1723,MAPPED
13915,EVIDENCE_GAP_ONLY
15849,MAPPED
16090,MAPPED
16953,MAPPED
15261,MAPPED
15262,MAPPED
17645,MAPPED
14967,EVIDENCE_GAP_ONLY
14968,EVIDENCE_GAP_ONLY
18290,MAPPED
18291,MAPPED
18292,MAPPED
18293,EVIDENCE_GAP_ONLY
18294,EVIDENCE_GAP_ONLY
18295,EVIDENCE_GAP_ONLY
18296,MAPPED
18297,MAPPED
18298,MAPPED
18299,MAPPED
18300,MAPPED
18301,MAPPED
18302,EVIDENCE_GAP_ONLY
18303,MAPPED
18304,MAPPED
18306,MAPPED
13730,MAPPED
13731,MAPPED
13732,MAPPED
13733,MAPPED
13734,MAPPED
13735,MAPPED
13736,MAPPED
13737,MAPPED
13738,MAPPED
13739,MAPPED
13740,MAPPED
14837,MAPPED
8534,EVIDENCE_GAP_ONLY
8535,EVIDENCE_GAP_ONLY
8536,MAPPED
8537,MAPPED
8538,MAPPED
8539,EVIDENCE_GAP_ONLY
8540,MAPPED
8541,EVIDENCE_GAP_ONLY
8542,MAPPED
8543,EVIDENCE_GAP_ONLY
8545,MAPPED
8547,EVIDENCE_GAP_ONLY
8548,MAPPED
8549,MAPPED
8550,MAPPED
8551,MAPPED
8554,EVIDENCE_GAP_ONLY
8555,MAPPED
8556,MAPPED
8557,MAPPED
8559,MAPPED
8560,MAPPED
8561,EVIDENCE_GAP_ONLY
8563,EVIDENCE_GAP_ONLY
8564,EVIDENCE_GAP_ONLY
8565,MAPPED
8691,NO_ARABIC_EQUIVALENT
8692,EVIDENCE_GAP_ONLY
8693,MAPPED
8694,EVIDENCE_GAP_ONLY
8713,MAPPED
8714,MAPPED
12489,MAPPED
12490,MAPPED
2243,EVIDENCE_GAP_ONLY
2244,MAPPED
2247,EVIDENCE_GAP_ONLY
2253,MAPPED
2273,MAPPED
2283,EVIDENCE_GAP_ONLY
2292,MAPPED
2294,MAPPED
2295,EVIDENCE_GAP_ONLY
2296,EVIDENCE_GAP_ONLY
2297,MAPPED
2299,EVIDENCE_GAP_ONLY
10144,MAPPED
10145,MAPPED
10147,EVIDENCE_GAP_ONLY
10148,MAPPED
10149,MAPPED
10312,MAPPED
10556,MAPPED
10740,EVIDENCE_GAP_ONLY
10830,EVIDENCE_GAP_ONLY
10841,EVIDENCE_GAP_ONLY
10889,MAPPED
12622,EVIDENCE_GAP_ONLY
14364,MAPPED
14761,MAPPED
15063,EVIDENCE_GAP_ONLY
12353,MAPPED
12354,MAPPED
12355,MAPPED
12356,MAPPED
12357,MAPPED
12358,MAPPED
12359,MAPPED
12360,MAPPED
12361,MAPPED
12362,MAPPED
12423,MAPPED
12850,MAPPED
15941,MAPPED
11488,MAPPED
11489,MAPPED
11490,MAPPED
6244,EVIDENCE_GAP_ONLY
6245,MAPPED
6255,EVIDENCE_GAP_ONLY
6256,MAPPED
17530,EVIDENCE_GAP_ONLY
17531,MAPPED
17532,MAPPED
17468,EVIDENCE_GAP_ONLY
17495,MAPPED
17614,MAPPED
6218,MAPPED
6233,EVIDENCE_GAP_ONLY
6234,MAPPED
6235,EVIDENCE_GAP_ONLY
6237,MAPPED
6239,MAPPED
6241,EVIDENCE_GAP_ONLY
6242,MAPPED
6243,MAPPED
17533,EVIDENCE_GAP_ONLY
766,MAPPED
767,MAPPED
768,MAPPED
5340,MAPPED
7260,MAPPED
10180,MAPPED
10382,MAPPED
891,MAPPED
892,EVIDENCE_GAP_ONLY
893,MAPPED
894,MAPPED
895,MAPPED
896,EVIDENCE_GAP_ONLY
897,EVIDENCE_GAP_ONLY
898,MAPPED
14885,MAPPED
14886,EVIDENCE_GAP_ONLY
14887,MAPPED
14908,MAPPED
14909,MAPPED
14910,MAPPED
14911,MAPPED
14913,MAPPED
14914,MAPPED
14918,MAPPED
14919,MAPPED
14956,EVIDENCE_GAP_ONLY
15675,MAPPED
14890,MAPPED
14891,EVIDENCE_GAP_ONLY
14892,MAPPED
14893,MAPPED
12411,EVIDENCE_GAP_ONLY
12412,MAPPED
12413,EVIDENCE_GAP_ONLY
12414,MAPPED
12481,MAPPED
12482,MAPPED
12483,MAPPED
12484,MAPPED
12498,MAPPED
13482,EVIDENCE_GAP_ONLY
17611,EVIDENCE_GAP_ONLY
5786,MAPPED
8395,MAPPED
8396,MAPPED
11168,MAPPED
11685,MAPPED
11771,MAPPED
12591,MAPPED
13351,EVIDENCE_GAP_ONLY
1002,MAPPED
1003,MAPPED
1004,MAPPED
1005,EVIDENCE_GAP_ONLY
1006,EVIDENCE_GAP_ONLY
2477,EVIDENCE_GAP_ONLY
2478,MAPPED
2479,MAPPED
2480,MAPPED
2481,MAPPED
2482,MAPPED
2483,MAPPED
2485,MAPPED
2593,MAPPED
2594,MAPPED
2595,MAPPED
2596,MAPPED
2597,EVIDENCE_GAP_ONLY
2658,MAPPED
3871,MAPPED
4088,MAPPED
4089,EVIDENCE_GAP_ONLY
4149,MAPPED
4151,MAPPED
4152,EVIDENCE_GAP_ONLY
6267,MAPPED
9471,MAPPED
13108,MAPPED
13110,MAPPED
13111,MAPPED
13112,MAPPED
13213,EVIDENCE_GAP_ONLY
13214,EVIDENCE_GAP_ONLY
13652,NO_ARABIC_EQUIVALENT
14827,MAPPED
14828,MAPPED
14829,MAPPED
14830,MAPPED
15631,MAPPED
15633,EVIDENCE_GAP_ONLY
15780,MAPPED
523,EVIDENCE_GAP_ONLY
525,EVIDENCE_GAP_ONLY
527,MAPPED
528,EVIDENCE_GAP_ONLY
529,EVIDENCE_GAP_ONLY
530,EVIDENCE_GAP_ONLY
532,EVIDENCE_GAP_ONLY
533,MAPPED
7429,MAPPED
10421,MAPPED
11169,EVIDENCE_GAP_ONLY
13000,EVIDENCE_GAP_ONLY
15692,EVIDENCE_GAP_ONLY
15693,EVIDENCE_GAP_ONLY
8503,MAPPED
8504,EVIDENCE_GAP_ONLY
8505,EVIDENCE_GAP_ONLY
11704,MAPPED
16504,MAPPED
16512,MAPPED
16517,MAPPED
16518,MAPPED
16522,MAPPED
16523,MAPPED
13639,MAPPED
13761,MAPPED
2603,MAPPED
8973,MAPPED
13137,MAPPED
13412,MAPPED
16927,EVIDENCE_GAP_ONLY
16928,MAPPED
16996,MAPPED
18440,MAPPED
16441,MAPPED
16442,EVIDENCE_GAP_ONLY
16443,MAPPED
16444,MAPPED
16224,MAPPED
16225,EVIDENCE_GAP_ONLY
16226,MAPPED
16227,MAPPED
16408,EVIDENCE_GAP_ONLY
5008,MAPPED
5009,MAPPED
5010,MAPPED
5015,EVIDENCE_GAP_ONLY
5016,MAPPED
6619,MAPPED
9846,EVIDENCE_GAP_ONLY
9847,MAPPED
17454,MAPPED
12291,MAPPED
12292,MAPPED
12374,MAPPED
12288,MAPPED
12289,MAPPED
13464,MAPPED
17647,MAPPED
5017,MAPPED
5018,MAPPED
5019,MAPPED
5023,MAPPED
5039,EVIDENCE_GAP_ONLY
5336,MAPPED
8997,MAPPED
9135,MAPPED
18483,MAPPED
6115,MAPPED
6116,MAPPED
6117,MAPPED
6118,MAPPED
6119,MAPPED
6121,MAPPED
6148,MAPPED
11170,MAPPED
4886,EVIDENCE_GAP_ONLY
4887,EVIDENCE_GAP_ONLY
4888,EVIDENCE_GAP_ONLY
11456,EVIDENCE_GAP_ONLY
13390,EVIDENCE_GAP_ONLY
13923,EVIDENCE_GAP_ONLY
16965,EVIDENCE_GAP_ONLY
17287,EVIDENCE_GAP_ONLY
18327,EVIDENCE_GAP_ONLY
15396,MAPPED
15401,MAPPED
15402,MAPPED
17197,MAPPED
18451,MAPPED
18452,MAPPED
18665,MAPPED
2500,EVIDENCE_GAP_ONLY
15115,MAPPED
16366,EVIDENCE_GAP_ONLY
16385,MAPPED
17475,EVIDENCE_GAP_ONLY
18704,EVIDENCE_GAP_ONLY
7348,MAPPED
13415,MAPPED
240,EVIDENCE_GAP_ONLY
241,EVIDENCE_GAP_ONLY
242,EVIDENCE_GAP_ONLY
243,EVIDENCE_GAP_ONLY
244,EVIDENCE_GAP_ONLY
245,MAPPED
246,MAPPED
247,EVIDENCE_GAP_ONLY
248,MAPPED
249,EVIDENCE_GAP_ONLY
250,MAPPED
251,EVIDENCE_GAP_ONLY
252,EVIDENCE_GAP_ONLY
7799,MAPPED
7800,MAPPED
8340,EVIDENCE_GAP_ONLY
8690,MAPPED
10843,MAPPED
10878,TODO
11414,MAPPED
11448,MAPPED
11449,EVIDENCE_GAP_ONLY
11738,MAPPED
12782,MAPPED
13329,MAPPED
13551,EVIDENCE_GAP_ONLY
14741,EVIDENCE_GAP_ONLY
15307,MAPPED
16870,EVIDENCE_GAP_ONLY
16961,EVIDENCE_GAP_ONLY
17683,MAPPED
10192,MAPPED
10193,EVIDENCE_GAP_ONLY
10194,MAPPED
10195,MAPPED
10197,MAPPED
10198,EVIDENCE_GAP_ONLY
10365,MAPPED
10540,EVIDENCE_GAP_ONLY
10901,MAPPED
13824,MAPPED
13825,EVIDENCE_GAP_ONLY
16323,MAPPED
2185,EVIDENCE_GAP_ONLY
2186,MAPPED
2203,MAPPED
2210,MAPPED
2211,MAPPED
10784,EVIDENCE_GAP_ONLY
10785,EVIDENCE_GAP_ONLY
10786,EVIDENCE_GAP_ONLY
10787,EVIDENCE_GAP_ONLY
10788,EVIDENCE_GAP_ONLY
10789,EVIDENCE_GAP_ONLY
13314,EVIDENCE_GAP_ONLY
13862,EVIDENCE_GAP_ONLY
10814,EVIDENCE_GAP_ONLY
10815,EVIDENCE_GAP_ONLY
10816,EVIDENCE_GAP_ONLY
11171,EVIDENCE_GAP_ONLY
12576,EVIDENCE_GAP_ONLY
12577,EVIDENCE_GAP_ONLY
12578,EVIDENCE_GAP_ONLY
17198,MAPPED
4919,EVIDENCE_GAP_ONLY
4920,MAPPED
4921,MAPPED
4922,MAPPED
4923,MAPPED
4924,MAPPED
4925,MAPPED
4946,MAPPED
4947,EVIDENCE_GAP_ONLY
4948,EVIDENCE_GAP_ONLY
4949,MAPPED
4950,MAPPED
5452,EVIDENCE_GAP_ONLY
5471,MAPPED
5472,MAPPED
8086,EVIDENCE_GAP_ONLY
9472,MAPPED
9913,MAPPED
10153,EVIDENCE_GAP_ONLY
10359,EVIDENCE_GAP_ONLY
10360,EVIDENCE_GAP_ONLY
13547,MAPPED
13136,MAPPED
13359,MAPPED
13425,MAPPED
14982,EVIDENCE_GAP_ONLY
14985,EVIDENCE_GAP_ONLY
3887,EVIDENCE_GAP_ONLY
3888,EVIDENCE_GAP_ONLY
3889,EVIDENCE_GAP_ONLY
3890,EVIDENCE_GAP_ONLY
3891,EVIDENCE_GAP_ONLY
3892,MAPPED
9094,EVIDENCE_GAP_ONLY
9095,MAPPED
9096,MAPPED
11174,EVIDENCE_GAP_ONLY
14701,EVIDENCE_GAP_ONLY
15702,MAPPED
15703,MAPPED
15704,EVIDENCE_GAP_ONLY
15709,MAPPED
15713,MAPPED
17055,MAPPED
17056,EVIDENCE_GAP_ONLY
15706,MAPPED
15707,MAPPED
16911,MAPPED
16030,MAPPED
16031,MAPPED
16043,MAPPED
8570,MAPPED
8571,MAPPED
8572,EVIDENCE_GAP_ONLY
10329,EVIDENCE_GAP_ONLY
14419,EVIDENCE_GAP_ONLY
9101,MAPPED
9102,MAPPED
9103,MAPPED
9330,MAPPED
9331,MAPPED
9332,MAPPED
9501,MAPPED
9742,MAPPED
11175,MAPPED
11176,EVIDENCE_GAP_ONLY
11177,MAPPED
11323,MAPPED
12582,MAPPED
14376,MAPPED
17453,MAPPED
18692,EVIDENCE_GAP_ONLY
253,MAPPED
254,MAPPED
255,MAPPED
256,MAPPED
257,MAPPED
3585,MAPPED
3586,MAPPED
3587,MAPPED
3588,MAPPED
13081,MAPPED
13082,MAPPED
13083,MAPPED
13928,MAPPED
16597,MAPPED
12671,MAPPED
12672,MAPPED
12674,EVIDENCE_GAP_ONLY
15636,MAPPED
15637,MAPPED
15638,MAPPED
15639,EVIDENCE_GAP_ONLY
17170,MAPPED
17171,MAPPED
17172,MAPPED
17173,EVIDENCE_GAP_ONLY
17174,EVIDENCE_GAP_ONLY
17175,MAPPED
17697,MAPPED
1772,EVIDENCE_GAP_ONLY
1773,MAPPED
1774,MAPPED
1775,MAPPED
1776,MAPPED
1777,EVIDENCE_GAP_ONLY
1778,MAPPED
1779,MAPPED
1780,MAPPED
1781,MAPPED
1782,MAPPED
9190,MAPPED
9191,MAPPED
9192,MAPPED
9193,MAPPED
17380,MAPPED
6889,EVIDENCE_GAP_ONLY
6890,MAPPED
6891,EVIDENCE_GAP_ONLY
6892,MAPPED
6893,EVIDENCE_GAP_ONLY
6894,MAPPED
6898,MAPPED
6899,MAPPED
6900,MAPPED
6901,EVIDENCE_GAP_ONLY
6902,MAPPED
6903,MAPPED
6904,EVIDENCE_GAP_ONLY
6925,EVIDENCE_GAP_ONLY
11185,EVIDENCE_GAP_ONLY
11263,MAPPED
11264,MAPPED
15570,MAPPED
15777,EVIDENCE_GAP_ONLY
17511,MAPPED
16787,MAPPED
16788,EVIDENCE_GAP_ONLY
16793,EVIDENCE_GAP_ONLY
16794,MAPPED
16795,EVIDENCE_GAP_ONLY
16796,EVIDENCE_GAP_ONLY
16797,EVIDENCE_GAP_ONLY
16798,MAPPED
16816,MAPPED
12139,EVIDENCE_GAP_ONLY
12140,EVIDENCE_GAP_ONLY
12141,MAPPED
16403,MAPPED
16404,MAPPED
16405,MAPPED
16615,MAPPED
16634,MAPPED
16697,MAPPED
16699,MAPPED
12468,EVIDENCE_GAP_ONLY
12469,EVIDENCE_GAP_ONLY
12470,EVIDENCE_GAP_ONLY
12516,EVIDENCE_GAP_ONLY
12731,EVIDENCE_GAP_ONLY
12732,MAPPED
12733,EVIDENCE_GAP_ONLY
12734,EVIDENCE_GAP_ONLY
12735,MAPPED
12736,EVIDENCE_GAP_ONLY
12737,EVIDENCE_GAP_ONLY
12738,EVIDENCE_GAP_ONLY
11784,MAPPED
11785,MAPPED
12491,MAPPED
12492,MAPPED
12493,EVIDENCE_GAP_ONLY
12494,MAPPED
12495,MAPPED
12560,MAPPED
12561,MAPPED
13259,MAPPED
13260,EVIDENCE_GAP_ONLY
13261,MAPPED
13262,EVIDENCE_GAP_ONLY
13263,MAPPED
2916,EVIDENCE_GAP_ONLY
2917,EVIDENCE_GAP_ONLY
2918,EVIDENCE_GAP_ONLY
2919,EVIDENCE_GAP_ONLY
2927,EVIDENCE_GAP_ONLY
2959,EVIDENCE_GAP_ONLY
2960,EVIDENCE_GAP_ONLY
2961,MAPPED
2962,EVIDENCE_GAP_ONLY
2963,MAPPED
2964,MAPPED
2965,MAPPED
3039,MAPPED
6598,EVIDENCE_GAP_ONLY
6606,EVIDENCE_GAP_ONLY
6607,EVIDENCE_GAP_ONLY
6608,EVIDENCE_GAP_ONLY
13455,MAPPED
13456,MAPPED
13457,MAPPED
5670,MAPPED
7353,MAPPED
9082,MAPPED
15498,MAPPED
15499,MAPPED
15500,MAPPED
15501,MAPPED
15502,MAPPED
16396,MAPPED
16397,EVIDENCE_GAP_ONLY
13880,EVIDENCE_GAP_ONLY
13881,EVIDENCE_GAP_ONLY
13888,EVIDENCE_GAP_ONLY
13889,MAPPED
13890,EVIDENCE_GAP_ONLY
13892,MAPPED
13893,MAPPED
13894,EVIDENCE_GAP_ONLY
14717,MAPPED
14718,MAPPED
14726,MAPPED
15095,MAPPED
16845,MAPPED
18015,EVIDENCE_GAP_ONLY
18333,EVIDENCE_GAP_ONLY
18335,EVIDENCE_GAP_ONLY
12564,EVIDENCE_GAP_ONLY
12565,MAPPED
12566,EVIDENCE_GAP_ONLY
13255,EVIDENCE_GAP_ONLY
13256,EVIDENCE_GAP_ONLY
13258,MAPPED
13906,MAPPED
12569,MAPPED
12570,MAPPED
12571,MAPPED
12572,MAPPED
14942,MAPPED
14943,MAPPED
14944,MAPPED
14945,MAPPED
14946,MAPPED
14947,MAPPED
14948,MAPPED
14949,MAPPED
14950,MAPPED
15005,MAPPED
16357,MAPPED
7255,EVIDENCE_GAP_ONLY
7256,MAPPED
7257,MAPPED
10300,EVIDENCE_GAP_ONLY
10301,MAPPED
16496,EVIDENCE_GAP_ONLY
21,MAPPED
25,EVIDENCE_GAP_ONLY
28,EVIDENCE_GAP_ONLY
4444,MAPPED
13014,EVIDENCE_GAP_ONLY
13020,EVIDENCE_GAP_ONLY
13021,EVIDENCE_GAP_ONLY
11668,EVIDENCE_GAP_ONLY
11669,MAPPED
11670,MAPPED
11671,EVIDENCE_GAP_ONLY
12204,MAPPED
14358,MAPPED
14359,MAPPED
14366,EVIDENCE_GAP_ONLY
14416,EVIDENCE_GAP_ONLY
14417,MAPPED
14705,EVIDENCE_GAP_ONLY
15012,EVIDENCE_GAP_ONLY
15851,MAPPED
18220,MAPPED
18611,MAPPED
18678,MAPPED
8268,EVIDENCE_GAP_ONLY
8269,EVIDENCE_GAP_ONLY
8270,EVIDENCE_GAP_ONLY
8271,MAPPED
8272,MAPPED
8280,MAPPED
3882,MAPPED
3883,MAPPED
3884,EVIDENCE_GAP_ONLY
3885,EVIDENCE_GAP_ONLY
10562,MAPPED
10961,MAPPED
10962,MAPPED
15778,MAPPED
9827,MAPPED
9829,MAPPED
9830,MAPPED
9831,MAPPED
9832,MAPPED
9833,MAPPED
9834,EVIDENCE_GAP_ONLY
9835,EVIDENCE_GAP_ONLY
9836,MAPPED
11186,EVIDENCE_GAP_ONLY
15237,EVIDENCE_GAP_ONLY
15569,MAPPED
16495,MAPPED
15593,MAPPED
15594,MAPPED
17505,MAPPED
17506,MAPPED
17450,MAPPED
17451,EVIDENCE_GAP_ONLY
17452,MAPPED
17455,MAPPED
17460,EVIDENCE_GAP_ONLY
17466,MAPPED
17481,MAPPED
17483,MAPPED
17484,MAPPED
17489,MAPPED
17490,MAPPED
17503,MAPPED
17534,MAPPED
17589,MAPPED
17625,MAPPED
18462,MAPPED
18463,MAPPED
17445,MAPPED
17446,EVIDENCE_GAP_ONLY
17447,MAPPED
17449,MAPPED
17470,MAPPED
17479,MAPPED
17482,EVIDENCE_GAP_ONLY
17486,MAPPED
17487,MAPPED
17559,MAPPED
17613,MAPPED
17620,EVIDENCE_GAP_ONLY
5796,MAPPED
5797,MAPPED
5798,MAPPED
5799,MAPPED
5800,EVIDENCE_GAP_ONLY
5801,MAPPED
5802,MAPPED
5803,MAPPED
5804,MAPPED
5805,MAPPED
5806,EVIDENCE_GAP_ONLY
5807,MAPPED
5808,EVIDENCE_GAP_ONLY
5809,MAPPED
5937,MAPPED
17275,EVIDENCE_GAP_ONLY
16655,MAPPED
10286,MAPPED
7433,EVIDENCE_GAP_ONLY
7434,MAPPED
7435,MAPPED
7436,MAPPED
7437,EVIDENCE_GAP_ONLY
7650,EVIDENCE_GAP_ONLY
11718,EVIDENCE_GAP_ONLY
13253,EVIDENCE_GAP_ONLY
13254,MAPPED
12986,MAPPED
12987,MAPPED
12988,MAPPED
17282,MAPPED
6015,MAPPED
6016,EVIDENCE_GAP_ONLY
6017,MAPPED
6018,MAPPED
6019,MAPPED
6020,MAPPED
6021,MAPPED
6022,MAPPED
6023,MAPPED
6024,MAPPED
6025,MAPPED
6026,MAPPED
6027,MAPPED
6028,MAPPED
6029,EVIDENCE_GAP_ONLY
6030,MAPPED
6031,MAPPED
6032,MAPPED
6033,MAPPED
6151,MAPPED
6152,EVIDENCE_GAP_ONLY
6153,MAPPED
6155,MAPPED
6159,MAPPED
9506,MAPPED
17522,EVIDENCE_GAP_ONLY
17523,MAPPED
17524,MAPPED
14772,EVIDENCE_GAP_ONLY
14773,MAPPED
14774,EVIDENCE_GAP_ONLY
14775,EVIDENCE_GAP_ONLY
12180,EVIDENCE_GAP_ONLY
12181,MAPPED
12420,MAPPED
13146,MAPPED
13354,MAPPED
13010,MAPPED
13011,MAPPED
13012,MAPPED
13013,MAPPED
13026,MAPPED
13027,MAPPED
13029,MAPPED
7333,MAPPED
7334,MAPPED
7335,EVIDENCE_GAP_ONLY
7336,EVIDENCE_GAP_ONLY
8005,MAPPED
11473,MAPPED
11474,MAPPED
11475,MAPPED
11476,MAPPED
11477,MAPPED
11478,MAPPED
11479,MAPPED
11480,EVIDENCE_GAP_ONLY
11481,EVIDENCE_GAP_ONLY
18324,MAPPED
18325,MAPPED
8998,EVIDENCE_GAP_ONLY
9008,MAPPED
9015,MAPPED
9023,MAPPED
9024,EVIDENCE_GAP_ONLY
9025,EVIDENCE_GAP_ONLY
9026,EVIDENCE_GAP_ONLY
9027,MAPPED
9028,MAPPED
9029,EVIDENCE_GAP_ONLY
9030,MAPPED
9031,MAPPED
9032,MAPPED
9033,MAPPED
9034,EVIDENCE_GAP_ONLY
9035,EVIDENCE_GAP_ONLY
9039,MAPPED
16713,EVIDENCE_GAP_ONLY
9504,EVIDENCE_GAP_ONLY
9566,EVIDENCE_GAP_ONLY
9567,EVIDENCE_GAP_ONLY
9570,EVIDENCE_GAP_ONLY
9573,EVIDENCE_GAP_ONLY
9750,EVIDENCE_GAP_ONLY
16727,MAPPED
16728,EVIDENCE_GAP_ONLY
16729,EVIDENCE_GAP_ONLY
16730,EVIDENCE_GAP_ONLY
16731,MAPPED
13178,MAPPED
13179,MAPPED
14264,MAPPED
1783,MAPPED
1784,MAPPED
1785,MAPPED
1786,MAPPED
1790,EVIDENCE_GAP_ONLY
1791,EVIDENCE_GAP_ONLY
1793,EVIDENCE_GAP_ONLY
4184,MAPPED
4187,MAPPED
4190,MAPPED
4191,MAPPED
4192,MAPPED
4193,MAPPED
4194,MAPPED
4195,MAPPED
4196,MAPPED
5337,EVIDENCE_GAP_ONLY
5338,MAPPED
5339,MAPPED
9173,MAPPED
10381,MAPPED
15942,MAPPED
16805,MAPPED
16806,MAPPED
16807,MAPPED
16808,MAPPED
16809,MAPPED
4497,MAPPED
4498,MAPPED
4499,MAPPED
4501,MAPPED
16287,MAPPED
18253,MAPPED
18254,MAPPED
18255,MAPPED
18256,MAPPED
18257,MAPPED
4732,EVIDENCE_GAP_ONLY
4751,EVIDENCE_GAP_ONLY
4752,EVIDENCE_GAP_ONLY
4755,MAPPED
5313,MAPPED
12424,EVIDENCE_GAP_ONLY
12852,MAPPED
17108,EVIDENCE_GAP_ONLY
534,MAPPED
535,MAPPED
536,EVIDENCE_GAP_ONLY
537,MAPPED
538,MAPPED
539,EVIDENCE_GAP_ONLY
540,MAPPED
10886,EVIDENCE_GAP_ONLY
10530,MAPPED
10532,MAPPED
4343,EVIDENCE_GAP_ONLY
7499,EVIDENCE_GAP_ONLY
7500,MAPPED
7501,MAPPED
7502,MAPPED
7503,MAPPED
7504,EVIDENCE_GAP_ONLY
12163,EVIDENCE_GAP_ONLY
12712,EVIDENCE_GAP_ONLY
13200,MAPPED
15586,MAPPED
16569,EVIDENCE_GAP_ONLY
16570,MAPPED
12890,EVIDENCE_GAP_ONLY
12891,EVIDENCE_GAP_ONLY
12892,EVIDENCE_GAP_ONLY
12935,EVIDENCE_GAP_ONLY
11980,MAPPED
11981,MAPPED
11826,EVIDENCE_GAP_ONLY
11827,MAPPED
11828,MAPPED
11830,NO_ARABIC_EQUIVALENT
15104,NO_ARABIC_EQUIVALENT
15105,NO_ARABIC_EQUIVALENT
1321,EVIDENCE_GAP_ONLY
1322,EVIDENCE_GAP_ONLY
1323,EVIDENCE_GAP_ONLY
1324,MAPPED
1325,EVIDENCE_GAP_ONLY
1326,MAPPED
1327,EVIDENCE_GAP_ONLY
1328,MAPPED
1329,EVIDENCE_GAP_ONLY
4344,MAPPED
5344,EVIDENCE_GAP_ONLY
5345,EVIDENCE_GAP_ONLY
5346,EVIDENCE_GAP_ONLY
5347,MAPPED
5348,MAPPED
5353,MAPPED
5361,MAPPED
5369,MAPPED
5370,MAPPED
5371,MAPPED
5372,MAPPED
5374,MAPPED
7214,MAPPED
8033,MAPPED
8905,MAPPED
9138,MAPPED
12046,MAPPED
12047,MAPPED
14695,EVIDENCE_GAP_ONLY
15057,EVIDENCE_GAP_ONLY
15059,MAPPED
15099,EVIDENCE_GAP_ONLY
15102,MAPPED
18516,MAPPED
18517,MAPPED
5150,MAPPED
5151,MAPPED
5153,MAPPED
5154,MAPPED
5155,MAPPED
5156,MAPPED
5157,MAPPED
5160,EVIDENCE_GAP_ONLY
5164,MAPPED
5165,MAPPED
5166,MAPPED
5167,EVIDENCE_GAP_ONLY
5188,MAPPED
5189,MAPPED
5299,EVIDENCE_GAP_ONLY
6921,MAPPED
11948,MAPPED
11951,MAPPED
11952,MAPPED
11953,MAPPED
11961,MAPPED
12217,MAPPED
12218,MAPPED
12219,MAPPED
12220,MAPPED
12230,MAPPED
12232,MAPPED
12240,MAPPED
16553,MAPPED
18443,MAPPED
18444,MAPPED
2178,EVIDENCE_GAP_ONLY
2181,EVIDENCE_GAP_ONLY
2182,EVIDENCE_GAP_ONLY
2183,EVIDENCE_GAP_ONLY
2184,EVIDENCE_GAP_ONLY
2205,EVIDENCE_GAP_ONLY
2206,EVIDENCE_GAP_ONLY
2207,MAPPED
2208,EVIDENCE_GAP_ONLY
2209,MAPPED
10127,EVIDENCE_GAP_ONLY
10310,MAPPED
10701,MAPPED
11612,MAPPED
11690,MAPPED
12213,EVIDENCE_GAP_ONLY
12686,MAPPED
15961,EVIDENCE_GAP_ONLY
16286,MAPPED
16418,MAPPED
15618,MAPPED
15619,EVIDENCE_GAP_ONLY
15620,MAPPED
16439,EVIDENCE_GAP_ONLY
16552,EVIDENCE_GAP_ONLY
10799,MAPPED
14413,MAPPED
12465,MAPPED
12466,MAPPED
12467,MAPPED
17028,MAPPED
17029,EVIDENCE_GAP_ONLY
17030,EVIDENCE_GAP_ONLY
17031,EVIDENCE_GAP_ONLY
18045,MAPPED
17828,MAPPED
17829,MAPPED
17830,MAPPED
17831,EVIDENCE_GAP_ONLY
17832,EVIDENCE_GAP_ONLY
16280,MAPPED
16281,MAPPED
10102,MAPPED
10103,MAPPED
10104,MAPPED
10105,MAPPED
10106,MAPPED
10107,MAPPED
10161,MAPPED
10162,MAPPED
10170,MAPPED
10171,MAPPED
10542,MAPPED
11977,MAPPED
13540,MAPPED
17283,EVIDENCE_GAP_ONLY
6109,MAPPED
6110,MAPPED
6111,EVIDENCE_GAP_ONLY
6112,MAPPED
6113,MAPPED
6182,EVIDENCE_GAP_ONLY
6184,EVIDENCE_GAP_ONLY
6185,MAPPED
6186,MAPPED
6187,MAPPED
6188,MAPPED
8022,MAPPED
18460,MAPPED
18461,MAPPED
2861,EVIDENCE_GAP_ONLY
4734,MAPPED
4735,MAPPED
4736,EVIDENCE_GAP_ONLY
5422,MAPPED
5423,MAPPED
5424,EVIDENCE_GAP_ONLY
5426,MAPPED
5427,MAPPED
5429,MAPPED
5430,EVIDENCE_GAP_ONLY
5433,EVIDENCE_GAP_ONLY
5445,MAPPED
5446,MAPPED
5447,MAPPED
5448,MAPPED
5449,MAPPED
5450,MAPPED
5451,MAPPED
7217,MAPPED
7219,MAPPED
11262,EVIDENCE_GAP_ONLY
15595,EVIDENCE_GAP_ONLY
6192,MAPPED
6193,EVIDENCE_GAP_ONLY
6195,MAPPED
6199,EVIDENCE_GAP_ONLY
6200,EVIDENCE_GAP_ONLY
6201,MAPPED
6202,MAPPED
6205,MAPPED
6206,MAPPED
13492,MAPPED
14787,MAPPED
14799,MAPPED
14430,EVIDENCE_GAP_ONLY
14431,EVIDENCE_GAP_ONLY
10511,MAPPED
10512,MAPPED
10513,MAPPED
10514,MAPPED
13708,MAPPED
16379,EVIDENCE_GAP_ONLY
16380,MAPPED
16381,MAPPED
2600,MAPPED
2601,EVIDENCE_GAP_ONLY
2604,NO_ARABIC_EQUIVALENT
2605,EVIDENCE_GAP_ONLY
2607,EVIDENCE_GAP_ONLY
2609,EVIDENCE_GAP_ONLY
2610,NO_ARABIC_EQUIVALENT
2615,EVIDENCE_GAP_ONLY
2616,NO_ARABIC_EQUIVALENT
2617,EVIDENCE_GAP_ONLY
2619,EVIDENCE_GAP_ONLY
2623,EVIDENCE_GAP_ONLY
2624,NO_ARABIC_EQUIVALENT
2628,MAPPED
2629,NO_ARABIC_EQUIVALENT
2630,MAPPED
2631,MAPPED
2636,MAPPED
2637,EVIDENCE_GAP_ONLY
2638,NO_ARABIC_EQUIVALENT
2639,NO_ARABIC_EQUIVALENT
2640,MAPPED
2642,MAPPED
2650,NO_ARABIC_EQUIVALENT
11188,EVIDENCE_GAP_ONLY
16080,MAPPED
10264,MAPPED
10265,MAPPED
18384,MAPPED
18385,MAPPED
12201,EVIDENCE_GAP_ONLY
12202,MAPPED
13071,EVIDENCE_GAP_ONLY
14504,EVIDENCE_GAP_ONLY
12948,MAPPED
14422,MAPPED
14423,MAPPED
17660,MAPPED
14440,MAPPED
13720,MAPPED
13721,MAPPED
13760,MAPPED
17376,MAPPED
17377,MAPPED
914,EVIDENCE_GAP_ONLY
915,EVIDENCE_GAP_ONLY
916,EVIDENCE_GAP_ONLY
917,EVIDENCE_GAP_ONLY
918,EVIDENCE_GAP_ONLY
919,EVIDENCE_GAP_ONLY
541,MAPPED
543,EVIDENCE_GAP_ONLY
15791,MAPPED
15792,NO_ARABIC_EQUIVALENT
18194,MAPPED
18195,MAPPED
18196,MAPPED
18197,MAPPED
18198,MAPPED
18199,MAPPED
18200,MAPPED
18201,MAPPED
10374,EVIDENCE_GAP_ONLY
13036,MAPPED
13037,MAPPED
13038,MAPPED
13039,MAPPED
15241,MAPPED
17563,MAPPED
17564,MAPPED
7920,EVIDENCE_GAP_ONLY
7921,EVIDENCE_GAP_ONLY
7922,MAPPED
7923,MAPPED
7924,MAPPED
7925,MAPPED
7926,EVIDENCE_GAP_ONLY
7927,EVIDENCE_GAP_ONLY
7928,EVIDENCE_GAP_ONLY
7948,EVIDENCE_GAP_ONLY
7949,EVIDENCE_GAP_ONLY
8040,EVIDENCE_GAP_ONLY
8041,EVIDENCE_GAP_ONLY
8042,EVIDENCE_GAP_ONLY
8043,MAPPED
8044,EVIDENCE_GAP_ONLY
8045,MAPPED
8113,MAPPED
10890,MAPPED
13908,EVIDENCE_GAP_ONLY
14698,EVIDENCE_GAP_ONLY
17825,MAPPED
18541,MAPPED
18542,MAPPED
18543,MAPPED
18544,MAPPED
18545,MAPPED
18546,MAPPED
18691,MAPPED
5774,MAPPED
5775,MAPPED
5776,EVIDENCE_GAP_ONLY
5777,MAPPED
5778,MAPPED
5779,MAPPED
10534,MAPPED
13257,MAPPED
15643,EVIDENCE_GAP_ONLY
15644,EVIDENCE_GAP_ONLY
15645,MAPPED
15646,EVIDENCE_GAP_ONLY
14182,MAPPED
14183,MAPPED
15178,MAPPED
15202,MAPPED
14116,MAPPED
14117,MAPPED
14118,EVIDENCE_GAP_ONLY
14119,MAPPED
14120,MAPPED
14122,MAPPED
7951,EVIDENCE_GAP_ONLY
7952,EVIDENCE_GAP_ONLY
7985,MAPPED
12502,MAPPED
12503,MAPPED
14470,EVIDENCE_GAP_ONLY
14471,EVIDENCE_GAP_ONLY
14472,MAPPED
14766,EVIDENCE_GAP_ONLY
14767,MAPPED
15118,MAPPED
14776,MAPPED
14777,EVIDENCE_GAP_ONLY
10293,MAPPED
10294,MAPPED
10309,MAPPED
10851,MAPPED
13252,MAPPED
18673,MAPPED
10130,MAPPED
10131,MAPPED
10132,MAPPED
10133,MAPPED
10134,MAPPED
10135,MAPPED
12683,EVIDENCE_GAP_ONLY
13311,MAPPED
13312,MAPPED
13313,MAPPED
13030,MAPPED
13032,MAPPED
13033,MAPPED
13034,MAPPED
4512,MAPPED
4760,MAPPED
4761,MAPPED
5669,MAPPED
15611,MAPPED
5623,MAPPED
5624,MAPPED
5625,EVIDENCE_GAP_ONLY
5626,EVIDENCE_GAP_ONLY
5627,MAPPED
5628,MAPPED
5629,EVIDENCE_GAP_ONLY
5630,EVIDENCE_GAP_ONLY
5632,MAPPED
5633,MAPPED
5634,EVIDENCE_GAP_ONLY
5635,EVIDENCE_GAP_ONLY
5636,EVIDENCE_GAP_ONLY
5637,EVIDENCE_GAP_ONLY
5638,EVIDENCE_GAP_ONLY
5639,EVIDENCE_GAP_ONLY
5640,EVIDENCE_GAP_ONLY
5641,MAPPED
5642,EVIDENCE_GAP_ONLY
6838,MAPPED
6839,EVIDENCE_GAP_ONLY
6840,EVIDENCE_GAP_ONLY
6841,MAPPED
6842,EVIDENCE_GAP_ONLY
6843,MAPPED
6855,MAPPED
9751,EVIDENCE_GAP_ONLY
9752,EVIDENCE_GAP_ONLY
9753,MAPPED
9754,MAPPED
9755,MAPPED
9756,MAPPED
9757,MAPPED
9758,EVIDENCE_GAP_ONLY
9759,EVIDENCE_GAP_ONLY
9760,MAPPED
9782,EVIDENCE_GAP_ONLY
11007,MAPPED
15103,MAPPED
15599,EVIDENCE_GAP_ONLY
18532,EVIDENCE_GAP_ONLY
7698,MAPPED
7703,EVIDENCE_GAP_ONLY
7704,MAPPED
7712,MAPPED
7506,EVIDENCE_GAP_ONLY
7507,EVIDENCE_GAP_ONLY
7508,EVIDENCE_GAP_ONLY
7512,EVIDENCE_GAP_ONLY
7522,EVIDENCE_GAP_ONLY
7528,MAPPED
7529,MAPPED
7530,MAPPED
7531,EVIDENCE_GAP_ONLY
7532,MAPPED
12252,MAPPED
13147,EVIDENCE_GAP_ONLY
13148,MAPPED
13251,EVIDENCE_GAP_ONLY
13768,EVIDENCE_GAP_ONLY
13875,NO_ARABIC_EQUIVALENT
14313,EVIDENCE_GAP_ONLY
14314,MAPPED
14861,EVIDENCE_GAP_ONLY
14965,EVIDENCE_GAP_ONLY
15024,EVIDENCE_GAP_ONLY
15064,MAPPED
17507,MAPPED
12464,MAPPED
12471,MAPPED
12472,MAPPED
12515,MAPPED
12207,MAPPED
12208,MAPPED
12209,MAPPED
12210,EVIDENCE_GAP_ONLY
12643,MAPPED
13587,MAPPED
13588,MAPPED
18651,MAPPED
15733,EVIDENCE_GAP_ONLY
15734,EVIDENCE_GAP_ONLY
10520,MAPPED
10521,MAPPED
10522,EVIDENCE_GAP_ONLY
10523,MAPPED
13936,MAPPED
13937,MAPPED
16274,MAPPED
16291,MAPPED
18709,EVIDENCE_GAP_ONLY
18710,EVIDENCE_GAP_ONLY
18711,MAPPED
18713,EVIDENCE_GAP_ONLY
18714,EVIDENCE_GAP_ONLY
18715,MAPPED
18716,MAPPED
18717,EVIDENCE_GAP_ONLY
18718,EVIDENCE_GAP_ONLY
18719,MAPPED
18720,EVIDENCE_GAP_ONLY
16528,MAPPED
16593,MAPPED
16594,MAPPED
16693,MAPPED
16774,MAPPED
16775,MAPPED
6653,MAPPED
6655,MAPPED
6658,EVIDENCE_GAP_ONLY
6659,MAPPED
6660,MAPPED
6661,EVIDENCE_GAP_ONLY
6662,MAPPED
6676,MAPPED
16514,MAPPED
17327,MAPPED
10687,EVIDENCE_GAP_ONLY
10690,EVIDENCE_GAP_ONLY
13246,MAPPED
13247,MAPPED
13248,EVIDENCE_GAP_ONLY
13249,MAPPED
13250,EVIDENCE_GAP_ONLY
13340,MAPPED
13913,MAPPED
10174,EVIDENCE_GAP_ONLY
10175,EVIDENCE_GAP_ONLY
10176,EVIDENCE_GAP_ONLY
10178,EVIDENCE_GAP_ONLY
10289,EVIDENCE_GAP_ONLY
10290,MAPPED
10291,MAPPED
10292,EVIDENCE_GAP_ONLY
15160,MAPPED
18494,EVIDENCE_GAP_ONLY
18495,EVIDENCE_GAP_ONLY
18496,MAPPED
18504,MAPPED
12429,EVIDENCE_GAP_ONLY
12430,EVIDENCE_GAP_ONLY
12431,EVIDENCE_GAP_ONLY
14357,MAPPED
14494,MAPPED
14500,MAPPED
14181,MAPPED
14205,MAPPED
14378,MAPPED
14379,MAPPED
14380,MAPPED
14381,MAPPED
14382,MAPPED
14383,MAPPED
14384,MAPPED
17700,MAPPED
18171,MAPPED
12537,EVIDENCE_GAP_ONLY
12538,EVIDENCE_GAP_ONLY
12539,EVIDENCE_GAP_ONLY
12540,MAPPED
12541,EVIDENCE_GAP_ONLY
12542,MAPPED
12543,EVIDENCE_GAP_ONLY
12687,EVIDENCE_GAP_ONLY
12853,EVIDENCE_GAP_ONLY
13491,EVIDENCE_GAP_ONLY
14601,MAPPED
16616,MAPPED
16617,MAPPED
17200,MAPPED
12168,MAPPED
12206,MAPPED
6907,MAPPED
6908,MAPPED
6909,MAPPED
6910,MAPPED
6911,MAPPED
6912,MAPPED
6913,MAPPED
7115,EVIDENCE_GAP_ONLY
7118,EVIDENCE_GAP_ONLY
7121,MAPPED
7123,MAPPED
7124,MAPPED
7125,MAPPED
15301,MAPPED
17699,MAPPED
4780,MAPPED
4781,MAPPED
4782,EVIDENCE_GAP_ONLY
4783,EVIDENCE_GAP_ONLY
4784,EVIDENCE_GAP_ONLY
4785,EVIDENCE_GAP_ONLY
4786,MAPPED
4787,EVIDENCE_GAP_ONLY
4788,MAPPED
4790,MAPPED
4791,MAPPED
4792,EVIDENCE_GAP_ONLY
4793,MAPPED
4794,MAPPED
4795,MAPPED
4796,MAPPED
4803,EVIDENCE_GAP_ONLY
4804,EVIDENCE_GAP_ONLY
4806,MAPPED
4807,EVIDENCE_GAP_ONLY
4808,EVIDENCE_GAP_ONLY
4829,EVIDENCE_GAP_ONLY
4830,MAPPED
4831,MAPPED
4869,MAPPED
4870,EVIDENCE_GAP_ONLY
4871,MAPPED
4874,MAPPED
5171,MAPPED
7722,EVIDENCE_GAP_ONLY
7723,MAPPED
7724,EVIDENCE_GAP_ONLY
12709,EVIDENCE_GAP_ONLY
12710,MAPPED
12711,MAPPED
17934,EVIDENCE_GAP_ONLY
11682,MAPPED
11683,MAPPED
11684,MAPPED
11733,MAPPED
14622,MAPPED
16272,EVIDENCE_GAP_ONLY
17016,MAPPED
17017,MAPPED
4506,MAPPED
4513,MAPPED
4514,MAPPED
4758,MAPPED
4759,MAPPED
7654,MAPPED
7655,MAPPED
12040,EVIDENCE_GAP_ONLY
13132,MAPPED
13490,MAPPED
18547,MAPPED
18548,MAPPED
11265,MAPPED
11266,EVIDENCE_GAP_ONLY
11267,MAPPED
11268,MAPPED
11269,MAPPED
11270,EVIDENCE_GAP_ONLY
11271,MAPPED
11272,MAPPED
11273,MAPPED
12372,MAPPED
12373,MAPPED
2651,EVIDENCE_GAP_ONLY
2653,MAPPED
2654,EVIDENCE_GAP_ONLY
6915,EVIDENCE_GAP_ONLY
12713,MAPPED
12714,MAPPED
12715,MAPPED
12716,MAPPED
12717,MAPPED
12718,MAPPED
18748,MAPPED
18749,MAPPED
12614,MAPPED
12615,MAPPED
16391,MAPPED
16392,EVIDENCE_GAP_ONLY
16393,MAPPED
16394,MAPPED
16413,MAPPED
18000,MAPPED
12895,MAPPED
12896,EVIDENCE_GAP_ONLY
12920,EVIDENCE_GAP_ONLY
12921,EVIDENCE_GAP_ONLY
10611,MAPPED
10612,MAPPED
10613,MAPPED
10614,EVIDENCE_GAP_ONLY
10615,MAPPED
10616,MAPPED
10912,EVIDENCE_GAP_ONLY
11705,MAPPED
11736,EVIDENCE_GAP_ONLY
11839,EVIDENCE_GAP_ONLY
12777,EVIDENCE_GAP_ONLY
12778,EVIDENCE_GAP_ONLY
13488,MAPPED
14600,MAPPED
14863,MAPPED
14864,EVIDENCE_GAP_ONLY
17271,EVIDENCE_GAP_ONLY
4348,MAPPED
14334,EVIDENCE_GAP_ONLY
14336,EVIDENCE_GAP_ONLY
5436,EVIDENCE_GAP_ONLY
5437,MAPPED
10703,MAPPED
11430,EVIDENCE_GAP_ONLY
11431,MAPPED
11432,MAPPED
11433,EVIDENCE_GAP_ONLY
11434,MAPPED
11694,MAPPED
11708,EVIDENCE_GAP_ONLY
11709,MAPPED
11710,MAPPED
11711,MAPPED
16856,EVIDENCE_GAP_ONLY
16858,EVIDENCE_GAP_ONLY
12310,EVIDENCE_GAP_ONLY
12326,EVIDENCE_GAP_ONLY
10801,MAPPED
17222,MAPPED
17223,MAPPED
17225,MAPPED
17226,MAPPED
17720,MAPPED
17741,MAPPED
17742,MAPPED
17930,MAPPED
18470,MAPPED
14074,MAPPED
14075,MAPPED
14076,MAPPED
7033,EVIDENCE_GAP_ONLY
7034,MAPPED
7035,MAPPED
7036,MAPPED
7037,MAPPED
7039,MAPPED
7044,MAPPED
7045,MAPPED
7054,EVIDENCE_GAP_ONLY
7055,MAPPED
7056,MAPPED
7057,MAPPED
7059,MAPPED
7060,EVIDENCE_GAP_ONLY
7061,MAPPED
7062,MAPPED
7063,MAPPED
7064,MAPPED
7065,MAPPED
7066,MAPPED
7067,EVIDENCE_GAP_ONLY
7068,MAPPED
7069,MAPPED
7070,MAPPED
7071,MAPPED
7072,MAPPED
7073,MAPPED
7074,MAPPED
7075,MAPPED
7076,MAPPED
7077,EVIDENCE_GAP_ONLY
7078,EVIDENCE_GAP_ONLY
7079,EVIDENCE_GAP_ONLY
7080,MAPPED
7122,MAPPED
7911,EVIDENCE_GAP_ONLY
17680,MAPPED
3820,MAPPED
3821,MAPPED
3822,MAPPED
3824,MAPPED
3825,EVIDENCE_GAP_ONLY
3827,MAPPED
3828,MAPPED
3829,MAPPED
3922,MAPPED
7038,MAPPED
9861,NO_ARABIC_EQUIVALENT
12945,MAPPED
12946,MAPPED
12947,MAPPED
14806,MAPPED
14807,MAPPED
15042,MAPPED
15920,MAPPED
16456,MAPPED
16457,MAPPED
16458,MAPPED
16459,EVIDENCE_GAP_ONLY
16484,MAPPED
16700,EVIDENCE_GAP_ONLY
7660,EVIDENCE_GAP_ONLY
7661,EVIDENCE_GAP_ONLY
7662,MAPPED
7663,MAPPED
7664,EVIDENCE_GAP_ONLY
7665,EVIDENCE_GAP_ONLY
7666,EVIDENCE_GAP_ONLY
7667,EVIDENCE_GAP_ONLY
7685,MAPPED
7686,MAPPED
7687,EVIDENCE_GAP_ONLY
7688,MAPPED
7689,MAPPED
7692,MAPPED
18383,MAPPED
8925,EVIDENCE_GAP_ONLY
8944,MAPPED
8945,EVIDENCE_GAP_ONLY
8946,EVIDENCE_GAP_ONLY
8947,MAPPED
8948,EVIDENCE_GAP_ONLY
8949,MAPPED
8950,MAPPED
8951,MAPPED
8952,MAPPED
8953,EVIDENCE_GAP_ONLY
8954,EVIDENCE_GAP_ONLY
8955,EVIDENCE_GAP_ONLY
8958,MAPPED
8959,MAPPED
8960,MAPPED
8961,MAPPED
8962,MAPPED
8963,MAPPED
8964,MAPPED
8965,MAPPED
8966,EVIDENCE_GAP_ONLY
8967,MAPPED
8968,MAPPED
8969,MAPPED
10553,EVIDENCE_GAP_ONLY
10554,MAPPED
10570,EVIDENCE_GAP_ONLY
13042,MAPPED
17267,MAPPED
18484,NO_ARABIC_EQUIVALENT
18485,MAPPED
17024,EVIDENCE_GAP_ONLY
17039,MAPPED
17201,EVIDENCE_GAP_ONLY
12625,EVIDENCE_GAP_ONLY
12626,EVIDENCE_GAP_ONLY
12627,MAPPED
12628,MAPPED
7363,MAPPED
8007,MAPPED
14936,MAPPED
14937,MAPPED
14939,MAPPED
14940,MAPPED
8034,EVIDENCE_GAP_ONLY
8035,EVIDENCE_GAP_ONLY
8036,MAPPED
8038,EVIDENCE_GAP_ONLY
8039,MAPPED
9580,EVIDENCE_GAP_ONLY
17076,MAPPED
17077,MAPPED
17078,MAPPED
17079,MAPPED
17080,MAPPED
2456,MAPPED
2457,MAPPED
2458,MAPPED
2459,NO_ARABIC_EQUIVALENT
2460,MAPPED
2461,MAPPED
2462,MAPPED
2466,MAPPED
2467,MAPPED
2468,MAPPED
2469,MAPPED
2470,MAPPED
4509,MAPPED
11194,EVIDENCE_GAP_ONLY
11195,MAPPED
11196,MAPPED
11229,MAPPED
15470,MAPPED
15471,EVIDENCE_GAP_ONLY
16300,MAPPED
15097,EVIDENCE_GAP_ONLY
10020,MAPPED
10021,EVIDENCE_GAP_ONLY
10023,MAPPED
11222,MAPPED
13056,EVIDENCE_GAP_ONLY
13755,MAPPED
14028,MAPPED
14353,MAPPED
16881,MAPPED
16626,EVIDENCE_GAP_ONLY
16627,MAPPED
17520,MAPPED
16268,EVIDENCE_GAP_ONLY
18180,EVIDENCE_GAP_ONLY
18181,MAPPED
18182,EVIDENCE_GAP_ONLY
18183,EVIDENCE_GAP_ONLY
18184,MAPPED
10334,EVIDENCE_GAP_ONLY
10347,EVIDENCE_GAP_ONLY
10358,EVIDENCE_GAP_ONLY
15140,EVIDENCE_GAP_ONLY
16838,MAPPED
16839,EVIDENCE_GAP_ONLY
16840,EVIDENCE_GAP_ONLY
17332,EVIDENCE_GAP_ONLY
17333,MAPPED
7953,MAPPED
7954,MAPPED
7955,EVIDENCE_GAP_ONLY
7956,EVIDENCE_GAP_ONLY
7957,MAPPED
7960,EVIDENCE_GAP_ONLY
7962,EVIDENCE_GAP_ONLY
7964,MAPPED
10480,MAPPED
10481,MAPPED
11223,EVIDENCE_GAP_ONLY
11695,EVIDENCE_GAP_ONLY
15393,EVIDENCE_GAP_ONLY
17650,EVIDENCE_GAP_ONLY
17180,MAPPED
17181,MAPPED
17182,MAPPED
12473,MAPPED
12474,EVIDENCE_GAP_ONLY
12851,MAPPED
16153,MAPPED
18261,MAPPED
18262,MAPPED
18263,MAPPED
18264,MAPPED
18265,EVIDENCE_GAP_ONLY
18266,MAPPED
18267,EVIDENCE_GAP_ONLY
15029,MAPPED
15030,EVIDENCE_GAP_ONLY
17309,EVIDENCE_GAP_ONLY
18269,MAPPED
18270,EVIDENCE_GAP_ONLY
18271,EVIDENCE_GAP_ONLY
18273,EVIDENCE_GAP_ONLY
18274,EVIDENCE_GAP_ONLY
18275,MAPPED
18276,EVIDENCE_GAP_ONLY
18277,MAPPED
18278,MAPPED
18279,MAPPED
18280,MAPPED
18281,MAPPED
18282,MAPPED
18283,MAPPED
18284,MAPPED
18285,MAPPED
18286,MAPPED
18287,MAPPED
18288,MAPPED
18289,MAPPED
18707,EVIDENCE_GAP_ONLY
16968,EVIDENCE_GAP_ONLY
16969,MAPPED
16970,MAPPED
16971,EVIDENCE_GAP_ONLY
16972,EVIDENCE_GAP_ONLY
16973,MAPPED
16974,EVIDENCE_GAP_ONLY
16981,EVIDENCE_GAP_ONLY
16982,MAPPED
16983,MAPPED
16984,MAPPED
16985,EVIDENCE_GAP_ONLY
2632,MAPPED
9210,MAPPED
9211,MAPPED
9212,MAPPED
9215,EVIDENCE_GAP_ONLY
9216,EVIDENCE_GAP_ONLY
9217,MAPPED
9218,EVIDENCE_GAP_ONLY
9219,MAPPED
9220,MAPPED
9222,MAPPED
9226,MAPPED
9229,EVIDENCE_GAP_ONLY
9230,EVIDENCE_GAP_ONLY
9231,EVIDENCE_GAP_ONLY
9232,EVIDENCE_GAP_ONLY
9233,EVIDENCE_GAP_ONLY
9234,EVIDENCE_GAP_ONLY
9235,MAPPED
9236,MAPPED
9237,MAPPED
9238,MAPPED
9240,MAPPED
9241,MAPPED
9242,MAPPED
9243,MAPPED
9245,MAPPED
9246,MAPPED
9247,MAPPED
9248,MAPPED
9249,MAPPED
9250,MAPPED
16211,EVIDENCE_GAP_ONLY
2277,EVIDENCE_GAP_ONLY
2278,EVIDENCE_GAP_ONLY
2279,EVIDENCE_GAP_ONLY
2280,MAPPED
2281,MAPPED
2282,MAPPED
2284,MAPPED
2286,EVIDENCE_GAP_ONLY
2287,MAPPED
2288,MAPPED
2289,MAPPED
2290,EVIDENCE_GAP_ONLY
2293,EVIDENCE_GAP_ONLY
2300,EVIDENCE_GAP_ONLY
2304,MAPPED
2659,MAPPED
3286,MAPPED
6505,MAPPED
6506,MAPPED
10854,MAPPED
11701,MAPPED
13145,MAPPED
13670,EVIDENCE_GAP_ONLY
14403,MAPPED
15390,EVIDENCE_GAP_ONLY
15433,EVIDENCE_GAP_ONLY
15902,EVIDENCE_GAP_ONLY
17306,MAPPED
17312,MAPPED
17390,MAPPED
17410,MAPPED
16999,EVIDENCE_GAP_ONLY
17000,MAPPED
16997,EVIDENCE_GAP_ONLY
7480,MAPPED
7481,MAPPED
7482,MAPPED
7483,EVIDENCE_GAP_ONLY
7484,MAPPED
7485,MAPPED
7486,MAPPED
7487,EVIDENCE_GAP_ONLY
7488,MAPPED
7489,MAPPED
7490,MAPPED
7515,EVIDENCE_GAP_ONLY
7516,MAPPED
7520,MAPPED
7521,MAPPED
14148,EVIDENCE_GAP_ONLY
14149,MAPPED
14150,MAPPED
14151,MAPPED
14152,MAPPED
14153,MAPPED
14154,MAPPED
14155,MAPPED
14156,MAPPED
14157,MAPPED
14377,EVIDENCE_GAP_ONLY
16368,EVIDENCE_GAP_ONLY
16362,EVIDENCE_GAP_ONLY
3694,MAPPED
3695,MAPPED
3696,MAPPED
3697,MAPPED
7513,EVIDENCE_GAP_ONLY
7514,MAPPED
10383,EVIDENCE_GAP_ONLY
10384,EVIDENCE_GAP_ONLY
13360,MAPPED
13783,MAPPED
14526,MAPPED
14558,EVIDENCE_GAP_ONLY
15544,EVIDENCE_GAP_ONLY
16824,MAPPED
16825,EVIDENCE_GAP_ONLY
16826,EVIDENCE_GAP_ONLY
16529,MAPPED
16530,MAPPED
14262,MAPPED
14263,EVIDENCE_GAP_ONLY
14265,MAPPED
14266,MAPPED
14267,EVIDENCE_GAP_ONLY
14268,MAPPED
15472,EVIDENCE_GAP_ONLY
15493,MAPPED
15494,EVIDENCE_GAP_ONLY
16506,MAPPED
16525,MAPPED
11226,EVIDENCE_GAP_ONLY
11227,MAPPED
15399,MAPPED
15730,MAPPED
16915,MAPPED
2175,MAPPED
3234,EVIDENCE_GAP_ONLY
3235,MAPPED
3236,MAPPED
3237,MAPPED
3238,EVIDENCE_GAP_ONLY
3245,MAPPED
3246,EVIDENCE_GAP_ONLY
3249,MAPPED
3250,MAPPED
3251,MAPPED
3252,MAPPED
3253,EVIDENCE_GAP_ONLY
3254,MAPPED
3255,EVIDENCE_GAP_ONLY
3256,MAPPED
3257,MAPPED
3258,EVIDENCE_GAP_ONLY
3259,MAPPED
3260,MAPPED
3261,MAPPED
3262,MAPPED
3263,EVIDENCE_GAP_ONLY
3264,MAPPED
3265,MAPPED
3266,MAPPED
3267,MAPPED
3268,EVIDENCE_GAP_ONLY
3269,MAPPED
3270,MAPPED
3271,EVIDENCE_GAP_ONLY
3272,MAPPED
3273,MAPPED
3274,EVIDENCE_GAP_ONLY
3275,MAPPED
3276,EVIDENCE_GAP_ONLY
3277,MAPPED
3278,EVIDENCE_GAP_ONLY
3279,EVIDENCE_GAP_ONLY
3280,MAPPED
3281,EVIDENCE_GAP_ONLY
3282,EVIDENCE_GAP_ONLY
3283,EVIDENCE_GAP_ONLY
3284,EVIDENCE_GAP_ONLY
14248,MAPPED
17686,MAPPED
17687,MAPPED
6735,MAPPED
6752,MAPPED
6758,MAPPED
6761,MAPPED
6765,MAPPED
6767,MAPPED
6768,MAPPED
7714,MAPPED
10883,MAPPED
11905,EVIDENCE_GAP_ONLY
13318,EVIDENCE_GAP_ONLY
13764,MAPPED
13961,MAPPED
13962,MAPPED
14061,MAPPED
14102,MAPPED
14172,MAPPED
14175,MAPPED
14302,MAPPED
14362,EVIDENCE_GAP_ONLY
14374,MAPPED
14396,MAPPED
14397,MAPPED
14398,MAPPED
14415,MAPPED
14473,MAPPED
14589,MAPPED
14619,MAPPED
14620,MAPPED
14634,MAPPED
14798,MAPPED
14814,MAPPED
15076,MAPPED
15334,MAPPED
15622,MAPPED
15673,MAPPED
17881,MAPPED
17882,MAPPED
17883,MAPPED
15588,MAPPED
15589,EVIDENCE_GAP_ONLY
10101,MAPPED
11130,MAPPED
11131,MAPPED
11132,EVIDENCE_GAP_ONLY
11133,MAPPED
11134,MAPPED
15587,MAPPED
15601,MAPPED
15600,MAPPED
13627,EVIDENCE_GAP_ONLY
13628,EVIDENCE_GAP_ONLY
13629,MAPPED
13630,EVIDENCE_GAP_ONLY
14212,MAPPED
14213,MAPPED
14214,EVIDENCE_GAP_ONLY
14811,MAPPED
16252,MAPPED
10452,MAPPED
10453,EVIDENCE_GAP_ONLY
11656,MAPPED
11657,MAPPED
11658,EVIDENCE_GAP_ONLY
11789,EVIDENCE_GAP_ONLY
17840,MAPPED
4516,MAPPED
4517,EVIDENCE_GAP_ONLY
4518,MAPPED
4519,MAPPED
4520,MAPPED
4521,MAPPED
13216,MAPPED
16827,MAPPED
16828,EVIDENCE_GAP_ONLY
16829,MAPPED
17603,EVIDENCE_GAP_ONLY
17604,MAPPED
17605,MAPPED
17606,EVIDENCE_GAP_ONLY
17608,EVIDENCE_GAP_ONLY
9733,EVIDENCE_GAP_ONLY
9734,EVIDENCE_GAP_ONLY
9735,EVIDENCE_GAP_ONLY
9736,MAPPED
9737,EVIDENCE_GAP_ONLY
9738,EVIDENCE_GAP_ONLY
9739,EVIDENCE_GAP_ONLY
1895,MAPPED
1896,EVIDENCE_GAP_ONLY
1897,MAPPED
1898,MAPPED
1899,MAPPED
1951,MAPPED
1952,MAPPED
1953,MAPPED
1955,EVIDENCE_GAP_ONLY
1956,EVIDENCE_GAP_ONLY
1957,MAPPED
1958,MAPPED
1959,MAPPED
13105,MAPPED
13106,MAPPED
18509,MAPPED
15373,MAPPED
15374,EVIDENCE_GAP_ONLY
15375,MAPPED
15377,MAPPED
15573,EVIDENCE_GAP_ONLY
17202,EVIDENCE_GAP_ONLY
17203,EVIDENCE_GAP_ONLY
109,MAPPED
110,MAPPED
111,MAPPED
112,MAPPED
113,MAPPED
114,MAPPED
115,MAPPED
116,EVIDENCE_GAP_ONLY
117,MAPPED
118,MAPPED
119,MAPPED
120,MAPPED
121,MAPPED
122,EVIDENCE_GAP_ONLY
123,MAPPED
124,MAPPED
125,EVIDENCE_GAP_ONLY
126,EVIDENCE_GAP_ONLY
127,MAPPED
128,EVIDENCE_GAP_ONLY
129,EVIDENCE_GAP_ONLY
4881,EVIDENCE_GAP_ONLY
4882,MAPPED
8189,EVIDENCE_GAP_ONLY
8190,MAPPED
9197,MAPPED
10910,MAPPED
11002,MAPPED
11003,MAPPED
11004,MAPPED
11005,MAPPED
11006,MAPPED
11010,MAPPED
12787,EVIDENCE_GAP_ONLY
15043,MAPPED
15086,MAPPED
15647,MAPPED
17684,MAPPED
18202,EVIDENCE_GAP_ONLY
16360,EVIDENCE_GAP_ONLY
16361,EVIDENCE_GAP_ONLY
16359,EVIDENCE_GAP_ONLY
16363,EVIDENCE_GAP_ONLY
16377,MAPPED
7518,EVIDENCE_GAP_ONLY
7523,MAPPED
7524,EVIDENCE_GAP_ONLY
7526,EVIDENCE_GAP_ONLY
7533,EVIDENCE_GAP_ONLY
7708,EVIDENCE_GAP_ONLY
11441,MAPPED
11595,MAPPED
11667,EVIDENCE_GAP_ONLY
11757,EVIDENCE_GAP_ONLY
11758,EVIDENCE_GAP_ONLY
15239,EVIDENCE_GAP_ONLY
16139,MAPPED
18332,MAPPED
12450,EVIDENCE_GAP_ONLY
12451,EVIDENCE_GAP_ONLY
12452,EVIDENCE_GAP_ONLY
12453,MAPPED
13454,EVIDENCE_GAP_ONLY
5196,EVIDENCE_GAP_ONLY
5197,MAPPED
5198,MAPPED
5199,MAPPED
5200,EVIDENCE_GAP_ONLY
5201,MAPPED
5202,MAPPED
5203,EVIDENCE_GAP_ONLY
5204,MAPPED
5309,EVIDENCE_GAP_ONLY
5310,EVIDENCE_GAP_ONLY
5357,MAPPED
5358,MAPPED
5359,MAPPED
5360,MAPPED
17018,MAPPED
17019,EVIDENCE_GAP_ONLY
17020,MAPPED
13556,MAPPED
13557,EVIDENCE_GAP_ONLY
13558,EVIDENCE_GAP_ONLY
13559,MAPPED
13560,MAPPED
13561,EVIDENCE_GAP_ONLY
13563,MAPPED
13564,MAPPED
13565,EVIDENCE_GAP_ONLY
13566,EVIDENCE_GAP_ONLY
13567,EVIDENCE_GAP_ONLY
13568,MAPPED
13569,MAPPED
13570,EVIDENCE_GAP_ONLY
14721,MAPPED
18442,MAPPED
15526,EVIDENCE_GAP_ONLY
15536,EVIDENCE_GAP_ONLY
15537,EVIDENCE_GAP_ONLY
15538,MAPPED
15539,MAPPED
15783,EVIDENCE_GAP_ONLY
15785,MAPPED
17257,MAPPED
17336,EVIDENCE_GAP_ONLY
18488,MAPPED
18489,MAPPED
18490,EVIDENCE_GAP_ONLY
18491,MAPPED
2857,MAPPED
2858,EVIDENCE_GAP_ONLY
11235,MAPPED
11236,MAPPED
11238,MAPPED
3872,MAPPED
3873,MAPPED
3874,EVIDENCE_GAP_ONLY
3875,EVIDENCE_GAP_ONLY
3876,MAPPED
3877,EVIDENCE_GAP_ONLY
3878,MAPPED
3879,EVIDENCE_GAP_ONLY
3880,MAPPED
13484,EVIDENCE_GAP_ONLY
13485,MAPPED
14571,MAPPED
14969,MAPPED
15397,MAPPED
2812,MAPPED
2813,MAPPED
2814,MAPPED
2815,MAPPED
2816,MAPPED
2817,MAPPED
2818,MAPPED
2819,MAPPED
13486,MAPPED
13487,MAPPED
14502,MAPPED
2804,MAPPED
2805,MAPPED
2806,MAPPED
2807,MAPPED
2808,MAPPED
2810,MAPPED
2811,MAPPED
12406,MAPPED
2820,MAPPED
2821,MAPPED
2822,MAPPED
2823,MAPPED
2824,MAPPED
2825,MAPPED
2826,MAPPED
2827,MAPPED
2828,EVIDENCE_GAP_ONLY
2829,MAPPED
2832,MAPPED
2833,EVIDENCE_GAP_ONLY
2834,MAPPED
2835,MAPPED
2836,MAPPED
2837,MAPPED
2838,MAPPED
2839,MAPPED
2840,MAPPED
2841,MAPPED
2842,MAPPED
2843,MAPPED
2844,MAPPED
2877,EVIDENCE_GAP_ONLY
3147,MAPPED
3340,MAPPED
3341,MAPPED
3421,EVIDENCE_GAP_ONLY
3422,MAPPED
3424,MAPPED
3425,MAPPED
3426,MAPPED
3427,MAPPED
3428,MAPPED
3434,MAPPED
3664,MAPPED
6989,MAPPED
7204,EVIDENCE_GAP_ONLY
18681,MAPPED
4637,MAPPED
4638,MAPPED
4639,MAPPED
4640,MAPPED
4659,MAPPED
4661,MAPPED
4662,MAPPED
4665,MAPPED
4666,MAPPED
4667,MAPPED
4669,MAPPED
4670,MAPPED
4671,MAPPED
4672,EVIDENCE_GAP_ONLY
4673,EVIDENCE_GAP_ONLY
4674,MAPPED
4675,EVIDENCE_GAP_ONLY
4680,MAPPED
9850,MAPPED
16929,MAPPED
16930,EVIDENCE_GAP_ONLY
16931,MAPPED
16932,EVIDENCE_GAP_ONLY
16936,MAPPED
17073,EVIDENCE_GAP_ONLY
17113,EVIDENCE_GAP_ONLY
17114,MAPPED
17116,MAPPED
17117,EVIDENCE_GAP_ONLY
17134,MAPPED
17146,MAPPED
4561,EVIDENCE_GAP_ONLY
4562,EVIDENCE_GAP_ONLY
4563,MAPPED
4564,EVIDENCE_GAP_ONLY
4566,MAPPED
4567,MAPPED
4568,MAPPED
4569,MAPPED
4570,MAPPED
4571,MAPPED
4572,MAPPED
4573,MAPPED
4574,MAPPED
4575,MAPPED
4576,MAPPED
4577,MAPPED
4578,MAPPED
4579,MAPPED
4580,MAPPED
4581,MAPPED
4582,MAPPED
4583,MAPPED
4584,MAPPED
4585,MAPPED
4586,MAPPED
4587,MAPPED
4589,MAPPED
4626,EVIDENCE_GAP_ONLY
4641,MAPPED
4668,MAPPED
5206,MAPPED
5207,MAPPED
5208,MAPPED
5209,MAPPED
7717,MAPPED
9851,MAPPED
13342,MAPPED
4590,MAPPED
4591,MAPPED
4592,MAPPED
4593,MAPPED
4594,MAPPED
4595,MAPPED
4596,MAPPED
4597,MAPPED
4598,MAPPED
4599,MAPPED
4600,MAPPED
4601,MAPPED
4602,MAPPED
4603,MAPPED
4604,MAPPED
4605,MAPPED
4610,MAPPED
4611,MAPPED
4612,MAPPED
4613,MAPPED
4614,MAPPED
4615,MAPPED
4616,MAPPED
4617,MAPPED
4618,MAPPED
4619,MAPPED
4622,EVIDENCE_GAP_ONLY
4629,EVIDENCE_GAP_ONLY
4632,MAPPED
14755,MAPPED
15657,MAPPED
15658,MAPPED
15664,MAPPED
15652,MAPPED
16701,EVIDENCE_GAP_ONLY
16702,MAPPED
16703,EVIDENCE_GAP_ONLY
16704,EVIDENCE_GAP_ONLY
16705,EVIDENCE_GAP_ONLY
16764,MAPPED
16779,MAPPED
10279,EVIDENCE_GAP_ONLY
10280,MAPPED
10281,EVIDENCE_GAP_ONLY
10283,EVIDENCE_GAP_ONLY
10284,EVIDENCE_GAP_ONLY
13177,MAPPED
10590,EVIDENCE_GAP_ONLY
10591,EVIDENCE_GAP_ONLY
10593,EVIDENCE_GAP_ONLY
10730,EVIDENCE_GAP_ONLY
2668,MAPPED
2670,MAPPED
2671,EVIDENCE_GAP_ONLY
2672,MAPPED
2673,MAPPED
2674,EVIDENCE_GAP_ONLY
7829,MAPPED
14894,MAPPED
14895,MAPPED
14896,MAPPED
14901,MAPPED
14902,EVIDENCE_GAP_ONLY
14903,MAPPED
14904,EVIDENCE_GAP_ONLY
14905,MAPPED
14906,EVIDENCE_GAP_ONLY
14907,EVIDENCE_GAP_ONLY
16021,MAPPED
16033,EVIDENCE_GAP_ONLY
14920,EVIDENCE_GAP_ONLY
14921,MAPPED
14922,EVIDENCE_GAP_ONLY
14923,EVIDENCE_GAP_ONLY
14924,EVIDENCE_GAP_ONLY
14925,EVIDENCE_GAP_ONLY
15150,MAPPED
17826,EVIDENCE_GAP_ONLY
12282,EVIDENCE_GAP_ONLY
12283,MAPPED
12284,EVIDENCE_GAP_ONLY
12285,MAPPED
12286,EVIDENCE_GAP_ONLY
12287,EVIDENCE_GAP_ONLY
12290,MAPPED
12390,MAPPED
12720,MAPPED
16630,MAPPED
17215,MAPPED
17251,MAPPED
17252,MAPPED
16734,EVIDENCE_GAP_ONLY
16735,EVIDENCE_GAP_ONLY
16763,EVIDENCE_GAP_ONLY
16125,EVIDENCE_GAP_ONLY
16126,EVIDENCE_GAP_ONLY
16127,MAPPED
10493,EVIDENCE_GAP_ONLY
10497,MAPPED
10499,MAPPED
10500,MAPPED
10502,MAPPED
11241,MAPPED
13361,MAPPED
13362,MAPPED
13363,MAPPED
13364,MAPPED
13365,MAPPED
13366,EVIDENCE_GAP_ONLY
14990,MAPPED
18608,MAPPED
6510,MAPPED
6511,MAPPED
6512,EVIDENCE_GAP_ONLY
6513,MAPPED
6514,EVIDENCE_GAP_ONLY
6515,EVIDENCE_GAP_ONLY
6516,EVIDENCE_GAP_ONLY
6517,MAPPED
6519,MAPPED
6520,EVIDENCE_GAP_ONLY
6521,MAPPED
6522,MAPPED
6523,MAPPED
6629,MAPPED
6630,MAPPED
6631,MAPPED
6632,MAPPED
6634,EVIDENCE_GAP_ONLY
6635,MAPPED
6637,MAPPED
6638,MAPPED
6639,MAPPED
6640,MAPPED
6641,EVIDENCE_GAP_ONLY
6642,MAPPED
6643,MAPPED
6644,MAPPED
6645,EVIDENCE_GAP_ONLY
6677,EVIDENCE_GAP_ONLY
6678,EVIDENCE_GAP_ONLY
6679,EVIDENCE_GAP_ONLY
6680,MAPPED
6929,MAPPED
7311,MAPPED
7312,MAPPED
10386,MAPPED
10583,EVIDENCE_GAP_ONLY
13142,MAPPED
16956,EVIDENCE_GAP_ONLY
6,EVIDENCE_GAP_ONLY
4345,MAPPED
6164,EVIDENCE_GAP_ONLY
6166,MAPPED
6168,MAPPED
6261,EVIDENCE_GAP_ONLY
6262,MAPPED
6263,MAPPED
6265,EVIDENCE_GAP_ONLY
6268,EVIDENCE_GAP_ONLY
10922,MAPPED
12971,EVIDENCE_GAP_ONLY
12972,MAPPED
12973,EVIDENCE_GAP_ONLY
12974,MAPPED
12975,EVIDENCE_GAP_ONLY
12976,MAPPED
12977,EVIDENCE_GAP_ONLY
12980,MAPPED
12981,MAPPED
12991,MAPPED
15450,MAPPED
17500,EVIDENCE_GAP_ONLY
6249,MAPPED
6250,MAPPED
6257,MAPPED
6258,MAPPED
6259,MAPPED
12884,MAPPED
12961,MAPPED
12962,MAPPED
12989,EVIDENCE_GAP_ONLY
12990,MAPPED
1017,EVIDENCE_GAP_ONLY
1018,EVIDENCE_GAP_ONLY
1019,EVIDENCE_GAP_ONLY
1020,EVIDENCE_GAP_ONLY
1021,MAPPED
1022,EVIDENCE_GAP_ONLY
1023,MAPPED
1024,EVIDENCE_GAP_ONLY
1025,EVIDENCE_GAP_ONLY
1026,MAPPED
1027,EVIDENCE_GAP_ONLY
1028,MAPPED
1029,MAPPED
1030,EVIDENCE_GAP_ONLY
1031,EVIDENCE_GAP_ONLY
1032,MAPPED
1033,MAPPED
1034,EVIDENCE_GAP_ONLY
1035,MAPPED
1036,EVIDENCE_GAP_ONLY
1037,MAPPED
1038,EVIDENCE_GAP_ONLY
1039,EVIDENCE_GAP_ONLY
1040,MAPPED
1041,MAPPED
1042,EVIDENCE_GAP_ONLY
1043,MAPPED
1044,MAPPED
1045,MAPPED
1046,MAPPED
1047,MAPPED
1048,MAPPED
1049,MAPPED
1050,MAPPED
1051,EVIDENCE_GAP_ONLY
1052,MAPPED
1053,EVIDENCE_GAP_ONLY
9505,EVIDENCE_GAP_ONLY
9105,MAPPED
9106,MAPPED
9107,MAPPED
9108,MAPPED
9109,MAPPED
10142,MAPPED
10870,MAPPED
10872,MAPPED
10873,MAPPED
10877,MAPPED
10880,MAPPED
10881,MAPPED
10911,EVIDENCE_GAP_ONLY
11242,MAPPED
12882,MAPPED
13726,MAPPED
13727,MAPPED
13728,MAPPED
3856,EVIDENCE_GAP_ONLY
3858,MAPPED
3859,EVIDENCE_GAP_ONLY
3860,MAPPED
3864,EVIDENCE_GAP_ONLY
14617,MAPPED
15346,MAPPED
17566,MAPPED
11207,MAPPED
11208,MAPPED
11791,EVIDENCE_GAP_ONLY
11792,MAPPED
13554,EVIDENCE_GAP_ONLY
17711,MAPPED
17730,MAPPED
17732,MAPPED
17733,MAPPED
17734,MAPPED
18632,MAPPED
17835,MAPPED
18040,MAPPED
12638,EVIDENCE_GAP_ONLY
12642,EVIDENCE_GAP_ONLY
10210,MAPPED
10211,EVIDENCE_GAP_ONLY
10212,EVIDENCE_GAP_ONLY
10213,MAPPED
10214,MAPPED
10215,MAPPED
10216,EVIDENCE_GAP_ONLY
10217,MAPPED
10218,MAPPED
11243,EVIDENCE_GAP_ONLY
15684,EVIDENCE_GAP_ONLY
15685,MAPPED
15686,EVIDENCE_GAP_ONLY
15687,MAPPED
15688,EVIDENCE_GAP_ONLY
15689,MAPPED
15690,MAPPED
15691,NO_ARABIC_EQUIVALENT
17751,MAPPED
17752,MAPPED
17754,MAPPED
17757,MAPPED
17758,MAPPED
17784,MAPPED
17785,MAPPED
17786,MAPPED
17787,MAPPED
17793,EVIDENCE_GAP_ONLY
17810,MAPPED
17811,MAPPED
17815,MAPPED
17816,MAPPED
17817,MAPPED
17818,MAPPED
17820,MAPPED
17821,MAPPED
17823,MAPPED
17824,MAPPED
17931,MAPPED
16485,MAPPED
16486,MAPPED
16487,MAPPED
16312,EVIDENCE_GAP_ONLY
16330,EVIDENCE_GAP_ONLY
2602,EVIDENCE_GAP_ONLY
3647,EVIDENCE_GAP_ONLY
7941,NO_ARABIC_EQUIVALENT
7942,NO_ARABIC_EQUIVALENT
7943,EVIDENCE_GAP_ONLY
14316,EVIDENCE_GAP_ONLY
14317,MAPPED
14318,EVIDENCE_GAP_ONLY
14319,MAPPED
14320,MAPPED
14321,EVIDENCE_GAP_ONLY
14322,EVIDENCE_GAP_ONLY
14324,MAPPED
14325,MAPPED
14326,MAPPED
14327,EVIDENCE_GAP_ONLY
14328,EVIDENCE_GAP_ONLY
10448,EVIDENCE_GAP_ONLY
10449,EVIDENCE_GAP_ONLY
10450,EVIDENCE_GAP_ONLY
10451,EVIDENCE_GAP_ONLY
11090,EVIDENCE_GAP_ONLY
11091,EVIDENCE_GAP_ONLY
18159,MAPPED
13898,MAPPED
13899,MAPPED
13900,MAPPED
13905,MAPPED
11772,MAPPED
11773,EVIDENCE_GAP_ONLY
11774,EVIDENCE_GAP_ONLY
12123,MAPPED
12124,MAPPED
12280,MAPPED
12281,MAPPED
13814,MAPPED
13815,MAPPED
13816,MAPPED
15230,EVIDENCE_GAP_ONLY
15786,EVIDENCE_GAP_ONLY
18793,MAPPED
18794,MAPPED
11811,EVIDENCE_GAP_ONLY
11814,MAPPED
14577,EVIDENCE_GAP_ONLY
7838,MAPPED
7839,MAPPED
7842,MAPPED
7843,MAPPED
7844,MAPPED
7845,MAPPED
7846,MAPPED
7847,MAPPED
7848,MAPPED
7976,MAPPED
7977,MAPPED
7978,MAPPED
7982,MAPPED
7990,EVIDENCE_GAP_ONLY
7991,EVIDENCE_GAP_ONLY
7993,MAPPED
7995,MAPPED
7996,EVIDENCE_GAP_ONLY
8070,MAPPED
8254,MAPPED
8442,MAPPED
8443,MAPPED
8680,MAPPED
8926,MAPPED
11310,EVIDENCE_GAP_ONLY
11314,MAPPED
15659,EVIDENCE_GAP_ONLY
15660,MAPPED
15661,MAPPED
17140,MAPPED
18737,MAPPED
18739,MAPPED
18740,MAPPED
18741,EVIDENCE_GAP_ONLY
18743,MAPPED
7540,MAPPED
7541,MAPPED
7543,MAPPED
7544,MAPPED
7545,EVIDENCE_GAP_ONLY
7546,MAPPED
7547,MAPPED
7548,MAPPED
7549,MAPPED
7550,MAPPED
7551,MAPPED
7552,MAPPED
7553,MAPPED
7554,MAPPED
7739,MAPPED
7740,MAPPED
7741,MAPPED
10366,MAPPED
10367,EVIDENCE_GAP_ONLY
10368,EVIDENCE_GAP_ONLY
13310,EVIDENCE_GAP_ONLY
13367,MAPPED
14810,MAPPED
16860,EVIDENCE_GAP_ONLY
16861,EVIDENCE_GAP_ONLY
16862,MAPPED
16863,MAPPED
13722,MAPPED
13723,MAPPED
16957,MAPPED
1265,EVIDENCE_GAP_ONLY
1266,MAPPED
1267,MAPPED
1268,EVIDENCE_GAP_ONLY
1269,EVIDENCE_GAP_ONLY
1270,MAPPED
1273,MAPPED
1278,MAPPED
1279,EVIDENCE_GAP_ONLY
1280,MAPPED
1281,MAPPED
1282,MAPPED
1283,MAPPED
1285,EVIDENCE_GAP_ONLY
1287,MAPPED
1288,MAPPED
1289,EVIDENCE_GAP_ONLY
1290,EVIDENCE_GAP_ONLY
1291,MAPPED
8858,MAPPED
8863,MAPPED
8880,MAPPED
8882,EVIDENCE_GAP_ONLY
9740,EVIDENCE_GAP_ONLY
12214,EVIDENCE_GAP_ONLY
12215,EVIDENCE_GAP_ONLY
13844,MAPPED
11462,EVIDENCE_GAP_ONLY
11463,EVIDENCE_GAP_ONLY
11464,MAPPED
11465,MAPPED
11466,EVIDENCE_GAP_ONLY
11467,MAPPED
12255,MAPPED
13084,MAPPED
18806,EVIDENCE_GAP_ONLY
18808,EVIDENCE_GAP_ONLY
11956,MAPPED
11957,MAPPED
11958,MAPPED
11959,EVIDENCE_GAP_ONLY
11960,EVIDENCE_GAP_ONLY
13238,MAPPED
13239,EVIDENCE_GAP_ONLY
13240,EVIDENCE_GAP_ONLY
13303,MAPPED
15106,EVIDENCE_GAP_ONLY
15598,EVIDENCE_GAP_ONLY
16497,MAPPED
18497,EVIDENCE_GAP_ONLY
18498,EVIDENCE_GAP_ONLY
18499,EVIDENCE_GAP_ONLY
15950,MAPPED
15951,EVIDENCE_GAP_ONLY
15967,MAPPED
15968,MAPPED
15876,EVIDENCE_GAP_ONLY
15877,EVIDENCE_GAP_ONLY
15878,EVIDENCE_GAP_ONLY
11248,MAPPED
11249,EVIDENCE_GAP_ONLY
11251,EVIDENCE_GAP_ONLY
11252,MAPPED
11253,MAPPED
14011,MAPPED
14014,MAPPED
14614,MAPPED
14636,EVIDENCE_GAP_ONLY
14686,EVIDENCE_GAP_ONLY
14719,EVIDENCE_GAP_ONLY
14880,MAPPED
14881,MAPPED
15011,MAPPED
11786,MAPPED
11787,MAPPED
11808,EVIDENCE_GAP_ONLY
13059,MAPPED
13284,EVIDENCE_GAP_ONLY
13285,MAPPED
13384,MAPPED
14023,MAPPED
14078,MAPPED
14563,MAPPED
14653,MAPPED
14654,MAPPED
14797,EVIDENCE_GAP_ONLY
16600,EVIDENCE_GAP_ONLY
16873,EVIDENCE_GAP_ONLY
17304,EVIDENCE_GAP_ONLY
18690,MAPPED
18726,MAPPED
10584,MAPPED
10585,MAPPED
10586,MAPPED
10587,MAPPED
10588,MAPPED
10639,MAPPED
10640,MAPPED
11610,MAPPED
11687,MAPPED
11688,MAPPED
12171,EVIDENCE_GAP_ONLY
12172,MAPPED
12391,MAPPED
12407,MAPPED
12707,MAPPED
13307,MAPPED
13772,MAPPED
13773,MAPPED
13887,MAPPED
13904,MAPPED
13952,MAPPED
13990,MAPPED
14707,MAPPED
14729,MAPPED
14769,MAPPED
14770,MAPPED
14790,MAPPED
14876,MAPPED
14878,MAPPED
14898,EVIDENCE_GAP_ONLY
14941,EVIDENCE_GAP_ONLY
14963,EVIDENCE_GAP_ONLY
15345,MAPPED
15558,TODO
16129,MAPPED
16669,MAPPED
18627,MAPPED
18708,MAPPED
14929,EVIDENCE_GAP_ONLY
14930,EVIDENCE_GAP_ONLY
14931,MAPPED
14932,MAPPED
14933,EVIDENCE_GAP_ONLY
15179,MAPPED
15180,MAPPED
15181,MAPPED
15182,MAPPED
8702,EVIDENCE_GAP_ONLY
8704,EVIDENCE_GAP_ONLY
5880,EVIDENCE_GAP_ONLY
5827,MAPPED
5828,MAPPED
5829,MAPPED
5830,MAPPED
5831,MAPPED
5832,EVIDENCE_GAP_ONLY
5833,MAPPED
5834,EVIDENCE_GAP_ONLY
5881,MAPPED
8848,MAPPED
8849,EVIDENCE_GAP_ONLY
8850,MAPPED
8851,MAPPED
8852,MAPPED
8853,NO_ARABIC_EQUIVALENT
11256,MAPPED
13759,MAPPED
15545,MAPPED
5906,EVIDENCE_GAP_ONLY
5939,MAPPED
11257,MAPPED
13998,MAPPED
16422,EVIDENCE_GAP_ONLY
16423,MAPPED
2772,EVIDENCE_GAP_ONLY
2773,MAPPED
2774,EVIDENCE_GAP_ONLY
2775,MAPPED
2776,EVIDENCE_GAP_ONLY
2778,MAPPED
5728,EVIDENCE_GAP_ONLY
5729,MAPPED
5730,MAPPED
5731,EVIDENCE_GAP_ONLY
5732,MAPPED
5733,MAPPED
5734,EVIDENCE_GAP_ONLY
5735,MAPPED
5736,MAPPED
5737,MAPPED
5738,MAPPED
5739,MAPPED
5740,MAPPED
5742,MAPPED
5745,MAPPED
5746,MAPPED
5747,MAPPED
5748,MAPPED
5819,MAPPED
5820,MAPPED
5821,EVIDENCE_GAP_ONLY
5822,MAPPED
5823,EVIDENCE_GAP_ONLY
5824,EVIDENCE_GAP_ONLY
5871,EVIDENCE_GAP_ONLY
5872,EVIDENCE_GAP_ONLY
5873,MAPPED
5874,MAPPED
5875,EVIDENCE_GAP_ONLY
5876,MAPPED
5877,MAPPED
5878,MAPPED
6077,EVIDENCE_GAP_ONLY
6078,EVIDENCE_GAP_ONLY
6079,MAPPED
6080,EVIDENCE_GAP_ONLY
14363,MAPPED
14393,MAPPED
17256,EVIDENCE_GAP_ONLY
2758,MAPPED
2759,EVIDENCE_GAP_ONLY
2761,MAPPED
2762,MAPPED
2763,MAPPED
2764,MAPPED
2765,MAPPED
2769,MAPPED
2770,EVIDENCE_GAP_ONLY
2771,MAPPED
2786,MAPPED
5835,EVIDENCE_GAP_ONLY
5868,MAPPED
5869,MAPPED
5904,EVIDENCE_GAP_ONLY
5999,MAPPED
6014,MAPPED
16599,MAPPED
2784,EVIDENCE_GAP_ONLY
2785,EVIDENCE_GAP_ONLY
5882,MAPPED
5883,MAPPED
5903,MAPPED
10303,EVIDENCE_GAP_ONLY
10304,MAPPED
10305,MAPPED
10306,EVIDENCE_GAP_ONLY
10307,MAPPED
10308,EVIDENCE_GAP_ONLY
12653,EVIDENCE_GAP_ONLY
16853,EVIDENCE_GAP_ONLY
6095,EVIDENCE_GAP_ONLY
6096,EVIDENCE_GAP_ONLY
6097,EVIDENCE_GAP_ONLY
6098,EVIDENCE_GAP_ONLY
6099,EVIDENCE_GAP_ONLY
6100,EVIDENCE_GAP_ONLY
6101,EVIDENCE_GAP_ONLY
6102,MAPPED
6103,MAPPED
11254,MAPPED
11255,EVIDENCE_GAP_ONLY
13304,EVIDENCE_GAP_ONLY
13305,EVIDENCE_GAP_ONLY
13306,EVIDENCE_GAP_ONLY
10627,EVIDENCE_GAP_ONLY
10628,EVIDENCE_GAP_ONLY
10629,EVIDENCE_GAP_ONLY
10630,MAPPED
10631,MAPPED
10632,EVIDENCE_GAP_ONLY
11590,MAPPED
11724,MAPPED
11725,MAPPED
13302,EVIDENCE_GAP_ONLY
13356,EVIDENCE_GAP_ONLY
17193,EVIDENCE_GAP_ONLY
17266,MAPPED
10190,MAPPED
10191,MAPPED
15571,MAPPED
13024,MAPPED
13025,MAPPED
1054,MAPPED
1055,MAPPED
1056,EVIDENCE_GAP_ONLY
1057,EVIDENCE_GAP_ONLY
1058,MAPPED
1059,EVIDENCE_GAP_ONLY
1060,MAPPED
1061,MAPPED
1062,EVIDENCE_GAP_ONLY
1063,MAPPED
1064,MAPPED
1065,EVIDENCE_GAP_ONLY
1068,MAPPED
1069,MAPPED
1070,MAPPED
1071,EVIDENCE_GAP_ONLY
1072,MAPPED
1073,EVIDENCE_GAP_ONLY
1074,EVIDENCE_GAP_ONLY
1075,EVIDENCE_GAP_ONLY
1076,EVIDENCE_GAP_ONLY
1077,MAPPED
1078,MAPPED
1079,EVIDENCE_GAP_ONLY
5034,MAPPED
5036,MAPPED
5037,MAPPED
5038,MAPPED
5040,MAPPED
5050,MAPPED
5051,EVIDENCE_GAP_ONLY
5052,EVIDENCE_GAP_ONLY
5053,MAPPED
5054,MAPPED
5055,EVIDENCE_GAP_ONLY
5727,EVIDENCE_GAP_ONLY
8397,MAPPED
9285,MAPPED
10920,EVIDENCE_GAP_ONLY
11971,MAPPED
13087,MAPPED
17740,MAPPED
12544,MAPPED
12545,MAPPED
12546,MAPPED
12547,EVIDENCE_GAP_ONLY
16480,MAPPED
16481,EVIDENCE_GAP_ONLY
16482,MAPPED
16595,MAPPED
15335,EVIDENCE_GAP_ONLY
15336,EVIDENCE_GAP_ONLY
5511,MAPPED
5512,MAPPED
5518,MAPPED
5520,MAPPED
5521,EVIDENCE_GAP_ONLY
5525,EVIDENCE_GAP_ONLY
5526,MAPPED
5527,MAPPED
5528,MAPPED
5547,EVIDENCE_GAP_ONLY
5600,MAPPED
5671,MAPPED
7220,MAPPED
11740,MAPPED
11741,MAPPED
14631,MAPPED
16364,MAPPED
16526,EVIDENCE_GAP_ONLY
17293,MAPPED
18441,NO_ARABIC_EQUIVALENT
18615,MAPPED
18616,MAPPED
18617,EVIDENCE_GAP_ONLY
18618,EVIDENCE_GAP_ONLY
18619,EVIDENCE_GAP_ONLY
12455,MAPPED
12456,MAPPED
12457,EVIDENCE_GAP_ONLY
12475,MAPPED
12487,MAPPED
10076,EVIDENCE_GAP_ONLY
10077,EVIDENCE_GAP_ONLY
10078,MAPPED
10079,MAPPED
10080,EVIDENCE_GAP_ONLY
10081,MAPPED
10082,MAPPED
10083,EVIDENCE_GAP_ONLY
10084,MAPPED
10085,MAPPED
10086,MAPPED
10087,MAPPED
10088,EVIDENCE_GAP_ONLY
10840,MAPPED
14533,MAPPED
14716,MAPPED
10245,MAPPED
10246,MAPPED
10248,MAPPED
10249,MAPPED
10252,MAPPED
16706,MAPPED
16707,MAPPED
16708,MAPPED
16710,MAPPED
10494,EVIDENCE_GAP_ONLY
10495,MAPPED
10496,MAPPED
10498,MAPPED
10501,MAPPED
10503,MAPPED
10504,MAPPED
10505,EVIDENCE_GAP_ONLY
10507,EVIDENCE_GAP_ONLY
10508,EVIDENCE_GAP_ONLY
10509,MAPPED
10510,EVIDENCE_GAP_ONLY
10582,MAPPED
10089,MAPPED
10090,MAPPED
10091,MAPPED
10092,MAPPED
10093,EVIDENCE_GAP_ONLY
10094,MAPPED
10095,MAPPED
10096,MAPPED
10097,MAPPED
10098,MAPPED
10396,MAPPED
10545,MAPPED
10546,MAPPED
10547,MAPPED
13744,MAPPED
13886,MAPPED
13958,MAPPED
13987,MAPPED
14013,MAPPED
14016,MAPPED
14017,MAPPED
14018,MAPPED
14019,MAPPED
14315,EVIDENCE_GAP_ONLY
17277,MAPPED
10222,MAPPED
10223,MAPPED
10224,EVIDENCE_GAP_ONLY
11258,EVIDENCE_GAP_ONLY
13458,MAPPED
13997,MAPPED
14342,MAPPED
14704,MAPPED
14869,MAPPED
14928,MAPPED
11259,MAPPED
11260,MAPPED
11261,EVIDENCE_GAP_ONLY
1292,EVIDENCE_GAP_ONLY
1294,MAPPED
1295,MAPPED
1296,MAPPED
1297,EVIDENCE_GAP_ONLY
1298,MAPPED
1299,MAPPED
1300,MAPPED
1301,MAPPED
1302,MAPPED
1303,MAPPED
1305,EVIDENCE_GAP_ONLY
1306,MAPPED
1307,EVIDENCE_GAP_ONLY
1308,MAPPED
1309,MAPPED
1310,MAPPED
1311,EVIDENCE_GAP_ONLY
1312,EVIDENCE_GAP_ONLY
1313,EVIDENCE_GAP_ONLY
1314,EVIDENCE_GAP_ONLY
1315,EVIDENCE_GAP_ONLY
1316,EVIDENCE_GAP_ONLY
1317,EVIDENCE_GAP_ONLY
1318,MAPPED
1319,EVIDENCE_GAP_ONLY
1320,MAPPED
8089,MAPPED
8707,EVIDENCE_GAP_ONLY
10188,MAPPED
13235,MAPPED
13236,EVIDENCE_GAP_ONLY
13237,MAPPED
1330,MAPPED
1331,EVIDENCE_GAP_ONLY
1332,MAPPED
1333,EVIDENCE_GAP_ONLY
1334,MAPPED
1335,MAPPED
1336,MAPPED
1337,MAPPED
1338,MAPPED
10118,MAPPED
11118,MAPPED
11560,MAPPED
11561,MAPPED
15047,MAPPED
15056,MAPPED
15554,MAPPED
16906,MAPPED
17567,MAPPED
1530,MAPPED
1531,EVIDENCE_GAP_ONLY
1532,MAPPED
1533,MAPPED
1534,MAPPED
1535,MAPPED
1536,EVIDENCE_GAP_ONLY
1537,EVIDENCE_GAP_ONLY
1538,MAPPED
9100,MAPPED
10123,EVIDENCE_GAP_ONLY
14553,EVIDENCE_GAP_ONLY
16899,EVIDENCE_GAP_ONLY
10473,MAPPED
10474,MAPPED
13427,MAPPED
14680,MAPPED
7563,MAPPED
7564,MAPPED
7565,MAPPED
7566,MAPPED
7569,MAPPED
7570,MAPPED
7571,EVIDENCE_GAP_ONLY
7572,MAPPED
7573,MAPPED
7574,MAPPED
7575,EVIDENCE_GAP_ONLY
7576,EVIDENCE_GAP_ONLY
13930,EVIDENCE_GAP_ONLY
13931,MAPPED
14015,MAPPED
16437,EVIDENCE_GAP_ONLY
13846,MAPPED
13848,EVIDENCE_GAP_ONLY
14194,MAPPED
16065,MAPPED
16066,MAPPED
16067,MAPPED
16068,MAPPED
16069,MAPPED
16070,MAPPED
16075,MAPPED
12949,EVIDENCE_GAP_ONLY
12950,EVIDENCE_GAP_ONLY
12951,MAPPED
12952,EVIDENCE_GAP_ONLY
12953,MAPPED
12954,MAPPED
12955,MAPPED
12969,MAPPED
12970,MAPPED
13483,MAPPED
15694,EVIDENCE_GAP_ONLY
15945,MAPPED
16213,MAPPED
16229,EVIDENCE_GAP_ONLY
2471,MAPPED
2472,MAPPED
2473,MAPPED
2474,NO_ARABIC_EQUIVALENT
2475,MAPPED
2476,MAPPED
4805,MAPPED
11297,NO_ARABIC_EQUIVALENT
16367,MAPPED
14788,MAPPED
14789,EVIDENCE_GAP_ONLY
17698,EVIDENCE_GAP_ONLY
18052,EVIDENCE_GAP_ONLY
12630,MAPPED
12632,MAPPED
13234,MAPPED
16230,EVIDENCE_GAP_ONLY
16231,EVIDENCE_GAP_ONLY
16232,EVIDENCE_GAP_ONLY
3681,MAPPED
3682,MAPPED
3683,MAPPED
3684,MAPPED
3685,MAPPED
3686,MAPPED
3687,EVIDENCE_GAP_ONLY
3688,MAPPED
3689,MAPPED
3690,MAPPED
3691,MAPPED
3692,MAPPED
3693,MAPPED
3699,EVIDENCE_GAP_ONLY
3700,EVIDENCE_GAP_ONLY
3701,NO_ARABIC_EQUIVALENT
3764,MAPPED
10179,EVIDENCE_GAP_ONLY
10234,MAPPED
10235,EVIDENCE_GAP_ONLY
10236,NO_ARABIC_EQUIVALENT
10237,MAPPED
10238,MAPPED
10239,MAPPED
10240,MAPPED
10242,EVIDENCE_GAP_ONLY
10243,MAPPED
11051,MAPPED
11299,MAPPED
12775,EVIDENCE_GAP_ONLY
13503,NO_ARABIC_EQUIVALENT
13543,MAPPED
13951,NO_ARABIC_EQUIVALENT
13986,NO_ARABIC_EQUIVALENT
14551,MAPPED
14834,MAPPED
14983,NO_ARABIC_EQUIVALENT
15330,EVIDENCE_GAP_ONLY
16339,MAPPED
16445,MAPPED
16771,MAPPED
17639,MAPPED
16001,EVIDENCE_GAP_ONLY
16010,MAPPED
16011,NO_ARABIC_EQUIVALENT
16670,EVIDENCE_GAP_ONLY
17847,EVIDENCE_GAP_ONLY
13017,EVIDENCE_GAP_ONLY
13018,EVIDENCE_GAP_ONLY
13019,EVIDENCE_GAP_ONLY
13023,EVIDENCE_GAP_ONLY
13028,EVIDENCE_GAP_ONLY
1980,EVIDENCE_GAP_ONLY
1981,MAPPED
1982,MAPPED
1983,MAPPED
1984,MAPPED
1985,MAPPED
14032,MAPPED
16251,MAPPED
18382,MAPPED
18664,MAPPED
2358,MAPPED
2378,MAPPED
2417,MAPPED
2418,MAPPED
2419,MAPPED
2423,MAPPED
2431,MAPPED
2432,EVIDENCE_GAP_ONLY
2436,MAPPED
2437,MAPPED
2439,MAPPED
2446,MAPPED
2450,MAPPED
2492,MAPPED
2494,EVIDENCE_GAP_ONLY
2495,EVIDENCE_GAP_ONLY
2498,MAPPED
5300,MAPPED
5301,EVIDENCE_GAP_ONLY
8621,EVIDENCE_GAP_ONLY
11073,EVIDENCE_GAP_ONLY
13983,MAPPED
17681,MAPPED
15260,EVIDENCE_GAP_ONLY
17411,MAPPED
17412,MAPPED
17413,EVIDENCE_GAP_ONLY
130,MAPPED
131,MAPPED
132,MAPPED
133,MAPPED
134,MAPPED
135,MAPPED
136,MAPPED
137,EVIDENCE_GAP_ONLY
138,MAPPED
139,MAPPED
140,MAPPED
141,MAPPED
142,MAPPED
5362,MAPPED
5363,MAPPED
5364,MAPPED
5365,MAPPED
9420,MAPPED
9421,MAPPED
9422,EVIDENCE_GAP_ONLY
10356,MAPPED
10357,MAPPED
10871,MAPPED
16554,MAPPED
17149,MAPPED
10029,MAPPED
10030,EVIDENCE_GAP_ONLY
10031,MAPPED
10032,MAPPED
10033,MAPPED
10034,MAPPED
10035,MAPPED
10036,MAPPED
10548,MAPPED
11717,MAPPED
13341,MAPPED
13444,MAPPED
7313,EVIDENCE_GAP_ONLY
7314,EVIDENCE_GAP_ONLY
7315,MAPPED
7317,MAPPED
7318,EVIDENCE_GAP_ONLY
7319,EVIDENCE_GAP_ONLY
7320,EVIDENCE_GAP_ONLY
7321,EVIDENCE_GAP_ONLY
7322,MAPPED
7323,EVIDENCE_GAP_ONLY
7324,EVIDENCE_GAP_ONLY
7325,MAPPED
7326,MAPPED
7327,MAPPED
7328,EVIDENCE_GAP_ONLY
7329,MAPPED
7330,EVIDENCE_GAP_ONLY
8533,EVIDENCE_GAP_ONLY
16429,MAPPED
16430,MAPPED
16907,EVIDENCE_GAP_ONLY
16908,MAPPED
18549,MAPPED
18550,MAPPED
18551,EVIDENCE_GAP_ONLY
18652,MAPPED
18653,MAPPED
18654,MAPPED
5697,MAPPED
5698,MAPPED
5699,MAPPED
5700,EVIDENCE_GAP_ONLY
5701,EVIDENCE_GAP_ONLY
5702,MAPPED
5703,MAPPED
5704,MAPPED
5705,MAPPED
5706,MAPPED
5707,MAPPED
5708,MAPPED
5710,EVIDENCE_GAP_ONLY
5711,EVIDENCE_GAP_ONLY
5712,MAPPED
5713,MAPPED
5714,MAPPED
5715,MAPPED
5716,MAPPED
6876,MAPPED
15054,MAPPED
18328,MAPPED
5463,EVIDENCE_GAP_ONLY
5464,EVIDENCE_GAP_ONLY
5465,EVIDENCE_GAP_ONLY
5466,EVIDENCE_GAP_ONLY
5467,EVIDENCE_GAP_ONLY
5468,EVIDENCE_GAP_ONLY
5469,EVIDENCE_GAP_ONLY
5470,EVIDENCE_GAP_ONLY
7354,EVIDENCE_GAP_ONLY
7355,MAPPED
7356,EVIDENCE_GAP_ONLY
7357,MAPPED
7747,MAPPED
7748,MAPPED
7749,MAPPED
7750,MAPPED
7751,MAPPED
7752,MAPPED
8251,MAPPED
9852,MAPPED
13301,MAPPED
13481,MAPPED
12764,MAPPED
12765,MAPPED
13918,MAPPED
14346,MAPPED
14347,MAPPED
14348,MAPPED
14349,EVIDENCE_GAP_ONLY
14350,MAPPED
14351,EVIDENCE_GAP_ONLY
14269,EVIDENCE_GAP_ONLY
14270,EVIDENCE_GAP_ONLY
16943,MAPPED
18570,MAPPED
18571,MAPPED
18572,MAPPED
18573,MAPPED
18574,MAPPED
18577,MAPPED
18578,MAPPED
18579,MAPPED
5926,EVIDENCE_GAP_ONLY
5927,MAPPED
5928,EVIDENCE_GAP_ONLY
5929,MAPPED
5979,MAPPED
6035,EVIDENCE_GAP_ONLY
6037,EVIDENCE_GAP_ONLY
6038,EVIDENCE_GAP_ONLY
7027,EVIDENCE_GAP_ONLY
7234,EVIDENCE_GAP_ONLY
11293,EVIDENCE_GAP_ONLY
5274,MAPPED
5275,MAPPED
5276,MAPPED
5277,EVIDENCE_GAP_ONLY
5278,MAPPED
5280,MAPPED
5281,MAPPED
5282,MAPPED
5283,MAPPED
5284,MAPPED
5285,MAPPED
5286,MAPPED
5287,MAPPED
5288,MAPPED
5290,MAPPED
5291,MAPPED
5292,MAPPED
5294,MAPPED
5298,MAPPED
10435,MAPPED
10436,MAPPED
13544,MAPPED
13784,MAPPED
13785,MAPPED
14585,EVIDENCE_GAP_ONLY
15386,MAPPED
14970,EVIDENCE_GAP_ONLY
14971,EVIDENCE_GAP_ONLY
14972,MAPPED
18784,EVIDENCE_GAP_ONLY
18785,EVIDENCE_GAP_ONLY
8087,MAPPED
8111,MAPPED
8112,EVIDENCE_GAP_ONLY
8117,MAPPED
8120,EVIDENCE_GAP_ONLY
8121,MAPPED
8123,MAPPED
8125,EVIDENCE_GAP_ONLY
8174,MAPPED
8177,MAPPED
8179,EVIDENCE_GAP_ONLY
11292,MAPPED
15051,MAPPED
17496,MAPPED
18781,EVIDENCE_GAP_ONLY
18782,EVIDENCE_GAP_ONLY
18783,MAPPED
18786,EVIDENCE_GAP_ONLY
18787,EVIDENCE_GAP_ONLY
18788,MAPPED
18789,MAPPED
18790,MAPPED
18791,EVIDENCE_GAP_ONLY
18792,EVIDENCE_GAP_ONLY
16121,MAPPED
6958,MAPPED
6959,MAPPED
6960,MAPPED
6961,MAPPED
6962,MAPPED
6964,MAPPED
6965,MAPPED
6966,MAPPED
6968,MAPPED
7006,MAPPED
15962,EVIDENCE_GAP_ONLY
15980,MAPPED
15981,EVIDENCE_GAP_ONLY
15982,EVIDENCE_GAP_ONLY
15983,NO_ARABIC_EQUIVALENT
15995,EVIDENCE_GAP_ONLY
8610,EVIDENCE_GAP_ONLY
5764,MAPPED
5765,MAPPED
5766,MAPPED
5767,MAPPED
2799,MAPPED
2802,MAPPED
4092,MAPPED
4094,EVIDENCE_GAP_ONLY
4095,MAPPED
4098,MAPPED
11693,EVIDENCE_GAP_ONLY
14024,EVIDENCE_GAP_ONLY
17648,MAPPED
4426,MAPPED
4427,MAPPED
4428,MAPPED
4429,MAPPED
4430,MAPPED
4431,MAPPED
4432,MAPPED
4433,MAPPED
4438,EVIDENCE_GAP_ONLY
4439,MAPPED
10865,MAPPED
13280,MAPPED
4434,EVIDENCE_GAP_ONLY
17586,EVIDENCE_GAP_ONLY
2655,EVIDENCE_GAP_ONLY
2656,EVIDENCE_GAP_ONLY
2720,EVIDENCE_GAP_ONLY
4408,MAPPED
4409,MAPPED
4410,EVIDENCE_GAP_ONLY
4411,MAPPED
4412,EVIDENCE_GAP_ONLY
4413,MAPPED
4414,MAPPED
2788,MAPPED
2789,MAPPED
2791,MAPPED
2792,EVIDENCE_GAP_ONLY
2793,MAPPED
2794,MAPPED
2795,MAPPED
14507,MAPPED
16135,EVIDENCE_GAP_ONLY
16389,MAPPED
18331,EVIDENCE_GAP_ONLY
8530,EVIDENCE_GAP_ONLY
8531,EVIDENCE_GAP_ONLY
8532,EVIDENCE_GAP_ONLY
8562,EVIDENCE_GAP_ONLY
8580,MAPPED
10645,MAPPED
10646,MAPPED
10722,EVIDENCE_GAP_ONLY
11439,MAPPED
11440,MAPPED
12447,MAPPED
12448,MAPPED
15058,MAPPED
16851,EVIDENCE_GAP_ONLY
16852,EVIDENCE_GAP_ONLY
17956,MAPPED
16833,EVIDENCE_GAP_ONLY
16834,EVIDENCE_GAP_ONLY
16288,MAPPED
17227,EVIDENCE_GAP_ONLY
11642,MAPPED
11643,MAPPED
11644,MAPPED
11645,MAPPED
11646,EVIDENCE_GAP_ONLY
11647,EVIDENCE_GAP_ONLY
11648,MAPPED
12862,MAPPED
13552,MAPPED
17305,MAPPED
18712,MAPPED
8181,EVIDENCE_GAP_ONLY
8182,MAPPED
8184,EVIDENCE_GAP_ONLY
8185,EVIDENCE_GAP_ONLY
8186,EVIDENCE_GAP_ONLY
8187,EVIDENCE_GAP_ONLY
8188,EVIDENCE_GAP_ONLY
14690,MAPPED
18752,MAPPED
18753,MAPPED
18754,EVIDENCE_GAP_ONLY
18755,MAPPED
10723,EVIDENCE_GAP_ONLY
10724,MAPPED
13294,MAPPED
13295,MAPPED
12586,MAPPED
12587,EVIDENCE_GAP_ONLY
12588,MAPPED
12589,MAPPED
13895,EVIDENCE_GAP_ONLY
12125,EVIDENCE_GAP_ONLY
12126,EVIDENCE_GAP_ONLY
12127,MAPPED
12129,EVIDENCE_GAP_ONLY
12130,EVIDENCE_GAP_ONLY
13863,NO_ARABIC_EQUIVALENT
15392,MAPPED
12522,EVIDENCE_GAP_ONLY
12868,MAPPED
16122,MAPPED
14273,MAPPED
14274,EVIDENCE_GAP_ONLY
14275,MAPPED
14276,MAPPED
14277,MAPPED
14278,MAPPED
14279,EVIDENCE_GAP_ONLY
14280,MAPPED
14281,MAPPED
14283,MAPPED
14284,MAPPED
14285,MAPPED
14286,MAPPED
14288,MAPPED
14289,MAPPED
14290,EVIDENCE_GAP_ONLY
14292,MAPPED
14293,MAPPED
14294,MAPPED
14295,MAPPED
14296,MAPPED
14298,MAPPED
14340,MAPPED
14525,MAPPED
15244,MAPPED
18672,MAPPED
12789,EVIDENCE_GAP_ONLY
12790,MAPPED
12791,EVIDENCE_GAP_ONLY
12792,EVIDENCE_GAP_ONLY
12793,EVIDENCE_GAP_ONLY
12794,EVIDENCE_GAP_ONLY
12795,EVIDENCE_GAP_ONLY
12796,EVIDENCE_GAP_ONLY
12797,EVIDENCE_GAP_ONLY
12798,MAPPED
14700,EVIDENCE_GAP_ONLY
16767,MAPPED
16768,EVIDENCE_GAP_ONLY
16769,MAPPED
16431,EVIDENCE_GAP_ONLY
16432,EVIDENCE_GAP_ONLY
16433,EVIDENCE_GAP_ONLY
16434,EVIDENCE_GAP_ONLY
16613,EVIDENCE_GAP_ONLY
14237,EVIDENCE_GAP_ONLY
14238,MAPPED
14239,EVIDENCE_GAP_ONLY
14240,MAPPED
12616,MAPPED
12633,MAPPED
16494,MAPPED
17194,MAPPED
17893,EVIDENCE_GAP_ONLY
17894,EVIDENCE_GAP_ONLY
17896,MAPPED
17897,MAPPED
15132,MAPPED
15133,MAPPED
15134,EVIDENCE_GAP_ONLY
8047,MAPPED
8048,MAPPED
8049,MAPPED
8050,MAPPED
8052,MAPPED
8053,MAPPED
8236,MAPPED
10717,EVIDENCE_GAP_ONLY
10718,MAPPED
11692,MAPPED
12276,MAPPED
12278,MAPPED
12294,MAPPED
13805,EVIDENCE_GAP_ONLY
13806,EVIDENCE_GAP_ONLY
13807,EVIDENCE_GAP_ONLY
13808,MAPPED
17436,MAPPED
17437,MAPPED
17438,MAPPED
17439,MAPPED
17440,MAPPED
17441,MAPPED
17442,MAPPED
17443,MAPPED
16477,MAPPED
16492,MAPPED
16493,MAPPED
17504,EVIDENCE_GAP_ONLY
18662,EVIDENCE_GAP_ONLY
18674,MAPPED
8921,MAPPED
8922,MAPPED
8923,MAPPED
8924,EVIDENCE_GAP_ONLY
8927,EVIDENCE_GAP_ONLY
8928,EVIDENCE_GAP_ONLY
8929,MAPPED
8930,MAPPED
8931,EVIDENCE_GAP_ONLY
8932,MAPPED
8933,EVIDENCE_GAP_ONLY
8935,MAPPED
8936,MAPPED
8937,NO_ARABIC_EQUIVALENT
8938,EVIDENCE_GAP_ONLY
8939,MAPPED
8940,MAPPED
8941,MAPPED
8942,MAPPED
8943,EVIDENCE_GAP_ONLY
8956,MAPPED
13993,NO_ARABIC_EQUIVALENT
627,EVIDENCE_GAP_ONLY
628,MAPPED
629,MAPPED
630,EVIDENCE_GAP_ONLY
631,EVIDENCE_GAP_ONLY
632,MAPPED
633,MAPPED
634,MAPPED
635,MAPPED
636,EVIDENCE_GAP_ONLY
637,EVIDENCE_GAP_ONLY
8421,MAPPED
5789,MAPPED
5790,MAPPED
5791,MAPPED
5792,MAPPED
5793,MAPPED
5794,MAPPED
5795,MAPPED
11976,MAPPED
14569,EVIDENCE_GAP_ONLY
12898,EVIDENCE_GAP_ONLY
12901,MAPPED
12902,MAPPED
12903,MAPPED
12904,EVIDENCE_GAP_ONLY
12905,EVIDENCE_GAP_ONLY
12906,MAPPED
12907,MAPPED
12908,MAPPED
12909,MAPPED
12910,MAPPED
12911,MAPPED
12912,MAPPED
12913,MAPPED
12914,EVIDENCE_GAP_ONLY
12915,MAPPED
12916,MAPPED
12917,MAPPED
12918,EVIDENCE_GAP_ONLY
15695,EVIDENCE_GAP_ONLY
15696,MAPPED
15697,EVIDENCE_GAP_ONLY
15698,EVIDENCE_GAP_ONLY
15700,MAPPED
15701,MAPPED
11749,EVIDENCE_GAP_ONLY
11750,MAPPED
11751,MAPPED
11752,MAPPED
11753,MAPPED
11754,MAPPED
12568,MAPPED
15333,MAPPED
11800,MAPPED
11801,MAPPED
11802,MAPPED
16872,MAPPED
16922,MAPPED
12350,MAPPED
12351,MAPPED
12352,EVIDENCE_GAP_ONLY
2558,MAPPED
2620,MAPPED
2621,MAPPED
2714,MAPPED
7347,NO_ARABIC_EQUIVALENT
12518,MAPPED
12519,EVIDENCE_GAP_ONLY
12520,EVIDENCE_GAP_ONLY
12521,EVIDENCE_GAP_ONLY
12530,MAPPED
12531,EVIDENCE_GAP_ONLY
16091,MAPPED
16092,MAPPED
16093,MAPPED
16096,EVIDENCE_GAP_ONLY
11760,EVIDENCE_GAP_ONLY
11761,EVIDENCE_GAP_ONLY
17474,MAPPED
15621,MAPPED
15948,MAPPED
5134,MAPPED
5135,MAPPED
5136,EVIDENCE_GAP_ONLY
5137,EVIDENCE_GAP_ONLY
5146,MAPPED
13502,MAPPED
17472,EVIDENCE_GAP_ONLY
17473,EVIDENCE_GAP_ONLY
8054,MAPPED
8055,MAPPED
8057,EVIDENCE_GAP_ONLY
8058,MAPPED
12682,EVIDENCE_GAP_ONLY
5585,EVIDENCE_GAP_ONLY
5586,EVIDENCE_GAP_ONLY
5587,MAPPED
5588,EVIDENCE_GAP_ONLY
5589,EVIDENCE_GAP_ONLY
5590,MAPPED
5591,EVIDENCE_GAP_ONLY
5594,EVIDENCE_GAP_ONLY
5597,EVIDENCE_GAP_ONLY
13480,EVIDENCE_GAP_ONLY
17300,EVIDENCE_GAP_ONLY
11809,MAPPED
11810,MAPPED
16424,MAPPED
16425,MAPPED
16427,MAPPED
16536,MAPPED
16537,MAPPED
16629,MAPPED
7537,MAPPED
7538,MAPPED
10811,MAPPED
12641,MAPPED
12658,MAPPED
13428,MAPPED
13982,MAPPED
16757,MAPPED
16758,MAPPED
16759,MAPPED
16760,EVIDENCE_GAP_ONLY
16938,MAPPED
907,MAPPED
908,MAPPED
909,MAPPED
910,MAPPED
911,MAPPED
912,MAPPED
913,MAPPED
10007,EVIDENCE_GAP_ONLY
17535,EVIDENCE_GAP_ONLY
12331,MAPPED
12332,EVIDENCE_GAP_ONLY
12333,EVIDENCE_GAP_ONLY
14299,MAPPED
14300,MAPPED
14301,MAPPED
17121,MAPPED
11209,MAPPED
11210,MAPPED
11220,MAPPED
12655,MAPPED
12656,MAPPED
12477,EVIDENCE_GAP_ONLY
12478,EVIDENCE_GAP_ONLY
12479,MAPPED
12480,MAPPED
12553,MAPPED
11890,MAPPED
11891,EVIDENCE_GAP_ONLY
11892,EVIDENCE_GAP_ONLY
11909,EVIDENCE_GAP_ONLY
12740,MAPPED
12864,EVIDENCE_GAP_ONLY
12865,MAPPED
12866,EVIDENCE_GAP_ONLY
16605,MAPPED
12644,EVIDENCE_GAP_ONLY
12660,MAPPED
12661,MAPPED
12662,EVIDENCE_GAP_ONLY
12663,MAPPED
12664,MAPPED
12665,MAPPED
12666,MAPPED
12667,MAPPED
12668,MAPPED
12669,MAPPED
12670,MAPPED
12867,EVIDENCE_GAP_ONLY
13229,MAPPED
14356,MAPPED
14557,EVIDENCE_GAP_ONLY
15000,MAPPED
15001,MAPPED
15002,MAPPED
15003,MAPPED
15004,MAPPED
7362,EVIDENCE_GAP_ONLY
12190,MAPPED
12191,MAPPED
12192,MAPPED
12193,EVIDENCE_GAP_ONLY
12194,MAPPED
12195,EVIDENCE_GAP_ONLY
12196,MAPPED
12197,MAPPED
12198,MAPPED
12199,MAPPED
12200,EVIDENCE_GAP_ONLY
14664,MAPPED
13938,EVIDENCE_GAP_ONLY
13939,MAPPED
13940,MAPPED
16123,MAPPED
1743,MAPPED
1744,EVIDENCE_GAP_ONLY
1747,EVIDENCE_GAP_ONLY
1748,EVIDENCE_GAP_ONLY
1749,EVIDENCE_GAP_ONLY
1750,EVIDENCE_GAP_ONLY
1751,MAPPED
1753,MAPPED
1754,MAPPED
1755,MAPPED
1756,MAPPED
1757,MAPPED
1758,MAPPED
1759,MAPPED
1760,MAPPED
1761,EVIDENCE_GAP_ONLY
10427,MAPPED
11630,MAPPED
11631,MAPPED
11640,MAPPED
11746,MAPPED
11799,MAPPED
11807,MAPPED
12311,MAPPED
12549,MAPPED
13228,MAPPED
13298,MAPPED
13300,MAPPED
13771,EVIDENCE_GAP_ONLY
13865,EVIDENCE_GAP_ONLY
13868,MAPPED
14220,MAPPED
14222,MAPPED
14223,MAPPED
14603,MAPPED
14794,EVIDENCE_GAP_ONLY
16412,MAPPED
17320,MAPPED
17325,MAPPED
5760,EVIDENCE_GAP_ONLY
5761,MAPPED
5762,EVIDENCE_GAP_ONLY
13133,EVIDENCE_GAP_ONLY
9940,EVIDENCE_GAP_ONLY
10002,EVIDENCE_GAP_ONLY
10005,EVIDENCE_GAP_ONLY
10006,EVIDENCE_GAP_ONLY
12618,EVIDENCE_GAP_ONLY
12619,EVIDENCE_GAP_ONLY
9942,EVIDENCE_GAP_ONLY
10004,EVIDENCE_GAP_ONLY
10221,EVIDENCE_GAP_ONLY
18500,EVIDENCE_GAP_ONLY
18501,EVIDENCE_GAP_ONLY
18503,EVIDENCE_GAP_ONLY
10320,EVIDENCE_GAP_ONLY
10321,EVIDENCE_GAP_ONLY
10322,EVIDENCE_GAP_ONLY
13980,MAPPED
11021,MAPPED
11070,MAPPED
11071,MAPPED
12440,MAPPED
12441,MAPPED
12476,MAPPED
11022,MAPPED
11024,MAPPED
11072,MAPPED
11023,MAPPED
11025,MAPPED
8463,MAPPED
8464,EVIDENCE_GAP_ONLY
8465,MAPPED
10860,EVIDENCE_GAP_ONLY
11445,EVIDENCE_GAP_ONLY
14977,MAPPED
13154,EVIDENCE_GAP_ONLY
13155,EVIDENCE_GAP_ONLY
13156,EVIDENCE_GAP_ONLY
13157,EVIDENCE_GAP_ONLY
13158,EVIDENCE_GAP_ONLY
13159,EVIDENCE_GAP_ONLY
11046,MAPPED
11047,MAPPED
7331,EVIDENCE_GAP_ONLY
7332,EVIDENCE_GAP_ONLY
7337,EVIDENCE_GAP_ONLY
7338,EVIDENCE_GAP_ONLY
15985,MAPPED
15986,MAPPED
15988,MAPPED
14808,EVIDENCE_GAP_ONLY
15028,MAPPED
10560,EVIDENCE_GAP_ONLY
10561,EVIDENCE_GAP_ONLY
10775,EVIDENCE_GAP_ONLY
10776,EVIDENCE_GAP_ONLY
10777,MAPPED
10781,EVIDENCE_GAP_ONLY
10782,MAPPED
10794,EVIDENCE_GAP_ONLY
7937,EVIDENCE_GAP_ONLY
7945,MAPPED
7946,EVIDENCE_GAP_ONLY
7947,MAPPED
7984,MAPPED
8010,MAPPED
8011,MAPPED
8012,EVIDENCE_GAP_ONLY
8126,EVIDENCE_GAP_ONLY
8127,EVIDENCE_GAP_ONLY
8128,MAPPED
8129,EVIDENCE_GAP_ONLY
12690,MAPPED
16743,EVIDENCE_GAP_ONLY
17210,MAPPED
17211,EVIDENCE_GAP_ONLY
17212,MAPPED
15496,MAPPED
15515,MAPPED
638,MAPPED
639,MAPPED
640,MAPPED
641,MAPPED
642,EVIDENCE_GAP_ONLY
643,EVIDENCE_GAP_ONLY
644,EVIDENCE_GAP_ONLY
645,EVIDENCE_GAP_ONLY
646,EVIDENCE_GAP_ONLY
647,EVIDENCE_GAP_ONLY
648,MAPPED
649,EVIDENCE_GAP_ONLY
650,EVIDENCE_GAP_ONLY
651,EVIDENCE_GAP_ONLY
652,MAPPED
653,MAPPED
654,EVIDENCE_GAP_ONLY
655,EVIDENCE_GAP_ONLY
657,MAPPED
658,EVIDENCE_GAP_ONLY
659,EVIDENCE_GAP_ONLY
10219,MAPPED
11045,MAPPED
14693,MAPPED
17184,EVIDENCE_GAP_ONLY
17288,MAPPED
16878,EVIDENCE_GAP_ONLY
16879,EVIDENCE_GAP_ONLY
16880,EVIDENCE_GAP_ONLY
11816,MAPPED
11817,EVIDENCE_GAP_ONLY
12875,MAPPED
12876,MAPPED
13052,MAPPED
13053,MAPPED
13054,MAPPED
13055,MAPPED
13067,MAPPED
13070,EVIDENCE_GAP_ONLY
13546,NO_ARABIC_EQUIVALENT
14360,MAPPED
17417,MAPPED
17640,MAPPED
17641,MAPPED
10684,EVIDENCE_GAP_ONLY
10685,EVIDENCE_GAP_ONLY
11277,EVIDENCE_GAP_ONLY
16749,EVIDENCE_GAP_ONLY
16750,EVIDENCE_GAP_ONLY
16751,EVIDENCE_GAP_ONLY
16752,EVIDENCE_GAP_ONLY
18809,EVIDENCE_GAP_ONLY
5971,EVIDENCE_GAP_ONLY
5973,MAPPED
5974,EVIDENCE_GAP_ONLY
5975,MAPPED
5976,EVIDENCE_GAP_ONLY
5997,MAPPED
5998,MAPPED
6090,EVIDENCE_GAP_ONLY
6114,MAPPED
6170,EVIDENCE_GAP_ONLY
7612,EVIDENCE_GAP_ONLY
7613,EVIDENCE_GAP_ONLY
7614,MAPPED
7615,MAPPED
7616,EVIDENCE_GAP_ONLY
15084,MAPPED
15344,MAPPED
2213,MAPPED
2214,MAPPED
2215,MAPPED
2216,EVIDENCE_GAP_ONLY
2217,MAPPED
2218,MAPPED
2219,MAPPED
2220,MAPPED
2221,MAPPED
2222,MAPPED
2353,MAPPED
2354,MAPPED
2363,MAPPED
2364,MAPPED
2365,MAPPED
2366,MAPPED
2368,MAPPED
2369,MAPPED
2372,MAPPED
2416,MAPPED
14241,MAPPED
14242,MAPPED
17307,EVIDENCE_GAP_ONLY
12315,EVIDENCE_GAP_ONLY
12316,EVIDENCE_GAP_ONLY
12317,EVIDENCE_GAP_ONLY
12318,EVIDENCE_GAP_ONLY
12319,EVIDENCE_GAP_ONLY
12325,MAPPED
13227,EVIDENCE_GAP_ONLY
13884,MAPPED
15648,EVIDENCE_GAP_ONLY
16960,EVIDENCE_GAP_ONLY
17253,MAPPED
17254,EVIDENCE_GAP_ONLY
17508,MAPPED
12743,MAPPED
12744,MAPPED
12745,MAPPED
12746,MAPPED
12747,MAPPED
12748,MAPPED
14566,MAPPED
14586,MAPPED
11468,EVIDENCE_GAP_ONLY
11469,EVIDENCE_GAP_ONLY
11470,MAPPED
11471,MAPPED
15654,MAPPED
17819,EVIDENCE_GAP_ONLY
16631,MAPPED
16632,MAPPED
16633,MAPPED
10172,EVIDENCE_GAP_ONLY
10173,MAPPED
10686,MAPPED
11984,EVIDENCE_GAP_ONLY
11985,EVIDENCE_GAP_ONLY
11986,MAPPED
11987,EVIDENCE_GAP_ONLY
11989,EVIDENCE_GAP_ONLY
17338,EVIDENCE_GAP_ONLY
17339,MAPPED
17340,MAPPED
17341,MAPPED
10665,MAPPED
10666,MAPPED
10667,MAPPED
10668,MAPPED
10669,MAPPED
10670,MAPPED
10671,MAPPED
10672,EVIDENCE_GAP_ONLY
10673,EVIDENCE_GAP_ONLY
10674,MAPPED
10675,MAPPED
10725,EVIDENCE_GAP_ONLY
11290,MAPPED
11291,MAPPED
12514,MAPPED
13224,MAPPED
13225,MAPPED
13226,EVIDENCE_GAP_ONLY
17592,MAPPED
6056,MAPPED
6057,MAPPED
6058,EVIDENCE_GAP_ONLY
6065,MAPPED
6066,MAPPED
6067,EVIDENCE_GAP_ONLY
6068,MAPPED
6069,EVIDENCE_GAP_ONLY
6070,MAPPED
6071,MAPPED
6072,MAPPED
6073,MAPPED
6074,MAPPED
6075,MAPPED
6076,EVIDENCE_GAP_ONLY
10003,MAPPED
10124,EVIDENCE_GAP_ONLY
10676,EVIDENCE_GAP_ONLY
16426,EVIDENCE_GAP_ONLY
3846,EVIDENCE_GAP_ONLY
3847,MAPPED
3849,MAPPED
3850,EVIDENCE_GAP_ONLY
3851,EVIDENCE_GAP_ONLY
3852,EVIDENCE_GAP_ONLY
3853,EVIDENCE_GAP_ONLY
3854,EVIDENCE_GAP_ONLY
3855,EVIDENCE_GAP_ONLY
3886,EVIDENCE_GAP_ONLY
8752,MAPPED
8753,EVIDENCE_GAP_ONLY
8754,EVIDENCE_GAP_ONLY
8756,EVIDENCE_GAP_ONLY
8757,MAPPED
8758,EVIDENCE_GAP_ONLY
8857,MAPPED
8864,EVIDENCE_GAP_ONLY
8917,MAPPED
13478,MAPPED
13479,EVIDENCE_GAP_ONLY
14697,EVIDENCE_GAP_ONLY
15782,MAPPED
12034,MAPPED
12035,MAPPED
13377,EVIDENCE_GAP_ONLY
13378,MAPPED
13379,MAPPED
13380,MAPPED
13381,MAPPED
13400,MAPPED
13401,MAPPED
13452,MAPPED
13453,EVIDENCE_GAP_ONLY
15763,EVIDENCE_GAP_ONLY
5484,EVIDENCE_GAP_ONLY
5485,EVIDENCE_GAP_ONLY
5486,MAPPED
5487,EVIDENCE_GAP_ONLY
5488,MAPPED
5489,MAPPED
5490,MAPPED
5491,EVIDENCE_GAP_ONLY
5492,EVIDENCE_GAP_ONLY
5493,EVIDENCE_GAP_ONLY
5494,MAPPED
5495,MAPPED
5496,MAPPED
5497,MAPPED
5498,EVIDENCE_GAP_ONLY
5499,MAPPED
5500,MAPPED
5501,MAPPED
5502,MAPPED
5504,MAPPED
5505,MAPPED
5510,EVIDENCE_GAP_ONLY
5539,EVIDENCE_GAP_ONLY
5583,MAPPED
5584,MAPPED
6236,MAPPED
6238,MAPPED
6240,MAPPED
6472,MAPPED
6474,EVIDENCE_GAP_ONLY
6477,MAPPED
7215,MAPPED
10220,MAPPED
10914,EVIDENCE_GAP_ONLY
13292,MAPPED
13515,MAPPED
15171,MAPPED
15347,MAPPED
3772,EVIDENCE_GAP_ONLY
3773,MAPPED
3774,EVIDENCE_GAP_ONLY
3775,EVIDENCE_GAP_ONLY
3776,MAPPED
3777,MAPPED
3778,MAPPED
3779,MAPPED
3780,MAPPED
3781,MAPPED
3782,MAPPED
3783,MAPPED
3784,EVIDENCE_GAP_ONLY
3785,MAPPED
3786,MAPPED
3787,MAPPED
3788,MAPPED
3789,EVIDENCE_GAP_ONLY
3790,EVIDENCE_GAP_ONLY
3791,MAPPED
3793,MAPPED
3794,MAPPED
3795,MAPPED
3796,MAPPED
3797,EVIDENCE_GAP_ONLY
3798,MAPPED
3799,EVIDENCE_GAP_ONLY
3800,MAPPED
3801,MAPPED
3802,EVIDENCE_GAP_ONLY
7133,EVIDENCE_GAP_ONLY
7134,MAPPED
7135,MAPPED
7136,EVIDENCE_GAP_ONLY
7137,MAPPED
7168,EVIDENCE_GAP_ONLY
7169,EVIDENCE_GAP_ONLY
14493,MAPPED
1999,MAPPED
2000,MAPPED
2001,MAPPED
2002,MAPPED
2003,MAPPED
2004,MAPPED
2005,MAPPED
2006,EVIDENCE_GAP_ONLY
11570,EVIDENCE_GAP_ONLY
12742,MAPPED
12772,MAPPED
15122,MAPPED
15670,MAPPED
4507,MAPPED
4510,EVIDENCE_GAP_ONLY
4511,EVIDENCE_GAP_ONLY
5905,EVIDENCE_GAP_ONLY
5933,EVIDENCE_GAP_ONLY
5934,EVIDENCE_GAP_ONLY
5935,EVIDENCE_GAP_ONLY
5936,EVIDENCE_GAP_ONLY
5955,MAPPED
5956,EVIDENCE_GAP_ONLY
6089,MAPPED
6189,MAPPED
8020,EVIDENCE_GAP_ONLY
8021,EVIDENCE_GAP_ONLY
6667,MAPPED
6670,MAPPED
6672,EVIDENCE_GAP_ONLY
13383,MAPPED
15663,MAPPED
16830,MAPPED
16831,MAPPED
15655,MAPPED
12608,MAPPED
12609,MAPPED
12610,MAPPED
12611,MAPPED
12612,MAPPED
17593,MAPPED
17595,MAPPED
17597,MAPPED
14337,MAPPED
11278,MAPPED
11279,MAPPED
11280,MAPPED
11281,MAPPED
11282,MAPPED
11283,MAPPED
11284,MAPPED
15668,MAPPED
10641,MAPPED
10642,MAPPED
10643,MAPPED
10644,MAPPED
10656,MAPPED
10657,EVIDENCE_GAP_ONLY
10658,EVIDENCE_GAP_ONLY
10659,MAPPED
10663,EVIDENCE_GAP_ONLY
11666,MAPPED
12741,EVIDENCE_GAP_ONLY
13152,MAPPED
18170,MAPPED
4898,EVIDENCE_GAP_ONLY
4899,MAPPED
4900,MAPPED
4902,EVIDENCE_GAP_ONLY
4903,EVIDENCE_GAP_ONLY
4904,MAPPED
4905,EVIDENCE_GAP_ONLY
4906,EVIDENCE_GAP_ONLY
4907,EVIDENCE_GAP_ONLY
4912,MAPPED
4913,MAPPED
4915,EVIDENCE_GAP_ONLY
4917,EVIDENCE_GAP_ONLY
17046,EVIDENCE_GAP_ONLY
17682,EVIDENCE_GAP_ONLY
12161,MAPPED
13416,MAPPED
13778,MAPPED
16601,MAPPED
18552,MAPPED
18553,MAPPED
18554,MAPPED
18555,MAPPED
18556,MAPPED
18557,MAPPED
18558,MAPPED
18559,MAPPED
18560,EVIDENCE_GAP_ONLY
18561,MAPPED
18562,MAPPED
4491,MAPPED
4492,EVIDENCE_GAP_ONLY
4494,EVIDENCE_GAP_ONLY
4606,MAPPED
4607,EVIDENCE_GAP_ONLY
4608,MAPPED
4609,MAPPED
4657,MAPPED
9000,MAPPED
9001,MAPPED
10694,NO_ARABIC_EQUIVALENT
12164,NO_ARABIC_EQUIVALENT
14835,MAPPED
14838,EVIDENCE_GAP_ONLY
15085,MAPPED
17095,EVIDENCE_GAP_ONLY
18628,EVIDENCE_GAP_ONLY
1539,MAPPED
1540,MAPPED
1541,EVIDENCE_GAP_ONLY
1542,EVIDENCE_GAP_ONLY
1543,EVIDENCE_GAP_ONLY
1544,MAPPED
1545,EVIDENCE_GAP_ONLY
1546,EVIDENCE_GAP_ONLY
1547,MAPPED
1548,MAPPED
1549,MAPPED
1550,MAPPED
1551,EVIDENCE_GAP_ONLY
1552,MAPPED
1553,EVIDENCE_GAP_ONLY
1554,EVIDENCE_GAP_ONLY
1555,MAPPED
1556,MAPPED
1557,EVIDENCE_GAP_ONLY
1558,MAPPED
1559,EVIDENCE_GAP_ONLY
1561,MAPPED
10189,EVIDENCE_GAP_ONLY
15717,EVIDENCE_GAP_ONLY
12634,EVIDENCE_GAP_ONLY
12635,EVIDENCE_GAP_ONLY
12636,EVIDENCE_GAP_ONLY
5341,MAPPED
5342,MAPPED
8700,MAPPED
10524,MAPPED
13787,MAPPED
56,MAPPED
57,MAPPED
58,MAPPED
59,MAPPED
60,MAPPED
61,MAPPED
62,EVIDENCE_GAP_ONLY
63,MAPPED
64,MAPPED
13640,MAPPED
15617,MAPPED
15359,MAPPED
15360,MAPPED
15361,MAPPED
15362,MAPPED
15363,EVIDENCE_GAP_ONLY
15364,MAPPED
16285,MAPPED
12647,EVIDENCE_GAP_ONLY
17459,MAPPED
5181,MAPPED
5182,MAPPED
5193,MAPPED
5195,MAPPED
17502,MAPPED
17671,MAPPED
18411,MAPPED
18464,MAPPED
18465,MAPPED
12930,EVIDENCE_GAP_ONLY
12931,EVIDENCE_GAP_ONLY
12936,EVIDENCE_GAP_ONLY
8083,MAPPED
8084,MAPPED
8085,EVIDENCE_GAP_ONLY
8110,EVIDENCE_GAP_ONLY
17932,MAPPED
17933,MAPPED
17935,MAPPED
17936,MAPPED
17937,EVIDENCE_GAP_ONLY
17939,MAPPED
17940,MAPPED
17941,MAPPED
17942,MAPPED
17945,MAPPED
17946,MAPPED
17947,MAPPED
17948,MAPPED
17949,MAPPED
17950,MAPPED
17951,MAPPED
17952,MAPPED
17953,EVIDENCE_GAP_ONLY
17954,MAPPED
17955,MAPPED
17958,MAPPED
17980,MAPPED
17981,MAPPED
17982,MAPPED
17983,MAPPED
10062,MAPPED
10063,EVIDENCE_GAP_ONLY
11221,MAPPED
11224,MAPPED
11225,EVIDENCE_GAP_ONLY
11325,MAPPED
5836,MAPPED
5837,EVIDENCE_GAP_ONLY
5838,MAPPED
5840,MAPPED
5841,MAPPED
5842,EVIDENCE_GAP_ONLY
5843,MAPPED
5844,EVIDENCE_GAP_ONLY
5846,MAPPED
5847,MAPPED
5866,MAPPED
5867,EVIDENCE_GAP_ONLY
11417,EVIDENCE_GAP_ONLY
13820,MAPPED
14583,MAPPED
15365,MAPPED
15366,EVIDENCE_GAP_ONLY
15367,EVIDENCE_GAP_ONLY
15368,MAPPED
15369,EVIDENCE_GAP_ONLY
15370,EVIDENCE_GAP_ONLY
15371,MAPPED
15372,MAPPED
17375,EVIDENCE_GAP_ONLY
11335,MAPPED
11336,EVIDENCE_GAP_ONLY
11344,EVIDENCE_GAP_ONLY
5314,EVIDENCE_GAP_ONLY
5664,MAPPED
5665,MAPPED
5667,EVIDENCE_GAP_ONLY
11728,EVIDENCE_GAP_ONLY
17068,MAPPED
13921,MAPPED
13925,MAPPED
15511,MAPPED
12023,EVIDENCE_GAP_ONLY
12024,EVIDENCE_GAP_ONLY
12025,EVIDENCE_GAP_ONLY
7801,EVIDENCE_GAP_ONLY
7802,EVIDENCE_GAP_ONLY
7803,EVIDENCE_GAP_ONLY
7804,EVIDENCE_GAP_ONLY
7805,MAPPED
7806,MAPPED
7807,MAPPED
14662,MAPPED
15074,MAPPED
10681,MAPPED
10682,MAPPED
10683,MAPPED
12579,EVIDENCE_GAP_ONLY
5242,MAPPED
5244,MAPPED
5245,MAPPED
5246,MAPPED
5247,MAPPED
5248,MAPPED
5249,MAPPED
7967,MAPPED
7969,MAPPED
7970,MAPPED
7971,MAPPED
7973,MAPPED
7974,MAPPED
7989,MAPPED
7992,MAPPED
7994,MAPPED
7997,MAPPED
8671,MAPPED
8672,MAPPED
8681,MAPPED
8994,MAPPED
8995,MAPPED
8996,MAPPED
10594,MAPPED
10595,MAPPED
10853,MAPPED
10891,MAPPED
11100,MAPPED
12299,MAPPED
12320,MAPPED
12321,MAPPED
12323,MAPPED
12324,MAPPED
13796,MAPPED
14037,MAPPED
14490,MAPPED
15714,EVIDENCE_GAP_ONLY
15715,MAPPED
15741,MAPPED
16901,EVIDENCE_GAP_ONLY
11230,EVIDENCE_GAP_ONLY
11231,MAPPED
11232,MAPPED
11233,MAPPED
14092,MAPPED
14093,MAPPED
14094,MAPPED
14095,MAPPED
14096,EVIDENCE_GAP_ONLY
14097,MAPPED
14098,MAPPED
14099,MAPPED
14100,MAPPED
15769,MAPPED
15771,MAPPED
15772,EVIDENCE_GAP_ONLY
15773,EVIDENCE_GAP_ONLY
15774,MAPPED
15800,EVIDENCE_GAP_ONLY
15927,MAPPED
16282,EVIDENCE_GAP_ONLY
17848,NO_ARABIC_EQUIVALENT
17849,EVIDENCE_GAP_ONLY
17850,EVIDENCE_GAP_ONLY
17851,EVIDENCE_GAP_ONLY
17852,MAPPED
17853,MAPPED
17854,MAPPED
17855,EVIDENCE_GAP_ONLY
17856,MAPPED
17857,MAPPED
17858,MAPPED
17859,EVIDENCE_GAP_ONLY
17860,MAPPED
17861,MAPPED
17862,NO_ARABIC_EQUIVALENT
17863,MAPPED
17864,EVIDENCE_GAP_ONLY
17865,EVIDENCE_GAP_ONLY
17867,EVIDENCE_GAP_ONLY
17868,MAPPED
17869,EVIDENCE_GAP_ONLY
17870,MAPPED
17871,EVIDENCE_GAP_ONLY
17872,NO_ARABIC_EQUIVALENT
17873,NO_ARABIC_EQUIVALENT
17874,MAPPED
17875,MAPPED
17876,MAPPED
4814,MAPPED
4815,MAPPED
4816,MAPPED
4817,MAPPED
4818,MAPPED
4819,MAPPED
4825,MAPPED
4826,MAPPED
4827,MAPPED
5316,MAPPED
5317,MAPPED
5318,MAPPED
5319,MAPPED
5320,MAPPED
5321,MAPPED
5322,MAPPED
5323,MAPPED
5324,MAPPED
5325,MAPPED
5326,MAPPED
5327,MAPPED
5381,MAPPED
11053,MAPPED
15504,MAPPED
15505,MAPPED
3041,MAPPED
3042,MAPPED
3043,MAPPED
3044,EVIDENCE_GAP_ONLY
3045,EVIDENCE_GAP_ONLY
5889,MAPPED
5890,EVIDENCE_GAP_ONLY
17569,MAPPED
14844,MAPPED
14845,MAPPED
14846,MAPPED
1614,MAPPED
1615,MAPPED
1616,MAPPED
1617,EVIDENCE_GAP_ONLY
1618,MAPPED
1619,EVIDENCE_GAP_ONLY
1620,MAPPED
1621,MAPPED
1622,MAPPED
1623,EVIDENCE_GAP_ONLY
1624,EVIDENCE_GAP_ONLY
18466,MAPPED
4524,MAPPED
4525,EVIDENCE_GAP_ONLY
4526,NO_ARABIC_EQUIVALENT
7339,MAPPED
7340,MAPPED
7341,MAPPED
13230,MAPPED
13837,EVIDENCE_GAP_ONLY
13907,NO_ARABIC_EQUIVALENT
17289,MAPPED
16645,EVIDENCE_GAP_ONLY
16646,EVIDENCE_GAP_ONLY
16647,MAPPED
16648,EVIDENCE_GAP_ONLY
16649,MAPPED
16650,EVIDENCE_GAP_ONLY
16651,MAPPED
16652,EVIDENCE_GAP_ONLY
16654,MAPPED
2521,EVIDENCE_GAP_ONLY
3151,MAPPED
3152,NO_ARABIC_EQUIVALENT
3153,EVIDENCE_GAP_ONLY
3154,EVIDENCE_GAP_ONLY
3157,NO_ARABIC_EQUIVALENT
3158,NO_ARABIC_EQUIVALENT
3240,MAPPED
3241,EVIDENCE_GAP_ONLY
3242,MAPPED
3247,MAPPED
3248,MAPPED
3382,MAPPED
3384,NO_ARABIC_EQUIVALENT
3385,NO_ARABIC_EQUIVALENT
3386,EVIDENCE_GAP_ONLY
3387,NO_ARABIC_EQUIVALENT
3390,EVIDENCE_GAP_ONLY
3391,NO_ARABIC_EQUIVALENT
3392,MAPPED
3393,NO_ARABIC_EQUIVALENT
3394,NO_ARABIC_EQUIVALENT
10227,EVIDENCE_GAP_ONLY
16791,EVIDENCE_GAP_ONLY
17032,NO_ARABIC_EQUIVALENT
15767,MAPPED
15768,MAPPED
6149,MAPPED
6150,MAPPED
6154,MAPPED
7342,MAPPED
7343,MAPPED
15480,MAPPED
15481,MAPPED
9620,MAPPED
9621,MAPPED
9622,MAPPED
9623,MAPPED
9718,MAPPED
11681,EVIDENCE_GAP_ONLY
17841,MAPPED
17842,EVIDENCE_GAP_ONLY
17843,MAPPED
17844,MAPPED
17944,EVIDENCE_GAP_ONLY
17979,MAPPED
17780,MAPPED
17781,MAPPED
17782,MAPPED
17783,MAPPED
17788,MAPPED
17790,MAPPED
17791,MAPPED
17794,MAPPED
17808,MAPPED
17809,MAPPED
17929,EVIDENCE_GAP_ONLY
8192,EVIDENCE_GAP_ONLY
8193,MAPPED
8194,EVIDENCE_GAP_ONLY
8195,MAPPED
8196,MAPPED
8197,MAPPED
8198,EVIDENCE_GAP_ONLY
8199,MAPPED
8200,MAPPED
9170,MAPPED
9186,MAPPED
9187,EVIDENCE_GAP_ONLY
9901,MAPPED
15384,EVIDENCE_GAP_ONLY
16673,MAPPED
16674,EVIDENCE_GAP_ONLY
16676,EVIDENCE_GAP_ONLY
10038,MAPPED
10039,MAPPED
10040,MAPPED
10041,MAPPED
11978,MAPPED
13290,EVIDENCE_GAP_ONLY
13291,MAPPED
14975,MAPPED
14976,MAPPED
16042,MAPPED
16094,MAPPED
10422,MAPPED
10423,MAPPED
10424,MAPPED
10425,MAPPED
10426,MAPPED
11206,MAPPED
16210,EVIDENCE_GAP_ONLY
16269,EVIDENCE_GAP_ONLY
16270,EVIDENCE_GAP_ONLY
17213,EVIDENCE_GAP_ONLY
11649,MAPPED
11650,MAPPED
11651,EVIDENCE_GAP_ONLY
11652,MAPPED
12869,MAPPED
13149,MAPPED
14196,EVIDENCE_GAP_ONLY
14197,MAPPED
14256,EVIDENCE_GAP_ONLY
14576,MAPPED
14702,MAPPED
15306,MAPPED
16074,MAPPED
16550,MAPPED
16551,EVIDENCE_GAP_ONLY
16567,EVIDENCE_GAP_ONLY
10695,EVIDENCE_GAP_ONLY
10913,MAPPED
13514,MAPPED
12596,EVIDENCE_GAP_ONLY
12597,MAPPED
9009,EVIDENCE_GAP_ONLY
9010,EVIDENCE_GAP_ONLY
9011,EVIDENCE_GAP_ONLY
9013,MAPPED
9014,EVIDENCE_GAP_ONLY
9016,EVIDENCE_GAP_ONLY
9017,EVIDENCE_GAP_ONLY
9018,MAPPED
9019,MAPPED
9020,EVIDENCE_GAP_ONLY
9021,MAPPED
9022,MAPPED
12264,MAPPED
12265,MAPPED
12266,MAPPED
12267,MAPPED
12268,MAPPED
12269,MAPPED
14694,EVIDENCE_GAP_ONLY
12425,MAPPED
12426,MAPPED
12427,MAPPED
12428,MAPPED
15068,EVIDENCE_GAP_ONLY
15614,MAPPED
15642,MAPPED
1625,MAPPED
1626,MAPPED
1627,MAPPED
1628,EVIDENCE_GAP_ONLY
1629,EVIDENCE_GAP_ONLY
1630,MAPPED
17021,MAPPED
10589,MAPPED
1859,MAPPED
1860,MAPPED
1861,EVIDENCE_GAP_ONLY
1862,MAPPED
1863,MAPPED
18493,EVIDENCE_GAP_ONLY
10438,EVIDENCE_GAP_ONLY
10439,EVIDENCE_GAP_ONLY
10440,MAPPED
10441,EVIDENCE_GAP_ONLY
10442,EVIDENCE_GAP_ONLY
10443,MAPPED
10444,EVIDENCE_GAP_ONLY
10447,EVIDENCE_GAP_ONLY
13926,MAPPED
13927,MAPPED
13971,MAPPED
15602,MAPPED
18507,MAPPED
18508,MAPPED
18510,EVIDENCE_GAP_ONLY
18511,MAPPED
18512,EVIDENCE_GAP_ONLY
18513,EVIDENCE_GAP_ONLY
18563,MAPPED
18564,MAPPED
15787,EVIDENCE_GAP_ONLY
15788,MAPPED
15789,EVIDENCE_GAP_ONLY
15790,EVIDENCE_GAP_ONLY
15793,EVIDENCE_GAP_ONLY
15816,EVIDENCE_GAP_ONLY
12300,MAPPED
12301,MAPPED
12302,MAPPED
12303,MAPPED
13231,MAPPED
8210,EVIDENCE_GAP_ONLY
8211,EVIDENCE_GAP_ONLY
8212,MAPPED
8213,MAPPED
8214,MAPPED
8216,EVIDENCE_GAP_ONLY
8218,MAPPED
8219,MAPPED
8220,MAPPED
8222,EVIDENCE_GAP_ONLY
8223,EVIDENCE_GAP_ONLY
8238,EVIDENCE_GAP_ONLY
13549,MAPPED
14160,MAPPED
14161,MAPPED
17139,MAPPED
16353,MAPPED
16354,EVIDENCE_GAP_ONLY
11601,MAPPED
11602,MAPPED
11603,MAPPED
11604,MAPPED
11605,MAPPED
11606,MAPPED
11607,MAPPED
11726,MAPPED
12169,MAPPED
12251,MAPPED
12253,MAPPED
12384,MAPPED
12404,MAPPED
12705,EVIDENCE_GAP_ONLY
12719,MAPPED
12870,MAPPED
15541,MAPPED
15912,EVIDENCE_GAP_ONLY
15949,MAPPED
15964,MAPPED
16417,MAPPED
16726,EVIDENCE_GAP_ONLY
16804,MAPPED
16920,MAPPED
17635,MAPPED
18606,MAPPED
6887,MAPPED
6888,MAPPED
6895,MAPPED
6896,EVIDENCE_GAP_ONLY
6897,MAPPED
6957,EVIDENCE_GAP_ONLY
16333,EVIDENCE_GAP_ONLY
16334,MAPPED
16335,MAPPED
16336,MAPPED
16337,MAPPED
16338,MAPPED
10470,MAPPED
10471,MAPPED
10472,MAPPED
10477,MAPPED
10478,MAPPED
11831,MAPPED
11832,MAPPED
11833,MAPPED
12137,EVIDENCE_GAP_ONLY
12150,MAPPED
12598,MAPPED
12830,EVIDENCE_GAP_ONLY
13801,MAPPED
14564,MAPPED
14959,MAPPED
17365,EVIDENCE_GAP_ONLY
17615,MAPPED
11834,MAPPED
11835,EVIDENCE_GAP_ONLY
11836,EVIDENCE_GAP_ONLY
11837,MAPPED
11838,MAPPED
11858,MAPPED
12151,MAPPED
12786,EVIDENCE_GAP_ONLY
14961,MAPPED
15525,MAPPED
16024,MAPPED
16228,MAPPED
12932,MAPPED
12933,MAPPED
12934,MAPPED
5980,MAPPED
5981,MAPPED
5982,MAPPED
5983,MAPPED
5984,MAPPED
5985,MAPPED
5986,MAPPED
5987,MAPPED
5988,MAPPED
5989,MAPPED
5990,MAPPED
5991,MAPPED
5992,EVIDENCE_GAP_ONLY
5993,MAPPED
5994,MAPPED
5995,MAPPED
6041,MAPPED
6042,MAPPED
6044,MAPPED
11203,MAPPED
13103,MAPPED
17141,MAPPED
16635,MAPPED
16636,MAPPED
16637,MAPPED
16638,EVIDENCE_GAP_ONLY
16776,EVIDENCE_GAP_ONLY
16937,EVIDENCE_GAP_ONLY
6490,MAPPED
6491,MAPPED
6492,MAPPED
6493,MAPPED
6494,MAPPED
6495,MAPPED
6498,MAPPED
6500,EVIDENCE_GAP_ONLY
6501,MAPPED
6502,EVIDENCE_GAP_ONLY
9195,MAPPED
9840,MAPPED
12485,EVIDENCE_GAP_ONLY
12486,EVIDENCE_GAP_ONLY
16057,MAPPED
16912,MAPPED
16913,MAPPED
13119,MAPPED
13124,MAPPED
13125,MAPPED
13126,MAPPED
14889,MAPPED
11672,MAPPED
11673,MAPPED
11674,MAPPED
11675,MAPPED
11676,MAPPED
11677,MAPPED
11678,EVIDENCE_GAP_ONLY
11679,EVIDENCE_GAP_ONLY
11680,MAPPED
13474,MAPPED
14029,MAPPED
14833,MAPPED
15662,MAPPED
16939,MAPPED
14738,MAPPED
14739,EVIDENCE_GAP_ONLY
14740,MAPPED
6210,MAPPED
6214,MAPPED
6215,MAPPED
6216,MAPPED
6217,MAPPED
12885,MAPPED
13182,MAPPED
15300,MAPPED
7968,MAPPED
8008,MAPPED
8009,MAPPED
14763,MAPPED
12241,MAPPED
12242,MAPPED
13151,MAPPED
14699,MAPPED
17884,MAPPED
17885,MAPPED
17887,MAPPED
17888,MAPPED
17889,EVIDENCE_GAP_ONLY
17890,MAPPED
17891,MAPPED
17892,MAPPED
18016,EVIDENCE_GAP_ONLY
13571,MAPPED
13572,EVIDENCE_GAP_ONLY
13594,EVIDENCE_GAP_ONLY
14587,MAPPED
16351,EVIDENCE_GAP_ONLY
7975,MAPPED
8014,MAPPED
8071,MAPPED
12637,MAPPED
12650,EVIDENCE_GAP_ONLY
14038,MAPPED
16130,EVIDENCE_GAP_ONLY
16131,EVIDENCE_GAP_ONLY
16132,MAPPED
10790,EVIDENCE_GAP_ONLY
10791,EVIDENCE_GAP_ONLY
10792,MAPPED
10793,EVIDENCE_GAP_ONLY
10817,MAPPED
16000,MAPPED
16059,MAPPED
7534,EVIDENCE_GAP_ONLY
7535,MAPPED
7536,MAPPED
15065,MAPPED
17601,EVIDENCE_GAP_ONLY
16657,MAPPED
16659,MAPPED
16690,EVIDENCE_GAP_ONLY
16835,MAPPED
11496,EVIDENCE_GAP_ONLY
11498,MAPPED
11499,MAPPED
11500,MAPPED
11501,EVIDENCE_GAP_ONLY
11502,MAPPED
11503,MAPPED
11504,EVIDENCE_GAP_ONLY
11505,MAPPED
11506,MAPPED
13140,EVIDENCE_GAP_ONLY
13141,MAPPED
13389,EVIDENCE_GAP_ONLY
13711,MAPPED
13989,MAPPED
14562,MAPPED
15794,EVIDENCE_GAP_ONLY
17329,EVIDENCE_GAP_ONLY
10042,MAPPED
10043,MAPPED
10044,MAPPED
10045,MAPPED
10046,MAPPED
10047,MAPPED
11201,MAPPED
14618,MAPPED
14665,MAPPED
15113,MAPPED
17636,MAPPED
1864,EVIDENCE_GAP_ONLY
1865,MAPPED
1866,EVIDENCE_GAP_ONLY
1868,MAPPED
1869,MAPPED
15910,MAPPED
15911,MAPPED
17456,MAPPED
17457,MAPPED
17494,EVIDENCE_GAP_ONLY
17619,MAPPED
9177,EVIDENCE_GAP_ONLY
9178,EVIDENCE_GAP_ONLY
9179,MAPPED
9180,EVIDENCE_GAP_ONLY
9181,EVIDENCE_GAP_ONLY
9182,MAPPED
9183,MAPPED
9184,MAPPED
9185,EVIDENCE_GAP_ONLY
16502,EVIDENCE_GAP_ONLY
18759,EVIDENCE_GAP_ONLY
10344,EVIDENCE_GAP_ONLY
10345,EVIDENCE_GAP_ONLY
10346,EVIDENCE_GAP_ONLY
11200,EVIDENCE_GAP_ONLY
13223,EVIDENCE_GAP_ONLY
14441,MAPPED
14442,MAPPED
14443,MAPPED
14444,EVIDENCE_GAP_ONLY
15750,MAPPED
14080,MAPPED
14081,MAPPED
14082,MAPPED
14083,MAPPED
14084,EVIDENCE_GAP_ONLY
14085,MAPPED
14086,MAPPED
14147,MAPPED
14198,EVIDENCE_GAP_ONLY
14199,MAPPED
14201,EVIDENCE_GAP_ONLY
14310,MAPPED
14368,EVIDENCE_GAP_ONLY
14501,MAPPED
14541,MAPPED
14550,MAPPED
14655,MAPPED
14656,MAPPED
14671,MAPPED
14672,MAPPED
14673,MAPPED
15041,EVIDENCE_GAP_ONLY
15114,MAPPED
15238,MAPPED
16143,MAPPED
16640,MAPPED
17163,MAPPED
17165,MAPPED
17228,MAPPED
17458,MAPPED
18326,MAPPED
18676,MAPPED
10330,MAPPED
10331,MAPPED
10332,MAPPED
10333,MAPPED
15398,MAPPED
12152,EVIDENCE_GAP_ONLY
12153,MAPPED
12154,MAPPED
12155,MAPPED
12156,EVIDENCE_GAP_ONLY
12157,MAPPED
12158,MAPPED
12871,MAPPED
12872,MAPPED
13139,MAPPED
13190,MAPPED
13979,MAPPED
14660,MAPPED
16435,MAPPED
16436,MAPPED
16944,MAPPED
16945,EVIDENCE_GAP_ONLY
16946,EVIDENCE_GAP_ONLY
16947,EVIDENCE_GAP_ONLY
16949,EVIDENCE_GAP_ONLY
16950,EVIDENCE_GAP_ONLY
16951,EVIDENCE_GAP_ONLY
16952,MAPPED
16976,MAPPED
17363,MAPPED
13972,MAPPED
13973,MAPPED
13974,MAPPED
13975,EVIDENCE_GAP_ONLY
14232,EVIDENCE_GAP_ONLY
14233,EVIDENCE_GAP_ONLY
14234,EVIDENCE_GAP_ONLY
14236,EVIDENCE_GAP_ONLY
15606,MAPPED
15610,MAPPED
12336,EVIDENCE_GAP_ONLY
12338,EVIDENCE_GAP_ONLY
12339,EVIDENCE_GAP_ONLY
12340,EVIDENCE_GAP_ONLY
12349,EVIDENCE_GAP_ONLY
14261,EVIDENCE_GAP_ONLY
13343,MAPPED
13344,MAPPED
13346,MAPPED
13347,MAPPED
13348,MAPPED
13349,MAPPED
13352,MAPPED
13353,MAPPED
14567,MAPPED
5065,MAPPED
5066,EVIDENCE_GAP_ONLY
5067,MAPPED
5068,EVIDENCE_GAP_ONLY
5069,MAPPED
5070,MAPPED
5071,MAPPED
5072,MAPPED
5073,MAPPED
5074,MAPPED
5190,MAPPED
5210,MAPPED
5211,MAPPED
5212,MAPPED
5213,EVIDENCE_GAP_ONLY
5214,EVIDENCE_GAP_ONLY
5215,EVIDENCE_GAP_ONLY
5216,EVIDENCE_GAP_ONLY
5217,MAPPED
5218,EVIDENCE_GAP_ONLY
5219,EVIDENCE_GAP_ONLY
5256,MAPPED
5421,MAPPED
13320,MAPPED
14897,MAPPED
17372,MAPPED
1960,MAPPED
1961,MAPPED
1962,MAPPED
1963,MAPPED
1964,MAPPED
1965,MAPPED
1966,MAPPED
1967,MAPPED
1968,MAPPED
1969,MAPPED
1970,MAPPED
1972,MAPPED
1973,MAPPED
1974,MAPPED
1975,MAPPED
1976,MAPPED
1977,MAPPED
1978,MAPPED
1979,MAPPED
2060,MAPPED
2061,MAPPED
2062,MAPPED
2063,MAPPED
2064,MAPPED
2065,MAPPED
2066,MAPPED
2067,NO_ARABIC_EQUIVALENT
2068,MAPPED
2069,MAPPED
2070,MAPPED
2071,MAPPED
2072,MAPPED
2073,MAPPED
2074,MAPPED
2075,MAPPED
2076,MAPPED
5610,MAPPED
8423,MAPPED
15116,MAPPED
15615,MAPPED
15634,MAPPED
15635,MAPPED
17255,MAPPED
17262,MAPPED
18481,MAPPED
18482,MAPPED
16320,EVIDENCE_GAP_ONLY
16332,MAPPED
13517,MAPPED
13518,MAPPED
13519,MAPPED
13520,MAPPED
13521,MAPPED
13850,EVIDENCE_GAP_ONLY
13851,MAPPED
13852,MAPPED
16358,EVIDENCE_GAP_ONLY
8094,EVIDENCE_GAP_ONLY
8095,MAPPED
8096,EVIDENCE_GAP_ONLY
8097,MAPPED
8098,EVIDENCE_GAP_ONLY
8099,EVIDENCE_GAP_ONLY
8100,EVIDENCE_GAP_ONLY
8102,MAPPED
8114,MAPPED
8119,EVIDENCE_GAP_ONLY
15332,MAPPED
15801,MAPPED
6712,MAPPED
6713,MAPPED
6715,MAPPED
6716,MAPPED
9154,MAPPED
9155,MAPPED
10555,MAPPED
10647,MAPPED
10664,MAPPED
10887,MAPPED
10888,MAPPED
10919,MAPPED
11818,MAPPED
11824,MAPPED
11825,MAPPED
12620,EVIDENCE_GAP_ONLY
13287,MAPPED
14034,MAPPED
14035,MAPPED
14036,MAPPED
14087,MAPPED
14089,MAPPED
14090,MAPPED
14091,MAPPED
14176,MAPPED
14528,MAPPED
14573,MAPPED
14602,MAPPED
16461,MAPPED
17643,MAPPED
18381,MAPPED
18667,MAPPED
15518,MAPPED
15519,MAPPED
16371,MAPPED
17652,MAPPED
17653,MAPPED
17654,MAPPED
17655,MAPPED
15322,EVIDENCE_GAP_ONLY
15323,EVIDENCE_GAP_ONLY
15324,MAPPED
15325,EVIDENCE_GAP_ONLY
15326,MAPPED
15327,EVIDENCE_GAP_ONLY
17007,MAPPED
17008,MAPPED
6534,MAPPED
6535,EVIDENCE_GAP_ONLY
6536,MAPPED
6537,MAPPED
6538,MAPPED
6539,MAPPED
6541,MAPPED
6542,EVIDENCE_GAP_ONLY
6543,MAPPED
6544,MAPPED
6545,MAPPED
8904,EVIDENCE_GAP_ONLY
10001,MAPPED
13393,EVIDENCE_GAP_ONLY
13394,EVIDENCE_GAP_ONLY
17100,EVIDENCE_GAP_ONLY
14186,EVIDENCE_GAP_ONLY
14187,EVIDENCE_GAP_ONLY
14188,MAPPED
14189,EVIDENCE_GAP_ONLY
14190,EVIDENCE_GAP_ONLY
14191,MAPPED
14192,MAPPED
14193,MAPPED
14825,MAPPED
10751,MAPPED
10752,MAPPED
10753,MAPPED
10754,MAPPED
10755,MAPPED
10756,MAPPED
10813,MAPPED
11593,MAPPED
18224,MAPPED
18251,MAPPED
10392,MAPPED
10393,EVIDENCE_GAP_ONLY
10845,MAPPED
12922,MAPPED
12923,MAPPED
16580,MAPPED
16581,MAPPED
16639,MAPPED
16406,MAPPED
16428,MAPPED
5957,MAPPED
5958,MAPPED
5959,MAPPED
5960,MAPPED
5961,MAPPED
5962,MAPPED
5963,MAPPED
5964,MAPPED
5965,EVIDENCE_GAP_ONLY
5966,MAPPED
6059,MAPPED
6060,EVIDENCE_GAP_ONLY
6061,EVIDENCE_GAP_ONLY
6062,EVIDENCE_GAP_ONLY
6063,MAPPED
6064,MAPPED
7527,MAPPED
13976,NO_ARABIC_EQUIVALENT
15204,EVIDENCE_GAP_ONLY
15212,MAPPED
11517,EVIDENCE_GAP_ONLY
11522,MAPPED
11526,EVIDENCE_GAP_ONLY
11533,MAPPED
11534,MAPPED
11535,EVIDENCE_GAP_ONLY
11536,MAPPED
11540,EVIDENCE_GAP_ONLY
11541,EVIDENCE_GAP_ONLY
12873,MAPPED
12878,MAPPED
12893,MAPPED
12982,MAPPED
12983,MAPPED
17160,EVIDENCE_GAP_ONLY
17161,MAPPED
17162,EVIDENCE_GAP_ONLY
13942,MAPPED
13943,MAPPED
13944,MAPPED
13946,MAPPED
13947,MAPPED
13948,MAPPED
13949,MAPPED
13950,MAPPED
8820,MAPPED
8830,MAPPED
16410,MAPPED
16568,MAPPED
13161,MAPPED
13166,MAPPED
13167,EVIDENCE_GAP_ONLY
13168,MAPPED
13169,MAPPED
13171,MAPPED
13172,MAPPED
13550,EVIDENCE_GAP_ONLY
13705,MAPPED
14696,EVIDENCE_GAP_ONLY
9131,EVIDENCE_GAP_ONLY
15921,EVIDENCE_GAP_ONLY
15924,EVIDENCE_GAP_ONLY
15925,EVIDENCE_GAP_ONLY
15562,EVIDENCE_GAP_ONLY
15564,EVIDENCE_GAP_ONLY
15565,MAPPED
2555,MAPPED
2556,MAPPED
2557,EVIDENCE_GAP_ONLY
2559,EVIDENCE_GAP_ONLY
2560,MAPPED
2561,MAPPED
2562,MAPPED
2563,EVIDENCE_GAP_ONLY
2565,NO_ARABIC_EQUIVALENT
2566,EVIDENCE_GAP_ONLY
2645,NO_ARABIC_EQUIVALENT
7718,EVIDENCE_GAP_ONLY
7820,MAPPED
10121,MAPPED
10604,MAPPED
10606,MAPPED
10607,MAPPED
10608,MAPPED
10609,MAPPED
10884,MAPPED
11198,EVIDENCE_GAP_ONLY
15960,MAPPED
16644,EVIDENCE_GAP_ONLY
16897,MAPPED
16900,MAPPED
16967,MAPPED
18607,MAPPED
10691,MAPPED
10692,MAPPED
10693,MAPPED
10750,MAPPED
11442,EVIDENCE_GAP_ONLY
11443,EVIDENCE_GAP_ONLY
11444,MAPPED
12295,MAPPED
12296,EVIDENCE_GAP_ONLY
13477,MAPPED
13789,MAPPED
10802,MAPPED
10803,MAPPED
10804,MAPPED
12887,EVIDENCE_GAP_ONLY
12888,MAPPED
12960,MAPPED
13811,MAPPED
13821,EVIDENCE_GAP_ONLY
13822,EVIDENCE_GAP_ONLY
14022,MAPPED
18229,MAPPED
18225,EVIDENCE_GAP_ONLY
18226,EVIDENCE_GAP_ONLY
18227,EVIDENCE_GAP_ONLY
18228,EVIDENCE_GAP_ONLY
18230,EVIDENCE_GAP_ONLY
18231,EVIDENCE_GAP_ONLY
18232,EVIDENCE_GAP_ONLY
18233,EVIDENCE_GAP_ONLY
18234,EVIDENCE_GAP_ONLY
18235,EVIDENCE_GAP_ONLY
18236,EVIDENCE_GAP_ONLY
18250,MAPPED
13135,EVIDENCE_GAP_ONLY
18203,MAPPED
10963,MAPPED
10964,MAPPED
10965,MAPPED
10985,MAPPED
10988,MAPPED
10989,MAPPED
10990,MAPPED
10991,MAPPED
10994,MAPPED
10996,MAPPED
12623,MAPPED
12624,MAPPED
12877,MAPPED
5315,EVIDENCE_GAP_ONLY
5659,MAPPED
5666,MAPPED
18518,EVIDENCE_GAP_ONLY
12341,MAPPED
12342,MAPPED
12343,MAPPED
12344,MAPPED
12345,MAPPED
13286,MAPPED
9110,EVIDENCE_GAP_ONLY
9194,MAPPED
9273,MAPPED
9276,EVIDENCE_GAP_ONLY
9277,EVIDENCE_GAP_ONLY
9278,MAPPED
9279,MAPPED
9280,MAPPED
9281,MAPPED
9282,EVIDENCE_GAP_ONLY
9283,MAPPED
9286,MAPPED
9287,NO_ARABIC_EQUIVALENT
9288,NO_ARABIC_EQUIVALENT
11624,MAPPED
11625,MAPPED
13424,MAPPED
13426,EVIDENCE_GAP_ONLY
13827,EVIDENCE_GAP_ONLY
13835,MAPPED
14523,NO_ARABIC_EQUIVALENT
14629,EVIDENCE_GAP_ONLY
17041,MAPPED
10619,EVIDENCE_GAP_ONLY
10620,MAPPED
10622,EVIDENCE_GAP_ONLY
10624,MAPPED
11447,EVIDENCE_GAP_ONLY
11460,EVIDENCE_GAP_ONLY
11697,EVIDENCE_GAP_ONLY
11714,MAPPED
11715,MAPPED
11723,EVIDENCE_GAP_ONLY
12617,EVIDENCE_GAP_ONLY
13402,MAPPED
16124,MAPPED
16222,MAPPED
16289,MAPPED
7808,MAPPED
7809,EVIDENCE_GAP_ONLY
7833,EVIDENCE_GAP_ONLY
7834,MAPPED
7835,MAPPED
7836,EVIDENCE_GAP_ONLY
7837,EVIDENCE_GAP_ONLY
8140,MAPPED
8141,MAPPED
8142,MAPPED
8143,MAPPED
8144,MAPPED
8145,MAPPED
8147,EVIDENCE_GAP_ONLY
8148,MAPPED
8149,MAPPED
8150,MAPPED
8151,EVIDENCE_GAP_ONLY
8152,MAPPED
8153,MAPPED
8154,MAPPED
8155,EVIDENCE_GAP_ONLY
8156,MAPPED
8157,MAPPED
8158,EVIDENCE_GAP_ONLY
8159,MAPPED
8160,MAPPED
8161,MAPPED
8162,MAPPED
8163,MAPPED
8164,MAPPED
8165,MAPPED
8166,MAPPED
8167,MAPPED
8168,MAPPED
8169,MAPPED
13131,MAPPED
13374,MAPPED
14730,MAPPED
15379,MAPPED
16501,MAPPED
16527,MAPPED
16534,EVIDENCE_GAP_ONLY
16790,MAPPED
16800,MAPPED
17433,EVIDENCE_GAP_ONLY
16535,MAPPED
16573,MAPPED
16714,MAPPED
16574,MAPPED
16575,MAPPED
16576,MAPPED
16099,MAPPED
16100,MAPPED
16101,MAPPED
16102,EVIDENCE_GAP_ONLY
16103,EVIDENCE_GAP_ONLY
16104,EVIDENCE_GAP_ONLY
16105,MAPPED
16106,EVIDENCE_GAP_ONLY
16107,MAPPED
16108,MAPPED
16170,EVIDENCE_GAP_ONLY
16792,MAPPED
6172,EVIDENCE_GAP_ONLY
6173,MAPPED
6174,MAPPED
6176,EVIDENCE_GAP_ONLY
6177,MAPPED
6178,MAPPED
6180,EVIDENCE_GAP_ONLY
6181,EVIDENCE_GAP_ONLY
6183,EVIDENCE_GAP_ONLY
8315,EVIDENCE_GAP_ONLY
8316,MAPPED
8317,EVIDENCE_GAP_ONLY
11041,MAPPED
11042,EVIDENCE_GAP_ONLY
11043,EVIDENCE_GAP_ONLY
11044,EVIDENCE_GAP_ONLY
11421,EVIDENCE_GAP_ONLY
12562,EVIDENCE_GAP_ONLY
13395,EVIDENCE_GAP_ONLY
13941,EVIDENCE_GAP_ONLY
14651,EVIDENCE_GAP_ONLY
16747,MAPPED
18680,MAPPED
14460,MAPPED
14461,MAPPED
14463,MAPPED
14464,MAPPED
14468,MAPPED
14469,EVIDENCE_GAP_ONLY
16739,MAPPED
16740,MAPPED
16813,EVIDENCE_GAP_ONLY
16814,MAPPED
16815,MAPPED
14215,MAPPED
14216,MAPPED
14224,MAPPED
14405,MAPPED
14630,MAPPED
13671,EVIDENCE_GAP_ONLY
13672,EVIDENCE_GAP_ONLY
15821,EVIDENCE_GAP_ONLY
759,EVIDENCE_GAP_ONLY
760,MAPPED
761,MAPPED
762,MAPPED
763,EVIDENCE_GAP_ONLY
764,EVIDENCE_GAP_ONLY
765,MAPPED
5220,MAPPED
5221,MAPPED
5222,MAPPED
5223,MAPPED
5224,MAPPED
5225,MAPPED
5226,EVIDENCE_GAP_ONLY
5227,EVIDENCE_GAP_ONLY
5228,EVIDENCE_GAP_ONLY
5229,MAPPED
5230,MAPPED
5231,MAPPED
5232,MAPPED
5233,MAPPED
5234,MAPPED
5235,MAPPED
5236,EVIDENCE_GAP_ONLY
6935,EVIDENCE_GAP_ONLY
10842,EVIDENCE_GAP_ONLY
15391,MAPPED
15665,MAPPED
15666,MAPPED
17214,MAPPED
12449,MAPPED
18413,MAPPED
5375,EVIDENCE_GAP_ONLY
6926,MAPPED
6927,MAPPED
6928,MAPPED
9130,MAPPED
12099,MAPPED
15503,MAPPED
8661,EVIDENCE_GAP_ONLY
17042,EVIDENCE_GAP_ONLY
17043,EVIDENCE_GAP_ONLY
17044,MAPPED
17045,MAPPED
12505,MAPPED
12506,MAPPED
12507,MAPPED
12508,MAPPED
12509,MAPPED
12874,MAPPED
1794,MAPPED
1795,MAPPED
1796,MAPPED
1797,MAPPED
1798,MAPPED
1799,MAPPED
1800,MAPPED
1801,MAPPED
1802,EVIDENCE_GAP_ONLY
1803,MAPPED
1804,MAPPED
10302,MAPPED
13786,MAPPED
5688,EVIDENCE_GAP_ONLY
5689,EVIDENCE_GAP_ONLY
5690,MAPPED
5691,EVIDENCE_GAP_ONLY
5692,EVIDENCE_GAP_ONLY
5693,MAPPED
5694,MAPPED
5695,MAPPED
5696,MAPPED
13476,MAPPED
13818,MAPPED
13834,NO_ARABIC_EQUIVALENT
14208,MAPPED
15351,MAPPED
12799,MAPPED
12800,MAPPED
12801,MAPPED
12802,MAPPED
12803,MAPPED
12804,EVIDENCE_GAP_ONLY
12805,MAPPED
12806,EVIDENCE_GAP_ONLY
15885,EVIDENCE_GAP_ONLY
15119,MAPPED
12297,MAPPED
12298,MAPPED
12346,MAPPED
12348,MAPPED
13459,EVIDENCE_GAP_ONLY
12138,MAPPED
7474,MAPPED
7475,MAPPED
7476,EVIDENCE_GAP_ONLY
7477,MAPPED
7491,EVIDENCE_GAP_ONLY
7492,MAPPED
7493,EVIDENCE_GAP_ONLY
7494,MAPPED
7495,MAPPED
7496,EVIDENCE_GAP_ONLY
7497,EVIDENCE_GAP_ONLY
7498,EVIDENCE_GAP_ONLY
7517,EVIDENCE_GAP_ONLY
7519,MAPPED
14000,EVIDENCE_GAP_ONLY
14001,EVIDENCE_GAP_ONLY
14003,EVIDENCE_GAP_ONLY
14005,EVIDENCE_GAP_ONLY
16474,EVIDENCE_GAP_ONLY
16475,EVIDENCE_GAP_ONLY
16476,EVIDENCE_GAP_ONLY
