root,key,file,المحكم — المعاني,مقاييس — المحور,مقاييس — النص,الأساس — المجاز
أبأ,ءبء,01-أ.xlsx,,,,
أبب,ءبب,01-أ.xlsx,1,,,
أبت,ءبت,01-أ.xlsx,1,1,1,
أبث,ءبث,01-أ.xlsx,1,,,
ءبخ,ءبخ,01-أ.xlsx,1,,,
أبد,ءبد,01-أ.xlsx,1,1,1,1
أبر,ءبر,01-أ.xlsx,1,1,1,1
أبز,ءبز,01-أ.xlsx,1,1,1,
أبس,ءبس,01-أ.xlsx,1,1,1,
أبش,ءبش,01-أ.xlsx,1,,1,
أبص,ءبص,01-أ.xlsx,1,,,
أبض,ءبض,01-أ.xlsx,1,1,1,
أبط,ءبط,01-أ.xlsx,1,1,1,1
أبغ,ءبغ,01-أ.xlsx,,,,
أبق,ءبق,01-أ.xlsx,1,1,1,
أبك,ءبك,01-أ.xlsx,,1,1,
أبل,ءبل,01-أ.xlsx,1,1,1,1
أبن,ءبن,01-أ.xlsx,1,1,1,1
أبه,ءبه,01-أ.xlsx,1,1,1,
أبو,ءبو,01-أ.xlsx,1,1,1,
أبي,ءبي,01-أ.xlsx,1,1,1,1
أتب,ءتب,01-أ.xlsx,1,1,1,1
أتت,ءتت,01-أ.xlsx,,,,
أتر,ءتر,01-أ.xlsx,1,,,
أتل,ءتل,01-أ.xlsx,1,1,1,
أتم,ءتم,01-أ.xlsx,1,1,1,
أتن,ءتن,01-أ.xlsx,1,1,1,
أته,ءته,01-أ.xlsx,,,1,
أتو,ءتو,01-أ.xlsx,1,1,1,
أتي,ءتي,01-أ.xlsx,1,,,
أثأ,ءثء,01-أ.xlsx,1,,,
أثب,ءثب,01-أ.xlsx,1,,,
أثث,ءثث,01-أ.xlsx,1,,,
أثر,ءثر,01-أ.xlsx,1,1,1,
أثف,ءثف,01-أ.xlsx,1,1,1,1
أثل,ءثل,01-أ.xlsx,1,1,1,
أثم,ءثم,01-أ.xlsx,1,1,1,
أثن,ءثن,01-أ.xlsx,1,,1,
أثو,ءثو,01-أ.xlsx,1,,1,
أثي,ءثي,01-أ.xlsx,1,,1,
أجأ,ءجء,01-أ.xlsx,1,,,
أجج,ءجج,01-أ.xlsx,1,1,1,1
أجد,ءجد,01-أ.xlsx,1,1,1,
أجر,ءجر,01-أ.xlsx,1,1,1,
أجز,ءجز,01-أ.xlsx,1,,,
أجص,ءجص,01-أ.xlsx,1,,1,
أجل,ءجل,01-أ.xlsx,1,,,
أجم,ءجم,01-أ.xlsx,1,,1,
أجن,ءجن,01-أ.xlsx,1,,1,
أحح,ءحح,01-أ.xlsx,,,,
أحد,ءحد,01-أ.xlsx,1,,1,
أحظ,ءحظ,01-أ.xlsx,1,,,
أحن,ءحن,01-أ.xlsx,1,,1,
أخد,ءخد,01-أ.xlsx,,,,
أخذ,ءخذ,01-أ.xlsx,1,1,1,
أخر,ءخر,01-أ.xlsx,1,1,1,
ءخن,ءخن,01-أ.xlsx,1,,,
أخو,ءخو,01-أ.xlsx,1,,1,1
أدب,ءدب,01-أ.xlsx,1,1,1,1
أدد,ءدد,01-أ.xlsx,1,1,1,
أدر,ءدر,01-أ.xlsx,1,,1,
أدف,ءدف,01-أ.xlsx,1,,,
أدل,ءدل,01-أ.xlsx,1,1,1,
أدم,ءدم,01-أ.xlsx,1,1,1,1
أدو,ءدو,01-أ.xlsx,1,,1,
أدي,ءدي,01-أ.xlsx,1,,,1
أذج,ءذج,01-أ.xlsx,,,,
أذذ,ءذذ,01-أ.xlsx,1,,1,
أذن,ءذن,01-أ.xlsx,1,1,1,1
أذي,ءذي,01-أ.xlsx,1,1,1,
أرب,ءرب,01-أ.xlsx,1,1,1,1
أرت,ءرت,01-أ.xlsx,,,,
أرث,ءرث,01-أ.xlsx,1,1,1,
أرج,ءرج,01-أ.xlsx,1,,1,
أرخ,ءرخ,01-أ.xlsx,1,,1,
أرر,ءرر,01-أ.xlsx,1,,,
أرز,ءرز,01-أ.xlsx,1,1,1,1
أرس,ءرس,01-أ.xlsx,1,,1,
أرش,ءرش,01-أ.xlsx,1,,1,
أرض,ءرض,01-أ.xlsx,1,1,1,1
أرط,ءرط,01-أ.xlsx,1,,1,
أرف,ءرف,01-أ.xlsx,1,,1,
أرق,ءرق,01-أ.xlsx,1,1,1,
أرك,ءرك,01-أ.xlsx,1,1,1,
أرل,ءرل,01-أ.xlsx,1,,,
أرم,ءرم,01-أ.xlsx,1,1,1,
أرن,ءرن,01-أ.xlsx,1,1,1,
أري,ءري,01-أ.xlsx,1,,,1
أزب,ءزب,01-أ.xlsx,1,1,1,
أزج,ءزج,01-أ.xlsx,1,,,
أزح,ءزح,01-أ.xlsx,1,,1,
ءزخ,ءزخ,01-أ.xlsx,1,,,
أزد,ءزد,01-أ.xlsx,,,,
أزر,ءزر,01-أ.xlsx,1,1,1,1
أزز,ءزز,01-أ.xlsx,1,1,1,1
أزف,ءزف,01-أ.xlsx,1,1,1,1
أزق,ءزق,01-أ.xlsx,1,1,1,
أزل,ءزل,01-أ.xlsx,1,1,1,
أزم,ءزم,01-أ.xlsx,1,1,1,1
أزو,ءزو,01-أ.xlsx,1,,,
أزي,ءزي,01-أ.xlsx,1,,1,
أسب,ءسب,01-أ.xlsx,1,,,
أست,ءست,01-أ.xlsx,,,,
أسد,ءسد,01-أ.xlsx,,1,1,1
أسر,ءسر,01-أ.xlsx,1,1,1,1
أسس,ءسس,01-أ.xlsx,1,1,1,1
أسف,ءسف,01-أ.xlsx,,1,1,1
أسك,ءسك,01-أ.xlsx,1,,1,
أسل,ءسل,01-أ.xlsx,1,1,1,
أسم,ءسم,01-أ.xlsx,1,,1,
أسن,ءسن,01-أ.xlsx,1,1,1,
أسو,ءسو,01-أ.xlsx,1,1,1,1
أسي,ءسي,01-أ.xlsx,1,,1,
أشأ,ءشء,01-أ.xlsx,,,,
أشب,ءشب,01-أ.xlsx,1,1,1,1
أشج,ءشج,01-أ.xlsx,1,,,
أشر,ءشر,01-أ.xlsx,1,1,1,1
أشش,ءشش,01-أ.xlsx,1,1,1,
أشف,ءشف,01-أ.xlsx,,,1,
أشل,ءشل,01-أ.xlsx,,,,
أشي,ءشي,01-أ.xlsx,1,,1,
أصد,ءصد,01-أ.xlsx,1,,1,
أصر,ءصر,01-أ.xlsx,1,1,1,
أصص,ءصص,01-أ.xlsx,1,1,1,
أصف,ءصف,01-أ.xlsx,1,,,
أصل,ءصل,01-أ.xlsx,1,1,1,
أصي,ءصي,01-أ.xlsx,1,,,
ءضخ,ءضخ,01-أ.xlsx,1,,,
أضض,ءضض,01-أ.xlsx,1,,,
أضم,ءضم,01-أ.xlsx,1,1,1,
أضو,ءضو,01-أ.xlsx,,,1,
أضي,ءضي,01-أ.xlsx,,,1,
أطد,ءطد,01-أ.xlsx,1,,,
أطر,ءطر,01-أ.xlsx,1,1,1,1
أطط,ءطط,01-أ.xlsx,1,,,1
أطل,ءطل,01-أ.xlsx,1,1,1,
أطم,ءطم,01-أ.xlsx,1,1,1,1
أغي,ءغي,01-أ.xlsx,1,,,
أفت,ءفت,01-أ.xlsx,1,,,
أفح,ءفح,01-أ.xlsx,1,,,
ءفخ,ءفخ,01-أ.xlsx,1,,,
أفد,ءفد,01-أ.xlsx,1,1,1,
أفر,ءفر,01-أ.xlsx,1,1,1,
أفف,ءفف,01-أ.xlsx,1,1,1,
أفق,ءفق,01-أ.xlsx,1,1,1,
أفك,ءفك,01-أ.xlsx,1,1,1,1
أفل,ءفل,01-أ.xlsx,1,1,1,
أفن,ءفن,01-أ.xlsx,1,1,1,
أقت,ءقت,01-أ.xlsx,,,,
أقر,ءقر,01-أ.xlsx,,,,
أقش,ءقش,01-أ.xlsx,1,,,
أقط,ءقط,01-أ.xlsx,,1,1,
أقن,ءقن,01-أ.xlsx,1,,1,
أقه,ءقه,01-أ.xlsx,1,,,
أكد,ءكد,01-أ.xlsx,1,,1,
أكر,ءكر,01-أ.xlsx,1,1,1,
أكف,ءكف,01-أ.xlsx,1,,1,
أكك,ءكك,01-أ.xlsx,1,,1,
أكل,ءكل,01-أ.xlsx,1,,1,1
أكم,ءكم,01-أ.xlsx,1,1,1,1
ألأ,ءلء,01-أ.xlsx,1,,,
ألب,ءلب,01-أ.xlsx,1,,1,
ألت,ءلت,01-أ.xlsx,1,,1,
ألخ,ءلخ,01-أ.xlsx,,,,
ألد,ءلد,01-أ.xlsx,1,,,
ألس,ءلس,01-أ.xlsx,1,,1,
ألف,ءلف,01-أ.xlsx,1,1,1,
ألق,ءلق,01-أ.xlsx,1,1,1,
ألك,ءلك,01-أ.xlsx,1,1,1,
ألل,ءلل,01-أ.xlsx,1,1,1,
ألم,ءلم,01-أ.xlsx,1,1,1,
أله,ءله,01-أ.xlsx,1,1,1,
ألو,ءلو,01-أ.xlsx,1,,1,
ألي,ءلي,01-أ.xlsx,1,,1,
أمت,ءمت,01-أ.xlsx,1,1,1,
أمج,ءمج,01-أ.xlsx,1,,,
أمح,ءمح,01-أ.xlsx,,,,
أمد,ءمد,01-أ.xlsx,1,,1,
أمر,ءمر,01-أ.xlsx,1,,1,1
أمس,ءمس,01-أ.xlsx,,,,
أمص,ءمص,01-أ.xlsx,1,,,
أمض,ءمض,01-أ.xlsx,1,,,
أمع,ءمع,01-أ.xlsx,,,1,
أمق,ءمق,01-أ.xlsx,1,,,
أمل,ءمل,01-أ.xlsx,1,1,1,
أمم,ءمم,01-أ.xlsx,1,,,1
أمن,ءمن,01-أ.xlsx,1,1,1,1
أمه,ءمه,01-أ.xlsx,1,,1,
أمو,ءمو,01-أ.xlsx,1,,1,
أمي,ءمي,01-أ.xlsx,1,,1,
أنب,ءنب,01-أ.xlsx,1,,1,
أنت,ءنت,01-أ.xlsx,1,,1,1
أنث,ءنث,01-أ.xlsx,1,,1,
أنح,ءنح,01-أ.xlsx,1,1,1,
أنس,ءنس,01-أ.xlsx,1,1,1,1
أنض,ءنض,01-أ.xlsx,1,,1,
أنف,ءنف,01-أ.xlsx,1,1,1,1
أنق,ءنق,01-أ.xlsx,1,1,1,1
أنك,ءنك,01-أ.xlsx,1,,1,
أنم,ءنم,01-أ.xlsx,1,,,
أنن,ءنن,01-أ.xlsx,1,1,1,
أنه,ءنه,01-أ.xlsx,1,,,
أني,ءني,01-أ.xlsx,1,,1,
أهب,ءهب,01-أ.xlsx,1,1,1,
أهر,ءهر,01-أ.xlsx,1,,1,
أهق,ءهق,01-أ.xlsx,1,,,
أهل,ءهل,01-أ.xlsx,1,1,1,
أهن,ءهن,01-أ.xlsx,1,,1,
أوأ,ءوء,01-أ.xlsx,1,,,
أوب,ءوب,01-أ.xlsx,1,1,1,
أود,ءود,01-أ.xlsx,1,1,1,1
أور,ءور,01-أ.xlsx,1,1,1,
أوز,ءوز,01-أ.xlsx,1,,,
أوس,ءوس,01-أ.xlsx,1,,1,
أوف,ءوف,01-أ.xlsx,1,,,
أوق,ءوق,01-أ.xlsx,1,1,1,
أول,ءول,01-أ.xlsx,1,1,1,1
أوم,ءوم,01-أ.xlsx,1,,,
أون,ءون,01-أ.xlsx,1,1,1,
أوه,ءوه,01-أ.xlsx,1,,1,
أوو,ءوو,01-أ.xlsx,1,,,
أوي,ءوي,01-أ.xlsx,1,1,1,
أيب,ءيب,01-أ.xlsx,,,,
أيح,ءيح,01-أ.xlsx,1,,,
أيد,ءيد,01-أ.xlsx,1,1,1,1
أير,ءير,01-أ.xlsx,1,,1,
أيس,ءيس,01-أ.xlsx,1,,1,
أيض,ءيض,01-أ.xlsx,1,1,1,
أيق,ءيق,01-أ.xlsx,1,,1,
أيك,ءيك,01-أ.xlsx,1,1,1,
أيل,ءيل,01-أ.xlsx,1,,,
أيم,ءيم,01-أ.xlsx,1,1,1,
أين,ءين,01-أ.xlsx,1,1,1,
أيه,ءيه,01-أ.xlsx,1,,1,
أيي,ءيي,01-أ.xlsx,1,1,1,
بأب,بءب,02-ب.xlsx,1,,,
بأبأ,بءبء,02-ب.xlsx,1,,,
بأج,بءج,02-ب.xlsx,1,,,
بأدل,بءدل,02-ب.xlsx,1,,,
بأر,بءر,02-ب.xlsx,1,,,
بأز,بءز,02-ب.xlsx,1,,,
بأس,بءس,02-ب.xlsx,1,,1,
بأل,بءل,02-ب.xlsx,1,,,
بأه,بءه,02-ب.xlsx,1,,,
بأو,بءو,02-ب.xlsx,1,,1,
ببب,ببب,02-ب.xlsx,,,,
ببر,ببر,02-ب.xlsx,1,,,
ببس,ببس,02-ب.xlsx,1,,,
بتأ,بتء,02-ب.xlsx,1,,,
بتت,بتت,02-ب.xlsx,1,,1,
بتر,بتر,02-ب.xlsx,1,1,1,
بتع,بتع,02-ب.xlsx,1,1,1,
بتك,بتك,02-ب.xlsx,1,1,1,
بتل,بتل,02-ب.xlsx,1,1,1,
بتم,بتم,02-ب.xlsx,1,,,
بثث,بثث,02-ب.xlsx,1,1,1,1
بثر,بثر,02-ب.xlsx,1,1,1,
بثط,بثط,02-ب.xlsx,1,,,
بثع,بثع,02-ب.xlsx,1,1,1,
بثق,بثق,02-ب.xlsx,1,1,1,1
بثن,بثن,02-ب.xlsx,1,1,1,
بثو,بثو,02-ب.xlsx,1,,1,
بجج,بجج,02-ب.xlsx,1,1,1,1
بجح,بجح,02-ب.xlsx,1,,1,
بجد,بجد,02-ب.xlsx,1,1,1,
بجر,بجر,02-ب.xlsx,1,1,1,1
بجرم,بجرم,02-ب.xlsx,1,,,
بجس,بجس,02-ب.xlsx,1,,1,
بجع,بجع,02-ب.xlsx,,,,
بجل,بجل,02-ب.xlsx,1,1,1,
بجم,بجم,02-ب.xlsx,1,1,1,
بحت,بحت,02-ب.xlsx,1,1,1,
بحتر,بحتر,02-ب.xlsx,,,,
بحث,بحث,02-ب.xlsx,,1,1,
بحثر,بحثر,02-ب.xlsx,,,,
بحح,بحح,02-ب.xlsx,1,1,1,1
بحدر,بحدر,02-ب.xlsx,,,,
بحدل,بحدل,02-ب.xlsx,,,,
بحر,بحر,02-ب.xlsx,1,,1,1
بحشل,بحشل,02-ب.xlsx,,,,
بحظل,بحظل,02-ب.xlsx,,,,
بحل,بحل,02-ب.xlsx,,,,
بحن,بحن,02-ب.xlsx,1,1,1,
بخت,بخت,02-ب.xlsx,1,,1,
بختر,بختر,02-ب.xlsx,,,,
بخثر,بخثر,02-ب.xlsx,,,,
بخخ,بخخ,02-ب.xlsx,1,,,
بخد,بخد,02-ب.xlsx,1,,1,
بخدج,بخدج,02-ب.xlsx,,,,
بخر,بخر,02-ب.xlsx,1,1,1,
بخز,بخز,02-ب.xlsx,,,,
بخس,بخس,02-ب.xlsx,1,1,1,
بخص,بخص,02-ب.xlsx,1,,1,
بخع,بخع,02-ب.xlsx,1,1,1,1
بخق,بخق,02-ب.xlsx,1,,1,
بخل,بخل,02-ب.xlsx,1,,1,1
بخن,بخن,02-ب.xlsx,1,,,
بخنق,بخنق,02-ب.xlsx,,,,
بخو,بخو,02-ب.xlsx,1,,1,
بدأ,بدء,02-ب.xlsx,1,,1,
بدج,بدج,02-ب.xlsx,,,,
بدح,بدح,02-ب.xlsx,1,,1,
بدخ,بدخ,02-ب.xlsx,1,,,1
بدد,بدد,02-ب.xlsx,1,1,1,1
بدر,بدر,02-ب.xlsx,1,1,1,
بدع,بدع,02-ب.xlsx,1,1,1,1
بدغ,بدغ,02-ب.xlsx,1,,1,
بدل,بدل,02-ب.xlsx,1,1,1,
بدن,بدن,02-ب.xlsx,1,1,1,
بده,بده,02-ب.xlsx,1,1,1,
بدو,بدو,02-ب.xlsx,1,1,1,
بدي,بدي,02-ب.xlsx,1,,,
بذأ,بذء,02-ب.xlsx,1,1,1,1
بذج,بذج,02-ب.xlsx,1,1,1,
بذح,بذح,02-ب.xlsx,1,1,1,
بذخ,بذخ,02-ب.xlsx,1,1,1,
بذذ,بذذ,02-ب.xlsx,1,1,1,
بذر,بذر,02-ب.xlsx,1,1,1,1
بذرج,بذرج,02-ب.xlsx,1,,,
بذرق,بذرق,02-ب.xlsx,,,,
بذع,بذع,02-ب.xlsx,1,,1,
بذعر,بذعر,02-ب.xlsx,,,,
بذقر,بذقر,02-ب.xlsx,,,,
بذل,بذل,02-ب.xlsx,1,,1,
بذم,بذم,02-ب.xlsx,1,,,1
بذو,بذو,02-ب.xlsx,1,,,
برأ,برء,02-ب.xlsx,1,,,
برأل,برءل,02-ب.xlsx,1,,,
بربخ,بربخ,02-ب.xlsx,,,,
بربس,بربس,02-ب.xlsx,,,,
بربط,بربط,02-ب.xlsx,1,,,
برت,برت,02-ب.xlsx,1,1,1,
برث,برث,02-ب.xlsx,1,1,1,
برثن,برثن,02-ب.xlsx,1,,,
برج,برج,02-ب.xlsx,1,1,1,
برجد,برجد,02-ب.xlsx,1,,,
برجس,برجس,02-ب.xlsx,1,,,
برجم,برجم,02-ب.xlsx,1,,,
برح,برح,02-ب.xlsx,1,1,1,1
برخ,برخ,02-ب.xlsx,1,1,1,
برد,برد,02-ب.xlsx,1,1,1,1
بردج,بردج,02-ب.xlsx,1,,,
بردس,بردس,02-ب.xlsx,1,,,
برذن,برذن,02-ب.xlsx,1,,,
برر,برر,02-ب.xlsx,1,,,1
برز,برز,02-ب.xlsx,1,1,1,
برزخ,برزخ,02-ب.xlsx,,,,
برزغ,برزغ,02-ب.xlsx,1,,,
برس,برس,02-ب.xlsx,1,1,1,
برسم,برسم,02-ب.xlsx,1,,,
برش,برش,02-ب.xlsx,1,,1,
برشع,برشع,02-ب.xlsx,,,,
برشم,برشم,02-ب.xlsx,,,,
برص,برص,02-ب.xlsx,1,1,1,1
برض,برض,02-ب.xlsx,1,1,1,1
برطس,برطس,02-ب.xlsx,,,,
برطل,برطل,02-ب.xlsx,1,,,
برطم,برطم,02-ب.xlsx,1,,,
برع,برع,02-ب.xlsx,1,1,1,
برعث,برعث,02-ب.xlsx,,,,
برعس,برعس,02-ب.xlsx,,,,
برعم,برعم,02-ب.xlsx,,,,
برغ,برغ,02-ب.xlsx,1,,,
برغث,برغث,02-ب.xlsx,1,,,
برغز,برغز,02-ب.xlsx,1,,,
برغش,برغش,02-ب.xlsx,1,,,
برغل,برغل,02-ب.xlsx,1,,,
برق,برق,02-ب.xlsx,1,,1,1
برقش,برقش,02-ب.xlsx,,,,
برقط,برقط,02-ب.xlsx,,,,
برقع,برقع,02-ب.xlsx,,,,
برقل,برقل,02-ب.xlsx,,,,
برك,برك,02-ب.xlsx,1,1,1,1
بركع,بركع,02-ب.xlsx,,,,
برم,برم,02-ب.xlsx,1,1,1,1
برن,برن,02-ب.xlsx,1,,,
برنج,برنج,02-ب.xlsx,1,,,
برند,برند,02-ب.xlsx,1,,,
برنس,برنس,02-ب.xlsx,1,,,
برنق,برنق,02-ب.xlsx,,,,
بره,بره,02-ب.xlsx,1,,,
برهم,برهم,02-ب.xlsx,,,,
برهن,برهن,02-ب.xlsx,,,,
برو,برو,02-ب.xlsx,1,,1,
بري,بري,02-ب.xlsx,1,,1,1
بزج,بزج,02-ب.xlsx,,,,
بزخ,بزخ,02-ب.xlsx,1,,1,1
بزر,بزر,02-ب.xlsx,1,1,1,1
بزز,بزز,02-ب.xlsx,1,,1,1
بزع,بزع,02-ب.xlsx,1,1,1,
بزغ,بزغ,02-ب.xlsx,1,1,1,
بزق,بزق,02-ب.xlsx,1,1,1,
بزل,بزل,02-ب.xlsx,1,1,1,1
بزم,بزم,02-ب.xlsx,1,1,1,
بزن,بزن,02-ب.xlsx,1,,,
بزو,بزو,02-ب.xlsx,1,1,1,
بسأ,بسء,02-ب.xlsx,1,1,1,
بست,بست,02-ب.xlsx,1,,,
بستج,بستج,02-ب.xlsx,,,,
بسر,بسر,02-ب.xlsx,1,1,1,1
بسس,بسس,02-ب.xlsx,1,1,1,1
بسط,بسط,02-ب.xlsx,1,1,1,1
بسق,بسق,02-ب.xlsx,1,1,1,1
بسل,بسل,02-ب.xlsx,1,1,1,1
بسم,بسم,02-ب.xlsx,1,1,1,
بسمل,بسمل,02-ب.xlsx,,,,
بسن,بسن,02-ب.xlsx,1,,,
بشت,بشت,02-ب.xlsx,,,,
بشر,بشر,02-ب.xlsx,1,,1,1
بشش,بشش,02-ب.xlsx,1,1,1,
بشع,بشع,02-ب.xlsx,1,1,1,
بشق,بشق,02-ب.xlsx,1,,,
بشك,بشك,02-ب.xlsx,1,,1,
بشم,بشم,02-ب.xlsx,1,1,1,1
بصر,بصر,02-ب.xlsx,1,1,1,1
بصص,بصص,02-ب.xlsx,1,1,1,1
بصع,بصع,02-ب.xlsx,1,1,1,
بصق,بصق,02-ب.xlsx,1,1,1,
بصل,بصل,02-ب.xlsx,1,,1,1
بصم,بصم,02-ب.xlsx,1,,,
بصو,بصو,02-ب.xlsx,1,,,
بضر,بضر,02-ب.xlsx,,,,
بضض,بضض,02-ب.xlsx,1,1,1,1
بضع,بضع,02-ب.xlsx,1,1,1,1
بضم,بضم,02-ب.xlsx,1,,,
بطأ,بطء,02-ب.xlsx,1,1,1,
بطح,بطح,02-ب.xlsx,1,1,1,
بطخ,بطخ,02-ب.xlsx,,,1,
بطر,بطر,02-ب.xlsx,1,1,1,1
بطرق,بطرق,02-ب.xlsx,,,,
بطش,بطش,02-ب.xlsx,1,1,1,1
بطط,بطط,02-ب.xlsx,1,1,1,
بطغ,بطغ,02-ب.xlsx,1,,1,
بطق,بطق,02-ب.xlsx,1,,,
بطل,بطل,02-ب.xlsx,1,1,1,
بطم,بطم,02-ب.xlsx,1,,,
بطن,بطن,02-ب.xlsx,1,1,1,1
بظر,بظر,02-ب.xlsx,1,1,1,
بظظ,بظظ,02-ب.xlsx,1,,,
بظو,بظو,02-ب.xlsx,1,,,
بعت,بعت,02-ب.xlsx,,,,
بعث,بعث,02-ب.xlsx,1,1,1,
بعثر,بعثر,02-ب.xlsx,,,,
بعثط,بعثط,02-ب.xlsx,,,,
بعج,بعج,02-ب.xlsx,1,1,1,1
بعد,بعد,02-ب.xlsx,1,1,1,
بعر,بعر,02-ب.xlsx,1,1,1,
بعص,بعص,02-ب.xlsx,1,1,1,
بعض,بعض,02-ب.xlsx,1,1,1,1
بعط,بعط,02-ب.xlsx,1,,1,
بعع,بعع,02-ب.xlsx,1,1,1,
بعق,بعق,02-ب.xlsx,1,1,1,1
بعك,بعك,02-ب.xlsx,1,1,1,
بعكر,بعكر,02-ب.xlsx,,,,
بعل,بعل,02-ب.xlsx,1,1,1,1
بعو,بعو,02-ب.xlsx,1,1,1,
بعي,بعي,02-ب.xlsx,1,1,1,
بغت,بغت,02-ب.xlsx,1,1,1,
بغث,بغث,02-ب.xlsx,1,1,1,1
بغثر,بغثر,02-ب.xlsx,1,,,
بغج,بغج,02-ب.xlsx,1,,,
بغدد,بغدد,02-ب.xlsx,1,,,
بغر,بغر,02-ب.xlsx,1,1,1,
بغز,بغز,02-ب.xlsx,1,,1,
بغس,بغس,02-ب.xlsx,1,,,
بغش,بغش,02-ب.xlsx,1,1,1,
بغض,بغض,02-ب.xlsx,1,1,1,1
بغل,بغل,02-ب.xlsx,1,1,1,1
بغم,بغم,02-ب.xlsx,1,1,1,1
بغو,بغو,02-ب.xlsx,1,,1,
بغي,بغي,02-ب.xlsx,1,1,1,1
بقث,بقث,02-ب.xlsx,1,,,
بقح,بقح,02-ب.xlsx,1,,,
بقر,بقر,02-ب.xlsx,1,,,1
بقس,بقس,02-ب.xlsx,,,,
بقط,بقط,02-ب.xlsx,1,,,
بقع,بقع,02-ب.xlsx,1,1,1,1
بقق,بقق,02-ب.xlsx,1,,1,
بقل,بقل,02-ب.xlsx,1,1,1,1
بقم,بقم,02-ب.xlsx,1,,,
بقي,بقي,02-ب.xlsx,1,1,1,1
بكأ,بكء,02-ب.xlsx,1,1,1,1
بكت,بكت,02-ب.xlsx,1,,1,
بكر,بكر,02-ب.xlsx,1,1,1,1
بكس,بكس,02-ب.xlsx,,,,
بكع,بكع,02-ب.xlsx,1,1,1,1
بكك,بكك,02-ب.xlsx,1,,1,
بكل,بكل,02-ب.xlsx,1,1,1,
بكم,بكم,02-ب.xlsx,1,1,1,
بكي,بكي,02-ب.xlsx,1,,,1
بلت,بلت,02-ب.xlsx,1,1,1,
بلتع,بلتع,02-ب.xlsx,,,,
بلث,بلث,02-ب.xlsx,1,,,
بلج,بلج,02-ب.xlsx,1,1,1,
بلح,بلح,02-ب.xlsx,1,1,1,
بلخ,بلخ,02-ب.xlsx,1,1,1,
بلخص,بلخص,02-ب.xlsx,,,,
بلد,بلد,02-ب.xlsx,1,1,1,1
بلدح,بلدح,02-ب.xlsx,,,,
بلدم,بلدم,02-ب.xlsx,1,,,
بلر,بلر,02-ب.xlsx,1,,,
بلز,بلز,02-ب.xlsx,1,,1,
بلس,بلس,02-ب.xlsx,1,1,1,
بلسم,بلسم,02-ب.xlsx,1,,,
بلسن,بلسن,02-ب.xlsx,1,,,
بلص,بلص,02-ب.xlsx,1,,1,
بلط,بلط,02-ب.xlsx,1,,1,1
بلطح,بلطح,02-ب.xlsx,,,,
بلع,بلع,02-ب.xlsx,1,1,1,1
بلعك,بلعك,02-ب.xlsx,,,,
بلعم,بلعم,02-ب.xlsx,,,,
بلغ,بلغ,02-ب.xlsx,1,1,1,
بلغم,بلغم,02-ب.xlsx,1,,,
بلق,بلق,02-ب.xlsx,1,1,1,
بلقع,بلقع,02-ب.xlsx,,,,
بلك,بلك,02-ب.xlsx,1,,,
بلكث,بلكث,02-ب.xlsx,,,,
بلل,بلل,02-ب.xlsx,1,,1,1
بلم,بلم,02-ب.xlsx,1,1,1,
بلنز,بلنز,02-ب.xlsx,,,,
بلنط,بلنط,02-ب.xlsx,,,,
بله,بله,02-ب.xlsx,1,1,1,1
بلهر,بلهر,02-ب.xlsx,,,,
بلهن,بلهن,02-ب.xlsx,,,,
بلو,بلو,02-ب.xlsx,1,1,1,1
بلي,بلي,02-ب.xlsx,1,1,1,
بمم,بمم,02-ب.xlsx,1,,,
بنت,بنت,02-ب.xlsx,,,,
بنج,بنج,02-ب.xlsx,1,,1,
بنح,بنح,02-ب.xlsx,,,,
بند,بند,02-ب.xlsx,1,,1,
بندر,بندر,02-ب.xlsx,1,,,
بندق,بندق,02-ب.xlsx,,,,
بنس,بنس,02-ب.xlsx,1,,1,
بنصر,بنصر,02-ب.xlsx,,,,
بنط,بنط,02-ب.xlsx,,,,
بنق,بنق,02-ب.xlsx,1,,1,1
بنك,بنك,02-ب.xlsx,1,,1,
بنن,بنن,02-ب.xlsx,1,1,1,1
بني,بني,02-ب.xlsx,1,1,1,
بهأ,بهء,02-ب.xlsx,1,1,1,
بهت,بهت,02-ب.xlsx,1,1,1,
بهتر,بهتر,02-ب.xlsx,,,,
بهث,بهث,02-ب.xlsx,1,,1,
بهج,بهج,02-ب.xlsx,1,1,1,1
بهد,بهد,02-ب.xlsx,1,,,
بهدل,بهدل,02-ب.xlsx,,,,
بهر,بهر,02-ب.xlsx,1,1,1,1
بهرج,بهرج,02-ب.xlsx,,,,1
بهرم,بهرم,02-ب.xlsx,,,,
بهرمج,بهرمج,02-ب.xlsx,,,,
بهز,بهز,02-ب.xlsx,1,1,1,
بهزر,بهزر,02-ب.xlsx,,,,
بهس,بهس,02-ب.xlsx,1,,1,
بهش,بهش,02-ب.xlsx,1,,1,
بهصل,بهصل,02-ب.xlsx,,,,
بهض,بهض,02-ب.xlsx,1,,,
بهط,بهط,02-ب.xlsx,1,,,
بهظ,بهظ,02-ب.xlsx,1,,1,1
بهق,بهق,02-ب.xlsx,1,,1,1
بهل,بهل,02-ب.xlsx,1,1,1,
بهلص,بهلص,02-ب.xlsx,,,,
بهلق,بهلق,02-ب.xlsx,,,,
بهم,بهم,02-ب.xlsx,1,,1,
بهن,بهن,02-ب.xlsx,1,,1,
بهنس,بهنس,02-ب.xlsx,,,,
بهه,بهه,02-ب.xlsx,1,,1,
بهو,بهو,02-ب.xlsx,1,1,1,
بهي,بهي,02-ب.xlsx,1,1,1,1
بوأ,بوء,02-ب.xlsx,1,1,1,1
بوب,بوب,02-ب.xlsx,1,1,1,
بوت,بوت,02-ب.xlsx,1,,,
بوث,بوث,02-ب.xlsx,1,,1,
بوج,بوج,02-ب.xlsx,1,1,1,
بوح,بوح,02-ب.xlsx,1,1,1,
بوخ,بوخ,02-ب.xlsx,1,,1,1
بود,بود,02-ب.xlsx,1,,,
بور,بور,02-ب.xlsx,1,1,1,1
بوز,بوز,02-ب.xlsx,1,,,
بوس,بوس,02-ب.xlsx,1,,,
بوش,بوش,02-ب.xlsx,1,1,1,
بوص,بوص,02-ب.xlsx,1,1,1,
بوط,بوط,02-ب.xlsx,1,,,
بوع,بوع,02-ب.xlsx,1,1,1,1
بوغ,بوغ,02-ب.xlsx,1,1,1,
بوق,بوق,02-ب.xlsx,1,,1,1
بوك,بوك,02-ب.xlsx,1,,1,
بول,بول,02-ب.xlsx,1,1,1,
بوم,بوم,02-ب.xlsx,1,,1,
بون,بون,02-ب.xlsx,1,1,1,
بوه,بوه,02-ب.xlsx,1,,1,
بوو,بوو,02-ب.xlsx,1,,,
بيب,بيب,02-ب.xlsx,1,,,
بيت,بيت,02-ب.xlsx,1,1,1,1
بيث,بيث,02-ب.xlsx,1,,,
بيح,بيح,02-ب.xlsx,1,,1,
بيد,بيد,02-ب.xlsx,1,1,1,
بير,بير,02-ب.xlsx,,,,
بيز,بيز,02-ب.xlsx,1,,,
بيس,بيس,02-ب.xlsx,1,,,
بيش,بيش,02-ب.xlsx,1,,,
بيص,بيص,02-ب.xlsx,1,,1,
بيض,بيض,02-ب.xlsx,1,,1,1
بيظ,بيظ,02-ب.xlsx,1,,1,
بيع,بيع,02-ب.xlsx,1,1,1,1
بيغ,بيغ,02-ب.xlsx,1,,1,
بيق,بيق,02-ب.xlsx,1,,,
بيل,بيل,02-ب.xlsx,1,,,
بين,بين,02-ب.xlsx,1,1,1,
بيي,بيي,02-ب.xlsx,1,,,
تأب,تءب,03-ت.xlsx,,,,
تأتأ,تءتء,03-ت.xlsx,,,,
تأر,تءر,03-ت.xlsx,1,,1,
تأز,تءز,03-ت.xlsx,,,,
تأق,تءق,03-ت.xlsx,1,,,1
تأل,تءل,03-ت.xlsx,,,,
تألب,تءلب,03-ت.xlsx,1,,,
تأم,تءم,03-ت.xlsx,1,,,
تأن,تءن,03-ت.xlsx,,,,
تبب,تبب,03-ت.xlsx,1,,1,1
تبت,تبت,03-ت.xlsx,,,,
تبر,تبر,03-ت.xlsx,1,1,1,
تبرز,تبرز,03-ت.xlsx,,,,
تبع,تبع,03-ت.xlsx,1,1,1,1
تبك,تبك,03-ت.xlsx,1,,,
تبل,تبل,03-ت.xlsx,1,,1,1
تبن,تبن,03-ت.xlsx,1,,1,
تثر,تثر,03-ت.xlsx,,,,
تجب,تجب,03-ت.xlsx,1,,,
تجج,تجج,03-ت.xlsx,,,,
تجر,تجر,03-ت.xlsx,1,,1,1
تجه,تجه,03-ت.xlsx,1,,,
تحت,تحت,03-ت.xlsx,,,1,
تحتح,تحتح,03-ت.xlsx,,,,
تحف,تحف,03-ت.xlsx,1,,,
تحم,تحم,03-ت.xlsx,1,,,
تخت,تخت,03-ت.xlsx,1,,,
تخخ,تخخ,03-ت.xlsx,1,,1,
تخذ,تخذ,03-ت.xlsx,1,,1,
تخرب,تخرب,03-ت.xlsx,,,,
تخم,تخم,03-ت.xlsx,1,,1,1
تذرب,تذرب,03-ت.xlsx,1,,,
ترب,ترب,03-ت.xlsx,1,1,1,1
ترج,ترج,03-ت.xlsx,1,,1,
ترجم,ترجم,03-ت.xlsx,,,,
ترح,ترح,03-ت.xlsx,1,1,1,
ترخ,ترخ,03-ت.xlsx,1,,,
ترد,ترد,03-ت.xlsx,,,,
ترر,ترر,03-ت.xlsx,1,,1,1
ترز,ترز,03-ت.xlsx,1,,1,
ترس,ترس,03-ت.xlsx,1,,1,1
ترش,ترش,03-ت.xlsx,1,,1,
ترص,ترص,03-ت.xlsx,1,1,1,
ترع,ترع,03-ت.xlsx,1,1,1,1
ترف,ترف,03-ت.xlsx,1,,1,
ترق,ترق,03-ت.xlsx,1,,1,
ترك,ترك,03-ت.xlsx,1,,,
ترم,ترم,03-ت.xlsx,1,,,
ترمز,ترمز,03-ت.xlsx,,,,
ترمس,ترمس,03-ت.xlsx,1,,,
ترنس,ترنس,03-ت.xlsx,1,,,
تره,تره,03-ت.xlsx,1,,1,
تري,تري,03-ت.xlsx,1,,,
تسح,تسح,03-ت.xlsx,1,,,
تسع,تسع,03-ت.xlsx,1,,1,
تشر,تشر,03-ت.xlsx,,,,
تعب,تعب,03-ت.xlsx,1,,1,1
تعر,تعر,03-ت.xlsx,1,,1,
تعس,تعس,03-ت.xlsx,1,,1,1
تعص,تعص,03-ت.xlsx,1,,1,
تعع,تعع,03-ت.xlsx,1,,1,
تعل,تعل,03-ت.xlsx,,,,
تغب,تغب,03-ت.xlsx,1,,,
تغر,تغر,03-ت.xlsx,,,,
تغغ,تغغ,03-ت.xlsx,1,,1,
تفأ,تفء,03-ت.xlsx,1,,,
تفتر,تفتر,03-ت.xlsx,1,,,
تفث,تفث,03-ت.xlsx,1,,1,
تفح,تفح,03-ت.xlsx,1,,1,1
تفر,تفر,03-ت.xlsx,1,,1,
تفف,تفف,03-ت.xlsx,1,,1,
تفل,تفل,03-ت.xlsx,1,1,1,1
تفن,تفن,03-ت.xlsx,,,,
تفه,تفه,03-ت.xlsx,1,1,1,
تقتق,تقتق,03-ت.xlsx,1,,,
تقد,تقد,03-ت.xlsx,1,,1,
تقر,تقر,03-ت.xlsx,1,,,
تقرد,تقرد,03-ت.xlsx,,,,
تقن,تقن,03-ت.xlsx,1,1,1,
تكر,تكر,03-ت.xlsx,1,,,
تكك,تكك,03-ت.xlsx,1,,1,
تكم,تكم,03-ت.xlsx,1,,,
تلب,تلب,03-ت.xlsx,1,,,
تلث,تلث,03-ت.xlsx,1,,,
تلج,تلج,03-ت.xlsx,1,,,
تلد,تلد,03-ت.xlsx,1,1,1,
تلس,تلس,03-ت.xlsx,,,,
تلع,تلع,03-ت.xlsx,1,1,1,1
تلف,تلف,03-ت.xlsx,1,,1,
تلك,تلك,03-ت.xlsx,,,,
تلل,تلل,03-ت.xlsx,1,1,1,
تلم,تلم,03-ت.xlsx,1,,1,
تلمذ,تلمذ,03-ت.xlsx,1,,,
تلن,تلن,03-ت.xlsx,1,,,
تله,تله,03-ت.xlsx,1,,1,
تلو,تلو,03-ت.xlsx,1,1,1,1
تمر,تمر,03-ت.xlsx,1,,1,1
تمك,تمك,03-ت.xlsx,1,,1,
تمل,تمل,03-ت.xlsx,1,,,
تمم,تمم,03-ت.xlsx,1,1,1,1
تمن,تمن,03-ت.xlsx,1,,,
تمه,تمه,03-ت.xlsx,1,1,1,
تمهل,تمهل,03-ت.xlsx,,,,
تنأ,تنء,03-ت.xlsx,1,,1,1
تنب,تنب,03-ت.xlsx,1,,,
تنبل,تنبل,03-ت.xlsx,1,,,
تنخ,تنخ,03-ت.xlsx,1,,1,
تنر,تنر,03-ت.xlsx,1,,,
تنس,تنس,03-ت.xlsx,1,,,
تنف,تنف,03-ت.xlsx,1,,1,
تنم,تنم,03-ت.xlsx,1,,,
تنن,تنن,03-ت.xlsx,1,1,1,
تهته,تهته,03-ت.xlsx,1,,,
تهر,تهر,03-ت.xlsx,1,,,
تهم,تهم,03-ت.xlsx,1,1,1,
تهه,تهه,03-ت.xlsx,1,,1,
توب,توب,03-ت.xlsx,1,1,1,
توت,توت,03-ت.xlsx,,,1,
توج,توج,03-ت.xlsx,1,,,
توح,توح,03-ت.xlsx,,,,
تود,تود,03-ت.xlsx,1,,,
تور,تور,03-ت.xlsx,1,,1,
توز,توز,03-ت.xlsx,1,,,
توس,توس,03-ت.xlsx,1,,1,1
توع,توع,03-ت.xlsx,1,,1,
توف,توف,03-ت.xlsx,1,,,
توق,توق,03-ت.xlsx,1,1,1,1
تول,تول,03-ت.xlsx,1,,1,
توم,توم,03-ت.xlsx,1,,,1
توه,توه,03-ت.xlsx,1,,1,
توي,توي,03-ت.xlsx,1,,1,
تيح,تيح,03-ت.xlsx,1,1,1,
تيد,تيد,03-ت.xlsx,,,,
تير,تير,03-ت.xlsx,1,,1,1
تيز,تيز,03-ت.xlsx,1,,1,
تيس,تيس,03-ت.xlsx,1,,1,1
تيع,تيع,03-ت.xlsx,1,1,1,
تيك,تيك,03-ت.xlsx,1,,,
تيم,تيم,03-ت.xlsx,1,1,1,1
تين,تين,03-ت.xlsx,1,,1,
تيه,تيه,03-ت.xlsx,,,1,
ثأب,ثءب,04-ث.xlsx,1,,,
ثأثأ,ثءثء,04-ث.xlsx,1,1,1,
ثأج,ثءج,04-ث.xlsx,1,,,
ثأد,ثءد,04-ث.xlsx,1,,1,1
ثأر,ثءر,04-ث.xlsx,1,1,1,1
ثأط,ثءط,04-ث.xlsx,1,,1,1
ثأل,ثءل,04-ث.xlsx,1,,,
ثأي,ثءي,04-ث.xlsx,1,1,1,
ثبت,ثبت,04-ث.xlsx,1,,1,1
ثبج,ثبج,04-ث.xlsx,1,,1,1
ثبجر,ثبجر,04-ث.xlsx,1,,,
ثبر,ثبر,04-ث.xlsx,1,1,1,
ثبط,ثبط,04-ث.xlsx,1,,,
ثبق,ثبق,04-ث.xlsx,,,,
ثبن,ثبن,04-ث.xlsx,1,1,1,
ثبو,ثبو,04-ث.xlsx,1,,,1
ثبي,ثبي,04-ث.xlsx,1,1,1,
ثتل,ثتل,04-ث.xlsx,1,,,
ثتن,ثتن,04-ث.xlsx,1,,1,
ثجج,ثجج,04-ث.xlsx,1,1,1,1
ثجر,ثجر,04-ث.xlsx,1,1,1,1
ثجل,ثجل,04-ث.xlsx,1,1,1,1
ثجم,ثجم,04-ث.xlsx,1,,1,
ثجن,ثجن,04-ث.xlsx,1,,,
ثخخ,ثخخ,04-ث.xlsx,1,,,
ثخن,ثخن,04-ث.xlsx,1,1,1,1
ثدأ,ثدء,04-ث.xlsx,1,,,
ثدق,ثدق,04-ث.xlsx,1,,1,
ثدم,ثدم,04-ث.xlsx,1,,1,
ثدن,ثدن,04-ث.xlsx,1,,1,
ثدي,ثدي,04-ث.xlsx,1,,1,1
ثرب,ثرب,04-ث.xlsx,1,1,1,
ثرتم,ثرتم,04-ث.xlsx,1,,,
ثرد,ثرد,04-ث.xlsx,1,1,1,1
ثرر,ثرر,04-ث.xlsx,1,,1,1
ثرط,ثرط,04-ث.xlsx,1,,,
ثرطأ,ثرطء,04-ث.xlsx,1,,,
ثرطل,ثرطل,04-ث.xlsx,1,,,
ثرغ,ثرغ,04-ث.xlsx,1,,,
ثرقب,ثرقب,04-ث.xlsx,,,,
ثرم,ثرم,04-ث.xlsx,1,,1,
ثرمد,ثرمد,04-ث.xlsx,1,,,
ثرمط,ثرمط,04-ث.xlsx,1,,,
ثرمل,ثرمل,04-ث.xlsx,1,,,
ثرو,ثرو,04-ث.xlsx,1,,1,
ثري,ثري,04-ث.xlsx,,,1,1
ثطأ,ثطء,04-ث.xlsx,1,,1,
ثطط,ثطط,04-ث.xlsx,1,,1,1
ثطع,ثطع,04-ث.xlsx,1,,1,
ثعب,ثعب,04-ث.xlsx,1,1,1,
ثعج,ثعج,04-ث.xlsx,1,,,
ثعد,ثعد,04-ث.xlsx,1,,,
ثعر,ثعر,04-ث.xlsx,1,,1,
ثعع,ثعع,04-ث.xlsx,1,,1,
ثعل,ثعل,04-ث.xlsx,1,1,1,
ثعلب,ثعلب,04-ث.xlsx,,,,
ثعم,ثعم,04-ث.xlsx,1,,1,
ثغب,ثغب,04-ث.xlsx,1,1,1,
ثغر,ثغر,04-ث.xlsx,1,1,1,1
ثغرب,ثغرب,04-ث.xlsx,1,,,
ثغغ,ثغغ,04-ث.xlsx,,,,
ثغم,ثغم,04-ث.xlsx,1,,1,1
ثغو,ثغو,04-ث.xlsx,,1,1,
ثغي,ثغي,04-ث.xlsx,1,,,
ثفأ,ثفء,04-ث.xlsx,1,,,
ثفد,ثفد,04-ث.xlsx,1,,,
ثفر,ثفر,04-ث.xlsx,1,1,1,1
ثفرق,ثفرق,04-ث.xlsx,,,,1
ثفل,ثفل,04-ث.xlsx,1,1,1,
ثفن,ثفن,04-ث.xlsx,1,1,1,1
ثقب,ثقب,04-ث.xlsx,1,,1,1
ثقر,ثقر,04-ث.xlsx,1,,,
ثقف,ثقف,04-ث.xlsx,1,,1,1
ثقل,ثقل,04-ث.xlsx,1,1,1,1
ثكد,ثكد,04-ث.xlsx,1,,,
ثكل,ثكل,04-ث.xlsx,1,1,1,1
ثكم,ثكم,04-ث.xlsx,1,,1,
ثكن,ثكن,04-ث.xlsx,1,1,1,
ثلب,ثلب,04-ث.xlsx,1,,1,1
ثلث,ثلث,04-ث.xlsx,1,,1,1
ثلج,ثلج,04-ث.xlsx,1,1,1,1
ثلخ,ثلخ,04-ث.xlsx,1,,,
ثلط,ثلط,04-ث.xlsx,1,,1,
ثلع,ثلع,04-ث.xlsx,,,,
ثلغ,ثلغ,04-ث.xlsx,1,,1,
ثلل,ثلل,04-ث.xlsx,1,1,1,1
ثلم,ثلم,04-ث.xlsx,1,1,1,
ثلمط,ثلمط,04-ث.xlsx,1,,,
ثمأ,ثمء,04-ث.xlsx,1,,,
ثمت,ثمت,04-ث.xlsx,,,,
ثمد,ثمد,04-ث.xlsx,1,1,1,1
ثمر,ثمر,04-ث.xlsx,1,1,1,1
ثمط,ثمط,04-ث.xlsx,1,,,
ثمعد,ثمعد,04-ث.xlsx,,,,
ثمغ,ثمغ,04-ث.xlsx,1,,1,
ثمل,ثمل,04-ث.xlsx,1,1,1,1
ثمم,ثمم,04-ث.xlsx,1,1,1,1
ثمن,ثمن,04-ث.xlsx,1,1,1,
ثنت,ثنت,04-ث.xlsx,1,,1,
ثند,ثند,04-ث.xlsx,1,,,
ثنن,ثنن,04-ث.xlsx,,1,1,1
ثني,ثني,04-ث.xlsx,1,1,1,1
ثهت,ثهت,04-ث.xlsx,1,,,
ثهد,ثهد,04-ث.xlsx,1,,,
ثهل,ثهل,04-ث.xlsx,1,,1,
ثوب,ثوب,04-ث.xlsx,1,,1,1
ثوث,ثوث,04-ث.xlsx,,,,
ثوج,ثوج,04-ث.xlsx,1,,,
ثوخ,ثوخ,04-ث.xlsx,1,,1,
ثور,ثور,04-ث.xlsx,1,1,1,1
ثوع,ثوع,04-ث.xlsx,,,,
ثول,ثول,04-ث.xlsx,1,1,1,
ثوم,ثوم,04-ث.xlsx,1,,1,
ثوه,ثوه,04-ث.xlsx,1,,,
ثوي,ثوي,04-ث.xlsx,1,,1,
ثيب,ثيب,04-ث.xlsx,1,,,
ثيل,ثيل,04-ث.xlsx,1,,1,
جأب,جءب,05-ج.xlsx,1,1,1,
جأت,جءت,05-ج.xlsx,,,,
جأث,جءث,05-ج.xlsx,1,1,1,
جأجأ,جءجء,05-ج.xlsx,1,,1,1
جأر,جءر,05-ج.xlsx,1,,,1
جأز,جءز,05-ج.xlsx,1,,1,
جأش,جءش,05-ج.xlsx,1,,,
جأف,جءف,05-ج.xlsx,1,1,1,
جأل,جءل,05-ج.xlsx,1,,,
جأن,جءن,05-ج.xlsx,1,,,
جأنب,جءنب,05-ج.xlsx,,,,
جأو,جءو,05-ج.xlsx,1,,,
جأي,جءي,05-ج.xlsx,1,,,
جبأ,جبء,05-ج.xlsx,1,1,1,
جبب,جبب,05-ج.xlsx,1,1,1,
جبت,جبت,05-ج.xlsx,1,,1,
جبح,جبح,05-ج.xlsx,1,,,
جبخ,جبخ,05-ج.xlsx,1,,,
جبد,جبد,05-ج.xlsx,,,,
جبذ,جبذ,05-ج.xlsx,1,,1,
جبر,جبر,05-ج.xlsx,1,1,1,1
جبز,جبز,05-ج.xlsx,1,,1,
جبس,جبس,05-ج.xlsx,1,,1,
جبع,جبع,05-ج.xlsx,1,,1,
جبل,جبل,05-ج.xlsx,1,1,1,1
جبن,جبن,05-ج.xlsx,1,,1,1
جبه,جبه,05-ج.xlsx,1,,1,1
جبو,جبو,05-ج.xlsx,1,,,
جبي,جبي,05-ج.xlsx,1,1,1,1
جتر,جتر,05-ج.xlsx,,,,
جثث,جثث,05-ج.xlsx,1,1,1,
جثل,جثل,05-ج.xlsx,1,1,1,1
جثم,جثم,05-ج.xlsx,1,1,1,1
جثو,جثو,05-ج.xlsx,1,,,
ججج,ججج,05-ج.xlsx,,,,
جحجح,جحجح,05-ج.xlsx,,,,
جحح,جحح,05-ج.xlsx,1,,,
جحد,جحد,05-ج.xlsx,1,1,1,
جحدب,جحدب,05-ج.xlsx,,,,
جحدر,جحدر,05-ج.xlsx,,,,
جحدل,جحدل,05-ج.xlsx,,,,
جحر,جحر,05-ج.xlsx,1,1,1,1
جحرب,جحرب,05-ج.xlsx,,,,
جحس,جحس,05-ج.xlsx,1,,1,
جحش,جحش,05-ج.xlsx,1,,1,1
جحشر,جحشر,05-ج.xlsx,,,,
جحط,جحط,05-ج.xlsx,1,,,
جحظ,جحظ,05-ج.xlsx,1,,,1
جحظم,جحظم,05-ج.xlsx,,,,
جحف,جحف,05-ج.xlsx,1,,1,
جحفل,جحفل,05-ج.xlsx,,,,
جحل,جحل,05-ج.xlsx,1,1,1,
جحم,جحم,05-ج.xlsx,1,,1,1
جحمظ,جحمظ,05-ج.xlsx,,,,
جحن,جحن,05-ج.xlsx,1,1,1,
جخب,جخب,05-ج.xlsx,1,,,
جخخ,جخخ,05-ج.xlsx,1,,1,
جخد,جخد,05-ج.xlsx,1,,,
جخدب,جخدب,05-ج.xlsx,,,,
جخدر,جخدر,05-ج.xlsx,,,,
جخر,جخر,05-ج.xlsx,1,,1,
جخف,جخف,05-ج.xlsx,1,,1,
جدب,جدب,05-ج.xlsx,1,1,1,1
جدث,جدث,05-ج.xlsx,1,,1,
جدح,جدح,05-ج.xlsx,1,1,1,
جدد,جدد,05-ج.xlsx,1,1,1,1
جدر,جدر,05-ج.xlsx,1,1,1,
جدس,جدس,05-ج.xlsx,1,,1,
جدع,جدع,05-ج.xlsx,1,1,1,1
جدف,جدف,05-ج.xlsx,1,,,
جدل,جدل,05-ج.xlsx,1,1,1,1
جدم,جدم,05-ج.xlsx,1,1,1,
جدن,جدن,05-ج.xlsx,1,,,
جدو,جدو,05-ج.xlsx,1,,1,
جدي,جدي,05-ج.xlsx,1,,1,
جذب,جذب,05-ج.xlsx,1,1,1,1
جذذ,جذذ,05-ج.xlsx,1,1,1,
جذر,جذر,05-ج.xlsx,1,1,1,
جذع,جذع,05-ج.xlsx,1,1,1,1
جذف,جذف,05-ج.xlsx,1,1,1,
جذل,جذل,05-ج.xlsx,1,1,1,1
جذم,جذم,05-ج.xlsx,1,1,1,1
جذو,جذو,05-ج.xlsx,1,1,1,1
جرأ,جرء,05-ج.xlsx,1,,,
جرب,جرب,05-ج.xlsx,1,1,1,1
جربز,جربز,05-ج.xlsx,1,,,
جرث,جرث,05-ج.xlsx,1,,,
جرثم,جرثم,05-ج.xlsx,1,,,
جرج,جرج,05-ج.xlsx,1,,1,
جرجب,جرجب,05-ج.xlsx,,,,
جرجس,جرجس,05-ج.xlsx,1,,,
جرجم,جرجم,05-ج.xlsx,1,,,
جرح,جرح,05-ج.xlsx,1,1,1,1
جرد,جرد,05-ج.xlsx,1,1,1,1
جردب,جردب,05-ج.xlsx,1,,,
جردحل,جردحل,05-ج.xlsx,,,,
جردم,جردم,05-ج.xlsx,1,,,
جرذ,جرذ,05-ج.xlsx,1,,1,1
جرر,جرر,05-ج.xlsx,,1,1,1
جرز,جرز,05-ج.xlsx,1,1,1,1
جرزم,جرزم,05-ج.xlsx,1,,,
جرس,جرس,05-ج.xlsx,1,1,1,
جرسم,جرسم,05-ج.xlsx,1,,,
جرش,جرش,05-ج.xlsx,1,1,1,
جرشب,جرشب,05-ج.xlsx,1,,,
جرشع,جرشع,05-ج.xlsx,,,,
جرشم,جرشم,05-ج.xlsx,1,,,
جرض,جرض,05-ج.xlsx,1,1,1,
جرضم,جرضم,05-ج.xlsx,1,,,
جرع,جرع,05-ج.xlsx,,1,1,1
جرعب,جرعب,05-ج.xlsx,,,,
جرعن,جرعن,05-ج.xlsx,,,,
جرف,جرف,05-ج.xlsx,1,,1,1
جرفز,جرفز,05-ج.xlsx,,,,
جرفس,جرفس,05-ج.xlsx,1,,,
جرفض,جرفض,05-ج.xlsx,1,,,
جرل,جرل,05-ج.xlsx,1,1,1,
جرم,جرم,05-ج.xlsx,1,1,1,
جرمز,جرمز,05-ج.xlsx,1,,,
جرمق,جرمق,05-ج.xlsx,,,,
جرن,جرن,05-ج.xlsx,1,1,1,1
جرنفش,جرنفش,05-ج.xlsx,,,,
جره,جره,05-ج.xlsx,1,,1,
جرهد,جرهد,05-ج.xlsx,,,,
جرهس,جرهس,05-ج.xlsx,,,,
جرهم,جرهم,05-ج.xlsx,,,,
جرو,جرو,05-ج.xlsx,1,1,1,1
جري,جري,05-ج.xlsx,1,1,1,
جزأ,جزء,05-ج.xlsx,1,,1,1
جزب,جزب,05-ج.xlsx,1,,,
جزح,جزح,05-ج.xlsx,1,,1,
جزر,جزر,05-ج.xlsx,1,1,1,1
جزز,جزز,05-ج.xlsx,1,1,1,1
جزع,جزع,05-ج.xlsx,1,1,1,1
جزف,جزف,05-ج.xlsx,1,,,
جزل,جزل,05-ج.xlsx,1,1,1,1
جزم,جزم,05-ج.xlsx,1,1,1,
جزي,جزي,05-ج.xlsx,1,,1,1
جسأ,جسء,05-ج.xlsx,1,1,1,
جسد,جسد,05-ج.xlsx,1,1,1,
جسر,جسر,05-ج.xlsx,1,1,1,1
جسرب,جسرب,05-ج.xlsx,1,,,
جسس,جسس,05-ج.xlsx,1,1,1,
جسق,جسق,05-ج.xlsx,1,,,
جسم,جسم,05-ج.xlsx,1,1,1,1
جشأ,جشء,05-ج.xlsx,1,1,1,1
جشب,جشب,05-ج.xlsx,1,1,1,
جشر,جشر,05-ج.xlsx,1,1,1,1
جشش,جشش,05-ج.xlsx,1,1,1,
جشع,جشع,05-ج.xlsx,1,1,1,
جشم,جشم,05-ج.xlsx,1,1,1,
جشن,جشن,05-ج.xlsx,1,,,
جصص,جصص,05-ج.xlsx,1,,1,
جضض,جضض,05-ج.xlsx,1,,1,
جطح,جطح,05-ج.xlsx,1,,,
جظظ,جظظ,05-ج.xlsx,1,,1,
جعب,جعب,05-ج.xlsx,1,1,1,
جعبر,جعبر,05-ج.xlsx,,,,
جعبس,جعبس,05-ج.xlsx,,,,
جعثم,جعثم,05-ج.xlsx,,,,
جعد,جعد,05-ج.xlsx,1,1,1,1
جعدب,جعدب,05-ج.xlsx,,,,
جعدر,جعدر,05-ج.xlsx,,,,
جعدل,جعدل,05-ج.xlsx,,,,
جعر,جعر,05-ج.xlsx,1,1,1,
جعز,جعز,05-ج.xlsx,1,,,
جعس,جعس,05-ج.xlsx,1,1,1,
جعشم,جعشم,05-ج.xlsx,,,,
جعظ,جعظ,05-ج.xlsx,1,1,1,
جعظر,جعظر,05-ج.xlsx,,,,
جعع,جعع,05-ج.xlsx,1,1,1,
جعف,جعف,05-ج.xlsx,1,1,1,
جعفر,جعفر,05-ج.xlsx,,,,
جعل,جعل,05-ج.xlsx,1,,1,1
جعم,جعم,05-ج.xlsx,1,1,1,
جعمر,جعمر,05-ج.xlsx,,,,
جعمس,جعمس,05-ج.xlsx,,,,
جعمظ,جعمظ,05-ج.xlsx,,,,
جعن,جعن,05-ج.xlsx,1,,1,
جعنب,جعنب,05-ج.xlsx,,,,
جعو,جعو,05-ج.xlsx,1,,,
جغب,جغب,05-ج.xlsx,,,,
جفأ,جفء,05-ج.xlsx,1,,,
جفت,جفت,05-ج.xlsx,,,,
جفخ,جفخ,05-ج.xlsx,1,,,
جفر,جفر,05-ج.xlsx,1,1,1,1
جفز,جفز,05-ج.xlsx,1,,1,
جفس,جفس,05-ج.xlsx,1,,,
جفش,جفش,05-ج.xlsx,1,,,
جفظ,جفظ,05-ج.xlsx,,,,
جفع,جفع,05-ج.xlsx,1,,,
جفف,جفف,05-ج.xlsx,1,1,1,1
جفل,جفل,05-ج.xlsx,1,1,1,1
جفن,جفن,05-ج.xlsx,1,1,1,1
جفو,جفو,05-ج.xlsx,1,1,1,1
جقق,جقق,05-ج.xlsx,1,,,
جلب,جلب,05-ج.xlsx,1,,1,1
جلت,جلت,05-ج.xlsx,,,,
جلج,جلج,05-ج.xlsx,1,,1,
جلح,جلح,05-ج.xlsx,1,1,1,1
جلحب,جلحب,05-ج.xlsx,,,,
جلخ,جلخ,05-ج.xlsx,,,1,
جلخب,جلخب,05-ج.xlsx,,,,
جلد,جلد,05-ج.xlsx,1,1,1,1
جلدب,جلدب,05-ج.xlsx,1,,,
جلدح,جلدح,05-ج.xlsx,,,,
جلذ,جلذ,05-ج.xlsx,1,1,1,
جلز,جلز,05-ج.xlsx,1,,,
جلس,جلس,05-ج.xlsx,1,,1,1
جلسد,جلسد,05-ج.xlsx,1,,,
جلسم,جلسم,05-ج.xlsx,1,,,
جلط,جلط,05-ج.xlsx,1,1,1,
جلظ,جلظ,05-ج.xlsx,1,,,
جلع,جلع,05-ج.xlsx,1,1,1,
جلعب,جلعب,05-ج.xlsx,,,,
جلعد,جلعد,05-ج.xlsx,,,,
جلف,جلف,05-ج.xlsx,1,1,1,
جلفز,جلفز,05-ج.xlsx,1,,,
جلفط,جلفط,05-ج.xlsx,1,,,
جلفع,جلفع,05-ج.xlsx,,,,
جلق,جلق,05-ج.xlsx,1,,1,
جلل,جلل,05-ج.xlsx,1,1,1,1
جلم,جلم,05-ج.xlsx,1,1,1,
جلمد,جلمد,05-ج.xlsx,1,,,
جلمق,جلمق,05-ج.xlsx,,,,
جلنر,جلنر,05-ج.xlsx,1,,,
جلنز,جلنز,05-ج.xlsx,,,,
جله,جله,05-ج.xlsx,1,1,1,
جلهز,جلهز,05-ج.xlsx,,,,
جلهق,جلهق,05-ج.xlsx,,,,
جلو,جلو,05-ج.xlsx,1,,1,
جلي,جلي,05-ج.xlsx,1,,,
جمح,جمح,05-ج.xlsx,1,1,1,1
جمخ,جمخ,05-ج.xlsx,1,,1,
جمخر,جمخر,05-ج.xlsx,,,,
جمد,جمد,05-ج.xlsx,1,1,1,1
جمر,جمر,05-ج.xlsx,1,1,1,1
جمز,جمز,05-ج.xlsx,1,1,1,
جمزر,جمزر,05-ج.xlsx,,,,
جمس,جمس,05-ج.xlsx,1,1,1,
جمش,جمش,05-ج.xlsx,1,1,1,
جمع,جمع,05-ج.xlsx,1,1,1,1
جمعد,جمعد,05-ج.xlsx,,,,
جمعر,جمعر,05-ج.xlsx,,,,
جمل,جمل,05-ج.xlsx,1,1,1,
جمم,جمم,05-ج.xlsx,1,1,1,1
جمن,جمن,05-ج.xlsx,1,,1,
جمهر,جمهر,05-ج.xlsx,,,,
جمي,جمي,05-ج.xlsx,1,,1,
جنأ,جنء,05-ج.xlsx,1,1,1,
جنب,جنب,05-ج.xlsx,1,1,1,1
جنبذ,جنبذ,05-ج.xlsx,1,,,
جنبر,جنبر,05-ج.xlsx,1,,,
جنبق,جنبق,05-ج.xlsx,,,,
جنبل,جنبل,05-ج.xlsx,1,,,
جنث,جنث,05-ج.xlsx,1,1,1,
جنثر,جنثر,05-ج.xlsx,1,,,
جنجل,جنجل,05-ج.xlsx,1,,,
جنح,جنح,05-ج.xlsx,1,1,1,1
جند,جند,05-ج.xlsx,1,1,1,
جندر,جندر,05-ج.xlsx,,,,
جندع,جندع,05-ج.xlsx,,,,
جندف,جندف,05-ج.xlsx,1,,,
جندل,جندل,05-ج.xlsx,1,,,
جنز,جنز,05-ج.xlsx,1,,1,
جنس,جنس,05-ج.xlsx,1,1,1,
جنش,جنش,05-ج.xlsx,1,,,
جنعظ,جنعظ,05-ج.xlsx,,,,
جنف,جنف,05-ج.xlsx,1,1,1,
جنفر,جنفر,05-ج.xlsx,,,,
جنفلق,جنفلق,05-ج.xlsx,,,,
جنق,جنق,05-ج.xlsx,1,,,
جنن,جنن,05-ج.xlsx,1,1,1,1
جنه,جنه,05-ج.xlsx,1,,1,
جني,جني,05-ج.xlsx,1,1,1,1
جهب,جهب,05-ج.xlsx,,,,
جهبل,جهبل,05-ج.xlsx,,,,
جهث,جهث,05-ج.xlsx,1,,,
جهجه,جهجه,05-ج.xlsx,1,,1,
جهد,جهد,05-ج.xlsx,1,,1,1
جهر,جهر,05-ج.xlsx,1,1,1,
جهرم,جهرم,05-ج.xlsx,,,,
جهز,جهز,05-ج.xlsx,1,1,1,
جهش,جهش,05-ج.xlsx,1,1,1,
جهض,جهض,05-ج.xlsx,1,1,1,
جهضم,جهضم,05-ج.xlsx,,,,
جهل,جهل,05-ج.xlsx,1,1,1,1
جهم,جهم,05-ج.xlsx,1,1,1,1
جهن,جهن,05-ج.xlsx,1,,1,
جهنم,جهنم,05-ج.xlsx,,,,
جهو,جهو,05-ج.xlsx,1,1,1,
جوب,جوب,05-ج.xlsx,1,1,1,
جوت,جوت,05-ج.xlsx,1,,1,
جوث,جوث,05-ج.xlsx,1,,,
جوج,جوج,05-ج.xlsx,,,,
جوح,جوح,05-ج.xlsx,1,1,1,
جوخ,جوخ,05-ج.xlsx,1,,1,
جود,جود,05-ج.xlsx,1,1,1,1
جوذ,جوذ,05-ج.xlsx,1,,,
جور,جور,05-ج.xlsx,1,,,1
جوز,جوز,05-ج.xlsx,1,1,1,
جوس,جوس,05-ج.xlsx,1,1,1,
جوش,جوش,05-ج.xlsx,1,,,1
جوظ,جوظ,05-ج.xlsx,1,,1,
جوع,جوع,05-ج.xlsx,1,,1,1
جوف,جوف,05-ج.xlsx,1,,1,1
جوق,جوق,05-ج.xlsx,1,,,
جول,جول,05-ج.xlsx,1,1,1,1
جوم,جوم,05-ج.xlsx,1,,,
جون,جون,05-ج.xlsx,1,1,1,
جوه,جوه,05-ج.xlsx,1,,,
جوو,جوو,05-ج.xlsx,1,,1,
جوي,جوي,05-ج.xlsx,1,1,1,1
جيأ,جيء,05-ج.xlsx,1,1,1,1
جيب,جيب,05-ج.xlsx,1,,1,
جيت,جيت,05-ج.xlsx,1,,,
جيح,جيح,05-ج.xlsx,1,,,
جيخ,جيخ,05-ج.xlsx,1,,,
جيد,جيد,05-ج.xlsx,1,1,1,
جير,جير,05-ج.xlsx,1,,1,
جيز,جيز,05-ج.xlsx,,,1,
جيس,جيس,05-ج.xlsx,1,,1,
جيش,جيش,05-ج.xlsx,1,1,1,1
جيض,جيض,05-ج.xlsx,1,1,1,
جيف,جيف,05-ج.xlsx,1,,,1
جيل,جيل,05-ج.xlsx,1,1,1,
جيم,جيم,05-ج.xlsx,1,,,
حأب,حءب,06-ح.xlsx,1,,,
حبأ,حبء,06-ح.xlsx,,,,
حبب,حبب,06-ح.xlsx,1,1,1,
حبتر,حبتر,06-ح.xlsx,,,,
حبج,حبج,06-ح.xlsx,1,,1,
حبجر,حبجر,06-ح.xlsx,,,,
حبر,حبر,06-ح.xlsx,1,1,1,1
حبرك,حبرك,06-ح.xlsx,,,,
حبس,حبس,06-ح.xlsx,1,,1,1
حبش,حبش,06-ح.xlsx,1,1,1,
حبص,حبص,06-ح.xlsx,1,,1,
حبض,حبض,06-ح.xlsx,1,1,1,
حبط,حبط,06-ح.xlsx,1,1,1,1
حبق,حبق,06-ح.xlsx,1,,1,1
حبك,حبك,06-ح.xlsx,1,,1,
حبكر,حبكر,06-ح.xlsx,,,,
حبل,حبل,06-ح.xlsx,1,1,1,1
حبلق,حبلق,06-ح.xlsx,,,,
حبن,حبن,06-ح.xlsx,1,1,1,
حبو,حبو,06-ح.xlsx,1,,1,1
حتأ,حتء,06-ح.xlsx,1,,,
حتت,حتت,06-ح.xlsx,1,1,1,
حتث,حتث,06-ح.xlsx,,,,
حتد,حتد,06-ح.xlsx,1,1,1,
حتر,حتر,06-ح.xlsx,1,1,1,
حترب,حترب,06-ح.xlsx,,,,
حترش,حترش,06-ح.xlsx,,,,
حتف,حتف,06-ح.xlsx,1,,1,1
حتك,حتك,06-ح.xlsx,1,1,1,
حتل,حتل,06-ح.xlsx,1,1,1,
حتم,حتم,06-ح.xlsx,1,,1,
حتن,حتن,06-ح.xlsx,1,1,1,
حتو,حتو,06-ح.xlsx,1,1,1,
حتي,حتي,06-ح.xlsx,1,,,
حثث,حثث,06-ح.xlsx,1,1,1,
حثر,حثر,06-ح.xlsx,1,1,1,
حثرب,حثرب,06-ح.xlsx,,,,
حثرم,حثرم,06-ح.xlsx,,,,
حثل,حثل,06-ح.xlsx,1,1,1,
حثم,حثم,06-ح.xlsx,1,1,1,
حثن,حثن,06-ح.xlsx,1,,,
حجأ,حجء,06-ح.xlsx,,,,
حجب,حجب,06-ح.xlsx,1,1,1,1
حجج,حجج,06-ح.xlsx,,1,1,1
حجر,حجر,06-ح.xlsx,1,1,1,1
حجز,حجز,06-ح.xlsx,1,1,1,1
حجف,حجف,06-ح.xlsx,1,,1,
حجل,حجل,06-ح.xlsx,1,,1,1
حجم,حجم,06-ح.xlsx,1,1,1,1
حجن,حجن,06-ح.xlsx,1,1,1,1
حجي,حجي,06-ح.xlsx,,,1,
حدأ,حدء,06-ح.xlsx,,,1,
حدب,حدب,06-ح.xlsx,1,1,1,1
حدبر,حدبر,06-ح.xlsx,,,,
حدث,حدث,06-ح.xlsx,1,1,1,1
حدج,حدج,06-ح.xlsx,1,1,1,1
حدد,حدد,06-ح.xlsx,1,1,1,1
حدر,حدر,06-ح.xlsx,1,1,1,1
حدرج,حدرج,06-ح.xlsx,,,,
حدرد,حدرد,06-ح.xlsx,,,,
حدس,حدس,06-ح.xlsx,1,,1,
حدق,حدق,06-ح.xlsx,1,1,1,1
حدل,حدل,06-ح.xlsx,1,1,1,
حدم,حدم,06-ح.xlsx,1,1,1,1
حدو,حدو,06-ح.xlsx,1,,1,1
حذذ,حذذ,06-ح.xlsx,1,1,1,1
حذر,حذر,06-ح.xlsx,1,1,1,
حذف,حذف,06-ح.xlsx,1,,,1
حذفر,حذفر,06-ح.xlsx,,,,
حذق,حذق,06-ح.xlsx,1,1,1,1
حذل,حذل,06-ح.xlsx,1,,,
حذلم,حذلم,06-ح.xlsx,,,,
حذم,حذم,06-ح.xlsx,1,,,
حذن,حذن,06-ح.xlsx,1,,,
حذو,حذو,06-ح.xlsx,1,,,1
حرب,حرب,06-ح.xlsx,1,1,1,1
حرت,حرت,06-ح.xlsx,1,1,1,
حرث,حرث,06-ح.xlsx,1,1,1,1
حرج,حرج,06-ح.xlsx,1,1,1,1
حرجف,حرجف,06-ح.xlsx,,,,
حرح,حرح,06-ح.xlsx,,,,
حرد,حرد,06-ح.xlsx,1,1,1,1
حردب,حردب,06-ح.xlsx,,,,
حرر,حرر,06-ح.xlsx,1,1,1,1
حرز,حرز,06-ح.xlsx,1,1,1,1
حرزق,حرزق,06-ح.xlsx,,,,
حرس,حرس,06-ح.xlsx,1,1,1,1
حرش,حرش,06-ح.xlsx,1,1,1,
حرشف,حرشف,06-ح.xlsx,,,,
حرص,حرص,06-ح.xlsx,1,1,1,
حرض,حرض,06-ح.xlsx,1,1,1,1
حرف,حرف,06-ح.xlsx,1,1,1,1
حرفد,حرفد,06-ح.xlsx,,,,
حرفض,حرفض,06-ح.xlsx,,,,
حرق,حرق,06-ح.xlsx,1,,,1
حرقد,حرقد,06-ح.xlsx,,,,
حرقص,حرقص,06-ح.xlsx,,,,
حرقف,حرقف,06-ح.xlsx,,,,
حرك,حرك,06-ح.xlsx,1,1,1,
حرم,حرم,06-ح.xlsx,1,1,1,1
حرمد,حرمد,06-ح.xlsx,,,,
حرمل,حرمل,06-ح.xlsx,,,,
حرن,حرن,06-ح.xlsx,1,1,1,1
حرو,حرو,06-ح.xlsx,1,,1,1
حري,حري,06-ح.xlsx,1,,1,
حزأ,حزء,06-ح.xlsx,1,,,
حزب,حزب,06-ح.xlsx,1,1,1,1
حزر,حزر,06-ح.xlsx,1,1,1,1
حزرق,حزرق,06-ح.xlsx,,,,
حزز,حزز,06-ح.xlsx,1,,,1
حزق,حزق,06-ح.xlsx,1,1,1,
حزل,حزل,06-ح.xlsx,,1,1,
حزم,حزم,06-ح.xlsx,1,1,1,1
حزن,حزن,06-ح.xlsx,1,1,1,
حزو,حزو,06-ح.xlsx,1,,1,
حزي,حزي,06-ح.xlsx,1,,1,
حسب,حسب,06-ح.xlsx,1,1,1,1
حسد,حسد,06-ح.xlsx,1,1,1,
حسر,حسر,06-ح.xlsx,,1,1,1
حسس,حسس,06-ح.xlsx,1,1,1,1
حسف,حسف,06-ح.xlsx,,1,1,
حسك,حسك,06-ح.xlsx,1,,1,1
حسل,حسل,06-ح.xlsx,1,1,1,
حسم,حسم,06-ح.xlsx,1,1,1,
حسن,حسن,06-ح.xlsx,1,,1,1
حسو,حسو,06-ح.xlsx,1,,1,1
حسي,حسي,06-ح.xlsx,,,1,
حشأ,حشء,06-ح.xlsx,1,,,
حشب,حشب,06-ح.xlsx,1,,1,
حشبل,حشبل,06-ح.xlsx,,,,
حشد,حشد,06-ح.xlsx,1,,1,1
حشر,حشر,06-ح.xlsx,1,,1,
حشرج,حشرج,06-ح.xlsx,,,,
حشش,حشش,06-ح.xlsx,1,1,1,1
حشف,حشف,06-ح.xlsx,1,1,1,
حشك,حشك,06-ح.xlsx,1,1,1,
حشم,حشم,06-ح.xlsx,,1,1,
حشن,حشن,06-ح.xlsx,1,1,1,
حشو,حشو,06-ح.xlsx,1,,1,1
حصأ,حصء,06-ح.xlsx,,,,
حصب,حصب,06-ح.xlsx,1,1,1,1
حصحص,حصحص,06-ح.xlsx,,,,
حصد,حصد,06-ح.xlsx,1,1,1,1
حصر,حصر,06-ح.xlsx,1,1,1,
حصرم,حصرم,06-ح.xlsx,,,,
حصص,حصص,06-ح.xlsx,1,1,1,1
حصف,حصف,06-ح.xlsx,1,1,1,1
حصل,حصل,06-ح.xlsx,1,1,1,
حصلب,حصلب,06-ح.xlsx,,,,
حصم,حصم,06-ح.xlsx,1,,1,
حصن,حصن,06-ح.xlsx,1,1,1,1
حصي,حصي,06-ح.xlsx,,,1,1
حضأ,حضء,06-ح.xlsx,,,,
حضب,حضب,06-ح.xlsx,1,1,1,
حضج,حضج,06-ح.xlsx,1,1,1,
حضجر,حضجر,06-ح.xlsx,,,,
حضر,حضر,06-ح.xlsx,1,,1,1
حضرب,حضرب,06-ح.xlsx,,,,
حضرم,حضرم,06-ح.xlsx,,,,
حضض,حضض,06-ح.xlsx,1,1,1,
حضل,حضل,06-ح.xlsx,1,,1,
حضن,حضن,06-ح.xlsx,1,1,1,1
حضو,حضو,06-ح.xlsx,1,,,
حطأ,حطء,06-ح.xlsx,1,1,1,
حطب,حطب,06-ح.xlsx,1,1,1,1
حطر,حطر,06-ح.xlsx,,,,
حطط,حطط,06-ح.xlsx,1,1,1,1
حطم,حطم,06-ح.xlsx,1,1,1,1
حظأ,حظء,06-ح.xlsx,1,,,
حظب,حظب,06-ح.xlsx,1,,,
حظر,حظر,06-ح.xlsx,1,1,1,1
حظظ,حظظ,06-ح.xlsx,1,1,1,
حظل,حظل,06-ح.xlsx,1,1,1,
حظلب,حظلب,06-ح.xlsx,,,,
حظو,حظو,06-ح.xlsx,1,,1,
حظي,حظي,06-ح.xlsx,1,,1,
حفأ,حفء,06-ح.xlsx,1,,,
حفت,حفت,06-ح.xlsx,1,,1,
حفث,حفث,06-ح.xlsx,,1,1,
حفج,حفج,06-ح.xlsx,,,,
حفد,حفد,06-ح.xlsx,1,1,1,1
حفر,حفر,06-ح.xlsx,1,1,1,1
حفرد,حفرد,06-ح.xlsx,,,,
حفز,حفز,06-ح.xlsx,1,1,1,
حفس,حفس,06-ح.xlsx,1,,1,
حفش,حفش,06-ح.xlsx,1,1,1,
حفص,حفص,06-ح.xlsx,1,,1,
حفض,حفض,06-ح.xlsx,1,1,1,
حفظ,حفظ,06-ح.xlsx,1,1,1,1
حفف,حفف,06-ح.xlsx,,1,1,1
حفل,حفل,06-ح.xlsx,1,1,1,1
حفلج,حفلج,06-ح.xlsx,,,,
حفن,حفن,06-ح.xlsx,1,,1,1
حفو,حفو,06-ح.xlsx,1,,,1
حفي,حفي,06-ح.xlsx,1,,1,
حقب,حقب,06-ح.xlsx,1,1,1,1
حقد,حقد,06-ح.xlsx,1,1,1,
حقر,حقر,06-ح.xlsx,1,,1,
حقط,حقط,06-ح.xlsx,1,,1,
حقطب,حقطب,06-ح.xlsx,,,,
حقف,حقف,06-ح.xlsx,1,1,1,
حقق,حقق,06-ح.xlsx,,1,1,1
حقل,حقل,06-ح.xlsx,,1,1,
حقلد,حقلد,06-ح.xlsx,,,,
حقم,حقم,06-ح.xlsx,1,,1,
حقن,حقن,06-ح.xlsx,1,1,1,1
حقو,حقو,06-ح.xlsx,1,,1,1
حكأ,حكء,06-ح.xlsx,,,,
حكر,حكر,06-ح.xlsx,1,1,1,
حكش,حكش,06-ح.xlsx,1,,,
حكك,حكك,06-ح.xlsx,1,1,1,1
حكل,حكل,06-ح.xlsx,1,1,1,
حكم,حكم,06-ح.xlsx,1,1,1,1
حكي,حكي,06-ح.xlsx,,,1,1
حلأ,حلء,06-ح.xlsx,1,,,
حلب,حلب,06-ح.xlsx,1,1,1,1
حلبس,حلبس,06-ح.xlsx,,,,
حلت,حلت,06-ح.xlsx,1,,1,
حلتب,حلتب,06-ح.xlsx,,,,
حلج,حلج,06-ح.xlsx,1,,1,1
حلد,حلد,06-ح.xlsx,,,,
حلز,حلز,06-ح.xlsx,1,,1,
حلس,حلس,06-ح.xlsx,1,1,1,1
حلط,حلط,06-ح.xlsx,1,1,1,
حلف,حلف,06-ح.xlsx,1,1,1,1
حلق,حلق,06-ح.xlsx,1,1,1,1
حلقد,حلقد,06-ح.xlsx,,,,
حلقم,حلقم,06-ح.xlsx,,,,
حلقن,حلقن,06-ح.xlsx,,,,
حلك,حلك,06-ح.xlsx,1,1,1,
حلل,حلل,06-ح.xlsx,1,,1,1
حلم,حلم,06-ح.xlsx,1,1,1,1
حلو,حلو,06-ح.xlsx,1,,1,1
حلي,حلي,06-ح.xlsx,1,,,
حمأ,حمء,06-ح.xlsx,1,,,
حمت,حمت,06-ح.xlsx,1,,,
حمج,حمج,06-ح.xlsx,1,,,
حمد,حمد,06-ح.xlsx,1,,1,1
حمر,حمر,06-ح.xlsx,1,1,1,1
حمرد,حمرد,06-ح.xlsx,,,,
حمز,حمز,06-ح.xlsx,1,1,1,1
حمس,حمس,06-ح.xlsx,1,1,1,1
حمش,حمش,06-ح.xlsx,1,1,1,
حمص,حمص,06-ح.xlsx,1,,1,
حمض,حمض,06-ح.xlsx,1,1,1,1
حمط,حمط,06-ح.xlsx,1,,1,1
حمق,حمق,06-ح.xlsx,1,1,1,
حمك,حمك,06-ح.xlsx,1,,,
حمل,حمل,06-ح.xlsx,1,1,1,1
حملج,حملج,06-ح.xlsx,,,,
حملق,حملق,06-ح.xlsx,,,,
حمم,حمم,06-ح.xlsx,1,,1,1
حمن,حمن,06-ح.xlsx,1,,,
حمي,حمي,06-ح.xlsx,1,,,1
حنأ,حنء,06-ح.xlsx,1,,,
حنب,حنب,06-ح.xlsx,1,1,1,
حنبل,حنبل,06-ح.xlsx,,,,
حنت,حنت,06-ح.xlsx,1,,,
حنث,حنث,06-ح.xlsx,1,1,1,1
حنج,حنج,06-ح.xlsx,1,1,1,
حنجر,حنجر,06-ح.xlsx,,,,
حند,حند,06-ح.xlsx,,,,
حندس,حندس,06-ح.xlsx,,,,
حندلس,حندلس,06-ح.xlsx,,,,
حنذ,حنذ,06-ح.xlsx,1,1,1,1
حنر,حنر,06-ح.xlsx,1,,1,
حنزب,حنزب,06-ح.xlsx,,,,
حنس,حنس,06-ح.xlsx,,,,
حنش,حنش,06-ح.xlsx,1,1,1,
حنص,حنص,06-ح.xlsx,,,,
حنضج,حنضج,06-ح.xlsx,,,,
حنضل,حنضل,06-ح.xlsx,,,,
حنط,حنط,06-ح.xlsx,1,,1,
حنطب,حنطب,06-ح.xlsx,,,,
حنظ,حنظ,06-ح.xlsx,1,,,
حنظل,حنظل,06-ح.xlsx,,,,
حنف,حنف,06-ح.xlsx,1,1,1,
حنفس,حنفس,06-ح.xlsx,,,,
حنق,حنق,06-ح.xlsx,1,1,1,
حنك,حنك,06-ح.xlsx,1,1,1,1
حنكل,حنكل,06-ح.xlsx,,,,
حنن,حنن,06-ح.xlsx,1,1,1,1
حنو,حنو,06-ح.xlsx,1,1,1,
حوأ,حوء,06-ح.xlsx,,,,
حوب,حوب,06-ح.xlsx,1,1,1,
حوت,حوت,06-ح.xlsx,1,1,1,1
حوث,حوث,06-ح.xlsx,1,,1,
حوج,حوج,06-ح.xlsx,1,1,1,
حود,حود,06-ح.xlsx,1,,,
حوذ,حوذ,06-ح.xlsx,1,1,1,1
حور,حور,06-ح.xlsx,1,1,1,1
حوز,حوز,06-ح.xlsx,1,1,1,1
حوس,حوس,06-ح.xlsx,1,1,1,1
حوش,حوش,06-ح.xlsx,1,,1,1
حوص,حوص,06-ح.xlsx,1,1,1,1
حوض,حوض,06-ح.xlsx,1,,1,1
حوط,حوط,06-ح.xlsx,,,1,1
حوف,حوف,06-ح.xlsx,1,,,
حوق,حوق,06-ح.xlsx,1,1,1,1
حوك,حوك,06-ح.xlsx,1,,1,1
حول,حول,06-ح.xlsx,1,1,1,
حوم,حوم,06-ح.xlsx,1,,1,1
حون,حون,06-ح.xlsx,1,,,
حوي,حوي,06-ح.xlsx,1,,1,1
حيث,حيث,06-ح.xlsx,1,,1,
حيج,حيج,06-ح.xlsx,1,,,
حيد,حيد,06-ح.xlsx,1,1,1,
حير,حير,06-ح.xlsx,1,1,1,1
حيز,حيز,06-ح.xlsx,1,,1,
حيس,حيس,06-ح.xlsx,1,1,1,
حيش,حيش,06-ح.xlsx,1,,,
حيص,حيص,06-ح.xlsx,1,1,1,
حيض,حيض,06-ح.xlsx,,,1,1
حيط,حيط,06-ح.xlsx,,,1,
حيف,حيف,06-ح.xlsx,1,1,1,
حيق,حيق,06-ح.xlsx,,,1,
حيك,حيك,06-ح.xlsx,1,1,1,1
حيل,حيل,06-ح.xlsx,1,,,
حين,حين,06-ح.xlsx,1,,1,
حيه,حيه,06-ح.xlsx,1,,,
حيي,حيي,06-ح.xlsx,,,1,1
خبأ,خبء,07-خ.xlsx,1,1,1,
خبب,خبب,07-خ.xlsx,1,1,1,
خبت,خبت,07-خ.xlsx,1,1,1,1
خبث,خبث,07-خ.xlsx,1,1,1,1
خبج,خبج,07-خ.xlsx,1,,1,
خبر,خبر,07-خ.xlsx,1,1,1,1
خبز,خبز,07-خ.xlsx,1,1,1,1
خبس,خبس,07-خ.xlsx,1,,,
خبش,خبش,07-خ.xlsx,1,,1,
خبص,خبص,07-خ.xlsx,1,,1,
خبط,خبط,07-خ.xlsx,1,1,1,1
خبع,خبع,07-خ.xlsx,1,,1,
خبعثن,خبعثن,07-خ.xlsx,,,,
خبق,خبق,07-خ.xlsx,1,1,1,
خبل,خبل,07-خ.xlsx,1,1,1,
خبن,خبن,07-خ.xlsx,1,1,1,
خبند,خبند,07-خ.xlsx,,,,
خبو,خبو,07-خ.xlsx,1,,,1
ختء,ختء,07-خ.xlsx,1,,,
ختت,ختت,07-خ.xlsx,1,,1,
ختر,ختر,07-خ.xlsx,1,1,1,
ختع,ختع,07-خ.xlsx,1,1,1,
ختعر,ختعر,07-خ.xlsx,,,,
ختف,ختف,07-خ.xlsx,1,,,
ختل,ختل,07-خ.xlsx,1,1,1,
ختم,ختم,07-خ.xlsx,1,1,1,1
ختن,ختن,07-خ.xlsx,1,1,1,
ختو,ختو,07-خ.xlsx,1,,,
خثث,خثث,07-خ.xlsx,1,,1,
خثر,خثر,07-خ.xlsx,1,1,1,1
خثعب,خثعب,07-خ.xlsx,,,,
خثعم,خثعم,07-خ.xlsx,,,,
خثل,خثل,07-خ.xlsx,1,,1,
خثم,خثم,07-خ.xlsx,1,,1,1
خثي,خثي,07-خ.xlsx,1,,,1
خجء,خجء,07-خ.xlsx,1,,,
خجج,خجج,07-خ.xlsx,1,1,1,
خجر,خجر,07-خ.xlsx,1,,,
خجف,خجف,07-خ.xlsx,1,,,
خجل,خجل,07-خ.xlsx,1,1,1,
خجم,خجم,07-خ.xlsx,1,,,
خجو,خجو,07-خ.xlsx,1,,1,
خدب,خدب,07-خ.xlsx,1,1,1,
خدج,خدج,07-خ.xlsx,1,1,1,1
خدد,خدد,07-خ.xlsx,1,1,1,
خدر,خدر,07-خ.xlsx,1,1,1,1
خدش,خدش,07-خ.xlsx,1,1,1,1
خدع,خدع,07-خ.xlsx,1,,1,1
خدف,خدف,07-خ.xlsx,1,,1,
خدل,خدل,07-خ.xlsx,1,1,1,
خدلج,خدلج,07-خ.xlsx,,,,
خدم,خدم,07-خ.xlsx,1,1,1,1
خدن,خدن,07-خ.xlsx,1,1,1,
خدي,خدي,07-خ.xlsx,1,,,
خذء,خذء,07-خ.xlsx,1,,,
خذر,خذر,07-خ.xlsx,1,,,
خذرف,خذرف,07-خ.xlsx,,,,
خذرق,خذرق,07-خ.xlsx,,,,
خذع,خذع,07-خ.xlsx,1,1,1,
خذعل,خذعل,07-خ.xlsx,,,,
خذف,خذف,07-خ.xlsx,1,1,1,1
خذفر,خذفر,07-خ.xlsx,,,,
خذق,خذق,07-خ.xlsx,1,,1,
خذل,خذل,07-خ.xlsx,1,1,1,1
خذم,خذم,07-خ.xlsx,1,1,1,1
خذو,خذو,07-خ.xlsx,1,,,
خرء,خرء,07-خ.xlsx,1,,,
خرب,خرب,07-خ.xlsx,1,1,1,1
خربس,خربس,07-خ.xlsx,,,,
خربش,خربش,07-خ.xlsx,,,,
خربق,خربق,07-خ.xlsx,,,,
خرت,خرت,07-خ.xlsx,1,1,1,1
خرث,خرث,07-خ.xlsx,1,,1,1
خرج,خرج,07-خ.xlsx,1,1,1,1
خرد,خرد,07-خ.xlsx,1,1,1,1
خردب,خردب,07-خ.xlsx,,,,
خردل,خردل,07-خ.xlsx,,,,
خرر,خرر,07-خ.xlsx,1,1,1,1
خرز,خرز,07-خ.xlsx,1,1,1,1
خرس,خرس,07-خ.xlsx,1,1,1,1
خرش,خرش,07-خ.xlsx,1,1,1,
خرشب,خرشب,07-خ.xlsx,,,,
خرشم,خرشم,07-خ.xlsx,,,,
خرص,خرص,07-خ.xlsx,1,,1,1
خرض,خرض,07-خ.xlsx,1,,1,
خرط,خرط,07-خ.xlsx,1,1,1,1
خرطم,خرطم,07-خ.xlsx,,,,
خرع,خرع,07-خ.xlsx,1,1,1,1
خرعب,خرعب,07-خ.xlsx,,,,
خرف,خرف,07-خ.xlsx,1,1,1,
خرفج,خرفج,07-خ.xlsx,,,,
خرفش,خرفش,07-خ.xlsx,,,,
خرق,خرق,07-خ.xlsx,1,1,1,1
خرقل,خرقل,07-خ.xlsx,,,,
خرك,خرك,07-خ.xlsx,1,,,
خرم,خرم,07-خ.xlsx,1,1,1,1
خرمد,خرمد,07-خ.xlsx,,,,
خرمس,خرمس,07-خ.xlsx,,,,
خرمش,خرمش,07-خ.xlsx,,,,
خرمص,خرمص,07-خ.xlsx,,,,
خرمل,خرمل,07-خ.xlsx,,,,
خرنب,خرنب,07-خ.xlsx,,,,
خرنف,خرنف,07-خ.xlsx,,,,
خرنق,خرنق,07-خ.xlsx,,,,
خزب,خزب,07-خ.xlsx,1,1,1,
خزبز,خزبز,07-خ.xlsx,,,,
خزج,خزج,07-خ.xlsx,1,,,
خزر,خزر,07-خ.xlsx,1,,1,
خزرب,خزرب,07-خ.xlsx,,,,
خزرج,خزرج,07-خ.xlsx,,,,
خزز,خزز,07-خ.xlsx,1,1,1,1
خزع,خزع,07-خ.xlsx,1,1,1,
خزعبل,خزعبل,07-خ.xlsx,,,,
خزعل,خزعل,07-خ.xlsx,,,,
خزف,خزف,07-خ.xlsx,1,,1,
خزق,خزق,07-خ.xlsx,1,1,1,1
خزل,خزل,07-خ.xlsx,1,1,1,1
خزم,خزم,07-خ.xlsx,1,1,1,1
خزن,خزن,07-خ.xlsx,1,1,1,1
خزو,خزو,07-خ.xlsx,1,,1,
خزي,خزي,07-خ.xlsx,1,,,
خسء,خسء,07-خ.xlsx,1,1,1,1
خسج,خسج,07-خ.xlsx,1,,,
خسر,خسر,07-خ.xlsx,1,1,1,1
خسس,خسس,07-خ.xlsx,1,1,1,
خسف,خسف,07-خ.xlsx,1,1,1,1
خسفج,خسفج,07-خ.xlsx,,,,
خسق,خسق,07-خ.xlsx,1,,1,
خسل,خسل,07-خ.xlsx,1,1,1,
خسي,خسي,07-خ.xlsx,1,,,
خشب,خشب,07-خ.xlsx,1,1,1,1
خشر,خشر,07-خ.xlsx,1,1,1,1
خشرم,خشرم,07-خ.xlsx,,,,
خشش,خشش,07-خ.xlsx,1,1,1,1
خشع,خشع,07-خ.xlsx,1,1,1,
خشف,خشف,07-خ.xlsx,1,1,1,
خشل,خشل,07-خ.xlsx,1,1,1,
خشم,خشم,07-خ.xlsx,1,1,1,1
خشن,خشن,07-خ.xlsx,1,,1,1
خشو,خشو,07-خ.xlsx,1,,,
خشي,خشي,07-خ.xlsx,1,1,1,
خصب,خصب,07-خ.xlsx,1,1,1,1
خصر,خصر,07-خ.xlsx,1,1,1,1
خصص,خصص,07-خ.xlsx,1,1,1,1
خصف,خصف,07-خ.xlsx,1,1,1,1
خصل,خصل,07-خ.xlsx,1,1,1,1
خصم,خصم,07-خ.xlsx,1,1,1,1
خصن,خصن,07-خ.xlsx,1,,1,
خصي,خصي,07-خ.xlsx,1,,1,
خضب,خضب,07-خ.xlsx,1,1,1,1
خضد,خضد,07-خ.xlsx,1,1,1,1
خضر,خضر,07-خ.xlsx,1,1,1,1
خضرب,خضرب,07-خ.xlsx,,,,
خضرع,خضرع,07-خ.xlsx,,,,
خضرم,خضرم,07-خ.xlsx,,,,
خضض,خضض,07-خ.xlsx,1,1,1,
خضع,خضع,07-خ.xlsx,,1,1,
خضف,خضف,07-خ.xlsx,1,,1,1
خضل,خضل,07-خ.xlsx,1,1,1,1
خضم,خضم,07-خ.xlsx,1,1,1,1
خضن,خضن,07-خ.xlsx,1,1,1,
خطء,خطء,07-خ.xlsx,1,1,1,1
خطب,خطب,07-خ.xlsx,1,1,1,1
خطر,خطر,07-خ.xlsx,1,1,1,1
خطرب,خطرب,07-خ.xlsx,,,,
خطرف,خطرف,07-خ.xlsx,,,,
خطط,خطط,07-خ.xlsx,1,1,1,1
خطف,خطف,07-خ.xlsx,1,1,1,1
خطل,خطل,07-خ.xlsx,1,1,1,1
خطلب,خطلب,07-خ.xlsx,,,,
خطم,خطم,07-خ.xlsx,1,1,1,1
خطو,خطو,07-خ.xlsx,1,1,1,1
خظظ,خظظ,07-خ.xlsx,1,,,
خظو,خظو,07-خ.xlsx,1,,,
خعب,خعب,07-خ.xlsx,1,,,
خعل,خعل,07-خ.xlsx,1,,,
خعم,خعم,07-خ.xlsx,1,,,
خفت,خفت,07-خ.xlsx,1,1,1,1
خفتر,خفتر,07-خ.xlsx,,,,
خفج,خفج,07-خ.xlsx,1,1,1,
خفد,خفد,07-خ.xlsx,1,1,1,
خفر,خفر,07-خ.xlsx,1,1,1,
خفس,خفس,07-خ.xlsx,1,,,
خفش,خفش,07-خ.xlsx,1,,,
خفض,خفض,07-خ.xlsx,1,,,1
خفع,خفع,07-خ.xlsx,1,1,1,
خفف,خفف,07-خ.xlsx,1,1,1,1
خفق,خفق,07-خ.xlsx,1,1,1,
خفو,خفو,07-خ.xlsx,1,,,
خفي,خفي,07-خ.xlsx,1,1,1,
خقق,خقق,07-خ.xlsx,1,1,1,
خقن,خقن,07-خ.xlsx,1,,,
خلء,خلء,07-خ.xlsx,1,,,
خلب,خلب,07-خ.xlsx,1,1,1,1
خلبس,خلبس,07-خ.xlsx,,,,
خلبص,خلبص,07-خ.xlsx,,,,
خلت,خلت,07-خ.xlsx,,,,
خلج,خلج,07-خ.xlsx,1,1,1,1
خلجم,خلجم,07-خ.xlsx,,,,
خلد,خلد,07-خ.xlsx,1,1,1,1
خلر,خلر,07-خ.xlsx,1,,,
خلس,خلس,07-خ.xlsx,1,1,1,1
خلص,خلص,07-خ.xlsx,1,1,1,1
خلط,خلط,07-خ.xlsx,1,,1,1
خلع,خلع,07-خ.xlsx,1,1,1,1
خلف,خلف,07-خ.xlsx,1,1,1,1
خلق,خلق,07-خ.xlsx,1,1,1,1
خلل,خلل,07-خ.xlsx,1,1,1,1
خلم,خلم,07-خ.xlsx,1,1,1,
خلو,خلو,07-خ.xlsx,1,1,1,
خلي,خلي,07-خ.xlsx,1,,,
خمء,خمء,07-خ.xlsx,1,,,
خمت,خمت,07-خ.xlsx,1,,,
خمج,خمج,07-خ.xlsx,1,1,1,
خمد,خمد,07-خ.xlsx,1,1,1,1
خمر,خمر,07-خ.xlsx,1,1,1,1
خمز,خمز,07-خ.xlsx,,,,
خمس,خمس,07-خ.xlsx,1,1,1,1
خمش,خمش,07-خ.xlsx,1,1,1,1
خمص,خمص,07-خ.xlsx,1,1,1,
خمط,خمط,07-خ.xlsx,1,1,1,1
خمطر,خمطر,07-خ.xlsx,,,,
خمع,خمع,07-خ.xlsx,1,1,1,
خمل,خمل,07-خ.xlsx,1,1,1,1
خمم,خمم,07-خ.xlsx,1,1,1,1
خمن,خمن,07-خ.xlsx,1,,,
خنب,خنب,07-خ.xlsx,1,1,1,
خنبث,خنبث,07-خ.xlsx,,,,
خنبج,خنبج,07-خ.xlsx,,,,
خنبس,خنبس,07-خ.xlsx,,,,
خنبش,خنبش,07-خ.xlsx,,,,
خنت,خنت,07-خ.xlsx,1,,,
خنتر,خنتر,07-خ.xlsx,,,,
خنث,خنث,07-خ.xlsx,1,1,1,
خنثب,خنثب,07-خ.xlsx,,,,
خنج,خنج,07-خ.xlsx,,,,
خنجر,خنجر,07-خ.xlsx,,,,
خندب,خندب,07-خ.xlsx,,,,
خندرس,خندرس,07-خ.xlsx,,,,
خندف,خندف,07-خ.xlsx,,,,
خندق,خندق,07-خ.xlsx,,,,
خندلس,خندلس,07-خ.xlsx,,,,
خنذ,خنذ,07-خ.xlsx,1,,,
خنر,خنر,07-خ.xlsx,1,,,
خنز,خنز,07-خ.xlsx,1,,1,
خنزج,خنزج,07-خ.xlsx,,,,
خنزر,خنزر,07-خ.xlsx,,,,
خنس,خنس,07-خ.xlsx,1,1,1,1
خنسر,خنسر,07-خ.xlsx,,,,
خنش,خنش,07-خ.xlsx,1,,,
خنص,خنص,07-خ.xlsx,1,,,
خنصر,خنصر,07-خ.xlsx,,,,
خنط,خنط,07-خ.xlsx,1,,1,
خنطر,خنطر,07-خ.xlsx,,,,
خنطل,خنطل,07-خ.xlsx,,,,
خنظب,خنظب,07-خ.xlsx,,,,
خنع,خنع,07-خ.xlsx,1,1,1,
خنعب,خنعب,07-خ.xlsx,,,,
خنعس,خنعس,07-خ.xlsx,,,,
خنف,خنف,07-خ.xlsx,1,1,1,
خنفر,خنفر,07-خ.xlsx,,,,
خنفس,خنفس,07-خ.xlsx,,,,
خنق,خنق,07-خ.xlsx,1,1,1,1
خنم,خنم,07-خ.xlsx,1,,,
خنن,خنن,07-خ.xlsx,1,1,1,
خنو,خنو,07-خ.xlsx,1,,,
خني,خني,07-خ.xlsx,1,,,1
خوب,خوب,07-خ.xlsx,1,1,1,
خوت,خوت,07-خ.xlsx,1,1,1,
خوث,خوث,07-خ.xlsx,1,,1,
خوخ,خوخ,07-خ.xlsx,1,,1,
خود,خود,07-خ.xlsx,1,,1,
خوذ,خوذ,07-خ.xlsx,1,,1,
خور,خور,07-خ.xlsx,1,1,1,1
خوز,خوز,07-خ.xlsx,1,,,
خوس,خوس,07-خ.xlsx,1,1,1,
خوش,خوش,07-خ.xlsx,1,1,1,
خوص,خوص,07-خ.xlsx,1,1,1,1
خوض,خوض,07-خ.xlsx,1,1,1,1
خوط,خوط,07-خ.xlsx,1,1,1,
خوع,خوع,07-خ.xlsx,1,1,1,
خوف,خوف,07-خ.xlsx,1,1,1,1
خوق,خوق,07-خ.xlsx,1,1,1,
خول,خول,07-خ.xlsx,1,1,1,1
خوم,خوم,07-خ.xlsx,1,,,
خون,خون,07-خ.xlsx,,1,1,
خوو,خوو,07-خ.xlsx,,,,
خوي,خوي,07-خ.xlsx,1,1,1,1
خيب,خيب,07-خ.xlsx,1,1,1,1
خيت,خيت,07-خ.xlsx,1,,,
خيث,خيث,07-خ.xlsx,,,,
خيج,خيج,07-خ.xlsx,1,,,
خيد,خيد,07-خ.xlsx,,,,
خير,خير,07-خ.xlsx,1,,1,
خيس,خيس,07-خ.xlsx,1,1,1,1
خيش,خيش,07-خ.xlsx,1,,,
خيص,خيص,07-خ.xlsx,1,,1,
خيط,خيط,07-خ.xlsx,1,1,1,1
خيف,خيف,07-خ.xlsx,1,1,1,1
خيل,خيل,07-خ.xlsx,1,1,1,
خيم,خيم,07-خ.xlsx,1,1,1,
دءب,دءب,08-د.xlsx,1,1,1,1
دأت,دءت,08-د.xlsx,,,,
دءث,دءث,08-د.xlsx,1,,1,
دأد,دءد,08-د.xlsx,,,,
دأدأ,دءدء,08-د.xlsx,1,,,
دءظ,دءظ,08-د.xlsx,1,,1,
دءل,دءل,08-د.xlsx,1,1,1,
دءم,دءم,08-د.xlsx,1,1,1,
دءو,دءو,08-د.xlsx,1,,,
دءي,دءي,08-د.xlsx,1,1,1,
دبء,دبء,08-د.xlsx,1,,,1
دبب,دبب,08-د.xlsx,1,1,1,
دبج,دبج,08-د.xlsx,1,1,1,
دبح,دبح,08-د.xlsx,1,1,1,
دبخ,دبخ,08-د.xlsx,,,,
دبخس,دبخس,08-د.xlsx,,,,
دبر,دبر,08-د.xlsx,1,1,1,1
دبس,دبس,08-د.xlsx,1,1,1,1
دبش,دبش,08-د.xlsx,1,,1,
دبغ,دبغ,08-د.xlsx,1,,1,1
دبق,دبق,08-د.xlsx,1,,1,
دبك,دبك,08-د.xlsx,1,,,
دبل,دبل,08-د.xlsx,1,1,1,
دبن,دبن,08-د.xlsx,1,,,
دبي,دبي,08-د.xlsx,1,,1,
دثأ,دثء,08-د.xlsx,1,,1,
دثث,دثث,08-د.xlsx,1,,1,
دثر,دثر,08-د.xlsx,,1,1,1
دثط,دثط,08-د.xlsx,1,,,
دثع,دثع,08-د.xlsx,1,,,
دثن,دثن,08-د.xlsx,1,,1,
دجب,دجب,08-د.xlsx,1,,,
دجج,دجج,08-د.xlsx,1,1,1,
دجر,دجر,08-د.xlsx,1,1,1,
دجل,دجل,08-د.xlsx,1,1,1,1
دجم,دجم,08-د.xlsx,1,,1,
دجن,دجن,08-د.xlsx,1,,1,1
دجو,دجو,08-د.xlsx,1,,,
دجي,دجي,08-د.xlsx,1,,,1
دحب,دحب,08-د.xlsx,1,,,
دحج,دحج,08-د.xlsx,1,,,
دحجب,دحجب,08-د.xlsx,,,,
دحح,دحح,08-د.xlsx,1,1,1,
دحر,دحر,08-د.xlsx,1,1,1,
دحرج,دحرج,08-د.xlsx,,,,
دحرض,دحرض,08-د.xlsx,,,,
دحز,دحز,08-د.xlsx,1,,1,
دحس,دحس,08-د.xlsx,1,1,1,
دحص,دحص,08-د.xlsx,1,,1,
دحض,دحض,08-د.xlsx,1,1,1,1
دحق,دحق,08-د.xlsx,1,,1,
دحقب,دحقب,08-د.xlsx,,,,
دحل,دحل,08-د.xlsx,1,1,1,
دحم,دحم,08-د.xlsx,1,,1,
دحمر,دحمر,08-د.xlsx,,,,
دحمس,دحمس,08-د.xlsx,,,,
دحن,دحن,08-د.xlsx,1,,1,
دحو,دحو,08-د.xlsx,1,1,1,
دحي,دحي,08-د.xlsx,1,,,
دخخ,دخخ,08-د.xlsx,1,,1,
دخدب,دخدب,08-د.xlsx,,,,
دخدر,دخدر,08-د.xlsx,,,,
دخر,دخر,08-د.xlsx,1,1,1,
دخرص,دخرص,08-د.xlsx,,,,
دخس,دخس,08-د.xlsx,1,1,1,
دخش,دخش,08-د.xlsx,1,,1,
دخص,دخص,08-د.xlsx,1,,1,
دخض,دخض,08-د.xlsx,1,,,
دخل,دخل,08-د.xlsx,1,1,1,
دخم,دخم,08-د.xlsx,1,,,
دخمس,دخمس,08-د.xlsx,,,,
دخن,دخن,08-د.xlsx,1,1,1,1
دخنس,دخنس,08-د.xlsx,,,,
دخي,دخي,08-د.xlsx,1,,,
ددد,ددد,08-د.xlsx,,,1,
ددم,ددم,08-د.xlsx,1,,,
ددن,ددن,08-د.xlsx,1,1,1,
دذن,دذن,08-د.xlsx,1,,,
درء,درء,08-د.xlsx,1,,,1
درب,درب,08-د.xlsx,1,,1,
دربج,دربج,08-د.xlsx,,,,
دربح,دربح,08-د.xlsx,,,,
دربخ,دربخ,08-د.xlsx,,,,
دربس,دربس,08-د.xlsx,,,,
دربل,دربل,08-د.xlsx,1,,,
دربن,دربن,08-د.xlsx,1,,,
درج,درج,08-د.xlsx,1,1,1,1
درح,درح,08-د.xlsx,1,,1,
درد,درد,08-د.xlsx,1,,1,1
دردب,دردب,08-د.xlsx,1,,,
دردبس,دردبس,08-د.xlsx,1,,,
دردج,دردج,08-د.xlsx,1,,,
دردح,دردح,08-د.xlsx,,,,
دردقس,دردقس,08-د.xlsx,,,,
دردم,دردم,08-د.xlsx,1,,,
درر,درر,08-د.xlsx,1,1,1,
درز,درز,08-د.xlsx,1,,1,
درس,درس,08-د.xlsx,1,1,1,1
درش,درش,08-د.xlsx,1,,,
درص,درص,08-د.xlsx,1,,1,1
درع,درع,08-د.xlsx,1,1,1,
درغش,درغش,08-د.xlsx,1,,,
درفس,درفس,08-د.xlsx,1,,,
درفق,درفق,08-د.xlsx,,,,
درق,درق,08-د.xlsx,1,,1,
درقع,درقع,08-د.xlsx,,,,
درقل,درقل,08-د.xlsx,,,,
درك,درك,08-د.xlsx,1,1,1,
درم,درم,08-د.xlsx,1,1,1,1
درمج,درمج,08-د.xlsx,1,,,
درمس,درمس,08-د.xlsx,1,,,
درمك,درمك,08-د.xlsx,,,,
درن,درن,08-د.xlsx,1,1,1,
درنس,درنس,08-د.xlsx,1,,,
درنك,درنك,08-د.xlsx,,,,
دره,دره,08-د.xlsx,1,,1,
درهس,درهس,08-د.xlsx,,,,
درهم,درهم,08-د.xlsx,,,,
دري,دري,08-د.xlsx,1,,1,1
دست,دست,08-د.xlsx,,,1,
دسج,دسج,08-د.xlsx,,,,
دسر,دسر,08-د.xlsx,1,1,1,1
دسس,دسس,08-د.xlsx,1,1,1,
دسع,دسع,08-د.xlsx,,1,1,1
دسف,دسف,08-د.xlsx,1,,,
دسق,دسق,08-د.xlsx,1,1,1,
دسك,دسك,08-د.xlsx,1,,,
دسكر,دسكر,08-د.xlsx,,,,
دسم,دسم,08-د.xlsx,1,1,1,1
دسو,دسو,08-د.xlsx,1,1,1,
دسي,دسي,08-د.xlsx,1,1,1,
دشت,دشت,08-د.xlsx,,,,
دشم,دشم,08-د.xlsx,1,,,
دشن,دشن,08-د.xlsx,1,,,
دظظ,دظظ,08-د.xlsx,1,,,
دعب,دعب,08-د.xlsx,1,1,1,1
دعبث,دعبث,08-د.xlsx,,,,
دعبل,دعبل,08-د.xlsx,,,,
دعت,دعت,08-د.xlsx,1,,,
دعتب,دعتب,08-د.xlsx,,,,
دعث,دعث,08-د.xlsx,1,,1,
دعثر,دعثر,08-د.xlsx,,,,
دعج,دعج,08-د.xlsx,1,1,1,1
دعر,دعر,08-د.xlsx,1,1,1,
دعرب,دعرب,08-د.xlsx,,,,
دعرم,دعرم,08-د.xlsx,,,,
دعز,دعز,08-د.xlsx,1,,1,
دعس,دعس,08-د.xlsx,1,1,1,
دعسج,دعسج,08-د.xlsx,,,,
دعشق,دعشق,08-د.xlsx,,,,
دعص,دعص,08-د.xlsx,1,1,1,
دعع,دعع,08-د.xlsx,1,1,1,
دعق,دعق,08-د.xlsx,1,1,1,
دعك,دعك,08-د.xlsx,1,1,1,
دعكس,دعكس,08-د.xlsx,,,,
دعلج,دعلج,08-د.xlsx,,,,
دعم,دعم,08-د.xlsx,1,1,1,1
دعمص,دعمص,08-د.xlsx,,,,
دعن,دعن,08-د.xlsx,1,,,
دعو,دعو,08-د.xlsx,1,,1,1
دغت,دغت,08-د.xlsx,1,,,
دغدغ,دغدغ,08-د.xlsx,1,,,1
دغر,دغر,08-د.xlsx,1,1,1,
دغرق,دغرق,08-د.xlsx,1,,,
دغش,دغش,08-د.xlsx,1,,1,
دغص,دغص,08-د.xlsx,1,,1,
دغغ,دغغ,08-د.xlsx,,,,
دغف,دغف,08-د.xlsx,1,,1,
دغفق,دغفق,08-د.xlsx,1,,,
دغفل,دغفل,08-د.xlsx,,,,
دغل,دغل,08-د.xlsx,1,1,1,1
دغم,دغم,08-د.xlsx,1,1,1,
دغمر,دغمر,08-د.xlsx,1,,,
دغن,دغن,08-د.xlsx,1,,,
دغو,دغو,08-د.xlsx,1,,,
دفء,دفء,08-د.xlsx,1,1,1,
دفتر,دفتر,08-د.xlsx,1,,,
دفر,دفر,08-د.xlsx,1,1,1,
دفس,دفس,08-د.xlsx,,,,
دفطس,دفطس,08-د.xlsx,1,,,
دفع,دفع,08-د.xlsx,1,1,1,1
دفف,دفف,08-د.xlsx,1,1,1,1
دفق,دفق,08-د.xlsx,1,1,1,1
دفل,دفل,08-د.xlsx,1,,1,
دفن,دفن,08-د.xlsx,1,1,1,1
دفنس,دفنس,08-د.xlsx,1,,,
دفو,دفو,08-د.xlsx,1,,,
دقر,دقر,08-د.xlsx,1,1,1,
دقس,دقس,08-د.xlsx,1,,1,
دقش,دقش,08-د.xlsx,1,,,
دقع,دقع,08-د.xlsx,1,1,1,
دقف,دقف,08-د.xlsx,,,,
دقق,دقق,08-د.xlsx,1,1,1,1
دقل,دقل,08-د.xlsx,1,,1,
دقم,دقم,08-د.xlsx,1,,1,
دقن,دقن,08-د.xlsx,,,,
دكء,دكء,08-د.xlsx,1,,1,
دكر,دكر,08-د.xlsx,1,,,
دكس,دكس,08-د.xlsx,1,1,1,
دكع,دكع,08-د.xlsx,1,,1,
دكك,دكك,08-د.xlsx,1,1,1,1
دكل,دكل,08-د.xlsx,1,1,1,
دكم,دكم,08-د.xlsx,1,,,
دكن,دكن,08-د.xlsx,1,1,1,1
دلب,دلب,08-د.xlsx,1,,1,
دلبث,دلبث,08-د.xlsx,1,,,
دلبح,دلبح,08-د.xlsx,,,,
دلث,دلث,08-د.xlsx,1,1,1,
دلج,دلج,08-د.xlsx,1,1,1,
دلح,دلح,08-د.xlsx,1,1,1,1
دلخ,دلخ,08-د.xlsx,1,,,
دلس,دلس,08-د.xlsx,1,1,1,1
دلص,دلص,08-د.xlsx,1,1,1,
دلظ,دلظ,08-د.xlsx,1,1,1,
دلظم,دلظم,08-د.xlsx,1,,,
دلع,دلع,08-د.xlsx,1,1,1,1
دلعث,دلعث,08-د.xlsx,,,,
دلغف,دلغف,08-د.xlsx,1,,,
دلف,دلف,08-د.xlsx,1,1,1,1
دلق,دلق,08-د.xlsx,1,1,1,
دلك,دلك,08-د.xlsx,1,1,1,1
دلل,دلل,08-د.xlsx,1,1,1,1
دلم,دلم,08-د.xlsx,1,1,1,1
دلمز,دلمز,08-د.xlsx,,,,
دلمس,دلمس,08-د.xlsx,1,,,
دلمص,دلمص,08-د.xlsx,,,,
دله,دله,08-د.xlsx,1,1,1,
دلهث,دلهث,08-د.xlsx,,,,
دلهم,دلهم,08-د.xlsx,,,,
دلهمس,دلهمس,08-د.xlsx,,,,
دلو,دلو,08-د.xlsx,1,,,
دلي,دلي,08-د.xlsx,,1,1,1
دمث,دمث,08-د.xlsx,1,1,1,1
دمثر,دمثر,08-د.xlsx,1,,,
دمج,دمج,08-د.xlsx,1,1,1,1
دمح,دمح,08-د.xlsx,1,,,
دمحل,دمحل,08-د.xlsx,,,,
دمخ,دمخ,08-د.xlsx,1,,1,
دمخق,دمخق,08-د.xlsx,,,,
دمدم,دمدم,08-د.xlsx,,,,
دمر,دمر,08-د.xlsx,1,1,1,1
دمرغ,دمرغ,08-د.xlsx,1,,,
دمس,دمس,08-د.xlsx,1,1,1,
دمشق,دمشق,08-د.xlsx,,,,
دمص,دمص,08-د.xlsx,1,1,1,
دمع,دمع,08-د.xlsx,1,1,1,1
دمغ,دمغ,08-د.xlsx,,,1,1
دمق,دمق,08-د.xlsx,1,,1,
دمقس,دمقس,08-د.xlsx,,,,
دمك,دمك,08-د.xlsx,1,1,1,
دمل,دمل,08-د.xlsx,1,1,1,1
دملج,دملج,08-د.xlsx,1,,,
دملق,دملق,08-د.xlsx,,,,
دملك,دملك,08-د.xlsx,,,,
دمم,دمم,08-د.xlsx,1,1,1,1
دمن,دمن,08-د.xlsx,1,1,1,1
دمه,دمه,08-د.xlsx,1,,,
دمي,دمي,08-د.xlsx,1,,,
دنء,دنء,08-د.xlsx,1,,,
دنب,دنب,08-د.xlsx,1,,1,
دنج,دنج,08-د.xlsx,,,,
دنح,دنح,08-د.xlsx,1,,,
دنخ,دنخ,08-د.xlsx,1,,1,
دنر,دنر,08-د.xlsx,1,,1,1
دنس,دنس,08-د.xlsx,1,,1,1
دنع,دنع,08-د.xlsx,1,1,1,
دنف,دنف,08-د.xlsx,1,1,1,1
دنفس,دنفس,08-د.xlsx,1,,,
دنق,دنق,08-د.xlsx,1,,1,1
دنقس,دنقس,08-د.xlsx,,,,
دنم,دنم,08-د.xlsx,1,1,1,
دنن,دنن,08-د.xlsx,1,1,1,
دنو,دنو,08-د.xlsx,1,,,1
دني,دني,08-د.xlsx,,,1,
دهب,دهب,08-د.xlsx,,,,
دهبل,دهبل,08-د.xlsx,,,,
دهث,دهث,08-د.xlsx,1,,,
دهدق,دهدق,08-د.xlsx,,,,
دهدم,دهدم,08-د.xlsx,,,,
دهده,دهده,08-د.xlsx,1,,,
دهدي,دهدي,08-د.xlsx,,,,
دهر,دهر,08-د.xlsx,1,1,1,1
دهرج,دهرج,08-د.xlsx,,,,
دهرس,دهرس,08-د.xlsx,,,,
دهس,دهس,08-د.xlsx,1,1,1,
دهش,دهش,08-د.xlsx,1,,1,
دهع,دهع,08-د.xlsx,1,,,
دهف,دهف,08-د.xlsx,1,,,
دهق,دهق,08-د.xlsx,1,1,1,
دهقن,دهقن,08-د.xlsx,,,,
دهك,دهك,08-د.xlsx,1,,1,
دهكر,دهكر,08-د.xlsx,,,,
دهكل,دهكل,08-د.xlsx,,,,
دهكم,دهكم,08-د.xlsx,,,,
دهل,دهل,08-د.xlsx,1,,1,
دهلب,دهلب,08-د.xlsx,,,,
دهلز,دهلز,08-د.xlsx,,,,
دهم,دهم,08-د.xlsx,1,1,1,1
دهمث,دهمث,08-د.xlsx,,,,
دهمج,دهمج,08-د.xlsx,,,,
دهمس,دهمس,08-د.xlsx,,,,
دهمق,دهمق,08-د.xlsx,,,,
دهن,دهن,08-د.xlsx,1,1,1,1
دهنج,دهنج,08-د.xlsx,,,,
دهو,دهو,08-د.xlsx,1,,,
دهي,دهي,08-د.xlsx,1,1,1,1
دوء,دوء,08-د.xlsx,1,,,
دوب,دوب,08-د.xlsx,,,,
دوج,دوج,08-د.xlsx,1,,,
دوح,دوح,08-د.xlsx,1,,1,1
دوخ,دوخ,08-د.xlsx,1,1,1,1
دود,دود,08-د.xlsx,1,,1,1
دوذ,دوذ,08-د.xlsx,1,,,
دور,دور,08-د.xlsx,1,1,1,
دوس,دوس,08-د.xlsx,1,1,1,1
دوش,دوش,08-د.xlsx,1,,1,
دوع,دوع,08-د.xlsx,1,,,
دوف,دوف,08-د.xlsx,1,,1,
دوق,دوق,08-د.xlsx,1,,1,
دوك,دوك,08-د.xlsx,1,1,1,
دول,دول,08-د.xlsx,1,1,1,
دوم,دوم,08-د.xlsx,1,1,1,1
دون,دون,08-د.xlsx,1,1,1,
دوه,دوه,08-د.xlsx,1,,1,
دوو,دوو,08-د.xlsx,1,,,
دوي,دوي,08-د.xlsx,1,,1,1
ديث,ديث,08-د.xlsx,1,1,1,1
ديج,ديج,08-د.xlsx,1,,,1
ديح,ديح,08-د.xlsx,1,,,
ديخ,ديخ,08-د.xlsx,1,,,
دير,دير,08-د.xlsx,1,,1,1
ديس,ديس,08-د.xlsx,,,,
ديش,ديش,08-د.xlsx,1,,,
ديص,ديص,08-د.xlsx,1,1,1,
ديف,ديف,08-د.xlsx,1,,1,
ديك,ديك,08-د.xlsx,1,,1,
ديل,ديل,08-د.xlsx,1,,1,
ديم,ديم,08-د.xlsx,1,,,
دين,دين,08-د.xlsx,1,1,1,
ذءب,ذءب,09-ذ.xlsx,1,1,1,1
ذءت,ذءت,09-ذ.xlsx,1,,,
ذءج,ذءج,09-ذ.xlsx,1,,,
ذءح,ذءح,09-ذ.xlsx,1,,,
ذأذأ,ذءذء,09-ذ.xlsx,1,,,
ذءر,ذءر,09-ذ.xlsx,1,1,1,
ذءط,ذءط,09-ذ.xlsx,1,,,
ذءف,ذءف,09-ذ.xlsx,1,,,
ذءل,ذءل,09-ذ.xlsx,1,1,1,
ذءم,ذءم,09-ذ.xlsx,1,1,1,
ذأن,ذءن,09-ذ.xlsx,1,,,
ذءو,ذءو,09-ذ.xlsx,1,,,
ذءي,ذءي,09-ذ.xlsx,1,1,1,
ذبب,ذبب,09-ذ.xlsx,1,1,1,1
ذبج,ذبج,09-ذ.xlsx,1,,,
ذبح,ذبح,09-ذ.xlsx,1,1,1,1
ذبذب,ذبذب,09-ذ.xlsx,,,,
ذبر,ذبر,09-ذ.xlsx,1,,,
ذبل,ذبل,09-ذ.xlsx,1,1,1,1
ذبي,ذبي,09-ذ.xlsx,1,,,
ذحح,ذحح,09-ذ.xlsx,1,,,
ذحق,ذحق,09-ذ.xlsx,1,,1,
ذحل,ذحل,09-ذ.xlsx,1,1,1,
ذحو,ذحو,09-ذ.xlsx,1,,,
ذحي,ذحي,09-ذ.xlsx,1,,,
ذخر,ذخر,09-ذ.xlsx,,1,1,1
ذرء,ذرء,09-ذ.xlsx,1,1,1,
ذرب,ذرب,09-ذ.xlsx,1,1,1,1
ذرج,ذرج,09-ذ.xlsx,1,,,
ذرح,ذرح,09-ذ.xlsx,1,1,1,
ذرر,ذرر,09-ذ.xlsx,1,1,1,1
ذرع,ذرع,09-ذ.xlsx,1,1,1,1
ذرف,ذرف,09-ذ.xlsx,1,,1,
ذرق,ذرق,09-ذ.xlsx,1,,1,
ذرمل,ذرمل,09-ذ.xlsx,,,,
ذرو,ذرو,09-ذ.xlsx,1,,1,
ذري,ذري,09-ذ.xlsx,1,,,1
ذعب,ذعب,09-ذ.xlsx,,,,
ذعت,ذعت,09-ذ.xlsx,1,,,
ذعج,ذعج,09-ذ.xlsx,1,,,
ذعر,ذعر,09-ذ.xlsx,1,1,1,
ذعط,ذعط,09-ذ.xlsx,1,,1,
ذعف,ذعف,09-ذ.xlsx,1,,1,
ذعق,ذعق,09-ذ.xlsx,1,,1,
ذعلب,ذعلب,09-ذ.xlsx,,,,
ذعلق,ذعلق,09-ذ.xlsx,,,,
ذعمط,ذعمط,09-ذ.xlsx,,,,
ذعن,ذعن,09-ذ.xlsx,1,1,1,
ذفر,ذفر,09-ذ.xlsx,1,1,1,
ذفط,ذفط,09-ذ.xlsx,1,,,
ذفف,ذفف,09-ذ.xlsx,1,1,1,
ذفل,ذفل,09-ذ.xlsx,1,,1,
ذقط,ذقط,09-ذ.xlsx,1,,,
ذقن,ذقن,09-ذ.xlsx,1,,1,1
ذكر,ذكر,09-ذ.xlsx,1,1,1,1
ذكو,ذكو,09-ذ.xlsx,1,,,
ذلج,ذلج,09-ذ.xlsx,1,,,
ذلغ,ذلغ,09-ذ.xlsx,1,,,
ذلف,ذلف,09-ذ.xlsx,1,,1,
ذلق,ذلق,09-ذ.xlsx,1,1,1,1
ذلل,ذلل,09-ذ.xlsx,1,1,1,1
ذلي,ذلي,09-ذ.xlsx,1,,,
ذمت,ذمت,09-ذ.xlsx,1,,,
ذمر,ذمر,09-ذ.xlsx,1,1,1,1
ذمقر,ذمقر,09-ذ.xlsx,,,,
ذمل,ذمل,09-ذ.xlsx,1,,1,
ذمم,ذمم,09-ذ.xlsx,1,1,1,1
ذمه,ذمه,09-ذ.xlsx,1,,1,
ذمي,ذمي,09-ذ.xlsx,1,1,1,
ذنب,ذنب,09-ذ.xlsx,1,1,1,1
ذنن,ذنن,09-ذ.xlsx,1,1,1,1
ذهب,ذهب,09-ذ.xlsx,1,1,1,1
ذهر,ذهر,09-ذ.xlsx,1,,1,
ذهط,ذهط,09-ذ.xlsx,1,,,
ذهل,ذهل,09-ذ.xlsx,1,1,1,
ذهن,ذهن,09-ذ.xlsx,1,1,1,1
ذوب,ذوب,09-ذ.xlsx,1,1,1,1
ذوج,ذوج,09-ذ.xlsx,1,,,
ذوح,ذوح,09-ذ.xlsx,1,,,
ذود,ذود,09-ذ.xlsx,1,1,1,1
ذوط,ذوط,09-ذ.xlsx,1,,,
ذوف,ذوف,09-ذ.xlsx,1,,,
ذوق,ذوق,09-ذ.xlsx,1,1,1,1
ذول,ذول,09-ذ.xlsx,1,,,
ذوي,ذوي,09-ذ.xlsx,1,1,1,1
ذيأ,ذيء,09-ذ.xlsx,1,,1,
ذيب,ذيب,09-ذ.xlsx,1,,,
ذيت,ذيت,09-ذ.xlsx,,,,
ذيج,ذيج,09-ذ.xlsx,1,,,
ذيخ,ذيخ,09-ذ.xlsx,1,,1,
ذير,ذير,09-ذ.xlsx,1,,1,
ذيع,ذيع,09-ذ.xlsx,1,1,1,1
ذيف,ذيف,09-ذ.xlsx,1,,1,
ذيل,ذيل,09-ذ.xlsx,1,1,1,1
ذيم,ذيم,09-ذ.xlsx,,,1,
ذين,ذين,09-ذ.xlsx,1,,,
رءب,رءب,10-ر.xlsx,1,1,1,1
رأبل,رءبل,10-ر.xlsx,1,,,
رءد,رءد,10-ر.xlsx,1,1,1,1
رأرأ,رءرء,10-ر.xlsx,1,,,
رءس,رءس,10-ر.xlsx,1,1,1,1
رأش,رءش,10-ر.xlsx,1,,,
رئع,رءع,10-ر.xlsx,,,,
رءف,رءف,10-ر.xlsx,1,1,1,
رأل,رءل,10-ر.xlsx,1,1,1,1
رءم,رءم,10-ر.xlsx,1,1,1,1
رئن,رءن,10-ر.xlsx,,,,
رءي,رءي,10-ر.xlsx,1,1,1,1
ربء,ربء,10-ر.xlsx,1,,,1
ربب,ربب,10-ر.xlsx,1,1,1,1
ربت,ربت,10-ر.xlsx,1,,1,
ربث,ربث,10-ر.xlsx,1,1,1,1
ربج,ربج,10-ر.xlsx,1,,1,
ربح,ربح,10-ر.xlsx,1,1,1,1
ربخ,ربخ,10-ر.xlsx,1,1,1,
ربد,ربد,10-ر.xlsx,1,1,1,1
ربذ,ربذ,10-ر.xlsx,1,1,1,1
ربس,ربس,10-ر.xlsx,1,1,1,
ربش,ربش,10-ر.xlsx,1,,,
ربص,ربص,10-ر.xlsx,1,1,1,
ربض,ربض,10-ر.xlsx,1,1,1,1
ربط,ربط,10-ر.xlsx,1,1,1,1
ربع,ربع,10-ر.xlsx,1,1,1,1
ربغ,ربغ,10-ر.xlsx,1,,1,
ربق,ربق,10-ر.xlsx,1,1,1,1
ربك,ربك,10-ر.xlsx,1,1,1,1
ربل,ربل,10-ر.xlsx,1,1,1,1
ربن,ربن,10-ر.xlsx,1,,1,
ربو,ربو,10-ر.xlsx,1,,,1
رتء,رتء,10-ر.xlsx,1,,,
رتب,رتب,10-ر.xlsx,1,,,1
رتبل,رتبل,10-ر.xlsx,1,,,
رتت,رتت,10-ر.xlsx,1,,1,1
رتج,رتج,10-ر.xlsx,1,1,1,1
رتخ,رتخ,10-ر.xlsx,1,,1,
رتع,رتع,10-ر.xlsx,1,,1,1
رتق,رتق,10-ر.xlsx,1,,,1
رتك,رتك,10-ر.xlsx,,,,
رتل,رتل,10-ر.xlsx,1,,,1
رتم,رتم,10-ر.xlsx,1,,,
رتن,رتن,10-ر.xlsx,1,,,
رتو,رتو,10-ر.xlsx,1,,,
رثء,رثء,10-ر.xlsx,1,,,
رثث,رثث,10-ر.xlsx,1,1,1,1
رثد,رثد,10-ر.xlsx,1,1,1,1
رثع,رثع,10-ر.xlsx,1,1,1,
رثعن,رثعن,10-ر.xlsx,,,,
رثغ,رثغ,10-ر.xlsx,,,,
رثم,رثم,10-ر.xlsx,1,1,1,
رثن,رثن,10-ر.xlsx,1,,1,
رثو,رثو,10-ر.xlsx,1,,,
رثي,رثي,10-ر.xlsx,1,1,1,
رجأ,رجء,10-ر.xlsx,1,,,
رجب,رجب,10-ر.xlsx,1,1,1,
رجج,رجج,10-ر.xlsx,1,1,1,1
رجح,رجح,10-ر.xlsx,1,1,1,1
رجحن,رجحن,10-ر.xlsx,,,,
رجد,رجد,10-ر.xlsx,1,,1,
رجز,رجز,10-ر.xlsx,1,1,1,1
رجس,رجس,10-ر.xlsx,1,1,1,1
رجع,رجع,10-ر.xlsx,1,1,1,1
رجف,رجف,10-ر.xlsx,1,1,1,1
رجل,رجل,10-ر.xlsx,1,1,1,1
رجم,رجم,10-ر.xlsx,1,1,1,1
رجن,رجن,10-ر.xlsx,1,1,1,1
رجو,رجو,10-ر.xlsx,1,,,1
رجي,رجي,10-ر.xlsx,1,,1,
رحب,رحب,10-ر.xlsx,1,1,1,1
رحح,رحح,10-ر.xlsx,1,1,1,
رحض,رحض,10-ر.xlsx,1,1,1,1
رحق,رحق,10-ر.xlsx,1,,1,1
رحل,رحل,10-ر.xlsx,,1,1,1
رحم,رحم,10-ر.xlsx,1,1,1,1
رحو,رحو,10-ر.xlsx,1,,,
رحي,رحي,10-ر.xlsx,1,,1,1
رخج,رخج,10-ر.xlsx,1,,,
رخخ,رخخ,10-ر.xlsx,1,1,1,
رخد,رخد,10-ر.xlsx,1,,1,
رخص,رخص,10-ر.xlsx,1,1,1,1
رخل,رخل,10-ر.xlsx,1,,1,
رخم,رخم,10-ر.xlsx,1,1,1,1
رخو,رخو,10-ر.xlsx,1,1,1,
ردء,ردء,10-ر.xlsx,1,,,1
ردب,ردب,10-ر.xlsx,1,,,
ردج,ردج,10-ر.xlsx,1,,1,
ردح,ردح,10-ر.xlsx,1,,1,1
ردخ,ردخ,10-ر.xlsx,1,,1,
ردخل,ردخل,10-ر.xlsx,,,,
ردد,ردد,10-ر.xlsx,1,1,1,1
ردس,ردس,10-ر.xlsx,1,1,1,
ردع,ردع,10-ر.xlsx,1,1,1,1
ردغ,ردغ,10-ر.xlsx,1,1,1,
ردف,ردف,10-ر.xlsx,1,1,1,1
ردق,ردق,10-ر.xlsx,1,,,
ردك,ردك,10-ر.xlsx,1,,1,
ردم,ردم,10-ر.xlsx,1,1,1,1
ردن,ردن,10-ر.xlsx,1,,1,
رده,رده,10-ر.xlsx,1,1,1,
ردو,ردو,10-ر.xlsx,1,,,
ردي,ردي,10-ر.xlsx,1,1,1,1
رذذ,رذذ,10-ر.xlsx,1,1,1,1
رذل,رذل,10-ر.xlsx,1,,1,
رذم,رذم,10-ر.xlsx,1,1,1,
رذن,رذن,10-ر.xlsx,1,,,
رذو,رذو,10-ر.xlsx,1,,,
رذي,رذي,10-ر.xlsx,,,,
رزء,رزء,10-ر.xlsx,1,1,1,
رزب,رزب,10-ر.xlsx,1,1,1,
رزح,رزح,10-ر.xlsx,1,1,1,1
رزخ,رزخ,10-ر.xlsx,1,,,
رزدق,رزدق,10-ر.xlsx,,,,
رزز,رزز,10-ر.xlsx,1,1,1,1
رزغ,رزغ,10-ر.xlsx,1,1,1,
رزف,رزف,10-ر.xlsx,1,1,1,
رزق,رزق,10-ر.xlsx,1,1,1,
رزم,رزم,10-ر.xlsx,1,1,1,1
رزن,رزن,10-ر.xlsx,1,1,1,1
رسب,رسب,10-ر.xlsx,1,1,1,
رست,رست,10-ر.xlsx,,,,
رستق,رستق,10-ر.xlsx,,,,
رسح,رسح,10-ر.xlsx,1,,1,
رسخ,رسخ,10-ر.xlsx,1,1,1,1
رسس,رسس,10-ر.xlsx,1,1,1,
رسطن,رسطن,10-ر.xlsx,1,,,
رسع,رسع,10-ر.xlsx,1,1,1,
رسغ,رسغ,10-ر.xlsx,1,,1,1
رسف,رسف,10-ر.xlsx,1,1,1,
رسل,رسل,10-ر.xlsx,1,1,1,1
رسم,رسم,10-ر.xlsx,1,1,1,1
رسن,رسن,10-ر.xlsx,1,1,1,1
رسو,رسو,10-ر.xlsx,1,,,1
رسي,رسي,10-ر.xlsx,,1,1,
رشء,رشء,10-ر.xlsx,1,,,
رشب,رشب,10-ر.xlsx,,,,
رشح,رشح,10-ر.xlsx,1,1,1,1
رشد,رشد,10-ر.xlsx,1,1,1,1
رشش,رشش,10-ر.xlsx,1,1,1,1
رشف,رشف,10-ر.xlsx,1,1,1,
رشق,رشق,10-ر.xlsx,1,1,1,1
رشك,رشك,10-ر.xlsx,1,,,
رشم,رشم,10-ر.xlsx,1,,1,
رشن,رشن,10-ر.xlsx,1,,1,
رشو,رشو,10-ر.xlsx,1,,,1
رشي,رشي,10-ر.xlsx,,1,1,
رصد,رصد,10-ر.xlsx,1,1,1,1
رصص,رصص,10-ر.xlsx,1,1,1,1
رصع,رصع,10-ر.xlsx,1,1,1,
رصغ,رصغ,10-ر.xlsx,1,,1,
رصف,رصف,10-ر.xlsx,1,1,1,1
رصن,رصن,10-ر.xlsx,1,1,1,1
رضب,رضب,10-ر.xlsx,1,1,1,
رضح,رضح,10-ر.xlsx,1,1,1,
رضخ,رضخ,10-ر.xlsx,1,1,1,
رضض,رضض,10-ر.xlsx,1,1,1,1
رضع,رضع,10-ر.xlsx,1,1,1,1
رضف,رضف,10-ر.xlsx,1,1,1,1
رضم,رضم,10-ر.xlsx,1,,1,
رضن,رضن,10-ر.xlsx,1,,1,
رضو,رضو,10-ر.xlsx,1,,,
رضي,رضي,10-ر.xlsx,,1,1,
رطء,رطء,10-ر.xlsx,1,,,
رطب,رطب,10-ر.xlsx,1,1,1,1
رطز,رطز,10-ر.xlsx,,,,
رطس,رطس,10-ر.xlsx,1,,,
رطط,رطط,10-ر.xlsx,1,,1,
رطع,رطع,10-ر.xlsx,1,,1,
رطل,رطل,10-ر.xlsx,1,,1,
رطم,رطم,10-ر.xlsx,1,1,1,
رطن,رطن,10-ر.xlsx,1,,1,
رطو,رطو,10-ر.xlsx,1,,1,
رطي,رطي,10-ر.xlsx,1,,,
رعب,رعب,10-ر.xlsx,1,1,1,1
رعبل,رعبل,10-ر.xlsx,,,,
رعث,رعث,10-ر.xlsx,1,,,1
رعج,رعج,10-ر.xlsx,1,1,1,
رعد,رعد,10-ر.xlsx,1,1,1,1
رعز,رعز,10-ر.xlsx,1,,1,
رعس,رعس,10-ر.xlsx,1,1,1,
رعش,رعش,10-ر.xlsx,1,,1,1
رعص,رعص,10-ر.xlsx,1,,1,
رعظ,رعظ,10-ر.xlsx,1,,1,1
رعع,رعع,10-ر.xlsx,1,1,1,
رعف,رعف,10-ر.xlsx,1,1,1,1
رعق,رعق,10-ر.xlsx,1,,1,
رعل,رعل,10-ر.xlsx,1,1,1,1
رعم,رعم,10-ر.xlsx,1,1,1,
رعن,رعن,10-ر.xlsx,1,1,1,1
رعو,رعو,10-ر.xlsx,1,,,
رعي,رعي,10-ر.xlsx,1,,1,1
رغب,رغب,10-ر.xlsx,1,1,1,1
رغث,رغث,10-ر.xlsx,1,1,1,1
رغد,رغد,10-ر.xlsx,1,1,1,
رغس,رغس,10-ر.xlsx,1,1,1,
رغط,رغط,10-ر.xlsx,1,,,
رغغ,رغغ,10-ر.xlsx,1,1,1,
رغف,رغف,10-ر.xlsx,1,,1,1
رغل,رغل,10-ر.xlsx,1,1,1,
رغم,رغم,10-ر.xlsx,1,1,1,1
رغن,رغن,10-ر.xlsx,1,,1,
رغو,رغو,10-ر.xlsx,1,,1,1
رفء,رفء,10-ر.xlsx,1,1,1,
رفت,رفت,10-ر.xlsx,1,1,1,1
رفث,رفث,10-ر.xlsx,1,1,1,
رفج,رفج,10-ر.xlsx,,,,
رفد,رفد,10-ر.xlsx,1,1,1,1
رفرف,رفرف,10-ر.xlsx,,,,
رفز,رفز,10-ر.xlsx,1,,1,
رفس,رفس,10-ر.xlsx,1,,1,
رفش,رفش,10-ر.xlsx,1,,1,
رفص,رفص,10-ر.xlsx,1,,1,
رفض,رفض,10-ر.xlsx,1,1,1,1
رفع,رفع,10-ر.xlsx,1,1,1,1
رفغ,رفغ,10-ر.xlsx,1,1,1,1
رفف,رفف,10-ر.xlsx,1,1,1,1
رفق,رفق,10-ر.xlsx,1,1,1,1
رفل,رفل,10-ر.xlsx,1,1,1,1
رفن,رفن,10-ر.xlsx,1,,,
رفه,رفه,10-ر.xlsx,1,1,1,
رفو,رفو,10-ر.xlsx,1,1,1,1
رقء,رقء,10-ر.xlsx,1,,1,
رقب,رقب,10-ر.xlsx,1,1,1,1
رقح,رقح,10-ر.xlsx,1,1,1,
رقد,رقد,10-ر.xlsx,1,1,1,1
رقش,رقش,10-ر.xlsx,1,1,1,
رقص,رقص,10-ر.xlsx,1,1,1,1
رقط,رقط,10-ر.xlsx,1,1,1,1
رقع,رقع,10-ر.xlsx,1,1,1,1
رقق,رقق,10-ر.xlsx,1,1,1,1
رقل,رقل,10-ر.xlsx,1,1,1,1
رقم,رقم,10-ر.xlsx,1,1,1,1
رقن,رقن,10-ر.xlsx,1,,1,
رقو,رقو,10-ر.xlsx,1,,,
رقي,رقي,10-ر.xlsx,1,,1,1
ركب,ركب,10-ر.xlsx,1,1,1,
ركح,ركح,10-ر.xlsx,1,1,1,
ركد,ركد,10-ر.xlsx,1,1,1,
ركز,ركز,10-ر.xlsx,1,1,1,1
ركس,ركس,10-ر.xlsx,1,1,1,
ركض,ركض,10-ر.xlsx,1,1,1,1
ركع,ركع,10-ر.xlsx,1,1,1,1
ركك,ركك,10-ر.xlsx,1,1,1,
ركل,ركل,10-ر.xlsx,1,1,1,
ركم,ركم,10-ر.xlsx,1,1,1,1
ركن,ركن,10-ر.xlsx,1,1,1,1
ركو,ركو,10-ر.xlsx,1,,1,1
رمء,رمء,10-ر.xlsx,1,,,
رمث,رمث,10-ر.xlsx,1,1,1,
رمج,رمج,10-ر.xlsx,1,,1,
رمح,رمح,10-ر.xlsx,1,,1,
رمحس,رمحس,10-ر.xlsx,,,,
رمخ,رمخ,10-ر.xlsx,1,,1,
رمد,رمد,10-ر.xlsx,1,1,1,1
رمز,رمز,10-ر.xlsx,1,1,1,
رمس,رمس,10-ر.xlsx,1,1,1,1
رمش,رمش,10-ر.xlsx,1,,1,
رمص,رمص,10-ر.xlsx,1,1,1,
رمض,رمض,10-ر.xlsx,1,1,1,1
رمط,رمط,10-ر.xlsx,1,,1,
رمع,رمع,10-ر.xlsx,1,1,1,1
رمغ,رمغ,10-ر.xlsx,1,,1,
رمغل,رمغل,10-ر.xlsx,1,,,
رمق,رمق,10-ر.xlsx,1,1,1,
رمك,رمك,10-ر.xlsx,1,1,1,
رمل,رمل,10-ر.xlsx,1,1,1,1
رمم,رمم,10-ر.xlsx,1,,1,1
رمن,رمن,10-ر.xlsx,1,,1,
رمه,رمه,10-ر.xlsx,1,,,
رمي,رمي,10-ر.xlsx,1,,1,1
رنء,رنء,10-ر.xlsx,1,,,
رنب,رنب,10-ر.xlsx,1,,1,
رنج,رنج,10-ر.xlsx,1,,,
رنح,رنح,10-ر.xlsx,1,1,1,1
رند,رند,10-ر.xlsx,1,1,1,
رنز,رنز,10-ر.xlsx,1,,,
رنع,رنع,10-ر.xlsx,1,,1,
رنف,رنف,10-ر.xlsx,1,1,1,1
رنق,رنق,10-ر.xlsx,1,1,1,1
رنك,رنك,10-ر.xlsx,,,,
رنم,رنم,10-ر.xlsx,1,,1,1
رنن,رنن,10-ر.xlsx,1,1,1,1
رنو,رنو,10-ر.xlsx,1,,,1
رني,رني,10-ر.xlsx,,1,1,
رهأ,رهء,10-ر.xlsx,1,1,1,
رهب,رهب,10-ر.xlsx,1,1,1,1
رهبل,رهبل,10-ر.xlsx,,,,
رهج,رهج,10-ر.xlsx,1,1,1,1
رهد,رهد,10-ر.xlsx,1,1,1,
رهدن,رهدن,10-ر.xlsx,,,,
رهره,رهره,10-ر.xlsx,1,,,
رهز,رهز,10-ر.xlsx,1,1,1,
رهس,رهس,10-ر.xlsx,1,1,1,
رهش,رهش,10-ر.xlsx,1,1,1,
رهص,رهص,10-ر.xlsx,1,1,1,1
رهط,رهط,10-ر.xlsx,1,1,1,1
رهف,رهف,10-ر.xlsx,1,,,
رهق,رهق,10-ر.xlsx,1,1,1,1
رهك,رهك,10-ر.xlsx,1,1,1,
رهل,رهل,10-ر.xlsx,1,1,1,
رهم,رهم,10-ر.xlsx,1,1,1,
رهمس,رهمس,10-ر.xlsx,,,,
رهن,رهن,10-ر.xlsx,1,1,1,1
رهو,رهو,10-ر.xlsx,1,,1,
روأ,روء,10-ر.xlsx,1,,,
روب,روب,10-ر.xlsx,1,,,1
روت,روت,10-ر.xlsx,,,,
روث,روث,10-ر.xlsx,1,1,1,
روج,روج,10-ر.xlsx,1,,1,
روح,روح,10-ر.xlsx,1,1,1,1
رود,رود,10-ر.xlsx,1,1,1,
روذ,روذ,10-ر.xlsx,1,,,
روز,روز,10-ر.xlsx,1,,1,
روس,روس,10-ر.xlsx,1,,,
روض,روض,10-ر.xlsx,1,1,1,1
روط,روط,10-ر.xlsx,,,,
روع,روع,10-ر.xlsx,1,1,1,1
روغ,روغ,10-ر.xlsx,1,1,1,1
روف,روف,10-ر.xlsx,1,,,
روق,روق,10-ر.xlsx,1,1,1,1
رول,رول,10-ر.xlsx,1,1,1,
روم,روم,10-ر.xlsx,1,1,1,
رون,رون,10-ر.xlsx,1,1,1,
روه,روه,10-ر.xlsx,1,,,
روي,روي,10-ر.xlsx,1,1,1,1
ريأ,ريء,10-ر.xlsx,1,,,
ريب,ريب,10-ر.xlsx,1,1,1,
ريت,ريت,10-ر.xlsx,,,,
ريث,ريث,10-ر.xlsx,1,1,1,
ريح,ريح,10-ر.xlsx,1,,1,
ريخ,ريخ,10-ر.xlsx,1,,1,
ريد,ريد,10-ر.xlsx,1,1,1,
رير,رير,10-ر.xlsx,,,1,
ريس,ريس,10-ر.xlsx,1,1,1,
ريش,ريش,10-ر.xlsx,1,1,1,1
ريط,ريط,10-ر.xlsx,1,,1,1
ريع,ريع,10-ر.xlsx,,1,1,1
ريغ,ريغ,10-ر.xlsx,1,,,
ريف,ريف,10-ر.xlsx,1,1,1,
ريق,ريق,10-ر.xlsx,1,1,1,1
ريك,ريك,10-ر.xlsx,1,,,
ريم,ريم,10-ر.xlsx,1,,1,
رين,رين,10-ر.xlsx,1,1,1,
ريه,ريه,10-ر.xlsx,1,,1,
زءب,زءب,11-ز.xlsx,1,,1,
زأبر,زءبر,11-ز.xlsx,,,,
زءد,زءد,11-ز.xlsx,1,,1,1
زءر,زءر,11-ز.xlsx,1,1,1,1
زأز,زءز,11-ز.xlsx,,,,
زأزأ,زءزء,11-ز.xlsx,1,,,
زءف,زءف,11-ز.xlsx,1,,,
زءم,زءم,11-ز.xlsx,1,1,1,
زبب,زبب,11-ز.xlsx,1,1,1,1
زبج,زبج,11-ز.xlsx,1,,,
زبد,زبد,11-ز.xlsx,1,1,1,1
زبر,زبر,11-ز.xlsx,1,1,1,1
زبرج,زبرج,11-ز.xlsx,1,,,
زبرجد,زبرجد,11-ز.xlsx,1,,,
زبرق,زبرق,11-ز.xlsx,,,,
زبط,زبط,11-ز.xlsx,1,,,
زبطر,زبطر,11-ز.xlsx,,,,
زبع,زبع,11-ز.xlsx,1,1,1,
زبعر,زبعر,11-ز.xlsx,,,,
زبغر,زبغر,11-ز.xlsx,,,,
زبق,زبق,11-ز.xlsx,1,,1,
زبل,زبل,11-ز.xlsx,1,,1,1
زبن,زبن,11-ز.xlsx,1,1,1,1
زبي,زبي,11-ز.xlsx,1,1,1,1
زتت,زتت,11-ز.xlsx,1,,1,
زجب,زجب,11-ز.xlsx,1,,,
زجج,زجج,11-ز.xlsx,1,1,1,1
زجر,زجر,11-ز.xlsx,1,1,1,
زجل,زجل,11-ز.xlsx,1,1,1,
زجم,زجم,11-ز.xlsx,1,1,1,
زجو,زجو,11-ز.xlsx,1,,,
زجي,زجي,11-ز.xlsx,,1,1,1
زحب,زحب,11-ز.xlsx,1,,,
زحح,زحح,11-ز.xlsx,1,1,1,
زحر,زحر,11-ز.xlsx,1,,1,1
زحزح,زحزح,11-ز.xlsx,,,,
زحف,زحف,11-ز.xlsx,1,1,1,1
زحك,زحك,11-ز.xlsx,1,,,
زحل,زحل,11-ز.xlsx,1,1,1,1
زحلف,زحلف,11-ز.xlsx,,,,
زحلق,زحلق,11-ز.xlsx,,,,
زحم,زحم,11-ز.xlsx,1,1,1,
زحن,زحن,11-ز.xlsx,1,1,1,
زخب,زخب,11-ز.xlsx,,,,
زخخ,زخخ,11-ز.xlsx,1,1,1,
زخر,زخر,11-ز.xlsx,1,1,1,1
زخرف,زخرف,11-ز.xlsx,,,,
زخزب,زخزب,11-ز.xlsx,,,,
زخلب,زخلب,11-ز.xlsx,,,,
زخم,زخم,11-ز.xlsx,1,,,
زدر,زدر,11-ز.xlsx,1,,,
زدق,زدق,11-ز.xlsx,,,,
زدو,زدو,11-ز.xlsx,1,,,
زرب,زرب,11-ز.xlsx,1,1,1,1
زرج,زرج,11-ز.xlsx,1,,,
زرجن,زرجن,11-ز.xlsx,1,,,
زرح,زرح,11-ز.xlsx,1,,1,
زرد,زرد,11-ز.xlsx,1,1,1,
زردم,زردم,11-ز.xlsx,,,,
زرر,زرر,11-ز.xlsx,1,1,1,1
زرز,زرز,11-ز.xlsx,1,,,
زرع,زرع,11-ز.xlsx,1,1,1,1
زرغب,زرغب,11-ز.xlsx,,,,
زرف,زرف,11-ز.xlsx,1,1,1,
زرفن,زرفن,11-ز.xlsx,,,,
زرق,زرق,11-ز.xlsx,1,,,1
زرم,زرم,11-ز.xlsx,1,1,1,
زرنب,زرنب,11-ز.xlsx,,,,
زرنج,زرنج,11-ز.xlsx,1,,,
زرنق,زرنق,11-ز.xlsx,,,,
زري,زري,11-ز.xlsx,1,1,1,
زطط,زطط,11-ز.xlsx,1,,1,
زعب,زعب,11-ز.xlsx,1,1,1,
زعبج,زعبج,11-ز.xlsx,,,,
زعبل,زعبل,11-ز.xlsx,,,,
زعج,زعج,11-ز.xlsx,1,1,1,
زعد,زعد,11-ز.xlsx,1,,,
زعر,زعر,11-ز.xlsx,1,1,1,1
زعزع,زعزع,11-ز.xlsx,,,,1
زعط,زعط,11-ز.xlsx,1,,,
زعع,زعع,11-ز.xlsx,1,1,1,
زعف,زعف,11-ز.xlsx,1,,1,
زعفر,زعفر,11-ز.xlsx,,,,
زعق,زعق,11-ز.xlsx,1,1,1,
زعك,زعك,11-ز.xlsx,1,1,1,
زعل,زعل,11-ز.xlsx,1,1,1,
زعلج,زعلج,11-ز.xlsx,,,,
زعم,زعم,11-ز.xlsx,1,1,1,1
زعنف,زعنف,11-ز.xlsx,,,,
زغب,زغب,11-ز.xlsx,1,1,1,1
زغبد,زغبد,11-ز.xlsx,1,,,
زغبر,زغبر,11-ز.xlsx,,,,
زغد,زغد,11-ز.xlsx,1,1,1,
زغدب,زغدب,11-ز.xlsx,1,,,
زغر,زغر,11-ز.xlsx,1,,1,
زغرب,زغرب,11-ز.xlsx,1,,,
زغرد,زغرد,11-ز.xlsx,1,,,
زغرف,زغرف,11-ز.xlsx,1,,,
زغف,زغف,11-ز.xlsx,1,1,1,
زغل,زغل,11-ز.xlsx,1,1,1,
زغلم,زغلم,11-ز.xlsx,1,,,
زغم,زغم,11-ز.xlsx,1,1,1,
زفت,زفت,11-ز.xlsx,1,,1,
زفر,زفر,11-ز.xlsx,1,1,1,1
زفف,زفف,11-ز.xlsx,1,1,1,1
زفل,زفل,11-ز.xlsx,1,,1,
زفن,زفن,11-ز.xlsx,1,,1,
زفي,زفي,11-ز.xlsx,1,1,1,1
زقب,زقب,11-ز.xlsx,1,,1,
زقح,زقح,11-ز.xlsx,1,,,
زقر,زقر,11-ز.xlsx,1,,,
زقع,زقع,11-ز.xlsx,1,,,
زقف,زقف,11-ز.xlsx,,,,1
زقق,زقق,11-ز.xlsx,1,1,1,1
زقل,زقل,11-ز.xlsx,1,,1,
زقم,زقم,11-ز.xlsx,1,1,1,
زقن,زقن,11-ز.xlsx,1,,1,
زقو,زقو,11-ز.xlsx,1,1,1,
زقي,زقي,11-ز.xlsx,1,,,
زكء,زكء,11-ز.xlsx,1,,,
زكب,زكب,11-ز.xlsx,1,,,
زكت,زكت,11-ز.xlsx,1,,1,
زكر,زكر,11-ز.xlsx,1,1,1,1
زكك,زكك,11-ز.xlsx,1,,,
زكم,زكم,11-ز.xlsx,1,,1,1
زكن,زكن,11-ز.xlsx,1,,1,
زكو,زكو,11-ز.xlsx,1,,,1
زكي,زكي,11-ز.xlsx,,1,1,
زلج,زلج,11-ز.xlsx,1,1,1,1
زلح,زلح,11-ز.xlsx,1,,1,
زلخ,زلخ,11-ز.xlsx,1,1,1,
زلدب,زلدب,11-ز.xlsx,,,,
زلز,زلز,11-ز.xlsx,1,,,
زلزل,زلزل,11-ز.xlsx,,,,
زلط,زلط,11-ز.xlsx,1,,,
زلع,زلع,11-ز.xlsx,1,1,1,
زلعب,زلعب,11-ز.xlsx,,,,
زلغ,زلغ,11-ز.xlsx,1,,,
زلغب,زلغب,11-ز.xlsx,1,,,
زلف,زلف,11-ز.xlsx,1,1,1,
زلق,زلق,11-ز.xlsx,1,1,1,1
زلقم,زلقم,11-ز.xlsx,,,,
زلل,زلل,11-ز.xlsx,1,,1,1
زلم,زلم,11-ز.xlsx,1,1,1,1
زله,زله,11-ز.xlsx,1,,,
زمت,زمت,11-ز.xlsx,1,,1,
زمج,زمج,11-ز.xlsx,1,,1,
زمجر,زمجر,11-ز.xlsx,1,,,
زمح,زمح,11-ز.xlsx,1,,,
زمخ,زمخ,11-ز.xlsx,1,,1,1
زمخر,زمخر,11-ز.xlsx,,,,
زمر,زمر,11-ز.xlsx,1,1,1,1
زمع,زمع,11-ز.xlsx,1,1,1,1
زمق,زمق,11-ز.xlsx,1,,1,
زمك,زمك,11-ز.xlsx,1,,1,
زمل,زمل,11-ز.xlsx,1,1,1,
زملق,زملق,11-ز.xlsx,,,,
زمم,زمم,11-ز.xlsx,1,1,1,1
زمن,زمن,11-ز.xlsx,1,1,1,1
زمه,زمه,11-ز.xlsx,1,,,
زمهر,زمهر,11-ز.xlsx,,,,
زنء,زنء,11-ز.xlsx,1,,,
زنب,زنب,11-ز.xlsx,1,,,
زنبر,زنبر,11-ز.xlsx,,,,
زنبق,زنبق,11-ز.xlsx,,,,
زنتر,زنتر,11-ز.xlsx,,,,
زنج,زنج,11-ز.xlsx,1,,1,
زنجب,زنجب,11-ز.xlsx,1,,,
زنجر,زنجر,11-ز.xlsx,,,,
زنح,زنح,11-ز.xlsx,1,,1,
زنخ,زنخ,11-ز.xlsx,1,,,
زند,زند,11-ز.xlsx,1,1,1,1
زندق,زندق,11-ز.xlsx,,,,
زنر,زنر,11-ز.xlsx,1,,1,1
زنط,زنط,11-ز.xlsx,1,,,
زنفلج,زنفلج,11-ز.xlsx,1,,,
زنق,زنق,11-ز.xlsx,1,1,1,
زنقب,زنقب,11-ز.xlsx,,,,
زنقر,زنقر,11-ز.xlsx,,,,
زنك,زنك,11-ز.xlsx,1,,1,
زنم,زنم,11-ز.xlsx,1,1,1,1
زنن,زنن,11-ز.xlsx,1,,1,
زني,زني,11-ز.xlsx,1,,1,1
زهب,زهب,11-ز.xlsx,,,,
زهد,زهد,11-ز.xlsx,1,1,1,1
زهدب,زهدب,11-ز.xlsx,,,,
زهدم,زهدم,11-ز.xlsx,,,,
زهر,زهر,11-ز.xlsx,1,1,1,1
زهزق,زهزق,11-ز.xlsx,,,,
زهط,زهط,11-ز.xlsx,1,,,
زهف,زهف,11-ز.xlsx,1,1,1,
زهق,زهق,11-ز.xlsx,1,1,1,1
زهك,زهك,11-ز.xlsx,,,1,
زهل,زهل,11-ز.xlsx,1,1,1,
زهلب,زهلب,11-ز.xlsx,,,,
زهم,زهم,11-ز.xlsx,1,1,1,
زهنع,زهنع,11-ز.xlsx,,,,
زهو,زهو,11-ز.xlsx,,1,1,1
زوج,زوج,11-ز.xlsx,1,1,1,1
زوح,زوح,11-ز.xlsx,1,1,1,
زوخ,زوخ,11-ز.xlsx,1,,,
زود,زود,11-ز.xlsx,1,1,1,1
زور,زور,11-ز.xlsx,,1,1,1
زوزك,زوزك,11-ز.xlsx,1,,,
زوط,زوط,11-ز.xlsx,1,,,
زوع,زوع,11-ز.xlsx,1,,1,
زوغ,زوغ,11-ز.xlsx,1,,,
زوف,زوف,11-ز.xlsx,1,,1,
زوق,زوق,11-ز.xlsx,1,,1,1
زوك,زوك,11-ز.xlsx,1,,,
زول,زول,11-ز.xlsx,1,1,1,1
زون,زون,11-ز.xlsx,1,1,1,1
زوي,زوي,11-ز.xlsx,1,1,1,
زيب,زيب,11-ز.xlsx,1,,,
زيت,زيت,11-ز.xlsx,1,,1,
زيج,زيج,11-ز.xlsx,,,1,
زيح,زيح,11-ز.xlsx,1,1,1,
زيخ,زيخ,11-ز.xlsx,1,,,
زيد,زيد,11-ز.xlsx,1,1,1,1
زير,زير,11-ز.xlsx,1,,1,
زيط,زيط,11-ز.xlsx,1,,,
زيغ,زيغ,11-ز.xlsx,1,1,1,1
زيف,زيف,11-ز.xlsx,1,,1,
زيق,زيق,11-ز.xlsx,1,,,
زيك,زيك,11-ز.xlsx,1,,,
زيل,زيل,11-ز.xlsx,1,,1,
زيم,زيم,11-ز.xlsx,1,1,1,
زين,زين,11-ز.xlsx,1,1,1,1
زيي,زيي,11-ز.xlsx,1,,,
سءب,سءب,12-س.xlsx,1,,1,
سءت,سءت,12-س.xlsx,1,,,
سءد,سءد,12-س.xlsx,1,1,1,
سءر,سءر,12-س.xlsx,1,,,1
سأسأ,سءسء,12-س.xlsx,1,,,
سءل,سءل,12-س.xlsx,1,,1,
سءم,سءم,12-س.xlsx,1,,,
سءو,سءو,12-س.xlsx,1,,1,
سءي,سءي,12-س.xlsx,1,,,
سبء,سبء,12-س.xlsx,1,,,
سبب,سبب,12-س.xlsx,1,,1,1
سبت,سبت,12-س.xlsx,1,1,1,
سبتل,سبتل,12-س.xlsx,1,,,
سبج,سبج,12-س.xlsx,1,,1,
سبح,سبح,12-س.xlsx,1,1,1,
سبحل,سبحل,12-س.xlsx,,,,
سبخ,سبخ,12-س.xlsx,1,1,1,1
سبخت,سبخت,12-س.xlsx,,,,
سبد,سبد,12-س.xlsx,1,,1,1
سبر,سبر,12-س.xlsx,1,,1,1
سبرت,سبرت,12-س.xlsx,1,,,
سبرج,سبرج,12-س.xlsx,1,,,
سبرد,سبرد,12-س.xlsx,,,,
سبس,سبس,12-س.xlsx,,,,
سبسب,سبسب,12-س.xlsx,1,,,
سبط,سبط,12-س.xlsx,1,1,1,
سبطر,سبطر,12-س.xlsx,1,,,
سبع,سبع,12-س.xlsx,1,1,1,1
سبعر,سبعر,12-س.xlsx,,,,
سبعطر,سبعطر,12-س.xlsx,,,,
سبغ,سبغ,12-س.xlsx,1,1,1,1
سبغل,سبغل,12-س.xlsx,1,,,
سبق,سبق,12-س.xlsx,1,1,1,
سبك,سبك,12-س.xlsx,1,1,1,1
سبكر,سبكر,12-س.xlsx,,,,
سبل,سبل,12-س.xlsx,1,1,1,1
سبن,سبن,12-س.xlsx,1,,,
سبه,سبه,12-س.xlsx,1,,1,
سبهل,سبهل,12-س.xlsx,,,,
سبي,سبي,12-س.xlsx,1,1,1,1
ستت,ستت,12-س.xlsx,,,1,
ستج,ستج,12-س.xlsx,1,,,
ستر,ستر,12-س.xlsx,1,1,1,
ستق,ستق,12-س.xlsx,1,,,
ستل,ستل,12-س.xlsx,1,,,1
ستن,ستن,12-س.xlsx,1,,1,
سته,سته,12-س.xlsx,1,,,1
سجج,سجج,12-س.xlsx,1,1,1,
سجح,سجح,12-س.xlsx,1,1,1,
سجد,سجد,12-س.xlsx,1,1,1,1
سجر,سجر,12-س.xlsx,1,1,1,1
سجس,سجس,12-س.xlsx,1,,,1
سجست,سجست,12-س.xlsx,1,,,
سجع,سجع,12-س.xlsx,1,1,1,
سجف,سجف,12-س.xlsx,1,1,1,1
سجل,سجل,12-س.xlsx,1,1,1,1
سجلط,سجلط,12-س.xlsx,1,,,
سجم,سجم,12-س.xlsx,1,1,1,
سجن,سجن,12-س.xlsx,1,1,1,1
سجهر,سجهر,12-س.xlsx,,,,
سجو,سجو,12-س.xlsx,1,1,1,1
سحب,سحب,12-س.xlsx,1,1,1,1
سحبل,سحبل,12-س.xlsx,,,,
سحت,سحت,12-س.xlsx,1,,1,1
سحتب,سحتب,12-س.xlsx,,,,
سحج,سحج,12-س.xlsx,1,1,1,1
سحح,سحح,12-س.xlsx,1,1,1,1
سحر,سحر,12-س.xlsx,1,1,1,1
سحط,سحط,12-س.xlsx,1,,1,1
سحف,سحف,12-س.xlsx,1,1,1,
سحق,سحق,12-س.xlsx,1,1,1,1
سحل,سحل,12-س.xlsx,1,1,1,1
سحم,سحم,12-س.xlsx,1,1,1,
سحن,سحن,12-س.xlsx,1,1,1,
سحو,سحو,12-س.xlsx,1,1,1,
سحي,سحي,12-س.xlsx,1,,,
سخب,سخب,12-س.xlsx,,,1,1
سخبر,سخبر,12-س.xlsx,,,,
سخت,سخت,12-س.xlsx,,,1,
سخخ,سخخ,12-س.xlsx,1,,1,
سخد,سخد,12-س.xlsx,,,1,
سخر,سخر,12-س.xlsx,1,,,1
سخط,سخط,12-س.xlsx,,,,
سخف,سخف,12-س.xlsx,1,1,1,
سخل,سخل,12-س.xlsx,1,1,1,
سخم,سخم,12-س.xlsx,1,1,1,
سخن,سخن,12-س.xlsx,1,1,1,1
سخو,سخو,12-س.xlsx,,,,1
سخي,سخي,12-س.xlsx,1,1,1,
سدأ,سدء,12-س.xlsx,1,,,
سدج,سدج,12-س.xlsx,1,,1,
سدح,سدح,12-س.xlsx,1,1,1,
سدخ,سدخ,12-س.xlsx,1,,1,
سدد,سدد,12-س.xlsx,1,1,1,1
سدر,سدر,12-س.xlsx,1,1,1,1
سدس,سدس,12-س.xlsx,1,1,1,1
سدع,سدع,12-س.xlsx,1,,1,
سدف,سدف,12-س.xlsx,1,1,1,1
سدك,سدك,12-س.xlsx,1,,1,
سدل,سدل,12-س.xlsx,1,1,1,1
سدم,سدم,12-س.xlsx,1,,1,
سدن,سدن,12-س.xlsx,1,1,1,
سدو,سدو,12-س.xlsx,1,1,1,
سدي,سدي,12-س.xlsx,1,,,1
سذب,سذب,12-س.xlsx,1,,,
سذج,سذج,12-س.xlsx,1,,,
سرء,سرء,12-س.xlsx,1,,,
سرب,سرب,12-س.xlsx,1,1,1,1
سربخ,سربخ,12-س.xlsx,,,,
سربد,سربد,12-س.xlsx,1,,,
سربل,سربل,12-س.xlsx,1,,,
سرج,سرج,12-س.xlsx,1,1,1,1
سرجح,سرجح,12-س.xlsx,,,,
سرجم,سرجم,12-س.xlsx,,,,
سرجن,سرجن,12-س.xlsx,1,,,
سرح,سرح,12-س.xlsx,1,1,1,1
سرحب,سرحب,12-س.xlsx,,,,
سرد,سرد,12-س.xlsx,1,1,1,1
سردح,سردح,12-س.xlsx,,,,
سردق,سردق,12-س.xlsx,,,,
سرر,سرر,12-س.xlsx,1,,1,1
سرس,سرس,12-س.xlsx,1,,,
سرط,سرط,12-س.xlsx,1,1,1,1
سرطل,سرطل,12-س.xlsx,1,,,
سرطم,سرطم,12-س.xlsx,1,,,
سرع,سرع,12-س.xlsx,1,1,1,
سرعب,سرعب,12-س.xlsx,,,,
سرعف,سرعف,12-س.xlsx,,,,
سرغ,سرغ,12-س.xlsx,1,,,
سرف,سرف,12-س.xlsx,,1,1,1
سرفج,سرفج,12-س.xlsx,1,,,
سرفل,سرفل,12-س.xlsx,1,,,
سرق,سرق,12-س.xlsx,1,1,1,1
سرك,سرك,12-س.xlsx,1,,,
سرل,سرل,12-س.xlsx,1,,,
سرم,سرم,12-س.xlsx,1,,,
سرمد,سرمد,12-س.xlsx,,,,
سرمط,سرمط,12-س.xlsx,1,,,
سرمق,سرمق,12-س.xlsx,,,,
سرند,سرند,12-س.xlsx,1,,,
سرندب,سرندب,12-س.xlsx,,,,
سرنف,سرنف,12-س.xlsx,1,,,
سرهب,سرهب,12-س.xlsx,,,,
سرهد,سرهد,12-س.xlsx,,,,
سرو,سرو,12-س.xlsx,1,,1,1
سرول,سرول,12-س.xlsx,,,,1
سري,سري,12-س.xlsx,1,,,
سريل,سريل,12-س.xlsx,,,,
سسم,سسم,12-س.xlsx,1,,,
سطب,سطب,12-س.xlsx,,,,
سطح,سطح,12-س.xlsx,1,1,1,
سطر,سطر,12-س.xlsx,1,1,1,1
سطط,سطط,12-س.xlsx,,,,
سطع,سطع,12-س.xlsx,1,1,1,1
سطل,سطل,12-س.xlsx,1,,1,
سطم,سطم,12-س.xlsx,1,1,1,1
سطن,سطن,12-س.xlsx,1,,1,
سطو,سطو,12-س.xlsx,1,,,1
سعب,سعب,12-س.xlsx,1,,,
سعبر,سعبر,12-س.xlsx,,,,
سعد,سعد,12-س.xlsx,1,1,1,1
سعر,سعر,12-س.xlsx,1,1,1,1
سعط,سعط,12-س.xlsx,1,,1,1
سعع,سعع,12-س.xlsx,1,1,1,
سعف,سعف,12-س.xlsx,1,1,1,1
سعل,سعل,12-س.xlsx,1,1,1,1
سعم,سعم,12-س.xlsx,1,,1,
سعن,سعن,12-س.xlsx,1,,1,
سعو,سعو,12-س.xlsx,1,,1,
سعي,سعي,12-س.xlsx,1,,,1
سغب,سغب,12-س.xlsx,1,1,1,
سغبل,سغبل,12-س.xlsx,1,,,
سغد,سغد,12-س.xlsx,1,,,
سغسغ,سغسغ,12-س.xlsx,1,,,
سغل,سغل,12-س.xlsx,1,1,1,
سغم,سغم,12-س.xlsx,1,,1,
سفت,سفت,12-س.xlsx,1,,,
سفج,سفج,12-س.xlsx,1,,,
سفح,سفح,12-س.xlsx,1,1,1,1
سفد,سفد,12-س.xlsx,1,,1,
سفر,سفر,12-س.xlsx,1,1,1,1
سفرجل,سفرجل,12-س.xlsx,1,,,
سفسر,سفسر,12-س.xlsx,1,,,
سفسق,سفسق,12-س.xlsx,,,,
سفط,سفط,12-س.xlsx,1,,1,
سفع,سفع,12-س.xlsx,1,1,1,1
سفف,سفف,12-س.xlsx,1,1,1,1
سفق,سفق,12-س.xlsx,1,1,1,
سفك,سفك,12-س.xlsx,1,,1,
سفل,سفل,12-س.xlsx,1,1,1,1
سفن,سفن,12-س.xlsx,1,1,1,
سفنج,سفنج,12-س.xlsx,1,,,
سفه,سفه,12-س.xlsx,1,1,1,1
سفو,سفو,12-س.xlsx,1,1,1,1
سفي,سفي,12-س.xlsx,1,,,
سقب,سقب,12-س.xlsx,1,1,1,
سقت,سقت,12-س.xlsx,1,,,
سقح,سقح,12-س.xlsx,1,,,
سقد,سقد,12-س.xlsx,1,,,
سقر,سقر,12-س.xlsx,1,1,1,
سقرقع,سقرقع,12-س.xlsx,,,,
سقط,سقط,12-س.xlsx,1,1,1,1
سقطر,سقطر,12-س.xlsx,,,,
سقع,سقع,12-س.xlsx,1,,1,
سقعطر,سقعطر,12-س.xlsx,,,,
سقف,سقف,12-س.xlsx,1,1,1,1
سقل,سقل,12-س.xlsx,1,,,
سقم,سقم,12-س.xlsx,1,1,1,1
سقي,سقي,12-س.xlsx,1,,1,1
سكب,سكب,12-س.xlsx,1,1,1,1
سكت,سكت,12-س.xlsx,1,1,1,1
سكر,سكر,12-س.xlsx,1,1,1,
سكع,سكع,12-س.xlsx,1,,,1
سكف,سكف,12-س.xlsx,1,,1,1
سكك,سكك,12-س.xlsx,1,1,1,1
سكم,سكم,12-س.xlsx,1,,1,
سكن,سكن,12-س.xlsx,1,1,1,1
سلء,سلء,12-س.xlsx,1,,,1
سلب,سلب,12-س.xlsx,1,1,1,1
سلت,سلت,12-س.xlsx,1,1,1,1
سلتم,سلتم,12-س.xlsx,1,,,
سلج,سلج,12-س.xlsx,1,1,1,
سلجم,سلجم,12-س.xlsx,1,,,
سلح,سلح,12-س.xlsx,1,,1,
سلحب,سلحب,12-س.xlsx,,,,
سلحف,سلحف,12-س.xlsx,,,,
سلخ,سلخ,12-س.xlsx,1,1,1,1
سلس,سلس,12-س.xlsx,1,1,1,1
سلسل,سلسل,12-س.xlsx,1,,,
سلط,سلط,12-س.xlsx,1,1,1,
سلطح,سلطح,12-س.xlsx,,,,
سلع,سلع,12-س.xlsx,1,1,1,
سلغ,سلغ,12-س.xlsx,1,,1,
سلغد,سلغد,12-س.xlsx,1,,,
سلغف,سلغف,12-س.xlsx,1,,,
سلف,سلف,12-س.xlsx,1,1,1,1
سلفع,سلفع,12-س.xlsx,,,,
سلق,سلق,12-س.xlsx,1,,1,1
سلقع,سلقع,12-س.xlsx,,,,
سلك,سلك,12-س.xlsx,1,1,1,1
سلكت,سلكت,12-س.xlsx,,,,
سلل,سلل,12-س.xlsx,1,1,1,
سلم,سلم,12-س.xlsx,1,1,1,1
سلمج,سلمج,12-س.xlsx,,,,
سلمس,سلمس,12-س.xlsx,,,,
سلهب,سلهب,12-س.xlsx,,,,1
سلهم,سلهم,12-س.xlsx,,,,
سلو,سلو,12-س.xlsx,1,1,1,
سلي,سلي,12-س.xlsx,1,1,1,
سمأل,سمءل,12-س.xlsx,1,,,
سمت,سمت,12-س.xlsx,1,1,1,
سمج,سمج,12-س.xlsx,1,1,1,
سمح,سمح,12-س.xlsx,1,1,1,1
سمحج,سمحج,12-س.xlsx,,,,
سمحق,سمحق,12-س.xlsx,,,,
سمخ,سمخ,12-س.xlsx,1,,1,
سمد,سمد,12-س.xlsx,1,1,1,1
سمدر,سمدر,12-س.xlsx,1,,,
سمدع,سمدع,12-س.xlsx,,,,
سمر,سمر,12-س.xlsx,1,1,1,1
سمرت,سمرت,12-س.xlsx,,,,
سمرج,سمرج,12-س.xlsx,1,,,
سمرطل,سمرطل,12-س.xlsx,1,,,
سمسر,سمسر,12-س.xlsx,1,,,
سمسق,سمسق,12-س.xlsx,,,,
سمط,سمط,12-س.xlsx,1,1,1,1
سمع,سمع,12-س.xlsx,1,1,1,1
سمعج,سمعج,12-س.xlsx,,,,
سمعد,سمعد,12-س.xlsx,,,,
سمغ,سمغ,12-س.xlsx,1,,,
سمغل,سمغل,12-س.xlsx,1,,,
سمق,سمق,12-س.xlsx,1,,1,
سمك,سمك,12-س.xlsx,1,1,1,1
سمل,سمل,12-س.xlsx,1,1,1,
سملج,سملج,12-س.xlsx,1,,,
سملخ,سملخ,12-س.xlsx,,,,
سملق,سملق,12-س.xlsx,,,,
سمم,سمم,12-س.xlsx,1,1,1,
سمن,سمن,12-س.xlsx,1,1,1,1
سمند,سمند,12-س.xlsx,,,,
سمه,سمه,12-س.xlsx,1,1,1,
سمهج,سمهج,12-س.xlsx,,,,
سمهد,سمهد,12-س.xlsx,,,,
سمهدر,سمهدر,12-س.xlsx,,,,
سمهر,سمهر,12-س.xlsx,,,,
سمو,سمو,12-س.xlsx,1,1,1,1
سنب,سنب,12-س.xlsx,1,1,1,
سنبر,سنبر,12-س.xlsx,1,,,
سنبس,سنبس,12-س.xlsx,,,,
سنبك,سنبك,12-س.xlsx,,,,
سنبل,سنبل,12-س.xlsx,1,,,
سنت,سنت,12-س.xlsx,1,,1,
سنتب,سنتب,12-س.xlsx,,,,
سنج,سنج,12-س.xlsx,1,,1,
سنجل,سنجل,12-س.xlsx,1,,,
سنح,سنح,12-س.xlsx,1,,1,1
سنخ,سنخ,12-س.xlsx,1,1,1,1
سند,سند,12-س.xlsx,1,1,1,
سندب,سندب,12-س.xlsx,1,,,
سندر,سندر,12-س.xlsx,1,,,
سندس,سندس,12-س.xlsx,1,,,
سنر,سنر,12-س.xlsx,,,,1
سنط,سنط,12-س.xlsx,1,,1,
سنطب,سنطب,12-س.xlsx,1,,,
سنطح,سنطح,12-س.xlsx,,,,
سنطل,سنطل,12-س.xlsx,1,,,
سنع,سنع,12-س.xlsx,1,1,1,
سنف,سنف,12-س.xlsx,1,,1,1
سنق,سنق,12-س.xlsx,1,,1,1
سنقطر,سنقطر,12-س.xlsx,,,,
سنم,سنم,12-س.xlsx,1,1,1,1
سنمر,سنمر,12-س.xlsx,1,,,
سنن,سنن,12-س.xlsx,1,1,1,1
سنه,سنه,12-س.xlsx,1,1,1,
سنو,سنو,12-س.xlsx,1,,,1
سني,سني,12-س.xlsx,1,1,1,
سهب,سهب,12-س.xlsx,1,1,1,
سهبر,سهبر,12-س.xlsx,,,,
سهج,سهج,12-س.xlsx,,1,1,
سهجر,سهجر,12-س.xlsx,,,,
سهد,سهد,12-س.xlsx,1,1,1,1
سهر,سهر,12-س.xlsx,,1,1,1
سهرز,سهرز,12-س.xlsx,,,,
سهف,سهف,12-س.xlsx,1,,1,
سهق,سهق,12-س.xlsx,1,1,1,
سهك,سهك,12-س.xlsx,1,1,1,
سهل,سهل,12-س.xlsx,1,1,1,1
سهم,سهم,12-س.xlsx,1,1,1,1
سهه,سهه,12-س.xlsx,1,,,
سهو,سهو,12-س.xlsx,1,,1,
سوء,سوء,12-س.xlsx,1,,,
سوب,سوب,12-س.xlsx,,,,
سوج,سوج,12-س.xlsx,1,,,
سوح,سوح,12-س.xlsx,1,,1,
سوخ,سوخ,12-س.xlsx,1,,1,
سود,سود,12-س.xlsx,1,1,1,1
سور,سور,12-س.xlsx,1,1,1,
سوس,سوس,12-س.xlsx,1,1,1,1
سوسن,سوسن,12-س.xlsx,1,,,
سوط,سوط,12-س.xlsx,1,1,1,1
سوع,سوع,12-س.xlsx,1,1,1,
سوغ,سوغ,12-س.xlsx,1,1,1,1
سوف,سوف,12-س.xlsx,1,1,1,1
سوق,سوق,12-س.xlsx,1,1,1,1
سوك,سوك,12-س.xlsx,1,1,1,
سول,سول,12-س.xlsx,1,1,1,
سوم,سوم,12-س.xlsx,1,1,1,1
سوي,سوي,12-س.xlsx,1,1,1,1
سيأ,سيء,12-س.xlsx,1,,,
سيب,سيب,12-س.xlsx,1,1,1,1
سيج,سيج,12-س.xlsx,,,,
سيح,سيح,12-س.xlsx,1,,1,1
سيخ,سيخ,12-س.xlsx,1,,,
سيد,سيد,12-س.xlsx,1,,1,1
سير,سير,12-س.xlsx,1,1,1,
سيع,سيع,12-س.xlsx,1,1,1,
سيغ,سيغ,12-س.xlsx,1,,,
سيف,سيف,12-س.xlsx,1,1,1,1
سيل,سيل,12-س.xlsx,1,1,1,1
سيم,سيم,12-س.xlsx,1,,,
سين,سين,12-س.xlsx,1,,,
سيي,سيي,12-س.xlsx,1,,,
شأب,شءب,13-ش.xlsx,1,,,
شأت,شءت,13-ش.xlsx,1,,1,
شأز,شءز,13-ش.xlsx,,1,1,
شأس,شءس,13-ش.xlsx,1,,1,
شأشأ,شءشء,13-ش.xlsx,1,,,
شأف,شءف,13-ش.xlsx,1,1,1,1
شأم,شءم,13-ش.xlsx,1,1,1,
شأن,شءن,13-ش.xlsx,1,1,1,
شأو,شءو,13-ش.xlsx,1,1,1,
شأي,شءي,13-ش.xlsx,1,,1,
شبب,شبب,13-ش.xlsx,1,1,1,1
شبت,شبت,13-ش.xlsx,1,,,
شبث,شبث,13-ش.xlsx,1,1,1,
شبج,شبج,13-ش.xlsx,1,,,
شبح,شبح,13-ش.xlsx,1,1,1,1
شبخ,شبخ,13-ش.xlsx,1,,,
شبدع,شبدع,13-ش.xlsx,,,,
شبر,شبر,13-ش.xlsx,1,1,1,1
شبرق,شبرق,13-ش.xlsx,,,,
شبرم,شبرم,13-ش.xlsx,,,,
شبص,شبص,13-ش.xlsx,1,,1,
شبط,شبط,13-ش.xlsx,1,,,
شبع,شبع,13-ش.xlsx,1,1,1,1
شبق,شبق,13-ش.xlsx,1,,1,
شبك,شبك,13-ش.xlsx,1,1,1,1
شبل,شبل,13-ش.xlsx,1,1,1,1
شبم,شبم,13-ش.xlsx,1,1,1,
شبن,شبن,13-ش.xlsx,,,,
شبه,شبه,13-ش.xlsx,1,1,1,
شبو,شبو,13-ش.xlsx,1,1,1,1
شتت,شتت,13-ش.xlsx,1,1,1,
شتر,شتر,13-ش.xlsx,1,1,1,
شتغر,شتغر,13-ش.xlsx,1,,,
شتم,شتم,13-ش.xlsx,1,1,1,
شتو,شتو,13-ش.xlsx,1,,1,
شثث,شثث,13-ش.xlsx,1,,1,
شثن,شثن,13-ش.xlsx,1,,1,
شجب,شجب,13-ش.xlsx,1,1,1,
شجج,شجج,13-ش.xlsx,1,1,1,1
شجذ,شجذ,13-ش.xlsx,1,,1,
شجر,شجر,13-ش.xlsx,1,1,1,
شجع,شجع,13-ش.xlsx,1,1,1,1
شجن,شجن,13-ش.xlsx,1,1,1,
شجو,شجو,13-ش.xlsx,1,1,1,1
شحب,شحب,13-ش.xlsx,1,1,1,
شحث,شحث,13-ش.xlsx,,,,
شحج,شحج,13-ش.xlsx,1,1,1,
شحح,شحح,13-ش.xlsx,1,,1,1
شحد,شحد,13-ش.xlsx,,,,
شحذ,شحذ,13-ش.xlsx,1,1,1,
شحر,شحر,13-ش.xlsx,1,,,
شحص,شحص,13-ش.xlsx,1,,1,
شحط,شحط,13-ش.xlsx,1,1,1,
شحك,شحك,13-ش.xlsx,1,,,
شحم,شحم,13-ش.xlsx,1,1,1,1
شحن,شحن,13-ش.xlsx,1,1,1,
شحو,شحو,13-ش.xlsx,1,1,1,1
شحي,شحي,13-ش.xlsx,1,1,1,
شخب,شخب,13-ش.xlsx,1,1,1,1
شخت,شخت,13-ش.xlsx,1,,1,1
شخخ,شخخ,13-ش.xlsx,1,,1,
شخدب,شخدب,13-ش.xlsx,,,,
شخذ,شخذ,13-ش.xlsx,1,,,
شخر,شخر,13-ش.xlsx,1,1,1,
شخرب,شخرب,13-ش.xlsx,,,,
شخز,شخز,13-ش.xlsx,1,1,1,
شخس,شخس,13-ش.xlsx,1,1,1,1
شخص,شخص,13-ش.xlsx,1,1,1,1
شخف,شخف,13-ش.xlsx,1,,,
شخل,شخل,13-ش.xlsx,1,,1,
شخلب,شخلب,13-ش.xlsx,,,,
شخم,شخم,13-ش.xlsx,1,1,1,
شدح,شدح,13-ش.xlsx,1,,1,
شدخ,شدخ,13-ش.xlsx,1,1,1,1
شدد,شدد,13-ش.xlsx,1,1,1,
شدف,شدف,13-ش.xlsx,1,1,1,
شدق,شدق,13-ش.xlsx,1,1,1,1
شدقم,شدقم,13-ش.xlsx,,,,
شدن,شدن,13-ش.xlsx,1,1,1,
شده,شده,13-ش.xlsx,1,,1,
شدو,شدو,13-ش.xlsx,1,,,
شذب,شذب,13-ش.xlsx,1,1,1,1
شذح,شذح,13-ش.xlsx,1,,,
شذذ,شذذ,13-ش.xlsx,1,1,1,1
شذر,شذر,13-ش.xlsx,1,1,1,
شذق,شذق,13-ش.xlsx,1,,,
شذم,شذم,13-ش.xlsx,1,,1,
شذو,شذو,13-ش.xlsx,1,,,1
شذي,شذي,13-ش.xlsx,,1,1,
شرب,شرب,13-ش.xlsx,1,1,1,1
شرت,شرت,13-ش.xlsx,1,,,
شرث,شرث,13-ش.xlsx,1,1,1,
شرج,شرج,13-ش.xlsx,1,1,1,1
شرجب,شرجب,13-ش.xlsx,1,,,
شرجع,شرجع,13-ش.xlsx,,,,
شرح,شرح,13-ش.xlsx,1,1,1,1
شرخ,شرخ,13-ش.xlsx,1,1,1,
شرد,شرد,13-ش.xlsx,1,1,1,1
شردح,شردح,13-ش.xlsx,,,,
شردخ,شردخ,13-ش.xlsx,,,,
شرذم,شرذم,13-ش.xlsx,,,,
شرر,شرر,13-ش.xlsx,1,1,1,1
شرز,شرز,13-ش.xlsx,1,1,1,
شرس,شرس,13-ش.xlsx,1,,1,
شرص,شرص,13-ش.xlsx,1,,1,
شرض,شرض,13-ش.xlsx,1,,,
شرط,شرط,13-ش.xlsx,1,1,1,
شرع,شرع,13-ش.xlsx,1,1,1,1
شرعب,شرعب,13-ش.xlsx,,,,
شرغ,شرغ,13-ش.xlsx,1,,,
شرف,شرف,13-ش.xlsx,1,1,1,1
شرق,شرق,13-ش.xlsx,1,1,1,1
شرك,شرك,13-ش.xlsx,1,1,1,1
شرم,شرم,13-ش.xlsx,1,1,1,
شرمح,شرمح,13-ش.xlsx,,,,
شرنض,شرنض,13-ش.xlsx,,,,
شرنف,شرنف,13-ش.xlsx,,,,
شرنق,شرنق,13-ش.xlsx,,,,
شره,شره,13-ش.xlsx,1,,,
شرو,شرو,13-ش.xlsx,1,,,1
شري,شري,13-ش.xlsx,1,1,1,
شزب,شزب,13-ش.xlsx,1,,1,
شزر,شزر,13-ش.xlsx,1,1,1,
شزز,شزز,13-ش.xlsx,1,,1,
شزن,شزن,13-ش.xlsx,1,1,1,
شسأ,شسء,13-ش.xlsx,,,,
شسب,شسب,13-ش.xlsx,1,,1,
شسس,شسس,13-ش.xlsx,1,,1,
شسع,شسع,13-ش.xlsx,1,1,1,1
شسف,شسف,13-ش.xlsx,1,1,1,
ششقل,ششقل,13-ش.xlsx,,,,
شصب,شصب,13-ش.xlsx,1,1,1,
شصر,شصر,13-ش.xlsx,1,1,1,
شصص,شصص,13-ش.xlsx,1,1,1,
شصلب,شصلب,13-ش.xlsx,,,,
شصو,شصو,13-ش.xlsx,1,,,
شطأ,شطء,13-ش.xlsx,1,,1,
شطب,شطب,13-ش.xlsx,1,1,1,1
شطح,شطح,13-ش.xlsx,,,,
شطر,شطر,13-ش.xlsx,1,1,1,
شطس,شطس,13-ش.xlsx,1,,,
شطط,شطط,13-ش.xlsx,1,1,1,1
شطف,شطف,13-ش.xlsx,,,,
شطن,شطن,13-ش.xlsx,1,1,1,1
شطي,شطي,13-ش.xlsx,1,,,
شظظ,شظظ,13-ش.xlsx,1,1,1,
شظف,شظف,13-ش.xlsx,1,1,1,
شظم,شظم,13-ش.xlsx,1,,1,1
شظي,شظي,13-ش.xlsx,1,1,1,
شعب,شعب,13-ش.xlsx,1,1,1,1
شعبد,شعبد,13-ش.xlsx,,,,
شعت,شعت,13-ش.xlsx,,,,
شعث,شعث,13-ش.xlsx,,1,1,1
شعذ,شعذ,13-ش.xlsx,1,,1,1
شعر,شعر,13-ش.xlsx,1,1,1,
شعصب,شعصب,13-ش.xlsx,,,,
شعع,شعع,13-ش.xlsx,1,1,1,
شعف,شعف,13-ش.xlsx,1,1,1,1
شعفر,شعفر,13-ش.xlsx,,,,
شعل,شعل,13-ش.xlsx,1,1,1,1
شعم,شعم,13-ش.xlsx,1,,,
شعن,شعن,13-ش.xlsx,1,,1,
شعو,شعو,13-ش.xlsx,,,,
شعي,شعي,13-ش.xlsx,1,1,1,
شغب,شغب,13-ش.xlsx,1,1,1,1
شغبر,شغبر,13-ش.xlsx,,,,
شغبز,شغبز,13-ش.xlsx,1,,,
شغر,شغر,13-ش.xlsx,1,1,1,1
شغرب,شغرب,13-ش.xlsx,,,,
شغزب,شغزب,13-ش.xlsx,1,,,
شغش,شغش,13-ش.xlsx,1,,,
شغف,شغف,13-ش.xlsx,1,,1,
شغفر,شغفر,13-ش.xlsx,1,,,
شغل,شغل,13-ش.xlsx,1,1,1,1
شغم,شغم,13-ش.xlsx,1,1,1,
شغن,شغن,13-ش.xlsx,1,,1,
شغنب,شغنب,13-ش.xlsx,1,,,
شغو,شغو,13-ش.xlsx,1,1,1,
شغي,شغي,13-ش.xlsx,,,,
شفتر,شفتر,13-ش.xlsx,,,,
شفر,شفر,13-ش.xlsx,1,1,1,1
شفرج,شفرج,13-ش.xlsx,,,,
شفز,شفز,13-ش.xlsx,1,,,
شفع,شفع,13-ش.xlsx,1,1,1,1
شفف,شفف,13-ش.xlsx,1,1,1,1
شفق,شفق,13-ش.xlsx,1,1,1,1
شفلح,شفلح,13-ش.xlsx,,,,
شفن,شفن,13-ش.xlsx,1,1,1,
شفه,شفه,13-ش.xlsx,1,,,1
شفو,شفو,13-ش.xlsx,1,,,
شفي,شفي,13-ش.xlsx,1,1,1,1
شقب,شقب,13-ش.xlsx,1,1,1,
شقح,شقح,13-ش.xlsx,1,1,1,
شقحطب,شقحطب,13-ش.xlsx,,,,
شقد,شقد,13-ش.xlsx,1,,,
شقذ,شقذ,13-ش.xlsx,1,1,1,
شقر,شقر,13-ش.xlsx,1,1,1,
شقرق,شقرق,13-ش.xlsx,,,,
شقص,شقص,13-ش.xlsx,1,,1,
شقط,شقط,13-ش.xlsx,1,,,
شقع,شقع,13-ش.xlsx,1,,1,
شقق,شقق,13-ش.xlsx,1,1,1,1
شقل,شقل,13-ش.xlsx,1,,,
شقم,شقم,13-ش.xlsx,1,,,
شقن,شقن,13-ش.xlsx,1,,1,
شقو,شقو,13-ش.xlsx,1,1,1,1
شكأ,شكء,13-ش.xlsx,1,,,
شكب,شكب,13-ش.xlsx,,,,
شكد,شكد,13-ش.xlsx,1,,1,
شكر,شكر,13-ش.xlsx,1,1,1,1
شكز,شكز,13-ش.xlsx,1,,,
شكس,شكس,13-ش.xlsx,1,,,1
شكع,شكع,13-ش.xlsx,1,1,1,
شكك,شكك,13-ش.xlsx,1,1,1,1
شكل,شكل,13-ش.xlsx,1,,1,1
شكم,شكم,13-ش.xlsx,1,1,1,1
شكه,شكه,13-ش.xlsx,1,1,1,
شكو,شكو,13-ش.xlsx,1,1,1,
شلح,شلح,13-ش.xlsx,1,,1,
شلخ,شلخ,13-ش.xlsx,1,,,
شلط,شلط,13-ش.xlsx,1,,,
شلغ,شلغ,13-ش.xlsx,,,,
شلق,شلق,13-ش.xlsx,1,,,
شلل,شلل,13-ش.xlsx,1,1,1,1
شلم,شلم,13-ش.xlsx,1,,,
شلو,شلو,13-ش.xlsx,,1,1,1
شمت,شمت,13-ش.xlsx,1,,1,1
شمج,شمج,13-ش.xlsx,1,1,1,
شمحط,شمحط,13-ش.xlsx,,,,
شمخ,شمخ,13-ش.xlsx,1,1,1,
شمختر,شمختر,13-ش.xlsx,,,,
شمخر,شمخر,13-ش.xlsx,,,,
شمذ,شمذ,13-ش.xlsx,1,,,
شمذر,شمذر,13-ش.xlsx,,,,
شمر,شمر,13-ش.xlsx,1,1,1,
شمرج,شمرج,13-ش.xlsx,1,,,
شمرخ,شمرخ,13-ش.xlsx,,,,
شمردل,شمردل,13-ش.xlsx,,,,
شمز,شمز,13-ش.xlsx,1,,,
شمس,شمس,13-ش.xlsx,1,1,1,1
شمص,شمص,13-ش.xlsx,1,,1,
شمصر,شمصر,13-ش.xlsx,,,,
شمط,شمط,13-ش.xlsx,1,,,1
شمظ,شمظ,13-ش.xlsx,1,,,
شمع,شمع,13-ش.xlsx,1,,1,
شمق,شمق,13-ش.xlsx,1,,1,
شمل,شمل,13-ش.xlsx,1,1,1,1
شمم,شمم,13-ش.xlsx,1,1,1,1
شنأ,شنء,13-ش.xlsx,1,,,1
شنب,شنب,13-ش.xlsx,1,1,1,
شنبر,شنبر,13-ش.xlsx,,,,
شنتر,شنتر,13-ش.xlsx,,,,
شنث,شنث,13-ش.xlsx,1,,1,
شنج,شنج,13-ش.xlsx,1,,1,
شنح,شنح,13-ش.xlsx,1,,1,
شنخ,شنخ,13-ش.xlsx,1,,,
شنخب,شنخب,13-ش.xlsx,,,,
شنذر,شنذر,13-ش.xlsx,,,,
شنر,شنر,13-ش.xlsx,1,,,
شنز,شنز,13-ش.xlsx,1,,,
شنزر,شنزر,13-ش.xlsx,,,,
شنس,شنس,13-ش.xlsx,,,,
شنص,شنص,13-ش.xlsx,1,,1,
شنط,شنط,13-ش.xlsx,1,,,
شنظ,شنظ,13-ش.xlsx,1,,,
شنظب,شنظب,13-ش.xlsx,,,,
شنظر,شنظر,13-ش.xlsx,,,,
شنع,شنع,13-ش.xlsx,1,1,1,
شنعب,شنعب,13-ش.xlsx,,,,
شنغب,شنغب,13-ش.xlsx,,,,
شنغر,شنغر,13-ش.xlsx,1,,,
شنغم,شنغم,13-ش.xlsx,1,,,
شنف,شنف,13-ش.xlsx,1,1,1,1
شنفر,شنفر,13-ش.xlsx,,,,
شنق,شنق,13-ش.xlsx,1,1,1,1
شنم,شنم,13-ش.xlsx,1,,,
شنن,شنن,13-ش.xlsx,1,1,1,1
شنو,شنو,13-ش.xlsx,1,1,1,
شهب,شهب,13-ش.xlsx,1,1,1,1
شهبر,شهبر,13-ش.xlsx,,,,
شهد,شهد,13-ش.xlsx,1,1,1,
شهدر,شهدر,13-ش.xlsx,,,,
شهذر,شهذر,13-ش.xlsx,,,,
شهر,شهر,13-ش.xlsx,1,1,1,1
شهرب,شهرب,13-ش.xlsx,,,,
شهرز,شهرز,13-ش.xlsx,,,,
شهق,شهق,13-ش.xlsx,1,1,1,
شهل,شهل,13-ش.xlsx,1,1,1,
شهم,شهم,13-ش.xlsx,1,1,1,1
شهن,شهن,13-ش.xlsx,1,,,
شهو,شهو,13-ش.xlsx,1,,1,
شوأ,شوء,13-ش.xlsx,1,,,
شوب,شوب,13-ش.xlsx,1,1,1,
شود,شود,13-ش.xlsx,1,,,
شوذ,شوذ,13-ش.xlsx,1,,1,
شور,شور,13-ش.xlsx,1,1,1,1
شوز,شوز,13-ش.xlsx,,,,
شوس,شوس,13-ش.xlsx,1,1,1,1
شوش,شوش,13-ش.xlsx,,,,
شوص,شوص,13-ش.xlsx,1,1,1,
شوط,شوط,13-ش.xlsx,1,1,1,
شوظ,شوظ,13-ش.xlsx,1,,1,1
شوع,شوع,13-ش.xlsx,1,1,1,
شوف,شوف,13-ش.xlsx,1,1,1,
شوق,شوق,13-ش.xlsx,1,1,1,1
شوك,شوك,13-ش.xlsx,1,1,1,1
شول,شول,13-ش.xlsx,1,1,1,
شوم,شوم,13-ش.xlsx,1,,,
شون,شون,13-ش.xlsx,,,,
شوه,شوه,13-ش.xlsx,1,,,1
شوي,شوي,13-ش.xlsx,1,1,1,
شيأ,شيء,13-ش.xlsx,1,,1,
شيب,شيب,13-ش.xlsx,1,,1,
شيت,شيت,13-ش.xlsx,1,,,
شيح,شيح,13-ش.xlsx,1,1,1,
شيخ,شيخ,13-ش.xlsx,1,,1,1
شيد,شيد,13-ش.xlsx,1,1,1,1
شير,شير,13-ش.xlsx,1,,,
شيز,شيز,13-ش.xlsx,1,,,
شيش,شيش,13-ش.xlsx,,,,
شيص,شيص,13-ش.xlsx,1,,1,
شيط,شيط,13-ش.xlsx,1,1,1,1
شيع,شيع,13-ش.xlsx,1,1,1,1
شيق,شيق,13-ش.xlsx,1,,1,
شيم,شيم,13-ش.xlsx,1,1,1,1
شين,شين,13-ش.xlsx,1,1,1,
شيه,شيه,13-ش.xlsx,,,,
شيي,شيي,13-ش.xlsx,1,,,
صأب,صءب,14-ص.xlsx,1,,,
صأر,صءر,14-ص.xlsx,1,,,
صأصأ,صءصء,14-ص.xlsx,1,,,
صأي,صءي,14-ص.xlsx,1,,,
صبأ,صبء,14-ص.xlsx,1,,,
صبب,صبب,14-ص.xlsx,1,1,1,1
صبث,صبث,14-ص.xlsx,,,,
صبح,صبح,14-ص.xlsx,1,1,1,1
صبخ,صبخ,14-ص.xlsx,,,,
صبر,صبر,14-ص.xlsx,1,1,1,
صبع,صبع,14-ص.xlsx,1,1,1,
صبغ,صبغ,14-ص.xlsx,1,1,1,1
صبن,صبن,14-ص.xlsx,1,,,
صبو,صبو,14-ص.xlsx,1,,,1
صتأ,صتء,14-ص.xlsx,1,,,
صتت,صتت,14-ص.xlsx,1,1,1,
صتع,صتع,14-ص.xlsx,1,1,1,
صتم,صتم,14-ص.xlsx,1,1,1,
صحب,صحب,14-ص.xlsx,1,1,1,
صحح,صحح,14-ص.xlsx,1,1,1,1
صحر,صحر,14-ص.xlsx,1,1,1,1
صحف,صحف,14-ص.xlsx,1,1,1,
صحل,صحل,14-ص.xlsx,1,,1,
صحن,صحن,14-ص.xlsx,1,1,1,1
صحو,صحو,14-ص.xlsx,1,1,1,1
صخب,صخب,14-ص.xlsx,1,1,1,1
صخخ,صخخ,14-ص.xlsx,1,1,1,1
صخد,صخد,14-ص.xlsx,1,1,1,
صخر,صخر,14-ص.xlsx,1,,1,1
صخي,صخي,14-ص.xlsx,1,,1,
صدأ,صدء,14-ص.xlsx,1,,,1
صدح,صدح,14-ص.xlsx,1,1,1,1
صدد,صدد,14-ص.xlsx,1,1,1,1
صدر,صدر,14-ص.xlsx,1,1,1,1
صدع,صدع,14-ص.xlsx,1,1,1,1
صدغ,صدغ,14-ص.xlsx,1,1,1,
صدف,صدف,14-ص.xlsx,1,1,1,
صدق,صدق,14-ص.xlsx,1,1,1,1
صدل,صدل,14-ص.xlsx,1,,,
صدم,صدم,14-ص.xlsx,1,,1,1
صدن,صدن,14-ص.xlsx,1,,1,
صدي,صدي,14-ص.xlsx,1,,1,1
صرب,صرب,14-ص.xlsx,1,1,1,
صرج,صرج,14-ص.xlsx,1,,,
صرح,صرح,14-ص.xlsx,1,1,1,
صرخ,صرخ,14-ص.xlsx,1,1,1,
صرخد,صرخد,14-ص.xlsx,,,,
صرد,صرد,14-ص.xlsx,1,1,1,1
صردح,صردح,14-ص.xlsx,,,,
صرر,صرر,14-ص.xlsx,1,,1,1
صرصر,صرصر,14-ص.xlsx,,,,
صرط,صرط,14-ص.xlsx,,,1,
صرع,صرع,14-ص.xlsx,1,1,1,1
صرف,صرف,14-ص.xlsx,1,1,1,1
صرقح,صرقح,14-ص.xlsx,,,,
صرم,صرم,14-ص.xlsx,1,1,1,1
صري,صري,14-ص.xlsx,1,1,1,
صطب,صطب,14-ص.xlsx,1,,,
صطر,صطر,14-ص.xlsx,,,,
صعب,صعب,14-ص.xlsx,1,1,1,1
صعت,صعت,14-ص.xlsx,,,,
صعد,صعد,14-ص.xlsx,1,1,1,1
صعر,صعر,14-ص.xlsx,1,1,1,
صعع,صعع,14-ص.xlsx,1,1,1,
صعف,صعف,14-ص.xlsx,1,,1,
صعفر,صعفر,14-ص.xlsx,,,,
صعفق,صعفق,14-ص.xlsx,,,,
صعق,صعق,14-ص.xlsx,1,1,1,
صعل,صعل,14-ص.xlsx,1,1,1,
صعلك,صعلك,14-ص.xlsx,,,,
صعن,صعن,14-ص.xlsx,1,1,1,
صعنب,صعنب,14-ص.xlsx,,,,
صعو,صعو,14-ص.xlsx,1,,1,
صغر,صغر,14-ص.xlsx,1,1,1,1
صغل,صغل,14-ص.xlsx,1,,1,
صغو,صغو,14-ص.xlsx,1,1,1,1
صغي,صغي,14-ص.xlsx,1,1,1,
صفت,صفت,14-ص.xlsx,1,,,
صفح,صفح,14-ص.xlsx,1,1,1,1
صفد,صفد,14-ص.xlsx,1,1,1,1
صفر,صفر,14-ص.xlsx,1,,1,1
صفرد,صفرد,14-ص.xlsx,,,,
صفصف,صفصف,14-ص.xlsx,,,,
صفع,صفع,14-ص.xlsx,1,,,
صفغ,صفغ,14-ص.xlsx,1,,,
صفف,صفف,14-ص.xlsx,1,,,1
صفق,صفق,14-ص.xlsx,1,1,1,1
صفن,صفن,14-ص.xlsx,1,1,1,1
صفو,صفو,14-ص.xlsx,1,1,1,1
صقب,صقب,14-ص.xlsx,1,1,1,
صقر,صقر,14-ص.xlsx,1,1,1,1
صقع,صقع,14-ص.xlsx,1,1,1,1
صقعب,صقعب,14-ص.xlsx,,,,
صقعر,صقعر,14-ص.xlsx,,,,
صقل,صقل,14-ص.xlsx,1,1,1,1
صقلب,صقلب,14-ص.xlsx,,,,
صكك,صكك,14-ص.xlsx,1,1,1,
صكم,صكم,14-ص.xlsx,1,1,1,
صلب,صلب,14-ص.xlsx,1,1,1,1
صلت,صلت,14-ص.xlsx,1,1,1,1
صلج,صلج,14-ص.xlsx,1,,1,
صلح,صلح,14-ص.xlsx,1,1,1,1
صلخ,صلخ,14-ص.xlsx,1,,1,
صلخد,صلخد,14-ص.xlsx,,,,
صلخم,صلخم,14-ص.xlsx,,,,
صلد,صلد,14-ص.xlsx,1,1,1,1
صلدح,صلدح,14-ص.xlsx,,,,
صلصل,صلصل,14-ص.xlsx,,,,
صلطح,صلطح,14-ص.xlsx,,,,
صلع,صلع,14-ص.xlsx,1,1,1,1
صلغ,صلغ,14-ص.xlsx,1,,1,
صلغد,صلغد,14-ص.xlsx,1,,,
صلف,صلف,14-ص.xlsx,1,1,1,1
صلفح,صلفح,14-ص.xlsx,,,,
صلق,صلق,14-ص.xlsx,1,1,1,
صلل,صلل,14-ص.xlsx,1,1,1,1
صلم,صلم,14-ص.xlsx,1,1,1,
صلهب,صلهب,14-ص.xlsx,,,,
صلو,صلو,14-ص.xlsx,1,,,
صلي,صلي,14-ص.xlsx,1,,1,1
صمأ,صمء,14-ص.xlsx,1,,,
صمت,صمت,14-ص.xlsx,1,1,1,1
صمج,صمج,14-ص.xlsx,1,,1,
صمح,صمح,14-ص.xlsx,1,1,1,
صمخ,صمخ,14-ص.xlsx,1,1,1,
صمخد,صمخد,14-ص.xlsx,,,,
صمد,صمد,14-ص.xlsx,1,1,1,
صمر,صمر,14-ص.xlsx,1,,1,1
صمع,صمع,14-ص.xlsx,1,1,1,
صمعت,صمعت,14-ص.xlsx,,,,
صمعر,صمعر,14-ص.xlsx,,,,
صمغ,صمغ,14-ص.xlsx,1,,1,
صمغد,صمغد,14-ص.xlsx,,,,
صمقر,صمقر,14-ص.xlsx,,,,
صمك,صمك,14-ص.xlsx,1,1,1,
صمل,صمل,14-ص.xlsx,1,1,1,
صملخ,صملخ,14-ص.xlsx,,,,
صمم,صمم,14-ص.xlsx,1,1,1,1
صمي,صمي,14-ص.xlsx,1,1,1,
صنب,صنب,14-ص.xlsx,1,,,
صنبح,صنبح,14-ص.xlsx,,,,
صنبر,صنبر,14-ص.xlsx,,,,
صنت,صنت,14-ص.xlsx,1,,,
صنتع,صنتع,14-ص.xlsx,,,,
صنج,صنج,14-ص.xlsx,1,,1,1
صند,صند,14-ص.xlsx,1,1,1,
صندق,صندق,14-ص.xlsx,,,,
صندل,صندل,14-ص.xlsx,,,,
صنع,صنع,14-ص.xlsx,1,1,1,1
صنف,صنف,14-ص.xlsx,1,,1,
صنق,صنق,14-ص.xlsx,1,,1,
صنم,صنم,14-ص.xlsx,1,,1,
صنن,صنن,14-ص.xlsx,1,1,1,
صنو,صنو,14-ص.xlsx,1,1,1,1
صهب,صهب,14-ص.xlsx,1,,1,1
صهج,صهج,14-ص.xlsx,,,,
صهد,صهد,14-ص.xlsx,1,1,1,
صهر,صهر,14-ص.xlsx,1,,,1
صهصلق,صهصلق,14-ص.xlsx,,,,
صهل,صهل,14-ص.xlsx,1,,1,1
صهم,صهم,14-ص.xlsx,1,,1,
صهه,صهه,14-ص.xlsx,1,,1,
صهو,صهو,14-ص.xlsx,1,1,1,1
صوب,صوب,14-ص.xlsx,1,1,1,1
صوت,صوت,14-ص.xlsx,1,1,1,
صوج,صوج,14-ص.xlsx,1,,,
صوح,صوح,14-ص.xlsx,1,1,1,
صود,صود,14-ص.xlsx,1,,,
صور,صور,14-ص.xlsx,1,,1,1
صوص,صوص,14-ص.xlsx,1,,,
صوع,صوع,14-ص.xlsx,1,1,1,1
صوغ,صوغ,14-ص.xlsx,1,1,1,1
صوف,صوف,14-ص.xlsx,1,1,1,1
صوق,صوق,14-ص.xlsx,1,,,
صوك,صوك,14-ص.xlsx,1,,1,
صول,صول,14-ص.xlsx,1,1,1,1
صوم,صوم,14-ص.xlsx,1,1,1,1
صون,صون,14-ص.xlsx,1,1,1,1
صوي,صوي,14-ص.xlsx,1,1,1,1
صيأ,صيء,14-ص.xlsx,1,,1,
صيب,صيب,14-ص.xlsx,1,,,
صيح,صيح,14-ص.xlsx,1,1,1,1
صيخ,صيخ,14-ص.xlsx,1,,1,
صيد,صيد,14-ص.xlsx,,1,1,1
صير,صير,14-ص.xlsx,1,,,
صيص,صيص,14-ص.xlsx,,,,
صيع,صيع,14-ص.xlsx,1,,,
صيف,صيف,14-ص.xlsx,1,1,1,1
صيق,صيق,14-ص.xlsx,1,,1,
صيك,صيك,14-ص.xlsx,1,,1,
صيل,صيل,14-ص.xlsx,,,,
صين,صين,14-ص.xlsx,1,,,
صىي,صيي,14-ص.xlsx,1,,1,
ضأب,ضءب,15-ض.xlsx,1,,,
ضأد,ضءد,15-ض.xlsx,1,1,1,
ضأز,ضءز,15-ض.xlsx,1,,,
ضأضأ,ضءضء,15-ض.xlsx,1,,,
ضأط,ضءط,15-ض.xlsx,1,,,
ضأل,ضءل,15-ض.xlsx,1,1,1,1
ضأن,ضءن,15-ض.xlsx,1,1,1,1
ضأي,ضءي,15-ض.xlsx,,,,
ضبأ,ضبء,15-ض.xlsx,,1,1,
ضبب,ضبب,15-ض.xlsx,1,1,1,1
ضبث,ضبث,15-ض.xlsx,1,1,1,1
ضبج,ضبج,15-ض.xlsx,1,,,
ضبح,ضبح,15-ض.xlsx,1,1,1,
ضبد,ضبد,15-ض.xlsx,1,,1,
ضبر,ضبر,15-ض.xlsx,,1,1,
ضبرك,ضبرك,15-ض.xlsx,,,,
ضبرم,ضبرم,15-ض.xlsx,,,,
ضبز,ضبز,15-ض.xlsx,1,,1,
ضبس,ضبس,15-ض.xlsx,1,,1,
ضبط,ضبط,15-ض.xlsx,1,,1,1
ضبطر,ضبطر,15-ض.xlsx,,,,
ضبع,ضبع,15-ض.xlsx,1,1,1,1
ضبغطر,ضبغطر,15-ض.xlsx,1,,,
ضبن,ضبن,15-ض.xlsx,1,1,1,1
ضثم,ضثم,15-ض.xlsx,1,,,
ضجج,ضجج,15-ض.xlsx,1,1,1,
ضجر,ضجر,15-ض.xlsx,1,1,1,1
ضجع,ضجع,15-ض.xlsx,1,1,1,
ضجم,ضجم,15-ض.xlsx,1,1,1,1
ضجن,ضجن,15-ض.xlsx,1,,1,
ضحح,ضحح,15-ض.xlsx,1,1,1,
ضحك,ضحك,15-ض.xlsx,1,,1,1
ضحل,ضحل,15-ض.xlsx,1,1,1,
ضحن,ضحن,15-ض.xlsx,1,,,
ضحو,ضحو,15-ض.xlsx,1,,,1
ضحي,ضحي,15-ض.xlsx,1,1,1,
ضخخ,ضخخ,15-ض.xlsx,1,,1,
ضخم,ضخم,15-ض.xlsx,1,1,1,1
ضدد,ضدد,15-ض.xlsx,1,1,1,
ضرب,ضرب,15-ض.xlsx,1,,1,1
ضرج,ضرج,15-ض.xlsx,1,1,1,1
ضرح,ضرح,15-ض.xlsx,1,1,1,1
ضرر,ضرر,15-ض.xlsx,1,1,1,1
ضرز,ضرز,15-ض.xlsx,1,,1,
ضرزم,ضرزم,15-ض.xlsx,,,,
ضرس,ضرس,15-ض.xlsx,1,1,1,1
ضرط,ضرط,15-ض.xlsx,1,,,
ضرع,ضرع,15-ض.xlsx,1,1,1,1
ضرغد,ضرغد,15-ض.xlsx,1,,,
ضرغط,ضرغط,15-ض.xlsx,1,,,
ضرغم,ضرغم,15-ض.xlsx,1,,,
ضرف,ضرف,15-ض.xlsx,1,,1,
ضرك,ضرك,15-ض.xlsx,1,,1,
ضرم,ضرم,15-ض.xlsx,1,1,1,1
ضري,ضري,15-ض.xlsx,,,1,1
ضزز,ضزز,15-ض.xlsx,1,,1,
ضزن,ضزن,15-ض.xlsx,1,1,1,
ضطر,ضطر,15-ض.xlsx,1,1,1,
ضطط,ضطط,15-ض.xlsx,1,,,
ضعع,ضعع,15-ض.xlsx,1,1,1,
ضعف,ضعف,15-ض.xlsx,1,1,1,1
ضعو,ضعو,15-ض.xlsx,1,,1,
ضغب,ضغب,15-ض.xlsx,1,,1,
ضغبس,ضغبس,15-ض.xlsx,1,,,
ضغت,ضغت,15-ض.xlsx,1,,,
ضغث,ضغث,15-ض.xlsx,1,1,1,1
ضغد,ضغد,15-ض.xlsx,,,,
ضغر,ضغر,15-ض.xlsx,,,,
ضغز,ضغز,15-ض.xlsx,1,,1,
ضغط,ضغط,15-ض.xlsx,1,1,1,1
ضغغ,ضغغ,15-ض.xlsx,1,,1,
ضغل,ضغل,15-ض.xlsx,1,,,
ضغم,ضغم,15-ض.xlsx,1,1,1,
ضغن,ضغن,15-ض.xlsx,1,1,1,1
ضغو,ضغو,15-ض.xlsx,1,,,1
ضفد,ضفد,15-ض.xlsx,1,,,
ضفدع,ضفدع,15-ض.xlsx,,,,
ضفر,ضفر,15-ض.xlsx,,1,1,1
ضفز,ضفز,15-ض.xlsx,1,1,1,
ضفس,ضفس,15-ض.xlsx,1,,1,
ضفط,ضفط,15-ض.xlsx,1,,1,
ضفطر,ضفطر,15-ض.xlsx,,,,
ضفع,ضفع,15-ض.xlsx,1,,1,
ضفف,ضفف,15-ض.xlsx,1,1,1,
ضفق,ضفق,15-ض.xlsx,1,,,
ضفن,ضفن,15-ض.xlsx,1,1,1,
ضفند,ضفند,15-ض.xlsx,,,,
ضفو,ضفو,15-ض.xlsx,1,1,1,1
ضكز,ضكز,15-ض.xlsx,1,,,
ضكك,ضكك,15-ض.xlsx,1,,1,
ضكل,ضكل,15-ض.xlsx,1,,1,
ضلع,ضلع,15-ض.xlsx,1,1,1,1
ضلل,ضلل,15-ض.xlsx,1,1,1,1
ضمج,ضمج,15-ض.xlsx,1,,,
ضمخ,ضمخ,15-ض.xlsx,1,,,
ضمد,ضمد,15-ض.xlsx,1,1,1,1
ضمر,ضمر,15-ض.xlsx,1,1,1,1
ضمز,ضمز,15-ض.xlsx,1,1,1,1
ضمس,ضمس,15-ض.xlsx,1,,1,
ضمعج,ضمعج,15-ض.xlsx,,,,
ضمك,ضمك,15-ض.xlsx,1,,,
ضمم,ضمم,15-ض.xlsx,1,1,1,
ضمن,ضمن,15-ض.xlsx,1,1,1,1
ضنأ,ضنء,15-ض.xlsx,1,,,
ضنب,ضنب,15-ض.xlsx,1,,,
ضنبس,ضنبس,15-ض.xlsx,,,,
ضنط,ضنط,15-ض.xlsx,1,,1,
ضنك,ضنك,15-ض.xlsx,1,1,1,
ضنن,ضنن,15-ض.xlsx,1,1,1,1
ضني,ضني,15-ض.xlsx,1,1,1,
ضهأ,ضهء,15-ض.xlsx,1,,,
ضهب,ضهب,15-ض.xlsx,1,1,1,
ضهت,ضهت,15-ض.xlsx,1,,,
ضهد,ضهد,15-ض.xlsx,1,,1,
ضهر,ضهر,15-ض.xlsx,1,,1,
ضهز,ضهز,15-ض.xlsx,1,,,
ضهس,ضهس,15-ض.xlsx,1,,1,
ضهل,ضهل,15-ض.xlsx,1,1,1,
ضهي,ضهي,15-ض.xlsx,1,1,1,
ضوأ,ضوء,15-ض.xlsx,1,1,1,1
ضوب,ضوب,15-ض.xlsx,1,,1,
ضوج,ضوج,15-ض.xlsx,1,,,
ضوخ,ضوخ,15-ض.xlsx,,,,
ضود,ضود,15-ض.xlsx,1,,,
ضور,ضور,15-ض.xlsx,1,1,1,
ضوز,ضوز,15-ض.xlsx,1,1,1,
ضوض,ضوض,15-ض.xlsx,,,1,
ضوط,ضوط,15-ض.xlsx,1,,1,
ضوع,ضوع,15-ض.xlsx,1,,1,
ضوم,ضوم,15-ض.xlsx,1,,,
ضون,ضون,15-ض.xlsx,1,,1,
ضوي,ضوي,15-ض.xlsx,1,1,1,1
ضيأ,ضيء,15-ض.xlsx,1,,,
ضيب,ضيب,15-ض.xlsx,1,,,
ضيج,ضيج,15-ض.xlsx,1,,,
ضيح,ضيح,15-ض.xlsx,1,1,1,
ضير,ضير,15-ض.xlsx,1,,1,
ضيز,ضيز,15-ض.xlsx,,,1,
ضيس,ضيس,15-ض.xlsx,1,,,
ضيع,ضيع,15-ض.xlsx,1,1,1,
ضيف,ضيف,15-ض.xlsx,1,1,1,1
ضيق,ضيق,15-ض.xlsx,1,1,1,1
ضيك,ضيك,15-ض.xlsx,1,,1,
ضيل,ضيل,15-ض.xlsx,1,1,1,
ضيم,ضيم,15-ض.xlsx,1,1,1,
طأر,طءر,16-ط.xlsx,1,,,
طأطأ,طءطء,16-ط.xlsx,1,,,1
طبب,طبب,16-ط.xlsx,1,1,1,1
طبج,طبج,16-ط.xlsx,1,,,
طبح,طبح,16-ط.xlsx,1,,,
طبخ,طبخ,16-ط.xlsx,1,1,1,1
طبر,طبر,16-ط.xlsx,1,,,
طبرزذ,طبرزذ,16-ط.xlsx,,,,
طبز,طبز,16-ط.xlsx,,,,
طبس,طبس,16-ط.xlsx,1,,1,
طبش,طبش,16-ط.xlsx,1,,,
طبع,طبع,16-ط.xlsx,1,1,1,1
طبق,طبق,16-ط.xlsx,1,1,1,1
طبل,طبل,16-ط.xlsx,1,,1,1
طبن,طبن,16-ط.xlsx,1,1,1,1
طبهج,طبهج,16-ط.xlsx,,,,
طبو,طبو,16-ط.xlsx,1,,,
طبي,طبي,16-ط.xlsx,1,1,1,
طثث,طثث,16-ط.xlsx,1,,1,
طثر,طثر,16-ط.xlsx,1,1,1,
طجن,طجن,16-ط.xlsx,1,,,
طحث,طحث,16-ط.xlsx,1,,,
طحح,طحح,16-ط.xlsx,1,,1,
طحر,طحر,16-ط.xlsx,1,1,1,1
طحرب,طحرب,16-ط.xlsx,,,,
طحرم,طحرم,16-ط.xlsx,,,,
طحز,طحز,16-ط.xlsx,1,,,
طحس,طحس,16-ط.xlsx,1,,,
طحف,طحف,16-ط.xlsx,1,,,
طحل,طحل,16-ط.xlsx,1,1,1,
طحلب,طحلب,16-ط.xlsx,,,,
طحم,طحم,16-ط.xlsx,1,1,1,1
طحمر,طحمر,16-ط.xlsx,,,,
طحن,طحن,16-ط.xlsx,1,1,1,1
طحو,طحو,16-ط.xlsx,1,1,1,
طخخ,طخخ,16-ط.xlsx,1,,1,
طخر,طخر,16-ط.xlsx,1,1,1,
طخرب,طخرب,16-ط.xlsx,,,,
طخس,طخس,16-ط.xlsx,,,,
طخش,طخش,16-ط.xlsx,1,,,
طخف,طخف,16-ط.xlsx,1,1,1,
طخم,طخم,16-ط.xlsx,1,1,1,
طخمر,طخمر,16-ط.xlsx,,,,
طخو,طخو,16-ط.xlsx,1,,,
طخي,طخي,16-ط.xlsx,1,1,1,
طرأ,طرء,16-ط.xlsx,1,,,1
طرب,طرب,16-ط.xlsx,1,,1,
طربل,طربل,16-ط.xlsx,1,,,
طرث,طرث,16-ط.xlsx,1,,1,
طرجهل,طرجهل,16-ط.xlsx,,,,
طرح,طرح,16-ط.xlsx,1,1,1,1
طرخ,طرخ,16-ط.xlsx,1,,,
طرخم,طرخم,16-ط.xlsx,,,,
طرد,طرد,16-ط.xlsx,1,1,1,1
طرر,طرر,16-ط.xlsx,1,1,1,1
طرز,طرز,16-ط.xlsx,1,,1,1
طرس,طرس,16-ط.xlsx,1,,1,
طرسم,طرسم,16-ط.xlsx,1,,,
طرش,طرش,16-ط.xlsx,1,,1,
طرشح,طرشح,16-ط.xlsx,,,,
طرط,طرط,16-ط.xlsx,1,,1,
طرطب,طرطب,16-ط.xlsx,1,,,
طرطبس,طرطبس,16-ط.xlsx,1,,,
طرغش,طرغش,16-ط.xlsx,1,,,
طرغم,طرغم,16-ط.xlsx,1,,,
طرف,طرف,16-ط.xlsx,1,1,1,1
طرفس,طرفس,16-ط.xlsx,1,,,
طرفش,طرفش,16-ط.xlsx,,,,
طرق,طرق,16-ط.xlsx,1,1,1,1
طرم,طرم,16-ط.xlsx,1,1,1,
طرمث,طرمث,16-ط.xlsx,1,,,
طرمح,طرمح,16-ط.xlsx,,,,
طرمذ,طرمذ,16-ط.xlsx,1,,,
طرمس,طرمس,16-ط.xlsx,1,,,
طرن,طرن,16-ط.xlsx,1,,,
طرهف,طرهف,16-ط.xlsx,,,,
طرهم,طرهم,16-ط.xlsx,,,,
طرو,طرو,16-ط.xlsx,1,,,
طري,طري,16-ط.xlsx,,1,1,
طزر,طزر,16-ط.xlsx,1,,,
طزع,طزع,16-ط.xlsx,1,,,
طسأ,طسء,16-ط.xlsx,1,,,
طسب,طسب,16-ط.xlsx,,,,
طست,طست,16-ط.xlsx,1,,1,
طسج,طسج,16-ط.xlsx,1,,,
طسس,طسس,16-ط.xlsx,1,,1,
طسع,طسع,16-ط.xlsx,1,,,
طسق,طسق,16-ط.xlsx,1,,,
طسل,طسل,16-ط.xlsx,1,,,
طسم,طسم,16-ط.xlsx,1,,1,
طسي,طسي,16-ط.xlsx,1,,1,
طشأ,طشء,16-ط.xlsx,1,,,
طشش,طشش,16-ط.xlsx,1,1,1,
طعب,طعب,16-ط.xlsx,,,,
طعج,طعج,16-ط.xlsx,1,,,
طعر,طعر,16-ط.xlsx,1,,,
طعز,طعز,16-ط.xlsx,1,,,
طعزب,طعزب,16-ط.xlsx,,,,
طعس,طعس,16-ط.xlsx,1,,,
طعشب,طعشب,16-ط.xlsx,,,,
طعع,طعع,16-ط.xlsx,1,,1,
طعل,طعل,16-ط.xlsx,,,,
طعم,طعم,16-ط.xlsx,1,,1,1
طعن,طعن,16-ط.xlsx,1,1,1,1
طغر,طغر,16-ط.xlsx,1,,,
طغم,طغم,16-ط.xlsx,1,,1,1
طغمس,طغمس,16-ط.xlsx,1,,,
طغو,طغو,16-ط.xlsx,1,,,
طغي,طغي,16-ط.xlsx,,,1,1
طفأ,طفء,16-ط.xlsx,,,,1
طفح,طفح,16-ط.xlsx,,,1,1
طفر,طفر,16-ط.xlsx,1,,1,
طفرس,طفرس,16-ط.xlsx,1,,,
طفس,طفس,16-ط.xlsx,1,,1,
طفش,طفش,16-ط.xlsx,1,,,
طفف,طفف,16-ط.xlsx,1,1,1,1
طفق,طفق,16-ط.xlsx,1,,1,
طفل,طفل,16-ط.xlsx,1,,1,1
طفن,طفن,16-ط.xlsx,1,,1,
طفو,طفو,16-ط.xlsx,1,1,1,1
طفي,طفي,16-ط.xlsx,1,,,
طقق,طقق,16-ط.xlsx,1,,,
طلب,طلب,16-ط.xlsx,1,1,1,1
طلت,طلت,16-ط.xlsx,,,,
طلث,طلث,16-ط.xlsx,,,,
طلح,طلح,16-ط.xlsx,1,1,1,
طلخ,طلخ,16-ط.xlsx,1,,1,
طلخف,طلخف,16-ط.xlsx,,,,
طلخم,طلخم,16-ط.xlsx,,,,
طلس,طلس,16-ط.xlsx,1,1,1,1
طلع,طلع,16-ط.xlsx,1,1,1,1
طلف,طلف,16-ط.xlsx,1,1,1,
طلفأ,طلفء,16-ط.xlsx,1,,,
طلفح,طلفح,16-ط.xlsx,,,,
طلق,طلق,16-ط.xlsx,1,1,1,1
طلل,طلل,16-ط.xlsx,1,1,1,
طلم,طلم,16-ط.xlsx,1,1,1,
طلمس,طلمس,16-ط.xlsx,,,,
طلنس,طلنس,16-ط.xlsx,,,,
طله,طله,16-ط.xlsx,,,1,
طلو,طلو,16-ط.xlsx,1,,,1
طلي,طلي,16-ط.xlsx,1,1,1,
طمأن,طمءن,16-ط.xlsx,1,,,
طمت,طمت,16-ط.xlsx,,,,
طمث,طمث,16-ط.xlsx,1,1,1,1
طمح,طمح,16-ط.xlsx,1,1,1,1
طمخ,طمخ,16-ط.xlsx,1,,,
طمر,طمر,16-ط.xlsx,1,1,1,1
طمرس,طمرس,16-ط.xlsx,1,,,
طمس,طمس,16-ط.xlsx,1,1,1,1
طمش,طمش,16-ط.xlsx,1,,1,
طمع,طمع,16-ط.xlsx,1,1,1,1
طمل,طمل,16-ط.xlsx,1,1,1,
طمم,طمم,16-ط.xlsx,1,1,1,1
طمن,طمن,16-ط.xlsx,,,1,1
طمو,طمو,16-ط.xlsx,1,,,1
طمي,طمي,16-ط.xlsx,1,1,1,
طنأ,طنء,16-ط.xlsx,1,,,
طنب,طنب,16-ط.xlsx,1,1,1,1
طنبر,طنبر,16-ط.xlsx,1,,,
طنج,طنج,16-ط.xlsx,1,,,
طنح,طنح,16-ط.xlsx,1,,,
طنخ,طنخ,16-ط.xlsx,1,,1,
طنز,طنز,16-ط.xlsx,1,,,
طنف,طنف,16-ط.xlsx,1,1,1,
طنفس,طنفس,16-ط.xlsx,1,,,
طنن,طنن,16-ط.xlsx,1,1,1,1
طني,طني,16-ط.xlsx,1,,1,
طهر,طهر,16-ط.xlsx,1,1,1,1
طهس,طهس,16-ط.xlsx,,,,
طهش,طهش,16-ط.xlsx,1,,1,
طهطه,طهطه,16-ط.xlsx,1,,,
طهف,طهف,16-ط.xlsx,1,,1,
طهق,طهق,16-ط.xlsx,1,,,
طهل,طهل,16-ط.xlsx,1,,1,
طهلس,طهلس,16-ط.xlsx,,,,
طهم,طهم,16-ط.xlsx,1,1,1,
طهمل,طهمل,16-ط.xlsx,,,,
طهو,طهو,16-ط.xlsx,1,,,1
طهي,طهي,16-ط.xlsx,1,1,1,
طوأ,طوء,16-ط.xlsx,1,,,
طوب,طوب,16-ط.xlsx,1,,1,
طوح,طوح,16-ط.xlsx,1,,1,
طود,طود,16-ط.xlsx,1,,1,
طور,طور,16-ط.xlsx,1,1,1,
طوس,طوس,16-ط.xlsx,1,,1,1
طوط,طوط,16-ط.xlsx,1,1,1,
طوع,طوع,16-ط.xlsx,1,1,1,1
طوف,طوف,16-ط.xlsx,1,1,1,1
طوق,طوق,16-ط.xlsx,1,1,1,1
طول,طول,16-ط.xlsx,1,1,1,1
طوم,طوم,16-ط.xlsx,1,,,
طوي,طوي,16-ط.xlsx,1,1,1,1
طيب,طيب,16-ط.xlsx,1,1,1,1
طيح,طيح,16-ط.xlsx,1,,,
طيخ,طيخ,16-ط.xlsx,1,1,1,
طير,طير,16-ط.xlsx,1,1,1,1
طيس,طيس,16-ط.xlsx,,,1,
طيش,طيش,16-ط.xlsx,1,,1,
طيع,طيع,16-ط.xlsx,1,,,
طيف,طيف,16-ط.xlsx,1,,,
طيم,طيم,16-ط.xlsx,1,,,
طين,طين,16-ط.xlsx,1,,1,1
ظأب,ظءب,17-ظ.xlsx,1,1,1,
ظأر,ظءر,17-ظ.xlsx,1,1,1,1
ظأظأ,ظءظء,17-ظ.xlsx,1,,,
ظأم,ظءم,17-ظ.xlsx,1,,1,
ظبأ,ظبء,17-ظ.xlsx,,,,
ظبظب,ظبظب,17-ظ.xlsx,,,,
ظبي,ظبي,17-ظ.xlsx,1,,1,1
ظجج,ظجج,17-ظ.xlsx,,,,
ظرب,ظرب,17-ظ.xlsx,1,1,1,
ظرر,ظرر,17-ظ.xlsx,1,1,1,
ظرف,ظرف,17-ظ.xlsx,1,,1,1
ظعن,ظعن,17-ظ.xlsx,1,1,1,
ظفر,ظفر,17-ظ.xlsx,1,1,1,1
ظلع,ظلع,17-ظ.xlsx,1,1,1,
ظلف,ظلف,17-ظ.xlsx,1,1,1,1
ظلل,ظلل,17-ظ.xlsx,1,1,1,
ظلم,ظلم,17-ظ.xlsx,1,1,1,1
ظمأ,ظمء,17-ظ.xlsx,1,,,1
ظمخ,ظمخ,17-ظ.xlsx,,,,
ظمي,ظمي,17-ظ.xlsx,1,1,1,1
ظنب,ظنب,17-ظ.xlsx,1,,1,
ظنن,ظنن,17-ظ.xlsx,1,1,1,
ظهر,ظهر,17-ظ.xlsx,1,1,1,1
ظوف,ظوف,17-ظ.xlsx,1,,,
ظيي,ظيي,17-ظ.xlsx,1,,,
عبأ,عبء,18-ع.xlsx,1,1,1,
عبب,عبب,18-ع.xlsx,1,1,1,
عبث,عبث,18-ع.xlsx,1,1,1,
عبثر,عبثر,18-ع.xlsx,,,,
عبد,عبد,18-ع.xlsx,1,1,1,
عبر,عبر,18-ع.xlsx,1,1,1,
عبرب,عبرب,18-ع.xlsx,,,,
عبس,عبس,18-ع.xlsx,1,1,1,
عبسر,عبسر,18-ع.xlsx,,,,
عبش,عبش,18-ع.xlsx,1,,,
عبط,عبط,18-ع.xlsx,1,1,1,
عبق,عبق,18-ع.xlsx,1,1,1,
عبقر,عبقر,18-ع.xlsx,,,,
عبقس,عبقس,18-ع.xlsx,,,,
عبك,عبك,18-ع.xlsx,1,1,1,
عبل,عبل,18-ع.xlsx,1,1,1,
عبم,عبم,18-ع.xlsx,1,,,
عبن,عبن,18-ع.xlsx,1,,1,
عبهر,عبهر,18-ع.xlsx,,,,
عبهل,عبهل,18-ع.xlsx,,,,
عتب,عتب,18-ع.xlsx,1,,1,
عتد,عتد,18-ع.xlsx,1,1,1,
عتر,عتر,18-ع.xlsx,1,1,1,
عترس,عترس,18-ع.xlsx,,,,
عترف,عترف,18-ع.xlsx,,,,
عتق,عتق,18-ع.xlsx,1,,1,
عتك,عتك,18-ع.xlsx,,1,1,
عتل,عتل,18-ع.xlsx,1,1,1,
عتم,عتم,18-ع.xlsx,1,1,1,
عته,عته,18-ع.xlsx,1,,,
عتو,عتو,18-ع.xlsx,1,1,1,
عثث,عثث,18-ع.xlsx,1,1,1,
عثج,عثج,18-ع.xlsx,1,,,
عثر,عثر,18-ع.xlsx,1,1,1,1
عثرب,عثرب,18-ع.xlsx,,,,
عثق,عثق,18-ع.xlsx,1,,,
عثل,عثل,18-ع.xlsx,1,,,
عثلب,عثلب,18-ع.xlsx,,,,
عثلط,عثلط,18-ع.xlsx,,,,
عثم,عثم,18-ع.xlsx,1,1,1,
عثن,عثن,18-ع.xlsx,1,1,1,
عثو,عثو,18-ع.xlsx,1,,,
عثي,عثي,18-ع.xlsx,1,,1,
عجب,عجب,18-ع.xlsx,1,1,1,
عجج,عجج,18-ع.xlsx,1,1,1,
عجد,عجد,18-ع.xlsx,1,,1,
عجر,عجر,18-ع.xlsx,1,1,1,
عجرد,عجرد,18-ع.xlsx,,,,
عجرف,عجرف,18-ع.xlsx,,,,
عجرم,عجرم,18-ع.xlsx,,,,
عجز,عجز,18-ع.xlsx,1,1,1,
عجس,عجس,18-ع.xlsx,1,1,1,
عجف,عجف,18-ع.xlsx,1,1,1,
عجل,عجل,18-ع.xlsx,1,1,1,
عجلد,عجلد,18-ع.xlsx,,,,
عجلز,عجلز,18-ع.xlsx,,,,
عجم,عجم,18-ع.xlsx,1,1,1,
عجن,عجن,18-ع.xlsx,1,1,1,
عجنس,عجنس,18-ع.xlsx,,,,
عجه,عجه,18-ع.xlsx,1,,,
عجهن,عجهن,18-ع.xlsx,,,,
عجي,عجي,18-ع.xlsx,,1,1,
عدد,عدد,18-ع.xlsx,1,,1,
عدر,عدر,18-ع.xlsx,1,,1,
عدرج,عدرج,18-ع.xlsx,,,,
عدس,عدس,18-ع.xlsx,1,,1,
عدف,عدف,18-ع.xlsx,1,1,1,
عدق,عدق,18-ع.xlsx,1,,1,
عدك,عدك,18-ع.xlsx,1,,1,
عدل,عدل,18-ع.xlsx,1,1,1,
عدم,عدم,18-ع.xlsx,1,1,1,
عدمس,عدمس,18-ع.xlsx,,,,
عدمل,عدمل,18-ع.xlsx,,,,
عدن,عدن,18-ع.xlsx,1,1,1,
عده,عده,18-ع.xlsx,1,,,
عدو,عدو,18-ع.xlsx,1,1,1,
عذب,عذب,18-ع.xlsx,1,1,1,1
عذج,عذج,18-ع.xlsx,1,,,
عذر,عذر,18-ع.xlsx,1,,1,
عذف,عذف,18-ع.xlsx,1,,,
عذفر,عذفر,18-ع.xlsx,,,,
عذق,عذق,18-ع.xlsx,1,1,1,
عذل,عذل,18-ع.xlsx,1,1,1,1
عذلج,عذلج,18-ع.xlsx,,,,
عذم,عذم,18-ع.xlsx,1,1,1,
عذي,عذي,18-ع.xlsx,1,1,1,
عرب,عرب,18-ع.xlsx,1,1,1,
عربج,عربج,18-ع.xlsx,,,,
عربد,عربد,18-ع.xlsx,,,,
عربس,عربس,18-ع.xlsx,,,,
عربن,عربن,18-ع.xlsx,,,,
عرت,عرت,18-ع.xlsx,1,,1,
عرتب,عرتب,18-ع.xlsx,,,,
عرتن,عرتن,18-ع.xlsx,,,,
عرث,عرث,18-ع.xlsx,1,,,
عرج,عرج,18-ع.xlsx,1,1,1,
عرجل,عرجل,18-ع.xlsx,,,,
عرجن,عرجن,18-ع.xlsx,,,,
عرد,عرد,18-ع.xlsx,1,1,1,
عردس,عردس,18-ع.xlsx,,,,
عردم,عردم,18-ع.xlsx,,,,
عرر,عرر,18-ع.xlsx,1,1,1,
عرز,عرز,18-ع.xlsx,1,1,1,
عرزل,عرزل,18-ع.xlsx,,,,
عرزم,عرزم,18-ع.xlsx,,,,
عرس,عرس,18-ع.xlsx,1,1,1,
عرش,عرش,18-ع.xlsx,1,1,1,
عرص,عرص,18-ع.xlsx,1,1,1,
عرصف,عرصف,18-ع.xlsx,,,,
عرض,عرض,18-ع.xlsx,1,,1,
عرط,عرط,18-ع.xlsx,1,,,
عرطب,عرطب,18-ع.xlsx,,,,
عرطز,عرطز,18-ع.xlsx,,,,
عرطس,عرطس,18-ع.xlsx,,,,
عرطل,عرطل,18-ع.xlsx,,,,
عرف,عرف,18-ع.xlsx,1,1,1,
عرفج,عرفج,18-ع.xlsx,,,,
عرفز,عرفز,18-ع.xlsx,,,,
عرفس,عرفس,18-ع.xlsx,,,,
عرفص,عرفص,18-ع.xlsx,,,,
عرفط,عرفط,18-ع.xlsx,,,,
عرق,عرق,18-ع.xlsx,1,1,1,
عرقب,عرقب,18-ع.xlsx,,,,
عرقد,عرقد,18-ع.xlsx,,,,
عرقص,عرقص,18-ع.xlsx,,,,
عرقط,عرقط,18-ع.xlsx,,,,
عرقل,عرقل,18-ع.xlsx,,,,
عرك,عرك,18-ع.xlsx,1,1,1,
عركس,عركس,18-ع.xlsx,,,,
عرم,عرم,18-ع.xlsx,1,1,1,
عرمس,عرمس,18-ع.xlsx,,,,
عرمض,عرمض,18-ع.xlsx,,,,
عرن,عرن,18-ع.xlsx,1,1,1,
عرنس,عرنس,18-ع.xlsx,,,,
عرو,عرو,18-ع.xlsx,1,,,
عري,عري,18-ع.xlsx,1,,,
عزب,عزب,18-ع.xlsx,1,1,1,
عزج,عزج,18-ع.xlsx,1,,,
عزد,عزد,18-ع.xlsx,1,,,
عزر,عزر,18-ع.xlsx,1,1,1,
عزز,عزز,18-ع.xlsx,1,1,1,
عزف,عزف,18-ع.xlsx,1,1,1,
عزق,عزق,18-ع.xlsx,1,,1,
عزل,عزل,18-ع.xlsx,1,1,1,
عزلب,عزلب,18-ع.xlsx,,,,
عزم,عزم,18-ع.xlsx,1,1,1,
عزه,عزه,18-ع.xlsx,1,,,
عزهل,عزهل,18-ع.xlsx,,,,
عزو,عزو,18-ع.xlsx,,1,1,
عسب,عسب,18-ع.xlsx,1,1,1,
عسبر,عسبر,18-ع.xlsx,,,,
عسج,عسج,18-ع.xlsx,1,,1,
عسجد,عسجد,18-ع.xlsx,,,,
عسجر,عسجر,18-ع.xlsx,,,,
عسد,عسد,18-ع.xlsx,1,,1,
عسر,عسر,18-ع.xlsx,1,1,1,
عسس,عسس,18-ع.xlsx,1,1,1,
عسطس,عسطس,18-ع.xlsx,,,,
عسعس,عسعس,18-ع.xlsx,,,,
عسف,عسف,18-ع.xlsx,1,,1,
عسق,عسق,18-ع.xlsx,1,1,1,
عسقب,عسقب,18-ع.xlsx,,,,
عسقد,عسقد,18-ع.xlsx,,,,
عسك,عسك,18-ع.xlsx,1,,1,
عسكر,عسكر,18-ع.xlsx,,,,
عسل,عسل,18-ع.xlsx,1,,1,
عسلج,عسلج,18-ع.xlsx,,,,
عسلق,عسلق,18-ع.xlsx,,,,
عسم,عسم,18-ع.xlsx,1,1,1,
عسن,عسن,18-ع.xlsx,1,1,1,
عسنج,عسنج,18-ع.xlsx,,,,
عسي,عسي,18-ع.xlsx,1,1,1,
عشب,عشب,18-ع.xlsx,1,1,1,
عشد,عشد,18-ع.xlsx,1,,,
عشر,عشر,18-ع.xlsx,1,1,1,
عشرب,عشرب,18-ع.xlsx,,,,
عشرق,عشرق,18-ع.xlsx,,,,
عشز,عشز,18-ع.xlsx,1,1,1,
عشزر,عشزر,18-ع.xlsx,,,,
عشزن,عشزن,18-ع.xlsx,,,,
عشش,عشش,18-ع.xlsx,1,1,1,
عشق,عشق,18-ع.xlsx,1,1,1,
عشكل,عشكل,18-ع.xlsx,,,,
عشم,عشم,18-ع.xlsx,1,1,1,
عشن,عشن,18-ع.xlsx,1,,,
عشنج,عشنج,18-ع.xlsx,,,,
عشنق,عشنق,18-ع.xlsx,,,,
عشو,عشو,18-ع.xlsx,1,1,1,
عصب,عصب,18-ع.xlsx,1,1,1,
عصج,عصج,18-ع.xlsx,1,,,
عصد,عصد,18-ع.xlsx,1,,,
عصر,عصر,18-ع.xlsx,,1,1,1
عصف,عصف,18-ع.xlsx,1,1,1,
عصفر,عصفر,18-ع.xlsx,,,,
عصل,عصل,18-ع.xlsx,1,1,1,
عصلب,عصلب,18-ع.xlsx,,,,
عصلد,عصلد,18-ع.xlsx,,,,
عصم,عصم,18-ع.xlsx,1,1,1,
عصمر,عصمر,18-ع.xlsx,,,,
عصو,عصو,18-ع.xlsx,1,,1,
عصي,عصي,18-ع.xlsx,1,,1,
عضب,عضب,18-ع.xlsx,1,1,1,
عضد,عضد,18-ع.xlsx,1,1,1,1
عضر,عضر,18-ع.xlsx,1,,1,
عضرس,عضرس,18-ع.xlsx,,,,
عضرط,عضرط,18-ع.xlsx,,,,
عضض,عضض,18-ع.xlsx,1,1,1,
عضل,عضل,18-ع.xlsx,,1,1,
عضم,عضم,18-ع.xlsx,1,,1,
عضمر,عضمر,18-ع.xlsx,,,,
عضمز,عضمز,18-ع.xlsx,,,,
عضنك,عضنك,18-ع.xlsx,,,,
عضه,عضه,18-ع.xlsx,1,,,
عضو,عضو,18-ع.xlsx,1,1,1,
عطب,عطب,18-ع.xlsx,1,1,1,
عطبل,عطبل,18-ع.xlsx,,,,
عطر,عطر,18-ع.xlsx,1,1,1,
عطرد,عطرد,18-ع.xlsx,,,,
عطس,عطس,18-ع.xlsx,1,,1,
عطش,عطش,18-ع.xlsx,1,1,1,
عطط,عطط,18-ع.xlsx,1,1,1,
عطف,عطف,18-ع.xlsx,1,1,1,
عطل,عطل,18-ع.xlsx,1,1,1,
عطلس,عطلس,18-ع.xlsx,,,,
عطمس,عطمس,18-ع.xlsx,,,,
عطن,عطن,18-ع.xlsx,1,1,1,
عطو,عطو,18-ع.xlsx,1,1,1,
عظب,عظب,18-ع.xlsx,1,,1,
عظر,عظر,18-ع.xlsx,1,,,
عظظ,عظظ,18-ع.xlsx,1,,1,
عظل,عظل,18-ع.xlsx,1,,1,
عظلم,عظلم,18-ع.xlsx,,,,
عظم,عظم,18-ع.xlsx,1,1,1,
عظي,عظي,18-ع.xlsx,1,,,
عفت,عفت,18-ع.xlsx,1,1,1,
عفج,عفج,18-ع.xlsx,1,1,1,
عفد,عفد,18-ع.xlsx,1,,,
عفر,عفر,18-ع.xlsx,1,,1,
عفرس,عفرس,18-ع.xlsx,,,,
عفز,عفز,18-ع.xlsx,1,,1,
عفزر,عفزر,18-ع.xlsx,,,,
عفس,عفس,18-ع.xlsx,1,1,1,
عفش,عفش,18-ع.xlsx,1,,,
عفشج,عفشج,18-ع.xlsx,,,,
عفشل,عفشل,18-ع.xlsx,,,,
عفص,عفص,18-ع.xlsx,1,1,1,
عفضج,عفضج,18-ع.xlsx,,,,
عفط,عفط,18-ع.xlsx,1,1,1,
عفف,عفف,18-ع.xlsx,1,1,1,1
عفق,عفق,18-ع.xlsx,1,1,1,
عفك,عفك,18-ع.xlsx,1,1,1,
عفل,عفل,18-ع.xlsx,1,1,1,
عفلق,عفلق,18-ع.xlsx,,,,
عفن,عفن,18-ع.xlsx,1,1,1,
عفهم,عفهم,18-ع.xlsx,,,,
عفو,عفو,18-ع.xlsx,1,,1,
عقب,عقب,18-ع.xlsx,,1,1,
عقبل,عقبل,18-ع.xlsx,,,,
عقد,عقد,18-ع.xlsx,1,1,1,
عقر,عقر,18-ع.xlsx,1,1,1,
عقرب,عقرب,18-ع.xlsx,,,,
عقرس,عقرس,18-ع.xlsx,,,,
عقز,عقز,18-ع.xlsx,1,,1,
عقس,عقس,18-ع.xlsx,1,,,
عقش,عقش,18-ع.xlsx,1,,,
عقص,عقص,18-ع.xlsx,1,1,1,1
عقف,عقف,18-ع.xlsx,1,1,1,
عقفس,عقفس,18-ع.xlsx,,,,
عقق,عقق,18-ع.xlsx,1,,1,
عقل,عقل,18-ع.xlsx,1,1,1,1
عقم,عقم,18-ع.xlsx,1,1,1,
عقي,عقي,18-ع.xlsx,1,,,
عكب,عكب,18-ع.xlsx,1,1,1,
عكبر,عكبر,18-ع.xlsx,,,,
عكبس,عكبس,18-ع.xlsx,,,,
عكث,عكث,18-ع.xlsx,1,,,
عكد,عكد,18-ع.xlsx,1,1,1,
عكر,عكر,18-ع.xlsx,1,1,1,
عكرد,عكرد,18-ع.xlsx,,,,
عكرش,عكرش,18-ع.xlsx,,,,
عكرم,عكرم,18-ع.xlsx,,,,
عكز,عكز,18-ع.xlsx,1,,1,
عكس,عكس,18-ع.xlsx,1,1,1,
عكش,عكش,18-ع.xlsx,1,1,1,
عكص,عكص,18-ع.xlsx,1,,1,
عكظ,عكظ,18-ع.xlsx,1,,,
عكف,عكف,18-ع.xlsx,1,1,1,
عكل,عكل,18-ع.xlsx,1,1,1,
عكلد,عكلد,18-ع.xlsx,,,,
عكلط,عكلط,18-ع.xlsx,,,,
عكم,عكم,18-ع.xlsx,1,1,1,
عكمس,عكمس,18-ع.xlsx,,,,
عكن,عكن,18-ع.xlsx,1,,1,
عكو,عكو,18-ع.xlsx,,1,1,
علب,علب,18-ع.xlsx,1,1,1,
علت,علت,18-ع.xlsx,,,,
علث,علث,18-ع.xlsx,1,1,1,
علج,علج,18-ع.xlsx,1,1,1,
علجم,علجم,18-ع.xlsx,,,,
علجن,علجن,18-ع.xlsx,,,,
علد,علد,18-ع.xlsx,1,1,1,
علز,علز,18-ع.xlsx,1,1,1,
علس,علس,18-ع.xlsx,1,1,1,
علش,علش,18-ع.xlsx,1,,1,
علص,علص,18-ع.xlsx,1,,1,
علض,علض,18-ع.xlsx,1,,,
علط,علط,18-ع.xlsx,1,,1,
علطس,علطس,18-ع.xlsx,,,,
علطمس,علطمس,18-ع.xlsx,,,,
علف,علف,18-ع.xlsx,1,,1,1
علفت,علفت,18-ع.xlsx,,,,
علق,علق,18-ع.xlsx,1,1,1,
علقم,علقم,18-ع.xlsx,,,,
علك,علك,18-ع.xlsx,1,1,1,
علكد,علكد,18-ع.xlsx,,,,
علكز,علكز,18-ع.xlsx,,,,
علكس,علكس,18-ع.xlsx,,,,
علكم,علكم,18-ع.xlsx,,,,
علل,علل,18-ع.xlsx,1,1,1,
علم,علم,18-ع.xlsx,1,1,1,
علن,علن,18-ع.xlsx,1,1,1,
عله,عله,18-ع.xlsx,1,1,1,
علهب,علهب,18-ع.xlsx,,,,
علهج,علهج,18-ع.xlsx,,,,
علهد,علهد,18-ع.xlsx,,,,
علهز,علهز,18-ع.xlsx,,,,
علهس,علهس,18-ع.xlsx,,,,
علهص,علهص,18-ع.xlsx,,,,
علهم,علهم,18-ع.xlsx,,,,
علو,علو,18-ع.xlsx,1,1,1,
علي,علي,18-ع.xlsx,,,,
عمت,عمت,18-ع.xlsx,1,1,1,
عمثل,عمثل,18-ع.xlsx,,,,
عمج,عمج,18-ع.xlsx,1,1,1,
عمد,عمد,18-ع.xlsx,1,,1,
عمر,عمر,18-ع.xlsx,1,1,1,
عمرد,عمرد,18-ع.xlsx,,,,
عمرس,عمرس,18-ع.xlsx,,,,
عمرط,عمرط,18-ع.xlsx,,,,
عمس,عمس,18-ع.xlsx,1,1,1,
عمش,عمش,18-ع.xlsx,1,1,1,
عمص,عمص,18-ع.xlsx,1,,,
عمضج,عمضج,18-ع.xlsx,,,,
عمط,عمط,18-ع.xlsx,1,,,
عمق,عمق,18-ع.xlsx,1,,1,
عمل,عمل,18-ع.xlsx,1,1,1,
عملج,عملج,18-ع.xlsx,,,,
عملس,عملس,18-ع.xlsx,,,,
عملط,عملط,18-ع.xlsx,,,,
عملق,عملق,18-ع.xlsx,,,,
عمم,عمم,18-ع.xlsx,1,1,1,
عمن,عمن,18-ع.xlsx,1,,1,
عمه,عمه,18-ع.xlsx,1,1,1,
عمي,عمي,18-ع.xlsx,1,,,
عنب,عنب,18-ع.xlsx,1,1,1,
عنبج,عنبج,18-ع.xlsx,,,,
عنبر,عنبر,18-ع.xlsx,,,,
عنبس,عنبس,18-ع.xlsx,,,,
عنبل,عنبل,18-ع.xlsx,,,,
عنت,عنت,18-ع.xlsx,1,1,1,
عنتر,عنتر,18-ع.xlsx,,,,
عنث,عنث,18-ع.xlsx,1,,,
عنج,عنج,18-ع.xlsx,1,1,1,
عنجد,عنجد,18-ع.xlsx,,,,
عنجر,عنجر,18-ع.xlsx,,,,
عند,عند,18-ع.xlsx,1,1,1,
عندب,عندب,18-ع.xlsx,,,,
عندق,عندق,18-ع.xlsx,,,,
عندل,عندل,18-ع.xlsx,,,,
عندلب,عندلب,18-ع.xlsx,,,,
عندم,عندم,18-ع.xlsx,,,,
عنذ,عنذ,18-ع.xlsx,1,,,
عنز,عنز,18-ع.xlsx,1,1,1,
عنس,عنس,18-ع.xlsx,1,1,1,
عنش,عنش,18-ع.xlsx,1,1,1,
عنشط,عنشط,18-ع.xlsx,,,,
عنصر,عنصر,18-ع.xlsx,,,,
عنط,عنط,18-ع.xlsx,1,1,1,
عنف,عنف,18-ع.xlsx,1,1,1,
عنفس,عنفس,18-ع.xlsx,,,,
عنفش,عنفش,18-ع.xlsx,,,,
عنفق,عنفق,18-ع.xlsx,,,,
عنق,عنق,18-ع.xlsx,1,1,1,
عنقد,عنقد,18-ع.xlsx,,,,
عنقر,عنقر,18-ع.xlsx,,,,
عنقز,عنقز,18-ع.xlsx,,,,
عنقس,عنقس,18-ع.xlsx,,,,
عنقش,عنقش,18-ع.xlsx,,,,
عنك,عنك,18-ع.xlsx,1,1,1,
عنكب,عنكب,18-ع.xlsx,,,,
عنكث,عنكث,18-ع.xlsx,,,,
عنكش,عنكش,18-ع.xlsx,,,,
عنم,عنم,18-ع.xlsx,1,,1,
عنن,عنن,18-ع.xlsx,1,1,1,
عنو,عنو,18-ع.xlsx,1,,,
عني,عني,18-ع.xlsx,,,1,
عهت,عهت,18-ع.xlsx,,,,
عهد,عهد,18-ع.xlsx,1,,1,
عهر,عهر,18-ع.xlsx,1,,1,
عهق,عهق,18-ع.xlsx,1,,1,
عهل,عهل,18-ع.xlsx,1,1,1,
عهم,عهم,18-ع.xlsx,1,,1,
عهن,عهن,18-ع.xlsx,1,1,1,
عهه,عهه,18-ع.xlsx,,,,
عوث,عوث,18-ع.xlsx,1,,,
عوج,عوج,18-ع.xlsx,1,1,1,
عود,عود,18-ع.xlsx,1,1,1,
عوذ,عوذ,18-ع.xlsx,1,1,1,
عور,عور,18-ع.xlsx,1,1,1,
عوز,عوز,18-ع.xlsx,1,1,1,
عوس,عوس,18-ع.xlsx,1,,1,
عوص,عوص,18-ع.xlsx,1,1,1,
عوض,عوض,18-ع.xlsx,1,1,1,
عوط,عوط,18-ع.xlsx,1,,,
عوع,عوع,18-ع.xlsx,1,,,
عوف,عوف,18-ع.xlsx,1,,,
عوق,عوق,18-ع.xlsx,1,,,
عوك,عوك,18-ع.xlsx,1,,,
عول,عول,18-ع.xlsx,1,,,1
عوم,عوم,18-ع.xlsx,1,,,
عون,عون,18-ع.xlsx,1,,,
عوي,عوي,18-ع.xlsx,1,1,1,
عيب,عيب,18-ع.xlsx,1,,1,
عيث,عيث,18-ع.xlsx,1,1,1,
عيج,عيج,18-ع.xlsx,1,1,1,
عيد,عيد,18-ع.xlsx,,,1,
عير,عير,18-ع.xlsx,1,1,1,
عيس,عيس,18-ع.xlsx,1,1,1,
عيش,عيش,18-ع.xlsx,,1,1,
عيص,عيص,18-ع.xlsx,1,1,1,
عيط,عيط,18-ع.xlsx,1,1,1,
عيف,عيف,18-ع.xlsx,,1,1,
عيق,عيق,18-ع.xlsx,1,,1,
عيك,عيك,18-ع.xlsx,1,,1,
عيل,عيل,18-ع.xlsx,1,,,
عيم,عيم,18-ع.xlsx,1,,1,
عين,عين,18-ع.xlsx,,1,1,1
عيه,عيه,18-ع.xlsx,,,,
عيي,عيي,18-ع.xlsx,,,,
غبب,غبب,19-غ.xlsx,1,1,1,
غبث,غبث,19-غ.xlsx,,,1,
غبج,غبج,19-غ.xlsx,1,,,
غبر,غبر,19-غ.xlsx,1,1,1,
غبس,غبس,19-غ.xlsx,1,1,1,
غبش,غبش,19-غ.xlsx,1,1,1,
غبص,غبص,19-غ.xlsx,1,,,
غبض,غبض,19-غ.xlsx,1,,,
غبط,غبط,19-غ.xlsx,1,,1,1
غبق,غبق,19-غ.xlsx,1,,1,
غبن,غبن,19-غ.xlsx,1,1,1,
غبو,غبو,19-غ.xlsx,1,,,
غبي,غبي,19-غ.xlsx,1,1,1,
غتت,غتت,19-غ.xlsx,1,,1,
غتم,غتم,19-غ.xlsx,1,1,1,
غثث,غثث,19-غ.xlsx,1,1,1,
غثر,غثر,19-غ.xlsx,1,1,1,
غثم,غثم,19-غ.xlsx,1,1,1,
غثمر,غثمر,19-غ.xlsx,1,,,
غثو,غثو,19-غ.xlsx,1,,,
غثي,غثي,19-غ.xlsx,1,,1,
غدب,غدب,19-غ.xlsx,1,,,
غدد,غدد,19-غ.xlsx,1,,1,
غدر,غدر,19-غ.xlsx,1,1,1,1
غدف,غدف,19-غ.xlsx,1,1,1,1
غدق,غدق,19-غ.xlsx,1,1,1,
غدن,غدن,19-غ.xlsx,1,1,1,
غدو,غدو,19-غ.xlsx,1,1,1,1
غذج,غذج,19-غ.xlsx,,,,
غذذ,غذذ,19-غ.xlsx,1,,1,1
غذر,غذر,19-غ.xlsx,1,,,
غذرم,غذرم,19-غ.xlsx,1,,,
غذم,غذم,19-غ.xlsx,1,1,1,
غذمر,غذمر,19-غ.xlsx,1,,,
غذو,غذو,19-غ.xlsx,1,,,
غذي,غذي,19-غ.xlsx,1,1,1,
غرب,غرب,19-غ.xlsx,1,,1,1
غربل,غربل,19-غ.xlsx,1,,,
غرث,غرث,19-غ.xlsx,1,1,1,1
غرد,غرد,19-غ.xlsx,1,1,1,
غرر,غرر,19-غ.xlsx,1,1,1,1
غرز,غرز,19-غ.xlsx,1,1,1,1
غرس,غرس,19-غ.xlsx,1,,1,1
غرش,غرش,19-غ.xlsx,1,,,
غرض,غرض,19-غ.xlsx,,,1,1
غرضف,غرضف,19-غ.xlsx,1,,,
غرف,غرف,19-غ.xlsx,1,,1,1
غرق,غرق,19-غ.xlsx,1,1,1,1
غرقأ,غرقء,19-غ.xlsx,,,,
غرقد,غرقد,19-غ.xlsx,1,,,
غرقل,غرقل,19-غ.xlsx,1,,,
غرل,غرل,19-غ.xlsx,1,,1,
غرم,غرم,19-غ.xlsx,1,1,1,
غرمل,غرمل,19-غ.xlsx,1,,,
غرن,غرن,19-غ.xlsx,1,,1,
غرنف,غرنف,19-غ.xlsx,1,,,
غرنق,غرنق,19-غ.xlsx,1,,,
غرو,غرو,19-غ.xlsx,1,1,1,
غزد,غزد,19-غ.xlsx,1,,1,
غزر,غزر,19-غ.xlsx,1,,1,
غزل,غزل,19-غ.xlsx,1,,1,1
غزو,غزو,19-غ.xlsx,1,,1,1
غسر,غسر,19-غ.xlsx,1,,1,
غسس,غسس,19-غ.xlsx,1,,1,
غسق,غسق,19-غ.xlsx,1,1,1,1
غسل,غسل,19-غ.xlsx,1,1,1,1
غسلب,غسلب,19-غ.xlsx,1,,,
غسلج,غسلج,19-غ.xlsx,1,,,
غسم,غسم,19-غ.xlsx,1,,1,
غسن,غسن,19-غ.xlsx,1,,1,
غسو,غسو,19-غ.xlsx,1,,,
غشب,غشب,19-غ.xlsx,,,,
غشرب,غشرب,19-غ.xlsx,1,,,
غشش,غشش,19-غ.xlsx,1,,1,
غشم,غشم,19-غ.xlsx,1,1,1,1
غشمر,غشمر,19-غ.xlsx,1,,,
غشو,غشو,19-غ.xlsx,1,,,
غشي,غشي,19-غ.xlsx,1,1,1,
غصب,غصب,19-غ.xlsx,1,,,
غصص,غصص,19-غ.xlsx,1,,1,
غصن,غصن,19-غ.xlsx,1,,1,
غضب,غضب,19-غ.xlsx,1,1,1,1
غضر,غضر,19-غ.xlsx,1,1,1,
غضرف,غضرف,19-غ.xlsx,1,,,
غضرم,غضرم,19-غ.xlsx,1,,,
غضض,غضض,19-غ.xlsx,1,1,1,1
غضف,غضف,19-غ.xlsx,1,1,1,
غضفر,غضفر,19-غ.xlsx,,,,
غضل,غضل,19-غ.xlsx,1,,1,
غضن,غضن,19-غ.xlsx,1,1,1,
غضو,غضو,19-غ.xlsx,1,,,
غضي,غضي,19-غ.xlsx,1,,,
غطر,غطر,19-غ.xlsx,1,,,
غطرب,غطرب,19-غ.xlsx,,,,
غطرس,غطرس,19-غ.xlsx,1,,,
غطرش,غطرش,19-غ.xlsx,1,,,
غطرف,غطرف,19-غ.xlsx,1,,,
غطس,غطس,19-غ.xlsx,1,1,1,
غطش,غطش,19-غ.xlsx,,1,1,
غطط,غطط,19-غ.xlsx,1,,1,
غطف,غطف,19-غ.xlsx,1,1,1,
غطل,غطل,19-غ.xlsx,1,,1,
غطم,غطم,19-غ.xlsx,1,1,1,
غطمش,غطمش,19-غ.xlsx,1,,,
غطو,غطو,19-غ.xlsx,1,1,1,
غطي,غطي,19-غ.xlsx,,,,
غفر,غفر,19-غ.xlsx,1,,1,1
غفص,غفص,19-غ.xlsx,,,1,
غفف,غفف,19-غ.xlsx,1,,1,
غفق,غفق,19-غ.xlsx,1,1,1,
غفل,غفل,19-غ.xlsx,1,1,1,
غفو,غفو,19-غ.xlsx,1,1,1,
غفي,غفي,19-غ.xlsx,1,1,1,
غقق,غقق,19-غ.xlsx,1,,1,
غلب,غلب,19-غ.xlsx,1,1,1,1
غلت,غلت,19-غ.xlsx,1,,1,
غلث,غلث,19-غ.xlsx,1,1,1,
غلج,غلج,19-غ.xlsx,1,1,1,
غلد,غلد,19-غ.xlsx,1,,,
غلس,غلس,19-غ.xlsx,1,,1,
غلص,غلص,19-غ.xlsx,1,,,
غلصم,غلصم,19-غ.xlsx,1,,,
غلط,غلط,19-غ.xlsx,1,,1,
غلظ,غلظ,19-غ.xlsx,1,,,1
غلف,غلف,19-غ.xlsx,1,,1,
غلفق,غلفق,19-غ.xlsx,1,,,
غلق,غلق,19-غ.xlsx,1,1,1,1
غلل,غلل,19-غ.xlsx,1,1,1,
غلم,غلم,19-غ.xlsx,1,1,1,1
غلن,غلن,19-غ.xlsx,1,,,
غلو,غلو,19-غ.xlsx,1,1,1,1
غلي,غلي,19-غ.xlsx,1,1,1,
غمت,غمت,19-غ.xlsx,1,,,
غمج,غمج,19-غ.xlsx,1,1,1,
غمجر,غمجر,19-غ.xlsx,1,,,
غمد,غمد,19-غ.xlsx,1,1,1,1
غمذر,غمذر,19-غ.xlsx,1,,,
غمر,غمر,19-غ.xlsx,1,1,1,1
غمز,غمز,19-غ.xlsx,1,1,1,1
غمس,غمس,19-غ.xlsx,1,1,1,1
غمش,غمش,19-غ.xlsx,1,,,
غمص,غمص,19-غ.xlsx,1,1,1,
غمض,غمض,19-غ.xlsx,1,1,1,1
غمط,غمط,19-غ.xlsx,1,,1,
غمق,غمق,19-غ.xlsx,1,,1,
غمل,غمل,19-غ.xlsx,1,1,1,1
غملج,غملج,19-غ.xlsx,1,,,
غملس,غملس,19-غ.xlsx,,,,
غمم,غمم,19-غ.xlsx,1,1,1,1
غمن,غمن,19-غ.xlsx,1,,1,
غمهج,غمهج,19-غ.xlsx,,,,
غمو,غمو,19-غ.xlsx,1,,,
غمي,غمي,19-غ.xlsx,1,1,1,
غنب,غنب,19-غ.xlsx,,,,
غنبل,غنبل,19-غ.xlsx,1,,,
غنتل,غنتل,19-غ.xlsx,1,,,
غنث,غنث,19-غ.xlsx,1,,,
غنثر,غنثر,19-غ.xlsx,1,,,
غنج,غنج,19-غ.xlsx,1,,1,
غنجل,غنجل,19-غ.xlsx,1,,,
غندب,غندب,19-غ.xlsx,1,,,
غنذ,غنذ,19-غ.xlsx,1,,,
غنص,غنص,19-غ.xlsx,1,,,
غنض,غنض,19-غ.xlsx,1,,,
غنضف,غنضف,19-غ.xlsx,1,,,
غنطف,غنطف,19-غ.xlsx,1,,,
غنظ,غنظ,19-غ.xlsx,1,,1,
غنف,غنف,19-غ.xlsx,1,,,
غنم,غنم,19-غ.xlsx,1,1,1,
غنن,غنن,19-غ.xlsx,1,1,1,1
غني,غني,19-غ.xlsx,1,1,1,1
غهب,غهب,19-غ.xlsx,1,1,1,
غهق,غهق,19-غ.xlsx,1,,,
غهم,غهم,19-غ.xlsx,1,,,
غوث,غوث,19-غ.xlsx,1,,1,
غوج,غوج,19-غ.xlsx,1,,1,
غور,غور,19-غ.xlsx,1,1,1,1
غوس,غوس,19-غ.xlsx,,,,
غوص,غوص,19-غ.xlsx,1,1,1,1
غوط,غوط,19-غ.xlsx,1,1,1,1
غوغ,غوغ,19-غ.xlsx,,,,
غوق,غوق,19-غ.xlsx,1,,,
غول,غول,19-غ.xlsx,1,1,1,1
غوو,غوو,19-غ.xlsx,1,,,
غوي,غوي,19-غ.xlsx,1,1,1,1
غيب,غيب,19-غ.xlsx,1,1,1,1
غيث,غيث,19-غ.xlsx,1,1,1,
غيد,غيد,19-غ.xlsx,1,,,
غير,غير,19-غ.xlsx,1,1,1,1
غيس,غيس,19-غ.xlsx,1,,1,
غيض,غيض,19-غ.xlsx,1,1,1,1
غيظ,غيظ,19-غ.xlsx,1,1,1,1
غيف,غيف,19-غ.xlsx,1,1,1,
غيق,غيق,19-غ.xlsx,1,,1,
غيل,غيل,19-غ.xlsx,1,1,1,
غيم,غيم,19-غ.xlsx,1,1,1,1
غين,غين,19-غ.xlsx,1,,1,
غىي,غيي,19-غ.xlsx,1,1,1,
فأت,فءت,20-ف.xlsx,1,,,
فءد,فءد,20-ف.xlsx,1,1,1,
فءر,فءر,20-ف.xlsx,1,,1,
فءس,فءس,20-ف.xlsx,1,,1,
فأفأ,فءفء,20-ف.xlsx,1,,,
فءق,فءق,20-ف.xlsx,1,,,
فأل,فءل,20-ف.xlsx,1,,1,
فءم,فءم,20-ف.xlsx,1,1,1,
فءو,فءو,20-ف.xlsx,1,1,1,
فءي,فءي,20-ف.xlsx,1,,,
فتء,فتء,20-ف.xlsx,1,,,
فتت,فتت,20-ف.xlsx,1,1,1,
فتح,فتح,20-ف.xlsx,1,1,1,1
فتخ,فتخ,20-ف.xlsx,1,1,1,
فتر,فتر,20-ف.xlsx,1,1,1,1
فتش,فتش,20-ف.xlsx,1,1,1,
فتغ,فتغ,20-ف.xlsx,,,,
فتق,فتق,20-ف.xlsx,1,1,1,1
فتك,فتك,20-ف.xlsx,1,1,1,1
فتل,فتل,20-ف.xlsx,1,1,1,1
فتن,فتن,20-ف.xlsx,1,1,1,
فتو,فتو,20-ف.xlsx,1,,,
فتي,فتي,20-ف.xlsx,1,1,1,1
فثء,فثء,20-ف.xlsx,1,1,1,1
فثث,فثث,20-ف.xlsx,1,,1,
فثج,فثج,20-ف.xlsx,1,1,1,
فثر,فثر,20-ف.xlsx,1,,1,1
فجء,فجء,20-ف.xlsx,1,,,
فجج,فجج,20-ف.xlsx,1,1,1,
فجح,فجح,20-ف.xlsx,,,,
فجر,فجر,20-ف.xlsx,1,1,1,1
فجز,فجز,20-ف.xlsx,1,,,
فجس,فجس,20-ف.xlsx,1,,1,
فجش,فجش,20-ف.xlsx,1,,,
فجع,فجع,20-ف.xlsx,1,,1,
فجل,فجل,20-ف.xlsx,1,,1,
فجم,فجم,20-ف.xlsx,1,,1,
فجن,فجن,20-ف.xlsx,1,,1,
فجو,فجو,20-ف.xlsx,1,,,
فحث,فحث,20-ف.xlsx,1,,1,
فحج,فحج,20-ف.xlsx,1,,1,
فحح,فحح,20-ف.xlsx,1,,1,
فحس,فحس,20-ف.xlsx,1,,1,
فحش,فحش,20-ف.xlsx,1,1,1,
فحص,فحص,20-ف.xlsx,1,1,1,1
فحض,فحض,20-ف.xlsx,1,,,
فحق,فحق,20-ف.xlsx,1,,,
فحل,فحل,20-ف.xlsx,1,1,1,1
فحم,فحم,20-ف.xlsx,1,1,1,
فحو,فحو,20-ف.xlsx,1,,1,
فخت,فخت,20-ف.xlsx,1,,1,
فخج,فخج,20-ف.xlsx,1,,,
فخخ,فخخ,20-ف.xlsx,1,,1,1
فخذ,فخذ,20-ف.xlsx,1,,1,1
فخر,فخر,20-ف.xlsx,1,1,1,1
فخز,فخز,20-ف.xlsx,1,,,
فخل,فخل,20-ف.xlsx,1,,1,
فخم,فخم,20-ف.xlsx,1,1,1,
فدج,فدج,20-ف.xlsx,1,,1,
فدح,فدح,20-ف.xlsx,1,,1,
فدخ,فدخ,20-ف.xlsx,1,,1,
فدد,فدد,20-ف.xlsx,1,1,1,
فدر,فدر,20-ف.xlsx,1,1,1,
فدس,فدس,20-ف.xlsx,,,,
فدش,فدش,20-ف.xlsx,1,,1,
فدع,فدع,20-ف.xlsx,1,1,1,
فدغ,فدغ,20-ف.xlsx,1,,,
فدغم,فدغم,20-ف.xlsx,1,,,
فدفد,فدفد,20-ف.xlsx,,,,
فدك,فدك,20-ف.xlsx,1,,1,
فدكس,فدكس,20-ف.xlsx,,,,
فدم,فدم,20-ف.xlsx,1,1,1,
فدن,فدن,20-ف.xlsx,1,,1,1
فدي,فدي,20-ف.xlsx,1,,1,1
فذح,فذح,20-ف.xlsx,1,,1,
فذذ,فذذ,20-ف.xlsx,1,1,1,
فرأ,فرء,20-ف.xlsx,1,,,1
فرب,فرب,20-ف.xlsx,,,,
فربج,فربج,20-ف.xlsx,1,,,
فرت,فرت,20-ف.xlsx,1,,1,
فرتج,فرتج,20-ف.xlsx,1,,,
فرتن,فرتن,20-ف.xlsx,1,,,
فرث,فرث,20-ف.xlsx,1,1,1,1
فرج,فرج,20-ف.xlsx,1,1,1,
فرجل,فرجل,20-ف.xlsx,1,,,
فرجن,فرجن,20-ف.xlsx,1,,,
فرح,فرح,20-ف.xlsx,1,1,1,
فرخ,فرخ,20-ف.xlsx,1,,1,1
فرد,فرد,20-ف.xlsx,1,1,1,
فردس,فردس,20-ف.xlsx,1,,,
فرر,فرر,20-ف.xlsx,1,1,1,1
فرز,فرز,20-ف.xlsx,1,1,1,
فرزج,فرزج,20-ف.xlsx,1,,,
فرزدق,فرزدق,20-ف.xlsx,,,,
فرزم,فرزم,20-ف.xlsx,,,,
فرس,فرس,20-ف.xlsx,,1,1,
فرسح,فرسح,20-ف.xlsx,,,,
فرسخ,فرسخ,20-ف.xlsx,,,,
فرسك,فرسك,20-ف.xlsx,,,,
فرسن,فرسن,20-ف.xlsx,,,,
فرش,فرش,20-ف.xlsx,1,1,1,1
فرشح,فرشح,20-ف.xlsx,,,,
فرص,فرص,20-ف.xlsx,1,1,1,1
فرصد,فرصد,20-ف.xlsx,,,,
فرض,فرض,20-ف.xlsx,1,1,1,1
فرط,فرط,20-ف.xlsx,1,1,1,1
فرطح,فرطح,20-ف.xlsx,,,,
فرطس,فرطس,20-ف.xlsx,1,,,
فرطم,فرطم,20-ف.xlsx,1,,,
فرع,فرع,20-ف.xlsx,1,1,1,1
فرعن,فرعن,20-ف.xlsx,,,,1
فرغ,فرغ,20-ف.xlsx,1,1,1,1
فرفخ,فرفخ,20-ف.xlsx,,,,
فرفل,فرفل,20-ف.xlsx,1,,,
فرق,فرق,20-ف.xlsx,1,1,1,1
فرقب,فرقب,20-ف.xlsx,,,,
فرقد,فرقد,20-ف.xlsx,,,,
فرقع,فرقع,20-ف.xlsx,,,,
فرك,فرك,20-ف.xlsx,1,1,1,
فرم,فرم,20-ف.xlsx,1,,1,
فرن,فرن,20-ف.xlsx,1,,,
فرنب,فرنب,20-ف.xlsx,1,,,
فرند,فرند,20-ف.xlsx,1,,,1
فرنس,فرنس,20-ف.xlsx,1,,,
فرنق,فرنق,20-ف.xlsx,,,,
فره,فره,20-ف.xlsx,1,1,1,
فرهد,فرهد,20-ف.xlsx,,,,
فرو,فرو,20-ف.xlsx,1,,,1
فري,فري,20-ف.xlsx,1,,1,
فزر,فزر,20-ف.xlsx,1,1,1,
فزز,فزز,20-ف.xlsx,1,1,1,
فزع,فزع,20-ف.xlsx,1,1,1,
فزل,فزل,20-ف.xlsx,1,,,
فسء,فسء,20-ف.xlsx,1,,1,
فسج,فسج,20-ف.xlsx,1,,1,
فسح,فسح,20-ف.xlsx,1,1,1,
فسخ,فسخ,20-ف.xlsx,1,1,1,1
فسد,فسد,20-ف.xlsx,1,,1,
فسر,فسر,20-ف.xlsx,1,1,1,
فسط,فسط,20-ف.xlsx,1,1,1,
فسفس,فسفس,20-ف.xlsx,,,,
فسق,فسق,20-ف.xlsx,1,,1,
فسكل,فسكل,20-ف.xlsx,,,,
فسل,فسل,20-ف.xlsx,1,1,1,
فسو,فسو,20-ف.xlsx,1,,,
فشج,فشج,20-ف.xlsx,1,,1,
فشح,فشح,20-ف.xlsx,1,,,
فشخ,فشخ,20-ف.xlsx,1,,1,
فشش,فشش,20-ف.xlsx,1,1,1,
فشغ,فشغ,20-ف.xlsx,1,1,1,
فشق,فشق,20-ف.xlsx,1,,1,
فشل,فشل,20-ف.xlsx,1,,1,
فشن,فشن,20-ف.xlsx,1,,,
فشو,فشو,20-ف.xlsx,1,,,1
فصح,فصح,20-ف.xlsx,1,1,1,
فصد,فصد,20-ف.xlsx,1,,1,1
فصص,فصص,20-ف.xlsx,1,1,1,
فصع,فصع,20-ف.xlsx,1,1,1,
فصل,فصل,20-ف.xlsx,1,,1,
فصم,فصم,20-ف.xlsx,1,1,1,
فصي,فصي,20-ف.xlsx,1,1,1,
فضأ,فضء,20-ف.xlsx,,,,
فضج,فضج,20-ف.xlsx,1,,,
فضح,فضح,20-ف.xlsx,1,1,1,1
فضخ,فضخ,20-ف.xlsx,1,,1,
فضض,فضض,20-ف.xlsx,1,1,1,1
فضع,فضع,20-ف.xlsx,1,,,
فضغ,فضغ,20-ف.xlsx,1,,,
فضل,فضل,20-ف.xlsx,1,1,1,
فضو,فضو,20-ف.xlsx,1,,,
فضي,فضي,20-ف.xlsx,1,1,1,
فطء,فطء,20-ف.xlsx,1,1,1,
فطح,فطح,20-ف.xlsx,1,,1,
فطحل,فطحل,20-ف.xlsx,,,,
فطر,فطر,20-ف.xlsx,1,1,1,1
فطز,فطز,20-ف.xlsx,1,,,
فطس,فطس,20-ف.xlsx,1,,1,
فطط,فطط,20-ف.xlsx,,,,
فطم,فطم,20-ف.xlsx,1,1,1,1
فطن,فطن,20-ف.xlsx,1,1,1,
فطه,فطه,20-ف.xlsx,,,,
فطو,فطو,20-ف.xlsx,1,,,
فظظ,فظظ,20-ف.xlsx,1,1,1,
فظع,فظع,20-ف.xlsx,1,,1,
فعر,فعر,20-ف.xlsx,1,,,
فعس,فعس,20-ف.xlsx,1,,,
فعفع,فعفع,20-ف.xlsx,,,,
فعل,فعل,20-ف.xlsx,1,1,1,
فعم,فعم,20-ف.xlsx,1,1,1,1
فعي,فعي,20-ف.xlsx,,,1,1
فغر,فغر,20-ف.xlsx,1,1,1,
فغم,فغم,20-ف.xlsx,1,1,1,
فغو,فغو,20-ف.xlsx,1,,,
فغي,فغي,20-ف.xlsx,1,,1,
فقء,فقء,20-ف.xlsx,1,1,1,
فقح,فقح,20-ف.xlsx,1,1,1,1
فقخ,فقخ,20-ف.xlsx,1,,,
فقد,فقد,20-ف.xlsx,1,1,1,
فقر,فقر,20-ف.xlsx,1,1,1,1
فقس,فقس,20-ف.xlsx,1,,1,
فقص,فقص,20-ف.xlsx,1,,1,1
فقع,فقع,20-ف.xlsx,1,,1,
فقعس,فقعس,20-ف.xlsx,,,,
فقق,فقق,20-ف.xlsx,1,1,1,
فقل,فقل,20-ف.xlsx,1,,,
فقم,فقم,20-ف.xlsx,1,1,1,1
فقه,فقه,20-ف.xlsx,1,1,1,
فقو,فقو,20-ف.xlsx,1,,,
فكر,فكر,20-ف.xlsx,1,,1,
فكع,فكع,20-ف.xlsx,1,,,
فكك,فكك,20-ف.xlsx,1,1,1,1
فكل,فكل,20-ف.xlsx,1,,1,
فكن,فكن,20-ف.xlsx,1,,1,
فكه,فكه,20-ف.xlsx,1,1,1,1
فلت,فلت,20-ف.xlsx,1,,1,
فلج,فلج,20-ف.xlsx,1,1,1,
فلح,فلح,20-ف.xlsx,1,1,1,1
فلحس,فلحس,20-ف.xlsx,,,,
فلذ,فلذ,20-ف.xlsx,1,1,1,1
فلر,فلر,20-ف.xlsx,1,,,
فلز,فلز,20-ف.xlsx,1,,1,1
فلس,فلس,20-ف.xlsx,1,,1,
فلسط,فلسط,20-ف.xlsx,,,,
فلسف,فلسف,20-ف.xlsx,1,,,
فلص,فلص,20-ف.xlsx,1,,1,
فلط,فلط,20-ف.xlsx,1,,1,
فلطح,فلطح,20-ف.xlsx,,,,
فلطس,فلطس,20-ف.xlsx,1,,,
فلع,فلع,20-ف.xlsx,1,1,1,
فلغ,فلغ,20-ف.xlsx,1,,,
فلق,فلق,20-ف.xlsx,1,1,1,1
فلقح,فلقح,20-ف.xlsx,,,,
فلقس,فلقس,20-ف.xlsx,,,,
فلقم,فلقم,20-ف.xlsx,,,,
فلك,فلك,20-ف.xlsx,1,1,1,1
فلكن,فلكن,20-ف.xlsx,,,,
فلل,فلل,20-ف.xlsx,1,1,1,1
فلم,فلم,20-ف.xlsx,1,,1,
فلن,فلن,20-ف.xlsx,1,,1,
فلو,فلو,20-ف.xlsx,1,,1,
فلي,فلي,20-ف.xlsx,1,,,1
فمم,فمم,20-ف.xlsx,1,,1,
فنجل,فنجل,20-ف.xlsx,1,,,
فنجلس,فنجلس,20-ف.xlsx,1,,,
فنخ,فنخ,20-ف.xlsx,1,,,
فنخر,فنخر,20-ف.xlsx,,,,
فند,فند,20-ف.xlsx,1,1,1,1
فندر,فندر,20-ف.xlsx,1,,,
فندق,فندق,20-ف.xlsx,,,,
فنزج,فنزج,20-ف.xlsx,1,,,
فنزر,فنزر,20-ف.xlsx,,,,
فنش,فنش,20-ف.xlsx,,,,
فنشخ,فنشخ,20-ف.xlsx,,,,
فنطح,فنطح,20-ف.xlsx,,,,
فنطس,فنطس,20-ف.xlsx,1,,,
فنطلس,فنطلس,20-ف.xlsx,1,,,
فنع,فنع,20-ف.xlsx,1,1,1,
فنق,فنق,20-ف.xlsx,1,1,1,
فنقر,فنقر,20-ف.xlsx,,,,
فنك,فنك,20-ف.xlsx,1,,1,
فنن,فنن,20-ف.xlsx,1,1,1,
فنو,فنو,20-ف.xlsx,1,,,
فني,فني,20-ف.xlsx,1,,1,
فهج,فهج,20-ف.xlsx,1,,1,
فهد,فهد,20-ف.xlsx,1,1,1,
فهر,فهر,20-ف.xlsx,1,,1,
فهرس,فهرس,20-ف.xlsx,,,,
فهق,فهق,20-ف.xlsx,1,1,1,
فهك,فهك,20-ف.xlsx,1,,,
فهل,فهل,20-ف.xlsx,,,,
فهم,فهم,20-ف.xlsx,1,,1,
فهه,فهه,20-ف.xlsx,1,1,1,
فهو,فهو,20-ف.xlsx,1,,,
فوت,فوت,20-ف.xlsx,1,1,1,
فوج,فوج,20-ف.xlsx,1,1,1,
فوح,فوح,20-ف.xlsx,1,1,1,
فوخ,فوخ,20-ف.xlsx,1,,,
فود,فود,20-ف.xlsx,1,,1,1
فور,فور,20-ف.xlsx,1,1,1,1
فوز,فوز,20-ف.xlsx,1,1,1,1
فوص,فوص,20-ف.xlsx,1,1,1,
فوض,فوض,20-ف.xlsx,1,1,1,
فوط,فوط,20-ف.xlsx,1,,,
فوظ,فوظ,20-ف.xlsx,1,,,
فوع,فوع,20-ف.xlsx,1,1,1,
فوغ,فوغ,20-ف.xlsx,1,,1,
فوف,فوف,20-ف.xlsx,1,,1,1
فوق,فوق,20-ف.xlsx,1,1,1,1
فول,فول,20-ف.xlsx,1,,1,
فوم,فوم,20-ف.xlsx,1,1,1,
فوه,فوه,20-ف.xlsx,1,1,1,1
فيء,فيء,20-ف.xlsx,1,,,1
فيج,فيج,20-ف.xlsx,1,1,1,
فيح,فيح,20-ف.xlsx,1,,1,1
فيخ,فيخ,20-ف.xlsx,1,,1,
فيد,فيد,20-ف.xlsx,1,,1,
فيش,فيش,20-ف.xlsx,1,,1,
فيص,فيص,20-ف.xlsx,1,1,1,
فيض,فيض,20-ف.xlsx,1,1,1,1
فيظ,فيظ,20-ف.xlsx,1,,1,
فيف,فيف,20-ف.xlsx,1,,1,
فيق,فيق,20-ف.xlsx,1,,1,
فيل,فيل,20-ف.xlsx,1,1,1,
فيم,فيم,20-ف.xlsx,1,,,
فين,فين,20-ف.xlsx,1,,1,
قءب,قءب,21-ق.xlsx,1,,,
قبأ,قبء,21-ق.xlsx,1,,,1
قبب,قبب,21-ق.xlsx,1,1,1,1
قبتر,قبتر,21-ق.xlsx,,,,
قبث,قبث,21-ق.xlsx,1,,,
قبثر,قبثر,21-ق.xlsx,,,,
قبج,قبج,21-ق.xlsx,1,,,
قبح,قبح,21-ق.xlsx,1,1,1,
قبر,قبر,21-ق.xlsx,1,1,1,1
قبرس,قبرس,21-ق.xlsx,,,,
قبز,قبز,21-ق.xlsx,,,,
قبس,قبس,21-ق.xlsx,1,1,1,1
قبشر,قبشر,21-ق.xlsx,,,,
قبص,قبص,21-ق.xlsx,1,1,1,1
قبض,قبض,21-ق.xlsx,1,1,1,1
قبط,قبط,21-ق.xlsx,1,,1,
قبطر,قبطر,21-ق.xlsx,,,,
قبع,قبع,21-ق.xlsx,1,1,1,
قبعر,قبعر,21-ق.xlsx,,,,
قبل,قبل,21-ق.xlsx,1,1,1,1
قبن,قبن,21-ق.xlsx,1,,1,
قبو,قبو,21-ق.xlsx,1,,1,
قتب,قتب,21-ق.xlsx,1,1,1,1
قتت,قتت,21-ق.xlsx,1,,1,
قتد,قتد,21-ق.xlsx,1,1,1,
قتر,قتر,21-ق.xlsx,1,1,1,1
قترد,قترد,21-ق.xlsx,,,,
قتع,قتع,21-ق.xlsx,,,1,
قتل,قتل,21-ق.xlsx,1,1,1,1
قتم,قتم,21-ق.xlsx,1,1,1,
قتن,قتن,21-ق.xlsx,1,,1,
قتو,قتو,21-ق.xlsx,1,,1,
قثأ,قثء,21-ق.xlsx,1,,,
قثث,قثث,21-ق.xlsx,1,1,1,
قثد,قثد,21-ق.xlsx,1,,1,
قثل,قثل,21-ق.xlsx,1,,,
قثم,قثم,21-ق.xlsx,1,1,1,
قحب,قحب,21-ق.xlsx,1,1,1,
قحح,قحح,21-ق.xlsx,1,,1,
قحد,قحد,21-ق.xlsx,1,,1,
قحر,قحر,21-ق.xlsx,1,,1,
قحز,قحز,21-ق.xlsx,,1,1,
قحط,قحط,21-ق.xlsx,1,1,1,1
قحطب,قحطب,21-ق.xlsx,,,,
قحف,قحف,21-ق.xlsx,1,1,1,1
قحل,قحل,21-ق.xlsx,1,1,1,1
قحم,قحم,21-ق.xlsx,1,1,1,1
قحو,قحو,21-ق.xlsx,1,,1,1
قخر,قخر,21-ق.xlsx,1,,,
قخم,قخم,21-ق.xlsx,1,,,
قدأ,قدء,21-ق.xlsx,1,,,
قدح,قدح,21-ق.xlsx,1,,,1
قدحر,قدحر,21-ق.xlsx,,,,
قدحس,قدحس,21-ق.xlsx,,,,
قدد,قدد,21-ق.xlsx,1,1,1,1
قدر,قدر,21-ق.xlsx,1,1,1,1
قدس,قدس,21-ق.xlsx,1,1,1,
قدع,قدع,21-ق.xlsx,1,1,1,1
قدف,قدف,21-ق.xlsx,1,,1,
قدم,قدم,21-ق.xlsx,1,1,1,1
قدمس,قدمس,21-ق.xlsx,,,,
قدو,قدو,21-ق.xlsx,1,1,1,
قدي,قدي,21-ق.xlsx,1,,,
قذحر,قذحر,21-ق.xlsx,,,,
قذذ,قذذ,21-ق.xlsx,1,1,1,1
قذر,قذر,21-ق.xlsx,1,1,1,1
قذع,قذع,21-ق.xlsx,1,1,1,
قذعر,قذعر,21-ق.xlsx,,,,
قذعمل,قذعمل,21-ق.xlsx,,,,
قذف,قذف,21-ق.xlsx,1,1,1,1
قذل,قذل,21-ق.xlsx,1,,1,
قذم,قذم,21-ق.xlsx,1,1,1,
قذي,قذي,21-ق.xlsx,1,,1,1
قرء,قرء,21-ق.xlsx,1,,,
قرب,قرب,21-ق.xlsx,1,1,1,1
قربت,قربت,21-ق.xlsx,,,,
قربز,قربز,21-ق.xlsx,,,,
قربس,قربس,21-ق.xlsx,,,,
قرت,قرت,21-ق.xlsx,1,1,1,
قرث,قرث,21-ق.xlsx,1,,,
قرح,قرح,21-ق.xlsx,1,1,1,1
قرد,قرد,21-ق.xlsx,1,1,1,1
قردح,قردح,21-ق.xlsx,,,,
قردحم,قردحم,21-ق.xlsx,,,,
قردع,قردع,21-ق.xlsx,,,,
قردم,قردم,21-ق.xlsx,,,,
قرر,قرر,21-ق.xlsx,1,1,1,1
قرز,قرز,21-ق.xlsx,,,,
قرزح,قرزح,21-ق.xlsx,,,,
قرزل,قرزل,21-ق.xlsx,,,,
قرزم,قرزم,21-ق.xlsx,,,,
قرس,قرس,21-ق.xlsx,1,1,1,1
قرش,قرش,21-ق.xlsx,1,1,1,1
قرشب,قرشب,21-ق.xlsx,,,,
قرشم,قرشم,21-ق.xlsx,,,,
قرص,قرص,21-ق.xlsx,1,1,1,1
قرصب,قرصب,21-ق.xlsx,,,,
قرصد,قرصد,21-ق.xlsx,,,,
قرصع,قرصع,21-ق.xlsx,,,,
قرض,قرض,21-ق.xlsx,1,1,1,1
قرضب,قرضب,21-ق.xlsx,,,,
قرط,قرط,21-ق.xlsx,1,,1,1
قرطب,قرطب,21-ق.xlsx,,,,
قرطس,قرطس,21-ق.xlsx,,,,
قرطعب,قرطعب,21-ق.xlsx,,,,
قرطف,قرطف,21-ق.xlsx,,,,
قرطل,قرطل,21-ق.xlsx,,,,
قرطم,قرطم,21-ق.xlsx,,,,
قرظ,قرظ,21-ق.xlsx,1,,,
قرع,قرع,21-ق.xlsx,1,,1,1
قرعب,قرعب,21-ق.xlsx,,,,
قرعبل,قرعبل,21-ق.xlsx,,,,
قرعث,قرعث,21-ق.xlsx,,,,
قرعس,قرعس,21-ق.xlsx,,,,
قرف,قرف,21-ق.xlsx,1,1,1,1
قرفص,قرفص,21-ق.xlsx,,,,
قرق,قرق,21-ق.xlsx,1,,1,
قرقب,قرقب,21-ق.xlsx,,,,
قرقس,قرقس,21-ق.xlsx,,,,
قرقف,قرقف,21-ق.xlsx,,,,
قرقم,قرقم,21-ق.xlsx,,,,
قرم,قرم,21-ق.xlsx,1,1,1,1
قرمد,قرمد,21-ق.xlsx,,,,
قرمز,قرمز,21-ق.xlsx,,,,
قرمش,قرمش,21-ق.xlsx,,,,
قرمص,قرمص,21-ق.xlsx,,,,
قرمط,قرمط,21-ق.xlsx,,,,
قرمل,قرمل,21-ق.xlsx,,,,
قرن,قرن,21-ق.xlsx,1,1,1,
قرنب,قرنب,21-ق.xlsx,,,,
قرنس,قرنس,21-ق.xlsx,,,,
قرنص,قرنص,21-ق.xlsx,,,,
قره,قره,21-ق.xlsx,1,,1,
قرهب,قرهب,21-ق.xlsx,,,,
قرهد,قرهد,21-ق.xlsx,,,,
قرو,قرو,21-ق.xlsx,1,,,1
قري,قري,21-ق.xlsx,1,1,1,
قزب,قزب,21-ق.xlsx,1,,1,
قزح,قزح,21-ق.xlsx,1,1,1,
قزز,قزز,21-ق.xlsx,,,1,
قزع,قزع,21-ق.xlsx,1,1,1,1
قزل,قزل,21-ق.xlsx,1,,1,
قزم,قزم,21-ق.xlsx,1,1,1,
قسأ,قسء,21-ق.xlsx,1,,,
قسب,قسب,21-ق.xlsx,1,1,1,
قسح,قسح,21-ق.xlsx,1,,,
قسحب,قسحب,21-ق.xlsx,,,,
قسد,قسد,21-ق.xlsx,1,,,
قسر,قسر,21-ق.xlsx,1,1,1,1
قسس,قسس,21-ق.xlsx,1,1,1,
قسط,قسط,21-ق.xlsx,1,1,1,
قسطر,قسطر,21-ق.xlsx,,,,
قسطس,قسطس,21-ق.xlsx,,,,
قسطنس,قسطنس,21-ق.xlsx,,,,
قسقب,قسقب,21-ق.xlsx,,,,
قسم,قسم,21-ق.xlsx,1,1,1,1
قسن,قسن,21-ق.xlsx,1,1,1,
قسو,قسو,21-ق.xlsx,,,,
قسي,قسي,21-ق.xlsx,1,1,1,
قشب,قشب,21-ق.xlsx,1,1,1,1
قشبر,قشبر,21-ق.xlsx,,,,
قشد,قشد,21-ق.xlsx,1,,,
قشر,قشر,21-ق.xlsx,1,1,1,1
قشش,قشش,21-ق.xlsx,1,,1,
قشط,قشط,21-ق.xlsx,,,,
قشع,قشع,21-ق.xlsx,1,,1,1
قشعر,قشعر,21-ق.xlsx,,,,
قشعم,قشعم,21-ق.xlsx,,,,
قشف,قشف,21-ق.xlsx,1,,1,
قشلب,قشلب,21-ق.xlsx,,,,
قشم,قشم,21-ق.xlsx,1,,1,
قشو,قشو,21-ق.xlsx,1,,,
قصب,قصب,21-ق.xlsx,1,1,1,1
قصد,قصد,21-ق.xlsx,1,1,1,
قصر,قصر,21-ق.xlsx,1,1,1,1
قصص,قصص,21-ق.xlsx,1,1,1,1
قصع,قصع,21-ق.xlsx,1,1,1,1
قصف,قصف,21-ق.xlsx,1,1,1,1
قصل,قصل,21-ق.xlsx,1,1,1,1
قصم,قصم,21-ق.xlsx,1,1,1,1
قصمل,قصمل,21-ق.xlsx,,,,
قصو,قصو,21-ق.xlsx,1,1,1,1
قصي,قصي,21-ق.xlsx,,1,1,
قضء,قضء,21-ق.xlsx,1,,,
قضب,قضب,21-ق.xlsx,1,1,1,1
قضض,قضض,21-ق.xlsx,1,1,1,
قضع,قضع,21-ق.xlsx,1,,1,
قضف,قضف,21-ق.xlsx,1,1,1,
قضم,قضم,21-ق.xlsx,1,1,1,1
قضي,قضي,21-ق.xlsx,1,1,1,1
قطب,قطب,21-ق.xlsx,1,1,1,1
قطج,قطج,21-ق.xlsx,,,,
قطر,قطر,21-ق.xlsx,1,,1,1
قطرب,قطرب,21-ق.xlsx,,,,
قطس,قطس,21-ق.xlsx,,,,
قطط,قطط,21-ق.xlsx,1,1,1,1
قطع,قطع,21-ق.xlsx,1,1,1,1
قطعر,قطعر,21-ق.xlsx,,,,
قطف,قطف,21-ق.xlsx,1,1,1,1
قطل,قطل,21-ق.xlsx,1,1,1,
قطم,قطم,21-ق.xlsx,1,1,1,1
قطمر,قطمر,21-ق.xlsx,,,,
قطن,قطن,21-ق.xlsx,1,1,1,
قطو,قطو,21-ق.xlsx,1,1,1,
قعب,قعب,21-ق.xlsx,1,,,1
قعبل,قعبل,21-ق.xlsx,,,,
قعث,قعث,21-ق.xlsx,1,1,1,
قعثر,قعثر,21-ق.xlsx,,,,
قعد,قعد,21-ق.xlsx,1,1,1,1
قعر,قعر,21-ق.xlsx,1,1,1,1
قعز,قعز,21-ق.xlsx,1,,1,
قعس,قعس,21-ق.xlsx,1,1,1,1
قعسب,قعسب,21-ق.xlsx,,,,
قعسر,قعسر,21-ق.xlsx,,,,
قعش,قعش,21-ق.xlsx,1,1,1,
قعص,قعص,21-ق.xlsx,1,1,1,
قعض,قعض,21-ق.xlsx,1,1,1,
قعضب,قعضب,21-ق.xlsx,,,,
قعط,قعط,21-ق.xlsx,1,1,1,
قعطب,قعطب,21-ق.xlsx,,,,
قعظ,قعظ,21-ق.xlsx,1,,,
قعع,قعع,21-ق.xlsx,1,1,1,
قعف,قعف,21-ق.xlsx,1,1,1,
قعفز,قعفز,21-ق.xlsx,,,,
قعل,قعل,21-ق.xlsx,1,,1,
قعم,قعم,21-ق.xlsx,1,,1,
قعن,قعن,21-ق.xlsx,1,,1,
قعنب,قعنب,21-ق.xlsx,,,,
قعو,قعو,21-ق.xlsx,1,,1,
قفء,قفء,21-ق.xlsx,1,,,
قفخ,قفخ,21-ق.xlsx,1,,1,
قفخر,قفخر,21-ق.xlsx,,,,
قفد,قفد,21-ق.xlsx,1,1,1,
قفر,قفر,21-ق.xlsx,1,1,1,1
قفز,قفز,21-ق.xlsx,1,1,1,1
قفس,قفس,21-ق.xlsx,1,,1,
قفش,قفش,21-ق.xlsx,1,,1,
قفص,قفص,21-ق.xlsx,1,,1,
قفط,قفط,21-ق.xlsx,1,,1,
قفع,قفع,21-ق.xlsx,1,,1,
قفعد,قفعد,21-ق.xlsx,,,,
قفعل,قفعل,21-ق.xlsx,,,,
قفف,قفف,21-ق.xlsx,1,1,1,
قفل,قفل,21-ق.xlsx,1,,1,
قفن,قفن,21-ق.xlsx,1,,1,
قفند,قفند,21-ق.xlsx,,,,
قفندر,قفندر,21-ق.xlsx,,,,
قفو,قفو,21-ق.xlsx,1,,,1
قفي,قفي,21-ق.xlsx,1,1,1,
ققب,ققب,21-ق.xlsx,1,,,
ققز,ققز,21-ق.xlsx,1,,,
ققس,ققس,21-ق.xlsx,,,,
ققل,ققل,21-ق.xlsx,,,,
ققم,ققم,21-ق.xlsx,1,,,
قلب,قلب,21-ق.xlsx,1,1,1,1
قلت,قلت,21-ق.xlsx,1,1,1,1
قلح,قلح,21-ق.xlsx,1,,1,
قلحس,قلحس,21-ق.xlsx,,,,
قلحم,قلحم,21-ق.xlsx,,,,
قلخ,قلخ,21-ق.xlsx,1,,1,
قلد,قلد,21-ق.xlsx,1,1,1,1
قلذم,قلذم,21-ق.xlsx,,,,
قلر,قلر,21-ق.xlsx,1,,,
قلز,قلز,21-ق.xlsx,,,1,
قلزم,قلزم,21-ق.xlsx,,,,
قلس,قلس,21-ق.xlsx,1,1,1,1
قلش,قلش,21-ق.xlsx,1,,,
قلص,قلص,21-ق.xlsx,1,1,1,
قلط,قلط,21-ق.xlsx,1,,1,
قلطب,قلطب,21-ق.xlsx,,,,
قلع,قلع,21-ق.xlsx,1,1,1,
قلعت,قلعت,21-ق.xlsx,,,,
قلعث,قلعث,21-ق.xlsx,,,,
قلعط,قلعط,21-ق.xlsx,,,,
قلعم,قلعم,21-ق.xlsx,,,,
قلف,قلف,21-ق.xlsx,1,1,1,1
قلق,قلق,21-ق.xlsx,1,1,1,
قلل,قلل,21-ق.xlsx,1,1,1,1
قلم,قلم,21-ق.xlsx,1,1,1,1
قلمس,قلمس,21-ق.xlsx,,,,
قله,قله,21-ق.xlsx,1,,1,
قلهب,قلهب,21-ق.xlsx,,,,
قلهبس,قلهبس,21-ق.xlsx,,,,
قلهت,قلهت,21-ق.xlsx,,,,
قلهزم,قلهزم,21-ق.xlsx,,,,
قلهمس,قلهمس,21-ق.xlsx,,,,
قلو,قلو,21-ق.xlsx,1,1,1,1
قلي,قلي,21-ق.xlsx,1,,,
قمء,قمء,21-ق.xlsx,1,,,
قمثل,قمثل,21-ق.xlsx,,,,
قمح,قمح,21-ق.xlsx,1,1,1,1
قمحد,قمحد,21-ق.xlsx,,,,
قمخ,قمخ,21-ق.xlsx,,,,
قمد,قمد,21-ق.xlsx,1,1,1,
قمر,قمر,21-ق.xlsx,1,1,1,1
قمرز,قمرز,21-ق.xlsx,,,,
قمز,قمز,21-ق.xlsx,1,,,
قمس,قمس,21-ق.xlsx,1,1,1,
قمش,قمش,21-ق.xlsx,1,,1,
قمص,قمص,21-ق.xlsx,1,1,1,1
قمط,قمط,21-ق.xlsx,1,1,1,1
قمطر,قمطر,21-ق.xlsx,,,,
قمع,قمع,21-ق.xlsx,1,1,1,1
قمعد,قمعد,21-ق.xlsx,,,,
قمعط,قمعط,21-ق.xlsx,,,,
قمعل,قمعل,21-ق.xlsx,,,,
قمل,قمل,21-ق.xlsx,1,,1,1
قمم,قمم,21-ق.xlsx,1,1,1,1
قمن,قمن,21-ق.xlsx,1,,1,
قمه,قمه,21-ق.xlsx,1,,1,
قمي,قمي,21-ق.xlsx,1,,,
قنء,قنء,21-ق.xlsx,1,,,
قنب,قنب,21-ق.xlsx,1,1,1,1
قنبر,قنبر,21-ق.xlsx,,,,
قنبس,قنبس,21-ق.xlsx,,,,
قنبض,قنبض,21-ق.xlsx,,,,
قنبع,قنبع,21-ق.xlsx,,,,
قنبل,قنبل,21-ق.xlsx,,,,
قنت,قنت,21-ق.xlsx,1,1,1,
قنجر,قنجر,21-ق.xlsx,,,,
قنح,قنح,21-ق.xlsx,1,,1,
قند,قند,21-ق.xlsx,1,1,1,1
قندس,قندس,21-ق.xlsx,,,,
قندفر,قندفر,21-ق.xlsx,,,,
قندفل,قندفل,21-ق.xlsx,,,,
قندل,قندل,21-ق.xlsx,,,,
قنر,قنر,21-ق.xlsx,1,,1,
قنس,قنس,21-ق.xlsx,1,1,1,1
قنسر,قنسر,21-ق.xlsx,,,,
قنشر,قنشر,21-ق.xlsx,,,,
قنص,قنص,21-ق.xlsx,1,1,1,1
قنصر,قنصر,21-ق.xlsx,,,,
قنصعر,قنصعر,21-ق.xlsx,,,,
قنط,قنط,21-ق.xlsx,1,,1,
قنطر,قنطر,21-ق.xlsx,,,,
قنطرس,قنطرس,21-ق.xlsx,,,,
قنع,قنع,21-ق.xlsx,1,1,1,1
قنعث,قنعث,21-ق.xlsx,,,,
قنعس,قنعس,21-ق.xlsx,,,,
قنغر,قنغر,21-ق.xlsx,1,,,
قنف,قنف,21-ق.xlsx,1,1,1,
قنفد,قنفد,21-ق.xlsx,,,,
قنفذ,قنفذ,21-ق.xlsx,,,,
قنفش,قنفش,21-ق.xlsx,,,,
قنقل,قنقل,21-ق.xlsx,,,,
قنم,قنم,21-ق.xlsx,1,,1,
قنن,قنن,21-ق.xlsx,1,,1,1
قنو,قنو,21-ق.xlsx,,,,1
قني,قني,21-ق.xlsx,1,,,
قهد,قهد,21-ق.xlsx,1,,1,
قهر,قهر,21-ق.xlsx,1,,1,1
قهز,قهز,21-ق.xlsx,1,,1,
قهزب,قهزب,21-ق.xlsx,,,,
قهس,قهس,21-ق.xlsx,1,,1,
قهقب,قهقب,21-ق.xlsx,,,,
قهقر,قهقر,21-ق.xlsx,,,,
قهقه,قهقه,21-ق.xlsx,1,,,
قهل,قهل,21-ق.xlsx,1,1,1,
قهم,قهم,21-ق.xlsx,1,,,
قهمد,قهمد,21-ق.xlsx,,,,
قهمز,قهمز,21-ق.xlsx,,,,
قهه,قهه,21-ق.xlsx,,,1,
قهو,قهو,21-ق.xlsx,1,1,1,1
قهي,قهي,21-ق.xlsx,1,,,
قوب,قوب,21-ق.xlsx,1,1,1,1
قوت,قوت,21-ق.xlsx,1,1,1,1
قوخ,قوخ,21-ق.xlsx,1,,,
قود,قود,21-ق.xlsx,1,1,1,1
قور,قور,21-ق.xlsx,1,1,1,1
قوز,قوز,21-ق.xlsx,,,1,
قوس,قوس,21-ق.xlsx,1,1,1,
قوش,قوش,21-ق.xlsx,1,,,
قوض,قوض,21-ق.xlsx,1,1,1,1
قوط,قوط,21-ق.xlsx,1,,1,
قوظ,قوظ,21-ق.xlsx,,,,
قوع,قوع,21-ق.xlsx,1,1,1,
قوف,قوف,21-ق.xlsx,1,,1,
قوق,قوق,21-ق.xlsx,1,,1,
قول,قول,21-ق.xlsx,1,1,1,
قوم,قوم,21-ق.xlsx,1,1,1,1
قوه,قوه,21-ق.xlsx,1,,,
قوو,قوو,21-ق.xlsx,1,,,
قوي,قوي,21-ق.xlsx,,1,1,
قيء,قيء,21-ق.xlsx,1,,1,
قيح,قيح,21-ق.xlsx,1,,1,
قيد,قيد,21-ق.xlsx,1,,1,
قير,قير,21-ق.xlsx,1,,,1
قيس,قيس,21-ق.xlsx,1,,,1
قيص,قيص,21-ق.xlsx,1,,,
قيض,قيض,21-ق.xlsx,1,,,1
قيظ,قيظ,21-ق.xlsx,1,,,
قيع,قيع,21-ق.xlsx,,,,
قيق,قيق,21-ق.xlsx,1,,,
قيل,قيل,21-ق.xlsx,1,,1,1
قين,قين,21-ق.xlsx,1,1,1,
قيه,قيه,21-ق.xlsx,,,1,
كءب,كءب,22-ك.xlsx,1,1,1,1
كءد,كءد,22-ك.xlsx,1,1,1,
كأر,كءر,22-ك.xlsx,,,1,
كأس,كءس,22-ك.xlsx,1,,,
كءص,كءص,22-ك.xlsx,1,,,
كأكأ,كءكء,22-ك.xlsx,1,,,
كءل,كءل,22-ك.xlsx,1,,,
كأن,كءن,22-ك.xlsx,,,1,
كبب,كبب,22-ك.xlsx,1,1,1,1
كبت,كبت,22-ك.xlsx,1,,1,
كبث,كبث,22-ك.xlsx,1,,1,
كبح,كبح,22-ك.xlsx,1,,1,1
كبد,كبد,22-ك.xlsx,1,1,1,1
كبر,كبر,22-ك.xlsx,1,1,1,1
كبرت,كبرت,22-ك.xlsx,,,,
كبس,كبس,22-ك.xlsx,1,1,1,1
كبش,كبش,22-ك.xlsx,1,,1,1
كبع,كبع,22-ك.xlsx,1,,1,
كبكب,كبكب,22-ك.xlsx,,,,
كبل,كبل,22-ك.xlsx,1,1,1,1
كبن,كبن,22-ك.xlsx,1,1,1,
كبو,كبو,22-ك.xlsx,1,1,1,1
كتأ,كتء,22-ك.xlsx,1,,,
كتب,كتب,22-ك.xlsx,1,1,1,1
كتت,كتت,22-ك.xlsx,1,,1,
كتح,كتح,22-ك.xlsx,1,,,
كتد,كتد,22-ك.xlsx,1,,1,
كتر,كتر,22-ك.xlsx,1,,1,
كتع,كتع,22-ك.xlsx,1,,1,
كتف,كتف,22-ك.xlsx,1,1,1,1
كتل,كتل,22-ك.xlsx,1,1,1,
كتم,كتم,22-ك.xlsx,1,1,1,1
كتن,كتن,22-ك.xlsx,1,1,1,
كته,كته,22-ك.xlsx,1,,,
كتو,كتو,22-ك.xlsx,1,,1,
كثء,كثء,22-ك.xlsx,1,,,
كثب,كثب,22-ك.xlsx,1,1,1,1
كثث,كثث,22-ك.xlsx,1,1,1,
كثج,كثج,22-ك.xlsx,1,,,
كثر,كثر,22-ك.xlsx,1,,1,
كثع,كثع,22-ك.xlsx,1,,1,
كثعب,كثعب,22-ك.xlsx,,,,
كثف,كثف,22-ك.xlsx,1,1,1,
كثل,كثل,22-ك.xlsx,,,,
كثم,كثم,22-ك.xlsx,1,1,1,
كثو,كثو,22-ك.xlsx,1,,1,
كجج,كجج,22-ك.xlsx,1,,,
كحب,كحب,22-ك.xlsx,1,,,
كحح,كحح,22-ك.xlsx,1,,1,
كحص,كحص,22-ك.xlsx,1,,,
كحكب,كحكب,22-ك.xlsx,,,,
كحل,كحل,22-ك.xlsx,1,1,1,1
كحلب,كحلب,22-ك.xlsx,,,,
كحم,كحم,22-ك.xlsx,,,1,
كخخ,كخخ,22-ك.xlsx,1,,,
كخر,كخر,22-ك.xlsx,,,,
كخم,كخم,22-ك.xlsx,1,,,
كدء,كدء,22-ك.xlsx,1,,,
كدب,كدب,22-ك.xlsx,1,,1,
كدح,كدح,22-ك.xlsx,1,1,1,
كدد,كدد,22-ك.xlsx,1,1,1,1
كدر,كدر,22-ك.xlsx,1,1,1,1
كدس,كدس,22-ك.xlsx,1,,1,1
كدش,كدش,22-ك.xlsx,1,,1,
كدع,كدع,22-ك.xlsx,1,,1,
كدف,كدف,22-ك.xlsx,,,,
كدم,كدم,22-ك.xlsx,1,,1,1
كدن,كدن,22-ك.xlsx,1,1,1,
كده,كده,22-ك.xlsx,1,,1,
كدو,كدو,22-ك.xlsx,1,,,
كدي,كدي,22-ك.xlsx,1,1,1,1
كذب,كذب,22-ك.xlsx,1,1,1,1
كذج,كذج,22-ك.xlsx,1,,,
كذذ,كذذ,22-ك.xlsx,1,,1,
كذن,كذن,22-ك.xlsx,,,,
كرب,كرب,22-ك.xlsx,1,1,1,1
كربج,كربج,22-ك.xlsx,,,,
كربر,كربر,22-ك.xlsx,,,,
كربس,كربس,22-ك.xlsx,,,,
كربش,كربش,22-ك.xlsx,,,,
كربل,كربل,22-ك.xlsx,,,,
كرت,كرت,22-ك.xlsx,1,,1,
كرتع,كرتع,22-ك.xlsx,,,,
كرث,كرث,22-ك.xlsx,,,1,
كرج,كرج,22-ك.xlsx,1,,1,
كرح,كرح,22-ك.xlsx,1,,,
كرخ,كرخ,22-ك.xlsx,1,,,
كرد,كرد,22-ك.xlsx,1,1,1,
كردح,كردح,22-ك.xlsx,,,,
كردس,كردس,22-ك.xlsx,,,,
كردم,كردم,22-ك.xlsx,,,,
كرر,كرر,22-ك.xlsx,1,1,1,
كرز,كرز,22-ك.xlsx,,1,1,1
كرزم,كرزم,22-ك.xlsx,,,,
كرس,كرس,22-ك.xlsx,1,1,1,1
كرسع,كرسع,22-ك.xlsx,,,,
كرسف,كرسف,22-ك.xlsx,,,,
كرش,كرش,22-ك.xlsx,1,1,1,1
كرشب,كرشب,22-ك.xlsx,,,,
كرص,كرص,22-ك.xlsx,1,,1,
كرض,كرض,22-ك.xlsx,1,,1,
كرع,كرع,22-ك.xlsx,1,1,1,1
كرف,كرف,22-ك.xlsx,1,,,
كرفس,كرفس,22-ك.xlsx,,,,
كرك,كرك,22-ك.xlsx,1,,,
كركس,كركس,22-ك.xlsx,,,,
كركم,كركم,22-ك.xlsx,,,,
كرم,كرم,22-ك.xlsx,1,,1,1
كرمح,كرمح,22-ك.xlsx,,,,
كرن,كرن,22-ك.xlsx,1,,1,
كرنب,كرنب,22-ك.xlsx,,,,
كرنس,كرنس,22-ك.xlsx,,,,
كرنف,كرنف,22-ك.xlsx,,,,
كره,كره,22-ك.xlsx,1,1,1,1
كرو,كرو,22-ك.xlsx,1,,,
كري,كري,22-ك.xlsx,1,1,1,1
كزب,كزب,22-ك.xlsx,1,,,
كزبر,كزبر,22-ك.xlsx,,,,
كزز,كزز,22-ك.xlsx,1,1,1,1
كزم,كزم,22-ك.xlsx,1,1,1,1
كسء,كسء,22-ك.xlsx,1,,,
كسب,كسب,22-ك.xlsx,1,1,1,1
كسبر,كسبر,22-ك.xlsx,,,,
كست,كست,22-ك.xlsx,1,,,
كسج,كسج,22-ك.xlsx,1,,,
كسح,كسح,22-ك.xlsx,1,1,1,1
كسد,كسد,22-ك.xlsx,1,1,1,
كسر,كسر,22-ك.xlsx,1,1,1,1
كسس,كسس,22-ك.xlsx,1,,1,
كسط,كسط,22-ك.xlsx,1,,,
كسع,كسع,22-ك.xlsx,1,1,1,
كسف,كسف,22-ك.xlsx,1,1,1,1
كسل,كسل,22-ك.xlsx,1,1,1,1
كسم,كسم,22-ك.xlsx,1,1,1,
كسو,كسو,22-ك.xlsx,1,,,
كشء,كشء,22-ك.xlsx,1,,,
كشب,كشب,22-ك.xlsx,1,,,
كشت,كشت,22-ك.xlsx,,,,
كشث,كشث,22-ك.xlsx,1,,,
كشح,كشح,22-ك.xlsx,1,1,1,1
كشخ,كشخ,22-ك.xlsx,1,,,
كشد,كشد,22-ك.xlsx,1,,1,
كشر,كشر,22-ك.xlsx,1,,,
كشش,كشش,22-ك.xlsx,1,,1,
كشط,كشط,22-ك.xlsx,1,1,1,1
كشع,كشع,22-ك.xlsx,1,,,
كشف,كشف,22-ك.xlsx,1,1,1,1
كشك,كشك,22-ك.xlsx,1,,,
كشل,كشل,22-ك.xlsx,1,,,
كشم,كشم,22-ك.xlsx,1,1,1,
كشمخ,كشمخ,22-ك.xlsx,,,,
كشملخ,كشملخ,22-ك.xlsx,,,,
كشو,كشو,22-ك.xlsx,1,,,
كشي,كشي,22-ك.xlsx,1,,1,
كصم,كصم,22-ك.xlsx,1,,,
كظر,كظر,22-ك.xlsx,1,,1,
كظظ,كظظ,22-ك.xlsx,,1,1,1
كظم,كظم,22-ك.xlsx,1,1,1,1
كظو,كظو,22-ك.xlsx,1,,,
كعب,كعب,22-ك.xlsx,1,1,1,1
كعبر,كعبر,22-ك.xlsx,,,,
كعبس,كعبس,22-ك.xlsx,,,,
كعت,كعت,22-ك.xlsx,1,,1,
كعتر,كعتر,22-ك.xlsx,,,,
كعثب,كعثب,22-ك.xlsx,,,,
كعدب,كعدب,22-ك.xlsx,,,,
كعر,كعر,22-ك.xlsx,1,,1,
كعز,كعز,22-ك.xlsx,1,,,
كعس,كعس,22-ك.xlsx,1,,1,
كعطل,كعطل,22-ك.xlsx,,,,
كعظ,كعظ,22-ك.xlsx,1,,1,
كعع,كعع,22-ك.xlsx,1,1,1,
كعك,كعك,22-ك.xlsx,,,,
كعل,كعل,22-ك.xlsx,1,,,
كعم,كعم,22-ك.xlsx,1,1,1,1
كعنب,كعنب,22-ك.xlsx,,,,
كفء,كفء,22-ك.xlsx,1,1,1,1
كفت,كفت,22-ك.xlsx,1,1,1,
كفح,كفح,22-ك.xlsx,1,,,1
كفخ,كفخ,22-ك.xlsx,1,,,
كفر,كفر,22-ك.xlsx,1,1,1,
كفس,كفس,22-ك.xlsx,1,,,
كفف,كفف,22-ك.xlsx,1,1,1,1
كفل,كفل,22-ك.xlsx,1,1,1,1
كفن,كفن,22-ك.xlsx,1,,1,1
كفهر,كفهر,22-ك.xlsx,,,,
كفو,كفو,22-ك.xlsx,1,,,
كفي,كفي,22-ك.xlsx,1,,,
كلء,كلء,22-ك.xlsx,1,1,1,1
كلب,كلب,22-ك.xlsx,1,1,1,1
كلبث,كلبث,22-ك.xlsx,,,,
كلت,كلت,22-ك.xlsx,1,,1,
كلتب,كلتب,22-ك.xlsx,,,,
كلتح,كلتح,22-ك.xlsx,,,,
كلثم,كلثم,22-ك.xlsx,,,,
كلج,كلج,22-ك.xlsx,,,,
كلح,كلح,22-ك.xlsx,1,1,1,1
كلحب,كلحب,22-ك.xlsx,,,,
كلد,كلد,22-ك.xlsx,1,1,1,
كلذ,كلذ,22-ك.xlsx,1,,,
كلز,كلز,22-ك.xlsx,1,,1,
كلس,كلس,22-ك.xlsx,1,1,1,
كلسم,كلسم,22-ك.xlsx,,,,
كلع,كلع,22-ك.xlsx,1,,1,
كلف,كلف,22-ك.xlsx,1,1,1,
كلل,كلل,22-ك.xlsx,1,1,1,1
كلم,كلم,22-ك.xlsx,1,1,1,1
كلمس,كلمس,22-ك.xlsx,,,,
كلهد,كلهد,22-ك.xlsx,,,,
كلو,كلو,22-ك.xlsx,1,,,
كلي,كلي,22-ك.xlsx,1,,,1
كمء,كمء,22-ك.xlsx,1,,,
كمت,كمت,22-ك.xlsx,1,,1,1
كمتر,كمتر,22-ك.xlsx,,,,
كمثر,كمثر,22-ك.xlsx,,,,
كمج,كمج,22-ك.xlsx,,,,
كمح,كمح,22-ك.xlsx,1,,1,
كمخ,كمخ,22-ك.xlsx,1,,,
كمد,كمد,22-ك.xlsx,1,,,
كمر,كمر,22-ك.xlsx,1,,1,
كمز,كمز,22-ك.xlsx,1,,1,
كمس,كمس,22-ك.xlsx,1,,,
كمش,كمش,22-ك.xlsx,1,1,1,1
كمع,كمع,22-ك.xlsx,1,1,1,1
كمعر,كمعر,22-ك.xlsx,,,,
كمل,كمل,22-ك.xlsx,1,1,1,
كمم,كمم,22-ك.xlsx,1,1,1,
كمن,كمن,22-ك.xlsx,1,1,1,1
كمه,كمه,22-ك.xlsx,1,,1,1
كمهد,كمهد,22-ك.xlsx,,,,
كمهل,كمهل,22-ك.xlsx,,,,
كمي,كمي,22-ك.xlsx,1,1,1,
كنب,كنب,22-ك.xlsx,1,,1,
كنبث,كنبث,22-ك.xlsx,,,,
كنبر,كنبر,22-ك.xlsx,,,,
كنت,كنت,22-ك.xlsx,,,1,
كنثر,كنثر,22-ك.xlsx,,,,
كنخب,كنخب,22-ك.xlsx,,,,
كند,كند,22-ك.xlsx,1,1,1,1
كندث,كندث,22-ك.xlsx,,,,
كندر,كندر,22-ك.xlsx,,,,
كندس,كندس,22-ك.xlsx,,,,
كنر,كنر,22-ك.xlsx,1,,1,
كنز,كنز,22-ك.xlsx,1,1,1,1
كنس,كنس,22-ك.xlsx,1,1,1,1
كنسح,كنسح,22-ك.xlsx,,,,
كنص,كنص,22-ك.xlsx,,,,
كنظ,كنظ,22-ك.xlsx,1,,,
كنع,كنع,22-ك.xlsx,1,1,1,
كنعت,كنعت,22-ك.xlsx,,,,
كنعد,كنعد,22-ك.xlsx,,,,
كنعر,كنعر,22-ك.xlsx,,,,
كنف,كنف,22-ك.xlsx,1,1,1,1
كنفث,كنفث,22-ك.xlsx,,,,
كنفل,كنفل,22-ك.xlsx,,,,
كنن,كنن,22-ك.xlsx,1,1,1,
كنه,كنه,22-ك.xlsx,1,1,1,
كنهر,كنهر,22-ك.xlsx,,,,
كنو,كنو,22-ك.xlsx,1,1,1,
كني,كني,22-ك.xlsx,1,,,
كهب,كهب,22-ك.xlsx,1,,1,1
كهبل,كهبل,22-ك.xlsx,,,,
كهد,كهد,22-ك.xlsx,1,1,1,
كهدب,كهدب,22-ك.xlsx,,,,
كهر,كهر,22-ك.xlsx,1,1,1,
كهف,كهف,22-ك.xlsx,1,,1,1
كهل,كهل,22-ك.xlsx,1,1,1,1
كهم,كهم,22-ك.xlsx,1,1,1,1
كهمس,كهمس,22-ك.xlsx,,,,
كهن,كهن,22-ك.xlsx,1,,1,
كهه,كهه,22-ك.xlsx,1,,1,
كهي,كهي,22-ك.xlsx,1,,,
كوء,كوء,22-ك.xlsx,1,,,
كوب,كوب,22-ك.xlsx,1,,1,
كوت,كوت,22-ك.xlsx,1,,,
كوث,كوث,22-ك.xlsx,1,,,
كوح,كوح,22-ك.xlsx,1,,,
كوخ,كوخ,22-ك.xlsx,1,,,
كود,كود,22-ك.xlsx,1,,1,
كوذ,كوذ,22-ك.xlsx,1,,1,
كور,كور,22-ك.xlsx,1,1,1,
كوز,كوز,22-ك.xlsx,1,1,1,
كوس,كوس,22-ك.xlsx,1,1,1,
كوش,كوش,22-ك.xlsx,1,,,
كوع,كوع,22-ك.xlsx,1,,1,
كوف,كوف,22-ك.xlsx,1,1,1,
كوكب,كوكب,22-ك.xlsx,1,,,
كول,كول,22-ك.xlsx,1,,1,
كوم,كوم,22-ك.xlsx,1,1,1,
كون,كون,22-ك.xlsx,1,1,1,
كوه,كوه,22-ك.xlsx,1,,,
كوو,كوو,22-ك.xlsx,1,,,
كوي,كوي,22-ك.xlsx,1,1,1,1
كيت,كيت,22-ك.xlsx,1,,1,
كيج,كيج,22-ك.xlsx,,,,
كيح,كيح,22-ك.xlsx,1,,1,
كيد,كيد,22-ك.xlsx,1,1,1,1
كير,كير,22-ك.xlsx,1,,1,
كيس,كيس,22-ك.xlsx,1,1,1,1
كيص,كيص,22-ك.xlsx,1,1,1,
كيع,كيع,22-ك.xlsx,1,,,
كيف,كيف,22-ك.xlsx,1,,1,
كيك,كيك,22-ك.xlsx,1,,,
كيل,كيل,22-ك.xlsx,1,,1,1
كين,كين,22-ك.xlsx,1,,1,
كيه,كيه,22-ك.xlsx,1,,,
لءط,لءط,23-ل.xlsx,1,,,
لؤلؤ,لءلء,23-ل.xlsx,1,,,1
لءم,لءم,23-ل.xlsx,1,1,1,1
لأو,لءو,23-ل.xlsx,1,,1,
لءي,لءي,23-ل.xlsx,1,,,
لبء,لبء,23-ل.xlsx,1,1,1,1
لبب,لبب,23-ل.xlsx,1,1,1,1
لبت,لبت,23-ل.xlsx,1,,,
لبث,لبث,23-ل.xlsx,1,1,1,
لبج,لبج,23-ل.xlsx,1,1,1,
لبخ,لبخ,23-ل.xlsx,1,,1,
لبد,لبد,23-ل.xlsx,1,,1,1
لبز,لبز,23-ل.xlsx,1,1,1,
لبس,لبس,23-ل.xlsx,1,1,1,1
لبط,لبط,23-ل.xlsx,1,1,1,
لبق,لبق,23-ل.xlsx,1,1,1,
لبك,لبك,23-ل.xlsx,1,1,1,1
لبن,لبن,23-ل.xlsx,1,1,1,1
لبو,لبو,23-ل.xlsx,1,,,
لبي,لبي,23-ل.xlsx,1,,,
لتء,لتء,23-ل.xlsx,1,,1,
لتب,لتب,23-ل.xlsx,1,1,1,
لتت,لتت,23-ل.xlsx,1,,1,
لتح,لتح,23-ل.xlsx,1,,,
لتخ,لتخ,23-ل.xlsx,1,,1,
لتد,لتد,23-ل.xlsx,1,,,
لتز,لتز,23-ل.xlsx,,,,
لتم,لتم,23-ل.xlsx,1,,1,
لتي,لتي,23-ل.xlsx,1,,,
لثث,لثث,23-ل.xlsx,1,1,1,
لثد,لثد,23-ل.xlsx,1,,,
لثغ,لثغ,23-ل.xlsx,1,,1,
لثق,لثق,23-ل.xlsx,1,1,1,
لثم,لثم,23-ل.xlsx,1,1,1,1
لثي,لثي,23-ل.xlsx,1,,1,
لجء,لجء,23-ل.xlsx,1,,1,
لجب,لجب,23-ل.xlsx,1,1,1,
لجج,لجج,23-ل.xlsx,1,1,1,1
لجح,لجح,23-ل.xlsx,1,,1,
لجذ,لجذ,23-ل.xlsx,1,,1,
لجز,لجز,23-ل.xlsx,,,,
لجف,لجف,23-ل.xlsx,1,1,1,1
لجم,لجم,23-ل.xlsx,1,,1,
لجن,لجن,23-ل.xlsx,1,1,1,1
لحب,لحب,23-ل.xlsx,1,,,
لحت,لحت,23-ل.xlsx,,,,
لحج,لحج,23-ل.xlsx,1,1,1,
لحح,لحح,23-ل.xlsx,1,1,1,1
لحد,لحد,23-ل.xlsx,1,1,1,1
لحز,لحز,23-ل.xlsx,1,1,1,
لحس,لحس,23-ل.xlsx,1,1,1,1
لحص,لحص,23-ل.xlsx,1,1,1,
لحط,لحط,23-ل.xlsx,1,,,
لحظ,لحظ,23-ل.xlsx,1,1,1,1
لحف,لحف,23-ل.xlsx,1,1,1,1
لحق,لحق,23-ل.xlsx,1,1,1,1
لحك,لحك,23-ل.xlsx,1,1,1,
لحم,لحم,23-ل.xlsx,1,1,1,1
لحن,لحن,23-ل.xlsx,1,,1,1
لحو,لحو,23-ل.xlsx,1,,,
لحي,لحي,23-ل.xlsx,1,,1,
لخب,لخب,23-ل.xlsx,1,,,
لخت,لخت,23-ل.xlsx,,,,
لخج,لخج,23-ل.xlsx,,,1,
لخخ,لخخ,23-ل.xlsx,1,1,1,
لخص,لخص,23-ل.xlsx,1,,1,
لخع,لخع,23-ل.xlsx,1,,1,
لخف,لخف,23-ل.xlsx,1,1,1,
لخم,لخم,23-ل.xlsx,1,,1,
لخن,لخن,23-ل.xlsx,1,,1,
لخو,لخو,23-ل.xlsx,1,,,
لدد,لدد,23-ل.xlsx,1,1,1,1
لدس,لدس,23-ل.xlsx,1,,1,
لدغ,لدغ,23-ل.xlsx,1,,1,
لدك,لدك,23-ل.xlsx,1,,,
لدم,لدم,23-ل.xlsx,1,1,1,
لدن,لدن,23-ل.xlsx,1,,1,1
لدي,لدي,23-ل.xlsx,,,,
لذب,لذب,23-ل.xlsx,1,,,
لذج,لذج,23-ل.xlsx,1,,,
لذذ,لذذ,23-ل.xlsx,1,1,1,
لذع,لذع,23-ل.xlsx,1,1,1,
لذم,لذم,23-ل.xlsx,1,1,1,
لذي,لذي,23-ل.xlsx,1,,,
لزء,لزء,23-ل.xlsx,1,1,1,
لزب,لزب,23-ل.xlsx,1,1,1,1
لزج,لزج,23-ل.xlsx,1,,1,
لزح,لزح,23-ل.xlsx,1,,,
لزز,لزز,23-ل.xlsx,1,1,1,
لزق,لزق,23-ل.xlsx,1,,1,
لزك,لزك,23-ل.xlsx,1,,,
لزم,لزم,23-ل.xlsx,1,1,1,1
لزن,لزن,23-ل.xlsx,1,1,1,1
لسب,لسب,23-ل.xlsx,1,1,1,1
لسد,لسد,23-ل.xlsx,1,,1,
لسس,لسس,23-ل.xlsx,1,1,1,1
لسع,لسع,23-ل.xlsx,1,,1,1
لسق,لسق,23-ل.xlsx,1,,,
لسم,لسم,23-ل.xlsx,1,,1,
لسن,لسن,23-ل.xlsx,1,1,1,1
لشش,لشش,23-ل.xlsx,,,,
لصب,لصب,23-ل.xlsx,1,1,1,
لصت,لصت,23-ل.xlsx,1,,1,
لصص,لصص,23-ل.xlsx,1,1,1,
لصغ,لصغ,23-ل.xlsx,1,,1,
لصف,لصف,23-ل.xlsx,1,1,1,
لصق,لصق,23-ل.xlsx,1,1,1,1
لصو,لصو,23-ل.xlsx,1,,,
لصي,لصي,23-ل.xlsx,1,,,
لضض,لضض,23-ل.xlsx,1,,1,
لطء,لطء,23-ل.xlsx,1,,,
لطث,لطث,23-ل.xlsx,1,,,
لطح,لطح,23-ل.xlsx,1,,1,
لطخ,لطخ,23-ل.xlsx,1,1,1,
لطس,لطس,23-ل.xlsx,1,,,1
لطط,لطط,23-ل.xlsx,1,1,1,1
لطع,لطع,23-ل.xlsx,1,1,1,1
لطف,لطف,23-ل.xlsx,1,1,1,1
لطم,لطم,23-ل.xlsx,1,1,1,1
لطو,لطو,23-ل.xlsx,1,,,
لظظ,لظظ,23-ل.xlsx,1,1,1,1
لظي,لظي,23-ل.xlsx,1,,,1
لعب,لعب,23-ل.xlsx,1,1,1,1
لعج,لعج,23-ل.xlsx,1,,1,
لعز,لعز,23-ل.xlsx,1,,,
لعس,لعس,23-ل.xlsx,1,1,1,
لعص,لعص,23-ل.xlsx,1,,1,
لعض,لعض,23-ل.xlsx,1,,,
لعط,لعط,23-ل.xlsx,1,,1,1
لعظم,لعظم,23-ل.xlsx,1,,,
لعع,لعع,23-ل.xlsx,1,1,1,
لعق,لعق,23-ل.xlsx,1,1,1,1
لعل,لعل,23-ل.xlsx,,,,
لعن,لعن,23-ل.xlsx,1,1,1,
لعو,لعو,23-ل.xlsx,1,,1,
لغب,لغب,23-ل.xlsx,1,1,1,1
لغث,لغث,23-ل.xlsx,1,,,
لغد,لغد,23-ل.xlsx,1,,1,
لغذم,لغذم,23-ل.xlsx,1,,,
لغز,لغز,23-ل.xlsx,1,1,1,1
لغس,لغس,23-ل.xlsx,1,,,
لغط,لغط,23-ل.xlsx,1,,,
لغف,لغف,23-ل.xlsx,1,,,
لغلغ,لغلغ,23-ل.xlsx,1,,,
لغم,لغم,23-ل.xlsx,1,,1,1
لغن,لغن,23-ل.xlsx,1,,,
لغو,لغو,23-ل.xlsx,1,1,1,1
لفء,لفء,23-ل.xlsx,1,,,
لفت,لفت,23-ل.xlsx,1,1,1,1
لفج,لفج,23-ل.xlsx,1,,1,
لفح,لفح,23-ل.xlsx,1,,1,
لفخ,لفخ,23-ل.xlsx,1,,,
لفظ,لفظ,23-ل.xlsx,1,,1,
لفع,لفع,23-ل.xlsx,1,1,1,1
لفف,لفف,23-ل.xlsx,1,1,1,
لفق,لفق,23-ل.xlsx,1,1,1,1
لفك,لفك,23-ل.xlsx,1,,1,
لفم,لفم,23-ل.xlsx,1,,1,
لفو,لفو,23-ل.xlsx,1,,,
لقب,لقب,23-ل.xlsx,1,,1,
لقث,لقث,23-ل.xlsx,1,,,
لقح,لقح,23-ل.xlsx,1,1,1,1
لقز,لقز,23-ل.xlsx,1,,,
لقس,لقس,23-ل.xlsx,1,1,1,
لقص,لقص,23-ل.xlsx,1,,1,
لقط,لقط,23-ل.xlsx,1,1,1,1
لقع,لقع,23-ل.xlsx,1,1,1,1
لقف,لقف,23-ل.xlsx,1,,,
لقق,لقق,23-ل.xlsx,1,1,1,
لقم,لقم,23-ل.xlsx,1,1,1,1
لقن,لقن,23-ل.xlsx,1,,1,
لقو,لقو,23-ل.xlsx,1,,,
لقي,لقي,23-ل.xlsx,1,1,1,1
لكء,لكء,23-ل.xlsx,1,,,
لكب,لكب,23-ل.xlsx,,,,
لكث,لكث,23-ل.xlsx,1,,,
لكح,لكح,23-ل.xlsx,1,,,
لكد,لكد,23-ل.xlsx,1,,1,
لكز,لكز,23-ل.xlsx,1,,,1
لكس,لكس,23-ل.xlsx,1,,,
لكع,لكع,23-ل.xlsx,1,1,1,
لكك,لكك,23-ل.xlsx,1,1,1,1
لكم,لكم,23-ل.xlsx,1,,1,1
لكن,لكن,23-ل.xlsx,1,,1,
لكي,لكي,23-ل.xlsx,1,1,1,
لمء,لمء,23-ل.xlsx,1,1,1,
لمج,لمج,23-ل.xlsx,1,,1,
لمح,لمح,23-ل.xlsx,1,1,1,1
لمخ,لمخ,23-ل.xlsx,1,,,
لمد,لمد,23-ل.xlsx,,,,
لمذ,لمذ,23-ل.xlsx,1,,,
لمز,لمز,23-ل.xlsx,1,,1,
لمس,لمس,23-ل.xlsx,1,1,1,1
لمص,لمص,23-ل.xlsx,1,,,
لمظ,لمظ,23-ل.xlsx,1,,1,1
لمع,لمع,23-ل.xlsx,1,1,1,1
لمق,لمق,23-ل.xlsx,1,,1,
لمك,لمك,23-ل.xlsx,1,,1,
لمل,لمل,23-ل.xlsx,1,,,
لمم,لمم,23-ل.xlsx,1,1,1,
لمو,لمو,23-ل.xlsx,1,,,
لمي,لمي,23-ل.xlsx,1,,,1
لنج,لنج,23-ل.xlsx,,,,
لنن,لنن,23-ل.xlsx,1,,1,
لهب,لهب,23-ل.xlsx,1,1,1,
لهث,لهث,23-ل.xlsx,1,,1,1
لهج,لهج,23-ل.xlsx,1,1,1,1
لهجم,لهجم,23-ل.xlsx,,,,
لهد,لهد,23-ل.xlsx,1,1,1,
لهذم,لهذم,23-ل.xlsx,,,,
لهز,لهز,23-ل.xlsx,1,1,1,
لهزم,لهزم,23-ل.xlsx,,,,
لهس,لهس,23-ل.xlsx,1,1,1,
لهط,لهط,23-ل.xlsx,1,,1,
لهع,لهع,23-ل.xlsx,1,,1,
لهف,لهف,23-ل.xlsx,1,1,1,
لهق,لهق,23-ل.xlsx,1,1,1,
لهم,لهم,23-ل.xlsx,1,1,1,1
لهن,لهن,23-ل.xlsx,1,,1,1
لهه,لهه,23-ل.xlsx,,1,1,
لهو,لهو,23-ل.xlsx,1,1,1,1
لوب,لوب,23-ل.xlsx,1,1,1,1
لوث,لوث,23-ل.xlsx,1,1,1,1
لوج,لوج,23-ل.xlsx,1,,,
لوح,لوح,23-ل.xlsx,1,,1,1
لوخ,لوخ,23-ل.xlsx,1,,,
لود,لود,23-ل.xlsx,1,,,
لوذ,لوذ,23-ل.xlsx,1,1,1,1
لوز,لوز,23-ل.xlsx,1,,1,1
لوص,لوص,23-ل.xlsx,1,,1,
لوط,لوط,23-ل.xlsx,1,1,1,1
لوع,لوع,23-ل.xlsx,1,,,
لوغ,لوغ,23-ل.xlsx,1,,1,
لوف,لوف,23-ل.xlsx,1,,,
لوق,لوق,23-ل.xlsx,1,1,1,
لوك,لوك,23-ل.xlsx,1,,1,1
لولب,لولب,23-ل.xlsx,,,,
لوم,لوم,23-ل.xlsx,1,1,1,
لون,لون,23-ل.xlsx,1,,1,1
لوه,لوه,23-ل.xlsx,1,,,
لوو,لوو,23-ل.xlsx,1,,1,
لوي,لوي,23-ل.xlsx,1,1,1,1
ليأ,ليء,23-ل.xlsx,1,,,
ليب,ليب,23-ل.xlsx,1,,,
ليت,ليت,23-ل.xlsx,1,1,1,
ليث,ليث,23-ل.xlsx,1,1,1,
ليح,ليح,23-ل.xlsx,1,,,
ليس,ليس,23-ل.xlsx,1,,,1
ليص,ليص,23-ل.xlsx,1,,,
ليط,ليط,23-ل.xlsx,1,,,
ليغ,ليغ,23-ل.xlsx,1,,1,
ليف,ليف,23-ل.xlsx,1,,1,1
ليق,ليق,23-ل.xlsx,1,1,1,
ليل,ليل,23-ل.xlsx,1,,1,
ليم,ليم,23-ل.xlsx,,,1,
لين,لين,23-ل.xlsx,1,,1,1
ليي,ليي,23-ل.xlsx,1,,1,
مءج,مءج,24-م.xlsx,1,,1,
مءد,مءد,24-م.xlsx,1,1,1,
مءر,مءر,24-م.xlsx,1,1,1,
مءس,مءس,24-م.xlsx,1,,,
مأص,مءص,24-م.xlsx,1,,,
مأط,مءط,24-م.xlsx,,,,
مءق,مءق,24-م.xlsx,1,1,1,1
مءل,مءل,24-م.xlsx,1,,1,
مأمأ,مءمء,24-م.xlsx,1,,,
مءن,مءن,24-م.xlsx,1,1,1,
مءو,مءو,24-م.xlsx,1,,,
مءي,مءي,24-م.xlsx,1,,1,
مبد,مبد,24-م.xlsx,1,,,
متأ,متء,24-م.xlsx,1,,,
متت,متت,24-م.xlsx,1,1,1,
متث,متث,24-م.xlsx,1,,,
متج,متج,24-م.xlsx,,,,
متح,متح,24-م.xlsx,1,1,1,1
متخ,متخ,24-م.xlsx,1,,,
متد,متد,24-م.xlsx,1,,,
متر,متر,24-م.xlsx,1,,1,
متس,متس,24-م.xlsx,1,,1,
متش,متش,24-م.xlsx,1,,,
متع,متع,24-م.xlsx,1,1,1,1
متك,متك,24-م.xlsx,1,,1,
متل,متل,24-م.xlsx,1,,1,
متن,متن,24-م.xlsx,1,1,1,1
مته,مته,24-م.xlsx,1,,1,
متو,متو,24-م.xlsx,1,,,
متي,متي,24-م.xlsx,1,,1,
مثث,مثث,24-م.xlsx,1,,1,
مثج,مثج,24-م.xlsx,1,,,
مثد,مثد,24-م.xlsx,1,,,
مثع,مثع,24-م.xlsx,1,,1,
مثل,مثل,24-م.xlsx,1,1,1,
مثن,مثن,24-م.xlsx,1,,,
مجج,مجج,24-م.xlsx,1,1,1,1
مجح,مجح,24-م.xlsx,1,,,
مجد,مجد,24-م.xlsx,1,1,1,
مجر,مجر,24-م.xlsx,1,,1,1
مجس,مجس,24-م.xlsx,1,,1,
مجع,مجع,24-م.xlsx,1,1,1,
مجل,مجل,24-م.xlsx,1,,1,
مجن,مجن,24-م.xlsx,1,,1,
مجنق,مجنق,24-م.xlsx,,,,
محت,محت,24-م.xlsx,1,,1,
محث,محث,24-م.xlsx,1,,,
محج,محج,24-م.xlsx,1,,1,
محح,محح,24-م.xlsx,1,,1,
محز,محز,24-م.xlsx,1,,1,
محش,محش,24-م.xlsx,1,1,1,
محص,محص,24-م.xlsx,1,1,1,1
محض,محض,24-م.xlsx,1,1,1,1
محط,محط,24-م.xlsx,1,,,
محق,محق,24-م.xlsx,1,,1,1
محك,محك,24-م.xlsx,1,,1,
محل,محل,24-م.xlsx,1,,1,1
محن,محن,24-م.xlsx,1,1,1,1
محو,محو,24-م.xlsx,1,1,1,
محي,محي,24-م.xlsx,1,,,
مخج,مخج,24-م.xlsx,1,,1,
مخخ,مخخ,24-م.xlsx,1,1,1,1
مخر,مخر,24-م.xlsx,1,1,1,
مخش,مخش,24-م.xlsx,1,,,
مخض,مخض,24-م.xlsx,1,1,1,1
مخط,مخط,24-م.xlsx,1,1,1,1
مخق,مخق,24-م.xlsx,1,,,
مخن,مخن,24-م.xlsx,1,,1,
مدج,مدج,24-م.xlsx,,,,
مدح,مدح,24-م.xlsx,1,1,1,
مدخ,مدخ,24-م.xlsx,1,,1,
مدد,مدد,24-م.xlsx,1,1,1,1
مدر,مدر,24-م.xlsx,1,1,1,1
مدس,مدس,24-م.xlsx,1,,1,
مدش,مدش,24-م.xlsx,1,,1,
مدع,مدع,24-م.xlsx,,,,
مدق,مدق,24-م.xlsx,1,,1,
مدقس,مدقس,24-م.xlsx,,,,
مدل,مدل,24-م.xlsx,1,,1,
مدن,مدن,24-م.xlsx,1,,1,
مده,مده,24-م.xlsx,1,,1,
مدي,مدي,24-م.xlsx,1,1,1,
مذح,مذح,24-م.xlsx,1,,1,
مذحج,مذحج,24-م.xlsx,,,,
مذخ,مذخ,24-م.xlsx,1,,,
مذر,مذر,24-م.xlsx,1,1,1,
مذع,مذع,24-م.xlsx,1,,1,
مذق,مذق,24-م.xlsx,1,1,1,1
مذل,مذل,24-م.xlsx,1,1,1,1
مذي,مذي,24-م.xlsx,1,1,1,1
مرء,مرء,24-م.xlsx,1,,1,
مرب,مرب,24-م.xlsx,1,,,
مرت,مرت,24-م.xlsx,1,,1,1
مرث,مرث,24-م.xlsx,1,,1,
مرج,مرج,24-م.xlsx,1,1,1,1
مرجل,مرجل,24-م.xlsx,,,,
مرح,مرح,24-م.xlsx,1,1,1,1
مرخ,مرخ,24-م.xlsx,1,,1,
مرخد,مرخد,24-م.xlsx,,,,
مرد,مرد,24-م.xlsx,1,1,1,1
مرر,مرر,24-م.xlsx,1,1,1,1
مرز,مرز,24-م.xlsx,1,1,1,1
مرزجش,مرزجش,24-م.xlsx,1,,,
مرس,مرس,24-م.xlsx,1,1,1,
مرش,مرش,24-م.xlsx,1,,1,
مرص,مرص,24-م.xlsx,1,1,1,
مرض,مرض,24-م.xlsx,1,,,1
مرط,مرط,24-م.xlsx,1,1,1,
مرطل,مرطل,24-م.xlsx,1,,,
مرع,مرع,24-م.xlsx,1,1,1,1
مرغ,مرغ,24-م.xlsx,1,1,1,
مرق,مرق,24-م.xlsx,1,1,1,1
مرقس,مرقس,24-م.xlsx,,,,
مرن,مرن,24-م.xlsx,1,1,1,
مره,مره,24-م.xlsx,1,1,1,1
مرهم,مرهم,24-م.xlsx,,,,
مرو,مرو,24-م.xlsx,1,,,
مري,مري,24-م.xlsx,1,,1,1
مزج,مزج,24-م.xlsx,1,1,1,1
مزح,مزح,24-م.xlsx,1,,1,1
مزد,مزد,24-م.xlsx,,,,
مزر,مزر,24-م.xlsx,1,1,1,
مزز,مزز,24-م.xlsx,1,1,1,
مزع,مزع,24-م.xlsx,1,1,1,1
مزق,مزق,24-م.xlsx,1,1,1,1
مزن,مزن,24-م.xlsx,1,1,1,
مزه,مزه,24-م.xlsx,1,,,
مزو,مزو,24-م.xlsx,1,,,
مزي,مزي,24-م.xlsx,1,,1,
مسء,مسء,24-م.xlsx,1,,,
مستق,مستق,24-م.xlsx,,,,
مسح,مسح,24-م.xlsx,1,1,1,1
مسخ,مسخ,24-م.xlsx,1,1,1,1
مسد,مسد,24-م.xlsx,1,1,1,1
مسر,مسر,24-م.xlsx,1,,,
مسس,مسس,24-م.xlsx,1,1,1,1
مسط,مسط,24-م.xlsx,1,1,1,
مسع,مسع,24-م.xlsx,1,,,
مسك,مسك,24-م.xlsx,1,1,1,1
مسل,مسل,24-م.xlsx,1,,1,
مسن,مسن,24-م.xlsx,1,,,
مسو,مسو,24-م.xlsx,1,,,
مسي,مسي,24-م.xlsx,1,,1,1
مشج,مشج,24-م.xlsx,1,1,1,
مشر,مشر,24-م.xlsx,1,1,1,1
مشش,مشش,24-م.xlsx,1,1,1,1
مشط,مشط,24-م.xlsx,1,,1,1
مشظ,مشظ,24-م.xlsx,1,,1,
مشع,مشع,24-م.xlsx,1,,1,
مشغ,مشغ,24-م.xlsx,1,,1,
مشق,مشق,24-م.xlsx,1,1,1,1
مشل,مشل,24-م.xlsx,1,,,
مشن,مشن,24-م.xlsx,1,1,1,
مشي,مشي,24-م.xlsx,1,1,1,1
مصت,مصت,24-م.xlsx,1,,1,
مصح,مصح,24-م.xlsx,1,1,1,
مصخ,مصخ,24-م.xlsx,1,,1,
مصد,مصد,24-م.xlsx,1,,1,
مصر,مصر,24-م.xlsx,1,,1,1
مصص,مصص,24-م.xlsx,1,1,1,1
مصطك,مصطك,24-م.xlsx,,,,
مصع,مصع,24-م.xlsx,1,1,1,1
مصل,مصل,24-م.xlsx,1,1,1,
مضح,مضح,24-م.xlsx,1,,1,
مضخ,مضخ,24-م.xlsx,,,,
مضد,مضد,24-م.xlsx,1,,,
مضر,مضر,24-م.xlsx,1,,1,1
مضض,مضض,24-م.xlsx,1,1,1,1
مضع,مضع,24-م.xlsx,1,,,
مضغ,مضغ,24-م.xlsx,1,1,1,
مضو,مضو,24-م.xlsx,1,,,
مضي,مضي,24-م.xlsx,1,1,1,
مطح,مطح,24-م.xlsx,1,,1,
مطخ,مطخ,24-م.xlsx,1,,1,
مطر,مطر,24-م.xlsx,1,,1,1
مطس,مطس,24-م.xlsx,1,,,
مطط,مطط,24-م.xlsx,1,1,1,1
مطع,مطع,24-م.xlsx,1,,,
مطق,مطق,24-م.xlsx,1,,1,
مطل,مطل,24-م.xlsx,1,1,1,
مطه,مطه,24-م.xlsx,1,,,
مطو,مطو,24-م.xlsx,1,1,1,1
مظظ,مظظ,24-م.xlsx,1,1,1,
مظع,مظع,24-م.xlsx,1,,1,
معت,معت,24-م.xlsx,1,,1,
معج,معج,24-م.xlsx,1,1,1,1
معد,معد,24-م.xlsx,1,1,1,1
معر,معر,24-م.xlsx,1,1,1,
معز,معز,24-م.xlsx,1,1,1,1
معس,معس,24-م.xlsx,1,1,1,
معص,معص,24-م.xlsx,1,,1,
معض,معض,24-م.xlsx,1,,1,
معط,معط,24-م.xlsx,1,1,1,
معع,معع,24-م.xlsx,1,1,1,
معق,معق,24-م.xlsx,1,,1,
معك,معك,24-م.xlsx,1,1,1,
معل,معل,24-م.xlsx,1,,1,
معن,معن,24-م.xlsx,1,1,1,1
معو,معو,24-م.xlsx,1,,1,
معي,معي,24-م.xlsx,1,,,
مغث,مغث,24-م.xlsx,1,1,1,
مغج,مغج,24-م.xlsx,1,,,
مغد,مغد,24-م.xlsx,1,1,1,
مغر,مغر,24-م.xlsx,1,1,1,
مغس,مغس,24-م.xlsx,1,,,
مغص,مغص,24-م.xlsx,1,1,1,
مغط,مغط,24-م.xlsx,1,1,1,
مغل,مغل,24-م.xlsx,1,1,1,
مغمغ,مغمغ,24-م.xlsx,1,,,
مغو,مغو,24-م.xlsx,1,,,
مفج,مفج,24-م.xlsx,1,,,
مقت,مقت,24-م.xlsx,1,1,1,
مقد,مقد,24-م.xlsx,1,,1,
مقر,مقر,24-م.xlsx,,,1,
مقس,مقس,24-م.xlsx,1,,1,
مقط,مقط,24-م.xlsx,1,,1,
مقع,مقع,24-م.xlsx,1,1,1,
مقق,مقق,24-م.xlsx,1,1,1,1
مقل,مقل,24-م.xlsx,1,,1,
مقه,مقه,24-م.xlsx,1,1,1,
مقو,مقو,24-م.xlsx,1,,1,
مقي,مقي,24-م.xlsx,1,,,
مكت,مكت,24-م.xlsx,1,,,
مكث,مكث,24-م.xlsx,1,1,1,
مكد,مكد,24-م.xlsx,1,1,1,
مكر,مكر,24-م.xlsx,1,1,1,
مكس,مكس,24-م.xlsx,1,1,1,
مكك,مكك,24-م.xlsx,1,1,1,1
مكل,مكل,24-م.xlsx,1,1,1,
مكن,مكن,24-م.xlsx,1,,1,1
مكو,مكو,24-م.xlsx,1,,,
ملء,ملء,24-م.xlsx,1,,,1
ملب,ملب,24-م.xlsx,,,,
ملبس,ملبس,24-م.xlsx,1,,,
ملت,ملت,24-م.xlsx,1,,,
ملث,ملث,24-م.xlsx,1,,1,
ملج,ملج,24-م.xlsx,1,,1,
ملح,ملح,24-م.xlsx,1,,1,1
ملخ,ملخ,24-م.xlsx,1,1,1,1
ملد,ملد,24-م.xlsx,1,1,1,1
ملذ,ملذ,24-م.xlsx,1,,1,
ملز,ملز,24-م.xlsx,1,,,
ملس,ملس,24-م.xlsx,1,1,1,
ملش,ملش,24-م.xlsx,1,,,
ملص,ملص,24-م.xlsx,1,1,1,
ملط,ملط,24-م.xlsx,1,1,1,1
ملع,ملع,24-م.xlsx,1,1,1,
ملغ,ملغ,24-م.xlsx,1,,1,
ملق,ملق,24-م.xlsx,1,1,1,1
ملك,ملك,24-م.xlsx,1,1,1,1
ملل,ملل,24-م.xlsx,1,1,1,
مله,مله,24-م.xlsx,1,,,
ملو,ملو,24-م.xlsx,1,1,1,
ممس,ممس,24-م.xlsx,1,,,
ممع,ممع,24-م.xlsx,,,,
منء,منء,24-م.xlsx,1,,,
منج,منج,24-م.xlsx,1,,,
منح,منح,24-م.xlsx,1,1,1,1
مند,مند,24-م.xlsx,1,,,
منذ,منذ,24-م.xlsx,,,,
منس,منس,24-م.xlsx,,,,
منع,منع,24-م.xlsx,1,1,1,1
منن,منن,24-م.xlsx,1,1,1,
منو,منو,24-م.xlsx,1,,,
مني,مني,24-م.xlsx,1,1,1,
مهج,مهج,24-م.xlsx,1,1,1,1
مهد,مهد,24-م.xlsx,1,1,1,
مهر,مهر,24-م.xlsx,,1,1,
مهش,مهش,24-م.xlsx,1,,1,
مهق,مهق,24-م.xlsx,1,1,1,
مهك,مهك,24-م.xlsx,1,,1,
مهل,مهل,24-م.xlsx,1,1,1,
مهم,مهم,24-م.xlsx,,,,
مهن,مهن,24-م.xlsx,1,1,1,
مهه,مهه,24-م.xlsx,1,1,1,
مهو,مهو,24-م.xlsx,1,,,
موء,موء,24-م.xlsx,1,,,
موت,موت,24-م.xlsx,1,1,1,1
موث,موث,24-م.xlsx,1,,1,
موج,موج,24-م.xlsx,1,1,1,1
موخ,موخ,24-م.xlsx,,,,
موذ,موذ,24-م.xlsx,,,,
مور,مور,24-م.xlsx,1,1,1,
موز,موز,24-م.xlsx,1,,,
موس,موس,24-م.xlsx,1,,1,
موص,موص,24-م.xlsx,1,,1,
موع,موع,24-م.xlsx,1,,1,
موغ,موغ,24-م.xlsx,1,,,
موق,موق,24-م.xlsx,1,1,1,1
مول,مول,24-م.xlsx,1,,1,
موم,موم,24-م.xlsx,1,1,1,
مون,مون,24-م.xlsx,1,,1,
موه,موه,24-م.xlsx,1,,1,
ميب,ميب,24-م.xlsx,1,,,
ميث,ميث,24-م.xlsx,1,1,1,1
ميح,ميح,24-م.xlsx,1,1,1,1
ميخ,ميخ,24-م.xlsx,,,,
ميد,ميد,24-م.xlsx,1,1,1,1
ميذ,ميذ,24-م.xlsx,1,,,
مير,مير,24-م.xlsx,1,,1,1
ميز,ميز,24-م.xlsx,1,1,1,1
ميس,ميس,24-م.xlsx,1,1,1,
ميش,ميش,24-م.xlsx,1,1,1,
ميط,ميط,24-م.xlsx,1,,1,
ميع,ميع,24-م.xlsx,1,,1,1
ميل,ميل,24-م.xlsx,1,,1,1
ميم,ميم,24-م.xlsx,,,,
مين,مين,24-م.xlsx,1,,1,
ميه,ميه,24-م.xlsx,1,,,
نءت,نءت,25-ن.xlsx,1,1,1,
نءث,نءث,25-ن.xlsx,1,,,
نءج,نءج,25-ن.xlsx,1,1,1,1
نءد,نءد,25-ن.xlsx,1,,1,
نءر,نءر,25-ن.xlsx,1,,,
نءش,نءش,25-ن.xlsx,1,1,1,
نأطل,نءطل,25-ن.xlsx,1,,,
نءف,نءف,25-ن.xlsx,1,,1,
نءل,نءل,25-ن.xlsx,1,,1,
نءم,نءم,25-ن.xlsx,,1,1,
نأمل,نءمل,25-ن.xlsx,1,,,
نأنأ,نءنء,25-ن.xlsx,1,,,
نءي,نءي,25-ن.xlsx,1,1,1,
نبء,نبء,25-ن.xlsx,1,,1,1
نبب,نبب,25-ن.xlsx,1,,1,
نبت,نبت,25-ن.xlsx,1,1,1,1
نبث,نبث,25-ن.xlsx,1,1,1,1
نبج,نبج,25-ن.xlsx,1,,1,
نبح,نبح,25-ن.xlsx,1,,1,1
نبخ,نبخ,25-ن.xlsx,1,1,1,
نبد,نبد,25-ن.xlsx,,,,1
نبذ,نبذ,25-ن.xlsx,1,1,1,
نبر,نبر,25-ن.xlsx,1,1,1,
نبز,نبز,25-ن.xlsx,1,,,
نبس,نبس,25-ن.xlsx,1,,1,
نبش,نبش,25-ن.xlsx,1,,1,1
نبص,نبص,25-ن.xlsx,1,,1,1
نبض,نبض,25-ن.xlsx,1,1,1,1
نبط,نبط,25-ن.xlsx,1,1,1,1
نبع,نبع,25-ن.xlsx,1,1,1,1
نبغ,نبغ,25-ن.xlsx,1,1,1,1
نبق,نبق,25-ن.xlsx,1,1,1,
نبك,نبك,25-ن.xlsx,1,1,1,
نبل,نبل,25-ن.xlsx,1,1,1,1
نبه,نبه,25-ن.xlsx,1,1,1,1
نبو,نبو,25-ن.xlsx,,1,1,1
نتء,نتء,25-ن.xlsx,1,1,1,
نتت,نتت,25-ن.xlsx,1,,,
نتج,نتج,25-ن.xlsx,1,,1,1
نتح,نتح,25-ن.xlsx,1,,1,1
نتخ,نتخ,25-ن.xlsx,1,1,1,1
نتر,نتر,25-ن.xlsx,1,1,1,
نتس,نتس,25-ن.xlsx,1,,,
نتش,نتش,25-ن.xlsx,1,,,
نتض,نتض,25-ن.xlsx,1,,,
نتع,نتع,25-ن.xlsx,1,,,
نتغ,نتغ,25-ن.xlsx,1,,1,
نتف,نتف,25-ن.xlsx,1,1,1,1
نتق,نتق,25-ن.xlsx,1,1,1,1
نتك,نتك,25-ن.xlsx,1,,,
نتل,نتل,25-ن.xlsx,1,1,1,
نتن,نتن,25-ن.xlsx,1,,,
نتو,نتو,25-ن.xlsx,1,,,
نثث,نثث,25-ن.xlsx,1,1,1,
نثر,نثر,25-ن.xlsx,1,1,1,1
نثط,نثط,25-ن.xlsx,1,,,
نثل,نثل,25-ن.xlsx,1,1,1,1
نثم,نثم,25-ن.xlsx,1,,,
نثو,نثو,25-ن.xlsx,1,,,
نثي,نثي,25-ن.xlsx,1,,,
نجء,نجء,25-ن.xlsx,1,,,
نجب,نجب,25-ن.xlsx,1,1,1,
نجث,نجث,25-ن.xlsx,1,1,1,
نجج,نجج,25-ن.xlsx,1,1,1,
نجح,نجح,25-ن.xlsx,1,1,1,1
نجخ,نجخ,25-ن.xlsx,1,1,1,
نجد,نجد,25-ن.xlsx,1,1,1,1
نجذ,نجذ,25-ن.xlsx,1,,1,1
نجر,نجر,25-ن.xlsx,1,1,1,
نجز,نجز,25-ن.xlsx,1,1,1,
نجس,نجس,25-ن.xlsx,1,1,1,1
نجش,نجش,25-ن.xlsx,1,1,1,
نجع,نجع,25-ن.xlsx,1,1,1,1
نجف,نجف,25-ن.xlsx,1,1,1,
نجل,نجل,25-ن.xlsx,1,1,1,1
نجم,نجم,25-ن.xlsx,1,1,1,1
نجه,نجه,25-ن.xlsx,1,1,1,
نجو,نجو,25-ن.xlsx,1,,1,1
نحب,نحب,25-ن.xlsx,1,1,1,1
نحت,نحت,25-ن.xlsx,1,1,1,1
نحج,نحج,25-ن.xlsx,1,,,
نحح,نحح,25-ن.xlsx,1,,1,
نحر,نحر,25-ن.xlsx,1,,,1
نحز,نحز,25-ن.xlsx,1,1,1,
نحس,نحس,25-ن.xlsx,1,1,1,
نحص,نحص,25-ن.xlsx,1,,1,
نحض,نحض,25-ن.xlsx,1,,1,1
نحط,نحط,25-ن.xlsx,1,1,1,
نحف,نحف,25-ن.xlsx,1,1,1,1
نحل,نحل,25-ن.xlsx,1,1,1,
نحم,نحم,25-ن.xlsx,1,,,
نحو,نحو,25-ن.xlsx,1,1,1,1
نحي,نحي,25-ن.xlsx,1,,1,
نخب,نخب,25-ن.xlsx,1,1,1,
نخج,نخج,25-ن.xlsx,1,,1,
نخخ,نخخ,25-ن.xlsx,1,,1,
نخذ,نخذ,25-ن.xlsx,,,,
نخر,نخر,25-ن.xlsx,1,1,1,1
نخرب,نخرب,25-ن.xlsx,,,,
نخز,نخز,25-ن.xlsx,1,,,
نخس,نخس,25-ن.xlsx,1,1,1,1
نخش,نخش,25-ن.xlsx,1,,1,
نخط,نخط,25-ن.xlsx,1,,1,
نخع,نخع,25-ن.xlsx,1,1,1,1
نخف,نخف,25-ن.xlsx,1,,1,
نخل,نخل,25-ن.xlsx,1,1,1,1
نخم,نخم,25-ن.xlsx,1,,1,
نخو,نخو,25-ن.xlsx,1,,,1
ندء,ندء,25-ن.xlsx,1,,,
ندب,ندب,25-ن.xlsx,1,,1,
ندح,ندح,25-ن.xlsx,1,1,1,
ندخ,ندخ,25-ن.xlsx,1,,,
ندد,ندد,25-ن.xlsx,1,1,1,
ندر,ندر,25-ن.xlsx,1,1,1,1
ندس,ندس,25-ن.xlsx,1,1,1,
ندش,ندش,25-ن.xlsx,1,,,
ندص,ندص,25-ن.xlsx,1,,1,
ندغ,ندغ,25-ن.xlsx,1,,1,
ندف,ندف,25-ن.xlsx,1,,1,1
ندق,ندق,25-ن.xlsx,1,,,
ندل,ندل,25-ن.xlsx,1,1,1,
ندم,ندم,25-ن.xlsx,1,1,1,
نده,نده,25-ن.xlsx,1,1,1,1
ندو,ندو,25-ن.xlsx,1,,,
ندي,ندي,25-ن.xlsx,1,1,1,
نذر,نذر,25-ن.xlsx,1,1,1,
نذل,نذل,25-ن.xlsx,1,1,1,
نرب,نرب,25-ن.xlsx,1,,1,
نرج,نرج,25-ن.xlsx,1,,,
نرجس,نرجس,25-ن.xlsx,1,,,
نرجل,نرجل,25-ن.xlsx,1,,,
نرد,نرد,25-ن.xlsx,1,,,
نرز,نرز,25-ن.xlsx,1,,,
نرس,نرس,25-ن.xlsx,1,,,
نرش,نرش,25-ن.xlsx,1,,,
نزء,نزء,25-ن.xlsx,1,,,
نزب,نزب,25-ن.xlsx,1,,1,
نزح,نزح,25-ن.xlsx,1,1,1,1
نزر,نزر,25-ن.xlsx,1,1,1,
نزز,نزز,25-ن.xlsx,1,1,1,
نزع,نزع,25-ن.xlsx,1,1,1,1
نزغ,نزغ,25-ن.xlsx,1,1,1,1
نزف,نزف,25-ن.xlsx,1,1,1,
نزق,نزق,25-ن.xlsx,1,1,1,1
نزك,نزك,25-ن.xlsx,1,1,1,1
نزل,نزل,25-ن.xlsx,1,,1,1
نزه,نزه,25-ن.xlsx,1,1,1,1
نزو,نزو,25-ن.xlsx,1,,1,1
نسء,نسء,25-ن.xlsx,1,,,
نسب,نسب,25-ن.xlsx,1,,1,1
نسج,نسج,25-ن.xlsx,1,1,1,1
نسح,نسح,25-ن.xlsx,1,,,
نسخ,نسخ,25-ن.xlsx,1,,1,1
نسر,نسر,25-ن.xlsx,1,1,1,1
نسس,نسس,25-ن.xlsx,1,,1,1
نسط,نسط,25-ن.xlsx,1,,,
نسطر,نسطر,25-ن.xlsx,1,,,
نسطس,نسطس,25-ن.xlsx,,,,
نسع,نسع,25-ن.xlsx,1,,,1
نسغ,نسغ,25-ن.xlsx,1,1,1,
نسف,نسف,25-ن.xlsx,1,1,1,1
نسق,نسق,25-ن.xlsx,1,1,1,1
نسك,نسك,25-ن.xlsx,1,1,1,1
نسل,نسل,25-ن.xlsx,1,1,1,1
نسم,نسم,25-ن.xlsx,1,1,1,1
نسو,نسو,25-ن.xlsx,1,,,
نسي,نسي,25-ن.xlsx,1,1,1,
نشء,نشء,25-ن.xlsx,1,1,1,
نشب,نشب,25-ن.xlsx,1,,,1
نشج,نشج,25-ن.xlsx,1,1,1,1
نشح,نشح,25-ن.xlsx,1,,1,
نشد,نشد,25-ن.xlsx,1,1,1,1
نشر,نشر,25-ن.xlsx,1,1,1,1
نشز,نشز,25-ن.xlsx,1,1,1,1
نشس,نشس,25-ن.xlsx,1,,1,
نشش,نشش,25-ن.xlsx,1,,1,
نشص,نشص,25-ن.xlsx,1,1,1,
نشط,نشط,25-ن.xlsx,1,1,1,1
نشع,نشع,25-ن.xlsx,1,,1,1
نشغ,نشغ,25-ن.xlsx,1,,1,
نشف,نشف,25-ن.xlsx,1,1,1,1
نشق,نشق,25-ن.xlsx,1,1,1,1
نشل,نشل,25-ن.xlsx,1,1,1,
نشم,نشم,25-ن.xlsx,1,1,1,1
نشو,نشو,25-ن.xlsx,1,,,1
نصأ,نصء,25-ن.xlsx,1,,,
نصب,نصب,25-ن.xlsx,1,1,1,
نصت,نصت,25-ن.xlsx,1,1,1,
نصح,نصح,25-ن.xlsx,1,1,1,1
نصر,نصر,25-ن.xlsx,1,1,1,
نصص,نصص,25-ن.xlsx,1,1,1,1
نصع,نصع,25-ن.xlsx,1,1,1,1
نصف,نصف,25-ن.xlsx,1,1,1,
نصل,نصل,25-ن.xlsx,1,1,1,1
نصو,نصو,25-ن.xlsx,1,,,1
نصي,نصي,25-ن.xlsx,1,,,
نضب,نضب,25-ن.xlsx,1,1,1,1
نضج,نضج,25-ن.xlsx,1,1,1,1
نضح,نضح,25-ن.xlsx,1,1,1,1
نضخ,نضخ,25-ن.xlsx,1,1,1,
نضد,نضد,25-ن.xlsx,1,,,1
نضر,نضر,25-ن.xlsx,1,1,1,1
نضض,نضض,25-ن.xlsx,1,1,1,1
نضع,نضع,25-ن.xlsx,,,,
نضف,نضف,25-ن.xlsx,1,,,
نضل,نضل,25-ن.xlsx,1,1,1,1
نضو,نضو,25-ن.xlsx,1,,,1
نطب,نطب,25-ن.xlsx,1,,,
نطح,نطح,25-ن.xlsx,1,1,1,1
نطر,نطر,25-ن.xlsx,1,,,
نطس,نطس,25-ن.xlsx,1,1,1,
نطش,نطش,25-ن.xlsx,1,1,1,
نطط,نطط,25-ن.xlsx,1,,1,
نطع,نطع,25-ن.xlsx,1,1,1,1
نطف,نطف,25-ن.xlsx,1,1,1,1
نطق,نطق,25-ن.xlsx,1,1,1,1
نطل,نطل,25-ن.xlsx,1,,1,
نطو,نطو,25-ن.xlsx,1,,,
نطي,نطي,25-ن.xlsx,,,1,
نظح,نظح,25-ن.xlsx,,,,
نظر,نظر,25-ن.xlsx,1,,1,1
نظف,نظف,25-ن.xlsx,1,,1,
نظم,نظم,25-ن.xlsx,1,1,1,1
نعب,نعب,25-ن.xlsx,1,1,1,1
نعت,نعت,25-ن.xlsx,1,,1,
نعث,نعث,25-ن.xlsx,1,,,
نعثل,نعثل,25-ن.xlsx,,,,
نعج,نعج,25-ن.xlsx,1,1,1,
نعر,نعر,25-ن.xlsx,1,1,1,1
نعس,نعس,25-ن.xlsx,1,1,1,1
نعش,نعش,25-ن.xlsx,1,1,1,
نعص,نعص,25-ن.xlsx,1,,,
نعظ,نعظ,25-ن.xlsx,1,,1,
نعع,نعع,25-ن.xlsx,1,1,1,
نعف,نعف,25-ن.xlsx,1,1,1,
نعق,نعق,25-ن.xlsx,1,1,1,
نعل,نعل,25-ن.xlsx,1,1,1,1
نعم,نعم,25-ن.xlsx,1,1,1,1
نعو,نعو,25-ن.xlsx,1,,,
نعي,نعي,25-ن.xlsx,1,1,1,1
نغب,نغب,25-ن.xlsx,1,,1,
نغر,نغر,25-ن.xlsx,1,1,1,1
نغش,نغش,25-ن.xlsx,1,1,1,
نغص,نغص,25-ن.xlsx,1,1,1,
نغض,نغض,25-ن.xlsx,1,1,1,
نغف,نغف,25-ن.xlsx,1,,,1
نغق,نغق,25-ن.xlsx,1,,1,
نغل,نغل,25-ن.xlsx,1,1,1,1
نغم,نغم,25-ن.xlsx,1,,1,
نغنغ,نغنغ,25-ن.xlsx,1,,,
نغي,نغي,25-ن.xlsx,1,,1,1
نفأ,نفء,25-ن.xlsx,1,,,
نفت,نفت,25-ن.xlsx,1,,1,1
نفث,نفث,25-ن.xlsx,1,1,1,
نفج,نفج,25-ن.xlsx,1,1,1,
نفح,نفح,25-ن.xlsx,1,1,1,
نفخ,نفخ,25-ن.xlsx,1,1,1,1
نفد,نفد,25-ن.xlsx,1,1,1,
نفذ,نفذ,25-ن.xlsx,1,1,1,1
نفر,نفر,25-ن.xlsx,1,1,1,1
نفز,نفز,25-ن.xlsx,1,1,1,
نفس,نفس,25-ن.xlsx,1,1,1,1
نفش,نفش,25-ن.xlsx,1,1,1,1
نفص,نفص,25-ن.xlsx,1,,1,
نفض,نفض,25-ن.xlsx,1,1,1,1
نفط,نفط,25-ن.xlsx,1,,1,
نفع,نفع,25-ن.xlsx,1,1,1,
نفغ,نفغ,25-ن.xlsx,1,,,
نفف,نفف,25-ن.xlsx,1,,1,
نفق,نفق,25-ن.xlsx,1,1,1,1
نفك,نفك,25-ن.xlsx,,,,
نفل,نفل,25-ن.xlsx,1,1,1,
نفه,نفه,25-ن.xlsx,1,1,1,
نفو,نفو,25-ن.xlsx,1,,,
نفي,نفي,25-ن.xlsx,1,1,1,
نقب,نقب,25-ن.xlsx,1,1,1,
نقت,نقت,25-ن.xlsx,,,,
نقث,نقث,25-ن.xlsx,1,,1,
نقح,نقح,25-ن.xlsx,1,1,1,1
نقخ,نقخ,25-ن.xlsx,1,1,1,1
نقد,نقد,25-ن.xlsx,1,1,1,
نقذ,نقذ,25-ن.xlsx,1,1,1,1
نقر,نقر,25-ن.xlsx,1,1,1,1
نقرد,نقرد,25-ن.xlsx,,,,
نقرس,نقرس,25-ن.xlsx,,,,
نقز,نقز,25-ن.xlsx,1,1,1,
نقس,نقس,25-ن.xlsx,1,1,1,
نقش,نقش,25-ن.xlsx,1,1,1,1
نقص,نقص,25-ن.xlsx,1,,1,
نقض,نقض,25-ن.xlsx,1,1,1,1
نقط,نقط,25-ن.xlsx,1,1,1,1
نقع,نقع,25-ن.xlsx,1,1,1,1
نقف,نقف,25-ن.xlsx,1,,,1
نقق,نقق,25-ن.xlsx,1,1,1,
نقل,نقل,25-ن.xlsx,1,1,1,1
نقم,نقم,25-ن.xlsx,1,1,1,
نقه,نقه,25-ن.xlsx,1,1,1,1
نقو,نقو,25-ن.xlsx,1,,,
نقي,نقي,25-ن.xlsx,1,1,1,1
نكء,نكء,25-ن.xlsx,1,,,
نكب,نكب,25-ن.xlsx,1,1,1,1
نكت,نكت,25-ن.xlsx,1,1,1,1
نكث,نكث,25-ن.xlsx,1,1,1,
نكح,نكح,25-ن.xlsx,1,1,1,1
نكخ,نكخ,25-ن.xlsx,1,,,
نكد,نكد,25-ن.xlsx,1,1,1,
نكر,نكر,25-ن.xlsx,1,1,1,
نكز,نكز,25-ن.xlsx,1,1,1,
نكس,نكس,25-ن.xlsx,1,1,1,1
نكش,نكش,25-ن.xlsx,1,1,1,1
نكص,نكص,25-ن.xlsx,1,,1,
نكظ,نكظ,25-ن.xlsx,1,,1,
نكع,نكع,25-ن.xlsx,1,1,1,
نكف,نكف,25-ن.xlsx,1,1,1,
نكل,نكل,25-ن.xlsx,1,,1,
نكم,نكم,25-ن.xlsx,,,,
نكه,نكه,25-ن.xlsx,1,,1,1
نكي,نكي,25-ن.xlsx,1,,,
نلك,نلك,25-ن.xlsx,1,,,
نمأ,نمء,25-ن.xlsx,1,,,
نمت,نمت,25-ن.xlsx,1,,,
نمر,نمر,25-ن.xlsx,1,1,1,
نمرد,نمرد,25-ن.xlsx,1,,,
نمرق,نمرق,25-ن.xlsx,,,,
نمس,نمس,25-ن.xlsx,1,,1,
نمش,نمش,25-ن.xlsx,1,1,1,1
نمص,نمص,25-ن.xlsx,1,1,1,1
نمط,نمط,25-ن.xlsx,1,1,1,
نمغ,نمغ,25-ن.xlsx,1,1,1,
نمق,نمق,25-ن.xlsx,1,1,1,1
نمل,نمل,25-ن.xlsx,1,,1,
نمم,نمم,25-ن.xlsx,1,,1,1
نمه,نمه,25-ن.xlsx,1,,,
نمو,نمو,25-ن.xlsx,1,,,
نمي,نمي,25-ن.xlsx,1,1,1,1
ننن,ننن,25-ن.xlsx,,,,
نهء,نهء,25-ن.xlsx,,,1,
نهب,نهب,25-ن.xlsx,1,1,1,1
نهبل,نهبل,25-ن.xlsx,,,,
نهت,نهت,25-ن.xlsx,1,1,1,
نهتر,نهتر,25-ن.xlsx,,,,
نهج,نهج,25-ن.xlsx,1,1,1,
نهد,نهد,25-ن.xlsx,1,1,1,
نهر,نهر,25-ن.xlsx,1,1,1,
نهز,نهز,25-ن.xlsx,1,1,1,
نهس,نهس,25-ن.xlsx,,1,1,
نهسر,نهسر,25-ن.xlsx,,,,
نهش,نهش,25-ن.xlsx,,,1,
نهشل,نهشل,25-ن.xlsx,,,,
نهض,نهض,25-ن.xlsx,1,1,1,1
نهط,نهط,25-ن.xlsx,1,,1,
نهع,نهع,25-ن.xlsx,1,,1,
نهق,نهق,25-ن.xlsx,1,1,1,
نهك,نهك,25-ن.xlsx,1,1,1,
نهل,نهل,25-ن.xlsx,1,1,1,
نهم,نهم,25-ن.xlsx,1,1,1,1
نهنه,نهنه,25-ن.xlsx,1,,,
نهو,نهو,25-ن.xlsx,1,,,
نهي,نهي,25-ن.xlsx,1,1,1,1
نوء,نوء,25-ن.xlsx,1,,,
نوب,نوب,25-ن.xlsx,1,1,1,
نوت,نوت,25-ن.xlsx,1,,1,
نوح,نوح,25-ن.xlsx,1,1,1,1
نوخ,نوخ,25-ن.xlsx,1,,1,1
نود,نود,25-ن.xlsx,1,,,
نور,نور,25-ن.xlsx,1,1,1,
نوس,نوس,25-ن.xlsx,1,1,1,
نوش,نوش,25-ن.xlsx,1,1,1,
نوص,نوص,25-ن.xlsx,1,1,1,
نوض,نوض,25-ن.xlsx,1,,1,
نوط,نوط,25-ن.xlsx,1,1,1,1
نوع,نوع,25-ن.xlsx,1,1,1,
نوف,نوف,25-ن.xlsx,1,1,1,1
نوق,نوق,25-ن.xlsx,1,1,1,1
نوك,نوك,25-ن.xlsx,1,,1,
نول,نول,25-ن.xlsx,1,1,1,
نوم,نوم,25-ن.xlsx,1,1,1,1
نون,نون,25-ن.xlsx,,,1,
نوه,نوه,25-ن.xlsx,1,1,1,
نوي,نوي,25-ن.xlsx,,1,1,1
نيء,نيء,25-ن.xlsx,1,,1,
نيب,نيب,25-ن.xlsx,1,,,
نيت,نيت,25-ن.xlsx,1,,,
نيح,نيح,25-ن.xlsx,1,,1,
نير,نير,25-ن.xlsx,1,1,1,1
نيص,نيص,25-ن.xlsx,1,,,
نيط,نيط,25-ن.xlsx,1,,1,
نيع,نيع,25-ن.xlsx,1,,,
نيف,نيف,25-ن.xlsx,,1,1,
نيك,نيك,25-ن.xlsx,1,,,
نيل,نيل,25-ن.xlsx,1,,,
نيم,نيم,25-ن.xlsx,,,1,
نيه,نيه,25-ن.xlsx,1,,,
هبء,هبء,26-ه.xlsx,1,,,
هبب,هبب,26-ه.xlsx,1,1,1,1
هبت,هبت,26-ه.xlsx,1,1,1,
هبث,هبث,26-ه.xlsx,1,,1,
هبج,هبج,26-ه.xlsx,1,1,1,
هبخ,هبخ,26-ه.xlsx,1,,1,
هبد,هبد,26-ه.xlsx,1,,1,
هبذ,هبذ,26-ه.xlsx,1,,1,
هبر,هبر,26-ه.xlsx,1,1,1,1
هبرج,هبرج,26-ه.xlsx,,,,
هبرد,هبرد,26-ه.xlsx,,,,
هبرز,هبرز,26-ه.xlsx,,,,
هبرق,هبرق,26-ه.xlsx,,,,
هبرك,هبرك,26-ه.xlsx,,,,
هبز,هبز,26-ه.xlsx,1,,1,
هبش,هبش,26-ه.xlsx,1,,1,
هبص,هبص,26-ه.xlsx,1,,1,
هبط,هبط,26-ه.xlsx,1,1,1,
هبع,هبع,26-ه.xlsx,1,1,1,
هبغ,هبغ,26-ه.xlsx,1,,1,
هبقع,هبقع,26-ه.xlsx,,,,
هبل,هبل,26-ه.xlsx,1,,1,
هبن,هبن,26-ه.xlsx,,,,
هبنك,هبنك,26-ه.xlsx,,,,
هبو,هبو,26-ه.xlsx,1,,1,
هتء,هتء,26-ه.xlsx,1,,,
هتت,هتت,26-ه.xlsx,1,1,1,
هتر,هتر,26-ه.xlsx,1,1,1,1
هتع,هتع,26-ه.xlsx,1,,1,
هتف,هتف,26-ه.xlsx,1,,1,
هتك,هتك,26-ه.xlsx,1,1,1,1
هتل,هتل,26-ه.xlsx,1,,1,
هتم,هتم,26-ه.xlsx,1,1,1,
هتمر,هتمر,26-ه.xlsx,,,,
هتمل,هتمل,26-ه.xlsx,,,,
هتن,هتن,26-ه.xlsx,1,,1,
هتو,هتو,26-ه.xlsx,1,,,
هتي,هتي,26-ه.xlsx,1,,1,
هثث,هثث,26-ه.xlsx,1,,1,
هثم,هثم,26-ه.xlsx,1,,1,
هجء,هجء,26-ه.xlsx,1,,,
هجج,هجج,26-ه.xlsx,1,1,1,
هجد,هجد,26-ه.xlsx,1,1,1,
هجر,هجر,26-ه.xlsx,1,1,1,1
هجرس,هجرس,26-ه.xlsx,,,,
هجز,هجز,26-ه.xlsx,1,,,
هجس,هجس,26-ه.xlsx,1,,1,
هجع,هجع,26-ه.xlsx,1,1,1,1
هجف,هجف,26-ه.xlsx,1,,1,
هجل,هجل,26-ه.xlsx,1,1,1,1
هجم,هجم,26-ه.xlsx,1,1,1,1
هجن,هجن,26-ه.xlsx,1,,,
هجو,هجو,26-ه.xlsx,1,,,1
هجي,هجي,26-ه.xlsx,1,,,
هدء,هدء,26-ه.xlsx,1,,,1
هدب,هدب,26-ه.xlsx,1,1,1,1
هدبد,هدبد,26-ه.xlsx,,,,
هدبس,هدبس,26-ه.xlsx,,,,
هدج,هدج,26-ه.xlsx,1,1,1,1
هدد,هدد,26-ه.xlsx,1,1,1,1
هدر,هدر,26-ه.xlsx,1,,1,1
هدع,هدع,26-ه.xlsx,1,,1,
هدف,هدف,26-ه.xlsx,1,1,1,1
هدق,هدق,26-ه.xlsx,1,,1,
هدل,هدل,26-ه.xlsx,1,1,1,
هدم,هدم,26-ه.xlsx,1,1,1,1
هدمل,هدمل,26-ه.xlsx,,,,
هدن,هدن,26-ه.xlsx,1,1,1,1
هدهد,هدهد,26-ه.xlsx,,,,
هدي,هدي,26-ه.xlsx,1,,1,1
هذء,هذء,26-ه.xlsx,1,,,
هذب,هذب,26-ه.xlsx,1,1,1,
هذذ,هذذ,26-ه.xlsx,1,1,1,1
هذر,هذر,26-ه.xlsx,1,,1,
هذف,هذف,26-ه.xlsx,1,,1,
هذل,هذل,26-ه.xlsx,1,1,1,
هذم,هذم,26-ه.xlsx,,,1,
هذو,هذو,26-ه.xlsx,1,,,
هذي,هذي,26-ه.xlsx,,,1,1
هرء,هرء,26-ه.xlsx,1,,,
هرب,هرب,26-ه.xlsx,1,,1,
هرت,هرت,26-ه.xlsx,1,1,1,
هرج,هرج,26-ه.xlsx,1,,,
هرجس,هرجس,26-ه.xlsx,,,,
هرجل,هرجل,26-ه.xlsx,,,,
هرد,هرد,26-ه.xlsx,1,,1,
هردب,هردب,26-ه.xlsx,,,,
هردج,هردج,26-ه.xlsx,,,,
هرر,هرر,26-ه.xlsx,1,1,1,
هرز,هرز,26-ه.xlsx,1,,,
هرس,هرس,26-ه.xlsx,1,1,1,1
هرش,هرش,26-ه.xlsx,1,,1,1
هرشب,هرشب,26-ه.xlsx,,,,
هرشف,هرشف,26-ه.xlsx,,,,
هرشم,هرشم,26-ه.xlsx,,,,
هرض,هرض,26-ه.xlsx,1,,1,
هرط,هرط,26-ه.xlsx,1,1,1,
هرع,هرع,26-ه.xlsx,1,1,1,
هرف,هرف,26-ه.xlsx,1,,1,
هرق,هرق,26-ه.xlsx,1,,,
هرقل,هرقل,26-ه.xlsx,,,,
هركل,هركل,26-ه.xlsx,,,,
هرم,هرم,26-ه.xlsx,1,1,1,1
هرمت,هرمت,26-ه.xlsx,,,,
هرمز,هرمز,26-ه.xlsx,,,,
هرمس,هرمس,26-ه.xlsx,,,,
هرمط,هرمط,26-ه.xlsx,,,,
هرمع,هرمع,26-ه.xlsx,,,,
هرمل,هرمل,26-ه.xlsx,,,,
هرن,هرن,26-ه.xlsx,1,,,
هرو,هرو,26-ه.xlsx,1,,1,
هرول,هرول,26-ه.xlsx,1,,,1
هري,هري,26-ه.xlsx,1,,,
هزء,هزء,26-ه.xlsx,1,,1,1
هزب,هزب,26-ه.xlsx,1,,1,
هزبر,هزبر,26-ه.xlsx,,,,
هزج,هزج,26-ه.xlsx,1,1,1,
هزر,هزر,26-ه.xlsx,1,1,1,
هزرق,هزرق,26-ه.xlsx,,,,
هزز,هزز,26-ه.xlsx,1,1,1,1
هزع,هزع,26-ه.xlsx,1,1,1,
هزف,هزف,26-ه.xlsx,1,,1,
هزق,هزق,26-ه.xlsx,1,,1,
هزل,هزل,26-ه.xlsx,1,1,1,1
هزلج,هزلج,26-ه.xlsx,,,,
هزم,هزم,26-ه.xlsx,1,1,1,1
هزمج,هزمج,26-ه.xlsx,,,,
هزمر,هزمر,26-ه.xlsx,,,,
هزن,هزن,26-ه.xlsx,1,,1,
هسد,هسد,26-ه.xlsx,,,,
هسس,هسس,26-ه.xlsx,1,1,1,
هسع,هسع,26-ه.xlsx,1,,,
هسم,هسم,26-ه.xlsx,1,,1,
هشر,هشر,26-ه.xlsx,1,1,1,
هشش,هشش,26-ه.xlsx,1,1,1,1
هشل,هشل,26-ه.xlsx,1,,1,
هشم,هشم,26-ه.xlsx,1,1,1,1
هصر,هصر,26-ه.xlsx,1,1,1,1
هصص,هصص,26-ه.xlsx,1,1,1,
هصم,هصم,26-ه.xlsx,1,1,1,
هضب,هضب,26-ه.xlsx,1,1,1,1
هضض,هضض,26-ه.xlsx,1,1,1,
هضل,هضل,26-ه.xlsx,1,,1,
هضم,هضم,26-ه.xlsx,1,1,1,1
هطر,هطر,26-ه.xlsx,1,,1,
هطط,هطط,26-ه.xlsx,1,,,
هطع,هطع,26-ه.xlsx,1,1,1,
هطف,هطف,26-ه.xlsx,1,,,
هطل,هطل,26-ه.xlsx,1,1,1,1
هطلس,هطلس,26-ه.xlsx,,,,
هعر,هعر,26-ه.xlsx,1,,1,
هعع,هعع,26-ه.xlsx,1,,,
هفت,هفت,26-ه.xlsx,1,1,1,
هفف,هفف,26-ه.xlsx,1,1,1,1
هفو,هفو,26-ه.xlsx,1,,,1
هقب,هقب,26-ه.xlsx,1,,1,
هقر,هقر,26-ه.xlsx,,,,
هقط,هقط,26-ه.xlsx,1,,,
هقع,هقع,26-ه.xlsx,1,,1,
هقف,هقف,26-ه.xlsx,1,,,
هقق,هقق,26-ه.xlsx,1,,,
هقل,هقل,26-ه.xlsx,1,,1,
هقم,هقم,26-ه.xlsx,1,1,1,
هقي,هقي,26-ه.xlsx,1,,,
هكر,هكر,26-ه.xlsx,1,1,1,
هكع,هكع,26-ه.xlsx,1,1,1,
هكك,هكك,26-ه.xlsx,1,1,1,
هكل,هكل,26-ه.xlsx,1,1,1,
هكم,هكم,26-ه.xlsx,1,1,1,
هكن,هكن,26-ه.xlsx,1,,,
هلب,هلب,26-ه.xlsx,1,1,1,1
هلبث,هلبث,26-ه.xlsx,,,,
هلبج,هلبج,26-ه.xlsx,,,,
هلبس,هلبس,26-ه.xlsx,,,,
هلبع,هلبع,26-ه.xlsx,,,,
هلت,هلت,26-ه.xlsx,1,,1,
هلث,هلث,26-ه.xlsx,1,,,
هلج,هلج,26-ه.xlsx,1,,1,
هلجب,هلجب,26-ه.xlsx,,,,
هلس,هلس,26-ه.xlsx,1,1,1,
هلض,هلض,26-ه.xlsx,1,,,
هلع,هلع,26-ه.xlsx,1,1,1,
هلغ,هلغ,26-ه.xlsx,1,,,
هلف,هلف,26-ه.xlsx,1,,1,
هلق,هلق,26-ه.xlsx,1,,,
هلقس,هلقس,26-ه.xlsx,,,,
هلقم,هلقم,26-ه.xlsx,,,,
هلك,هلك,26-ه.xlsx,1,1,1,1
هلل,هلل,26-ه.xlsx,1,1,1,1
هلم,هلم,26-ه.xlsx,1,,1,
هلي,هلي,26-ه.xlsx,1,,1,
همء,همء,26-ه.xlsx,1,,,
همج,همج,26-ه.xlsx,1,1,1,
همد,همد,26-ه.xlsx,1,1,1,1
همذ,همذ,26-ه.xlsx,1,1,1,
همر,همر,26-ه.xlsx,1,1,1,
همرج,همرج,26-ه.xlsx,,,,
همرجل,همرجل,26-ه.xlsx,,,,
همرش,همرش,26-ه.xlsx,,,,
همز,همز,26-ه.xlsx,1,1,1,1
همس,همس,26-ه.xlsx,1,1,1,
همسع,همسع,26-ه.xlsx,,,,
همش,همش,26-ه.xlsx,1,1,1,
همص,همص,26-ه.xlsx,1,,,
همط,همط,26-ه.xlsx,1,,1,
همع,همع,26-ه.xlsx,1,1,1,
همغ,همغ,26-ه.xlsx,1,,,
همق,همق,26-ه.xlsx,1,,1,
همك,همك,26-ه.xlsx,1,,1,
همل,همل,26-ه.xlsx,1,,1,1
هملج,هملج,26-ه.xlsx,,,,
هملس,هملس,26-ه.xlsx,,,,
همم,همم,26-ه.xlsx,1,,,
همن,همن,26-ه.xlsx,1,,1,
همي,همي,26-ه.xlsx,1,1,1,
هنء,هنء,26-ه.xlsx,,1,1,1
هنب,هنب,26-ه.xlsx,1,,1,
هنبر,هنبر,26-ه.xlsx,,,,
هنبل,هنبل,26-ه.xlsx,,,,
هند,هند,26-ه.xlsx,1,,1,
هندب,هندب,26-ه.xlsx,,,,
هندز,هندز,26-ه.xlsx,,,,
هندس,هندس,26-ه.xlsx,,,,
هنر,هنر,26-ه.xlsx,1,,,
هنز,هنز,26-ه.xlsx,,,,
هنع,هنع,26-ه.xlsx,1,1,1,
هنغ,هنغ,26-ه.xlsx,1,,,
هنف,هنف,26-ه.xlsx,1,,1,
هنق,هنق,26-ه.xlsx,1,,1,
هنقب,هنقب,26-ه.xlsx,,,,
هنن,هنن,26-ه.xlsx,1,1,1,
هنو,هنو,26-ه.xlsx,1,,,
ههه,ههه,26-ه.xlsx,1,,,
هوء,هوء,26-ه.xlsx,1,,,
هوب,هوب,26-ه.xlsx,1,,1,
هوت,هوت,26-ه.xlsx,1,,1,
هوث,هوث,26-ه.xlsx,1,,,
هوج,هوج,26-ه.xlsx,1,1,1,1
هود,هود,26-ه.xlsx,1,1,1,
هوذ,هوذ,26-ه.xlsx,1,,1,
هور,هور,26-ه.xlsx,1,1,1,1
هوز,هوز,26-ه.xlsx,1,,,
هوس,هوس,26-ه.xlsx,1,1,1,
هوش,هوش,26-ه.xlsx,1,1,1,
هوع,هوع,26-ه.xlsx,,1,1,1
هوغ,هوغ,26-ه.xlsx,1,,,
هوف,هوف,26-ه.xlsx,1,1,1,
هوق,هوق,26-ه.xlsx,1,,,
هوك,هوك,26-ه.xlsx,1,1,1,
هول,هول,26-ه.xlsx,1,1,1,1
هوم,هوم,26-ه.xlsx,1,,1,1
هون,هون,26-ه.xlsx,1,1,1,
هوه,هوه,26-ه.xlsx,,,1,
هوو,هوو,26-ه.xlsx,1,,1,
هوي,هوي,26-ه.xlsx,1,1,1,1
هيء,هيء,26-ه.xlsx,1,,1,
هيب,هيب,26-ه.xlsx,1,,1,1
هيت,هيت,26-ه.xlsx,1,1,1,
هيث,هيث,26-ه.xlsx,1,,,
هيج,هيج,26-ه.xlsx,1,1,1,1
هيد,هيد,26-ه.xlsx,1,,1,
هير,هير,26-ه.xlsx,1,,,
هيس,هيس,26-ه.xlsx,1,,1,
هيش,هيش,26-ه.xlsx,1,,1,
هيض,هيض,26-ه.xlsx,1,1,1,1
هيط,هيط,26-ه.xlsx,1,1,1,
هيع,هيع,26-ه.xlsx,1,,1,
هيغ,هيغ,26-ه.xlsx,1,1,1,
هيف,هيف,26-ه.xlsx,1,1,1,
هيق,هيق,26-ه.xlsx,1,,1,
هيل,هيل,26-ه.xlsx,1,1,1,
هيم,هيم,26-ه.xlsx,1,1,1,1
هين,هين,26-ه.xlsx,1,,1,
هيه,هيه,26-ه.xlsx,1,,,
وءب,وءب,27-و.xlsx,1,1,1,
وأج,وءج,27-و.xlsx,,,,
وءد,وءد,27-و.xlsx,1,1,1,
وءر,وءر,27-و.xlsx,1,,1,
وءص,وءص,27-و.xlsx,1,,1,
وأق,وءق,27-و.xlsx,1,,1,
وءل,وءل,27-و.xlsx,1,1,1,
وءم,وءم,27-و.xlsx,1,1,1,
وأن,وءن,27-و.xlsx,1,,,
وأنشد,وءنشد,27-و.xlsx,1,,,
وأوأ,وءوء,27-و.xlsx,,,,
وءي,وءي,27-و.xlsx,1,1,1,
وبء,وبء,27-و.xlsx,1,,1,
وبت,وبت,27-و.xlsx,1,,,
وبخ,وبخ,27-و.xlsx,1,,1,
وبد,وبد,27-و.xlsx,1,1,1,
وبر,وبر,27-و.xlsx,1,,1,1
وبش,وبش,27-و.xlsx,1,1,1,
وبص,وبص,27-و.xlsx,1,1,1,
وبط,وبط,27-و.xlsx,1,1,1,
وبع,وبع,27-و.xlsx,1,,,
وبغ,وبغ,27-و.xlsx,,,,
وبق,وبق,27-و.xlsx,1,,1,
وبل,وبل,27-و.xlsx,1,1,1,1
وبه,وبه,27-و.xlsx,1,,,
وتت,وتت,27-و.xlsx,,,,
وتج,وتج,27-و.xlsx,1,,,
وتح,وتح,27-و.xlsx,1,1,1,
وتخ,وتخ,27-و.xlsx,1,,,
وتد,وتد,27-و.xlsx,1,,1,1
وتر,وتر,27-و.xlsx,1,,1,1
وتش,وتش,27-و.xlsx,1,,1,
وتغ,وتغ,27-و.xlsx,1,1,1,
وتك,وتك,27-و.xlsx,1,,,
وتن,وتن,27-و.xlsx,1,1,1,
وثء,وثء,27-و.xlsx,1,,,1
وثب,وثب,27-و.xlsx,1,,1,1
وثج,وثج,27-و.xlsx,,1,1,1
وثر,وثر,27-و.xlsx,1,1,1,1
وثغ,وثغ,27-و.xlsx,1,,,
وثق,وثق,27-و.xlsx,1,1,1,
وثل,وثل,27-و.xlsx,1,,1,
وثم,وثم,27-و.xlsx,1,1,1,
وثن,وثن,27-و.xlsx,1,,1,1
وجء,وجء,27-و.xlsx,1,,,1
وجب,وجب,27-و.xlsx,1,1,1,1
وجج,وجج,27-و.xlsx,1,,1,
وجح,وجح,27-و.xlsx,1,1,1,
وجد,وجد,27-و.xlsx,1,1,1,1
وجذ,وجذ,27-و.xlsx,1,,1,
وجر,وجر,27-و.xlsx,1,1,1,
وجز,وجز,27-و.xlsx,1,,1,
وجس,وجس,27-و.xlsx,1,1,1,
وجع,وجع,27-و.xlsx,1,,1,
وجف,وجف,27-و.xlsx,1,,,
وجل,وجل,27-و.xlsx,1,,,
وجم,وجم,27-و.xlsx,1,1,1,
وجن,وجن,27-و.xlsx,1,1,1,
وجه,وجه,27-و.xlsx,1,1,1,1
وجي,وجي,27-و.xlsx,1,,1,
وحت,وحت,27-و.xlsx,1,,,
وحح,وحح,27-و.xlsx,,,,
وحد,وحد,27-و.xlsx,1,1,1,
وحر,وحر,27-و.xlsx,1,,1,
وحش,وحش,27-و.xlsx,1,1,1,
وحص,وحص,27-و.xlsx,1,,,
وحف,وحف,27-و.xlsx,1,1,1,
وحل,وحل,27-و.xlsx,1,,1,1
وحم,وحم,27-و.xlsx,1,,1,
وحن,وحن,27-و.xlsx,1,,,
وحي,وحي,27-و.xlsx,1,1,1,
وخد,وخد,27-و.xlsx,1,,1,
وخز,وخز,27-و.xlsx,1,,1,1
وخش,وخش,27-و.xlsx,1,,1,
وخص,وخص,27-و.xlsx,1,,,
وخض,وخض,27-و.xlsx,1,,1,
وخط,وخط,27-و.xlsx,1,1,1,1
وخف,وخف,27-و.xlsx,1,,1,
وخم,وخم,27-و.xlsx,1,,1,
وخي,وخي,27-و.xlsx,1,,1,
ودء,ودء,27-و.xlsx,1,,,
ودب,ودب,27-و.xlsx,1,,,
ودج,ودج,27-و.xlsx,1,,1,1
ودح,ودح,27-و.xlsx,1,,,
ودد,ودد,27-و.xlsx,1,1,1,
ودر,ودر,27-و.xlsx,1,,,
ودس,ودس,27-و.xlsx,1,1,1,
ودص,ودص,27-و.xlsx,1,,1,
ودع,ودع,27-و.xlsx,1,1,1,1
ودف,ودف,27-و.xlsx,1,,1,
ودق,ودق,27-و.xlsx,1,1,1,1
ودك,ودك,27-و.xlsx,1,,1,1
ودل,ودل,27-و.xlsx,1,,,
ودن,ودن,27-و.xlsx,1,,1,
وده,وده,27-و.xlsx,1,,1,
ودي,ودي,27-و.xlsx,1,,1,1
وذء,وذء,27-و.xlsx,1,,,
وذب,وذب,27-و.xlsx,1,,,
وذح,وذح,27-و.xlsx,1,,1,
وذر,وذر,27-و.xlsx,1,1,1,1
وذف,وذف,27-و.xlsx,1,,1,
وذل,وذل,27-و.xlsx,1,1,1,
وذم,وذم,27-و.xlsx,1,1,1,1
وذي,وذي,27-و.xlsx,1,,,
ورء,ورء,27-و.xlsx,1,,,
ورب,ورب,27-و.xlsx,1,1,1,
ورث,ورث,27-و.xlsx,1,,1,1
ورخ,ورخ,27-و.xlsx,1,,1,
ورد,ورد,27-و.xlsx,1,1,1,1
ورذ,ورذ,27-و.xlsx,1,,,
ورر,ورر,27-و.xlsx,1,,,
ورس,ورس,27-و.xlsx,1,,1,
ورش,ورش,27-و.xlsx,1,1,1,
ورض,ورض,27-و.xlsx,1,,,
ورط,ورط,27-و.xlsx,1,1,1,
ورع,ورع,27-و.xlsx,1,1,1,
ورف,ورف,27-و.xlsx,1,1,1,
ورق,ورق,27-و.xlsx,1,1,1,1
ورك,ورك,27-و.xlsx,1,,1,1
ورل,ورل,27-و.xlsx,1,,1,
ورم,ورم,27-و.xlsx,1,,1,
وره,وره,27-و.xlsx,1,1,1,
وري,وري,27-و.xlsx,1,,1,
وزء,وزء,27-و.xlsx,1,,,
وزب,وزب,27-و.xlsx,,,,
وزر,وزر,27-و.xlsx,1,1,1,1
وزز,وزز,27-و.xlsx,1,,1,
وزع,وزع,27-و.xlsx,1,,1,1
وزغ,وزغ,27-و.xlsx,1,,1,1
وزف,وزف,27-و.xlsx,1,,1,
وزك,وزك,27-و.xlsx,1,,,
وزم,وزم,27-و.xlsx,1,,1,
وزن,وزن,27-و.xlsx,1,1,1,1
وزي,وزي,27-و.xlsx,1,,,
وسب,وسب,27-و.xlsx,1,,1,
وسج,وسج,27-و.xlsx,1,,1,
وسخ,وسخ,27-و.xlsx,1,,1,1
وسد,وسد,27-و.xlsx,1,,1,1
وسس,وسس,27-و.xlsx,,1,1,
وسط,وسط,27-و.xlsx,1,1,1,1
وسع,وسع,27-و.xlsx,1,1,1,1
وسف,وسف,27-و.xlsx,1,,1,
وسق,وسق,27-و.xlsx,1,1,1,1
وسل,وسل,27-و.xlsx,1,1,1,
وسم,وسم,27-و.xlsx,1,1,1,1
وسن,وسن,27-و.xlsx,1,1,1,1
وسوس,وسوس,27-و.xlsx,1,,,1
وسي,وسي,27-و.xlsx,1,,,
وشب,وشب,27-و.xlsx,1,,1,
وشج,وشج,27-و.xlsx,1,1,1,1
وشح,وشح,27-و.xlsx,1,,1,1
وشخ,وشخ,27-و.xlsx,1,,,
وشر,وشر,27-و.xlsx,1,,1,
وشز,وشز,27-و.xlsx,1,,1,
وشظ,وشظ,27-و.xlsx,1,,,1
وشع,وشع,27-و.xlsx,1,1,1,
وشغ,وشغ,27-و.xlsx,1,,,
وشق,وشق,27-و.xlsx,1,,1,
وشك,وشك,27-و.xlsx,1,,1,
وشل,وشل,27-و.xlsx,1,1,1,1
وشم,وشم,27-و.xlsx,1,1,1,1
وشوش,وشوش,27-و.xlsx,1,,,
وشي,وشي,27-و.xlsx,1,1,1,
وصء,وصء,27-و.xlsx,1,,,
وصب,وصب,27-و.xlsx,1,1,1,
وصخ,وصخ,27-و.xlsx,1,,,
وصد,وصد,27-و.xlsx,1,1,1,1
وصر,وصر,27-و.xlsx,1,,1,
وصع,وصع,27-و.xlsx,1,,1,
وصف,وصف,27-و.xlsx,1,1,1,1
وصل,وصل,27-و.xlsx,1,1,1,
وصم,وصم,27-و.xlsx,1,1,1,1
وصي,وصي,27-و.xlsx,1,1,1,
وضء,وضء,27-و.xlsx,1,1,1,
وضح,وضح,27-و.xlsx,1,1,1,1
وضخ,وضخ,27-و.xlsx,1,,1,
وضر,وضر,27-و.xlsx,1,,,1
وضع,وضع,27-و.xlsx,1,1,1,1
وضغ,وضغ,27-و.xlsx,,,,
وضم,وضم,27-و.xlsx,1,,1,
وضن,وضن,27-و.xlsx,1,,,
وطء,وطء,27-و.xlsx,1,1,1,
وطب,وطب,27-و.xlsx,1,,1,
وطث,وطث,27-و.xlsx,1,,,
وطح,وطح,27-و.xlsx,1,1,1,
وطد,وطد,27-و.xlsx,1,1,1,1
وطر,وطر,27-و.xlsx,1,,1,
وطس,وطس,27-و.xlsx,1,1,1,1
وطش,وطش,27-و.xlsx,1,,,
وطط,وطط,27-و.xlsx,1,,1,
وطف,وطف,27-و.xlsx,1,1,1,1
وطم,وطم,27-و.xlsx,1,,,
وطن,وطن,27-و.xlsx,1,,1,1
وظب,وظب,27-و.xlsx,1,1,1,
وظف,وظف,27-و.xlsx,1,1,1,1
وعب,وعب,27-و.xlsx,1,,,1
وعث,وعث,27-و.xlsx,1,1,1,1
وعد,وعد,27-و.xlsx,1,,1,1
وعر,وعر,27-و.xlsx,1,1,1,1
وعز,وعز,27-و.xlsx,1,,1,
وعس,وعس,27-و.xlsx,1,1,1,
وعظ,وعظ,27-و.xlsx,1,,1,
وعف,وعف,27-و.xlsx,1,,,
وعق,وعق,27-و.xlsx,1,,,
وعك,وعك,27-و.xlsx,1,1,1,1
وعل,وعل,27-و.xlsx,1,1,1,
وعم,وعم,27-و.xlsx,1,,,
وعن,وعن,27-و.xlsx,1,,1,
وعي,وعي,27-و.xlsx,1,1,1,
وغب,وغب,27-و.xlsx,1,1,1,
وغد,وغد,27-و.xlsx,1,1,1,
وغر,وغر,27-و.xlsx,1,1,1,
وغف,وغف,27-و.xlsx,1,,1,
وغق,وغق,27-و.xlsx,1,,1,
وغل,وغل,27-و.xlsx,1,1,1,
وغم,وغم,27-و.xlsx,1,,1,
وغي,وغي,27-و.xlsx,1,,1,
وفد,وفد,27-و.xlsx,1,1,1,1
وفر,وفر,27-و.xlsx,1,1,1,1
وفز,وفز,27-و.xlsx,1,1,1,
وفض,وفض,27-و.xlsx,1,,1,
وفط,وفط,27-و.xlsx,1,,,
وفع,وفع,27-و.xlsx,1,,1,
وفق,وفق,27-و.xlsx,1,1,1,
وفل,وفل,27-و.xlsx,1,1,1,
وفن,وفن,27-و.xlsx,1,,,
وفه,وفه,27-و.xlsx,1,,,
وفي,وفي,27-و.xlsx,1,,1,1
وقب,وقب,27-و.xlsx,1,1,1,
وقت,وقت,27-و.xlsx,1,1,1,
وقح,وقح,27-و.xlsx,1,1,1,1
وقد,وقد,27-و.xlsx,1,1,1,1
وقذ,وقذ,27-و.xlsx,1,1,1,1
وقر,وقر,27-و.xlsx,,,,1
وقز,وقز,27-و.xlsx,,,,
وقس,وقس,27-و.xlsx,1,,,
وقش,وقش,27-و.xlsx,1,,,
وقص,وقص,27-و.xlsx,1,1,1,
وقط,وقط,27-و.xlsx,1,1,1,
وقظ,وقظ,27-و.xlsx,1,,,
وقع,وقع,27-و.xlsx,1,1,1,1
وقف,وقف,27-و.xlsx,1,1,1,1
وقق,وقق,27-و.xlsx,1,,,
وقل,وقل,27-و.xlsx,1,1,1,1
وقم,وقم,27-و.xlsx,1,1,1,
وقي,وقي,27-و.xlsx,1,1,1,1
وكأ,وكء,27-و.xlsx,1,,,1
وكب,وكب,27-و.xlsx,1,1,1,
وكت,وكت,27-و.xlsx,1,,1,1
وكث,وكث,27-و.xlsx,1,,,
وكح,وكح,27-و.xlsx,1,1,1,
وكد,وكد,27-و.xlsx,1,1,1,
وكر,وكر,27-و.xlsx,1,,1,1
وكز,وكز,27-و.xlsx,1,,1,
وكس,وكس,27-و.xlsx,1,1,1,
وكظ,وكظ,27-و.xlsx,1,,,
وكع,وكع,27-و.xlsx,1,,1,
وكف,وكف,27-و.xlsx,1,1,1,1
وكك,وكك,27-و.xlsx,,,,
وكل,وكل,27-و.xlsx,1,1,1,1
وكم,وكم,27-و.xlsx,1,,1,
وكن,وكن,27-و.xlsx,1,,1,
وكي,وكي,27-و.xlsx,1,,,1
ولب,ولب,27-و.xlsx,1,1,1,
ولت,ولت,27-و.xlsx,1,,,
ولث,ولث,27-و.xlsx,1,,1,
ولج,ولج,27-و.xlsx,1,1,1,
ولح,ولح,27-و.xlsx,1,,1,
ولخ,ولخ,27-و.xlsx,1,1,1,
ولد,ولد,27-و.xlsx,1,1,1,1
ولذ,ولذ,27-و.xlsx,1,,1,
ولس,ولس,27-و.xlsx,1,1,1,
ولع,ولع,27-و.xlsx,1,1,1,
ولغ,ولغ,27-و.xlsx,1,,1,1
ولف,ولف,27-و.xlsx,1,,,
ولق,ولق,27-و.xlsx,1,1,1,
ولم,ولم,27-و.xlsx,1,,1,
وله,وله,27-و.xlsx,1,1,1,
ولول,ولول,27-و.xlsx,1,,,1
ولي,ولي,27-و.xlsx,1,1,1,1
ومء,ومء,27-و.xlsx,1,,1,
ومت,ومت,27-و.xlsx,1,,,
ومح,ومح,27-و.xlsx,,,,
ومخ,ومخ,27-و.xlsx,,,,
ومد,ومد,27-و.xlsx,1,,1,1
ومس,ومس,27-و.xlsx,1,,,
ومض,ومض,27-و.xlsx,1,1,1,1
ومق,ومق,27-و.xlsx,1,,1,
ومن,ومن,27-و.xlsx,,,,
ومه,ومه,27-و.xlsx,1,,,
ومي,ومي,27-و.xlsx,1,,,
ونب,ونب,27-و.xlsx,1,,,
ونج,ونج,27-و.xlsx,1,,,
ونح,ونح,27-و.xlsx,1,,,
ونع,ونع,27-و.xlsx,1,,,
ونم,ونم,27-و.xlsx,1,,1,
ونن,ونن,27-و.xlsx,1,,,
وني,وني,27-و.xlsx,1,1,1,1
وهب,وهب,27-و.xlsx,1,,1,1
وهت,وهت,27-و.xlsx,1,,1,
وهث,وهث,27-و.xlsx,1,,1,
وهج,وهج,27-و.xlsx,1,,1,1
وهد,وهد,27-و.xlsx,1,,1,
وهر,وهر,27-و.xlsx,1,,,
وهز,وهز,27-و.xlsx,1,,1,
وهس,وهس,27-و.xlsx,1,1,1,
وهش,وهش,27-و.xlsx,1,,,
وهص,وهص,27-و.xlsx,1,,1,
وهط,وهط,27-و.xlsx,1,,1,
وهف,وهف,27-و.xlsx,1,,1,
وهق,وهق,27-و.xlsx,1,,1,1
وهل,وهل,27-و.xlsx,1,,1,
وهم,وهم,27-و.xlsx,1,,1,
وهن,وهن,27-و.xlsx,1,1,1,
وهي,وهي,27-و.xlsx,1,1,1,1
ويب,ويب,27-و.xlsx,1,,,
ويج,ويج,27-و.xlsx,1,,,
ويح,ويح,27-و.xlsx,1,,1,
ويخ,ويخ,27-و.xlsx,,,,
ويس,ويس,27-و.xlsx,1,,,
ويل,ويل,27-و.xlsx,,,,1
وين,وين,27-و.xlsx,1,,,
ويه,ويه,27-و.xlsx,1,,,
يءس,يءس,28-ي.xlsx,1,1,1,1
يأيأ,يءيء,28-ي.xlsx,1,,,
يبب,يبب,28-ي.xlsx,,,1,
يبد,يبد,28-ي.xlsx,1,,,
يبر,يبر,28-ي.xlsx,1,,,
يبس,يبس,28-ي.xlsx,1,1,1,1
يتم,يتم,28-ي.xlsx,1,,1,1
يتن,يتن,28-ي.xlsx,1,,1,
يجر,يجر,28-ي.xlsx,1,,,
يدع,يدع,28-ي.xlsx,1,1,1,
يدي,يدي,28-ي.xlsx,1,,,1
يرج,يرج,28-ي.xlsx,1,,,
يرد,يرد,28-ي.xlsx,,,,
يرر,يرر,28-ي.xlsx,1,,1,
يرع,يرع,28-ي.xlsx,1,,,1
يرق,يرق,28-ي.xlsx,1,,,
يرن,يرن,28-ي.xlsx,1,,,
يرنأ,يرنء,28-ي.xlsx,,,,
يزر,يزر,28-ي.xlsx,,,,
يزن,يزن,28-ي.xlsx,1,,1,
يسر,يسر,28-ي.xlsx,1,1,1,1
يسع,يسع,28-ي.xlsx,1,,,
يسم,يسم,28-ي.xlsx,1,,,
يشب,يشب,28-ي.xlsx,,,,
يصص,يصص,28-ي.xlsx,,,,
يطب,يطب,28-ي.xlsx,1,,,
يعر,يعر,28-ي.xlsx,1,,1,
يعط,يعط,28-ي.xlsx,1,,1,
يفث,يفث,28-ي.xlsx,1,,,
يفخ,يفخ,28-ي.xlsx,1,,,
يفع,يفع,28-ي.xlsx,1,1,1,1
يفن,يفن,28-ي.xlsx,1,,1,
يقت,يقت,28-ي.xlsx,,,,
يقظ,يقظ,28-ي.xlsx,1,,,1
يقق,يقق,28-ي.xlsx,1,,,
يقن,يقن,28-ي.xlsx,1,,1,
يقه,يقه,28-ي.xlsx,1,,1,
يلب,يلب,28-ي.xlsx,1,,1,
يلق,يلق,28-ي.xlsx,,,1,
يلل,يلل,28-ي.xlsx,1,,1,
يلم,يلم,28-ي.xlsx,1,,,
يلمق,يلمق,28-ي.xlsx,,,,
يمر,يمر,28-ي.xlsx,1,,,
يمم,يمم,28-ي.xlsx,1,1,1,
يمن,يمن,28-ي.xlsx,1,,1,1
ينخ,ينخ,28-ي.xlsx,1,,,
ينع,ينع,28-ي.xlsx,1,,,1
ينم,ينم,28-ي.xlsx,1,,1,
يهت,يهت,28-ي.xlsx,1,,,
يهر,يهر,28-ي.xlsx,1,,1,
يهم,يهم,28-ي.xlsx,1,,1,1
يوح,يوح,28-ي.xlsx,1,,1,1
يوم,يوم,28-ي.xlsx,1,,,
يون,يون,28-ي.xlsx,1,,,
